source,url,composer,title,catalogue,instrument,formats,licence
Mutopia,https://www.mutopiaproject.org/cgibin/piece-info.cgi?id=4,J. S. Bach (1685–1750),"Das Wohltemperierte Clavier I, Fuga I",BWV 846,"Harpsichord, Piano",ly;mid;pdf;ps,Public Domain
Mutopia,https://www.mutopiaproject.org/cgibin/piece-info.cgi?id=5,J. S. Bach (1685–1750),"Das Wohltemperierte Clavier I, Praeludium I",BWV 846,"Harpsichord, Piano",ly;mid;pdf;ps,Public Domain
Mutopia,https://www.mutopiaproject.org/cgibin/piece-info.cgi?id=9,J. S. Bach (1685–1750),"Das Wohltemperierte Clavier II, Fuga II",BWV 871,"Harpsichord, Piano",ly;mid;pdf;ps,Public Domain
Mutopia,https://www.mutopiaproject.org/cgibin/piece-info.cgi?id=23,S. Joplin (1868–1917),Maple Leaf Rag,,Piano,ly;mid;pdf;ps,Public Domain
Mutopia,https://www.mutopiaproject.org/cgibin/piece-info.cgi?id=37,E. Satie (1866–1925),Gymnopédie No. 1,,Piano,ly;mid;pdf;ps,Public Domain
Mutopia,https://www.mutopiaproject.org/cgibin/piece-info.cgi?id=38,E. Satie (1866–1925),Gymnopédie No. 2,,Piano,ly;mid;pdf;ps,Public Domain
Mutopia,https://www.mutopiaproject.org/cgibin/piece-info.cgi?id=39,E. Satie (1866–1925),Gymnopédie No. 3,,Piano,ly;mid;pdf;ps,Public Domain
Mutopia,https://www.mutopiaproject.org/cgibin/piece-info.cgi?id=40,J. S. Bach (1685–1750),Invention 1,BWV 772,"Harpsichord, Piano",ly;mid;pdf;ps,Creative Commons Attribution-ShareAlike 3.0
Mutopia,https://www.mutopiaproject.org/cgibin/piece-info.cgi?id=45,J. A. Benda (1722–1795),3. Satz aus der Sonate in G-Dur,,Piano,ly;mid;pdf;ps,Public Domain
Mutopia,https://www.mutopiaproject.org/cgibin/piece-info.cgi?id=55,J. S. Bach (1685–1750),Invention 5,BWV 776,"Harpsichord, Piano",ly;mid;pdf;ps,Public Domain
Mutopia,https://www.mutopiaproject.org/cgibin/piece-info.cgi?id=58,J. S. Bach (1685–1750),Invention 2,BWV 773,"Harpsichord, Piano",ly;mid;pdf;ps,Public Domain
Mutopia,https://www.mutopiaproject.org/cgibin/piece-info.cgi?id=59,J. S. Bach (1685–1750),Invention 13,BWV 784,"Harpsichord, Piano",ly;mid;pdf;ps,Public Domain
Mutopia,https://www.mutopiaproject.org/cgibin/piece-info.cgi?id=61,J. S. Bach (1685–1750),Invention 8,BWV 779,"Harpsichord, Piano",ly;mid;pdf;ps,Public Domain
Mutopia,https://www.mutopiaproject.org/cgibin/piece-info.cgi?id=62,J. S. Bach (1685–1750),Invention 10,BWV 781,"Harpsichord, Piano",ly;mid;pdf;ps,Public Domain
Mutopia,https://www.mutopiaproject.org/cgibin/piece-info.cgi?id=63,J. S. Bach (1685–1750),Praeludium 10,BWV 928,"Harpsichord, Piano, Clavichord",ly;mid;pdf;ps,Public Domain
Mutopia,https://www.mutopiaproject.org/cgibin/piece-info.cgi?id=66,J. S. Bach (1685–1750),Applicatio,BWV 994,"Harpsichord, Piano, Clavichord",ly;mid;pdf;ps,Public Domain
Mutopia,https://www.mutopiaproject.org/cgibin/piece-info.cgi?id=67,J. S. Bach (1685–1750),Invention 4,BWV 775,"Harpsichord, Piano",ly;mid;pdf;ps,Public Domain
Mutopia,https://www.mutopiaproject.org/cgibin/piece-info.cgi?id=68,J. S. Bach (1685–1750),Invention 15,BWV 786,"Harpsichord, Piano",ly;mid;pdf;ps,Public Domain
Mutopia,https://www.mutopiaproject.org/cgibin/piece-info.cgi?id=69,J. S. Bach (1685–1750),Praeludium 2,BWV 926,"Harpsichord, Piano, Clavichord",ly;mid;pdf;ps,Public Domain
Mutopia,https://www.mutopiaproject.org/cgibin/piece-info.cgi?id=70,J. S. Bach (1685–1750),Invention 3,BWV 774,"Harpsichord, Piano",ly;mid;pdf;ps,Public Domain
Mutopia,https://www.mutopiaproject.org/cgibin/piece-info.cgi?id=71,J. S. Bach (1685–1750),Invention 11,BWV 782,"Harpsichord, Piano",ly;mid;pdf;ps,Public Domain
Mutopia,https://www.mutopiaproject.org/cgibin/piece-info.cgi?id=72,J. S. Bach (1685–1750),Invention 14,BWV 785,"Harpsichord, Piano",ly;mid;pdf;ps,Public Domain
Mutopia,https://www.mutopiaproject.org/cgibin/piece-info.cgi?id=73,J. S. Bach (1685–1750),Invention 7,BWV 778,"Harpsichord, Piano",ly;mid;pdf;ps,Public Domain
Mutopia,https://www.mutopiaproject.org/cgibin/piece-info.cgi?id=74,J. S. Bach (1685–1750),Menuet,BWV Anh. 113,"Harpsichord, Piano, Clavichord",ly;mid;pdf;ps,Public Domain
Mutopia,https://www.mutopiaproject.org/cgibin/piece-info.cgi?id=75,J. S. Bach (1685–1750),Menuet,BWV Anh. 114,"Harpsichord, Piano, Clavichord",ly;mid;pdf;ps,Public Domain
Mutopia,https://www.mutopiaproject.org/cgibin/piece-info.cgi?id=76,J. S. Bach (1685–1750),Menuet,BWV Anh. 115,"Harpsichord, Piano, Clavichord",ly;mid;pdf;ps,Public Domain
Mutopia,https://www.mutopiaproject.org/cgibin/piece-info.cgi?id=77,J. S. Bach (1685–1750),Menuet,BWV Anh. 116,"Harpsichord, Piano, Clavichord",ly;mid;pdf;ps,Public Domain
Mutopia,https://www.mutopiaproject.org/cgibin/piece-info.cgi?id=78,J. S. Bach (1685–1750),Aria,BWV 515,"Harpsichord, Piano, Clavichord",ly;mid;pdf;ps,Public Domain
Mutopia,https://www.mutopiaproject.org/cgibin/piece-info.cgi?id=79,J. S. Bach (1685–1750),Musette,BWV Anh. 126,"Harpsichord, Piano, Clavichord",ly;mid;pdf;ps,Public Domain
Mutopia,https://www.mutopiaproject.org/cgibin/piece-info.cgi?id=82,J. S. Bach (1685–1750),English Suite II: Bourree I,BWV 807,"Harpsichord, Piano, Clavichord",ly;mid;pdf;ps,Public Domain
Mutopia,https://www.mutopiaproject.org/cgibin/piece-info.cgi?id=83,J. S. Bach (1685–1750),English Suite II: Bourree II,BWV 807,"Harpsichord, Piano, Clavichord",ly;mid;pdf;ps,Public Domain
Mutopia,https://www.mutopiaproject.org/cgibin/piece-info.cgi?id=84,J. S. Bach (1685–1750),English Suite II: Gigue,BWV 807,"Harpsichord, Piano, Clavichord",ly;mid;pdf;ps,Public Domain
Mutopia,https://www.mutopiaproject.org/cgibin/piece-info.cgi?id=85,J. S. Bach (1685–1750),English Suite I: Bourree I,BWV 806,"Harpsichord, Piano, Clavichord",ly;mid;pdf;ps,Public Domain
Mutopia,https://www.mutopiaproject.org/cgibin/piece-info.cgi?id=86,J. S. Bach (1685–1750),English Suite I: Bourree II,BWV 806,"Harpsichord, Piano, Clavichord",ly;mid;pdf;ps,Public Domain
Mutopia,https://www.mutopiaproject.org/cgibin/piece-info.cgi?id=98,G. F. Handel (1685–1759),Sonatina in B-flat Major,HWV 585,Piano,ly;mid;pdf;ps,Public Domain
Mutopia,https://www.mutopiaproject.org/cgibin/piece-info.cgi?id=99,J. S. Bach (1685–1750),French Suite no. 5 in G major,BWV 816,"Harpsichord, Piano",zip,Public Domain
Mutopia,https://www.mutopiaproject.org/cgibin/piece-info.cgi?id=100,J. S. Bach (1685–1750),French Suite no. 3 in B minor,BWV 814,"Harpsichord, Piano",zip,Creative Commons Attribution-ShareAlike 4.0
Mutopia,https://www.mutopiaproject.org/cgibin/piece-info.cgi?id=108,W. A. Mozart (1756–1791),Sonate Opus KV 331 - Rondo Alla Turca,KV 331,Piano,mid;pdf;ps;zip,Public Domain
Mutopia,https://www.mutopiaproject.org/cgibin/piece-info.cgi?id=128,J. K. F. Fischer (1665–1746),Erato Praeludium,"Muse of poetry, erotic poetry in particular (Erato)","Harpsichord, Piano",ly;mid;pdf;ps,Public Domain
Mutopia,https://www.mutopiaproject.org/cgibin/piece-info.cgi?id=129,J. K. F. Fischer (1665–1746),Erato Allemande,"Muse of poetry, erotic poetry in particular (Erato)","Harpsichord, Piano",ly;mid;pdf;ps,Public Domain
Mutopia,https://www.mutopiaproject.org/cgibin/piece-info.cgi?id=139,D. Scarlatti (1685–1757),Sonata in C major,,"Harpsichord, Piano",ly;mid;pdf;ps,Public Domain
Mutopia,https://www.mutopiaproject.org/cgibin/piece-info.cgi?id=140,J. S. Bach (1685–1750),Sinfonia 2,BWV 788,"Harpsichord, Piano",ly;mid;pdf;ps,Public Domain
Mutopia,https://www.mutopiaproject.org/cgibin/piece-info.cgi?id=141,D. Scarlatti (1685–1757),Sonata XI from the Essercizi per Gravicembalo,K 11,"Harpsichord, Piano",ly;mid;pdf;ps,Public Domain
Mutopia,https://www.mutopiaproject.org/cgibin/piece-info.cgi?id=142,J. S. Bach (1685–1750),Sinfonia 1,BWV 787,"Harpsichord, Piano",ly;mid;pdf;ps,Public Domain
Mutopia,https://www.mutopiaproject.org/cgibin/piece-info.cgi?id=143,J. S. Bach (1685–1750),Sinfonia 3,BWV 789,"Harpsichord, Piano",ly;mid;pdf;ps,Public Domain
Mutopia,https://www.mutopiaproject.org/cgibin/piece-info.cgi?id=144,J. S. Bach (1685–1750),Sinfonia 12,BWV 798,"Harpsichord, Piano",ly;mid;pdf;ps,Public Domain
Mutopia,https://www.mutopiaproject.org/cgibin/piece-info.cgi?id=145,J. S. Bach (1685–1750),Sinfonia 15,BWV 801,"Harpsichord, Piano",ly;mid;pdf;ps,Public Domain
Mutopia,https://www.mutopiaproject.org/cgibin/piece-info.cgi?id=149,G. F. Handel (1685–1759),Ouvertüre,,"Harpsichord, Piano",ly;mid;pdf;ps,Public Domain
Mutopia,https://www.mutopiaproject.org/cgibin/piece-info.cgi?id=150,G. F. Handel (1685–1759),Entrée,,"Harpsichord, Piano",ly;mid;pdf;ps,Public Domain
Mutopia,https://www.mutopiaproject.org/cgibin/piece-info.cgi?id=151,G. F. Handel (1685–1759),Gavotte,,"Harpsichord, Piano",ly;mid;pdf;ps,Public Domain
Mutopia,https://www.mutopiaproject.org/cgibin/piece-info.cgi?id=152,G. F. Handel (1685–1759),Toccata,,"Harpsichord, Piano",ly;mid;pdf;ps,Public Domain
Mutopia,https://www.mutopiaproject.org/cgibin/piece-info.cgi?id=153,G. F. Handel (1685–1759),Fuga,,"Harpsichord, Piano",ly;mid;pdf;ps,Public Domain
Mutopia,https://www.mutopiaproject.org/cgibin/piece-info.cgi?id=154,G. F. Handel (1685–1759),Impertinence,,"Harpsichord, Piano",ly;mid;pdf;ps,Public Domain
Mutopia,https://www.mutopiaproject.org/cgibin/piece-info.cgi?id=155,G. F. Handel (1685–1759),Concerto,,"Harpsichord, Piano",ly;mid;pdf;ps,Public Domain
Mutopia,https://www.mutopiaproject.org/cgibin/piece-info.cgi?id=156,G. F. Handel (1685–1759),Preludio,,"Harpsichord, Piano",ly;mid;pdf;ps,Public Domain
Mutopia,https://www.mutopiaproject.org/cgibin/piece-info.cgi?id=157,G. F. Handel (1685–1759),Menuet I,,"Harpsichord, Piano",ly;mid;pdf;ps,Public Domain
Mutopia,https://www.mutopiaproject.org/cgibin/piece-info.cgi?id=158,G. F. Handel (1685–1759),Menuet II (Trio),,"Harpsichord, Piano",ly;mid;pdf;ps,Public Domain
Mutopia,https://www.mutopiaproject.org/cgibin/piece-info.cgi?id=159,J. S. Bach (1685–1750),Invention 6,BWV 777,"Harpsichord, Piano",ly;mid;pdf;ps,Creative Commons Attribution-ShareAlike 3.0
Mutopia,https://www.mutopiaproject.org/cgibin/piece-info.cgi?id=160,G. F. Handel (1685–1759),Allegro,,"Harpsichord, Piano",ly;mid;pdf;ps,Public Domain
Mutopia,https://www.mutopiaproject.org/cgibin/piece-info.cgi?id=161,G. F. Handel (1685–1759),Menuet,,"Harpsichord, Piano",ly;mid;pdf;ps,Public Domain
Mutopia,https://www.mutopiaproject.org/cgibin/piece-info.cgi?id=162,G. F. Handel (1685–1759),Air,,"Harpsichord, Piano",ly;mid;pdf;ps,Public Domain
Mutopia,https://www.mutopiaproject.org/cgibin/piece-info.cgi?id=163,G. F. Handel (1685–1759),Menuet I,,"Harpsichord, Piano",ly;mid;pdf;ps,Public Domain
Mutopia,https://www.mutopiaproject.org/cgibin/piece-info.cgi?id=164,G. F. Handel (1685–1759),Menuet II (Trio),,"Harpsichord, Piano",ly;mid;pdf;ps,Public Domain
Mutopia,https://www.mutopiaproject.org/cgibin/piece-info.cgi?id=165,G. F. Handel (1685–1759),Air,,"Harpsichord, Piano",ly;mid;pdf;ps,Public Domain
Mutopia,https://www.mutopiaproject.org/cgibin/piece-info.cgi?id=166,G. F. Handel (1685–1759),Allemande,,"Harpsichord, Piano",ly;mid;pdf;ps,Public Domain
Mutopia,https://www.mutopiaproject.org/cgibin/piece-info.cgi?id=167,G. F. Handel (1685–1759),Passepied (et Menuet),,"Harpsichord, Piano",ly;mid;pdf;ps,Public Domain
Mutopia,https://www.mutopiaproject.org/cgibin/piece-info.cgi?id=168,G. F. Handel (1685–1759),Menuet (Trio),,"Harpsichord, Piano",ly;mid;pdf;ps,Public Domain
Mutopia,https://www.mutopiaproject.org/cgibin/piece-info.cgi?id=169,G. F. Handel (1685–1759),Sonatina,,"Harpsichord, Piano",ly;mid;pdf;ps,Public Domain
Mutopia,https://www.mutopiaproject.org/cgibin/piece-info.cgi?id=171,J. S. Bach (1685–1750),Invention 9,BWV 780,"Harpsichord, Piano",ly;mid;pdf;ps,Creative Commons Attribution-ShareAlike 3.0
Mutopia,https://www.mutopiaproject.org/cgibin/piece-info.cgi?id=172,J. S. Bach (1685–1750),Sinfonia 4,BWV 790,"Harpsichord, Piano",ly;mid;pdf;ps,Public Domain
Mutopia,https://www.mutopiaproject.org/cgibin/piece-info.cgi?id=173,J. S. Bach (1685–1750),Sinfonia 6,BWV 792,"Harpsichord, Piano",ly;mid;pdf;ps,Public Domain
Mutopia,https://www.mutopiaproject.org/cgibin/piece-info.cgi?id=174,J. S. Bach (1685–1750),Invention 12,BWV 783,"Harpsichord, Piano",ly;mid;pdf;ps,Creative Commons Attribution-ShareAlike 3.0
Mutopia,https://www.mutopiaproject.org/cgibin/piece-info.cgi?id=175,J. S. Bach (1685–1750),Sinfonia 7,BWV 793,"Harpsichord, Piano",ly;mid;pdf;ps,Public Domain
Mutopia,https://www.mutopiaproject.org/cgibin/piece-info.cgi?id=176,J. S. Bach (1685–1750),Sinfonia 8,BWV 794,"Harpsichord, Piano",ly;mid;pdf;ps,Public Domain
Mutopia,https://www.mutopiaproject.org/cgibin/piece-info.cgi?id=177,C. P. E. Bach (1714–1788),Rondo in E-flat Major,H.288,"Harpsichord, Piano",ly;mid;pdf;ps,Public Domain
Mutopia,https://www.mutopiaproject.org/cgibin/piece-info.cgi?id=185,F. J. Haydn (1732–1809),"Sonate I, I - Allegro con brio",Hob. XVI:27,"Harpsichord, Piano",ly;mid;pdf;ps,Public Domain
Mutopia,https://www.mutopiaproject.org/cgibin/piece-info.cgi?id=186,F. J. Haydn (1732–1809),"Sonate I, II - Menuetto",Hob. XVI:27,"Harpsichord, Piano",ly;mid;pdf;ps,Public Domain
Mutopia,https://www.mutopiaproject.org/cgibin/piece-info.cgi?id=187,F. J. Haydn (1732–1809),"Sonate I, III - Presto",Hob. XVI:27,"Harpsichord, Piano",ly;mid;pdf;ps,Public Domain
Mutopia,https://www.mutopiaproject.org/cgibin/piece-info.cgi?id=191,I. J. Pleyel (1757–1831),Rondo,,Piano,ly;mid;pdf;ps,Public Domain
Mutopia,https://www.mutopiaproject.org/cgibin/piece-info.cgi?id=192,J. Wanhal (1739–1813),Rondo,"Opus 42, No. 1",Piano,ly;mid;pdf;ps,Public Domain
Mutopia,https://www.mutopiaproject.org/cgibin/piece-info.cgi?id=199,J. S. Bach (1685–1750),Sinfonia 9,BWV 795,"Harpsichord, Piano",ly;mid;pdf;ps,Public Domain
Mutopia,https://www.mutopiaproject.org/cgibin/piece-info.cgi?id=200,J. S. Bach (1685–1750),Sinfonia 11,BWV 797,"Harpsichord, Piano",ly;mid;pdf;ps,Public Domain
Mutopia,https://www.mutopiaproject.org/cgibin/piece-info.cgi?id=202,J. F. F. Burgmüller (1806–1874),La Candeur,Opus 100.,Piano,ly;mid;pdf;ps,Public Domain
Mutopia,https://www.mutopiaproject.org/cgibin/piece-info.cgi?id=203,J. F. F. Burgmüller (1806–1874),l'Arabesque,Opus 100.,Piano,ly;mid;pdf;ps,Public Domain
Mutopia,https://www.mutopiaproject.org/cgibin/piece-info.cgi?id=204,J. S. Bach (1685–1750),Sinfonia 5,BWV 791,"Harpsichord, Piano",ly;mid;pdf;ps,Public Domain
Mutopia,https://www.mutopiaproject.org/cgibin/piece-info.cgi?id=205,J. S. Bach (1685–1750),Sinfonia 10,BWV 796,"Harpsichord, Piano",ly;mid;pdf;ps,Public Domain
Mutopia,https://www.mutopiaproject.org/cgibin/piece-info.cgi?id=206,J. S. Bach (1685–1750),Sinfonia 13,BWV 799,"Harpsichord, Piano",ly;mid;pdf;ps,Public Domain
Mutopia,https://www.mutopiaproject.org/cgibin/piece-info.cgi?id=207,J. André (1741–1799),Sonatine,Opus 34. I.,Piano,ly;mid;pdf;ps,Public Domain
Mutopia,https://www.mutopiaproject.org/cgibin/piece-info.cgi?id=208,A. E. Müller (1767–1817),Siciliano,,Piano,ly;mid;pdf;ps,Public Domain
Mutopia,https://www.mutopiaproject.org/cgibin/piece-info.cgi?id=209,J. S. Bach (1685–1750),"Das Wohltemperierte Clavier II, Fuga I",BWV 870,"Harpsichord, Piano",ly;mid;pdf;ps,Public Domain
Mutopia,https://www.mutopiaproject.org/cgibin/piece-info.cgi?id=210,F. J. Haydn (1732–1809),"Sonate II, I - Allegro moderato",Hob. XVI:28,"Harpsichord, Piano",ly;mid;pdf;ps,Public Domain
Mutopia,https://www.mutopiaproject.org/cgibin/piece-info.cgi?id=211,F. J. Haydn (1732–1809),"Sonate II, II - Menuetto",Hob. XVI:28,"Harpsichord, Piano",ly;mid;pdf;ps,Public Domain
Mutopia,https://www.mutopiaproject.org/cgibin/piece-info.cgi?id=212,F. J. Haydn (1732–1809),"Sonate II, III - Presto",Hob. XVI:28,"Harpsichord, Piano",ly;mid;pdf;ps,Public Domain
Mutopia,https://www.mutopiaproject.org/cgibin/piece-info.cgi?id=213,J. S. Bach (1685–1750),Sinfonia 14,BWV 800,"Harpsichord, Piano",ly;mid;pdf;ps,Public Domain
Mutopia,https://www.mutopiaproject.org/cgibin/piece-info.cgi?id=214,J. F. F. Burgmüller (1806–1874),Innocence,Opus 100.,Piano,ly;mid;pdf;ps,Public Domain
Mutopia,https://www.mutopiaproject.org/cgibin/piece-info.cgi?id=215,J. F. F. Burgmüller (1806–1874),Progrès,Opus 100.,Piano,ly;mid;pdf;ps,Public Domain
Mutopia,https://www.mutopiaproject.org/cgibin/piece-info.cgi?id=216,J. F. F. Burgmüller (1806–1874),Le Courant Limpide,Opus 100.,Piano,ly;mid;pdf;ps,Public Domain
Mutopia,https://www.mutopiaproject.org/cgibin/piece-info.cgi?id=217,J. F. F. Burgmüller (1806–1874),La Gracieuse,Opus 100.,Piano,ly;mid;pdf;ps,Public Domain
Mutopia,https://www.mutopiaproject.org/cgibin/piece-info.cgi?id=218,J. F. F. Burgmüller (1806–1874),La Pastorale,Opus 100.,Piano,ly;mid;pdf;ps,Public Domain
Mutopia,https://www.mutopiaproject.org/cgibin/piece-info.cgi?id=219,J. F. F. Burgmüller (1806–1874),La Petite Réunion,Opus 100.,Piano,ly;mid;pdf;ps,Public Domain
Mutopia,https://www.mutopiaproject.org/cgibin/piece-info.cgi?id=220,J. F. F. Burgmüller (1806–1874),La Chasse,Opus 100.,Piano,ly;mid;pdf;ps,Public Domain
Mutopia,https://www.mutopiaproject.org/cgibin/piece-info.cgi?id=221,J. F. F. Burgmüller (1806–1874),Tendre Fleur,Opus 100.,Piano,ly;mid;pdf;ps,Public Domain
Mutopia,https://www.mutopiaproject.org/cgibin/piece-info.cgi?id=222,J. F. F. Burgmüller (1806–1874),La Bergeronnette,Opus 100.,Piano,ly;mid;pdf;ps,Public Domain
Mutopia,https://www.mutopiaproject.org/cgibin/piece-info.cgi?id=223,J. F. F. Burgmüller (1806–1874),L'Adieu,Opus 100.,Piano,ly;mid;pdf;ps,Public Domain
Mutopia,https://www.mutopiaproject.org/cgibin/piece-info.cgi?id=224,J. F. F. Burgmüller (1806–1874),Consolation,Opus 100.,Piano,ly;mid;pdf;ps,Public Domain
Mutopia,https://www.mutopiaproject.org/cgibin/piece-info.cgi?id=225,J. F. F. Burgmüller (1806–1874),La Styrienne,Opus 100.,Piano,ly;mid;pdf;ps,Public Domain
Mutopia,https://www.mutopiaproject.org/cgibin/piece-info.cgi?id=227,J. F. F. Burgmüller (1806–1874),Ballade,Opus 100.,Piano,ly;mid;pdf;ps,Public Domain
Mutopia,https://www.mutopiaproject.org/cgibin/piece-info.cgi?id=228,J. F. F. Burgmüller (1806–1874),Douce Plainte,Opus 100.,Piano,ly;mid;pdf;ps,Public Domain
Mutopia,https://www.mutopiaproject.org/cgibin/piece-info.cgi?id=229,J. F. F. Burgmüller (1806–1874),La Babillarde,Opus 100.,Piano,ly;mid;pdf;ps,Public Domain
Mutopia,https://www.mutopiaproject.org/cgibin/piece-info.cgi?id=230,J. F. F. Burgmüller (1806–1874),Inquiétude,Opus 100.,Piano,ly;mid;pdf;ps,Public Domain
Mutopia,https://www.mutopiaproject.org/cgibin/piece-info.cgi?id=232,F. Kuhlau (1786–1832),Sonatine I - Allegro,"O 20, No. 1: 1",Piano,ly;mid;pdf;ps,Public Domain
Mutopia,https://www.mutopiaproject.org/cgibin/piece-info.cgi?id=233,F. Kuhlau (1786–1832),Sonatine I - Andante,"O 20, No. 1: 2",Piano,ly;mid;pdf;ps,Public Domain
Mutopia,https://www.mutopiaproject.org/cgibin/piece-info.cgi?id=234,F. Kuhlau (1786–1832),Sonatine I - Rondo,"O 20, No. 1: 3",Piano,ly;mid;pdf;ps,Public Domain
Mutopia,https://www.mutopiaproject.org/cgibin/piece-info.cgi?id=236,F. Liszt (1811–1886),Second Ballade,,Piano,ly;mid;pdf;ps,Public Domain
Mutopia,https://www.mutopiaproject.org/cgibin/piece-info.cgi?id=239,W. A. Mozart (1756–1791),Gigue in G Major,KV 574,Piano,ly;mid;pdf;ps,Public Domain
Mutopia,https://www.mutopiaproject.org/cgibin/piece-info.cgi?id=241,W. A. Mozart (1756–1791),Sonata in C major (fragment),K6 deest,Piano,ly;mid;pdf;ps,Public Domain
Mutopia,https://www.mutopiaproject.org/cgibin/piece-info.cgi?id=246,E. Grieg (1843–1907),Ases Tod,"O 46, No. 2",Piano,ly;mid;pdf;ps,Public Domain
Mutopia,https://www.mutopiaproject.org/cgibin/piece-info.cgi?id=254,J. S. Bach (1685–1750),Fugue in C major,BWV 952,"Harpsichord, Piano, Clavichord",ly;mid;pdf;ps,Public Domain
Mutopia,https://www.mutopiaproject.org/cgibin/piece-info.cgi?id=263,S. Joplin (1868–1917),The Entertainer,,Piano,ly;mid;pdf;ps,Public Domain
Mutopia,https://www.mutopiaproject.org/cgibin/piece-info.cgi?id=275,S. Joplin (1868–1917),Search-Light Rag,,Piano,ly;mid;pdf;ps,Public Domain
Mutopia,https://www.mutopiaproject.org/cgibin/piece-info.cgi?id=276,L. V. Beethoven (1770–1827),Sonata No. 14 “Moonlight”,"Op. 27, No. 2",Piano,pdf;ps;zip,Creative Commons Attribution-ShareAlike 2.5
Mutopia,https://www.mutopiaproject.org/cgibin/piece-info.cgi?id=288,L. V. Beethoven (1770–1827),Sonata No. 23 “Appassionata” (2nd Movement: Andante con moto),Op. 57,Piano,ly;mid;pdf;ps,Public Domain
Mutopia,https://www.mutopiaproject.org/cgibin/piece-info.cgi?id=295,L. V. Beethoven (1770–1827),Sonata No. 8 “Pathétique” (2nd Movement: Adagio cantabile),Op. 13,Piano,ly;mid;pdf;ps,Public Domain
Mutopia,https://www.mutopiaproject.org/cgibin/piece-info.cgi?id=296,L. V. Beethoven (1770–1827),Sonata No. 8 “Pathétique” (3rd Movement: Rondo),Op. 13,Piano,ly;mid;pdf;ps,Public Domain
Mutopia,https://www.mutopiaproject.org/cgibin/piece-info.cgi?id=299,L. V. Beethoven (1770–1827),"Sonata No. 8 “Pathétique” (1st Movement: Grave, Allegro molto e con brio)",Op. 13,Piano,ly;mid;pdf;ps,Public Domain
Mutopia,https://www.mutopiaproject.org/cgibin/piece-info.cgi?id=314,R. Schumann (1810–1856),Romanzen,"Op. 28, No. 2",Piano,mid;pdf;ps;zip,Public Domain
Mutopia,https://www.mutopiaproject.org/cgibin/piece-info.cgi?id=316,J. S. Bach (1685–1750),"Das Wohltemperierte Clavier II, Praeludium II",BWV 871,"Harpsichord, Piano",ly;mid;pdf;ps,Public Domain
Mutopia,https://www.mutopiaproject.org/cgibin/piece-info.cgi?id=335,S. Joplin (1868–1917),Peacherine Rag,,Piano,ly;mid;pdf;ps,Public Domain
Mutopia,https://www.mutopiaproject.org/cgibin/piece-info.cgi?id=341,P. I. Tchaikovsky (1840–1893),Doumka,Op. 59,Piano,ly;mid;pdf;ps,Public Domain
Mutopia,https://www.mutopiaproject.org/cgibin/piece-info.cgi?id=345,S. Joplin (1868–1917),Original Rags,,Piano,ly;mid;pdf;ps,Public Domain
Mutopia,https://www.mutopiaproject.org/cgibin/piece-info.cgi?id=352,S. Joplin (1868–1917),The Easy Winners,,Piano,ly;mid;pdf;ps,Public Domain
Mutopia,https://www.mutopiaproject.org/cgibin/piece-info.cgi?id=353,J. J. Froberger (1616–1667),Suite VII in E minor,,Harpsichord,ly;pdf;ps;zip,Public Domain
Mutopia,https://www.mutopiaproject.org/cgibin/piece-info.cgi?id=354,R. Schumann (1810–1856),Kinderscenen - Von fremden Ländern und Menschen,O 15 N 1,Piano,ly;mid;pdf;ps,Public Domain
Mutopia,https://www.mutopiaproject.org/cgibin/piece-info.cgi?id=355,R. Schumann (1810–1856),Kinderscenen - Curiose Geschichte,"Op. 15, No. 2",Piano,ly;mid;pdf;ps,Creative Commons Attribution 3.0
Mutopia,https://www.mutopiaproject.org/cgibin/piece-info.cgi?id=356,W. A. Mozart (1756–1791),Piano Sonata in C Minor - KV. 457 (1st Movement),KV 457,Piano,ly;mid;pdf;ps,Public Domain
Mutopia,https://www.mutopiaproject.org/cgibin/piece-info.cgi?id=357,W. A. Mozart (1756–1791),Piano Sonata in C Minor - KV. 457 (2nd Movement),KV 457,Piano,ly;mid;pdf;ps,Public Domain
Mutopia,https://www.mutopiaproject.org/cgibin/piece-info.cgi?id=358,W. A. Mozart (1756–1791),Piano Sonata in C Minor - KV. 457 (3rd Movement),KV 457,Piano,ly;mid;pdf;ps,Public Domain
Mutopia,https://www.mutopiaproject.org/cgibin/piece-info.cgi?id=365,R. Schumann (1810–1856),Kinderscenen - Hasche-Mann,"Op. 15, No. 3",Piano,ly;mid;pdf;ps,Creative Commons Attribution 3.0
Mutopia,https://www.mutopiaproject.org/cgibin/piece-info.cgi?id=366,R. Schumann (1810–1856),Kinderscenen - Bittendes Kind,"Op. 15, No. 4",Piano,ly;mid;pdf;ps,Creative Commons Attribution 3.0
Mutopia,https://www.mutopiaproject.org/cgibin/piece-info.cgi?id=369,T. Turpin (1873–1922),The St. Louis Rag,,Piano,ly;mid;pdf;ps,Public Domain
Mutopia,https://www.mutopiaproject.org/cgibin/piece-info.cgi?id=372,R. Schumann (1810–1856),Kinderscenen - Glückes genug,"Op. 15, No. 5",Piano,ly;mid;pdf;ps,Public Domain
Mutopia,https://www.mutopiaproject.org/cgibin/piece-info.cgi?id=374,R. Schumann (1810–1856),Kinderscenen - Wichtige Begebenheit,"Op. 15, No. 6",Piano,ly;mid;pdf;ps,Creative Commons Attribution 3.0
Mutopia,https://www.mutopiaproject.org/cgibin/piece-info.cgi?id=378,J. S. Bach (1685–1750),Aus meines Herzens Grunde (Chorale 1),BWV 269,"Harpsichord, Piano",ly;mid;pdf;ps,Public Domain
Mutopia,https://www.mutopiaproject.org/cgibin/piece-info.cgi?id=379,J. S. Bach (1685–1750),"Ich dank dir, lieber Herre",BWV 347,"Harpsichord, Piano",ly;mid;pdf;ps,Public Domain
Mutopia,https://www.mutopiaproject.org/cgibin/piece-info.cgi?id=407,J. P. Rameau (1683–1764),Les Sauvages,,"Harpsichord, Piano",ly;mid;pdf;ps,Public Domain
Mutopia,https://www.mutopiaproject.org/cgibin/piece-info.cgi?id=411,F. F. Chopin (1810–1849),"Prelude: Op. 28, No. 1",Op. 28,Piano,ly;mid;pdf;ps,Creative Commons Attribution-ShareAlike 4.0
Mutopia,https://www.mutopiaproject.org/cgibin/piece-info.cgi?id=414,J. P. Rameau (1683–1764),Les Tendres Plaintes,,"Harpsichord, Piano",ly;mid;pdf;ps,Public Domain
Mutopia,https://www.mutopiaproject.org/cgibin/piece-info.cgi?id=420,J. Pachelbel (1653–1706),Fugues on the Magnificat III. 7.,,Piano,ly;mid;pdf;ps,Creative Commons Attribution-ShareAlike 4.0
Mutopia,https://www.mutopiaproject.org/cgibin/piece-info.cgi?id=421,J. S. Bach (1685–1750),Six Partitas (Clavierubung part I): No. 5,BWV 829,"Harpsichord, Piano, Clavichord",zip,Public Domain
Mutopia,https://www.mutopiaproject.org/cgibin/piece-info.cgi?id=422,F. F. Chopin (1810–1849),Ballade number 4,O 52,Piano,mid;pdf;ps;zip,Public Domain
Mutopia,https://www.mutopiaproject.org/cgibin/piece-info.cgi?id=423,W. A. Mozart (1756–1791),Fugue in G Minor KV 401/375e,KV 401/375e,Piano,zip,Public Domain
Mutopia,https://www.mutopiaproject.org/cgibin/piece-info.cgi?id=424,W. A. Mozart (1756–1791),Fugue in E-flat Major KV 153/375f,KV 153/375f,Piano,ly;mid;pdf;ps,Public Domain
Mutopia,https://www.mutopiaproject.org/cgibin/piece-info.cgi?id=425,W. A. Mozart (1756–1791),Fugue in G Minor KV 154/385k,KV 154/385k,Piano,ly;mid;pdf;ps,Public Domain
Mutopia,https://www.mutopiaproject.org/cgibin/piece-info.cgi?id=441,S. Joplin (1868–1917),Magnetic Rag,,Piano,ly;mid;pdf;ps,Public Domain
Mutopia,https://www.mutopiaproject.org/cgibin/piece-info.cgi?id=443,T. Turpin (1873–1922),The Harlem Rag,,Piano,ly;mid;pdf;ps,Public Domain
Mutopia,https://www.mutopiaproject.org/cgibin/piece-info.cgi?id=445,A. Scriabin (1872–1915),Prelude,"Op. 59, No. 2",Piano,ly;mid;pdf;ps,Public Domain
Mutopia,https://www.mutopiaproject.org/cgibin/piece-info.cgi?id=446,W. A. Mozart (1756–1791),Marche funebre KV 453a,KV 453a,Piano,mid;pdf;ps;zip,Public Domain
Mutopia,https://www.mutopiaproject.org/cgibin/piece-info.cgi?id=447,W. A. Mozart (1756–1791),Fugue fragment Anh. 41 (375g),Anh. 41 (375g),Piano,mid;pdf;ps;zip,Public Domain
Mutopia,https://www.mutopiaproject.org/cgibin/piece-info.cgi?id=449,J. Ascher (1829–1869),"Alice, Where Art Thou?",,Piano,ly;mid;pdf;ps,Public Domain
Mutopia,https://www.mutopiaproject.org/cgibin/piece-info.cgi?id=463,S. Joplin (1868–1917),Bethena,,Piano,mid;pdf;ps;zip,Public Domain
Mutopia,https://www.mutopiaproject.org/cgibin/piece-info.cgi?id=465,S. Joplin (1868–1917),Sun Flower Slow Drag,,Piano,ly;mid;pdf;ps,Public Domain
Mutopia,https://www.mutopiaproject.org/cgibin/piece-info.cgi?id=467,S. Joplin (1868–1917),Sugar Cane,,Piano,ly;mid;pdf;ps,Public Domain
Mutopia,https://www.mutopiaproject.org/cgibin/piece-info.cgi?id=468,F. F. Chopin (1810–1849),"Prelude: Op. 28, No. 4 ('Suffocation')",Op. 28,Piano,ly;mid;pdf;ps,Public Domain
Mutopia,https://www.mutopiaproject.org/cgibin/piece-info.cgi?id=469,F. F. Chopin (1810–1849),"Prelude: Op. 28, No. 6",Op. 28,Piano,mid;pdf;ps;zip,Public Domain
Mutopia,https://www.mutopiaproject.org/cgibin/piece-info.cgi?id=470,F. F. Chopin (1810–1849),"Prelude: Op. 28, No. 7",Op. 28,Piano,mid;pdf;ps;zip,Public Domain
Mutopia,https://www.mutopiaproject.org/cgibin/piece-info.cgi?id=471,F. F. Chopin (1810–1849),"Prelude: Op. 28, No. 15",Op. 28,Piano,mid;pdf;ps;zip,Public Domain
Mutopia,https://www.mutopiaproject.org/cgibin/piece-info.cgi?id=472,F. F. Chopin (1810–1849),"Prelude: Op. 28, No. 20",Op. 28,Piano,ly;mid;pdf;ps,Public Domain
Mutopia,https://www.mutopiaproject.org/cgibin/piece-info.cgi?id=474,J. S. Bach (1685–1750),Six Partitas (Clavierubung part I): No. 1,BWV 825,"Harpsichord, Piano, Clavichord",zip,Public Domain
Mutopia,https://www.mutopiaproject.org/cgibin/piece-info.cgi?id=475,M. Mussorgsky (1839–1881),Pictures at an Exhibition,,Piano,zip,Creative Commons Attribution-ShareAlike 4.0
Mutopia,https://www.mutopiaproject.org/cgibin/piece-info.cgi?id=482,S. Joplin (1868–1917),Solace,,Piano,mid;pdf;ps;zip,Public Domain
Mutopia,https://www.mutopiaproject.org/cgibin/piece-info.cgi?id=483,F. F. Chopin (1810–1849),"Valse Op. 64, No. 1 ('Minute Waltz')",Op. 64,Piano,mid;pdf;ps;zip,Public Domain
Mutopia,https://www.mutopiaproject.org/cgibin/piece-info.cgi?id=484,F. F. Chopin (1810–1849),Etüde f-moll,"Op. 10, No. 9",Piano,ly;mid;pdf;ps,Public Domain
Mutopia,https://www.mutopiaproject.org/cgibin/piece-info.cgi?id=485,S. Joplin (1868–1917),A Breeze From Alabama,,Piano,ly;mid;pdf;ps,Public Domain
Mutopia,https://www.mutopiaproject.org/cgibin/piece-info.cgi?id=486,F. F. Chopin (1810–1849),Nocturne 8 in Db Major,O 27,Piano,ly;mid;pdf;ps,Creative Commons Attribution-ShareAlike 3.0
Mutopia,https://www.mutopiaproject.org/cgibin/piece-info.cgi?id=487,J. P. Rameau (1683–1764),Tambourin,,"Harpsichord, Piano",ly;mid;pdf;ps,Public Domain
Mutopia,https://www.mutopiaproject.org/cgibin/piece-info.cgi?id=489,F. F. Chopin (1810–1849),Etüde As-Dur,"Op. 25, No. 1",Piano,ly;mid;pdf;ps,Public Domain
Mutopia,https://www.mutopiaproject.org/cgibin/piece-info.cgi?id=492,J. S. Bach (1685–1750),Preludio con Fuga,BWV 895,"Harpsichord, Piano",pdf;ps;zip,Public Domain
Mutopia,https://www.mutopiaproject.org/cgibin/piece-info.cgi?id=493,J. S. Bach (1685–1750),Petite Prélude No. 9,BWV 928,"Harpsichord, Piano",ly;mid;pdf;ps,Public Domain
Mutopia,https://www.mutopiaproject.org/cgibin/piece-info.cgi?id=494,F. F. Chopin (1810–1849),"Prelude: Op. 28, No. 2",Op. 28,Piano,ly;mid;pdf;ps,Creative Commons Attribution-ShareAlike 3.0
Mutopia,https://www.mutopiaproject.org/cgibin/piece-info.cgi?id=496,S. Joplin (1868–1917),Eugenia,,Piano,ly;mid;pdf;ps,Public Domain
Mutopia,https://www.mutopiaproject.org/cgibin/piece-info.cgi?id=497,L. V. Beethoven (1770–1827),"Symphony no. 5, Piano reduction",Op. 67,Piano,mid;pdf;ps;zip,Public Domain
Mutopia,https://www.mutopiaproject.org/cgibin/piece-info.cgi?id=498,L. V. Beethoven (1770–1827),Rondo A Capriccio,Op. 129,Piano,mid;pdf;ps;zip,Public Domain
Mutopia,https://www.mutopiaproject.org/cgibin/piece-info.cgi?id=504,R. Schumann (1810–1856),Kinderscenen - Traümerei,O 15 N 7,Piano,ly;mid;pdf;ps,Public Domain
Mutopia,https://www.mutopiaproject.org/cgibin/piece-info.cgi?id=508,F. F. Chopin (1810–1849),Etüde a-moll,"Op. 10, No. 2",Piano,ly;mid;pdf;ps,Public Domain
Mutopia,https://www.mutopiaproject.org/cgibin/piece-info.cgi?id=509,F. F. Chopin (1810–1849),Nocturne No. 19 in E minor,"Op. 72, No. 1",Piano,ly;mid;pdf;ps,Creative Commons Attribution-ShareAlike 4.0
Mutopia,https://www.mutopiaproject.org/cgibin/piece-info.cgi?id=511,F. F. Chopin (1810–1849),Walzer h-moll,"Op. 69, No. 2",Piano,ly;mid;pdf;ps,Public Domain
Mutopia,https://www.mutopiaproject.org/cgibin/piece-info.cgi?id=519,J. Strauss Jr. (1825–1899),The Blue Danube Waltz (main theme),Op. 314,Piano,ly;mid;pdf;ps,Creative Commons Attribution-ShareAlike 4.0
Mutopia,https://www.mutopiaproject.org/cgibin/piece-info.cgi?id=535,J. Brahms (1833–1897),2. Intermezzo,"Op. 118, No. 2",Piano,ly;mid;pdf;ps,Public Domain
Mutopia,https://www.mutopiaproject.org/cgibin/piece-info.cgi?id=536,S. C. Doonan (1952–),Enchanted Island,,Piano,ly;mid;pdf;ps,Creative Commons Attribution-ShareAlike 2.5
Mutopia,https://www.mutopiaproject.org/cgibin/piece-info.cgi?id=538,J. S. Bach (1685–1750),"Das Wohltemperierte Clavier I, Praeludium VI",BWV 851,"Harpsichord, Piano",ly;mid;pdf;ps,Public Domain
Mutopia,https://www.mutopiaproject.org/cgibin/piece-info.cgi?id=545,J. S. Bach (1685–1750),"Das Wohltemperierte Clavier I, Praeludium X",BWV 855,"Harpsichord, Piano",ly;mid;pdf;ps,Public Domain
Mutopia,https://www.mutopiaproject.org/cgibin/piece-info.cgi?id=546,J. S. Bach (1685–1750),"Das Wohltemperierte Clavier I, Fuga X",BWV 855,"Harpsichord, Piano",ly;mid;pdf;ps,Public Domain
Mutopia,https://www.mutopiaproject.org/cgibin/piece-info.cgi?id=550,J. S. Bach (1685–1750),"Das Wohltemperierte Clavier I, Praeludium II",BWV 847,"Harpsichord, Piano",ly;mid;pdf;ps,Public Domain
Mutopia,https://www.mutopiaproject.org/cgibin/piece-info.cgi?id=561,J. S. Bach (1685–1750),"Das Wohltemperierte Clavier I, Praeludium III",BWV 848,"Harpsichord, Piano",ly;mid;pdf;ps,Public Domain
Mutopia,https://www.mutopiaproject.org/cgibin/piece-info.cgi?id=562,J. S. Bach (1685–1750),"Das Wohltemperierte Clavier I, Praeludium IV",BWV 849,"Harpsichord, Piano",ly;mid;pdf;ps,Public Domain
Mutopia,https://www.mutopiaproject.org/cgibin/piece-info.cgi?id=563,J. S. Bach (1685–1750),"Das Wohltemperierte Clavier I, Praeludium VIII",BWV 853,"Harpsichord, Piano",ly;mid;pdf;ps,Public Domain
Mutopia,https://www.mutopiaproject.org/cgibin/piece-info.cgi?id=569,J. S. Bach (1685–1750),"Das Wohltemperierte Clavier I, Fuga III",BWV 848,"Harpsichord, Piano",ly;mid;pdf;ps,Public Domain
Mutopia,https://www.mutopiaproject.org/cgibin/piece-info.cgi?id=582,F. F. Chopin (1810–1849),Nocturne No. 1 in B-flat minor,"Op. 9, No. 1",Piano,ly;mid;pdf;ps,Creative Commons Attribution-ShareAlike 2.5
Mutopia,https://www.mutopiaproject.org/cgibin/piece-info.cgi?id=589,F. Mendelssohn-Bartholdy (1809–1847),"Lied Ohne Worte - Opus 102, No. 3",Op. 102,Piano,ly;mid;pdf;ps,Public Domain
Mutopia,https://www.mutopiaproject.org/cgibin/piece-info.cgi?id=592,F. Mendelssohn-Bartholdy (1809–1847),"Lied Ohne Worte - Opus 53, No. 5 - Volkslied",Op. 53,Piano,ly;mid;pdf;ps,Public Domain
Mutopia,https://www.mutopiaproject.org/cgibin/piece-info.cgi?id=596,J. S. Bach (1685–1750),"Das Wohltemperierte Clavier I, Fuga IV",BWV 849,"Harpsichord, Piano",ly;mid;pdf;ps,Public Domain
Mutopia,https://www.mutopiaproject.org/cgibin/piece-info.cgi?id=597,J. S. Bach (1685–1750),"Das Wohltemperierte Clavier I, Fuga VIII",BWV 853,"Harpsichord, Piano",ly;mid;pdf;ps,Public Domain
Mutopia,https://www.mutopiaproject.org/cgibin/piece-info.cgi?id=600,J. P. Sousa (1854–1932),El Capitan,,Piano,ly;mid;pdf;ps,Public Domain
Mutopia,https://www.mutopiaproject.org/cgibin/piece-info.cgi?id=602,J. S. Bach (1685–1750),Six Partitas (Clavierubung part I): No. 2,BWV 826,"Harpsichord, Piano, Clavichord",zip,Public Domain
Mutopia,https://www.mutopiaproject.org/cgibin/piece-info.cgi?id=604,J. S. Bach (1685–1750),"Das Wohltemperierte Clavier I, Praeludium XV",BWV 860,"Harpsichord, Piano",ly;mid;pdf;ps,Public Domain
Mutopia,https://www.mutopiaproject.org/cgibin/piece-info.cgi?id=605,J. S. Bach (1685–1750),"Das Wohltemperierte Clavier I, Fuga XV",BWV 860,"Harpsichord, Piano",ly;mid;pdf;ps,Public Domain
Mutopia,https://www.mutopiaproject.org/cgibin/piece-info.cgi?id=606,A. H. Pease (1838–1882),Amaryllis,,Piano,ly;mid;pdf;ps,Public Domain
Mutopia,https://www.mutopiaproject.org/cgibin/piece-info.cgi?id=608,J. P. Sousa (1854–1932),Hail to the Spirit of Liberty,,Piano,ly;mid;pdf;ps,Public Domain
Mutopia,https://www.mutopiaproject.org/cgibin/piece-info.cgi?id=609,J. P. Sousa (1854–1932),Hands across the Sea,,Piano,ly;mid;pdf;ps,Public Domain
Mutopia,https://www.mutopiaproject.org/cgibin/piece-info.cgi?id=610,J. Strauss Jr. (1825–1899),Thunder and Lightning,Op. 324,Piano,ly;mid;pdf;ps,Public Domain
Mutopia,https://www.mutopiaproject.org/cgibin/piece-info.cgi?id=611,J. Blumenthal (1829–1908),Les Deux Anges,,Piano,ly;mid;pdf;ps,Public Domain
Mutopia,https://www.mutopiaproject.org/cgibin/piece-info.cgi?id=613,W. A. Mozart (1756–1791),Sonate Opus KV 331 - Menuetto,KV 331,Piano,ly;mid;pdf;ps,Public Domain
Mutopia,https://www.mutopiaproject.org/cgibin/piece-info.cgi?id=614,W. A. Mozart (1756–1791),Sonate Opus KV 331 - Tema,KV 331,Piano,ly;mid;pdf;ps,Public Domain
Mutopia,https://www.mutopiaproject.org/cgibin/piece-info.cgi?id=615,W. A. Mozart (1756–1791),Sonate Opus KV 331 - Variation 1,KV 331,Piano,ly;mid;pdf;ps,Public Domain
Mutopia,https://www.mutopiaproject.org/cgibin/piece-info.cgi?id=616,W. A. Mozart (1756–1791),Sonate Opus KV 331 - Variation 2,KV 331,Piano,ly;mid;pdf;ps,Public Domain
Mutopia,https://www.mutopiaproject.org/cgibin/piece-info.cgi?id=617,W. A. Mozart (1756–1791),Sonate Opus KV 331 - Variation 3,KV 331,Piano,ly;mid;pdf;ps,Public Domain
Mutopia,https://www.mutopiaproject.org/cgibin/piece-info.cgi?id=618,W. A. Mozart (1756–1791),Sonate Opus KV 331 - Variation 4,KV 331,Piano,ly;mid;pdf;ps,Public Domain
Mutopia,https://www.mutopiaproject.org/cgibin/piece-info.cgi?id=619,W. A. Mozart (1756–1791),Sonate Opus KV 331 - Variation 5,KV 331,Piano,ly;mid;pdf;ps,Public Domain
Mutopia,https://www.mutopiaproject.org/cgibin/piece-info.cgi?id=620,W. A. Mozart (1756–1791),Sonate Opus KV 331 - Variation 6,KV 331,Piano,ly;mid;pdf;ps,Public Domain
Mutopia,https://www.mutopiaproject.org/cgibin/piece-info.cgi?id=623,J. P. Sousa (1854–1932),The Gladiator,,Piano,ly;mid;pdf;ps,Public Domain
Mutopia,https://www.mutopiaproject.org/cgibin/piece-info.cgi?id=624,J. P. Sousa (1854–1932),The Invincible Eagle,,Piano,ly;mid;pdf;ps,Public Domain
Mutopia,https://www.mutopiaproject.org/cgibin/piece-info.cgi?id=625,J. P. Sousa (1854–1932),The Liberty Bell March,,Piano,ly;mid;pdf;ps,Public Domain
Mutopia,https://www.mutopiaproject.org/cgibin/piece-info.cgi?id=626,J. P. Sousa (1854–1932),The Stars and Stripes Forever,,Piano,ly;mid;pdf;ps,Public Domain
Mutopia,https://www.mutopiaproject.org/cgibin/piece-info.cgi?id=634,J. P. Sousa (1854–1932),King Cotton,,Piano,ly;mid;pdf;ps,Public Domain
Mutopia,https://www.mutopiaproject.org/cgibin/piece-info.cgi?id=635,G. Bizet (1838–1875),Carmen - Prelude,,Piano,ly;mid;pdf;ps,Creative Commons Attribution-ShareAlike 2.5
Mutopia,https://www.mutopiaproject.org/cgibin/piece-info.cgi?id=647,R. Schumann (1810–1856),Album pour la jeunesse - 1.Mélodie,O 68 n°1,Piano,ly;mid;pdf;ps,Creative Commons Attribution-ShareAlike 2.5
Mutopia,https://www.mutopiaproject.org/cgibin/piece-info.cgi?id=649,G. Bizet (1838–1875),Entr'acte,,Piano,ly;mid;pdf;ps,Creative Commons Attribution-ShareAlike 2.5
Mutopia,https://www.mutopiaproject.org/cgibin/piece-info.cgi?id=650,R. Schumann (1810–1856),Album pour la jeunesse - 2.Marche militaire,O 68 n°2,Piano,ly;mid;pdf;ps,Creative Commons Attribution-ShareAlike 2.5
Mutopia,https://www.mutopiaproject.org/cgibin/piece-info.cgi?id=651,R. Schumann (1810–1856),Album pour la jeunesse - 3.Chanson fredonnée,O 68 n°3,Piano,ly;mid;pdf;ps,Creative Commons Attribution-ShareAlike 3.0
Mutopia,https://www.mutopiaproject.org/cgibin/piece-info.cgi?id=653,R. Schumann (1810–1856),Album pour la jeunesse - 5.Petite pièce,O 68 n°5,Piano,ly;mid;pdf;ps,Creative Commons Attribution-ShareAlike 2.5
Mutopia,https://www.mutopiaproject.org/cgibin/piece-info.cgi?id=655,R. Schumann (1810–1856),Album pour la jeunesse - 8.Le cavalier sauvage,O 68 n°8,Piano,ly;mid;pdf;ps,Creative Commons Attribution-ShareAlike 2.5
Mutopia,https://www.mutopiaproject.org/cgibin/piece-info.cgi?id=656,R. Kumar (1988–),Lace,,Piano,ly;mid;pdf;ps,Creative Commons Attribution-ShareAlike 3.0
Mutopia,https://www.mutopiaproject.org/cgibin/piece-info.cgi?id=657,R. Kumar (1988–),Prelude,,Piano,ly;mid;pdf;ps,Creative Commons Attribution-ShareAlike 3.0
Mutopia,https://www.mutopiaproject.org/cgibin/piece-info.cgi?id=658,R. Kumar (1988–),Valse,,Piano,ly;mid;pdf;ps,Creative Commons Attribution-ShareAlike 2.5
Mutopia,https://www.mutopiaproject.org/cgibin/piece-info.cgi?id=659,R. Schumann (1810–1856),Album pour la jeunesse - 10.Le gai laboureur,O 68 n°10,Piano,ly;mid;pdf;ps,Creative Commons Attribution-ShareAlike 2.5
Mutopia,https://www.mutopiaproject.org/cgibin/piece-info.cgi?id=661,R. Kumar (1988–),Jumelle qui joue,,Piano,ly;mid;pdf;ps,Creative Commons Attribution-ShareAlike 2.5
Mutopia,https://www.mutopiaproject.org/cgibin/piece-info.cgi?id=662,R. Schumann (1810–1856),"Album pour la jeunesse - 13.Mai, cher Mai, ...",O 68 n°13,Piano,ly;mid;pdf;ps,Creative Commons Attribution-ShareAlike 2.5
Mutopia,https://www.mutopiaproject.org/cgibin/piece-info.cgi?id=663,R. Schumann (1810–1856),Album pour la jeunesse - 18.Chant des moissonneurs,O 68 n°18,Piano,ly;mid;pdf;ps,Creative Commons Attribution-ShareAlike 2.5
Mutopia,https://www.mutopiaproject.org/cgibin/piece-info.cgi?id=665,R. Schumann (1810–1856),Feuilles d'album - 16.,O 124 n°16,Piano,pdf;ps;zip,Creative Commons Attribution-ShareAlike 2.5
Mutopia,https://www.mutopiaproject.org/cgibin/piece-info.cgi?id=670,J. S. Bach (1685–1750),"Das Wohltemperierte Clavier I, Praeludium XX",BWV 865,"Harpsichord, Piano",ly;mid;pdf;ps,Public Domain
Mutopia,https://www.mutopiaproject.org/cgibin/piece-info.cgi?id=675,R. Schumann (1810–1856),Album pour la jeunesse - 9.Chanson populaire,O 68 n°9,Piano,ly;mid;pdf;ps,Creative Commons Attribution-ShareAlike 2.5
Mutopia,https://www.mutopiaproject.org/cgibin/piece-info.cgi?id=676,R. Schumann (1810–1856),Album pour la jeunesse - 16.Premier chagrin,O 68 n°16,Piano,ly;mid;pdf;ps,Creative Commons Attribution-ShareAlike 2.5
Mutopia,https://www.mutopiaproject.org/cgibin/piece-info.cgi?id=677,Spagnoletti (?–?),La Dorset,,Piano,ly;mid;pdf;ps,Public Domain
Mutopia,https://www.mutopiaproject.org/cgibin/piece-info.cgi?id=678,Kruetzer (?–?),Ladoiska,,Piano,ly;mid;pdf;ps,Public Domain
Mutopia,https://www.mutopiaproject.org/cgibin/piece-info.cgi?id=679,Anonymous,La Native,,Piano,ly;mid;pdf;ps,Public Domain
Mutopia,https://www.mutopiaproject.org/cgibin/piece-info.cgi?id=680,Anonymous,Les Graces,,Piano,ly;mid;pdf;ps,Public Domain
Mutopia,https://www.mutopiaproject.org/cgibin/piece-info.cgi?id=681,Yaniewicz (1762–1848),Les Lanciers,,Piano,ly;mid;pdf;ps,Public Domain
Mutopia,https://www.mutopiaproject.org/cgibin/piece-info.cgi?id=682,Spagnoletti (?–?),The Countess of Farnham's Waltz,,Piano,ly;mid;pdf;ps,Public Domain
Mutopia,https://www.mutopiaproject.org/cgibin/piece-info.cgi?id=687,R. Schumann (1810–1856),Album pour la jeunesse - 6.Pauvre orpheline,O 68 n°6,Piano,ly;mid;pdf;ps,Creative Commons Attribution-ShareAlike 2.5
Mutopia,https://www.mutopiaproject.org/cgibin/piece-info.cgi?id=688,R. Schumann (1810–1856),Album pour la jeunesse - 36.Chant de marins italiens,O 68 n°36,Piano,ly;mid;pdf;ps,Creative Commons Attribution-ShareAlike 2.5
Mutopia,https://www.mutopiaproject.org/cgibin/piece-info.cgi?id=690,J. S. Bach (1685–1750),"Musicalisches Opfer, Ricercare",BWV 1079,"Harpsichord, Piano",ly;mid;pdf;ps,Public Domain
Mutopia,https://www.mutopiaproject.org/cgibin/piece-info.cgi?id=691,R. Schumann (1810–1856),Album pour la jeunesse - 7.Chanson du chasseur,O 68 n°7,Piano,ly;mid;pdf;ps,Creative Commons Attribution-ShareAlike 3.0
Mutopia,https://www.mutopiaproject.org/cgibin/piece-info.cgi?id=692,R. Schumann (1810–1856),Album pour la jeunesse - 32.Sheherazade,O 68 n°32,Piano,mid;pdf;ps;zip,Creative Commons Attribution-ShareAlike 2.5
Mutopia,https://www.mutopiaproject.org/cgibin/piece-info.cgi?id=693,J. S. Bach (1685–1750),"Die Kunst der Fuge, Contrapunctus I",BWV 1080,"Harpsichord, Piano",mid;pdf;ps;zip,Public Domain
Mutopia,https://www.mutopiaproject.org/cgibin/piece-info.cgi?id=702,J. S. Bach (1685–1750),"Musikalisches Opfer, Ricercare a 6",BWV 1079,"Harpsichord, Piano",ly;mid;pdf;ps,Public Domain
Mutopia,https://www.mutopiaproject.org/cgibin/piece-info.cgi?id=727,G. K. Iliev (1977–),A Child's Wish,,Piano,ly;mid;pdf;ps,Creative Commons Attribution 3.0
Mutopia,https://www.mutopiaproject.org/cgibin/piece-info.cgi?id=743,F. F. Chopin (1810–1849),Etüde c-moll,"Opus 10, No. 12",Piano,ly;mid;pdf;ps,Public Domain
Mutopia,https://www.mutopiaproject.org/cgibin/piece-info.cgi?id=746,J. S. Bach (1685–1750),"Die Kunst der Fuge, Contrapunctus XII - Canon alla Ottava",BWV 1080,"Harpsichord, Piano",ly;mid;pdf;ps,Public Domain
Mutopia,https://www.mutopiaproject.org/cgibin/piece-info.cgi?id=748,J. S. Bach (1685–1750),"Die Kunst der Fuge, Contrapunctus XIII - Canon alla Duodecima",BWV 1080,"Harpsichord, Piano",ly;mid;pdf;ps,Public Domain
Mutopia,https://www.mutopiaproject.org/cgibin/piece-info.cgi?id=749,J. S. Bach (1685–1750),"Die Kunst der Fuge, Contrapunctus XIV - Canon alla Decima",BWV 1080,"Harpsichord, Piano",ly;mid;pdf;ps,Public Domain
Mutopia,https://www.mutopiaproject.org/cgibin/piece-info.cgi?id=750,J. S. Bach (1685–1750),"Die Kunst der Fuge, Contrapunctus XV - Canon per Augmentationem in Contrario Motu",BWV 1080,"Harpsichord, Piano",ly;mid;pdf;ps,Public Domain
Mutopia,https://www.mutopiaproject.org/cgibin/piece-info.cgi?id=752,J. S. Bach (1685–1750),"Die Kunst der Fuge, Contrapunctus XVII - Fuga a 2 Clav. (rectus, inversus)",BWV 1080,"Harpsichord, Piano",pdf;ps;zip,Public Domain
Mutopia,https://www.mutopiaproject.org/cgibin/piece-info.cgi?id=757,F. F. Chopin (1810–1849),Etüde f-moll,"Op. 25, No. 2",Piano,mid;zip,Public Domain
Mutopia,https://www.mutopiaproject.org/cgibin/piece-info.cgi?id=758,F. Schubert (1797–1828),Ungarische Melodie,D.817,Piano,ly;mid;pdf;ps,Public Domain
Mutopia,https://www.mutopiaproject.org/cgibin/piece-info.cgi?id=759,A. Scriabin (1872–1915),Préludes opus 16 - 1.,O 16 n°1,Piano,ly;mid;pdf;ps,Creative Commons Attribution-ShareAlike 2.5
Mutopia,https://www.mutopiaproject.org/cgibin/piece-info.cgi?id=760,A. Scriabin (1872–1915),Préludes opus 16 - 2.,O 16 n°2,Piano,ly;mid;pdf;ps,Creative Commons Attribution-ShareAlike 2.5
Mutopia,https://www.mutopiaproject.org/cgibin/piece-info.cgi?id=761,A. Scriabin (1872–1915),Préludes opus 16 - 3.,O 16 n°3,Piano,ly;mid;pdf;ps,Creative Commons Attribution-ShareAlike 2.5
Mutopia,https://www.mutopiaproject.org/cgibin/piece-info.cgi?id=762,A. Scriabin (1872–1915),Préludes opus 16 - 4.,O 16 n°4,Piano,mid;pdf;ps;zip,Creative Commons Attribution-ShareAlike 2.5
Mutopia,https://www.mutopiaproject.org/cgibin/piece-info.cgi?id=763,A. Scriabin (1872–1915),Préludes opus 16 - 5.,O 16 n°5,Piano,ly;mid;pdf;ps,Creative Commons Attribution-ShareAlike 2.5
Mutopia,https://www.mutopiaproject.org/cgibin/piece-info.cgi?id=767,J. S. Bach (1685–1750),Air,BWV Anh. 131,Piano,ly;mid;pdf;ps,Creative Commons Attribution-ShareAlike 2.5
Mutopia,https://www.mutopiaproject.org/cgibin/piece-info.cgi?id=776,L. V. Beethoven (1770–1827),"Sonata No. 20 (1st Movement: Allegro, ma non troppo)","Op. 49, No. 2",Piano,ly;mid;pdf;ps,Public Domain
Mutopia,https://www.mutopiaproject.org/cgibin/piece-info.cgi?id=777,L. V. Beethoven (1770–1827),Sonata No. 20 (2nd Movement: Tempo di Menuetto),"Op. 49, No. 2",Piano,ly;mid;pdf;ps,Public Domain
Mutopia,https://www.mutopiaproject.org/cgibin/piece-info.cgi?id=778,L. V. Beethoven (1770–1827),Sonata No. 5 (1st Movement: Allegro molto e con brio),"Op. 10, No. 1",Piano,ly;mid;pdf;ps,Public Domain
Mutopia,https://www.mutopiaproject.org/cgibin/piece-info.cgi?id=779,L. V. Beethoven (1770–1827),Sonata No. 5 (3rd Movement: Prestissimo),"Op. 10, No. 1",Piano,ly;mid;pdf;ps,Public Domain
Mutopia,https://www.mutopiaproject.org/cgibin/piece-info.cgi?id=781,E. Grieg (1843–1907),Wedding-day at Troldhaugen,O 65,Piano,ly;mid;pdf;ps,Public Domain
Mutopia,https://www.mutopiaproject.org/cgibin/piece-info.cgi?id=782,R. Schumann (1810–1856),Album pour la jeunesse - 4.Un choral,O 68 n°4,Piano,ly;mid;pdf;ps,Creative Commons Attribution-ShareAlike 2.5
Mutopia,https://www.mutopiaproject.org/cgibin/piece-info.cgi?id=783,R. Schumann (1810–1856),Album pour la jeunesse - 11.Sicilienne,O 68 n°11,Piano,ly;mid;pdf;ps,Creative Commons Attribution-ShareAlike 2.5
Mutopia,https://www.mutopiaproject.org/cgibin/piece-info.cgi?id=784,R. Schumann (1810–1856),Album pour la jeunesse - 12.Le Père Fouettard,O 68 n°12,Piano,ly;mid;pdf;ps,Creative Commons Attribution-ShareAlike 2.5
Mutopia,https://www.mutopiaproject.org/cgibin/piece-info.cgi?id=786,R. Schumann (1810–1856),Album pour la jeunesse - 14.Petite Etude,O 68 n°14,Piano,ly;mid;pdf;ps,Creative Commons Attribution-ShareAlike 2.5
Mutopia,https://www.mutopiaproject.org/cgibin/piece-info.cgi?id=787,R. Schumann (1810–1856),Album pour la jeunesse - 25.Echos du Théâtre,O 68 n°25,Piano,ly;mid;pdf;ps,Creative Commons Attribution-ShareAlike 2.5
Mutopia,https://www.mutopiaproject.org/cgibin/piece-info.cgi?id=788,R. Schumann (1810–1856),Album pour la jeunesse - 26. * * * * *,O 68 n°26,Piano,ly;mid;pdf;ps,Creative Commons Attribution-ShareAlike 2.5
Mutopia,https://www.mutopiaproject.org/cgibin/piece-info.cgi?id=794,J. Brahms (1833–1897),Waltz No. 15,Op. 39,Piano,ly;mid;pdf;ps,Public Domain
Mutopia,https://www.mutopiaproject.org/cgibin/piece-info.cgi?id=803,P. I. Tchaikovsky (1840–1893),The Seasons: August,"O 37,8",Piano,ly;mid;pdf;ps,Public Domain
Mutopia,https://www.mutopiaproject.org/cgibin/piece-info.cgi?id=804,M. Clementi (1752–1832),Sonatina,O 36,Piano,ly;pdf;ps;zip,Public Domain
Mutopia,https://www.mutopiaproject.org/cgibin/piece-info.cgi?id=805,J. S. Bach (1685–1750),"Das Wohltemperierte Clavier I, Fuga XVI",BWV 861,"Harpsichord, Piano",ly;mid;pdf;ps,Public Domain
Mutopia,https://www.mutopiaproject.org/cgibin/piece-info.cgi?id=806,J. S. Bach (1685–1750),"Das Wohltemperierte Clavier I, Praeludium XVI",BWV 861,"Harpsichord, Piano",ly;mid;pdf;ps,Public Domain
Mutopia,https://www.mutopiaproject.org/cgibin/piece-info.cgi?id=807,J. S. Bach (1685–1750),"Das Wohltemperierte Clavier I, Fuga XX",BWV 865,"Harpsichord, Piano",ly;mid;pdf;ps,Public Domain
Mutopia,https://www.mutopiaproject.org/cgibin/piece-info.cgi?id=815,Traditional,"Traditioner af Swenska Folk-Dansar, 1st part, nr 1",,Piano,ly;mid;pdf;ps,Creative Commons Attribution 2.5
Mutopia,https://www.mutopiaproject.org/cgibin/piece-info.cgi?id=816,Traditional,"Traditioner af Swenska Folk-Dansar, 1st part, nr 10",,Piano,ly;mid;pdf;ps,Creative Commons Attribution 2.5
Mutopia,https://www.mutopiaproject.org/cgibin/piece-info.cgi?id=817,Traditional,"Traditioner af Swenska Folk-Dansar, 1st part, nr 11",,Piano,ly;mid;pdf;ps,Creative Commons Attribution 2.5
Mutopia,https://www.mutopiaproject.org/cgibin/piece-info.cgi?id=818,Traditional,"Traditioner af Swenska Folk-Dansar, 1st part, nr 12",,Piano,ly;mid;pdf;ps,Creative Commons Attribution 2.5
Mutopia,https://www.mutopiaproject.org/cgibin/piece-info.cgi?id=819,Traditional,"Traditioner af Swenska Folk-Dansar, 1st part, nr 13",,Piano,ly;mid;pdf;ps,Creative Commons Attribution 2.5
Mutopia,https://www.mutopiaproject.org/cgibin/piece-info.cgi?id=820,Traditional,"Traditioner af Swenska Folk-Dansar, 1st part, nr 2",,Piano,ly;mid;pdf;ps,Creative Commons Attribution 2.5
Mutopia,https://www.mutopiaproject.org/cgibin/piece-info.cgi?id=821,Traditional,"Traditioner af Swenska Folk-Dansar, 1st part, nr 22",,Piano,ly;mid;pdf;ps,Creative Commons Attribution 2.5
Mutopia,https://www.mutopiaproject.org/cgibin/piece-info.cgi?id=822,Traditional,"Traditioner af Swenska Folk-Dansar, 1st part, nr 23",,Piano,ly;mid;pdf;ps,Creative Commons Attribution 2.5
Mutopia,https://www.mutopiaproject.org/cgibin/piece-info.cgi?id=823,Traditional,"Traditioner af Swenska Folk-Dansar, 1st part, nr 3",,Piano,ly;mid;pdf;ps,Creative Commons Attribution 2.5
Mutopia,https://www.mutopiaproject.org/cgibin/piece-info.cgi?id=824,Traditional,"Traditioner af Swenska Folk-Dansar, 1st part, nr 31",,Piano,ly;mid;pdf;ps,Creative Commons Attribution 2.5
Mutopia,https://www.mutopiaproject.org/cgibin/piece-info.cgi?id=825,Traditional,"Traditioner af Swenska Folk-Dansar, 1st part, nr 33",,Piano,ly;mid;pdf;ps,Creative Commons Attribution 2.5
Mutopia,https://www.mutopiaproject.org/cgibin/piece-info.cgi?id=826,Traditional,"Traditioner af Swenska Folk-Dansar, 1st part, nr 4",,Piano,ly;mid;pdf;ps,Creative Commons Attribution 2.5
Mutopia,https://www.mutopiaproject.org/cgibin/piece-info.cgi?id=827,Traditional,"Traditioner af Swenska Folk-Dansar, 1st part, nr 5",,Piano,ly;mid;pdf;ps,Creative Commons Attribution 2.5
Mutopia,https://www.mutopiaproject.org/cgibin/piece-info.cgi?id=828,Traditional,"Traditioner af Swenska Folk-Dansar, 1st part, nr 6",,Piano,ly;mid;pdf;ps,Creative Commons Attribution 2.5
Mutopia,https://www.mutopiaproject.org/cgibin/piece-info.cgi?id=829,Traditional,"Traditioner af Swenska Folk-Dansar, 1st part, nr 7",,Piano,ly;mid;pdf;ps,Creative Commons Attribution 2.5
Mutopia,https://www.mutopiaproject.org/cgibin/piece-info.cgi?id=830,Traditional,"Traditioner af Swenska Folk-Dansar, 1st part, nr 8",,Piano,ly;mid;pdf;ps,Creative Commons Attribution 2.5
Mutopia,https://www.mutopiaproject.org/cgibin/piece-info.cgi?id=831,Traditional,"Traditioner af Swenska Folk-Dansar, 1st part, nr 9",,Piano,ly;mid;pdf;ps,Creative Commons Attribution 2.5
Mutopia,https://www.mutopiaproject.org/cgibin/piece-info.cgi?id=832,Traditional,"Traditioner af Swenska Folk-Dansar, 2nd part, nr 15",,Piano,ly;mid;pdf;ps,Creative Commons Attribution 2.5
Mutopia,https://www.mutopiaproject.org/cgibin/piece-info.cgi?id=834,A. Sidwell (1989–),Little Toy Lost,,Piano,ly;mid;pdf;ps,Creative Commons Attribution-ShareAlike 2.5
Mutopia,https://www.mutopiaproject.org/cgibin/piece-info.cgi?id=836,Traditional,"Traditioner af Swenska Folk-Dansar, 1st part, nr 14",,Piano,ly;mid;pdf;ps,Creative Commons Attribution 2.5
Mutopia,https://www.mutopiaproject.org/cgibin/piece-info.cgi?id=837,Traditional,"Traditioner af Swenska Folk-Dansar, 1st part, nr 15",,Piano,ly;mid;pdf;ps,Creative Commons Attribution 2.5
Mutopia,https://www.mutopiaproject.org/cgibin/piece-info.cgi?id=838,Traditional,"Traditioner af Swenska Folk-Dansar, 2nd part, nr 27",,Piano,ly;mid;pdf;ps,Creative Commons Attribution 2.5
Mutopia,https://www.mutopiaproject.org/cgibin/piece-info.cgi?id=839,Traditional,"Traditioner af Swenska Folk-Dansar, 2nd part, nr 30",,Piano,ly;mid;pdf;ps,Creative Commons Attribution 2.5
Mutopia,https://www.mutopiaproject.org/cgibin/piece-info.cgi?id=840,Traditional,"Traditioner af Swenska Folk-Dansar, 2nd part, nr 31",,Piano,ly;mid;pdf;ps,Creative Commons Attribution 2.5
Mutopia,https://www.mutopiaproject.org/cgibin/piece-info.cgi?id=841,Traditional,"Traditioner af Swenska Folk-Dansar, 3rd part, nr 14",,Piano,ly;mid;pdf;ps,Creative Commons Attribution 2.5
Mutopia,https://www.mutopiaproject.org/cgibin/piece-info.cgi?id=842,Traditional,"Traditioner af Swenska Folk-Dansar, 3rd part, nr 18",,Piano,ly;mid;pdf;ps,Creative Commons Attribution 2.5
Mutopia,https://www.mutopiaproject.org/cgibin/piece-info.cgi?id=843,Traditional,"Traditioner af Swenska Folk-Dansar, 3rd part, nr 2",,Piano,ly;mid;pdf;ps,Creative Commons Attribution 2.5
Mutopia,https://www.mutopiaproject.org/cgibin/piece-info.cgi?id=844,Traditional,"Traditioner af Swenska Folk-Dansar, 3rd part, nr 21",,Piano,ly;mid;pdf;ps,Creative Commons Attribution 2.5
Mutopia,https://www.mutopiaproject.org/cgibin/piece-info.cgi?id=845,Traditional,"Traditioner af Swenska Folk-Dansar, 3rd part, nr 22",,Piano,ly;mid;pdf;ps,Creative Commons Attribution 2.5
Mutopia,https://www.mutopiaproject.org/cgibin/piece-info.cgi?id=846,Traditional,"Traditioner af Swenska Folk-Dansar, 3rd part, nr 23",,Piano,ly;mid;pdf;ps,Creative Commons Attribution 2.5
Mutopia,https://www.mutopiaproject.org/cgibin/piece-info.cgi?id=847,Traditional,"Traditioner af Swenska Folk-Dansar, 3rd part, nr 24",,Piano,ly;mid;pdf;ps,Creative Commons Attribution 2.5
Mutopia,https://www.mutopiaproject.org/cgibin/piece-info.cgi?id=848,Traditional,"Traditioner af Swenska Folk-Dansar, 3rd part, nr 3",,Piano,ly;mid;pdf;ps,Creative Commons Attribution 2.5
Mutopia,https://www.mutopiaproject.org/cgibin/piece-info.cgi?id=853,O. Comeau (1924–1971),Ellen's Song,,Piano,ly;mid;pdf;ps,Creative Commons Attribution-ShareAlike 2.5
Mutopia,https://www.mutopiaproject.org/cgibin/piece-info.cgi?id=857,Traditional,"Traditioner af Swenska Folk-Dansar, 1st part, nr 16",,Piano,ly;mid;pdf;ps,Creative Commons Attribution 2.5
Mutopia,https://www.mutopiaproject.org/cgibin/piece-info.cgi?id=858,Traditional,"Traditioner af Swenska Folk-Dansar, 1st part, nr 17",,Piano,ly;mid;pdf;ps,Creative Commons Attribution 2.5
Mutopia,https://www.mutopiaproject.org/cgibin/piece-info.cgi?id=859,Traditional,"Traditioner af Swenska Folk-Dansar, 1st part, nr 18",,Piano,ly;mid;pdf;ps,Creative Commons Attribution 2.5
Mutopia,https://www.mutopiaproject.org/cgibin/piece-info.cgi?id=860,Traditional,"Traditioner af Swenska Folk-Dansar, 1st part, nr 19",,Piano,ly;mid;pdf;ps,Creative Commons Attribution 2.5
Mutopia,https://www.mutopiaproject.org/cgibin/piece-info.cgi?id=861,Traditional,"Traditioner af Swenska Folk-Dansar, 1st part, nr 20",,Piano,ly;mid;pdf;ps,Creative Commons Attribution 2.5
Mutopia,https://www.mutopiaproject.org/cgibin/piece-info.cgi?id=862,Traditional,"Traditioner af Swenska Folk-Dansar, 1st part, nr 26",,Piano,ly;mid;pdf;ps,Creative Commons Attribution 2.5
Mutopia,https://www.mutopiaproject.org/cgibin/piece-info.cgi?id=863,Traditional,"Traditioner af Swenska Folk-Dansar, 1st part, nr 27",,Piano,ly;mid;pdf;ps,Creative Commons Attribution 2.5
Mutopia,https://www.mutopiaproject.org/cgibin/piece-info.cgi?id=864,Traditional,"Traditioner af Swenska Folk-Dansar, 1st part, nr 29",,Piano,ly;mid;pdf;ps,Creative Commons Attribution 2.5
Mutopia,https://www.mutopiaproject.org/cgibin/piece-info.cgi?id=865,Traditional,"Traditioner af Swenska Folk-Dansar, 1st part, nr 30",,Piano,ly;mid;pdf;ps,Creative Commons Attribution 2.5
Mutopia,https://www.mutopiaproject.org/cgibin/piece-info.cgi?id=866,Traditional,"Traditioner af Swenska Folk-Dansar, 1st part, nr 34",,Piano,ly;mid;pdf;ps,Creative Commons Attribution 2.5
Mutopia,https://www.mutopiaproject.org/cgibin/piece-info.cgi?id=867,Traditional,"Traditioner af Swenska Folk-Dansar, 2nd part, nr 36",,Piano,ly;mid;pdf;ps,Creative Commons Attribution 2.5
Mutopia,https://www.mutopiaproject.org/cgibin/piece-info.cgi?id=868,Traditional,"Traditioner af Swenska Folk-Dansar, 3rd part, nr 1",,Piano,ly;mid;pdf;ps,Creative Commons Attribution 2.5
Mutopia,https://www.mutopiaproject.org/cgibin/piece-info.cgi?id=869,Traditional,"Traditioner af Swenska Folk-Dansar, 3rd part, nr 11",,Piano,ly;mid;pdf;ps,Creative Commons Attribution 2.5
Mutopia,https://www.mutopiaproject.org/cgibin/piece-info.cgi?id=870,Traditional,"Traditioner af Swenska Folk-Dansar, 3rd part, nr 12",,Piano,ly;mid;pdf;ps,Creative Commons Attribution 2.5
Mutopia,https://www.mutopiaproject.org/cgibin/piece-info.cgi?id=871,Traditional,"Traditioner af Swenska Folk-Dansar, 3rd part, nr 13",,Piano,ly;mid;pdf;ps,Creative Commons Attribution 2.5
Mutopia,https://www.mutopiaproject.org/cgibin/piece-info.cgi?id=872,Traditional,"Traditioner af Swenska Folk-Dansar, 3rd part, nr 15",,Piano,ly;mid;pdf;ps,Creative Commons Attribution 2.5
Mutopia,https://www.mutopiaproject.org/cgibin/piece-info.cgi?id=873,Traditional,"Traditioner af Swenska Folk-Dansar, 3rd part, nr 16",,Piano,ly;mid;pdf;ps,Creative Commons Attribution 2.5
Mutopia,https://www.mutopiaproject.org/cgibin/piece-info.cgi?id=874,Traditional,"Traditioner af Swenska Folk-Dansar, 3rd part, nr 17",,Piano,ly;mid;pdf;ps,Creative Commons Attribution 2.5
Mutopia,https://www.mutopiaproject.org/cgibin/piece-info.cgi?id=875,Traditional,"Traditioner af Swenska Folk-Dansar, 3rd part, nr 19",,Piano,ly;mid;pdf;ps,Creative Commons Attribution 2.5
Mutopia,https://www.mutopiaproject.org/cgibin/piece-info.cgi?id=876,Traditional,"Traditioner af Swenska Folk-Dansar, 3rd part, nr 34",,Piano,ly;mid;pdf;ps,Creative Commons Attribution 2.5
Mutopia,https://www.mutopiaproject.org/cgibin/piece-info.cgi?id=877,Traditional,"Traditioner af Swenska Folk-Dansar, 3rd part, nr 4",,Piano,ly;mid;pdf;ps,Creative Commons Attribution 2.5
Mutopia,https://www.mutopiaproject.org/cgibin/piece-info.cgi?id=878,Traditional,"Traditioner af Swenska Folk-Dansar, 3rd part, nr 5",,Piano,ly;mid;pdf;ps,Creative Commons Attribution 2.5
Mutopia,https://www.mutopiaproject.org/cgibin/piece-info.cgi?id=879,Traditional,"Traditioner af Swenska Folk-Dansar, 3rd part, nr 6",,Piano,ly;mid;pdf;ps,Creative Commons Attribution 2.5
Mutopia,https://www.mutopiaproject.org/cgibin/piece-info.cgi?id=880,Traditional,"Traditioner af Swenska Folk-Dansar, 3rd part, nr 7",,Piano,ly;mid;pdf;ps,Creative Commons Attribution 2.5
Mutopia,https://www.mutopiaproject.org/cgibin/piece-info.cgi?id=881,Traditional,"Traditioner af Swenska Folk-Dansar, 3rd part, nr 8",,Piano,ly;mid;pdf;ps,Creative Commons Attribution 2.5
Mutopia,https://www.mutopiaproject.org/cgibin/piece-info.cgi?id=882,Traditional,"Traditioner af Swenska Folk-Dansar, 3rd part, nr 9",,Piano,ly;mid;pdf;ps,Creative Commons Attribution 2.5
Mutopia,https://www.mutopiaproject.org/cgibin/piece-info.cgi?id=892,L. A. Minkus (1826–1917),La Bayadère - Acte II,,Piano,ly;mid;pdf;ps,Public Domain
Mutopia,https://www.mutopiaproject.org/cgibin/piece-info.cgi?id=897,A. Adam (1803–1856),Giselle - Pas de deux (1er Acte),,Piano,ly;mid;pdf;ps,Public Domain
Mutopia,https://www.mutopiaproject.org/cgibin/piece-info.cgi?id=898,I. M. F. Albéniz (1860–1909),Rumores de la Caleta,71,Piano,ly;mid;pdf;ps,Public Domain
Mutopia,https://www.mutopiaproject.org/cgibin/piece-info.cgi?id=904,L. V. Beethoven (1770–1827),Menuett Op. WoO 82,WoO 82,Piano,ly;mid;pdf;ps,Public Domain
Mutopia,https://www.mutopiaproject.org/cgibin/piece-info.cgi?id=906,L. V. Beethoven (1770–1827),Sonata No. 27 (1st Movement: Mit Lebhaftigkeit),Op. 90,Piano,ly;mid;pdf;ps,Public Domain
Mutopia,https://www.mutopiaproject.org/cgibin/piece-info.cgi?id=907,F. Couperin (1668–1733),L'Art de toucher le clavecin,,Harpsichord,pdf;ps;zip,Creative Commons Attribution 2.5
Mutopia,https://www.mutopiaproject.org/cgibin/piece-info.cgi?id=909,L. V. Beethoven (1770–1827),Sonata No. 27 (2nd Movement: Nicht zu geschwind),Op. 90,Piano,ly;mid;pdf;ps,Public Domain
Mutopia,https://www.mutopiaproject.org/cgibin/piece-info.cgi?id=910,A. Sidwell (1989–),Miniature No.2,,Piano,ly;mid;pdf;ps,Creative Commons Attribution-ShareAlike 2.5
Mutopia,https://www.mutopiaproject.org/cgibin/piece-info.cgi?id=912,L. V. Beethoven (1770–1827),Sonata No. 19 (1st Movement: Andante),"Op. 49, No. 1",Piano,ly;mid;pdf;ps,Public Domain
Mutopia,https://www.mutopiaproject.org/cgibin/piece-info.cgi?id=913,L. V. Beethoven (1770–1827),Sonata No. 19 (2nd Movement: Rondo-Allegro),"Op. 49, No. 1",Piano,ly;mid;pdf;ps,Public Domain
Mutopia,https://www.mutopiaproject.org/cgibin/piece-info.cgi?id=914,F. F. Chopin (1810–1849),Etüde C-Dur,"Opus 10, No. 1",Piano,mid;pdf;ps;zip,Public Domain
Mutopia,https://www.mutopiaproject.org/cgibin/piece-info.cgi?id=921,F. F. Chopin (1810–1849),"Prelude: Op. 28, No. 4 (from Peters source)",Op. 28,Piano,mid;pdf;ps;zip,Public Domain
Mutopia,https://www.mutopiaproject.org/cgibin/piece-info.cgi?id=926,F. F. Chopin (1810–1849),Etüde Ges-Dur,"Opus 10, No. 5",Piano,mid;pdf;ps;zip,Public Domain
Mutopia,https://www.mutopiaproject.org/cgibin/piece-info.cgi?id=931,L. V. Beethoven (1770–1827),Für Elise,WoO 59,Piano,ly;mid;pdf;ps,Public Domain
Mutopia,https://www.mutopiaproject.org/cgibin/piece-info.cgi?id=934,L. V. Beethoven (1770–1827),Six Variations,Op. 76,Piano,ly;mid;pdf;ps,Public Domain
Mutopia,https://www.mutopiaproject.org/cgibin/piece-info.cgi?id=937,L. V. Beethoven (1770–1827),"Sonata No. 23 “Appassionata” (3rd Movement: Allegro, ma non troppo - Presto)",Op. 57,Piano,mid;pdf;ps;zip,Public Domain
Mutopia,https://www.mutopiaproject.org/cgibin/piece-info.cgi?id=939,L. V. Beethoven (1770–1827),Prelude Op. WoO 55,WoO 55,Piano,ly;mid;pdf;ps,Public Domain
Mutopia,https://www.mutopiaproject.org/cgibin/piece-info.cgi?id=942,L. M. Gottschalk (1829–1869),The Dying Swan,Op. 100,Piano,ly;mid;pdf;ps,Public Domain
Mutopia,https://www.mutopiaproject.org/cgibin/piece-info.cgi?id=951,R. Kumar (1988–),Lani,,Piano,ly;mid;pdf;ps,Creative Commons Attribution-ShareAlike 3.0
Mutopia,https://www.mutopiaproject.org/cgibin/piece-info.cgi?id=952,R. Kumar (1988–),Unfixed,,Piano,ly;mid;pdf;ps,Creative Commons Attribution-ShareAlike 3.0
Mutopia,https://www.mutopiaproject.org/cgibin/piece-info.cgi?id=955,L. V. Beethoven (1770–1827),Sonata No. 25 (1st Movement: Presto alla tedesca),Op. 79,Piano,ly;mid;pdf;ps,Public Domain
Mutopia,https://www.mutopiaproject.org/cgibin/piece-info.cgi?id=956,L. V. Beethoven (1770–1827),Sonata No. 25 (2nd Movement: Andante),Op. 79,Piano,ly;mid;pdf;ps,Public Domain
Mutopia,https://www.mutopiaproject.org/cgibin/piece-info.cgi?id=957,L. V. Beethoven (1770–1827),Sonata No. 25 (3rd Movement: Vivace),Op. 79,Piano,ly;mid;pdf;ps,Public Domain
Mutopia,https://www.mutopiaproject.org/cgibin/piece-info.cgi?id=963,J. S. Bach (1685–1750),"Das Wohltemperierte Clavier I, Praeludium XI",BWV 856,"Harpsichord, Piano",ly;mid;pdf;ps,Public Domain
Mutopia,https://www.mutopiaproject.org/cgibin/piece-info.cgi?id=964,J. S. Bach (1685–1750),"Das Wohltemperierte Clavier I, Fuga XI",BWV 856,"Harpsichord, Piano",ly;mid;pdf;ps,Public Domain
Mutopia,https://www.mutopiaproject.org/cgibin/piece-info.cgi?id=972,J. F. F. Burgmüller (1806–1874),EL PERDÓN DE PLOËRMEL,,Piano,ly;mid;pdf;ps,Public Domain
Mutopia,https://www.mutopiaproject.org/cgibin/piece-info.cgi?id=973,S. Magnenat (1980–),Variations d'automne,,Piano,ly;mid;pdf;ps,Creative Commons Attribution-ShareAlike 3.0
Mutopia,https://www.mutopiaproject.org/cgibin/piece-info.cgi?id=974,J. S. Bach (1685–1750),"Das Wohltemperierte Clavier II, Praeludium VI",BWV 875,"Harpsichord, Piano",ly;mid;pdf;ps,Public Domain
Mutopia,https://www.mutopiaproject.org/cgibin/piece-info.cgi?id=978,J. S. Bach (1685–1750),9 Little Preludes - 1 - C Major,BWV 924,Clavier,ly;mid;pdf;ps,Creative Commons Attribution-ShareAlike 3.0
Mutopia,https://www.mutopiaproject.org/cgibin/piece-info.cgi?id=979,J. S. Bach (1685–1750),Goldberg Variations - Aria,BWV 988,"Harpsichord,Clavichord",ly;mid;pdf;ps,Creative Commons Attribution-ShareAlike 3.0
Mutopia,https://www.mutopiaproject.org/cgibin/piece-info.cgi?id=980,J. S. Bach (1685–1750),Goldberg Variations - 1,BWV 988,"Harpsichord,Clavichord",ly;mid;pdf;ps,Creative Commons Attribution-ShareAlike 3.0
Mutopia,https://www.mutopiaproject.org/cgibin/piece-info.cgi?id=981,J. S. Bach (1685–1750),Goldberg Variations - 2,BWV 988,Clavier,ly;mid;pdf;ps,Creative Commons Attribution-ShareAlike 3.0
Mutopia,https://www.mutopiaproject.org/cgibin/piece-info.cgi?id=983,J. S. Bach (1685–1750),9 Little Preludes - 1 - C Major (Alternate),BWV 924a,Clavier,ly;mid;pdf;ps,Creative Commons Attribution-ShareAlike 3.0
Mutopia,https://www.mutopiaproject.org/cgibin/piece-info.cgi?id=988,J. S. Bach (1685–1750),"Das Wohltemperierte Clavier I, Fuga VI",BWV 851,"Harpsichord, Piano",ly;mid;pdf;ps,Public Domain
Mutopia,https://www.mutopiaproject.org/cgibin/piece-info.cgi?id=989,F. Mendelssohn-Bartholdy (1809–1847),Inquiétude,"Op. 19, No. 5",Piano,ly;mid;pdf;ps,Public Domain
Mutopia,https://www.mutopiaproject.org/cgibin/piece-info.cgi?id=992,L. V. Beethoven (1770–1827),Sonata No. 6 (1st Movement: Allegro),"Op. 10, No. 2",Piano,ly;mid;pdf;ps,Public Domain
Mutopia,https://www.mutopiaproject.org/cgibin/piece-info.cgi?id=993,L. V. Beethoven (1770–1827),Sonata No. 6 (2nd Movement: Allegretto),"Op. 10, No. 2",Piano,ly;mid;pdf;ps,Public Domain
Mutopia,https://www.mutopiaproject.org/cgibin/piece-info.cgi?id=994,L. V. Beethoven (1770–1827),Sonata No. 6 (3rd Movement: Presto),"Op. 10, No. 2",Piano,ly;mid;pdf;ps,Public Domain
Mutopia,https://www.mutopiaproject.org/cgibin/piece-info.cgi?id=998,W. A. Mozart (1756–1791),Sonata Facile - First movement,K 545,Piano,ly;mid;pdf;ps,Creative Commons Attribution-ShareAlike 3.0
Mutopia,https://www.mutopiaproject.org/cgibin/piece-info.cgi?id=1004,R. Kumar (1988–),Flat,,Piano,ly;mid;pdf;ps,Creative Commons Attribution-ShareAlike 3.0
Mutopia,https://www.mutopiaproject.org/cgibin/piece-info.cgi?id=1006,J. S. Bach (1685–1750),"Chorale setting ""Gib dich zufrieden und sei stille"" in F major",BWV 510,Piano,ly;mid;pdf;ps,Public Domain
Mutopia,https://www.mutopiaproject.org/cgibin/piece-info.cgi?id=1007,W. A. Mozart (1756–1791),Sonata Facile - Second movement,K 545,Piano,ly;mid;pdf;ps,Creative Commons Attribution-ShareAlike 3.0
Mutopia,https://www.mutopiaproject.org/cgibin/piece-info.cgi?id=1009,J. S. Bach (1685–1750),"Chorale setting ""Gib dich zufrieden und sei stille"" in D minor",BWV 511,Piano,ly;mid;pdf;ps,Public Domain
Mutopia,https://www.mutopiaproject.org/cgibin/piece-info.cgi?id=1010,J. S. Bach (1685–1750),"Chorale setting ""Gib dich zufrieden und sei stille"" in E minor",BWV 512,Piano,ly;mid;pdf;ps,Public Domain
Mutopia,https://www.mutopiaproject.org/cgibin/piece-info.cgi?id=1013,J. S. Bach (1685–1750),Polonaise in F major,BWV Anh. 117a,Piano,ly;mid;pdf;ps,Public Domain
Mutopia,https://www.mutopiaproject.org/cgibin/piece-info.cgi?id=1014,J. S. Bach (1685–1750),Minuet in B-flat major,BWV Anh. 118,Piano,ly;mid;pdf;ps,Public Domain
Mutopia,https://www.mutopiaproject.org/cgibin/piece-info.cgi?id=1015,J. S. Bach (1685–1750),Polonaise in F major,BWV Anh. 117b,Piano,ly;mid;pdf;ps,Public Domain
Mutopia,https://www.mutopiaproject.org/cgibin/piece-info.cgi?id=1016,J. S. Bach (1685–1750),Polonaise in G minor,BWV Anh. 119,Piano,ly;mid;pdf;ps,Public Domain
Mutopia,https://www.mutopiaproject.org/cgibin/piece-info.cgi?id=1022,L. V. Beethoven (1770–1827),Sonata No. 32 (1st Movement),Op. 111,Piano,mid;pdf;ps;zip,Public Domain
Mutopia,https://www.mutopiaproject.org/cgibin/piece-info.cgi?id=1023,F. Schubert (1797–1828),Moments Musicaux No. 3 in F Minor,"D.780 (Op. 94, No. 3)",Piano,ly;mid;pdf;ps,Public Domain
Mutopia,https://www.mutopiaproject.org/cgibin/piece-info.cgi?id=1024,L. V. Beethoven (1770–1827),Seven Variations - Opus WoO 78,WoO 78,Piano,ly;mid;pdf;ps,Public Domain
Mutopia,https://www.mutopiaproject.org/cgibin/piece-info.cgi?id=1027,W. A. Mozart (1756–1791),Sonata Facile - Third movement,K 545,Piano,ly;mid;pdf;ps,Creative Commons Attribution-ShareAlike 3.0
Mutopia,https://www.mutopiaproject.org/cgibin/piece-info.cgi?id=1028,J. S. Bach (1685–1750),Prelude,BWV 924a,"Harpsichord, Piano",ly;mid;pdf;ps,Creative Commons Attribution-ShareAlike 3.0
Mutopia,https://www.mutopiaproject.org/cgibin/piece-info.cgi?id=1029,A. Scriabin (1872–1915),Etude,"Op. 2, No. 1",Piano,ly;mid;pdf;ps,Public Domain
Mutopia,https://www.mutopiaproject.org/cgibin/piece-info.cgi?id=1045,J. S. Bach (1685–1750),"Das Wohltemperierte Clavier I, Praeludium XVII",BWV 862,"Harpsichord, Piano",ly;mid;pdf;ps,Public Domain
Mutopia,https://www.mutopiaproject.org/cgibin/piece-info.cgi?id=1057,D. Pejacsevich (1885–1923),Gondellied,Op. 4,Piano,ly;mid;pdf;ps,Public Domain
Mutopia,https://www.mutopiaproject.org/cgibin/piece-info.cgi?id=1076,J. S. Bach (1685–1750),Goldberg Variations - 18,BWV 988,"Harpsichord,Clavichord",ly;mid;pdf;ps,Creative Commons Attribution-ShareAlike 3.0
Mutopia,https://www.mutopiaproject.org/cgibin/piece-info.cgi?id=1080,J. S. Bach (1685–1750),Keyboard partita in A minor,BWV 827,Piano,zip,Public Domain
Mutopia,https://www.mutopiaproject.org/cgibin/piece-info.cgi?id=1137,L. V. Beethoven (1770–1827),Sonata No. 24 (1st Movement: Adagio cantabile),Op. 78,Piano,ly;mid;pdf;ps,Public Domain
Mutopia,https://www.mutopiaproject.org/cgibin/piece-info.cgi?id=1161,L. V. Beethoven (1770–1827),Sonata No. 24 (2nd Movement: Allegro vivace),Op. 78,Piano,ly;mid;pdf;ps,Public Domain
Mutopia,https://www.mutopiaproject.org/cgibin/piece-info.cgi?id=1171,P. I. Tchaikovsky (1840–1893),The Seasons: January,"O 37,1",Piano,ly;mid;pdf;ps,Public Domain
Mutopia,https://www.mutopiaproject.org/cgibin/piece-info.cgi?id=1192,F. Schubert (1797–1828),Impromptu in c-moll,"D.899 (Op. 90, No. 1)",Piano,ly;mid;pdf;ps,Public Domain
Mutopia,https://www.mutopiaproject.org/cgibin/piece-info.cgi?id=1193,F. Schubert (1797–1828),Impromptu in Ges-dur,"D.899 (Op. 90, No. 3)",Piano,ly;mid;pdf;ps,Public Domain
Mutopia,https://www.mutopiaproject.org/cgibin/piece-info.cgi?id=1194,F. Schubert (1797–1828),Impromptu in f-moll,"D.935 (Op. 142, No. 1)",Piano,ly;mid;pdf;ps,Public Domain
Mutopia,https://www.mutopiaproject.org/cgibin/piece-info.cgi?id=1195,F. Schubert (1797–1828),Impromptu in As-dur,"D.935 (Op. 142, No. 2)",Piano,ly;mid;pdf;ps,Public Domain
Mutopia,https://www.mutopiaproject.org/cgibin/piece-info.cgi?id=1211,L. V. Beethoven (1770–1827),Sonata No. 1 (1st Movement: Allegro),"Op. 2, No. 1",Piano,ly;mid;pdf;ps,Public Domain
Mutopia,https://www.mutopiaproject.org/cgibin/piece-info.cgi?id=1213,G. Verdi (1813–1901),La Traviata - Preludio,,Piano,ly;mid;pdf;ps,Public Domain
Mutopia,https://www.mutopiaproject.org/cgibin/piece-info.cgi?id=1214,G. Verdi (1813–1901),La Traviata - N1 Introduzione,,Piano,ly;mid;pdf;ps,Public Domain
Mutopia,https://www.mutopiaproject.org/cgibin/piece-info.cgi?id=1215,G. Verdi (1813–1901),La Traviata - N2 Brindisi,,Piano,ly;mid;pdf;ps,Public Domain
Mutopia,https://www.mutopiaproject.org/cgibin/piece-info.cgi?id=1216,G. Verdi (1813–1901),La Traviata - N3 Valzer e duetto,,Piano,ly;mid;pdf;ps,Public Domain
Mutopia,https://www.mutopiaproject.org/cgibin/piece-info.cgi?id=1217,G. Verdi (1813–1901),La Traviata - N4 Streta dell'introduzione,,Piano,ly;mid;pdf;ps,Public Domain
Mutopia,https://www.mutopiaproject.org/cgibin/piece-info.cgi?id=1218,G. Verdi (1813–1901),La Traviata - N5 Scena ed aria,,Piano,ly;mid;pdf;ps,Public Domain
Mutopia,https://www.mutopiaproject.org/cgibin/piece-info.cgi?id=1267,R. Kumar (1988–),Vase,,Piano,ly;mid;pdf;ps,Creative Commons Attribution-ShareAlike 3.0
Mutopia,https://www.mutopiaproject.org/cgibin/piece-info.cgi?id=1271,N. Rimsky-Korsakov (1844–1908),Fugue sur le nom de Bach,,Piano,ly;mid;pdf;ps,Public Domain
Mutopia,https://www.mutopiaproject.org/cgibin/piece-info.cgi?id=1276,L. V. Beethoven (1770–1827),Sonata No. 1 (3rd Movement: Allegretto),"Op. 2, No. 1",Piano,ly;mid;pdf;ps,Public Domain
Mutopia,https://www.mutopiaproject.org/cgibin/piece-info.cgi?id=1277,L. V. Beethoven (1770–1827),Sonata No. 1 (4th Movement: Prestissimo),"Op. 2, No. 1",Piano,ly;mid;pdf;ps,Public Domain
Mutopia,https://www.mutopiaproject.org/cgibin/piece-info.cgi?id=1321,J. P. Sousa (1854–1932),The Washington Post,,Piano,ly;mid;pdf;ps,Creative Commons Attribution-ShareAlike 3.0
Mutopia,https://www.mutopiaproject.org/cgibin/piece-info.cgi?id=1328,J. S. Bach (1685–1750),"Das Wohltemperierte Clavier II, Fuga IX",BWV 878,"Harpsichord, Piano",ly;mid;pdf;ps,Creative Commons Attribution-ShareAlike 3.0
Mutopia,https://www.mutopiaproject.org/cgibin/piece-info.cgi?id=1375,J. S. Bach (1685–1750),"Das Wohltemperierte Clavier I, Fuga XVII",BWV 862,"Harpsichord, Piano",ly;mid;pdf;ps,Public Domain
Mutopia,https://www.mutopiaproject.org/cgibin/piece-info.cgi?id=1379,W. A. Mozart (1756–1791),Piano Sonata in C Major - KV 309 (1st Part),KV 309,Piano,ly;mid;pdf;ps,Public Domain
Mutopia,https://www.mutopiaproject.org/cgibin/piece-info.cgi?id=1382,N. Rimsky-Korsakov (1844–1908),Impromptu,"Op. 11, Nr. 1",Piano,ly;mid;pdf;ps,Creative Commons Attribution-ShareAlike 3.0
Mutopia,https://www.mutopiaproject.org/cgibin/piece-info.cgi?id=1384,J. S. Bach (1685–1750),Goldberg Variations - 3,BWV 988,"Harpsichord,Clavichord",ly;mid;pdf;ps,Creative Commons Attribution-ShareAlike 3.0
Mutopia,https://www.mutopiaproject.org/cgibin/piece-info.cgi?id=1385,J. S. Bach (1685–1750),Goldberg Variations - 6,BWV 988,"Harpsichord,Clavichord",ly;mid;pdf;ps,Creative Commons Attribution-ShareAlike 3.0
Mutopia,https://www.mutopiaproject.org/cgibin/piece-info.cgi?id=1386,J. S. Bach (1685–1750),Goldberg Variations - 9,BWV 988,"Harpsichord,Clavichord",ly;mid;pdf;ps,Creative Commons Attribution-ShareAlike 3.0
Mutopia,https://www.mutopiaproject.org/cgibin/piece-info.cgi?id=1387,J. S. Bach (1685–1750),Goldberg Variations - 10,BWV 988,"Harpsichord,Clavichord",ly;mid;pdf;ps,Creative Commons Attribution-ShareAlike 3.0
Mutopia,https://www.mutopiaproject.org/cgibin/piece-info.cgi?id=1388,J. S. Bach (1685–1750),Goldberg Variations - 12,BWV 988,"Harpsichord,Clavichord",ly;mid;pdf;ps,Creative Commons Attribution-ShareAlike 3.0
Mutopia,https://www.mutopiaproject.org/cgibin/piece-info.cgi?id=1389,J. S. Bach (1685–1750),Goldberg Variations - 15,BWV 988,"Harpsichord,Clavichord,Piano",ly;mid;pdf;ps,Creative Commons Attribution-ShareAlike 3.0
Mutopia,https://www.mutopiaproject.org/cgibin/piece-info.cgi?id=1390,J. S. Bach (1685–1750),Goldberg Variations - 27,BWV 988,"Harpsichord,Clavichord",ly;mid;pdf;ps,Creative Commons Attribution-ShareAlike 3.0
Mutopia,https://www.mutopiaproject.org/cgibin/piece-info.cgi?id=1398,P. I. Tchaikovsky (1840–1893),The Seasons: February,"O 37,2",Piano,ly;mid;pdf;ps,Public Domain
Mutopia,https://www.mutopiaproject.org/cgibin/piece-info.cgi?id=1399,G. Verdi (1813–1901),La Traviata - N6 Scena ed aria,,Piano,ly;mid;pdf;ps,Public Domain
Mutopia,https://www.mutopiaproject.org/cgibin/piece-info.cgi?id=1400,G. Verdi (1813–1901),La Traviata - N7 Scena e duetto,,Piano,ly;mid;pdf;ps,Public Domain
Mutopia,https://www.mutopiaproject.org/cgibin/piece-info.cgi?id=1401,G. Verdi (1813–1901),La Traviata - N8 Scena e duettino,,Piano,ly;mid;pdf;ps,Public Domain
Mutopia,https://www.mutopiaproject.org/cgibin/piece-info.cgi?id=1402,G. Verdi (1813–1901),La Traviata - N9 Scena ed aria,,Piano,ly;mid;pdf;ps,Public Domain
Mutopia,https://www.mutopiaproject.org/cgibin/piece-info.cgi?id=1403,J. S. Bach (1685–1750),Goldberg Variations - 21,BWV 988,"Harpsichord,Clavichord",ly;mid;pdf;ps,Creative Commons Attribution-ShareAlike 3.0
Mutopia,https://www.mutopiaproject.org/cgibin/piece-info.cgi?id=1404,J. S. Bach (1685–1750),Goldberg Variations - 24,BWV 988,"Harpsichord,Clavichord",ly;mid;pdf;ps,Creative Commons Attribution-ShareAlike 3.0
Mutopia,https://www.mutopiaproject.org/cgibin/piece-info.cgi?id=1405,J. S. Bach (1685–1750),Goldberg Variations - 4,BWV 988,"Harpsichord,Clavichord",ly;mid;pdf;ps,Creative Commons Attribution-ShareAlike 3.0
Mutopia,https://www.mutopiaproject.org/cgibin/piece-info.cgi?id=1406,J. S. Bach (1685–1750),Goldberg Variations - 5,BWV 988,"Harpsichord,Clavichord",ly;mid;pdf;ps,Creative Commons Attribution-ShareAlike 3.0
Mutopia,https://www.mutopiaproject.org/cgibin/piece-info.cgi?id=1407,J. S. Bach (1685–1750),Goldberg Variations - 7,BWV 988,"Harpsichord,Clavichord",ly;mid;pdf;ps,Creative Commons Attribution-ShareAlike 3.0
Mutopia,https://www.mutopiaproject.org/cgibin/piece-info.cgi?id=1408,J. S. Bach (1685–1750),Goldberg Variations - 8,BWV 988,"Harpsichord,Clavichord",ly;mid;pdf;ps,Creative Commons Attribution-ShareAlike 3.0
Mutopia,https://www.mutopiaproject.org/cgibin/piece-info.cgi?id=1409,J. S. Bach (1685–1750),Goldberg Variations - 11,BWV 988,"Harpsichord,Clavichord",ly;mid;pdf;ps,Creative Commons Attribution-ShareAlike 3.0
Mutopia,https://www.mutopiaproject.org/cgibin/piece-info.cgi?id=1410,J. P. Sousa (1854–1932),Transit of Venus March,,Piano,ly;mid;pdf;ps,Public Domain
Mutopia,https://www.mutopiaproject.org/cgibin/piece-info.cgi?id=1411,J. S. Bach (1685–1750),Goldberg Variations - 13,BWV 988,"Harpsichord,Clavichord",ly;mid;pdf;ps,Creative Commons Attribution-ShareAlike 3.0
Mutopia,https://www.mutopiaproject.org/cgibin/piece-info.cgi?id=1412,J. S. Bach (1685–1750),Goldberg Variations - 14,BWV 988,"Harpsichord,Clavichord",ly;mid;pdf;ps,Creative Commons Attribution-ShareAlike 3.0
Mutopia,https://www.mutopiaproject.org/cgibin/piece-info.cgi?id=1413,J. S. Bach (1685–1750),Goldberg Variations - 16,BWV 988,"Harpsichord,Clavichord",ly;mid;pdf;ps,Creative Commons Attribution-ShareAlike 3.0
Mutopia,https://www.mutopiaproject.org/cgibin/piece-info.cgi?id=1414,J. S. Bach (1685–1750),Goldberg Variations - 17,BWV 988,Clavier,ly;mid;pdf;ps,Creative Commons Attribution-ShareAlike 3.0
Mutopia,https://www.mutopiaproject.org/cgibin/piece-info.cgi?id=1415,J. S. Bach (1685–1750),Goldberg Variations - 19,BWV 988,"Harpsichord,Clavichord",ly;mid;pdf;ps,Creative Commons Attribution-ShareAlike 3.0
Mutopia,https://www.mutopiaproject.org/cgibin/piece-info.cgi?id=1416,J. S. Bach (1685–1750),Goldberg Variations - 20,BWV 988,"Harpsichord,Clavichord",ly;mid;pdf;ps,Creative Commons Attribution-ShareAlike 3.0
Mutopia,https://www.mutopiaproject.org/cgibin/piece-info.cgi?id=1417,J. S. Bach (1685–1750),Goldberg Variations - 22,BWV 988,"Harpsichord,Clavichord",ly;mid;pdf;ps,Creative Commons Attribution-ShareAlike 3.0
Mutopia,https://www.mutopiaproject.org/cgibin/piece-info.cgi?id=1418,J. S. Bach (1685–1750),Goldberg Variations - 23,BWV 988,"Harpsichord,Clavichord",ly;mid;pdf;ps,Creative Commons Attribution-ShareAlike 3.0
Mutopia,https://www.mutopiaproject.org/cgibin/piece-info.cgi?id=1419,J. S. Bach (1685–1750),Goldberg Variations - 25,BWV 988,"Harpsichord,Clavichord",ly;mid;pdf;ps,Creative Commons Attribution-ShareAlike 3.0
Mutopia,https://www.mutopiaproject.org/cgibin/piece-info.cgi?id=1420,J. S. Bach (1685–1750),Goldberg Variations - 28,BWV 988,"Harpsichord,Clavichord",ly;mid;pdf;ps,Creative Commons Attribution-ShareAlike 3.0
Mutopia,https://www.mutopiaproject.org/cgibin/piece-info.cgi?id=1421,J. S. Bach (1685–1750),Goldberg Variations - 29,BWV 988,"Harpsichord,Clavichord",ly;mid;pdf;ps,Creative Commons Attribution-ShareAlike 3.0
Mutopia,https://www.mutopiaproject.org/cgibin/piece-info.cgi?id=1422,J. S. Bach (1685–1750),Goldberg Variations - 30,BWV 988,"Harpsichord,Clavichord",ly;mid;pdf;ps,Creative Commons Attribution-ShareAlike 3.0
Mutopia,https://www.mutopiaproject.org/cgibin/piece-info.cgi?id=1425,N. Rimsky-Korsakov (1844–1908),Novellette,"Op. 11, Nr. 2",Piano,ly;mid;pdf;ps,Creative Commons Attribution-ShareAlike 3.0
Mutopia,https://www.mutopiaproject.org/cgibin/piece-info.cgi?id=1446,J. S. Bach (1685–1750),Goldberg Variations - 26,BWV 988,"Harpsichord,Clavichord",ly;mid;pdf;ps,Creative Commons Attribution-ShareAlike 3.0
Mutopia,https://www.mutopiaproject.org/cgibin/piece-info.cgi?id=1450,C. J. Brown (1947–2016),Toccatina,,Piano,ly;mid;pdf;ps,Creative Commons Attribution 3.0
Mutopia,https://www.mutopiaproject.org/cgibin/piece-info.cgi?id=1476,J. S. Bach (1685–1750),BWV 1006a - Prélude,BWV 1006a,Piano,ly;mid;pdf;ps,Creative Commons Attribution-ShareAlike 3.0
Mutopia,https://www.mutopiaproject.org/cgibin/piece-info.cgi?id=1477,J. S. Bach (1685–1750),BWV 1006a - Loure,BWV 1006a,Piano,ly;mid;pdf;ps,Creative Commons Attribution-ShareAlike 3.0
Mutopia,https://www.mutopiaproject.org/cgibin/piece-info.cgi?id=1480,J. S. Bach (1685–1750),BWV 1006a - Gavotte en Rondeau,BWV 1006a,Piano,ly;mid;pdf;ps,Creative Commons Attribution-ShareAlike 3.0
Mutopia,https://www.mutopiaproject.org/cgibin/piece-info.cgi?id=1481,J. S. Bach (1685–1750),BWV 1006a - Menuet I,BWV 1006a,Piano,ly;mid;pdf;ps,Creative Commons Attribution-ShareAlike 3.0
Mutopia,https://www.mutopiaproject.org/cgibin/piece-info.cgi?id=1482,J. S. Bach (1685–1750),BWV 1006a - Menuet II,BWV 1006a,Piano,ly;mid;pdf;ps,Creative Commons Attribution-ShareAlike 3.0
Mutopia,https://www.mutopiaproject.org/cgibin/piece-info.cgi?id=1483,J. S. Bach (1685–1750),BWV 1006a - Bourrée,BWV 1006a,Piano,ly;mid;pdf;ps,Creative Commons Attribution-ShareAlike 3.0
Mutopia,https://www.mutopiaproject.org/cgibin/piece-info.cgi?id=1484,J. S. Bach (1685–1750),BWV 1006a - Gigue,BWV 1006a,Piano,ly;mid;pdf;ps,Creative Commons Attribution-ShareAlike 3.0
Mutopia,https://www.mutopiaproject.org/cgibin/piece-info.cgi?id=1496,J. S. Bach (1685–1750),"Das Wohltemperierte Clavier I, Praeludium V",BWV 850,"Harpsichord, Piano",mid;pdf;ps;zip,Public Domain
Mutopia,https://www.mutopiaproject.org/cgibin/piece-info.cgi?id=1497,J. S. Bach (1685–1750),Keyboard partita in E minor,BWV 830,Piano,zip,Public Domain
Mutopia,https://www.mutopiaproject.org/cgibin/piece-info.cgi?id=1509,L. V. Beethoven (1770–1827),Sonata No. 17 (1st Movement: Largo - Allegro),"Op. 31, No. 2",Piano,ly;mid;pdf;ps,Public Domain
Mutopia,https://www.mutopiaproject.org/cgibin/piece-info.cgi?id=1510,L. V. Beethoven (1770–1827),Sonata No. 17 (2nd Movement: Adagio),"Op. 31, No. 2",Piano,ly;mid;pdf;ps,Public Domain
Mutopia,https://www.mutopiaproject.org/cgibin/piece-info.cgi?id=1511,G. Verdi (1813–1901),La Traviata - N10 Finale del Atto II,,Piano,ly;mid;pdf;ps,Public Domain
Mutopia,https://www.mutopiaproject.org/cgibin/piece-info.cgi?id=1512,G. Verdi (1813–1901),La Traviata - N11 Coro di zingari,,Piano,ly;mid;pdf;ps,Public Domain
Mutopia,https://www.mutopiaproject.org/cgibin/piece-info.cgi?id=1513,G. Verdi (1813–1901),La Traviata - N12 Coro di mattadori spagnuoli,,Piano,ly;mid;pdf;ps,Public Domain
Mutopia,https://www.mutopiaproject.org/cgibin/piece-info.cgi?id=1514,G. Verdi (1813–1901),La Traviata - N13 Seguito del Finale II,,Piano,ly;mid;pdf;ps,Public Domain
Mutopia,https://www.mutopiaproject.org/cgibin/piece-info.cgi?id=1515,G. Verdi (1813–1901),La Traviata - N14 Largo del Finale II,,Piano,ly;mid;pdf;ps,Public Domain
Mutopia,https://www.mutopiaproject.org/cgibin/piece-info.cgi?id=1516,G. Verdi (1813–1901),La Traviata - N15 Scena ed Aria,,Piano,ly;mid;pdf;ps,Public Domain
Mutopia,https://www.mutopiaproject.org/cgibin/piece-info.cgi?id=1517,G. Verdi (1813–1901),La Traviata - N16 Coro baccanale,,Piano,ly;mid;pdf;ps,Public Domain
Mutopia,https://www.mutopiaproject.org/cgibin/piece-info.cgi?id=1518,G. Verdi (1813–1901),La Traviata - N17 Scena e duetto,,Piano,ly;mid;pdf;ps,Public Domain
Mutopia,https://www.mutopiaproject.org/cgibin/piece-info.cgi?id=1519,G. Verdi (1813–1901),La Traviata - N18 Scena finale,,Piano,ly;mid;pdf;ps,Public Domain
Mutopia,https://www.mutopiaproject.org/cgibin/piece-info.cgi?id=1530,N. Rimsky-Korsakov (1844–1908),Scherzino,"Op. 11, Nr. 3",Piano,ly;mid;pdf;ps,Creative Commons Attribution-ShareAlike 3.0
Mutopia,https://www.mutopiaproject.org/cgibin/piece-info.cgi?id=1533,J. S. Bach (1685–1750),Praeludium C-Dur,BWV 943,Clavier,ly;mid;pdf;ps,Creative Commons Attribution-ShareAlike 3.0
Mutopia,https://www.mutopiaproject.org/cgibin/piece-info.cgi?id=1537,J. S. Bach (1685–1750),Praeludium Nr. 1,BWV 933,Clavier,ly;mid;pdf;ps,Creative Commons Attribution-ShareAlike 3.0
Mutopia,https://www.mutopiaproject.org/cgibin/piece-info.cgi?id=1540,S. Joplin (1868–1917),Elite Syncopations,,Piano,ly;mid;pdf;ps,Public Domain
Mutopia,https://www.mutopiaproject.org/cgibin/piece-info.cgi?id=1541,S. Joplin (1868–1917),Something Doing,,Piano,ly;mid;pdf;ps,Public Domain
Mutopia,https://www.mutopiaproject.org/cgibin/piece-info.cgi?id=1542,S. Joplin (1868–1917),The Strenuous Life,,Piano,ly;mid;pdf;ps,Public Domain
Mutopia,https://www.mutopiaproject.org/cgibin/piece-info.cgi?id=1543,S. Joplin (1868–1917),Wall Street Rag,,Piano,ly;mid;pdf;ps,Public Domain
Mutopia,https://www.mutopiaproject.org/cgibin/piece-info.cgi?id=1545,F. Schubert (1797–1828),Trois Marches militaires,D.733-1 (Op. 51),Piano,ly;mid;pdf;ps,Public Domain
Mutopia,https://www.mutopiaproject.org/cgibin/piece-info.cgi?id=1546,F. Schubert (1797–1828),Trois Marches militaires,D.733-2 (Op. 51),Piano,ly;mid;pdf;ps,Public Domain
Mutopia,https://www.mutopiaproject.org/cgibin/piece-info.cgi?id=1547,F. Schubert (1797–1828),Trois Marches militaires,D.733-3 (Op. 51),Piano,ly;mid;pdf;ps,Public Domain
Mutopia,https://www.mutopiaproject.org/cgibin/piece-info.cgi?id=1551,F. Schubert (1797–1828),Impromptu in Es-dur,"D.899 (Op. 90, No. 2)",Piano,ly;mid;pdf;ps,Public Domain
Mutopia,https://www.mutopiaproject.org/cgibin/piece-info.cgi?id=1552,F. Schubert (1797–1828),Impromptu in As-dur,"D.899 (Op. 90, No. 4)",Piano,ly;mid;pdf;ps,Public Domain
Mutopia,https://www.mutopiaproject.org/cgibin/piece-info.cgi?id=1563,J. S. Bach (1685–1750),"Das Wohltemperierte Clavier I, Fuga XXIV",BWV 869,"Harpsichord, Piano",mid;pdf;ps;zip,Public Domain
Mutopia,https://www.mutopiaproject.org/cgibin/piece-info.cgi?id=1572,J. S. Bach (1685–1750),Praeludium Nr. 2,BWV 934,Clavier,ly;mid;pdf;ps,Creative Commons Attribution-ShareAlike 3.0
Mutopia,https://www.mutopiaproject.org/cgibin/piece-info.cgi?id=1573,J. S. Bach (1685–1750),Praeludium Nr. 3,BWV 935,Clavier,ly;mid;pdf;ps,Creative Commons Attribution-ShareAlike 3.0
Mutopia,https://www.mutopiaproject.org/cgibin/piece-info.cgi?id=1576,J. S. Bach (1685–1750),Praeludium Nr. 4,BWV 936,Clavier,ly;mid;pdf;ps,Creative Commons Attribution-ShareAlike 3.0
Mutopia,https://www.mutopiaproject.org/cgibin/piece-info.cgi?id=1590,F. F. Chopin (1810–1849),Nocturne,"Op. 9, No. 2",Piano,ly;mid;pdf;ps,Creative Commons Attribution-ShareAlike 3.0
Mutopia,https://www.mutopiaproject.org/cgibin/piece-info.cgi?id=1591,J. S. Bach (1685–1750),Praeludium Nr. 5,BWV 937,Clavier,ly;mid;pdf;ps,Creative Commons Attribution-ShareAlike 3.0
Mutopia,https://www.mutopiaproject.org/cgibin/piece-info.cgi?id=1592,J. S. Bach (1685–1750),Praeludium Nr. 6,BWV 938,Clavier,ly;mid;pdf;ps,Creative Commons Attribution-ShareAlike 3.0
Mutopia,https://www.mutopiaproject.org/cgibin/piece-info.cgi?id=1593,J. S. Bach (1685–1750),Praeludium Nr. 1,BWV 939,Clavier,ly;mid;pdf;ps,Creative Commons Attribution-ShareAlike 3.0
Mutopia,https://www.mutopiaproject.org/cgibin/piece-info.cgi?id=1594,J. S. Bach (1685–1750),Praeludium Nr. 2,BWV 940,Clavier,ly;mid;pdf;ps,Creative Commons Attribution-ShareAlike 3.0
Mutopia,https://www.mutopiaproject.org/cgibin/piece-info.cgi?id=1595,J. S. Bach (1685–1750),Praeludium Nr. 3,BWV 941,Clavier,ly;mid;pdf;ps,Creative Commons Attribution-ShareAlike 3.0
Mutopia,https://www.mutopiaproject.org/cgibin/piece-info.cgi?id=1596,J. S. Bach (1685–1750),Duetto I,BWV802,Harpsichord,ly;mid;pdf;ps,Creative Commons Attribution-ShareAlike 3.0
Mutopia,https://www.mutopiaproject.org/cgibin/piece-info.cgi?id=1597,J. S. Bach (1685–1750),Duetto III,BWV 804,Harpsichord,ly;mid;pdf;ps,Public Domain
Mutopia,https://www.mutopiaproject.org/cgibin/piece-info.cgi?id=1598,J. S. Bach (1685–1750),Duetto IV,BWV 805,Harpsichord,ly;mid;pdf;ps,Public Domain
Mutopia,https://www.mutopiaproject.org/cgibin/piece-info.cgi?id=1599,J. S. Bach (1685–1750),Praeludium Nr. 4,BWV 942,Clavier,ly;mid;pdf;ps,Creative Commons Attribution-ShareAlike 3.0
Mutopia,https://www.mutopiaproject.org/cgibin/piece-info.cgi?id=1600,N. Rimsky-Korsakov (1844–1908),Etude,"Op. 11, Nr. 4",Piano,ly;mid;pdf;ps,Creative Commons Attribution-ShareAlike 3.0
Mutopia,https://www.mutopiaproject.org/cgibin/piece-info.cgi?id=1601,J. S. Bach (1685–1750),Fantasia BWV 944,BWV 944,Clavier,ly;mid;pdf;ps,Creative Commons Attribution-ShareAlike 3.0
Mutopia,https://www.mutopiaproject.org/cgibin/piece-info.cgi?id=1603,J. S. Bach (1685–1750),"Chromatic Fantasy and Fugue, BWV 903 (Fantasy)",BWV 903,Harpsichord,ly;mid;pdf;ps,Public Domain
Mutopia,https://www.mutopiaproject.org/cgibin/piece-info.cgi?id=1604,J. S. Bach (1685–1750),"Chromatic Fantasy and Fugue, BWV 903 (Fugue)",BWV 903,Harpsichord,ly;mid;pdf;ps,Public Domain
Mutopia,https://www.mutopiaproject.org/cgibin/piece-info.cgi?id=1605,J. L. Dussek (1760–1812),Six sonates faciles pour le Piano Forte (I),Opus 46 no. 1 (Craw 17),Piano,ly;pdf;ps;zip,Creative Commons Attribution-ShareAlike 3.0
Mutopia,https://www.mutopiaproject.org/cgibin/piece-info.cgi?id=1606,J. S. Bach (1685–1750),Fuge A-moll BWV 944,BWV 944,Clavier,ly;mid;pdf;ps,Creative Commons Attribution-ShareAlike 3.0
Mutopia,https://www.mutopiaproject.org/cgibin/piece-info.cgi?id=1607,J. L. Dussek (1760–1812),Six sonates faciles pour le Piano Forte (II),Opus 46 no. 2 (Craw 18),Piano,ly;pdf;ps;zip,Creative Commons Attribution-ShareAlike 3.0
Mutopia,https://www.mutopiaproject.org/cgibin/piece-info.cgi?id=1608,J. L. Dussek (1760–1812),Six sonates faciles pour le Piano Forte (III),Opus 46 no. 3 (Craw 19),Piano,ly;pdf;ps;zip,Creative Commons Attribution-ShareAlike 3.0
Mutopia,https://www.mutopiaproject.org/cgibin/piece-info.cgi?id=1609,J. L. Dussek (1760–1812),Six sonates faciles pour le Piano Forte (IV),Opus 46 no. 4 (Craw 20),Piano,ly;pdf;ps;zip,Creative Commons Attribution-ShareAlike 3.0
Mutopia,https://www.mutopiaproject.org/cgibin/piece-info.cgi?id=1610,J. L. Dussek (1760–1812),Six sonates faciles pour le Piano Forte (V),Opus 46 no. 5 (Craw 21),Piano,ly;pdf;ps;zip,Creative Commons Attribution-ShareAlike 3.0
Mutopia,https://www.mutopiaproject.org/cgibin/piece-info.cgi?id=1611,J. L. Dussek (1760–1812),Six sonates faciles pour le Piano Forte (VI),Opus 46 no. 6 (Craw 22),Piano,ly;pdf;ps;zip,Creative Commons Attribution-ShareAlike 3.0
Mutopia,https://www.mutopiaproject.org/cgibin/piece-info.cgi?id=1612,J. S. Bach (1685–1750),Minuet in A minor,BWV Anh. 120,Piano,ly;mid;pdf;ps,Public Domain
Mutopia,https://www.mutopiaproject.org/cgibin/piece-info.cgi?id=1613,J. S. Bach (1685–1750),Minuet in C minor,BWV Anh. 121,Piano,ly;mid;pdf;ps,Public Domain
Mutopia,https://www.mutopiaproject.org/cgibin/piece-info.cgi?id=1614,J. S. Bach (1685–1750),March in E-flat major,BWV Anh. 127,Piano,ly;mid;pdf;ps,Public Domain
Mutopia,https://www.mutopiaproject.org/cgibin/piece-info.cgi?id=1615,J. S. Bach (1685–1750),Polonaise in D minor,BWV Anh. 128,Piano,ly;mid;pdf;ps,Public Domain
Mutopia,https://www.mutopiaproject.org/cgibin/piece-info.cgi?id=1616,J. S. Bach (1685–1750),Chorale prelude “Wer nur den lieben Gott läßt walten”,BWV Anh. 691,Piano,ly;mid;pdf;ps,Public Domain
Mutopia,https://www.mutopiaproject.org/cgibin/piece-info.cgi?id=1622,J. S. Bach (1685–1750),Aria “Warum betrübst du dich”,BWV 516,Piano,ly;mid;pdf;ps,Public Domain
Mutopia,https://www.mutopiaproject.org/cgibin/piece-info.cgi?id=1627,J. S. Bach (1685–1750),Fuge Es-Dur BWV 998,BWV 998,Clavier,ly;mid;pdf;ps,Creative Commons Attribution-ShareAlike 3.0
Mutopia,https://www.mutopiaproject.org/cgibin/piece-info.cgi?id=1628,E. Grieg (1843–1907),Lualåt (The Mountaineer's Song),"Op. 73, No. 7",Piano,ly;mid;pdf;ps,Public Domain
Mutopia,https://www.mutopiaproject.org/cgibin/piece-info.cgi?id=1647,F. Liszt (1811–1886),"Consolation, S.172 No.3",S.172,Piano,ly;mid;pdf;ps,Creative Commons Attribution 3.0
Mutopia,https://www.mutopiaproject.org/cgibin/piece-info.cgi?id=1650,F. Liszt (1811–1886),"Consolation, S.172 No.4",S.172,Piano,ly;mid;pdf;ps,Creative Commons Attribution 3.0
Mutopia,https://www.mutopiaproject.org/cgibin/piece-info.cgi?id=1653,F. Mendelssohn-Bartholdy (1809–1847),Scherzo in E minor,"Op. 16, No. 2",Piano,ly;mid;pdf;ps,Public Domain
Mutopia,https://www.mutopiaproject.org/cgibin/piece-info.cgi?id=1654,F. Liszt (1811–1886),"Consolation, S.172 No.1",S.172,Piano,ly;mid;pdf;ps,Creative Commons Attribution 3.0
Mutopia,https://www.mutopiaproject.org/cgibin/piece-info.cgi?id=1679,F. Mendelssohn-Bartholdy (1809–1847),"Lieder ohne Worte: Venetianisches Gondellied, Op.19 No.6",Op.19,Piano,ly;mid;pdf;ps,Creative Commons Attribution 3.0
Mutopia,https://www.mutopiaproject.org/cgibin/piece-info.cgi?id=1682,F. F. Chopin (1810–1849),"Mazurka: Op.33, No.1","Op. 33, No. 1",Piano,ly;mid;pdf;ps,Creative Commons Attribution 3.0
Mutopia,https://www.mutopiaproject.org/cgibin/piece-info.cgi?id=1687,F. F. Chopin (1810–1849),"Mazurka: Op.6, No.1","Op. 6, No. 1",Piano,ly;mid;pdf;ps,Creative Commons Attribution 3.0
Mutopia,https://www.mutopiaproject.org/cgibin/piece-info.cgi?id=1689,F. Schubert (1797–1828),Impromptu in f-moll,"D.935 (Op. 142, No. 4)",Piano,ly;mid;pdf;ps,Public Domain
Mutopia,https://www.mutopiaproject.org/cgibin/piece-info.cgi?id=1693,F. F. Chopin (1810–1849),Fantaisie-Impromptu,Op. 66,Piano,ly;mid;pdf;ps,Public Domain
Mutopia,https://www.mutopiaproject.org/cgibin/piece-info.cgi?id=1721,F. Schubert (1797–1828),Impromptu in B-dur,"D.935 (Op. 142, No. 3)",Piano,ly;mid;pdf;ps,Public Domain
Mutopia,https://www.mutopiaproject.org/cgibin/piece-info.cgi?id=1723,J.-N.-P. Royer (1705–1755),Premier livre de pièces de clavecin,,Harpsichord,pdf;ps;zip,Creative Commons Attribution 3.0
Mutopia,https://www.mutopiaproject.org/cgibin/piece-info.cgi?id=1727,F. F. Chopin (1810–1849),Sonate 2 b-moll,Op. 35,Piano,mid;pdf;ps;zip,Public Domain
Mutopia,https://www.mutopiaproject.org/cgibin/piece-info.cgi?id=1741,F. Mendelssohn-Bartholdy (1809–1847),"Lieder ohne Worte: Venetianisches Gondellied, Op.30 No.6","Op. 30, No. 6",Piano,ly;mid;pdf;ps,Public Domain
Mutopia,https://www.mutopiaproject.org/cgibin/piece-info.cgi?id=1744,F. Mendelssohn-Bartholdy (1809–1847),"Lieder ohne Worte, Op.85 No.1","Op. 85, No. 1",Piano,ly;mid;pdf;ps,Public Domain
Mutopia,https://www.mutopiaproject.org/cgibin/piece-info.cgi?id=1776,F. F. Chopin (1810–1849),Prelude,Op. 45,Piano,ly;mid;pdf;ps,Public Domain
Mutopia,https://www.mutopiaproject.org/cgibin/piece-info.cgi?id=1777,C. Debussy (1862–1918),Première Arabesque,L66 No.1,Piano,ly;mid;pdf;ps,Public Domain
Mutopia,https://www.mutopiaproject.org/cgibin/piece-info.cgi?id=1778,C. Debussy (1862–1918),Suite Bergamasque: Clair de Lune,L75,Piano,ly;mid;pdf;ps,Public Domain
Mutopia,https://www.mutopiaproject.org/cgibin/piece-info.cgi?id=1779,A. Scriabin (1872–1915),Prelude,Op. 11,Piano,ly;mid;pdf;ps,Public Domain
Mutopia,https://www.mutopiaproject.org/cgibin/piece-info.cgi?id=1791,J. S. Bach (1685–1750),Praeludium IX,BWV 854,"Piano, Harpsichord",ly;mid;pdf;ps,Public Domain
Mutopia,https://www.mutopiaproject.org/cgibin/piece-info.cgi?id=1806,P. I. Tchaikovsky (1840–1893),March of the Wooden Soldiers,"Op. 39, No. 5",Piano,ly;mid;pdf;ps,Public Domain
Mutopia,https://www.mutopiaproject.org/cgibin/piece-info.cgi?id=1814,J. S. Bach (1685–1750),Toccata in f sharp minor,BWV 910,Piano/Harpsichord/Clavichord,ly;mid;pdf;ps,Public Domain
Mutopia,https://www.mutopiaproject.org/cgibin/piece-info.cgi?id=1826,J. S. Bach (1685–1750),Italian Concerto,BWV 971,Piano,pdf;ps;zip,Creative Commons Attribution-ShareAlike 3.0
Mutopia,https://www.mutopiaproject.org/cgibin/piece-info.cgi?id=1888,E. Grieg (1843–1907),In the Hall of the Mountain King,"Op. 46, No. 4",Piano,ly;mid;pdf;ps,Public Domain
Mutopia,https://www.mutopiaproject.org/cgibin/piece-info.cgi?id=1892,M. Mussorgsky (1839–1881),Night on Bald Mountain,,Piano,ly;mid;pdf;ps,Creative Commons Attribution 3.0
Mutopia,https://www.mutopiaproject.org/cgibin/piece-info.cgi?id=1895,F. F. Chopin (1810–1849),"Trois Nouvelles Etudes, No. 1 F Minor",B.130,Piano,ly;mid;pdf;ps,Public Domain
Mutopia,https://www.mutopiaproject.org/cgibin/piece-info.cgi?id=1899,S. Joplin (1868–1917),Pineapple Rag,,Piano,ly;mid;pdf;ps,Public Domain
Mutopia,https://www.mutopiaproject.org/cgibin/piece-info.cgi?id=1935,J. S. Bach (1685–1750),French Suite no. 6 in E major,BWV 817,"Harpsichord, Piano",zip,Creative Commons Attribution-ShareAlike 4.0
Mutopia,https://www.mutopiaproject.org/cgibin/piece-info.cgi?id=1938,M. Clementi (1752–1832),Clementi's Art of Playing on the Piano Forte,Op. 42,"Piano, Pianoforte, Harpsichord, Clavichord",pdf;ps;zip,Creative Commons Attribution-ShareAlike 4.0
Mutopia,https://www.mutopiaproject.org/cgibin/piece-info.cgi?id=1941,J. S. Bach (1685–1750),"Das Wohltemperierte Clavier I, Fuga II",BWV 847,"Harpsichord, Piano",ly;mid;pdf;ps,Creative Commons Attribution-ShareAlike 4.0
Mutopia,https://www.mutopiaproject.org/cgibin/piece-info.cgi?id=1955,F. F. Chopin (1810–1849),Nocturne No. 3,"Opus 9, No. 3",Piano,ly;mid;pdf;ps,Creative Commons Attribution-ShareAlike 4.0
Mutopia,https://www.mutopiaproject.org/cgibin/piece-info.cgi?id=1957,A. V. Stanchinsky (1888–1914),Prelude in Lydian Mode,,Piano,ly;mid;pdf;ps,Creative Commons Attribution 4.0
Mutopia,https://www.mutopiaproject.org/cgibin/piece-info.cgi?id=1958,S. Rachmaninoff (1873–1943),"Prelude Op. 23, No. 1",Op. 23,Piano,ly;mid;pdf;ps,Creative Commons Attribution-ShareAlike 4.0
Mutopia,https://www.mutopiaproject.org/cgibin/piece-info.cgi?id=1959,F. F. Chopin (1810–1849),Première Ballade,Op.23,Piano,mid;pdf;ps;zip,Creative Commons Attribution-ShareAlike 4.0
Mutopia,https://www.mutopiaproject.org/cgibin/piece-info.cgi?id=1960,S. Rachmaninoff (1873–1943),"Prelude Op. 23, No. 2",Op. 23,Piano,ly;mid;pdf;ps,Creative Commons Attribution-ShareAlike 4.0
Mutopia,https://www.mutopiaproject.org/cgibin/piece-info.cgi?id=1990,S. Rachmaninoff (1873–1943),"Prelude Op. 23, No. 3",Op. 23,Piano,ly;mid;pdf;ps,Creative Commons Attribution-ShareAlike 4.0
Mutopia,https://www.mutopiaproject.org/cgibin/piece-info.cgi?id=1993,S. Rachmaninoff (1873–1943),"Prelude Op. 23, No. 4",Op. 23,Piano,ly;mid;pdf;ps,Creative Commons Attribution-ShareAlike 4.0
Mutopia,https://www.mutopiaproject.org/cgibin/piece-info.cgi?id=1994,C. Debussy (1862–1918),Deuxième Arabesque,L66 No.2,Piano,ly;mid;pdf;ps,Creative Commons Attribution-ShareAlike 4.0
Mutopia,https://www.mutopiaproject.org/cgibin/piece-info.cgi?id=1996,S. Rachmaninoff (1873–1943),"Prelude Op. 23, No. 6",Op. 23,Piano,ly;mid;pdf;ps,Creative Commons Attribution-ShareAlike 4.0
Mutopia,https://www.mutopiaproject.org/cgibin/piece-info.cgi?id=2001,S. Rachmaninoff (1873–1943),"Prelude Op. 23, No. 5",Op. 23,Piano,ly;mid;pdf;ps,Creative Commons Attribution-ShareAlike 4.0
Mutopia,https://www.mutopiaproject.org/cgibin/piece-info.cgi?id=2002,C. Debussy (1862–1918),Prélude 4: Les sons et les parfums tournent dans l'air du soir,CD 125; L.117,Piano,mid;pdf;ps;zip,Creative Commons Attribution-ShareAlike 4.0
Mutopia,https://www.mutopiaproject.org/cgibin/piece-info.cgi?id=2009,J. S. Bach (1685–1750),"Gott, wie gross ist deine Güte","Schmellis Gesangbuch, No. 26",Piano,ly;mid;pdf;ps,Public Domain
Mutopia,https://www.mutopiaproject.org/cgibin/piece-info.cgi?id=2012,C. Hunter (1876–1906),Possum And Taters,,Piano,ly;mid;pdf;ps,Public Domain
Mutopia,https://www.mutopiaproject.org/cgibin/piece-info.cgi?id=2014,E. Grieg (1843–1907),Troldtog (March of the Dwarfs),"Op. 54, No. 3",Piano,ly;mid;pdf;ps,Public Domain
Mutopia,https://www.mutopiaproject.org/cgibin/piece-info.cgi?id=2020,E. Satie (1866–1925),Son Binocle,,Piano,mid;pdf;ps;zip,Creative Commons Attribution-ShareAlike 4.0
Mutopia,https://www.mutopiaproject.org/cgibin/piece-info.cgi?id=2021,E. Satie (1866–1925),Sa Taille,,Piano,ly;mid;pdf;ps,Creative Commons Attribution-ShareAlike 4.0
Mutopia,https://www.mutopiaproject.org/cgibin/piece-info.cgi?id=2022,E. Satie (1866–1925),Danse maigre,,Piano,mid;pdf;ps;zip,Creative Commons Attribution-ShareAlike 4.0
Mutopia,https://www.mutopiaproject.org/cgibin/piece-info.cgi?id=2023,E. Satie (1866–1925),Españaña,,Piano,ly;mid;pdf;ps,Creative Commons Attribution-ShareAlike 4.0
Mutopia,https://www.mutopiaproject.org/cgibin/piece-info.cgi?id=2024,E. Satie (1866–1925),Tyrolienne turque,,Piano,ly;mid;pdf;ps,Creative Commons Attribution-ShareAlike 4.0
Mutopia,https://www.mutopiaproject.org/cgibin/piece-info.cgi?id=2025,E. Satie (1866–1925),Celle qui parle trop,,Piano,ly;mid;pdf;ps,Creative Commons Attribution-ShareAlike 4.0
Mutopia,https://www.mutopiaproject.org/cgibin/piece-info.cgi?id=2026,E. Satie (1866–1925),Le porteur de grosses pierres,,Piano,ly;mid;pdf;ps,Creative Commons Attribution-ShareAlike 4.0
Mutopia,https://www.mutopiaproject.org/cgibin/piece-info.cgi?id=2027,E. Satie (1866–1925),Regrets des Enfermés (Janas et Latude),,Piano,ly;mid;pdf;ps,Creative Commons Attribution-ShareAlike 4.0
Mutopia,https://www.mutopiaproject.org/cgibin/piece-info.cgi?id=2029,E. Satie (1866–1925),Ses Jambes,,Piano,ly;mid;pdf;ps,Creative Commons Attribution-ShareAlike 4.0
Mutopia,https://www.mutopiaproject.org/cgibin/piece-info.cgi?id=2032,P. I. Tchaikovsky (1840–1893),Morning Prayer,"Op. 39, No. 1",Piano,ly;mid;pdf;ps,Public Domain
Mutopia,https://www.mutopiaproject.org/cgibin/piece-info.cgi?id=2033,S. Rachmaninoff (1873–1943),Prelude in C# minor,"Op. 3, No. 2",Piano,ly;mid;pdf;ps,Creative Commons Attribution-ShareAlike 4.0
Mutopia,https://www.mutopiaproject.org/cgibin/piece-info.cgi?id=2034,W. A. Mozart (1756–1791),Fantasy in D minor,KV 397,Piano,ly;mid;pdf;ps,Public Domain
Mutopia,https://www.mutopiaproject.org/cgibin/piece-info.cgi?id=2035,E. Satie (1866–1925),Gnossienne No. 1,,Piano,ly;mid;pdf;ps,Creative Commons Attribution-ShareAlike 4.0
Mutopia,https://www.mutopiaproject.org/cgibin/piece-info.cgi?id=2037,C. L. Hanon (1819-1900),The Virtuoso Pianist (Part I),,Piano,pdf;ps;zip,Creative Commons Attribution-ShareAlike 4.0
Mutopia,https://www.mutopiaproject.org/cgibin/piece-info.cgi?id=2049,J. S. Bach (1685–1750),"Das Wohltemperierte Clavier I, Praeludium 24",BWV 869,"Harpsichord, Piano",ly;mid;pdf;ps,Creative Commons Attribution-ShareAlike 4.0
Mutopia,https://www.mutopiaproject.org/cgibin/piece-info.cgi?id=2052,S. Rachmaninoff (1873–1943),"Prelude Op. 23, No. 9",Op. 23,Piano,ly;mid;pdf;ps,Creative Commons Attribution-ShareAlike 4.0
Mutopia,https://www.mutopiaproject.org/cgibin/piece-info.cgi?id=2057,S. Rachmaninoff (1873–1943),"Prelude Op. 23, No. 8",Op. 23,Piano,ly;mid;pdf;ps,Creative Commons Attribution-ShareAlike 4.0
Mutopia,https://www.mutopiaproject.org/cgibin/piece-info.cgi?id=2058,S. Rachmaninoff (1873–1943),"Prelude Op. 23, No. 10",Op. 23,Piano,ly;mid;pdf;ps,Creative Commons Attribution-ShareAlike 4.0
Mutopia,https://www.mutopiaproject.org/cgibin/piece-info.cgi?id=2060,C. Czerny (1791–1857),"160 Eight-Measure Exercises, No. 1","Op. 821, No. 1",Piano,ly;mid;pdf;ps,Public Domain
Mutopia,https://www.mutopiaproject.org/cgibin/piece-info.cgi?id=2061,C. Czerny (1791–1857),"160 Eight-Measure Exercises, No. 2","Op. 821, No. 2",Piano,ly;mid;pdf;ps,Public Domain
Mutopia,https://www.mutopiaproject.org/cgibin/piece-info.cgi?id=2062,C. Czerny (1791–1857),"160 Eight-Measure Exercises, No. 3","Op. 821, No. 3",Piano,ly;mid;pdf;ps,Public Domain
Mutopia,https://www.mutopiaproject.org/cgibin/piece-info.cgi?id=2063,C. Czerny (1791–1857),"160 Eight-Measure Exercises, No. 4","Op. 821, No. 4",Piano,ly;mid;pdf;ps,Public Domain
Mutopia,https://www.mutopiaproject.org/cgibin/piece-info.cgi?id=2066,C. Czerny (1791–1857),"160 Eight-Measure Exercises, No. 5","Op. 821, No. 5",Piano,ly;mid;pdf;ps,Public Domain
Mutopia,https://www.mutopiaproject.org/cgibin/piece-info.cgi?id=2067,C. Czerny (1791–1857),"160 Eight-Measure Exercises, No. 6","Op. 821, No. 6",Piano,ly;mid;pdf;ps,Public Domain
Mutopia,https://www.mutopiaproject.org/cgibin/piece-info.cgi?id=2068,C. Czerny (1791–1857),"160 Eight-Measure Exercises, No. 7","Op. 821, No. 7",Piano,ly;mid;pdf;ps,Public Domain
Mutopia,https://www.mutopiaproject.org/cgibin/piece-info.cgi?id=2069,C. Czerny (1791–1857),"160 Eight-Measure Exercises, No. 8","Op. 821, No. 8",Piano,ly;mid;pdf;ps,Public Domain
Mutopia,https://www.mutopiaproject.org/cgibin/piece-info.cgi?id=2070,L. V. Beethoven (1770–1827),Sonata No. 1 (2nd Movement: Adagio),"Op. 2, No. 1",Piano,mid;pdf;ps;zip,Creative Commons Attribution-ShareAlike 4.0
Mutopia,https://www.mutopiaproject.org/cgibin/piece-info.cgi?id=2072,C. Czerny (1791–1857),"160 Eight-Measure Exercises, No. 9","Op. 821, No. 9",Piano,ly;mid;pdf;ps,Public Domain
Mutopia,https://www.mutopiaproject.org/cgibin/piece-info.cgi?id=2073,C. Czerny (1791–1857),"160 Eight-Measure Exercises, No. 10","Op. 821, No. 10",Piano,ly;mid;pdf;ps,Public Domain
Mutopia,https://www.mutopiaproject.org/cgibin/piece-info.cgi?id=2076,C. Czerny (1791–1857),"160 Eight-Measure Exercises, No. 11","Op. 821, No. 11",Piano,ly;mid;pdf;ps,Public Domain
Mutopia,https://www.mutopiaproject.org/cgibin/piece-info.cgi?id=2077,C. Czerny (1791–1857),"160 Eight-Measure Exercises, No. 12","Op. 821, No. 12",Piano,ly;mid;pdf;ps,Public Domain
Mutopia,https://www.mutopiaproject.org/cgibin/piece-info.cgi?id=2078,C. Czerny (1791–1857),"160 Eight-Measure Exercises, No. 13","Op. 821, No. 13",Piano,ly;mid;pdf;ps,Public Domain
Mutopia,https://www.mutopiaproject.org/cgibin/piece-info.cgi?id=2079,C. Czerny (1791–1857),"160 Eight-Measure Exercises, No. 14","Op. 821, No. 14",Piano,ly;mid;pdf;ps,Public Domain
Mutopia,https://www.mutopiaproject.org/cgibin/piece-info.cgi?id=2080,P. I. Tchaikovsky (1840–1893),Old French Song,"Op. 39, No. 16",Piano,ly;mid;pdf;ps,Public Domain
Mutopia,https://www.mutopiaproject.org/cgibin/piece-info.cgi?id=2081,C. Czerny (1791–1857),"160 Eight-Measure Exercises, No. 15","Op. 821, No. 15",Piano,ly;mid;pdf;ps,Public Domain
Mutopia,https://www.mutopiaproject.org/cgibin/piece-info.cgi?id=2082,C. Czerny (1791–1857),"160 Eight-Measure Exercises, No. 16","Op. 821, No. 16",Piano,ly;mid;pdf;ps,Public Domain
Mutopia,https://www.mutopiaproject.org/cgibin/piece-info.cgi?id=2083,C. Czerny (1791–1857),"160 Eight-Measure Exercises, No. 17","Op. 821, No. 17",Piano,ly;mid;pdf;ps,Public Domain
Mutopia,https://www.mutopiaproject.org/cgibin/piece-info.cgi?id=2084,C. Czerny (1791–1857),"160 Eight-Measure Exercises, No. 18","Op. 821, No. 18",Piano,ly;mid;pdf;ps,Public Domain
Mutopia,https://www.mutopiaproject.org/cgibin/piece-info.cgi?id=2085,C. Czerny (1791–1857),"160 Eight-Measure Exercises, No. 19","Op. 821, No. 19",Piano,ly;mid;pdf;ps,Public Domain
Mutopia,https://www.mutopiaproject.org/cgibin/piece-info.cgi?id=2088,D. Scarlatti (1685–1757),Keyboard Sonata in D Major,K.491,Piano,ly;mid;pdf;ps,Creative Commons Attribution-ShareAlike 4.0
Mutopia,https://www.mutopiaproject.org/cgibin/piece-info.cgi?id=2092,L. Streabbog (J. L. Gobbaerts) (1835–1886),"Les étoiles d'or, No. 1 Valse",,Piano,ly;mid;pdf;ps,Creative Commons Attribution-ShareAlike 4.0
Mutopia,https://www.mutopiaproject.org/cgibin/piece-info.cgi?id=2104,D. Scarlatti (1685–1757),Keyboard Sonata in G Major,K.455,Piano,ly;mid;pdf;ps,Creative Commons Attribution-ShareAlike 4.0
Mutopia,https://www.mutopiaproject.org/cgibin/piece-info.cgi?id=2106,J. S. Bach (1685–1750),"Ermuntre dich, mein schwacher Geist","Schmellis Gesangbuch, No. 16",Piano,ly;mid;pdf;ps,Public Domain
Mutopia,https://www.mutopiaproject.org/cgibin/piece-info.cgi?id=2114,J. S. Bach (1685–1750),Partita 4,BWV 828,Harpsichord,pdf;ps;zip,Creative Commons Attribution-ShareAlike 4.0
Mutopia,https://www.mutopiaproject.org/cgibin/piece-info.cgi?id=2126,J. S. Bach (1685–1750),"Ach, was soll ich Sünder machen",BWV 259,"Harpsichord, Piano",ly;mid;pdf;ps,Creative Commons Attribution-ShareAlike 4.0
Mutopia,https://www.mutopiaproject.org/cgibin/piece-info.cgi?id=2130,E. Satie (1866–1925),Gnossienne No. 2,,Piano,ly;mid;pdf;ps,Creative Commons Attribution-ShareAlike 4.0
Mutopia,https://www.mutopiaproject.org/cgibin/piece-info.cgi?id=2131,E. Satie (1866–1925),Gnossienne No. 3,,Piano,ly;mid;pdf;ps,Creative Commons Attribution-ShareAlike 4.0
Mutopia,https://www.mutopiaproject.org/cgibin/piece-info.cgi?id=2132,E. Satie (1866–1925),Enfantillages Pittoresques,,Piano,mid;pdf;ps;zip,Creative Commons Attribution-ShareAlike 4.0
Mutopia,https://www.mutopiaproject.org/cgibin/piece-info.cgi?id=2137,J. Field (1782–1837),Nocturne,H.37,Piano,ly;mid;pdf;ps,Creative Commons Attribution-ShareAlike 4.0
Mutopia,https://www.mutopiaproject.org/cgibin/piece-info.cgi?id=2146,C. Czerny (1791–1857),"50 Melodische Übungsstücke, No. 1","Op. 840, No. 1",Piano,mid;pdf;ps;zip,Public Domain
Mutopia,https://www.mutopiaproject.org/cgibin/piece-info.cgi?id=2147,C. Czerny (1791–1857),"50 Melodische Übungsstücke, No. 2","Op. 840, No. 2",Piano,mid;pdf;ps;zip,Public Domain
Mutopia,https://www.mutopiaproject.org/cgibin/piece-info.cgi?id=2148,C. Czerny (1791–1857),"50 Melodische Übungsstücke, No. 3","Op. 840, No. 3",Piano,mid;pdf;ps;zip,Public Domain
Mutopia,https://www.mutopiaproject.org/cgibin/piece-info.cgi?id=2149,C. Czerny (1791–1857),"50 Melodische Übungsstücke, No. 4","Op. 840, No. 4",Piano,mid;pdf;ps;zip,Public Domain
Mutopia,https://www.mutopiaproject.org/cgibin/piece-info.cgi?id=2150,C. Czerny (1791–1857),"50 Melodische Übungsstücke, No. 5","Op. 840, No. 5",Piano,mid;pdf;ps;zip,Public Domain
Mutopia,https://www.mutopiaproject.org/cgibin/piece-info.cgi?id=2151,C. Czerny (1791–1857),"50 Melodische Übungsstücke, No. 6","Op. 840, No. 6",Piano,mid;pdf;ps;zip,Public Domain
Mutopia,https://www.mutopiaproject.org/cgibin/piece-info.cgi?id=2152,C. Czerny (1791–1857),"50 Melodische Übungsstücke, No. 7","Op. 840, No. 7",Piano,mid;pdf;ps;zip,Public Domain
Mutopia,https://www.mutopiaproject.org/cgibin/piece-info.cgi?id=2153,C. Czerny (1791–1857),"50 Melodische Übungsstücke, No. 8","Op. 840, No. 8",Piano,mid;pdf;ps;zip,Public Domain
Mutopia,https://www.mutopiaproject.org/cgibin/piece-info.cgi?id=2154,C. Czerny (1791–1857),"50 Melodische Übungsstücke, No. 9","Op. 840, No. 9",Piano,mid;pdf;ps;zip,Public Domain
Mutopia,https://www.mutopiaproject.org/cgibin/piece-info.cgi?id=2155,F. Behr (1837–1898),In May,,"Harpsichord, Piano",ly;mid;pdf;ps,Public Domain
Mutopia,https://www.mutopiaproject.org/cgibin/piece-info.cgi?id=2156,W. Smallwood (1831–1897),The Harebell,,Piano,ly;mid;pdf;ps,Public Domain
Mutopia,https://www.mutopiaproject.org/cgibin/piece-info.cgi?id=2159,F. F. Chopin (1810–1849),Prélude 3,"Op 28, No 3",Piano,ly;mid;pdf;ps,Creative Commons Attribution-ShareAlike 4.0
Mutopia,https://www.mutopiaproject.org/cgibin/piece-info.cgi?id=2160,F. F. Chopin (1810–1849),Prélude 5,"Op 28, No 5",Piano,ly;mid;pdf;ps,Creative Commons Attribution-ShareAlike 4.0
Mutopia,https://www.mutopiaproject.org/cgibin/piece-info.cgi?id=2162,B. Bartók (1881–1945),Romanian Folk Dance No.2 - Peasant Costume,,"Harpsichord, Piano",ly;mid;pdf;ps,Public Domain
Mutopia,https://www.mutopiaproject.org/cgibin/piece-info.cgi?id=2163,C.-V. Alkan (1813–1888),Toccatina,Op.75,Piano,mid;pdf;ps;zip,Creative Commons Attribution-ShareAlike 4.0
Mutopia,https://www.mutopiaproject.org/cgibin/piece-info.cgi?id=2164,J. Brahms (1833–1897),Waltz No. 10,Op. 39,Piano,ly;mid;pdf;ps,Public Domain
Mutopia,https://www.mutopiaproject.org/cgibin/piece-info.cgi?id=2166,F. F. Chopin (1810–1849),Prélude 8,"Op 28, No 8",Piano,ly;mid;pdf;ps,Creative Commons Attribution-ShareAlike 4.0
Mutopia,https://www.mutopiaproject.org/cgibin/piece-info.cgi?id=2168,F. F. Chopin (1810–1849),Prélude 9,"Op 28, No 9",Piano,ly;mid;pdf;ps,Creative Commons Attribution-ShareAlike 4.0
Mutopia,https://www.mutopiaproject.org/cgibin/piece-info.cgi?id=2171,F. F. Chopin (1810–1849),Prélude 10,"Op 28, No 10",Piano,ly;mid;pdf;ps,Creative Commons Attribution-ShareAlike 4.0
Mutopia,https://www.mutopiaproject.org/cgibin/piece-info.cgi?id=2172,F. F. Chopin (1810–1849),Prélude 11,"Op 28, No 11",Piano,ly;mid;pdf;ps,Creative Commons Attribution-ShareAlike 4.0
Mutopia,https://www.mutopiaproject.org/cgibin/piece-info.cgi?id=2173,F. F. Chopin (1810–1849),Prélude 12,"Op 28, No 12",Piano,ly;mid;pdf;ps,Creative Commons Attribution-ShareAlike 4.0
Mutopia,https://www.mutopiaproject.org/cgibin/piece-info.cgi?id=2174,F. F. Chopin (1810–1849),Prélude 13,"Op 28, No 13",Piano,ly;mid;pdf;ps,Creative Commons Attribution-ShareAlike 4.0
Mutopia,https://www.mutopiaproject.org/cgibin/piece-info.cgi?id=2175,F. F. Chopin (1810–1849),Prélude 14,"Op 28, No 14",Piano,ly;mid;pdf;ps,Creative Commons Attribution-ShareAlike 4.0
Mutopia,https://www.mutopiaproject.org/cgibin/piece-info.cgi?id=2176,F. F. Chopin (1810–1849),Prélude 16,"Op 28, No 16",Piano,ly;mid;pdf;ps,Creative Commons Attribution-ShareAlike 4.0
Mutopia,https://www.mutopiaproject.org/cgibin/piece-info.cgi?id=2177,C. Czerny (1791–1857),"50 Melodische Übungsstücke, No. 10","Op. 840, No. 10",Piano,mid;pdf;ps;zip,Public Domain
Mutopia,https://www.mutopiaproject.org/cgibin/piece-info.cgi?id=2190,F. F. Chopin (1810–1849),Prélude 17,"Op 28, No 17",Piano,mid;pdf;ps;zip,Creative Commons Attribution-ShareAlike 4.0
Mutopia,https://www.mutopiaproject.org/cgibin/piece-info.cgi?id=2191,F. F. Chopin (1810–1849),Prélude 18,"Op 28, No 18",Piano,ly;mid;pdf;ps,Creative Commons Attribution-ShareAlike 4.0
Mutopia,https://www.mutopiaproject.org/cgibin/piece-info.cgi?id=2192,F. F. Chopin (1810–1849),Prélude 19,"Op 28, No 19",Piano,ly;mid;pdf;ps,Creative Commons Attribution-ShareAlike 4.0
Mutopia,https://www.mutopiaproject.org/cgibin/piece-info.cgi?id=2194,E. Grieg (1843–1907),Albumblatt in E minor,"Op 12, No 7",Piano,ly;mid;pdf;ps,Creative Commons Attribution-ShareAlike 4.0
Mutopia,https://www.mutopiaproject.org/cgibin/piece-info.cgi?id=2195,F. F. Chopin (1810–1849),Prélude 21,"Op 28, No 21",Piano,ly;mid;pdf;ps,Creative Commons Attribution-ShareAlike 4.0
Mutopia,https://www.mutopiaproject.org/cgibin/piece-info.cgi?id=2207,C. Debussy (1862–1918),"Debussy Préludes, Book 1",CD 125; L.117,Piano,pdf;ps;zip,Creative Commons Attribution-ShareAlike 4.0
Mutopia,https://www.mutopiaproject.org/cgibin/piece-info.cgi?id=2214,F. F. Chopin (1810–1849),Prélude 22,"Op 28, No 22",Piano,ly;mid;pdf;ps,Creative Commons Attribution-ShareAlike 4.0
Mutopia,https://www.mutopiaproject.org/cgibin/piece-info.cgi?id=2220,F. F. Chopin (1810–1849),Prélude 23,"Op 28, No 23",Piano,ly;mid;pdf;ps,Creative Commons Attribution-ShareAlike 4.0
Mutopia,https://www.mutopiaproject.org/cgibin/piece-info.cgi?id=2221,F. F. Chopin (1810–1849),Prélude 24,"Op 28, No 24",Piano,ly;mid;pdf;ps,Creative Commons Attribution-ShareAlike 4.0
Mutopia,https://www.mutopiaproject.org/cgibin/piece-info.cgi?id=2223,J. S. Bach (1685–1750),"Das Wohltemperierte Clavier II, Praeludium I",BWV 870,"Harpsichord, Piano",ly;mid;pdf;ps,Public Domain
Mutopia,https://www.mutopiaproject.org/cgibin/piece-info.cgi?id=2225,J. S. Bach (1685–1750),"Das Wohltemperierte Clavier I, Fuga XII",BWV 857,"Harpsichord, Piano",ly;mid;pdf;ps,Creative Commons Attribution-ShareAlike 4.0
Mutopia,https://www.mutopiaproject.org/cgibin/piece-info.cgi?id=2226,J. S. Bach (1685–1750),"Das Wohltemperierte Clavier I, Praeludium XII",BWV 857,"Harpsichord, Piano",ly;mid;pdf;ps,Creative Commons Attribution-ShareAlike 4.0
Mutopia,https://www.mutopiaproject.org/cgibin/piece-info.cgi?id=2233,J. S. Bach (1685–1750),"Das Wohltemperierte Clavier I, Fuga V",BWV 850,"Harpsichord, Piano",mid;pdf;ps;zip,Creative Commons Attribution-ShareAlike 4.0
