source,edition,board_level,ps_level,list,composer,title,catalogue,arranger,publication,period,page
ABRSM Jazz,"Jazz Piano Practical Grades 1-5 (syllabus book extract, abrsm.org file 2023-12); accessed 2026-10-09",1,,Blues,Richard Michael,Bedford Square Blues,,,"Jazz Piano Pieces, Grade 1 (ABRSM)",,35
ABRSM Jazz Performance,Jazz Piano Performance Grades Syllabus from 2026 (September 2025); accessed 2026-10-09,1,,Blues,Richard Michael,Bedford Square Blues,,,"Jazz Piano Pieces, Grade 1 (ABRSM)",,9
ABRSM Jazz,"Jazz Piano Practical Grades 1-5 (syllabus book extract, abrsm.org file 2023-12); accessed 2026-10-09",1,,Blues,Charles Mingus,"Oh Lord, Don’t Let Them Drop That Atomic Bomb On Me",,Nikki Iles,"Jazz Piano Pieces, Grade 1 (ABRSM)",,35
ABRSM Jazz Performance,Jazz Piano Performance Grades Syllabus from 2026 (September 2025); accessed 2026-10-09,1,,Blues,Charles Mingus,"Oh Lord, Don’t Let Them Drop That Atomic Bomb On Me",,Nikki Iles,"Jazz Piano Pieces, Grade 1 (ABRSM)",,9
ABRSM Jazz,"Jazz Piano Practical Grades 1-5 (syllabus book extract, abrsm.org file 2023-12); accessed 2026-10-09",1,,Blues,Milt Jackson,Bags’ Groove,,Richard Michael,"Jazz Piano Pieces, Grade 1 (ABRSM)",,35
ABRSM Jazz Performance,Jazz Piano Performance Grades Syllabus from 2026 (September 2025); accessed 2026-10-09,1,,Blues,Milt Jackson,Bags’ Groove,,Richard Michael,"Jazz Piano Pieces, Grade 1 (ABRSM)",,9
ABRSM Jazz,"Jazz Piano Practical Grades 1-5 (syllabus book extract, abrsm.org file 2023-12); accessed 2026-10-09",1,,Blues,Simon Whiteside,Slinky Thing,,,"Jazz Piano Pieces, Grade 1 (ABRSM)",,35
ABRSM Jazz Performance,Jazz Piano Performance Grades Syllabus from 2026 (September 2025); accessed 2026-10-09,1,,Blues,Simon Whiteside,Slinky Thing,,,"Jazz Piano Pieces, Grade 1 (ABRSM)",,9
ABRSM Jazz,"Jazz Piano Practical Grades 1-5 (syllabus book extract, abrsm.org file 2023-12); accessed 2026-10-09",1,,Blues,Phil Peskett,Prove You Groove,,,"Jazz Piano Pieces, Grade 1 (ABRSM)",,35
ABRSM Jazz Performance,Jazz Piano Performance Grades Syllabus from 2026 (September 2025); accessed 2026-10-09,1,,Blues,Phil Peskett,Prove You Groove,,,"Jazz Piano Pieces, Grade 1 (ABRSM)",,9
ABRSM Jazz,"Jazz Piano Practical Grades 1-5 (syllabus book extract, abrsm.org file 2023-12); accessed 2026-10-09",1,,Standards,Juan Tizol,Perdido,,Richard Michael,"Jazz Piano Pieces, Grade 1 (ABRSM)",,35
ABRSM Jazz Performance,Jazz Piano Performance Grades Syllabus from 2026 (September 2025); accessed 2026-10-09,1,,Standards,Juan Tizol,Perdido,,Richard Michael,"Jazz Piano Pieces, Grade 1 (ABRSM)",,9
ABRSM Jazz,"Jazz Piano Practical Grades 1-5 (syllabus book extract, abrsm.org file 2023-12); accessed 2026-10-09",1,,Standards,Frank Loesser,Inchworm,,Nikki Iles,"Jazz Piano Pieces, Grade 1 (ABRSM)",,35
ABRSM Jazz Performance,Jazz Piano Performance Grades Syllabus from 2026 (September 2025); accessed 2026-10-09,1,,Standards,Frank Loesser,Inchworm,,Nikki Iles,"Jazz Piano Pieces, Grade 1 (ABRSM)",,9
ABRSM Jazz,"Jazz Piano Practical Grades 1-5 (syllabus book extract, abrsm.org file 2023-12); accessed 2026-10-09",1,,Standards,Miles Davis,Jean Pierre,,Charles Beale,"Jazz Piano Pieces, Grade 1 (ABRSM)",,35
ABRSM Jazz Performance,Jazz Piano Performance Grades Syllabus from 2026 (September 2025); accessed 2026-10-09,1,,Standards,Miles Davis,Jean Pierre,,Charles Beale,"Jazz Piano Pieces, Grade 1 (ABRSM)",,9
ABRSM Jazz,"Jazz Piano Practical Grades 1-5 (syllabus book extract, abrsm.org file 2023-12); accessed 2026-10-09",1,,Standards,Nat Adderley & Curtis R. Lewis,(Old Man From) The Old Country,,Phil Peskett,"Jazz Piano Pieces, Grade 1 (ABRSM)",,35
ABRSM Jazz Performance,Jazz Piano Performance Grades Syllabus from 2026 (September 2025); accessed 2026-10-09,1,,Standards,Nat Adderley & Curtis R. Lewis,(Old Man From) The Old Country,,Phil Peskett,"Jazz Piano Pieces, Grade 1 (ABRSM)",,9
ABRSM Jazz,"Jazz Piano Practical Grades 1-5 (syllabus book extract, abrsm.org file 2023-12); accessed 2026-10-09",1,,Standards,Billy Austin & Louis Jordan,"Is You Is, Or Is You Ain’t (Ma’ Baby)?",,Eddie Harvey,"Jazz Piano Pieces, Grade 1 (ABRSM)",,35
ABRSM Jazz Performance,Jazz Piano Performance Grades Syllabus from 2026 (September 2025); accessed 2026-10-09,1,,Standards,Billy Austin & Louis Jordan,"Is You Is, Or Is You Ain’t (Ma’ Baby)?",,Eddie Harvey,"Jazz Piano Pieces, Grade 1 (ABRSM)",,9
ABRSM Jazz,"Jazz Piano Practical Grades 1-5 (syllabus book extract, abrsm.org file 2023-12); accessed 2026-10-09",1,,Contemporary Jazz,Nikki Iles,Bottle Junction,,,"Jazz Piano Pieces, Grade 1 (ABRSM)",,35
ABRSM Jazz Performance,Jazz Piano Performance Grades Syllabus from 2026 (September 2025); accessed 2026-10-09,1,,Contemporary Jazz,Nikki Iles,Bottle Junction,,,"Jazz Piano Pieces, Grade 1 (ABRSM)",,9
ABRSM Jazz,"Jazz Piano Practical Grades 1-5 (syllabus book extract, abrsm.org file 2023-12); accessed 2026-10-09",1,,Contemporary Jazz,Eddie Harvey,Blue Autumn,,,"Jazz Piano Pieces, Grade 1 (ABRSM)",,35
ABRSM Jazz Performance,Jazz Piano Performance Grades Syllabus from 2026 (September 2025); accessed 2026-10-09,1,,Contemporary Jazz,Eddie Harvey,Blue Autumn,,,"Jazz Piano Pieces, Grade 1 (ABRSM)",,9
ABRSM Jazz,"Jazz Piano Practical Grades 1-5 (syllabus book extract, abrsm.org file 2023-12); accessed 2026-10-09",1,,Contemporary Jazz,Phil Peskett,He Is Sadly Melting,,,"Jazz Piano Pieces, Grade 1 (ABRSM)",,35
ABRSM Jazz Performance,Jazz Piano Performance Grades Syllabus from 2026 (September 2025); accessed 2026-10-09,1,,Contemporary Jazz,Phil Peskett,He Is Sadly Melting,,,"Jazz Piano Pieces, Grade 1 (ABRSM)",,9
ABRSM Jazz,"Jazz Piano Practical Grades 1-5 (syllabus book extract, abrsm.org file 2023-12); accessed 2026-10-09",1,,Contemporary Jazz,Michael Garrick,Here We Go Again,,,"Jazz Piano Pieces, Grade 1 (ABRSM)",,35
ABRSM Jazz Performance,Jazz Piano Performance Grades Syllabus from 2026 (September 2025); accessed 2026-10-09,1,,Contemporary Jazz,Michael Garrick,Here We Go Again,,,"Jazz Piano Pieces, Grade 1 (ABRSM)",,9
ABRSM Jazz,"Jazz Piano Practical Grades 1-5 (syllabus book extract, abrsm.org file 2023-12); accessed 2026-10-09",1,,Contemporary Jazz,Huw Warren,Yokate,,,"Jazz Piano Pieces, Grade 1 (ABRSM)",,35
ABRSM Jazz Performance,Jazz Piano Performance Grades Syllabus from 2026 (September 2025); accessed 2026-10-09,1,,Contemporary Jazz,Huw Warren,Yokate,,,"Jazz Piano Pieces, Grade 1 (ABRSM)",,9
ABRSM Jazz,"Jazz Piano Practical Grades 1-5 (syllabus book extract, abrsm.org file 2023-12); accessed 2026-10-09",2,,Blues,Duke Ellington,C-Jam Blues,,Richard Michael,"Jazz Piano Pieces, Grade 2 (ABRSM)",,36
ABRSM Jazz Performance,Jazz Piano Performance Grades Syllabus from 2026 (September 2025); accessed 2026-10-09,2,,Blues,Duke Ellington,C-Jam Blues,,Richard Michael,"Jazz Piano Pieces, Grade 2 (ABRSM)",,10
ABRSM Jazz,"Jazz Piano Practical Grades 1-5 (syllabus book extract, abrsm.org file 2023-12); accessed 2026-10-09",2,,Blues,Tim Richards,On-Off Boogie,,,"Jazz Piano Pieces, Grade 2 (ABRSM)",,36
ABRSM Jazz Performance,Jazz Piano Performance Grades Syllabus from 2026 (September 2025); accessed 2026-10-09,2,,Blues,Tim Richards,On-Off Boogie,,,"Jazz Piano Pieces, Grade 2 (ABRSM)",,10
ABRSM Jazz,"Jazz Piano Practical Grades 1-5 (syllabus book extract, abrsm.org file 2023-12); accessed 2026-10-09",2,,Blues,Pete Churchill,Blue Lullaby,,,"Jazz Piano Pieces, Grade 2 (ABRSM)",,36
ABRSM Jazz Performance,Jazz Piano Performance Grades Syllabus from 2026 (September 2025); accessed 2026-10-09,2,,Blues,Pete Churchill,Blue Lullaby,,,"Jazz Piano Pieces, Grade 2 (ABRSM)",,10
ABRSM Jazz,"Jazz Piano Practical Grades 1-5 (syllabus book extract, abrsm.org file 2023-12); accessed 2026-10-09",2,,Blues,Eddie Harvey,Good Time Blues,,,"Jazz Piano Pieces, Grade 2 (ABRSM)",,36
ABRSM Jazz Performance,Jazz Piano Performance Grades Syllabus from 2026 (September 2025); accessed 2026-10-09,2,,Blues,Eddie Harvey,Good Time Blues,,,"Jazz Piano Pieces, Grade 2 (ABRSM)",,10
ABRSM Jazz,"Jazz Piano Practical Grades 1-5 (syllabus book extract, abrsm.org file 2023-12); accessed 2026-10-09",2,,Blues,Charlie Parker,Now’s The Time,,Richard Michael,"Jazz Piano Pieces, Grade 2 (ABRSM)",,36
ABRSM Jazz Performance,Jazz Piano Performance Grades Syllabus from 2026 (September 2025); accessed 2026-10-09,2,,Blues,Charlie Parker,Now’s The Time,,Richard Michael,"Jazz Piano Pieces, Grade 2 (ABRSM)",,10
ABRSM Jazz,"Jazz Piano Practical Grades 1-5 (syllabus book extract, abrsm.org file 2023-12); accessed 2026-10-09",2,,Standards,Sigmund Romberg,Softly As In A Morning Sunrise,,Malcolm Miles,"Jazz Piano Pieces, Grade 2 (ABRSM)",,36
ABRSM Jazz Performance,Jazz Piano Performance Grades Syllabus from 2026 (September 2025); accessed 2026-10-09,2,,Standards,Sigmund Romberg,Softly As In A Morning Sunrise,,Malcolm Miles,"Jazz Piano Pieces, Grade 2 (ABRSM)",,10
ABRSM Jazz,"Jazz Piano Practical Grades 1-5 (syllabus book extract, abrsm.org file 2023-12); accessed 2026-10-09",2,,Standards,Sonny Rollins,St. Thomas,,Lewis Riley,"Jazz Piano Pieces, Grade 2 (ABRSM)",,36
ABRSM Jazz Performance,Jazz Piano Performance Grades Syllabus from 2026 (September 2025); accessed 2026-10-09,2,,Standards,Sonny Rollins,St. Thomas,,Lewis Riley,"Jazz Piano Pieces, Grade 2 (ABRSM)",,10
ABRSM Jazz,"Jazz Piano Practical Grades 1-5 (syllabus book extract, abrsm.org file 2023-12); accessed 2026-10-09",2,,Standards,McCoy Tyner,Contemplation,,Nikki Iles,"Jazz Piano Pieces, Grade 2 (ABRSM)",,36
ABRSM Jazz Performance,Jazz Piano Performance Grades Syllabus from 2026 (September 2025); accessed 2026-10-09,2,,Standards,McCoy Tyner,Contemplation,,Nikki Iles,"Jazz Piano Pieces, Grade 2 (ABRSM)",,10
ABRSM Jazz,"Jazz Piano Practical Grades 1-5 (syllabus book extract, abrsm.org file 2023-12); accessed 2026-10-09",2,,Standards,Bobby Timmons,Moanin’,,Pete Churchill,"Jazz Piano Pieces, Grade 2 (ABRSM)",,36
ABRSM Jazz Performance,Jazz Piano Performance Grades Syllabus from 2026 (September 2025); accessed 2026-10-09,2,,Standards,Bobby Timmons,Moanin’,,Pete Churchill,"Jazz Piano Pieces, Grade 2 (ABRSM)",,10
ABRSM Jazz,"Jazz Piano Practical Grades 1-5 (syllabus book extract, abrsm.org file 2023-12); accessed 2026-10-09",2,,Standards,Bob Haggart & Ray Bauduc,The Big Noise From Winnetka,,Eddie Harvey,"Jazz Piano Pieces, Grade 2 (ABRSM)",,36
ABRSM Jazz Performance,Jazz Piano Performance Grades Syllabus from 2026 (September 2025); accessed 2026-10-09,2,,Standards,Bob Haggart & Ray Bauduc,The Big Noise From Winnetka,,Eddie Harvey,"Jazz Piano Pieces, Grade 2 (ABRSM)",,10
ABRSM Jazz,"Jazz Piano Practical Grades 1-5 (syllabus book extract, abrsm.org file 2023-12); accessed 2026-10-09",2,,Contemporary Jazz,Martin Speake,Becky’s Song,,,"Jazz Piano Pieces, Grade 2 (ABRSM)",,36
ABRSM Jazz Performance,Jazz Piano Performance Grades Syllabus from 2026 (September 2025); accessed 2026-10-09,2,,Contemporary Jazz,Martin Speake,Becky’s Song,,,"Jazz Piano Pieces, Grade 2 (ABRSM)",,10
ABRSM Jazz,"Jazz Piano Practical Grades 1-5 (syllabus book extract, abrsm.org file 2023-12); accessed 2026-10-09",2,,Contemporary Jazz,Michael Garrick,Swing It And C,,,"Jazz Piano Pieces, Grade 2 (ABRSM)",,36
ABRSM Jazz Performance,Jazz Piano Performance Grades Syllabus from 2026 (September 2025); accessed 2026-10-09,2,,Contemporary Jazz,Michael Garrick,Swing It And C,,,"Jazz Piano Pieces, Grade 2 (ABRSM)",,10
ABRSM Jazz,"Jazz Piano Practical Grades 1-5 (syllabus book extract, abrsm.org file 2023-12); accessed 2026-10-09",2,,Contemporary Jazz,Nikki Iles,The Firefly,,,"Jazz Piano Pieces, Grade 2 (ABRSM)",,36
ABRSM Jazz Performance,Jazz Piano Performance Grades Syllabus from 2026 (September 2025); accessed 2026-10-09,2,,Contemporary Jazz,Nikki Iles,The Firefly,,,"Jazz Piano Pieces, Grade 2 (ABRSM)",,10
ABRSM Jazz,"Jazz Piano Practical Grades 1-5 (syllabus book extract, abrsm.org file 2023-12); accessed 2026-10-09",2,,Contemporary Jazz,Pete Churchill,The Orchard,,,"Jazz Piano Pieces, Grade 2 (ABRSM)",,36
ABRSM Jazz Performance,Jazz Piano Performance Grades Syllabus from 2026 (September 2025); accessed 2026-10-09,2,,Contemporary Jazz,Pete Churchill,The Orchard,,,"Jazz Piano Pieces, Grade 2 (ABRSM)",,10
ABRSM Jazz,"Jazz Piano Practical Grades 1-5 (syllabus book extract, abrsm.org file 2023-12); accessed 2026-10-09",2,,Contemporary Jazz,Phil Peskett,Hard Science,,,"Jazz Piano Pieces, Grade 2 (ABRSM)",,36
ABRSM Jazz Performance,Jazz Piano Performance Grades Syllabus from 2026 (September 2025); accessed 2026-10-09,2,,Contemporary Jazz,Phil Peskett,Hard Science,,,"Jazz Piano Pieces, Grade 2 (ABRSM)",,10
ABRSM Jazz,"Jazz Piano Practical Grades 1-5 (syllabus book extract, abrsm.org file 2023-12); accessed 2026-10-09",3,,Blues,Tim Richards,Barrelhouse Blues,,,"Jazz Piano Pieces, Grade 3 (ABRSM)",,37
ABRSM Jazz Performance,Jazz Piano Performance Grades Syllabus from 2026 (September 2025); accessed 2026-10-09,3,,Blues,Tim Richards,Barrelhouse Blues,,,"Jazz Piano Pieces, Grade 3 (ABRSM)",,11
ABRSM Jazz,"Jazz Piano Practical Grades 1-5 (syllabus book extract, abrsm.org file 2023-12); accessed 2026-10-09",3,,Blues,John Myhill,Walking Blues,,,"Jazz Piano Pieces, Grade 3 (ABRSM)",,37
ABRSM Jazz Performance,Jazz Piano Performance Grades Syllabus from 2026 (September 2025); accessed 2026-10-09,3,,Blues,John Myhill,Walking Blues,,,"Jazz Piano Pieces, Grade 3 (ABRSM)",,11
ABRSM Jazz,"Jazz Piano Practical Grades 1-5 (syllabus book extract, abrsm.org file 2023-12); accessed 2026-10-09",3,,Blues,Dizzy Gillespie,Birks Works,,Pete Churchill,"Jazz Piano Pieces, Grade 3 (ABRSM)",,37
ABRSM Jazz Performance,Jazz Piano Performance Grades Syllabus from 2026 (September 2025); accessed 2026-10-09,3,,Blues,Dizzy Gillespie,Birks Works,,Pete Churchill,"Jazz Piano Pieces, Grade 3 (ABRSM)",,11
ABRSM Jazz,"Jazz Piano Practical Grades 1-5 (syllabus book extract, abrsm.org file 2023-12); accessed 2026-10-09",3,,Blues,Charles Beale,Blues For Tom,,,"Jazz Piano Pieces, Grade 3 (ABRSM)",,37
ABRSM Jazz Performance,Jazz Piano Performance Grades Syllabus from 2026 (September 2025); accessed 2026-10-09,3,,Blues,Charles Beale,Blues For Tom,,,"Jazz Piano Pieces, Grade 3 (ABRSM)",,11
ABRSM Jazz,"Jazz Piano Practical Grades 1-5 (syllabus book extract, abrsm.org file 2023-12); accessed 2026-10-09",3,,Blues,Julian Joseph,Allfarthing Blues,,,"Jazz Piano Pieces, Grade 3 (ABRSM)",,37
ABRSM Jazz Performance,Jazz Piano Performance Grades Syllabus from 2026 (September 2025); accessed 2026-10-09,3,,Blues,Julian Joseph,Allfarthing Blues,,,"Jazz Piano Pieces, Grade 3 (ABRSM)",,11
ABRSM Jazz,"Jazz Piano Practical Grades 1-5 (syllabus book extract, abrsm.org file 2023-12); accessed 2026-10-09",3,,Standards,Billy Taylor,I Wish I Knew How It Would Feel To Be Free,,Liam Noble,"Jazz Piano Pieces, Grade 3 (ABRSM)",,37
ABRSM Jazz Performance,Jazz Piano Performance Grades Syllabus from 2026 (September 2025); accessed 2026-10-09,3,,Standards,Billy Taylor,I Wish I Knew How It Would Feel To Be Free,,Liam Noble,"Jazz Piano Pieces, Grade 3 (ABRSM)",,11
ABRSM Jazz,"Jazz Piano Practical Grades 1-5 (syllabus book extract, abrsm.org file 2023-12); accessed 2026-10-09",3,,Standards,Bart Howard,Fly Me To The Moon,,Pete Churchill,"Jazz Piano Pieces, Grade 3 (ABRSM)",,37
ABRSM Jazz Performance,Jazz Piano Performance Grades Syllabus from 2026 (September 2025); accessed 2026-10-09,3,,Standards,Bart Howard,Fly Me To The Moon,,Pete Churchill,"Jazz Piano Pieces, Grade 3 (ABRSM)",,11
ABRSM Jazz,"Jazz Piano Practical Grades 1-5 (syllabus book extract, abrsm.org file 2023-12); accessed 2026-10-09",3,,Standards,Charles Lloyd,Sombrero Sam,,Will Michael,"Jazz Piano Pieces, Grade 3 (ABRSM)",,37
ABRSM Jazz Performance,Jazz Piano Performance Grades Syllabus from 2026 (September 2025); accessed 2026-10-09,3,,Standards,Charles Lloyd,Sombrero Sam,,Will Michael,"Jazz Piano Pieces, Grade 3 (ABRSM)",,11
ABRSM Jazz,"Jazz Piano Practical Grades 1-5 (syllabus book extract, abrsm.org file 2023-12); accessed 2026-10-09",3,,Standards,Benny Goodman,A Smooth One,,Pete Churchill,"Jazz Piano Pieces, Grade 3 (ABRSM)",,37
ABRSM Jazz Performance,Jazz Piano Performance Grades Syllabus from 2026 (September 2025); accessed 2026-10-09,3,,Standards,Benny Goodman,A Smooth One,,Pete Churchill,"Jazz Piano Pieces, Grade 3 (ABRSM)",,11
ABRSM Jazz,"Jazz Piano Practical Grades 1-5 (syllabus book extract, abrsm.org file 2023-12); accessed 2026-10-09",3,,Standards,Moises Simons,The Peanut Vendor (El Manisero),,Roland Perrin,"Jazz Piano Pieces, Grade 3 (ABRSM)",,37
ABRSM Jazz Performance,Jazz Piano Performance Grades Syllabus from 2026 (September 2025); accessed 2026-10-09,3,,Standards,Moises Simons,The Peanut Vendor (El Manisero),,Roland Perrin,"Jazz Piano Pieces, Grade 3 (ABRSM)",,11
ABRSM Jazz,"Jazz Piano Practical Grades 1-5 (syllabus book extract, abrsm.org file 2023-12); accessed 2026-10-09",3,,Contemporary Jazz,Huw Warren,Swing Fun,,,"Jazz Piano Pieces, Grade 3 (ABRSM)",,37
ABRSM Jazz Performance,Jazz Piano Performance Grades Syllabus from 2026 (September 2025); accessed 2026-10-09,3,,Contemporary Jazz,Huw Warren,Swing Fun,,,"Jazz Piano Pieces, Grade 3 (ABRSM)",,11
ABRSM Jazz,"Jazz Piano Practical Grades 1-5 (syllabus book extract, abrsm.org file 2023-12); accessed 2026-10-09",3,,Contemporary Jazz,Michael Garrick,Neat Feet,,,"Jazz Piano Pieces, Grade 3 (ABRSM)",,37
ABRSM Jazz Performance,Jazz Piano Performance Grades Syllabus from 2026 (September 2025); accessed 2026-10-09,3,,Contemporary Jazz,Michael Garrick,Neat Feet,,,"Jazz Piano Pieces, Grade 3 (ABRSM)",,11
ABRSM Jazz,"Jazz Piano Practical Grades 1-5 (syllabus book extract, abrsm.org file 2023-12); accessed 2026-10-09",3,,Contemporary Jazz,Terry Seabrook,Spanish Sketch,,,"Jazz Piano Pieces, Grade 3 (ABRSM)",,37
ABRSM Jazz Performance,Jazz Piano Performance Grades Syllabus from 2026 (September 2025); accessed 2026-10-09,3,,Contemporary Jazz,Terry Seabrook,Spanish Sketch,,,"Jazz Piano Pieces, Grade 3 (ABRSM)",,11
ABRSM Jazz,"Jazz Piano Practical Grades 1-5 (syllabus book extract, abrsm.org file 2023-12); accessed 2026-10-09",3,,Contemporary Jazz,Nikki Iles,Sails,,,"Jazz Piano Pieces, Grade 3 (ABRSM)",,37
ABRSM Jazz Performance,Jazz Piano Performance Grades Syllabus from 2026 (September 2025); accessed 2026-10-09,3,,Contemporary Jazz,Nikki Iles,Sails,,,"Jazz Piano Pieces, Grade 3 (ABRSM)",,11
ABRSM Jazz,"Jazz Piano Practical Grades 1-5 (syllabus book extract, abrsm.org file 2023-12); accessed 2026-10-09",3,,Contemporary Jazz,Roland Perrin,Saturday,,,"Jazz Piano Pieces, Grade 3 (ABRSM)",,37
ABRSM Jazz Performance,Jazz Piano Performance Grades Syllabus from 2026 (September 2025); accessed 2026-10-09,3,,Contemporary Jazz,Roland Perrin,Saturday,,,"Jazz Piano Pieces, Grade 3 (ABRSM)",,11
ABRSM Jazz,"Jazz Piano Practical Grades 1-5 (syllabus book extract, abrsm.org file 2023-12); accessed 2026-10-09",4,,Blues,Thelonious Monk,Blue Monk,,Richard Michael,"Jazz Piano Pieces, Grade 4 (ABRSM)",,38
ABRSM Jazz Performance,Jazz Piano Performance Grades Syllabus from 2026 (September 2025); accessed 2026-10-09,4,,Blues,Thelonious Monk,Blue Monk,,Richard Michael,"Jazz Piano Pieces, Grade 4 (ABRSM)",,12
ABRSM Jazz,"Jazz Piano Practical Grades 1-5 (syllabus book extract, abrsm.org file 2023-12); accessed 2026-10-09",4,,Blues,Bill Kinghorn,Three-Four Blues,,,"Jazz Piano Pieces, Grade 4 (ABRSM)",,38
ABRSM Jazz Performance,Jazz Piano Performance Grades Syllabus from 2026 (September 2025); accessed 2026-10-09,4,,Blues,Bill Kinghorn,Three-Four Blues,,,"Jazz Piano Pieces, Grade 4 (ABRSM)",,12
ABRSM Jazz,"Jazz Piano Practical Grades 1-5 (syllabus book extract, abrsm.org file 2023-12); accessed 2026-10-09",4,,Blues,Charles Beale,Oscar’s Boogaloo,,,"Jazz Piano Pieces, Grade 4 (ABRSM)",,38
ABRSM Jazz Performance,Jazz Piano Performance Grades Syllabus from 2026 (September 2025); accessed 2026-10-09,4,,Blues,Charles Beale,Oscar’s Boogaloo,,,"Jazz Piano Pieces, Grade 4 (ABRSM)",,12
ABRSM Jazz,"Jazz Piano Practical Grades 1-5 (syllabus book extract, abrsm.org file 2023-12); accessed 2026-10-09",4,,Blues,Miles Davis,Freddie Freeloader,,Richard Michael,"Jazz Piano Pieces, Grade 4 (ABRSM)",,38
ABRSM Jazz Performance,Jazz Piano Performance Grades Syllabus from 2026 (September 2025); accessed 2026-10-09,4,,Blues,Miles Davis,Freddie Freeloader,,Richard Michael,"Jazz Piano Pieces, Grade 4 (ABRSM)",,12
ABRSM Jazz,"Jazz Piano Practical Grades 1-5 (syllabus book extract, abrsm.org file 2023-12); accessed 2026-10-09",4,,Blues,Wayne Shorter,Footprints,,Eddie Harvey,"Jazz Piano Pieces, Grade 4 (ABRSM)",,38
ABRSM Jazz Performance,Jazz Piano Performance Grades Syllabus from 2026 (September 2025); accessed 2026-10-09,4,,Blues,Wayne Shorter,Footprints,,Eddie Harvey,"Jazz Piano Pieces, Grade 4 (ABRSM)",,12
ABRSM Jazz,"Jazz Piano Practical Grades 1-5 (syllabus book extract, abrsm.org file 2023-12); accessed 2026-10-09",4,,Standards,"Harry James, Duke Ellington, Johnny Hodges & Don George",I’m Beginning To See The Light,,Michael Garrick,"Jazz Piano Pieces, Grade 4 (ABRSM)",,38
ABRSM Jazz Performance,Jazz Piano Performance Grades Syllabus from 2026 (September 2025); accessed 2026-10-09,4,,Standards,"Harry James, Duke Ellington, Johnny Hodges & Don George",I’m Beginning To See The Light,,Michael Garrick,"Jazz Piano Pieces, Grade 4 (ABRSM)",,12
ABRSM Jazz,"Jazz Piano Practical Grades 1-5 (syllabus book extract, abrsm.org file 2023-12); accessed 2026-10-09",4,,Standards,Hoagy Carmichael & Sidney Arodin,Lazy River,,John Myhill,"Jazz Piano Pieces, Grade 4 (ABRSM)",,38
ABRSM Jazz Performance,Jazz Piano Performance Grades Syllabus from 2026 (September 2025); accessed 2026-10-09,4,,Standards,Hoagy Carmichael & Sidney Arodin,Lazy River,,John Myhill,"Jazz Piano Pieces, Grade 4 (ABRSM)",,12
ABRSM Jazz,"Jazz Piano Practical Grades 1-5 (syllabus book extract, abrsm.org file 2023-12); accessed 2026-10-09",4,,Standards,Trad.,Nobody Knows The Trouble I’ve Seen,,Liam Noble,"Jazz Piano Pieces, Grade 4 (ABRSM)",,38
ABRSM Jazz Performance,Jazz Piano Performance Grades Syllabus from 2026 (September 2025); accessed 2026-10-09,4,,Standards,Trad.,Nobody Knows The Trouble I’ve Seen,,Liam Noble,"Jazz Piano Pieces, Grade 4 (ABRSM)",,12
ABRSM Jazz,"Jazz Piano Practical Grades 1-5 (syllabus book extract, abrsm.org file 2023-12); accessed 2026-10-09",4,,Standards,Charlie Shavers,Undecided,,Simon Woolf,"Jazz Piano Pieces, Grade 4 (ABRSM)",,38
ABRSM Jazz Performance,Jazz Piano Performance Grades Syllabus from 2026 (September 2025); accessed 2026-10-09,4,,Standards,Charlie Shavers,Undecided,,Simon Woolf,"Jazz Piano Pieces, Grade 4 (ABRSM)",,12
ABRSM Jazz,"Jazz Piano Practical Grades 1-5 (syllabus book extract, abrsm.org file 2023-12); accessed 2026-10-09",4,,Standards,Scott Joplin,Original Rags,,Brian Priestley,"Jazz Piano Pieces, Grade 4 (ABRSM)",,38
ABRSM Jazz Performance,Jazz Piano Performance Grades Syllabus from 2026 (September 2025); accessed 2026-10-09,4,,Standards,Scott Joplin,Original Rags,,Brian Priestley,"Jazz Piano Pieces, Grade 4 (ABRSM)",,12
ABRSM Jazz,"Jazz Piano Practical Grades 1-5 (syllabus book extract, abrsm.org file 2023-12); accessed 2026-10-09",4,,Contemporary Jazz,Charles Beale,Shh!,,,"Jazz Piano Pieces, Grade 4 (ABRSM)",,38
ABRSM Jazz Performance,Jazz Piano Performance Grades Syllabus from 2026 (September 2025); accessed 2026-10-09,4,,Contemporary Jazz,Charles Beale,Shh!,,,"Jazz Piano Pieces, Grade 4 (ABRSM)",,12
ABRSM Jazz,"Jazz Piano Practical Grades 1-5 (syllabus book extract, abrsm.org file 2023-12); accessed 2026-10-09",4,,Contemporary Jazz,Phil Peskett,In A Different Light,,,"Jazz Piano Pieces, Grade 4 (ABRSM)",,38
ABRSM Jazz Performance,Jazz Piano Performance Grades Syllabus from 2026 (September 2025); accessed 2026-10-09,4,,Contemporary Jazz,Phil Peskett,In A Different Light,,,"Jazz Piano Pieces, Grade 4 (ABRSM)",,12
ABRSM Jazz,"Jazz Piano Practical Grades 1-5 (syllabus book extract, abrsm.org file 2023-12); accessed 2026-10-09",4,,Contemporary Jazz,Chris Batchelor,Heading Home,,,"Jazz Piano Pieces, Grade 4 (ABRSM)",,38
ABRSM Jazz Performance,Jazz Piano Performance Grades Syllabus from 2026 (September 2025); accessed 2026-10-09,4,,Contemporary Jazz,Chris Batchelor,Heading Home,,,"Jazz Piano Pieces, Grade 4 (ABRSM)",,12
ABRSM Jazz,"Jazz Piano Practical Grades 1-5 (syllabus book extract, abrsm.org file 2023-12); accessed 2026-10-09",4,,Contemporary Jazz,Liam Noble,Blues For Pete Johnson,,,"Jazz Piano Pieces, Grade 4 (ABRSM)",,38
ABRSM Jazz Performance,Jazz Piano Performance Grades Syllabus from 2026 (September 2025); accessed 2026-10-09,4,,Contemporary Jazz,Liam Noble,Blues For Pete Johnson,,,"Jazz Piano Pieces, Grade 4 (ABRSM)",,12
ABRSM Jazz,"Jazz Piano Practical Grades 1-5 (syllabus book extract, abrsm.org file 2023-12); accessed 2026-10-09",4,,Contemporary Jazz,John Myhill,Ikon (Memories Of Ike),,,"Jazz Piano Pieces, Grade 4 (ABRSM)",,38
ABRSM Jazz Performance,Jazz Piano Performance Grades Syllabus from 2026 (September 2025); accessed 2026-10-09,4,,Contemporary Jazz,John Myhill,Ikon (Memories Of Ike),,,"Jazz Piano Pieces, Grade 4 (ABRSM)",,12
ABRSM Jazz,"Jazz Piano Practical Grades 1-5 (syllabus book extract, abrsm.org file 2023-12); accessed 2026-10-09",5,,Blues,Miles Davis,All Blues,,Richard Michael,"Jazz Piano Pieces, Grade 5 (ABRSM)",,39
ABRSM Jazz Performance,Jazz Piano Performance Grades Syllabus from 2026 (September 2025); accessed 2026-10-09,5,,Blues,Miles Davis,All Blues,,Richard Michael,"Jazz Piano Pieces, Grade 5 (ABRSM)",,13
ABRSM Jazz,"Jazz Piano Practical Grades 1-5 (syllabus book extract, abrsm.org file 2023-12); accessed 2026-10-09",5,,Blues,Pete Saberton,Crossover Blues,,,"Jazz Piano Pieces, Grade 5 (ABRSM)",,39
ABRSM Jazz Performance,Jazz Piano Performance Grades Syllabus from 2026 (September 2025); accessed 2026-10-09,5,,Blues,Pete Saberton,Crossover Blues,,,"Jazz Piano Pieces, Grade 5 (ABRSM)",,13
ABRSM Jazz,"Jazz Piano Practical Grades 1-5 (syllabus book extract, abrsm.org file 2023-12); accessed 2026-10-09",5,,Blues,Nikki Iles,Lemon Cornette,,,"Jazz Piano Pieces, Grade 5 (ABRSM)",,39
ABRSM Jazz Performance,Jazz Piano Performance Grades Syllabus from 2026 (September 2025); accessed 2026-10-09,5,,Blues,Nikki Iles,Lemon Cornette,,,"Jazz Piano Pieces, Grade 5 (ABRSM)",,13
ABRSM Jazz,"Jazz Piano Practical Grades 1-5 (syllabus book extract, abrsm.org file 2023-12); accessed 2026-10-09",5,,Blues,Roland Perrin,That Monday Morning Feeling,,,"Jazz Piano Pieces, Grade 5 (ABRSM)",,39
ABRSM Jazz Performance,Jazz Piano Performance Grades Syllabus from 2026 (September 2025); accessed 2026-10-09,5,,Blues,Roland Perrin,That Monday Morning Feeling,,,"Jazz Piano Pieces, Grade 5 (ABRSM)",,13
ABRSM Jazz,"Jazz Piano Practical Grades 1-5 (syllabus book extract, abrsm.org file 2023-12); accessed 2026-10-09",5,,Blues,Brian Priestley,Jamming With Jools,,,"Jazz Piano Pieces, Grade 5 (ABRSM)",,39
ABRSM Jazz Performance,Jazz Piano Performance Grades Syllabus from 2026 (September 2025); accessed 2026-10-09,5,,Blues,Brian Priestley,Jamming With Jools,,,"Jazz Piano Pieces, Grade 5 (ABRSM)",,13
ABRSM Jazz,"Jazz Piano Practical Grades 1-5 (syllabus book extract, abrsm.org file 2023-12); accessed 2026-10-09",5,,Standards,Leon Berry,Christopher Columbus,,Martin Litton,"Jazz Piano Pieces, Grade 5 (ABRSM)",,39
ABRSM Jazz Performance,Jazz Piano Performance Grades Syllabus from 2026 (September 2025); accessed 2026-10-09,5,,Standards,Leon Berry,Christopher Columbus,,Martin Litton,"Jazz Piano Pieces, Grade 5 (ABRSM)",,13
ABRSM Jazz,"Jazz Piano Practical Grades 1-5 (syllabus book extract, abrsm.org file 2023-12); accessed 2026-10-09",5,,Standards,Kenny Dorham,Blue Bossa,,Eddie Harvey,"Jazz Piano Pieces, Grade 5 (ABRSM)",,39
ABRSM Jazz Performance,Jazz Piano Performance Grades Syllabus from 2026 (September 2025); accessed 2026-10-09,5,,Standards,Kenny Dorham,Blue Bossa,,Eddie Harvey,"Jazz Piano Pieces, Grade 5 (ABRSM)",,13
ABRSM Jazz,"Jazz Piano Practical Grades 1-5 (syllabus book extract, abrsm.org file 2023-12); accessed 2026-10-09",5,,Standards,Sonny Rollins,Oleo,,Phil Peskett,"Jazz Piano Pieces, Grade 5 (ABRSM)",,39
ABRSM Jazz Performance,Jazz Piano Performance Grades Syllabus from 2026 (September 2025); accessed 2026-10-09,5,,Standards,Sonny Rollins,Oleo,,Phil Peskett,"Jazz Piano Pieces, Grade 5 (ABRSM)",,13
ABRSM Jazz,"Jazz Piano Practical Grades 1-5 (syllabus book extract, abrsm.org file 2023-12); accessed 2026-10-09",5,,Standards,Bill Evans,34skidoo,,Nikki Iles,"Jazz Piano Pieces, Grade 5 (ABRSM)",,39
ABRSM Jazz Performance,Jazz Piano Performance Grades Syllabus from 2026 (September 2025); accessed 2026-10-09,5,,Standards,Bill Evans,34skidoo,,Nikki Iles,"Jazz Piano Pieces, Grade 5 (ABRSM)",,13
ABRSM Jazz,"Jazz Piano Practical Grades 1-5 (syllabus book extract, abrsm.org file 2023-12); accessed 2026-10-09",5,,Standards,Billy Strayhorn,Take The ‘A’ Train,,Eddie Harvey & Nikki Iles,"Jazz Piano Pieces, Grade 5 (ABRSM)",,39
ABRSM Jazz Performance,Jazz Piano Performance Grades Syllabus from 2026 (September 2025); accessed 2026-10-09,5,,Standards,Billy Strayhorn,Take The ‘A’ Train,,Eddie Harvey & Nikki Iles,"Jazz Piano Pieces, Grade 5 (ABRSM)",,13
ABRSM Jazz,"Jazz Piano Practical Grades 1-5 (syllabus book extract, abrsm.org file 2023-12); accessed 2026-10-09",5,,Contemporary Jazz,Richard Michael,An Oscar For Oscar,,,"Jazz Piano Pieces, Grade 5 (ABRSM)",,39
ABRSM Jazz Performance,Jazz Piano Performance Grades Syllabus from 2026 (September 2025); accessed 2026-10-09,5,,Contemporary Jazz,Richard Michael,An Oscar For Oscar,,,"Jazz Piano Pieces, Grade 5 (ABRSM)",,13
ABRSM Jazz,"Jazz Piano Practical Grades 1-5 (syllabus book extract, abrsm.org file 2023-12); accessed 2026-10-09",5,,Contemporary Jazz,Chris Batchelor,So Long,,,"Jazz Piano Pieces, Grade 5 (ABRSM)",,39
ABRSM Jazz Performance,Jazz Piano Performance Grades Syllabus from 2026 (September 2025); accessed 2026-10-09,5,,Contemporary Jazz,Chris Batchelor,So Long,,,"Jazz Piano Pieces, Grade 5 (ABRSM)",,13
ABRSM Jazz,"Jazz Piano Practical Grades 1-5 (syllabus book extract, abrsm.org file 2023-12); accessed 2026-10-09",5,,Contemporary Jazz,Terry Seabrook,Mambo Country,,,"Jazz Piano Pieces, Grade 5 (ABRSM)",,39
ABRSM Jazz Performance,Jazz Piano Performance Grades Syllabus from 2026 (September 2025); accessed 2026-10-09,5,,Contemporary Jazz,Terry Seabrook,Mambo Country,,,"Jazz Piano Pieces, Grade 5 (ABRSM)",,13
ABRSM Jazz,"Jazz Piano Practical Grades 1-5 (syllabus book extract, abrsm.org file 2023-12); accessed 2026-10-09",5,,Contemporary Jazz,Terry Seabrook,Waltz For Autumn,,,"Jazz Piano Pieces, Grade 5 (ABRSM)",,39
ABRSM Jazz Performance,Jazz Piano Performance Grades Syllabus from 2026 (September 2025); accessed 2026-10-09,5,,Contemporary Jazz,Terry Seabrook,Waltz For Autumn,,,"Jazz Piano Pieces, Grade 5 (ABRSM)",,13
ABRSM Jazz,"Jazz Piano Practical Grades 1-5 (syllabus book extract, abrsm.org file 2023-12); accessed 2026-10-09",5,,Contemporary Jazz,Chris Batchelor,Chops,,,"Jazz Piano Pieces, Grade 5 (ABRSM)",,39
ABRSM Jazz Performance,Jazz Piano Performance Grades Syllabus from 2026 (September 2025); accessed 2026-10-09,5,,Contemporary Jazz,Chris Batchelor,Chops,,,"Jazz Piano Pieces, Grade 5 (ABRSM)",,13
ABRSM Jazz Performance,Jazz Piano Performance Grades Syllabus from 2026 (September 2025); accessed 2026-10-09,6,,List A,H. Warren & M. Gordon,There Will Never Be Another You,,,The Real Book – Volume I (Sixth Edition) (Hal Leonard) or H. Warren & M. Gordon: There Will Never Be Another You (Sheet Music Direct),,14
ABRSM Jazz Performance,Jazz Piano Performance Grades Syllabus from 2026 (September 2025); accessed 2026-10-09,6,,List A,T. Monk,In Walked Bud,,,The Real Book – Volume II (Second Edition) (Hal Leonard) or T. Monk: In Walked Bud (Sheet Music Direct),,14
ABRSM Jazz Performance,Jazz Piano Performance Grades Syllabus from 2026 (September 2025); accessed 2026-10-09,6,,List A,Jayme Silva & Teixeira,O Pato,,,The Latin Real Book (Sher Music Co.),,14
ABRSM Jazz Performance,Jazz Piano Performance Grades Syllabus from 2026 (September 2025); accessed 2026-10-09,6,,List A,Corea,500 Miles High,,,The Real Book – Volume I (Sixth Edition) (Hal Leonard) or Corea: 500 Miles High (Sheet Music Direct),,14
ABRSM Jazz Performance,Jazz Piano Performance Grades Syllabus from 2026 (September 2025); accessed 2026-10-09,6,,List A,Hargrove,Strasbourg – St. Denis,,Ames,Hargrove: Strasbourg – St. Denis (Sheet Music Direct),,14
ABRSM Jazz Performance,Jazz Piano Performance Grades Syllabus from 2026 (September 2025); accessed 2026-10-09,6,,List B,"Con Conrad, S. M. Lewis, J. Young & J. R. Robinson",Singin’ the Blues (till my daddy comes home),,Beiderbecke,"Con Conrad, S. M. Lewis, J. Young & J. R. Robinson: Singin’ the Blues (Sheet Music Direct)",,15
ABRSM Jazz Performance,Jazz Piano Performance Grades Syllabus from 2026 (September 2025); accessed 2026-10-09,6,,List B,Dennis,Angel Eyes,,,The Real Book – Volume I (Sixth Edition) (Hal Leonard) or Dennis: Angel Eyes (Sheet Music Direct),,15
ABRSM Jazz Performance,Jazz Piano Performance Grades Syllabus from 2026 (September 2025); accessed 2026-10-09,6,,List B,Bonfá,Black Orpheus (Manhã de Carnaval),,,The Real Book – Volume I (Sixth Edition) (Hal Leonard) or Bonfá: Black Orpheus (Sheet Music Direct),,15
ABRSM Jazz Performance,Jazz Piano Performance Grades Syllabus from 2026 (September 2025); accessed 2026-10-09,6,,List B,Zoe Rahman,Maya,,,Zoe Rahman: Maya (Zoe Rahman),,15
ABRSM Jazz Performance,Jazz Piano Performance Grades Syllabus from 2026 (September 2025); accessed 2026-10-09,6,,List B,Cécile McLorin Salvant,Look at Me,,,New Standards – 101 Lead Sheets By Women Composers (Berklee Press),,15
ABRSM Jazz Performance,Jazz Piano Performance Grades Syllabus from 2026 (September 2025); accessed 2026-10-09,6,,List C,Billy Taylor,I Wish I Knew How It Would Feel To Be Free,,Churchill,Jazz Piano Solo Pieces Grades 6–8 (ABRSM),,15
ABRSM Jazz Performance,Jazz Piano Performance Grades Syllabus from 2026 (September 2025); accessed 2026-10-09,6,,List C,H. Carmichael & Gorrell,Georgia on my Mind,,Iles,Jazz Piano Solo Pieces Grades 6–8 (ABRSM),,15
ABRSM Jazz Performance,Jazz Piano Performance Grades Syllabus from 2026 (September 2025); accessed 2026-10-09,6,,List C,Andrea Vicari,Lakeshore Drive,,(arr.),Jazz Piano Solo Pieces Grades 6–8 (ABRSM),,15
ABRSM Jazz Performance,Jazz Piano Performance Grades Syllabus from 2026 (September 2025); accessed 2026-10-09,6,,List C,Gonzaga,Corta-jaca (Gaúcho),,Yeoh,Jazz Piano Solo Pieces Grades 6–8 (ABRSM),,15
ABRSM Jazz Performance,Jazz Piano Performance Grades Syllabus from 2026 (September 2025); accessed 2026-10-09,6,,List C,Robert Mitchell,Amálie,,,Jazz Piano Solo Pieces Grades 6–8 (ABRSM),,15
ABRSM Jazz Performance,Jazz Piano Performance Grades Syllabus from 2026 (September 2025); accessed 2026-10-09,7,,List A,L. H. Armstrong,Struttin’ with Some Barbecue,,,"The Real Book – Volume II, Second Edition (Hal Leonard) or L. H. Armstrong: Struttin’ with Some Barbecue (Sheet Music Direct)",,16
ABRSM Jazz Performance,Jazz Piano Performance Grades Syllabus from 2026 (September 2025); accessed 2026-10-09,7,,List A,Goodman & Hampton,Flying Home,,,"The Real Book – Volume II, Second Edition (Hal Leonard) or Goodman & Hampton: Flying Home (Sheet Music Direct)",,16
ABRSM Jazz Performance,Jazz Piano Performance Grades Syllabus from 2026 (September 2025); accessed 2026-10-09,7,,List A,T. Monk & K. Clarke,Epistrophy,,,"The Real Book – Volume I, Sixth Edition (Hal Leonard) or T. Monk & K. Clarke: Epistrophy (Sheet Music Direct)",,16
ABRSM Jazz Performance,Jazz Piano Performance Grades Syllabus from 2026 (September 2025); accessed 2026-10-09,7,,List A,J. Henderson,Recorda Me,,,"The Real Book – Volume I, Sixth Edition (Hal Leonard) or J. Henderson: Recorda Me (Sheet Music Direct)",,16
ABRSM Jazz Performance,Jazz Piano Performance Grades Syllabus from 2026 (September 2025); accessed 2026-10-09,7,,List A,Corea,Captain Marvel,,,"The Real Book – Volume I, Sixth Edition (Hal Leonard) or Corea: Captain Marvel (Sheet Music Direct)",,16
ABRSM Jazz Performance,Jazz Piano Performance Grades Syllabus from 2026 (September 2025); accessed 2026-10-09,7,,List B,H. Carmichael,Stardust,,,"The Real Book – Volume II, Second Edition (Hal Leonard) or H. Carmichael: Stardust (Sheet Music Direct)",,17
ABRSM Jazz Performance,Jazz Piano Performance Grades Syllabus from 2026 (September 2025); accessed 2026-10-09,7,,List B,Liston,Just Waiting,,,Liston: Just Waiting (Second Floor Music),,17
ABRSM Jazz Performance,Jazz Piano Performance Grades Syllabus from 2026 (September 2025); accessed 2026-10-09,7,,List B,Jorge Ben,Mas Que Nada,,,The Latin Real Book (Sher Music Co.),,17
ABRSM Jazz Performance,Jazz Piano Performance Grades Syllabus from 2026 (September 2025); accessed 2026-10-09,7,,List B,Shorter,Infant Eyes,,,"The Real Book – Volume II, Second Edition (Hal Leonard) or Shorter: Infant Eyes (Sheet Music Direct)",,17
ABRSM Jazz Performance,Jazz Piano Performance Grades Syllabus from 2026 (September 2025); accessed 2026-10-09,7,,List B,G. Allen,Unconditional Love,,,New Standards – 101 Lead Sheets By Women Composers (Berklee Press),,17
ABRSM Jazz Performance,Jazz Piano Performance Grades Syllabus from 2026 (September 2025); accessed 2026-10-09,7,,List C,Trad.,Abide with Me,,Churchill,Jazz Piano Solo Pieces Grades 6–8 (ABRSM),,17
ABRSM Jazz Performance,Jazz Piano Performance Grades Syllabus from 2026 (September 2025); accessed 2026-10-09,7,,List C,Bart Howard,Fly Me to the Moon,,Iles,Jazz Piano Solo Pieces Grades 6–8 (ABRSM),,17
ABRSM Jazz Performance,Jazz Piano Performance Grades Syllabus from 2026 (September 2025); accessed 2026-10-09,7,,List C,Julian Joseph,Tilt that Woolly Hat,,(arr.),Jazz Piano Solo Pieces Grades 6–8 (ABRSM),,17
ABRSM Jazz Performance,Jazz Piano Performance Grades Syllabus from 2026 (September 2025); accessed 2026-10-09,7,,List C,Nikki Iles,Lower East Side,,(arr.),Jazz Piano Solo Pieces Grades 6–8 (ABRSM),,17
ABRSM Jazz Performance,Jazz Piano Performance Grades Syllabus from 2026 (September 2025); accessed 2026-10-09,7,,List C,G. & I. Gershwin,"Oh, Lady Be Good",,Gorman,Jazz Piano Solo Pieces Grades 6–8 (ABRSM),,17
ABRSM Jazz Performance,Jazz Piano Performance Grades Syllabus from 2026 (September 2025); accessed 2026-10-09,8,,List A,C. Parker,Confirmation,,,"The Real Book – Volume I, Sixth Edition (Hal Leonard) or C. Parker: Confirmation (Sheet Music Direct)",,18
ABRSM Jazz Performance,Jazz Piano Performance Grades Syllabus from 2026 (September 2025); accessed 2026-10-09,8,,List A,C. Brown,Daahoud,,,C. Brown: Daahoud (Second Floor Music),,18
ABRSM Jazz Performance,Jazz Piano Performance Grades Syllabus from 2026 (September 2025); accessed 2026-10-09,8,,List A,J. Henderson,Inner Urge,,,"The Real Book – Volume I, Sixth Edition (Hal Leonard) or J. Henderson: Inner Urge (Sheet Music Direct)",,18
ABRSM Jazz Performance,Jazz Piano Performance Grades Syllabus from 2026 (September 2025); accessed 2026-10-09,8,,List A,Egberto Gismonti,Loro,,,The Latin Real Book (Sher Music Co.),,18
ABRSM Jazz Performance,Jazz Piano Performance Grades Syllabus from 2026 (September 2025); accessed 2026-10-09,8,,List A,Iain Ballamy,Strawberries for Two,,,Iain Ballamy: Strawberries for Two (Iain Ballamy),,18
ABRSM Jazz Performance,Jazz Piano Performance Grades Syllabus from 2026 (September 2025); accessed 2026-10-09,8,,List B,Ronell,Willow Weep for Me,,,"The Real Book – Volume II, Second Edition (Hal Leonard)",,19
ABRSM Jazz Performance,Jazz Piano Performance Grades Syllabus from 2026 (September 2025); accessed 2026-10-09,8,,List B,Strayhorn,Chelsea Bridge,,,"The Real Book – Volume I, Sixth Edition (Hal Leonard)",,19
ABRSM Jazz Performance,Jazz Piano Performance Grades Syllabus from 2026 (September 2025); accessed 2026-10-09,8,,List B,T. Monk,’Round Midnight,,,"The Real Book – Volume I, Sixth Edition (Hal Leonard) or T. Monk: ’Round Midnight (Sheet Music Direct)",,19
ABRSM Jazz Performance,Jazz Piano Performance Grades Syllabus from 2026 (September 2025); accessed 2026-10-09,8,,List B,Jobim,Chega de Saudade (No More Blues),,,"The Real Book – Volume I, Sixth Edition (Hal Leonard) or Jobim: Chega de Saudade (Sheet Music Direct)",,19
ABRSM Jazz Performance,Jazz Piano Performance Grades Syllabus from 2026 (September 2025); accessed 2026-10-09,8,,List B,Nduduzo Makhathini,Ithemba,,,The South African Jazz Real Book (sheetmusic.co.za),,19
ABRSM Jazz Performance,Jazz Piano Performance Grades Syllabus from 2026 (September 2025); accessed 2026-10-09,8,,List C,Jason Rebello,Kickin’ Off,,(arr.),Jazz Piano Solo Pieces Grades 6–8 (ABRSM),,19
ABRSM Jazz Performance,Jazz Piano Performance Grades Syllabus from 2026 (September 2025); accessed 2026-10-09,8,,List C,Zoe Rahman,Go with the Flow,,(arr.),Jazz Piano Solo Pieces Grades 6–8 (ABRSM),,19
ABRSM Jazz Performance,Jazz Piano Performance Grades Syllabus from 2026 (September 2025); accessed 2026-10-09,8,,List C,Sherwin & Maschwitz,A Nightingale Sang in Berkeley Square,,Iles,Jazz Piano Solo Pieces Grades 6–8 (ABRSM),,19
ABRSM Jazz Performance,Jazz Piano Performance Grades Syllabus from 2026 (September 2025); accessed 2026-10-09,8,,List C,Sam Watts,Fim da Noite,,,Jazz Piano Solo Pieces Grades 6–8 (ABRSM),,19
ABRSM Jazz Performance,Jazz Piano Performance Grades Syllabus from 2026 (September 2025); accessed 2026-10-09,8,,List C,Gwilym Simcock,The Wayfarer,,,Jazz Piano Solo Pieces Grades 6–8 (ABRSM),,19
ANZCA Modern,"Examination Syllabus: Pianoforte, Pianoforte Duet, Theory of Music 2025-27, Modern Pianoforte; accessed 2026-10-09",0,,Pop and Rock,,Having Fun,,,ANZCA Modern Pianoforte Series 2 – Preliminary,,45
ANZCA Modern,"Examination Syllabus: Pianoforte, Pianoforte Duet, Theory of Music 2025-27, Modern Pianoforte; accessed 2026-10-09",0,,Pop and Rock,,Moonlit Shadows,,,ANZCA Modern Pianoforte Series 2 – Preliminary,,45
ANZCA Modern,"Examination Syllabus: Pianoforte, Pianoforte Duet, Theory of Music 2025-27, Modern Pianoforte; accessed 2026-10-09",0,,Pop and Rock,,Piano Roll Rock,,,ANZCA Modern Pianoforte Series 2 – Preliminary,,45
ANZCA Modern,"Examination Syllabus: Pianoforte, Pianoforte Duet, Theory of Music 2025-27, Modern Pianoforte; accessed 2026-10-09",0,,Pop and Rock,,Slapstick,,,ANZCA Modern Pianoforte Series 2 – Preliminary,,45
ANZCA Modern,"Examination Syllabus: Pianoforte, Pianoforte Duet, Theory of Music 2025-27, Modern Pianoforte; accessed 2026-10-09",0,,Pop and Rock,,My Birthday Barbie,,,"Best of ANZCA Pianoforte Series 1, The (ANZCA)",,45
ANZCA Modern,"Examination Syllabus: Pianoforte, Pianoforte Duet, Theory of Music 2025-27, Modern Pianoforte; accessed 2026-10-09",0,,Pop and Rock,,Whimsical Wind,,,"Best of ANZCA Pianoforte Series 1, The (ANZCA)",,45
ANZCA Modern,"Examination Syllabus: Pianoforte, Pianoforte Duet, Theory of Music 2025-27, Modern Pianoforte; accessed 2026-10-09",0,,Pop and Rock,,Easy Does It,00-3141,,Alfred’s Basic Jazz/Rock Course – Lesson Book Level 2 (Alfred 00-3141),,45
ANZCA Modern,"Examination Syllabus: Pianoforte, Pianoforte Duet, Theory of Music 2025-27, Modern Pianoforte; accessed 2026-10-09",0,,Pop and Rock,,Feelings,00-3141,,Alfred’s Basic Jazz/Rock Course – Lesson Book Level 2 (Alfred 00-3141),,45
ANZCA Modern,"Examination Syllabus: Pianoforte, Pianoforte Duet, Theory of Music 2025-27, Modern Pianoforte; accessed 2026-10-09",0,,Pop and Rock,,Speak Up,00-3141,,Alfred’s Basic Jazz/Rock Course – Lesson Book Level 2 (Alfred 00-3141),,45
ANZCA Modern,"Examination Syllabus: Pianoforte, Pianoforte Duet, Theory of Music 2025-27, Modern Pianoforte; accessed 2026-10-09",0,,Pop and Rock,,Stretching Out,00-3141,,Alfred’s Basic Jazz/Rock Course – Lesson Book Level 2 (Alfred 00-3141),,45
ANZCA Modern,"Examination Syllabus: Pianoforte, Pianoforte Duet, Theory of Music 2025-27, Modern Pianoforte; accessed 2026-10-09",0,,Pop and Rock,,Superstar,00-3141,,Alfred’s Basic Jazz/Rock Course – Lesson Book Level 2 (Alfred 00-3141),,45
ANZCA Modern,"Examination Syllabus: Pianoforte, Pianoforte Duet, Theory of Music 2025-27, Modern Pianoforte; accessed 2026-10-09",0,,Pop and Rock,,Twilight Time,00-3141,,Alfred’s Basic Jazz/Rock Course – Lesson Book Level 2 (Alfred 00-3141),,45
ANZCA Modern,"Examination Syllabus: Pianoforte, Pianoforte Duet, Theory of Music 2025-27, Modern Pianoforte; accessed 2026-10-09",0,,Pop and Rock,,My Heart Will Go On,00-16496,,Alfred’s Basic Piano Library – Top Hits! Solo Book Level 1B (00-16496),,45
ANZCA Modern,"Examination Syllabus: Pianoforte, Pianoforte Duet, Theory of Music 2025-27, Modern Pianoforte; accessed 2026-10-09",0,,Pop and Rock,,Peter Cottontail,00-16496,,Alfred’s Basic Piano Library – Top Hits! Solo Book Level 1B (00-16496),,45
ANZCA Modern,"Examination Syllabus: Pianoforte, Pianoforte Duet, Theory of Music 2025-27, Modern Pianoforte; accessed 2026-10-09",0,,Pop and Rock,,"Puff, the Magic Dragon",00-16496,,Alfred’s Basic Piano Library – Top Hits! Solo Book Level 1B (00-16496),,45
ANZCA Modern,"Examination Syllabus: Pianoforte, Pianoforte Duet, Theory of Music 2025-27, Modern Pianoforte; accessed 2026-10-09",0,,Pop and Rock,,The Construction Site,,,"ARNOLD, G. Electro Mix",,45
ANZCA Modern,"Examination Syllabus: Pianoforte, Pianoforte Duet, Theory of Music 2025-27, Modern Pianoforte; accessed 2026-10-09",0,,Pop and Rock,,Stop and Go,,,"ARNOLD, G. Electro Mix",,45
ANZCA Modern,"Examination Syllabus: Pianoforte, Pianoforte Duet, Theory of Music 2025-27, Modern Pianoforte; accessed 2026-10-09",0,,Pop and Rock,,Big Blue Sea,,,5 Creative Sparks [Also available for individual download; grantarnold.com/shop],,45
ANZCA Modern,"Examination Syllabus: Pianoforte, Pianoforte Duet, Theory of Music 2025-27, Modern Pianoforte; accessed 2026-10-09",0,,Pop and Rock,,Autumn Leaves,,,Single sheet: (grantarnold.com/shop),,45
ANZCA Modern,"Examination Syllabus: Pianoforte, Pianoforte Duet, Theory of Music 2025-27, Modern Pianoforte; accessed 2026-10-09",0,,Pop and Rock,,Bill Bailey,WP239,,"BASTIEN, J. Boogie, Rock & Country Level 2 (Kjos WP239)",,45
ANZCA Modern,"Examination Syllabus: Pianoforte, Pianoforte Duet, Theory of Music 2025-27, Modern Pianoforte; accessed 2026-10-09",0,,Pop and Rock,,The Man on the Flying Trapeze,WP239,,"BASTIEN, J. Boogie, Rock & Country Level 2 (Kjos WP239)",,45
ANZCA Modern,"Examination Syllabus: Pianoforte, Pianoforte Duet, Theory of Music 2025-27, Modern Pianoforte; accessed 2026-10-09",0,,Pop and Rock,,Rock Group,WP201,,Piano Basics Level 1 (WP201),,45
ANZCA Modern,"Examination Syllabus: Pianoforte, Pianoforte Duet, Theory of Music 2025-27, Modern Pianoforte; accessed 2026-10-09",0,,Pop and Rock,,Swingin’ Beat,WP201,,Piano Basics Level 1 (WP201),,45
ANZCA Modern,"Examination Syllabus: Pianoforte, Pianoforte Duet, Theory of Music 2025-27, Modern Pianoforte; accessed 2026-10-09",0,,Pop and Rock,,Clap Hands,WP202,,Piano Basics Level 2 (WP202),,45
ANZCA Modern,"Examination Syllabus: Pianoforte, Pianoforte Duet, Theory of Music 2025-27, Modern Pianoforte; accessed 2026-10-09",0,,Pop and Rock,,Old Macdonald Rocks,WP202,,Piano Basics Level 2 (WP202),,45
ANZCA Modern,"Examination Syllabus: Pianoforte, Pianoforte Duet, Theory of Music 2025-27, Modern Pianoforte; accessed 2026-10-09",0,,Pop and Rock,,Major-Minor Bop,WP203,,Piano Basics Level 3 (WP203),,45
ANZCA Modern,"Examination Syllabus: Pianoforte, Pianoforte Duet, Theory of Music 2025-27, Modern Pianoforte; accessed 2026-10-09",0,,Pop and Rock,,Twinkle Rock,WP51,,Pop Piano Styles Level 1 (WP51),,45
ANZCA Modern,"Examination Syllabus: Pianoforte, Pianoforte Duet, Theory of Music 2025-27, Modern Pianoforte; accessed 2026-10-09",0,,Pop and Rock,,Blue Dragon Fly,GP37,,Pop Rock ’n’ Blues Book 1 (GP37),,45
ANZCA Modern,"Examination Syllabus: Pianoforte, Pianoforte Duet, Theory of Music 2025-27, Modern Pianoforte; accessed 2026-10-09",0,,Pop and Rock,,Mardi Gras Rock,GP37,,Pop Rock ’n’ Blues Book 1 (GP37),,45
ANZCA Modern,"Examination Syllabus: Pianoforte, Pianoforte Duet, Theory of Music 2025-27, Modern Pianoforte; accessed 2026-10-09",0,,Pop and Rock,,Gettin’ Ready,GP56,,Rock ’n’ Blues for Fun (GP56),,45
ANZCA Modern,"Examination Syllabus: Pianoforte, Pianoforte Duet, Theory of Music 2025-27, Modern Pianoforte; accessed 2026-10-09",0,,Pop and Rock,,Spring Fever,GP56,,Rock ’n’ Blues for Fun (GP56),,45
ANZCA Modern,"Examination Syllabus: Pianoforte, Pianoforte Duet, Theory of Music 2025-27, Modern Pianoforte; accessed 2026-10-09",0,,Pop and Rock,,A Swing Thing,,,"BAUMGARTNER, E. Jazz Connection – Book 1 (Willis Music/Encore, encoremusic.au)",,45
ANZCA Modern,"Examination Syllabus: Pianoforte, Pianoforte Duet, Theory of Music 2025-27, Modern Pianoforte; accessed 2026-10-09",0,,Pop and Rock,,no. 3,,,"CHUA, S. Waltz It All About...? (Single-sheet download available from fabermusic.com)",,45
ANZCA Modern,"Examination Syllabus: Pianoforte, Pianoforte Duet, Theory of Music 2025-27, Modern Pianoforte; accessed 2026-10-09",0,,Pop and Rock,,Chase It,ASCK001,,Encore on Keys – Achiever Series Level 1 (Encore Music Education ASCK001),,45
ANZCA Modern,"Examination Syllabus: Pianoforte, Pianoforte Duet, Theory of Music 2025-27, Modern Pianoforte; accessed 2026-10-09",0,,Pop and Rock,,From the Top,ASCK001,,Encore on Keys – Achiever Series Level 1 (Encore Music Education ASCK001),,45
ANZCA Modern,"Examination Syllabus: Pianoforte, Pianoforte Duet, Theory of Music 2025-27, Modern Pianoforte; accessed 2026-10-09",0,,Pop and Rock,,Matador,ASCK001,,Encore on Keys – Achiever Series Level 1 (Encore Music Education ASCK001),,45
ANZCA Modern,"Examination Syllabus: Pianoforte, Pianoforte Duet, Theory of Music 2025-27, Modern Pianoforte; accessed 2026-10-09",0,,Pop and Rock,,Struttin’,ASCK001,,Encore on Keys – Achiever Series Level 1 (Encore Music Education ASCK001),,45
ANZCA Modern,"Examination Syllabus: Pianoforte, Pianoforte Duet, Theory of Music 2025-27, Modern Pianoforte; accessed 2026-10-09",0,,Pop and Rock,,Backyard Grubs,ASCK002,,E.O.K. – Achiever Series Level 2 (ASCK002),,45
ANZCA Modern,"Examination Syllabus: Pianoforte, Pianoforte Duet, Theory of Music 2025-27, Modern Pianoforte; accessed 2026-10-09",0,,Pop and Rock,,Scenic Rim,ASCK002,,E.O.K. – Achiever Series Level 2 (ASCK002),,45
ANZCA Modern,"Examination Syllabus: Pianoforte, Pianoforte Duet, Theory of Music 2025-27, Modern Pianoforte; accessed 2026-10-09",0,,Pop and Rock,,Seventh Heaven,ASCK002,,E.O.K. – Achiever Series Level 2 (ASCK002),,45
ANZCA Modern,"Examination Syllabus: Pianoforte, Pianoforte Duet, Theory of Music 2025-27, Modern Pianoforte; accessed 2026-10-09",0,,Pop and Rock,,Willow Bend,ASCK002,,E.O.K. – Achiever Series Level 2 (ASCK002),,45
ANZCA Modern,"Examination Syllabus: Pianoforte, Pianoforte Duet, Theory of Music 2025-27, Modern Pianoforte; accessed 2026-10-09",0,,Pop and Rock,,Let’s Go Latin,JSCK004,,E.O.K. – Junior Series Book 4 (JSCK004),,45
ANZCA Modern,"Examination Syllabus: Pianoforte, Pianoforte Duet, Theory of Music 2025-27, Modern Pianoforte; accessed 2026-10-09",0,,Pop and Rock,,Rally to the Square,JSCK004,,E.O.K. – Junior Series Book 4 (JSCK004),,45
ANZCA Modern,"Examination Syllabus: Pianoforte, Pianoforte Duet, Theory of Music 2025-27, Modern Pianoforte; accessed 2026-10-09",0,,Pop and Rock,,Rock It,JSCK004,,E.O.K. – Junior Series Book 4 (JSCK004),,45
ANZCA Modern,"Examination Syllabus: Pianoforte, Pianoforte Duet, Theory of Music 2025-27, Modern Pianoforte; accessed 2026-10-09",0,,Pop and Rock,,Calypso,PSCK002,,E.O.K. – Primary Series Level 2 (PSCK002),,45
ANZCA Modern,"Examination Syllabus: Pianoforte, Pianoforte Duet, Theory of Music 2025-27, Modern Pianoforte; accessed 2026-10-09",0,,Pop and Rock,,"The Good, the Bad and the Ugly",AP1002,ed. E. Milne.,Getting to Preliminary – The New Mix (Hal Leonard AP1002),,45
ANZCA Modern,"Examination Syllabus: Pianoforte, Pianoforte Duet, Theory of Music 2025-27, Modern Pianoforte; accessed 2026-10-09",0,,Pop and Rock,,"Tie Me Kangaroo Down, Sport",AP1002,ed. E. Milne.,Getting to Preliminary – The New Mix (Hal Leonard AP1002),,45
ANZCA Modern,"Examination Syllabus: Pianoforte, Pianoforte Duet, Theory of Music 2025-27, Modern Pianoforte; accessed 2026-10-09",0,,Pop and Rock,,Going Undercover,,,"McFARLANE, D. Single sheets: (supersonicspiano.com)",,45
ANZCA Modern,"Examination Syllabus: Pianoforte, Pianoforte Duet, Theory of Music 2025-27, Modern Pianoforte; accessed 2026-10-09",0,,Pop and Rock,,Robotico,,,"McFARLANE, D. Single sheets: (supersonicspiano.com)",,45
ANZCA Modern,"Examination Syllabus: Pianoforte, Pianoforte Duet, Theory of Music 2025-27, Modern Pianoforte; accessed 2026-10-09",0,,Pop and Rock,,Sneak Attack,,,"McFARLANE, D. Single sheets: (supersonicspiano.com)",,45
ANZCA Modern,"Examination Syllabus: Pianoforte, Pianoforte Duet, Theory of Music 2025-27, Modern Pianoforte; accessed 2026-10-09",0,,Pop and Rock,,Snowflakes,,,"McFARLANE, D. Single sheets: (supersonicspiano.com)",,45
ANZCA Modern,"Examination Syllabus: Pianoforte, Pianoforte Duet, Theory of Music 2025-27, Modern Pianoforte; accessed 2026-10-09",0,,Pop and Rock,,The Wallaby Hop,00-18199,,"MIER, M. Musical Snapshots (Alfred 00-18199)",,45
ANZCA Modern,"Examination Syllabus: Pianoforte, Pianoforte Duet, Theory of Music 2025-27, Modern Pianoforte; accessed 2026-10-09",0,,Pop and Rock,,Singin’ Blue,,,"MITCHELL, M. Grooves That Move – Real Easy (groovesthatmove.com)",,45
ANZCA Modern,"Examination Syllabus: Pianoforte, Pianoforte Duet, Theory of Music 2025-27, Modern Pianoforte; accessed 2026-10-09",0,,Pop and Rock,,Coming to Town,HL00399001,,"NORTON, C. American Popular Piano – Repertoire Level 1 (Novus Via Music Group/Hal Leonard HL00399001)",,46
ANZCA Modern,"Examination Syllabus: Pianoforte, Pianoforte Duet, Theory of Music 2025-27, Modern Pianoforte; accessed 2026-10-09",0,,Pop and Rock,,Country Fair,HL00399001,,"NORTON, C. American Popular Piano – Repertoire Level 1 (Novus Via Music Group/Hal Leonard HL00399001)",,46
ANZCA Modern,"Examination Syllabus: Pianoforte, Pianoforte Duet, Theory of Music 2025-27, Modern Pianoforte; accessed 2026-10-09",0,,Pop and Rock,,Forever Yours,HL00399001,,"NORTON, C. American Popular Piano – Repertoire Level 1 (Novus Via Music Group/Hal Leonard HL00399001) [solo piano part, played with backing track]",,46
ANZCA Modern,"Examination Syllabus: Pianoforte, Pianoforte Duet, Theory of Music 2025-27, Modern Pianoforte; accessed 2026-10-09",0,,Pop and Rock,,Going Far Away,HL00399001,,"NORTON, C. American Popular Piano – Repertoire Level 1 (Novus Via Music Group/Hal Leonard HL00399001)",,46
ANZCA Modern,"Examination Syllabus: Pianoforte, Pianoforte Duet, Theory of Music 2025-27, Modern Pianoforte; accessed 2026-10-09",0,,Pop and Rock,,No Way Out,HL00399001,,"NORTON, C. American Popular Piano – Repertoire Level 1 (Novus Via Music Group/Hal Leonard HL00399001)",,46
ANZCA Modern,"Examination Syllabus: Pianoforte, Pianoforte Duet, Theory of Music 2025-27, Modern Pianoforte; accessed 2026-10-09",0,,Pop and Rock,,Working with Metal,HL00399001,,"NORTON, C. American Popular Piano – Repertoire Level 1 (Novus Via Music Group/Hal Leonard HL00399001) [solo piano part, played with backing track]",,46
ANZCA Modern,"Examination Syllabus: Pianoforte, Pianoforte Duet, Theory of Music 2025-27, Modern Pianoforte; accessed 2026-10-09",0,,Pop and Rock,,Another Siesta,HL00399002,,"A.P.P. – Repertoire Level 2 (HL00399002) [solo piano part, played with backing track]",,46
ANZCA Modern,"Examination Syllabus: Pianoforte, Pianoforte Duet, Theory of Music 2025-27, Modern Pianoforte; accessed 2026-10-09",0,,Pop and Rock,,Back on the Bike,HL00399002,,A.P.P. – Repertoire Level 2 (HL00399002),,46
ANZCA Modern,"Examination Syllabus: Pianoforte, Pianoforte Duet, Theory of Music 2025-27, Modern Pianoforte; accessed 2026-10-09",0,,Pop and Rock,,Clear Sky,HL00399002,,A.P.P. – Repertoire Level 2 (HL00399002),,46
ANZCA Modern,"Examination Syllabus: Pianoforte, Pianoforte Duet, Theory of Music 2025-27, Modern Pianoforte; accessed 2026-10-09",0,,Pop and Rock,,Dewdrops,HL00399002,,"A.P.P. – Repertoire Level 2 (HL00399002) [solo piano part, played with backing track]",,46
ANZCA Modern,"Examination Syllabus: Pianoforte, Pianoforte Duet, Theory of Music 2025-27, Modern Pianoforte; accessed 2026-10-09",0,,Pop and Rock,,Getting Ready for Battle,HL00399002,,A.P.P. – Repertoire Level 2 (HL00399002),,46
ANZCA Modern,"Examination Syllabus: Pianoforte, Pianoforte Duet, Theory of Music 2025-27, Modern Pianoforte; accessed 2026-10-09",0,,Pop and Rock,,Gracefully Done,HL00399002,,A.P.P. – Repertoire Level 2 (HL00399002),,46
ANZCA Modern,"Examination Syllabus: Pianoforte, Pianoforte Duet, Theory of Music 2025-27, Modern Pianoforte; accessed 2026-10-09",0,,Pop and Rock,,Song for a Cowboy,HL00399002,,A.P.P. – Repertoire Level 2 (HL00399002),,46
ANZCA Modern,"Examination Syllabus: Pianoforte, Pianoforte Duet, Theory of Music 2025-27, Modern Pianoforte; accessed 2026-10-09",0,,Pop and Rock,,Soccer Mania,HL00399002,,A.P.P. – Repertoire Level 2 (HL00399002),,46
ANZCA Modern,"Examination Syllabus: Pianoforte, Pianoforte Duet, Theory of Music 2025-27, Modern Pianoforte; accessed 2026-10-09",0,,Pop and Rock,,Snow Ballad,HL00399002,,A.P.P. – Repertoire Level 2 (HL00399002),,46
ANZCA Modern,"Examination Syllabus: Pianoforte, Pianoforte Duet, Theory of Music 2025-27, Modern Pianoforte; accessed 2026-10-09",0,,Pop and Rock,,Sword Swallower,HL00399002,,"A.P.P. – Repertoire Level 2 (HL00399002) [solo piano part, played with backing track]",,46
ANZCA Modern,"Examination Syllabus: Pianoforte, Pianoforte Duet, Theory of Music 2025-27, Modern Pianoforte; accessed 2026-10-09",0,,Pop and Rock,,Taking Time,HL00399002,,"A.P.P. – Repertoire Level 2 (HL00399002) [solo piano part, played with backing track]",,46
ANZCA Modern,"Examination Syllabus: Pianoforte, Pianoforte Duet, Theory of Music 2025-27, Modern Pianoforte; accessed 2026-10-09",0,,Pop and Rock,,A Fanfare,HL00399003,,A.P.P. – Repertoire Level 3 (HL00399003),,46
ANZCA Modern,"Examination Syllabus: Pianoforte, Pianoforte Duet, Theory of Music 2025-27, Modern Pianoforte; accessed 2026-10-09",0,,Pop and Rock,,Jamaican Market,HL00399003,,"A.P.P. – Repertoire Level 3 (HL00399003) [solo piano part, played with backing track]",,46
ANZCA Modern,"Examination Syllabus: Pianoforte, Pianoforte Duet, Theory of Music 2025-27, Modern Pianoforte; accessed 2026-10-09",0,,Pop and Rock,,Lapping It Up,HL00399003,,"A.P.P. – Repertoire Level 3 (HL00399003) [solo piano part, played with backing track]",,46
ANZCA Modern,"Examination Syllabus: Pianoforte, Pianoforte Duet, Theory of Music 2025-27, Modern Pianoforte; accessed 2026-10-09",0,,Pop and Rock,,War Dance,HL00399003,,A.P.P. – Repertoire Level 3 (HL00399003),,46
ANZCA Modern,"Examination Syllabus: Pianoforte, Pianoforte Duet, Theory of Music 2025-27, Modern Pianoforte; accessed 2026-10-09",0,,Pop and Rock,,Creaking Stairs,9781908500106,,Connections 1 for Piano (80 Days Pub./Hal Leonard 9781908500106),,46
ANZCA Modern,"Examination Syllabus: Pianoforte, Pianoforte Duet, Theory of Music 2025-27, Modern Pianoforte; accessed 2026-10-09",0,,Pop and Rock,,Driving Range,9781908500106,,Connections 1 for Piano (80 Days Pub./Hal Leonard 9781908500106),,46
ANZCA Modern,"Examination Syllabus: Pianoforte, Pianoforte Duet, Theory of Music 2025-27, Modern Pianoforte; accessed 2026-10-09",0,,Pop and Rock,,On Stage,9781908500106,,Connections 1 for Piano (80 Days Pub./Hal Leonard 9781908500106),,46
ANZCA Modern,"Examination Syllabus: Pianoforte, Pianoforte Duet, Theory of Music 2025-27, Modern Pianoforte; accessed 2026-10-09",0,,Pop and Rock,,Out of the Mist,9781908500106,,Connections 1 for Piano (80 Days Pub./Hal Leonard 9781908500106),,46
ANZCA Modern,"Examination Syllabus: Pianoforte, Pianoforte Duet, Theory of Music 2025-27, Modern Pianoforte; accessed 2026-10-09",0,,Pop and Rock,,Snow Scene,M060138652,,"NORTON,C. Microjazz Collection 1, The (Boosey & Hawkes M060138652)",,46
ANZCA Modern,"Examination Syllabus: Pianoforte, Pianoforte Duet, Theory of Music 2025-27, Modern Pianoforte; accessed 2026-10-09",0,,Pop and Rock,,Struttin’,M060138652,,"NORTON,C. Microjazz Collection 1, The (Boosey & Hawkes M060138652)",,46
ANZCA Modern,"Examination Syllabus: Pianoforte, Pianoforte Duet, Theory of Music 2025-27, Modern Pianoforte; accessed 2026-10-09",0,,Pop and Rock,,Into the Sun,M0601022576,,Microjazz for Beginners (B&H M0601022576),,46
ANZCA Modern,"Examination Syllabus: Pianoforte, Pianoforte Duet, Theory of Music 2025-27, Modern Pianoforte; accessed 2026-10-09",0,,Pop and Rock,,Ups and Downs,M0601022576,,Microjazz for Beginners (B&H M0601022576),,46
ANZCA Modern,"Examination Syllabus: Pianoforte, Pianoforte Duet, Theory of Music 2025-27, Modern Pianoforte; accessed 2026-10-09",0,,Pop and Rock,,Memory,HL00296033,,Popular Piano Solos Level 3 – 2nd Edition (Hal Leonard HL00296033),,46
ANZCA Modern,"Examination Syllabus: Pianoforte, Pianoforte Duet, Theory of Music 2025-27, Modern Pianoforte; accessed 2026-10-09",0,,Pop and Rock,,Sniffari,,,"ROBINSON, A. Pooches at the Piano (flyingivoriesmusic.com.au)",,46
ANZCA Modern,"Examination Syllabus: Pianoforte, Pianoforte Duet, Theory of Music 2025-27, Modern Pianoforte; accessed 2026-10-09",0,,Pop and Rock,,Do-Re-Mi,HL00316057,arr. P. Keveren.,"Sound of Music, The – Big-Note Piano (Hal Leonard HL00316057)",,46
ANZCA Modern,"Examination Syllabus: Pianoforte, Pianoforte Duet, Theory of Music 2025-27, Modern Pianoforte; accessed 2026-10-09",0,,Pop and Rock,,My Favorite Things,HL00316057,arr. P. Keveren.,"Sound of Music, The – Big-Note Piano (Hal Leonard HL00316057)",,46
ANZCA Modern,"Examination Syllabus: Pianoforte, Pianoforte Duet, Theory of Music 2025-27, Modern Pianoforte; accessed 2026-10-09",0,,Pop and Rock,,"So Long, Farewell",HL00316057,arr. P. Keveren.,"Sound of Music, The – Big-Note Piano (Hal Leonard HL00316057)",,46
ANZCA Modern,"Examination Syllabus: Pianoforte, Pianoforte Duet, Theory of Music 2025-27, Modern Pianoforte; accessed 2026-10-09",0,,Blues,,The Long Road Home,,,ANZCA Modern Pianoforte Series 2 – Preliminary,,46
ANZCA Modern,"Examination Syllabus: Pianoforte, Pianoforte Duet, Theory of Music 2025-27, Modern Pianoforte; accessed 2026-10-09",0,,Blues,,Sneak,,,ANZCA Modern Pianoforte Series 2 – Preliminary,,46
ANZCA Modern,"Examination Syllabus: Pianoforte, Pianoforte Duet, Theory of Music 2025-27, Modern Pianoforte; accessed 2026-10-09",0,,Blues,,Sweet ’n’ Blue,,,ANZCA Modern Pianoforte Series 2 – Preliminary,,46
ANZCA Modern,"Examination Syllabus: Pianoforte, Pianoforte Duet, Theory of Music 2025-27, Modern Pianoforte; accessed 2026-10-09",0,,Blues,,Tick Tock Blues,,,ANZCA Modern Pianoforte Series 2 – Preliminary,,46
ANZCA Modern,"Examination Syllabus: Pianoforte, Pianoforte Duet, Theory of Music 2025-27, Modern Pianoforte; accessed 2026-10-09",0,,Blues,,Simple Triple?,,,"Best of ANZCA Pianoforte Series 1, The (ANZCA)",,46
ANZCA Modern,"Examination Syllabus: Pianoforte, Pianoforte Duet, Theory of Music 2025-27, Modern Pianoforte; accessed 2026-10-09",0,,Blues,,Trip Lightly,,,"Best of ANZCA Pianoforte Series 1, The (ANZCA)",,46
ANZCA Modern,"Examination Syllabus: Pianoforte, Pianoforte Duet, Theory of Music 2025-27, Modern Pianoforte; accessed 2026-10-09",0,,Blues,,Blues for Wynton Marsalis,00-3141,,Alfred’s Basic Jazz/Rock Course - Lesson Book Level 2 (Alfred 00-3141),,46
ANZCA Modern,"Examination Syllabus: Pianoforte, Pianoforte Duet, Theory of Music 2025-27, Modern Pianoforte; accessed 2026-10-09",0,,Blues,,The Dancing Shoes Blues,00-3142,,A.B.J.R.C. – L.B. Level 3 (00-3142),,46
ANZCA Modern,"Examination Syllabus: Pianoforte, Pianoforte Duet, Theory of Music 2025-27, Modern Pianoforte; accessed 2026-10-09",0,,Blues,,Electric Blues,00-3142,,A.B.J.R.C. – L.B. Level 3 (00-3142),,46
ANZCA Modern,"Examination Syllabus: Pianoforte, Pianoforte Duet, Theory of Music 2025-27, Modern Pianoforte; accessed 2026-10-09",0,,Blues,,Waiting,00-3142,,A.B.J.R.C. – L.B. Level 3 (00-3142),,46
ANZCA Modern,"Examination Syllabus: Pianoforte, Pianoforte Duet, Theory of Music 2025-27, Modern Pianoforte; accessed 2026-10-09",0,,Blues,,Space Shuttle Blues,00-2110,,Alfred’s Basic Piano Library – Lesson Book Level 4 (00-2110),,46
ANZCA Modern,"Examination Syllabus: Pianoforte, Pianoforte Duet, Theory of Music 2025-27, Modern Pianoforte; accessed 2026-10-09",0,,Blues,,Midnight Blues,WP239,,"BASTIEN, J. Boogie, Rock & Country Level 2 (Kjos WP239)",,46
ANZCA Modern,"Examination Syllabus: Pianoforte, Pianoforte Duet, Theory of Music 2025-27, Modern Pianoforte; accessed 2026-10-09",0,,Blues,,Main Street Blues,WP51,,Pop Piano Styles Level 1 (Kjos WP51),,46
ANZCA Modern,"Examination Syllabus: Pianoforte, Pianoforte Duet, Theory of Music 2025-27, Modern Pianoforte; accessed 2026-10-09",0,,Blues,,Got the Blues,GP37,,Pop Rock ’n’ Blues Book 1 (GP37),,46
ANZCA Modern,"Examination Syllabus: Pianoforte, Pianoforte Duet, Theory of Music 2025-27, Modern Pianoforte; accessed 2026-10-09",0,,Blues,,Blue Lady,GP56,,Rock ’n’ Blues for Fun (GP56),,46
ANZCA Modern,"Examination Syllabus: Pianoforte, Pianoforte Duet, Theory of Music 2025-27, Modern Pianoforte; accessed 2026-10-09",0,,Blues,,Royal Blues,GP56,,Rock ’n’ Blues for Fun (GP56),,46
ANZCA Modern,"Examination Syllabus: Pianoforte, Pianoforte Duet, Theory of Music 2025-27, Modern Pianoforte; accessed 2026-10-09",0,,Blues,,I’m So Cool,,,"CHUA, S. Bogus Boogies (Single-sheet download available from supersonicspiano.com)",,46
ANZCA Modern,"Examination Syllabus: Pianoforte, Pianoforte Duet, Theory of Music 2025-27, Modern Pianoforte; accessed 2026-10-09",0,,Blues,,Monday Blues,00-6033,,KOWALCHYK & LANCASTER. Boogie ’n’ Blues – Book 1 (Alfred 00-6033),,46
ANZCA Modern,"Examination Syllabus: Pianoforte, Pianoforte Duet, Theory of Music 2025-27, Modern Pianoforte; accessed 2026-10-09",0,,Blues,,Blue Waltz,,,"McFARLANE, D. Single sheets: (supersonicspiano.com)",,46
ANZCA Modern,"Examination Syllabus: Pianoforte, Pianoforte Duet, Theory of Music 2025-27, Modern Pianoforte; accessed 2026-10-09",0,,Blues,,Chopin’s Blues,,,"McFARLANE, D. Single sheets: (supersonicspiano.com)",,46
ANZCA Modern,"Examination Syllabus: Pianoforte, Pianoforte Duet, Theory of Music 2025-27, Modern Pianoforte; accessed 2026-10-09",0,,Blues,,Farewell Blues,00-18199,,"MIER, M. Musical Snapshots (Alfred 00-18199)",,46
ANZCA Modern,"Examination Syllabus: Pianoforte, Pianoforte Duet, Theory of Music 2025-27, Modern Pianoforte; accessed 2026-10-09",0,,Blues,,Blue Ostinato,,,"MITCHELL, M. Grooves That Move – Real Easy (groovesthatmove.com)",,46
ANZCA Modern,"Examination Syllabus: Pianoforte, Pianoforte Duet, Theory of Music 2025-27, Modern Pianoforte; accessed 2026-10-09",0,,Blues,,Shuffleboard,HL00399001,,"NORTON, C. American Popular Piano – Repertoire Level 1 (Novus Via Music Group/Hal Leonard HL00399001)",,46
ANZCA Modern,"Examination Syllabus: Pianoforte, Pianoforte Duet, Theory of Music 2025-27, Modern Pianoforte; accessed 2026-10-09",0,,Blues,,Time Out,HL00399001,,"NORTON, C. American Popular Piano – Repertoire Level 1 (Novus Via Music Group/Hal Leonard HL00399001) [solo piano part, played with backing track]",,46
ANZCA Modern,"Examination Syllabus: Pianoforte, Pianoforte Duet, Theory of Music 2025-27, Modern Pianoforte; accessed 2026-10-09",0,,Blues,,All Alone,HL00399002,,A.P.P. – Repertoire Level 2 (HL00399002),,46
ANZCA Modern,"Examination Syllabus: Pianoforte, Pianoforte Duet, Theory of Music 2025-27, Modern Pianoforte; accessed 2026-10-09",0,,Blues,,Breaking Rocks,HL00399002,,"A.P.P. – Repertoire Level 2 (HL00399002) [solo piano part, played with backing track]",,46
ANZCA Modern,"Examination Syllabus: Pianoforte, Pianoforte Duet, Theory of Music 2025-27, Modern Pianoforte; accessed 2026-10-09",0,,Blues,,Howlin’,HL00399002,,"A.P.P. – Repertoire Level 2 (HL00399002) [solo piano part, played with backing track]",,46
ANZCA Modern,"Examination Syllabus: Pianoforte, Pianoforte Duet, Theory of Music 2025-27, Modern Pianoforte; accessed 2026-10-09",0,,Boogie,,Blue Sky Boogie,,,ANZCA Modern Pianoforte Series 2 – Preliminary,,46
ANZCA Modern,"Examination Syllabus: Pianoforte, Pianoforte Duet, Theory of Music 2025-27, Modern Pianoforte; accessed 2026-10-09",0,,Boogie,,Bogie Boogie,,,ANZCA Modern Pianoforte Series 2 – Preliminary,,46
ANZCA Modern,"Examination Syllabus: Pianoforte, Pianoforte Duet, Theory of Music 2025-27, Modern Pianoforte; accessed 2026-10-09",0,,Boogie,,Lucky Duck Boogie,,,ANZCA Modern Pianoforte Series 2 – Preliminary,,46
ANZCA Modern,"Examination Syllabus: Pianoforte, Pianoforte Duet, Theory of Music 2025-27, Modern Pianoforte; accessed 2026-10-09",0,,Boogie,,Train Line Boogie,,,ANZCA Modern Pianoforte Series 2 – Preliminary,,46
ANZCA Modern,"Examination Syllabus: Pianoforte, Pianoforte Duet, Theory of Music 2025-27, Modern Pianoforte; accessed 2026-10-09",0,,Boogie,,Down Boogie Street,,,"Best of ANZCA Pianoforte Series 1, The (ANZCA)",,46
ANZCA Modern,"Examination Syllabus: Pianoforte, Pianoforte Duet, Theory of Music 2025-27, Modern Pianoforte; accessed 2026-10-09",0,,Boogie,,Saddlin’ Up,,,"Best of ANZCA Pianoforte Series 1, The (ANZCA)",,46
ANZCA Modern,"Examination Syllabus: Pianoforte, Pianoforte Duet, Theory of Music 2025-27, Modern Pianoforte; accessed 2026-10-09",0,,Boogie,,Jet Plane Boogie,00-3141,,Alfred’s Basic Jazz/Rock Course – Lesson Book Level 2 (Alfred 00-3141),,46
ANZCA Modern,"Examination Syllabus: Pianoforte, Pianoforte Duet, Theory of Music 2025-27, Modern Pianoforte; accessed 2026-10-09",0,,Boogie,,Cat Boogie,WP238,,"BASTIEN, J. Boogie, Rock & Country Level 1 (Kjos WP238)",,47
ANZCA Modern,"Examination Syllabus: Pianoforte, Pianoforte Duet, Theory of Music 2025-27, Modern Pianoforte; accessed 2026-10-09",0,,Boogie,,Indian Boogie,WP238,,"BASTIEN, J. Boogie, Rock & Country Level 1 (Kjos WP238)",,47
ANZCA Modern,"Examination Syllabus: Pianoforte, Pianoforte Duet, Theory of Music 2025-27, Modern Pianoforte; accessed 2026-10-09",0,,Boogie,,Choo-Choo Boogie,WP240,,"Boogie, Rock & Country Level 3 (WP240)",,47
ANZCA Modern,"Examination Syllabus: Pianoforte, Pianoforte Duet, Theory of Music 2025-27, Modern Pianoforte; accessed 2026-10-09",0,,Boogie,,Boogie Blues,WP51,,Pop Piano Styles Level 1 (WP51),,47
ANZCA Modern,"Examination Syllabus: Pianoforte, Pianoforte Duet, Theory of Music 2025-27, Modern Pianoforte; accessed 2026-10-09",0,,Boogie,,Super Boogie,WP51,,Pop Piano Styles Level 1 (WP51),,47
ANZCA Modern,"Examination Syllabus: Pianoforte, Pianoforte Duet, Theory of Music 2025-27, Modern Pianoforte; accessed 2026-10-09",0,,Boogie,,Jumpin’,GP37,,"Pop, Rock ’n’ Blues Book 1 (GP37)",,47
ANZCA Modern,"Examination Syllabus: Pianoforte, Pianoforte Duet, Theory of Music 2025-27, Modern Pianoforte; accessed 2026-10-09",0,,Boogie,,Let’s Boogie,ASCK003,,Encore on Keys – Achiever Series Level 3 (Encore Music Education ASCK003),,47
ANZCA Modern,"Examination Syllabus: Pianoforte, Pianoforte Duet, Theory of Music 2025-27, Modern Pianoforte; accessed 2026-10-09",0,,Boogie,,Baby Elephant Walk,AP1002,ed. E. Milne.,Getting to Preliminary – The New Mix (Hal Leonard AP1002),,47
ANZCA Modern,"Examination Syllabus: Pianoforte, Pianoforte Duet, Theory of Music 2025-27, Modern Pianoforte; accessed 2026-10-09",0,,Boogie,,Bright Lights Boogie,00-6033,,KOWALCHYK & LANCASTER. Boogie ’n’ Blues – Book 1 (Alfred 00-6033),,47
ANZCA Modern,"Examination Syllabus: Pianoforte, Pianoforte Duet, Theory of Music 2025-27, Modern Pianoforte; accessed 2026-10-09",0,,Boogie,,Crossover Boogie,,,"McFARLANE, D. Single sheet: (supersonicspiano.com)",,47
ANZCA Modern,"Examination Syllabus: Pianoforte, Pianoforte Duet, Theory of Music 2025-27, Modern Pianoforte; accessed 2026-10-09",0,,Boogie,,Firecracker Boogie,00-18199,,"MIER, M. Musical Snapshots (Alfred 00-18199)",,47
ANZCA Modern,"Examination Syllabus: Pianoforte, Pianoforte Duet, Theory of Music 2025-27, Modern Pianoforte; accessed 2026-10-09",0,,Boogie,,Just Cruizin’,,,"MITCHELL, M. Grooves That Move – Real Easy (groovesthatmove.com)",,47
ANZCA Modern,"Examination Syllabus: Pianoforte, Pianoforte Duet, Theory of Music 2025-27, Modern Pianoforte; accessed 2026-10-09",1,,Pop and Rock,,Cheeky Chicken Rock,,,ANZCA Modern Pianoforte Series 2 – Grade One,,48
ANZCA Modern,"Examination Syllabus: Pianoforte, Pianoforte Duet, Theory of Music 2025-27, Modern Pianoforte; accessed 2026-10-09",1,,Pop and Rock,,Mexican Standoff,,,ANZCA Modern Pianoforte Series 2 – Grade One,,48
ANZCA Modern,"Examination Syllabus: Pianoforte, Pianoforte Duet, Theory of Music 2025-27, Modern Pianoforte; accessed 2026-10-09",1,,Pop and Rock,,Scoobie Du Wup,,,ANZCA Modern Pianoforte Series 2 – Grade One,,48
ANZCA Modern,"Examination Syllabus: Pianoforte, Pianoforte Duet, Theory of Music 2025-27, Modern Pianoforte; accessed 2026-10-09",1,,Pop and Rock,,New Shoes,,,"Best of ANZCA Pianoforte Series 1, The (ANZCA)",,48
ANZCA Modern,"Examination Syllabus: Pianoforte, Pianoforte Duet, Theory of Music 2025-27, Modern Pianoforte; accessed 2026-10-09",1,,Pop and Rock,,Rock ’n’ Roll Party,,,"Best of ANZCA Pianoforte Series 1, The (ANZCA)",,48
ANZCA Modern,"Examination Syllabus: Pianoforte, Pianoforte Duet, Theory of Music 2025-27, Modern Pianoforte; accessed 2026-10-09",1,,Pop and Rock,,Heartbroken,00-3141,,Alfred’s Basic Jazz/Rock Course – Lesson Book Level 2 (Alfred 00-3141),,48
ANZCA Modern,"Examination Syllabus: Pianoforte, Pianoforte Duet, Theory of Music 2025-27, Modern Pianoforte; accessed 2026-10-09",1,,Pop and Rock,,Kaleidoscope,00-3141,,Alfred’s Basic Jazz/Rock Course – Lesson Book Level 2 (Alfred 00-3141),,48
ANZCA Modern,"Examination Syllabus: Pianoforte, Pianoforte Duet, Theory of Music 2025-27, Modern Pianoforte; accessed 2026-10-09",1,,Pop and Rock,,I’m Late,00-16496,,Alfred’s Basic Piano Library – Top Hits! Solo Book Level 1B (00-16496),,48
ANZCA Modern,"Examination Syllabus: Pianoforte, Pianoforte Duet, Theory of Music 2025-27, Modern Pianoforte; accessed 2026-10-09",1,,Pop and Rock,,Rubber Duckie,00-16496,,Alfred’s Basic Piano Library – Top Hits! Solo Book Level 1B (00-16496),,48
ANZCA Modern,"Examination Syllabus: Pianoforte, Pianoforte Duet, Theory of Music 2025-27, Modern Pianoforte; accessed 2026-10-09",1,,Pop and Rock,,Beauty and the Beast,00-16497,,A.B.P.L. – Top Hits! Solo Book Level 2 (00-16497),,48
ANZCA Modern,"Examination Syllabus: Pianoforte, Pianoforte Duet, Theory of Music 2025-27, Modern Pianoforte; accessed 2026-10-09",1,,Pop and Rock,,Tomorrow,00-16497,,A.B.P.L. – Top Hits! Solo Book Level 2 (00-16497),,48
ANZCA Modern,"Examination Syllabus: Pianoforte, Pianoforte Duet, Theory of Music 2025-27, Modern Pianoforte; accessed 2026-10-09",1,,Pop and Rock,,What a Wonderful World,00-16497,,A.B.P.L. – Top Hits! Solo Book Level 2 (00-16497),,48
ANZCA Modern,"Examination Syllabus: Pianoforte, Pianoforte Duet, Theory of Music 2025-27, Modern Pianoforte; accessed 2026-10-09",1,,Pop and Rock,,Rocking Train,,,"ARNOLD, G. The Beat Mix",,48
ANZCA Modern,"Examination Syllabus: Pianoforte, Pianoforte Duet, Theory of Music 2025-27, Modern Pianoforte; accessed 2026-10-09",1,,Pop and Rock,,Wide Wide Ocean,,,5 Creative Sparks [Also available for individual download; grantarnold.com/shop],,48
ANZCA Modern,"Examination Syllabus: Pianoforte, Pianoforte Duet, Theory of Music 2025-27, Modern Pianoforte; accessed 2026-10-09",1,,Pop and Rock,,Mellow,,,Single sheet: (grantarnold.com/shop),,48
ANZCA Modern,"Examination Syllabus: Pianoforte, Pianoforte Duet, Theory of Music 2025-27, Modern Pianoforte; accessed 2026-10-09",1,,Pop and Rock,,Scoobie Du Wup,,,"BAILEY, K. Jazzin’ Around 3 (kerinbailey.com.au, or through Hal Leonard)",,48
ANZCA Modern,"Examination Syllabus: Pianoforte, Pianoforte Duet, Theory of Music 2025-27, Modern Pianoforte; accessed 2026-10-09",1,,Pop and Rock,,Robot Rock,WP238,,"BASTIEN, J. Boogie, Rock & Country Level 1 (Kjos WP238)",,48
ANZCA Modern,"Examination Syllabus: Pianoforte, Pianoforte Duet, Theory of Music 2025-27, Modern Pianoforte; accessed 2026-10-09",1,,Pop and Rock,,Super Rock,WP239,,"Boogie, Rock & Country Level 2 (WP239)",,48
ANZCA Modern,"Examination Syllabus: Pianoforte, Pianoforte Duet, Theory of Music 2025-27, Modern Pianoforte; accessed 2026-10-09",1,,Pop and Rock,,Lonely Night,GP37,,"Pop, Rock ’n’ Blues Book 1 (GP37)",,48
ANZCA Modern,"Examination Syllabus: Pianoforte, Pianoforte Duet, Theory of Music 2025-27, Modern Pianoforte; accessed 2026-10-09",1,,Pop and Rock,,On the Beach,GP37,,"Pop, Rock ’n’ Blues Book 1 (GP37)",,48
ANZCA Modern,"Examination Syllabus: Pianoforte, Pianoforte Duet, Theory of Music 2025-27, Modern Pianoforte; accessed 2026-10-09",1,,Pop and Rock,,Rock Around,GP37,,"Pop, Rock ’n’ Blues Book 1 (GP37)",,48
ANZCA Modern,"Examination Syllabus: Pianoforte, Pianoforte Duet, Theory of Music 2025-27, Modern Pianoforte; accessed 2026-10-09",1,,Pop and Rock,,Rock Easy,GP37,,"Pop, Rock ’n’ Blues Book 1 (GP37)",,48
ANZCA Modern,"Examination Syllabus: Pianoforte, Pianoforte Duet, Theory of Music 2025-27, Modern Pianoforte; accessed 2026-10-09",1,,Pop and Rock,,When the Saints Go Marching In,GP37,,"Pop, Rock ’n’ Blues Book 1 (GP37)",,48
ANZCA Modern,"Examination Syllabus: Pianoforte, Pianoforte Duet, Theory of Music 2025-27, Modern Pianoforte; accessed 2026-10-09",1,,Pop and Rock,,Calypso Carnival,,,"BAUMGARTNER, E. Jazz Connection – Book 1 (Willis Music/Encore, encoremusic.au)",,48
ANZCA Modern,"Examination Syllabus: Pianoforte, Pianoforte Duet, Theory of Music 2025-27, Modern Pianoforte; accessed 2026-10-09",1,,Pop and Rock,,Funkasaurus,,,"BAUMGARTNER, E. Jazz Connection – Book 1 (Willis Music/Encore, encoremusic.au)",,48
ANZCA Modern,"Examination Syllabus: Pianoforte, Pianoforte Duet, Theory of Music 2025-27, Modern Pianoforte; accessed 2026-10-09",1,,Pop and Rock,,Morning has Broken,E17645,,"BRIMHALL, J. All Gold for Easy Piano Book 1 (EMI E17645)",,48
ANZCA Modern,"Examination Syllabus: Pianoforte, Pianoforte Duet, Theory of Music 2025-27, Modern Pianoforte; accessed 2026-10-09",1,,Pop and Rock,,Greensleeves,E17645,,"BRIMHALL, J. All Gold for Easy Piano Book 1 (EMI E17645)",,48
ANZCA Modern,"Examination Syllabus: Pianoforte, Pianoforte Duet, Theory of Music 2025-27, Modern Pianoforte; accessed 2026-10-09",1,,Pop and Rock,,Scarborough Fair,E17645,,"BRIMHALL, J. All Gold for Easy Piano Book 1 (EMI E17645)",,48
ANZCA Modern,"Examination Syllabus: Pianoforte, Pianoforte Duet, Theory of Music 2025-27, Modern Pianoforte; accessed 2026-10-09",1,,Pop and Rock,,no. 1 or 2,,,"CHUA, S. Waltz It All About...? (Single-sheet downloads available from supersonicspiano.com)",,48
ANZCA Modern,"Examination Syllabus: Pianoforte, Pianoforte Duet, Theory of Music 2025-27, Modern Pianoforte; accessed 2026-10-09",1,,Pop and Rock,,High Jinx,ASCK002,,Encore on Keys – Achiever Series Level 2 (Encore Music Education ASCK002),,48
ANZCA Modern,"Examination Syllabus: Pianoforte, Pianoforte Duet, Theory of Music 2025-27, Modern Pianoforte; accessed 2026-10-09",1,,Pop and Rock,,Time Flies,ASCK002,,Encore on Keys – Achiever Series Level 2 (Encore Music Education ASCK002),,48
ANZCA Modern,"Examination Syllabus: Pianoforte, Pianoforte Duet, Theory of Music 2025-27, Modern Pianoforte; accessed 2026-10-09",1,,Pop and Rock,,Sesame Street,AP1004,ed. E. Milne.,Getting to Grade One – The New Mix (Hal Leonard AP1004),,48
ANZCA Modern,"Examination Syllabus: Pianoforte, Pianoforte Duet, Theory of Music 2025-27, Modern Pianoforte; accessed 2026-10-09",1,,Pop and Rock,,Stairway,AP1004,ed. E. Milne.,Getting to Grade One – The New Mix (Hal Leonard AP1004),,48
ANZCA Modern,"Examination Syllabus: Pianoforte, Pianoforte Duet, Theory of Music 2025-27, Modern Pianoforte; accessed 2026-10-09",1,,Pop and Rock,,A Brand New Day,,,"McFARLANE, D. Single sheets: (supersonicspiano.com)",,48
ANZCA Modern,"Examination Syllabus: Pianoforte, Pianoforte Duet, Theory of Music 2025-27, Modern Pianoforte; accessed 2026-10-09",1,,Pop and Rock,,Nitro,,,"McFARLANE, D. Single sheets: (supersonicspiano.com)",,48
ANZCA Modern,"Examination Syllabus: Pianoforte, Pianoforte Duet, Theory of Music 2025-27, Modern Pianoforte; accessed 2026-10-09",1,,Pop and Rock,,Primary Rock,,,"McFARLANE, D. Single sheets: (supersonicspiano.com)",,48
ANZCA Modern,"Examination Syllabus: Pianoforte, Pianoforte Duet, Theory of Music 2025-27, Modern Pianoforte; accessed 2026-10-09",1,,Pop and Rock,,Mexican Salsa Cha-Cha,00-18199,,"MIER, M. Musical Snapshots (Alfred 00-18199)",,48
ANZCA Modern,"Examination Syllabus: Pianoforte, Pianoforte Duet, Theory of Music 2025-27, Modern Pianoforte; accessed 2026-10-09",1,,Pop and Rock,,Mad Chooks,,,"MITCHELL, M. Grooves That Move – Real Easy (groovesthatmove.com)",,48
ANZCA Modern,"Examination Syllabus: Pianoforte, Pianoforte Duet, Theory of Music 2025-27, Modern Pianoforte; accessed 2026-10-09",1,,Pop and Rock,,Sunrise,,,"MITCHELL, M. Grooves That Move – Real Easy (groovesthatmove.com)",,48
ANZCA Modern,"Examination Syllabus: Pianoforte, Pianoforte Duet, Theory of Music 2025-27, Modern Pianoforte; accessed 2026-10-09",1,,Pop and Rock,,Prairie Song,HL00399002,,"NORTON, C. American Popular Piano – Repertoire Level 2 (Novus Via Music Group/Hal Leonard HL00399002)",,48
ANZCA Modern,"Examination Syllabus: Pianoforte, Pianoforte Duet, Theory of Music 2025-27, Modern Pianoforte; accessed 2026-10-09",1,,Pop and Rock,,Spinning Song,HL00399002,,"NORTON, C. American Popular Piano – Repertoire Level 2 (Novus Via Music Group/Hal Leonard HL00399002)",,48
ANZCA Modern,"Examination Syllabus: Pianoforte, Pianoforte Duet, Theory of Music 2025-27, Modern Pianoforte; accessed 2026-10-09",1,,Pop and Rock,,Swan Song,HL00399002,,"NORTON, C. American Popular Piano – Repertoire Level 2 (Novus Via Music Group/Hal Leonard HL00399002)",,48
ANZCA Modern,"Examination Syllabus: Pianoforte, Pianoforte Duet, Theory of Music 2025-27, Modern Pianoforte; accessed 2026-10-09",1,,Pop and Rock,,A Conversation,HL00399003,,A.P.P. – Repertoire Level 3 (HL00399003),,48
ANZCA Modern,"Examination Syllabus: Pianoforte, Pianoforte Duet, Theory of Music 2025-27, Modern Pianoforte; accessed 2026-10-09",1,,Pop and Rock,,Doleful,HL00399003,,A.P.P. – Repertoire Level 3 (HL00399003),,48
ANZCA Modern,"Examination Syllabus: Pianoforte, Pianoforte Duet, Theory of Music 2025-27, Modern Pianoforte; accessed 2026-10-09",1,,Pop and Rock,,Drifting Away,HL00399003,,A.P.P. – Repertoire Level 3 (HL00399003),,48
ANZCA Modern,"Examination Syllabus: Pianoforte, Pianoforte Duet, Theory of Music 2025-27, Modern Pianoforte; accessed 2026-10-09",1,,Pop and Rock,,Lonely Cottage,HL00399003,,A.P.P. – Repertoire Level 3 (HL00399003),,48
ANZCA Modern,"Examination Syllabus: Pianoforte, Pianoforte Duet, Theory of Music 2025-27, Modern Pianoforte; accessed 2026-10-09",1,,Pop and Rock,,Petals,HL00399003,,A.P.P. – Repertoire Level 3 (HL00399003),,48
ANZCA Modern,"Examination Syllabus: Pianoforte, Pianoforte Duet, Theory of Music 2025-27, Modern Pianoforte; accessed 2026-10-09",1,,Pop and Rock,,Tango of the Desert,HL00399003,,"A.P.P. – Repertoire Level 3 (HL00399003) [solo piano part, played with backing track]",,48
ANZCA Modern,"Examination Syllabus: Pianoforte, Pianoforte Duet, Theory of Music 2025-27, Modern Pianoforte; accessed 2026-10-09",1,,Pop and Rock,,A Knight’s Tale,HL00399004,,"A.P.P. – Repertoire Level 4 (HL00399004) [solo piano part, played with backing track]",,48
ANZCA Modern,"Examination Syllabus: Pianoforte, Pianoforte Duet, Theory of Music 2025-27, Modern Pianoforte; accessed 2026-10-09",1,,Pop and Rock,,Caribbean Song,9781908500106,,Connections 1 for Piano (80 Days Pub./Hal Leonard 9781908500106),,48
ANZCA Modern,"Examination Syllabus: Pianoforte, Pianoforte Duet, Theory of Music 2025-27, Modern Pianoforte; accessed 2026-10-09",1,,Pop and Rock,,Four Wheel Drive,9781908500106,,Connections 1 for Piano (80 Days Pub./Hal Leonard 9781908500106),,48
ANZCA Modern,"Examination Syllabus: Pianoforte, Pianoforte Duet, Theory of Music 2025-27, Modern Pianoforte; accessed 2026-10-09",1,,Pop and Rock,,Full of Confidence,9781908500106,,Connections 1 for Piano (80 Days Pub./Hal Leonard 9781908500106),,48
ANZCA Modern,"Examination Syllabus: Pianoforte, Pianoforte Duet, Theory of Music 2025-27, Modern Pianoforte; accessed 2026-10-09",1,,Pop and Rock,,Trucking,9781908500106,,Connections 1 for Piano (80 Days Pub./Hal Leonard 9781908500106),,48
ANZCA Modern,"Examination Syllabus: Pianoforte, Pianoforte Duet, Theory of Music 2025-27, Modern Pianoforte; accessed 2026-10-09",1,,Pop and Rock,,Samba Band,9781908500120,,Connections 3 for Piano (H.L. 9781908500120),,48
ANZCA Modern,"Examination Syllabus: Pianoforte, Pianoforte Duet, Theory of Music 2025-27, Modern Pianoforte; accessed 2026-10-09",1,,Pop and Rock,,Reggae,M060138669,,"Microjazz Collection 2, The (Boosey & Hawkes M060138669)",,48
ANZCA Modern,"Examination Syllabus: Pianoforte, Pianoforte Duet, Theory of Music 2025-27, Modern Pianoforte; accessed 2026-10-09",1,,Pop and Rock,,Down South,M060138744,,"Microstyles Collection, The (B&H M060138744)",,48
ANZCA Modern,"Examination Syllabus: Pianoforte, Pianoforte Duet, Theory of Music 2025-27, Modern Pianoforte; accessed 2026-10-09",1,,Pop and Rock,,Can You Feel the Love Tonight,HL00296033,,Popular Piano Solos Level 3 – 2nd Edition (Hal Leonard HL00296033),,49
ANZCA Modern,"Examination Syllabus: Pianoforte, Pianoforte Duet, Theory of Music 2025-27, Modern Pianoforte; accessed 2026-10-09",1,,Pop and Rock,,Firework,HL00296033,,Popular Piano Solos Level 3 – 2nd Edition (Hal Leonard HL00296033),,49
ANZCA Modern,"Examination Syllabus: Pianoforte, Pianoforte Duet, Theory of Music 2025-27, Modern Pianoforte; accessed 2026-10-09",1,,Pop and Rock,,Rockin’ Robin,HL00296033,,Popular Piano Solos Level 3 – 2nd Edition (Hal Leonard HL00296033),,49
ANZCA Modern,"Examination Syllabus: Pianoforte, Pianoforte Duet, Theory of Music 2025-27, Modern Pianoforte; accessed 2026-10-09",1,,Pop and Rock,,Skyfall,HL00296033,,Popular Piano Solos Level 3 – 2nd Edition (Hal Leonard HL00296033),,49
ANZCA Modern,"Examination Syllabus: Pianoforte, Pianoforte Duet, Theory of Music 2025-27, Modern Pianoforte; accessed 2026-10-09",1,,Pop and Rock,,Funky Dunky Dog,,,"ROBINSON, A. Pooches at the Piano (flyingivoriesmusic.com.au)",,49
ANZCA Modern,"Examination Syllabus: Pianoforte, Pianoforte Duet, Theory of Music 2025-27, Modern Pianoforte; accessed 2026-10-09",1,,Pop and Rock,,Climb Ev’ry Mountain,HL00316057,arr. P. Keveren.,"Sound of Music, The – Big-Note Piano (Hal Leonard HL00316057)",,49
ANZCA Modern,"Examination Syllabus: Pianoforte, Pianoforte Duet, Theory of Music 2025-27, Modern Pianoforte; accessed 2026-10-09",1,,Pop and Rock,,The Lonely Goatherd,HL00316057,arr. P. Keveren.,"Sound of Music, The – Big-Note Piano (Hal Leonard HL00316057)",,49
ANZCA Modern,"Examination Syllabus: Pianoforte, Pianoforte Duet, Theory of Music 2025-27, Modern Pianoforte; accessed 2026-10-09",1,,Pop and Rock,,Maria,HL00316057,arr. P. Keveren.,"Sound of Music, The – Big-Note Piano (Hal Leonard HL00316057)",,49
ANZCA Modern,"Examination Syllabus: Pianoforte, Pianoforte Duet, Theory of Music 2025-27, Modern Pianoforte; accessed 2026-10-09",1,,Blues,,Blue Butterfly Blues,,,ANZCA Modern Pianoforte Series 2 – Grade One,,49
ANZCA Modern,"Examination Syllabus: Pianoforte, Pianoforte Duet, Theory of Music 2025-27, Modern Pianoforte; accessed 2026-10-09",1,,Blues,,"Cool, Daddy",,,ANZCA Modern Pianoforte Series 2 – Grade One,,49
ANZCA Modern,"Examination Syllabus: Pianoforte, Pianoforte Duet, Theory of Music 2025-27, Modern Pianoforte; accessed 2026-10-09",1,,Blues,,Slow Walkin’ Blues,,,ANZCA Modern Pianoforte Series 2 – Grade One,,49
ANZCA Modern,"Examination Syllabus: Pianoforte, Pianoforte Duet, Theory of Music 2025-27, Modern Pianoforte; accessed 2026-10-09",1,,Blues,,Blues in G,,,"Best of ANZCA Pianoforte Series 1, The (ANZCA)",,49
ANZCA Modern,"Examination Syllabus: Pianoforte, Pianoforte Duet, Theory of Music 2025-27, Modern Pianoforte; accessed 2026-10-09",1,,Blues,,True Blue Blues,,,"Best of ANZCA Pianoforte Series 1, The (ANZCA)",,49
ANZCA Modern,"Examination Syllabus: Pianoforte, Pianoforte Duet, Theory of Music 2025-27, Modern Pianoforte; accessed 2026-10-09",1,,Blues,,Air Force Blues,CH61269,,"BARRATT, G. Next Step: Boogies, Rags and Blues Collection (Chester CH61269)",,49
ANZCA Modern,"Examination Syllabus: Pianoforte, Pianoforte Duet, Theory of Music 2025-27, Modern Pianoforte; accessed 2026-10-09",1,,Blues,,Lazy Haze,CH61269,,"BARRATT, G. Next Step: Boogies, Rags and Blues Collection (Chester CH61269)",,49
ANZCA Modern,"Examination Syllabus: Pianoforte, Pianoforte Duet, Theory of Music 2025-27, Modern Pianoforte; accessed 2026-10-09",1,,Blues,,Navy Blues,CH61269,,"BARRATT, G. Next Step: Boogies, Rags and Blues Collection (Chester CH61269)",,49
ANZCA Modern,"Examination Syllabus: Pianoforte, Pianoforte Duet, Theory of Music 2025-27, Modern Pianoforte; accessed 2026-10-09",1,,Blues,,Jumpin’ Jazz,406702,,"BAUMGARTNER, E. Jazz Connection – Book 1 (Willis Music/Encore 406702)",,49
ANZCA Modern,"Examination Syllabus: Pianoforte, Pianoforte Duet, Theory of Music 2025-27, Modern Pianoforte; accessed 2026-10-09",1,,Blues,,A Mingus Among Us,406702,,"BAUMGARTNER, E. Jazz Connection – Book 1 (Willis Music/Encore 406702)",,49
ANZCA Modern,"Examination Syllabus: Pianoforte, Pianoforte Duet, Theory of Music 2025-27, Modern Pianoforte; accessed 2026-10-09",1,,Blues,,Headache Crawl,,,"CHUA, S. Bogus Boogies",,49
ANZCA Modern,"Examination Syllabus: Pianoforte, Pianoforte Duet, Theory of Music 2025-27, Modern Pianoforte; accessed 2026-10-09",1,,Blues,,Lonesome Blues,,,"CHUA, S. Bogus Boogies",,49
ANZCA Modern,"Examination Syllabus: Pianoforte, Pianoforte Duet, Theory of Music 2025-27, Modern Pianoforte; accessed 2026-10-09",1,,Blues,,Dog Awake (solo),,,A Day in the Life of a Dog (Solos & Duets) (All available as single-sheet downloads from supersonicspiano.com),,49
ANZCA Modern,"Examination Syllabus: Pianoforte, Pianoforte Duet, Theory of Music 2025-27, Modern Pianoforte; accessed 2026-10-09",1,,Blues,,Sight Reading Blues,,,"COHEN, L. Single sheet: (leoniecohen.com, blackrockmusic.com.au)",,49
ANZCA Modern,"Examination Syllabus: Pianoforte, Pianoforte Duet, Theory of Music 2025-27, Modern Pianoforte; accessed 2026-10-09",1,,Blues,,Blue Blues,,,"McFARLANE, D. Single sheet: (supersonicspiano.com)",,49
ANZCA Modern,"Examination Syllabus: Pianoforte, Pianoforte Duet, Theory of Music 2025-27, Modern Pianoforte; accessed 2026-10-09",1,,Blues,,Don’t Wanna Leave You Blues,00-6642,,"MIER, M. Jazz, Rags & Blues – Book 1 (Alfred 00-6642)",,49
ANZCA Modern,"Examination Syllabus: Pianoforte, Pianoforte Duet, Theory of Music 2025-27, Modern Pianoforte; accessed 2026-10-09",1,,Blues,,Just Struttin’ Along,00-6642,,"MIER, M. Jazz, Rags & Blues – Book 1 (Alfred 00-6642)",,49
ANZCA Modern,"Examination Syllabus: Pianoforte, Pianoforte Duet, Theory of Music 2025-27, Modern Pianoforte; accessed 2026-10-09",1,,Blues,,Jazzy Biscuits,,,"MITCHELL, M. Grooves That Move – Real Easy (groovesthatmove.com)",,49
ANZCA Modern,"Examination Syllabus: Pianoforte, Pianoforte Duet, Theory of Music 2025-27, Modern Pianoforte; accessed 2026-10-09",1,,Blues,,KC Shuffle,HL00399003,,"NORTON, C. American Popular Piano – Repertoire Level 3 (Novus Via Music Group/Hal Leonard HL00399003) [solo piano part, played with backing track]",,49
ANZCA Modern,"Examination Syllabus: Pianoforte, Pianoforte Duet, Theory of Music 2025-27, Modern Pianoforte; accessed 2026-10-09",1,,Blues,,Puffed Up,HL00399003,,"NORTON, C. American Popular Piano – Repertoire Level 3 (Novus Via Music Group/Hal Leonard HL00399003)",,49
ANZCA Modern,"Examination Syllabus: Pianoforte, Pianoforte Duet, Theory of Music 2025-27, Modern Pianoforte; accessed 2026-10-09",1,,Blues,,Snake Pit,HL00399003,,"NORTON, C. American Popular Piano – Repertoire Level 3 (Novus Via Music Group/Hal Leonard HL00399003)",,49
ANZCA Modern,"Examination Syllabus: Pianoforte, Pianoforte Duet, Theory of Music 2025-27, Modern Pianoforte; accessed 2026-10-09",1,,Blues,,Spider Blues,HL00399003,,"NORTON, C. American Popular Piano – Repertoire Level 3 (Novus Via Music Group/Hal Leonard HL00399003)",,49
ANZCA Modern,"Examination Syllabus: Pianoforte, Pianoforte Duet, Theory of Music 2025-27, Modern Pianoforte; accessed 2026-10-09",1,,Blues,,Guilty Pawprints,,,"ROBINSON, A. Cats on the Keys",,49
ANZCA Modern,"Examination Syllabus: Pianoforte, Pianoforte Duet, Theory of Music 2025-27, Modern Pianoforte; accessed 2026-10-09",1,,Blues,,Scat-a-Cat,,,"ROBINSON, A. Cats on the Keys",,49
ANZCA Modern,"Examination Syllabus: Pianoforte, Pianoforte Duet, Theory of Music 2025-27, Modern Pianoforte; accessed 2026-10-09",1,,Blues,,Sneaky Cat,,,"ROBINSON, A. Cats on the Keys",,49
ANZCA Modern,"Examination Syllabus: Pianoforte, Pianoforte Duet, Theory of Music 2025-27, Modern Pianoforte; accessed 2026-10-09",1,,Blues,,K9 Undercover,,,Pooches at the Piano (flyingivoriesmusic.com.au),,49
ANZCA Modern,"Examination Syllabus: Pianoforte, Pianoforte Duet, Theory of Music 2025-27, Modern Pianoforte; accessed 2026-10-09",1,,Boogie,,Goat Cheese Boogie,,,ANZCA Modern Pianoforte Series 2 – Grade One,,49
ANZCA Modern,"Examination Syllabus: Pianoforte, Pianoforte Duet, Theory of Music 2025-27, Modern Pianoforte; accessed 2026-10-09",1,,Boogie,,Lost Bar Boogie,,,ANZCA Modern Pianoforte Series 2 – Grade One,,49
ANZCA Modern,"Examination Syllabus: Pianoforte, Pianoforte Duet, Theory of Music 2025-27, Modern Pianoforte; accessed 2026-10-09",1,,Boogie,,Steam Train Boogie,,,ANZCA Modern Pianoforte Series 2 – Grade One,,49
ANZCA Modern,"Examination Syllabus: Pianoforte, Pianoforte Duet, Theory of Music 2025-27, Modern Pianoforte; accessed 2026-10-09",1,,Boogie,,Boogie Dancin’ Shoes,,,"Best of ANZCA Pianoforte Series 1, The (ANZCA)",,49
ANZCA Modern,"Examination Syllabus: Pianoforte, Pianoforte Duet, Theory of Music 2025-27, Modern Pianoforte; accessed 2026-10-09",1,,Boogie,,Bouncing Boogie,,,"Best of ANZCA Pianoforte Series 1, The (ANZCA)",,49
ANZCA Modern,"Examination Syllabus: Pianoforte, Pianoforte Duet, Theory of Music 2025-27, Modern Pianoforte; accessed 2026-10-09",1,,Boogie,,Boogie no. 1,YK21020,,"AGAY, D. Joy of Boogie and Blues, The (Yorktown Press YK21020/Music Sales)",,49
ANZCA Modern,"Examination Syllabus: Pianoforte, Pianoforte Duet, Theory of Music 2025-27, Modern Pianoforte; accessed 2026-10-09",1,,Boogie,,Cheese Cake Walk,CH61269,,"BARRATT, G. Next Step: Boogies, Rags and Blues Collection (Chester CH61269)",,49
ANZCA Modern,"Examination Syllabus: Pianoforte, Pianoforte Duet, Theory of Music 2025-27, Modern Pianoforte; accessed 2026-10-09",1,,Boogie,,Green Bottle Bounce,CH61269,,"BARRATT, G. Next Step: Boogies, Rags and Blues Collection (Chester CH61269)",,49
ANZCA Modern,"Examination Syllabus: Pianoforte, Pianoforte Duet, Theory of Music 2025-27, Modern Pianoforte; accessed 2026-10-09",1,,Boogie,,Blind Mice Boogie,WP239,,"BASTIEN, J. Boogie, Rock & Country Level 2 (Kjos WP239)",,49
ANZCA Modern,"Examination Syllabus: Pianoforte, Pianoforte Duet, Theory of Music 2025-27, Modern Pianoforte; accessed 2026-10-09",1,,Boogie,,Skateboard Boogie,WP239,,"BASTIEN, J. Boogie, Rock & Country Level 2 (Kjos WP239)",,49
ANZCA Modern,"Examination Syllabus: Pianoforte, Pianoforte Duet, Theory of Music 2025-27, Modern Pianoforte; accessed 2026-10-09",1,,Boogie,,Cheerleader Boogie,WP240,,"Boogie, Rock & Country Level 3 (WP240)",,49
ANZCA Modern,"Examination Syllabus: Pianoforte, Pianoforte Duet, Theory of Music 2025-27, Modern Pianoforte; accessed 2026-10-09",1,,Boogie,,Saturday Night Boogie,WP203,,Piano Basics Level 3 (WP203),,49
ANZCA Modern,"Examination Syllabus: Pianoforte, Pianoforte Duet, Theory of Music 2025-27, Modern Pianoforte; accessed 2026-10-09",1,,Boogie,,Hoonmobile,,,"CHUA, S. Bogus Boogies (Available as single-sheet downloads:  Hoonmobile from supersonicspiano.com;  Jive Turkey from fabermusic.com)",,49
ANZCA Modern,"Examination Syllabus: Pianoforte, Pianoforte Duet, Theory of Music 2025-27, Modern Pianoforte; accessed 2026-10-09",1,,Boogie,,Jive Turkey,,,"CHUA, S. Bogus Boogies (Available as single-sheet downloads:  Hoonmobile from supersonicspiano.com;  Jive Turkey from fabermusic.com)",,49
ANZCA Modern,"Examination Syllabus: Pianoforte, Pianoforte Duet, Theory of Music 2025-27, Modern Pianoforte; accessed 2026-10-09",1,,Boogie,,Triple Boogie,,,"McFARLANE, D. Single sheet: (supersonicspiano.com)",,49
ANZCA Modern,"Examination Syllabus: Pianoforte, Pianoforte Duet, Theory of Music 2025-27, Modern Pianoforte; accessed 2026-10-09",1,,Boogie,,Sneaky Business,00-6642,,"MIER, M. Jazz, Rags & Blues – Book 1 (Alfred 00-6642)",,49
ANZCA Modern,"Examination Syllabus: Pianoforte, Pianoforte Duet, Theory of Music 2025-27, Modern Pianoforte; accessed 2026-10-09",1,,Boogie,,Surfboard Boogie,00-6642,,"MIER, M. Jazz, Rags & Blues – Book 1 (Alfred 00-6642)",,49
ANZCA Modern,"Examination Syllabus: Pianoforte, Pianoforte Duet, Theory of Music 2025-27, Modern Pianoforte; accessed 2026-10-09",1,,Ragtime,,Butcher Boy Rag,,,ANZCA Modern Pianoforte Series 2 – Grade One,,50
ANZCA Modern,"Examination Syllabus: Pianoforte, Pianoforte Duet, Theory of Music 2025-27, Modern Pianoforte; accessed 2026-10-09",1,,Ragtime,,Gadabout Rag,,,ANZCA Modern Pianoforte Series 2 – Grade One,,50
ANZCA Modern,"Examination Syllabus: Pianoforte, Pianoforte Duet, Theory of Music 2025-27, Modern Pianoforte; accessed 2026-10-09",1,,Ragtime,,Tripod Rag,,,ANZCA Modern Pianoforte Series 2 – Grade One,,50
ANZCA Modern,"Examination Syllabus: Pianoforte, Pianoforte Duet, Theory of Music 2025-27, Modern Pianoforte; accessed 2026-10-09",1,,Ragtime,,Oily Rag,,,"Best of ANZCA Pianoforte Series 1, The (ANZCA)",,50
ANZCA Modern,"Examination Syllabus: Pianoforte, Pianoforte Duet, Theory of Music 2025-27, Modern Pianoforte; accessed 2026-10-09",1,,Ragtime,,Fast Fingers Rag,WP240,,"BASTIEN, J. Boogie, Rock & Country Level 3 (Kjos WP240)",,50
ANZCA Modern,"Examination Syllabus: Pianoforte, Pianoforte Duet, Theory of Music 2025-27, Modern Pianoforte; accessed 2026-10-09",1,,Ragtime,,Maple Leaf Rag,WP240,,"BASTIEN, J. Boogie, Rock & Country Level 3 (Kjos WP240)",,50
ANZCA Modern,"Examination Syllabus: Pianoforte, Pianoforte Duet, Theory of Music 2025-27, Modern Pianoforte; accessed 2026-10-09",1,,Ragtime,,The Entertainer,WP202,,Piano Basics Level 2 (WP202),,50
ANZCA Modern,"Examination Syllabus: Pianoforte, Pianoforte Duet, Theory of Music 2025-27, Modern Pianoforte; accessed 2026-10-09",1,,Ragtime,,Ragamuffin,,,"McFARLANE, D. Single sheet: (supersonicspiano.com)",,50
ANZCA Modern,"Examination Syllabus: Pianoforte, Pianoforte Duet, Theory of Music 2025-27, Modern Pianoforte; accessed 2026-10-09",1,,Ragtime,,In Charge,HL00399002,,"NORTON, C. American Popular Piano – Repertoire Level 2 (Novus Via Music Group/Hal Leonard HL00399002)",,50
ANZCA Modern,"Examination Syllabus: Pianoforte, Pianoforte Duet, Theory of Music 2025-27, Modern Pianoforte; accessed 2026-10-09",1,,Ragtime,,Light as a Feather,HL00399002,,"NORTON, C. American Popular Piano – Repertoire Level 2 (Novus Via Music Group/Hal Leonard HL00399002)",,50
ANZCA Modern,"Examination Syllabus: Pianoforte, Pianoforte Duet, Theory of Music 2025-27, Modern Pianoforte; accessed 2026-10-09",1,,Ragtime,,Boat Blues,HL00399003,,"A.P.P. – Repertoire Level 3 (HL00399003) [solo piano part, played with backing track]",,50
ANZCA Modern,"Examination Syllabus: Pianoforte, Pianoforte Duet, Theory of Music 2025-27, Modern Pianoforte; accessed 2026-10-09",1,,Ragtime,,Getting to It,HL00399003,,A.P.P. – Repertoire Level 3 (HL00399003),,50
ANZCA Modern,"Examination Syllabus: Pianoforte, Pianoforte Duet, Theory of Music 2025-27, Modern Pianoforte; accessed 2026-10-09",1,,Ragtime,,Rag Time,M060138652,,"Microjazz Collection 1, The (Boosey & Hawkes M060138652)",,50
ANZCA Modern,"Examination Syllabus: Pianoforte, Pianoforte Duet, Theory of Music 2025-27, Modern Pianoforte; accessed 2026-10-09",1,,Ragtime,,Country Cousin Cat,,,"ROBINSON, A. Cats on the Keys (flyingivoriesmusic.com.au)",,50
ANZCA Modern,"Examination Syllabus: Pianoforte, Pianoforte Duet, Theory of Music 2025-27, Modern Pianoforte; accessed 2026-10-09",2,,Pop and Rock,,Cha Cha,,,ANZCA Modern Pianoforte Series 2 – Grade Two (ANZCA),,51
ANZCA Modern,"Examination Syllabus: Pianoforte, Pianoforte Duet, Theory of Music 2025-27, Modern Pianoforte; accessed 2026-10-09",2,,Pop and Rock,,Funky Fairy (2022 ed.),,,ANZCA Modern Pianoforte Series 2 – Grade Two (ANZCA),,51
ANZCA Modern,"Examination Syllabus: Pianoforte, Pianoforte Duet, Theory of Music 2025-27, Modern Pianoforte; accessed 2026-10-09",2,,Pop and Rock,,My Pet Rock,,,ANZCA Modern Pianoforte Series 2 – Grade Two (ANZCA),,51
ANZCA Modern,"Examination Syllabus: Pianoforte, Pianoforte Duet, Theory of Music 2025-27, Modern Pianoforte; accessed 2026-10-09",2,,Pop and Rock,,Tin-Pot Tango (2006 ed.),,,ANZCA Modern Pianoforte Series 2 – Grade Two (ANZCA),,51
ANZCA Modern,"Examination Syllabus: Pianoforte, Pianoforte Duet, Theory of Music 2025-27, Modern Pianoforte; accessed 2026-10-09",2,,Pop and Rock,,Memory,00-16498,,Alfred Basic Piano Library – Top Hits! Solo Book Level 3 (Alfred 00-16498),,51
ANZCA Modern,"Examination Syllabus: Pianoforte, Pianoforte Duet, Theory of Music 2025-27, Modern Pianoforte; accessed 2026-10-09",2,,Pop and Rock,,The Addams Family Theme,00-16499,,A.B.P.L. – Top Hits! Solo Book Level 4 (00-16499),,51
ANZCA Modern,"Examination Syllabus: Pianoforte, Pianoforte Duet, Theory of Music 2025-27, Modern Pianoforte; accessed 2026-10-09",2,,Pop and Rock,,Heart Racer,,,"ARNOLD, G. The Beat Mix [Also available for individual download; grantarnold.com/shop]",,51
ANZCA Modern,"Examination Syllabus: Pianoforte, Pianoforte Duet, Theory of Music 2025-27, Modern Pianoforte; accessed 2026-10-09",2,,Pop and Rock,,Fundoodle,,,Single sheets: (grantarnold.com/shop),,51
ANZCA Modern,"Examination Syllabus: Pianoforte, Pianoforte Duet, Theory of Music 2025-27, Modern Pianoforte; accessed 2026-10-09",2,,Pop and Rock,,Lorin’s Lullaby,,,Single sheets: (grantarnold.com/shop),,51
ANZCA Modern,"Examination Syllabus: Pianoforte, Pianoforte Duet, Theory of Music 2025-27, Modern Pianoforte; accessed 2026-10-09",2,,Pop and Rock,,Persistence,,,Single sheets: (grantarnold.com/shop),,51
ANZCA Modern,"Examination Syllabus: Pianoforte, Pianoforte Duet, Theory of Music 2025-27, Modern Pianoforte; accessed 2026-10-09",2,,Pop and Rock,,Ping Pong Jazz,,,Single sheets: (grantarnold.com/shop),,51
ANZCA Modern,"Examination Syllabus: Pianoforte, Pianoforte Duet, Theory of Music 2025-27, Modern Pianoforte; accessed 2026-10-09",2,,Pop and Rock,,Two Part Intention,,,"BAILEY, K. Jazzin’ Around 2",,51
ANZCA Modern,"Examination Syllabus: Pianoforte, Pianoforte Duet, Theory of Music 2025-27, Modern Pianoforte; accessed 2026-10-09",2,,Pop and Rock,,Two for One,,,"Jazzin’ Around 3 (kerinbailey.com.au, or through Hal Leonard)",,51
ANZCA Modern,"Examination Syllabus: Pianoforte, Pianoforte Duet, Theory of Music 2025-27, Modern Pianoforte; accessed 2026-10-09",2,,Pop and Rock,,Disco Magic,WP78,,"BASTIEN, J. Pop Piano Styles Level 4 (Kjos WP78)",,51
ANZCA Modern,"Examination Syllabus: Pianoforte, Pianoforte Duet, Theory of Music 2025-27, Modern Pianoforte; accessed 2026-10-09",2,,Pop and Rock,,Roadhouse Rock,,,"BAUMGARTNER, E. Jazz Connection – Book 1",,51
ANZCA Modern,"Examination Syllabus: Pianoforte, Pianoforte Duet, Theory of Music 2025-27, Modern Pianoforte; accessed 2026-10-09",2,,Pop and Rock,,Samba Loco,,,"BAUMGARTNER, E. Jazz Connection – Book 1",,51
ANZCA Modern,"Examination Syllabus: Pianoforte, Pianoforte Duet, Theory of Music 2025-27, Modern Pianoforte; accessed 2026-10-09",2,,Pop and Rock,,Elling Tones,,,"Book 2 (Willis Music/Encore, encoremusic.au)",,51
ANZCA Modern,"Examination Syllabus: Pianoforte, Pianoforte Duet, Theory of Music 2025-27, Modern Pianoforte; accessed 2026-10-09",2,,Pop and Rock,,13. Pottering About,,,"BELL, A. My Garden Notebook",,51
ANZCA Modern,"Examination Syllabus: Pianoforte, Pianoforte Duet, Theory of Music 2025-27, Modern Pianoforte; accessed 2026-10-09",2,,Pop and Rock,,4. Mango Merengue,,,My Seaside Notebook (Editions Musica Ferrum),,51
ANZCA Modern,"Examination Syllabus: Pianoforte, Pianoforte Duet, Theory of Music 2025-27, Modern Pianoforte; accessed 2026-10-09",2,,Pop and Rock,,The Happy Wanderer,E17645,,"BRIMHALL, J. All Gold – For Easy Piano Book 1 (EMI E17645)",,51
ANZCA Modern,"Examination Syllabus: Pianoforte, Pianoforte Duet, Theory of Music 2025-27, Modern Pianoforte; accessed 2026-10-09",2,,Pop and Rock,,Waltzing Matilda,E17645,,"BRIMHALL, J. All Gold – For Easy Piano Book 1 (EMI E17645)",,51
ANZCA Modern,"Examination Syllabus: Pianoforte, Pianoforte Duet, Theory of Music 2025-27, Modern Pianoforte; accessed 2026-10-09",2,,Pop and Rock,,The Way We Were,E17645,,"BRIMHALL, J. All Gold – For Easy Piano Book 1 (EMI E17645)",,51
ANZCA Modern,"Examination Syllabus: Pianoforte, Pianoforte Duet, Theory of Music 2025-27, Modern Pianoforte; accessed 2026-10-09",2,,Pop and Rock,,Cavatina,E31945,,All Gold – Book 2 (E31945),,51
ANZCA Modern,"Examination Syllabus: Pianoforte, Pianoforte Duet, Theory of Music 2025-27, Modern Pianoforte; accessed 2026-10-09",2,,Pop and Rock,,Smile,E31945,,All Gold – Book 2 (E31945),,51
ANZCA Modern,"Examination Syllabus: Pianoforte, Pianoforte Duet, Theory of Music 2025-27, Modern Pianoforte; accessed 2026-10-09",2,,Pop and Rock,,When You Wish Upon a Star,E31945,,All Gold – Book 2 (E31945),,51
ANZCA Modern,"Examination Syllabus: Pianoforte, Pianoforte Duet, Theory of Music 2025-27, Modern Pianoforte; accessed 2026-10-09",2,,Pop and Rock,,Funky Fairy,,,"CHUA, S. Assorted Fairies",,51
ANZCA Modern,"Examination Syllabus: Pianoforte, Pianoforte Duet, Theory of Music 2025-27, Modern Pianoforte; accessed 2026-10-09",2,,Pop and Rock,,Bedtime Stomp,,,Bogus Boogies,,51
ANZCA Modern,"Examination Syllabus: Pianoforte, Pianoforte Duet, Theory of Music 2025-27, Modern Pianoforte; accessed 2026-10-09",2,,Pop and Rock,,Dog Asleep (solo),,,A Day in the Life of a Dog (Solos & Duets) (All available as single-sheet downloads from supersonicspiano.com),,51
ANZCA Modern,"Examination Syllabus: Pianoforte, Pianoforte Duet, Theory of Music 2025-27, Modern Pianoforte; accessed 2026-10-09",2,,Pop and Rock,,Imperial March,00-AF9911B,,"COATES, D. Something for the Boys (Alfred 00-AF9911B)",,51
ANZCA Modern,"Examination Syllabus: Pianoforte, Pianoforte Duet, Theory of Music 2025-27, Modern Pianoforte; accessed 2026-10-09",2,,Pop and Rock,,Star Wars,00-AF9911B,,"COATES, D. Something for the Boys (Alfred 00-AF9911B)",,51
ANZCA Modern,"Examination Syllabus: Pianoforte, Pianoforte Duet, Theory of Music 2025-27, Modern Pianoforte; accessed 2026-10-09",2,,Pop and Rock,,Ice Cool,ASCK003,,Encore on Keys – Achiever Series Level 3 (Encore Music Education ASCK003),,51
ANZCA Modern,"Examination Syllabus: Pianoforte, Pianoforte Duet, Theory of Music 2025-27, Modern Pianoforte; accessed 2026-10-09",2,,Pop and Rock,,Mystic Runes,ASCK003,,Encore on Keys – Achiever Series Level 3 (Encore Music Education ASCK003),,51
ANZCA Modern,"Examination Syllabus: Pianoforte, Pianoforte Duet, Theory of Music 2025-27, Modern Pianoforte; accessed 2026-10-09",2,,Pop and Rock,Menken & Schwarz,Colors of the Wind,AP1022,ed. A. Turner.,Exploring Grade Two (Hal Leonard AP1022),,51
ANZCA Modern,"Examination Syllabus: Pianoforte, Pianoforte Duet, Theory of Music 2025-27, Modern Pianoforte; accessed 2026-10-09",2,,Pop and Rock,,Rock Around the Clock,HL00420138,,FABER & FABER. Big Time Piano Level 4 – Rock ’n Roll (Hal Leonard HL00420138),,51
ANZCA Modern,"Examination Syllabus: Pianoforte, Pianoforte Duet, Theory of Music 2025-27, Modern Pianoforte; accessed 2026-10-09",2,,Pop and Rock,,Strawberry Malt,HL00420138,,FABER & FABER. Big Time Piano Level 4 – Rock ’n Roll (Hal Leonard HL00420138),,51
ANZCA Modern,"Examination Syllabus: Pianoforte, Pianoforte Duet, Theory of Music 2025-27, Modern Pianoforte; accessed 2026-10-09",2,,Pop and Rock,,"Walk, Don’t Run",HL00420138,,FABER & FABER. Big Time Piano Level 4 – Rock ’n Roll (Hal Leonard HL00420138),,51
ANZCA Modern,"Examination Syllabus: Pianoforte, Pianoforte Duet, Theory of Music 2025-27, Modern Pianoforte; accessed 2026-10-09",2,,Pop and Rock,,The Muppet Show Theme,HL00240251,,Favorite Children’s Songs – Big Note (Hal Leonard HL00240251),,51
ANZCA Modern,"Examination Syllabus: Pianoforte, Pianoforte Duet, Theory of Music 2025-27, Modern Pianoforte; accessed 2026-10-09",2,,Pop and Rock,,The Rainbow Connection,HL00240251,,Favorite Children’s Songs – Big Note (Hal Leonard HL00240251),,51
ANZCA Modern,"Examination Syllabus: Pianoforte, Pianoforte Duet, Theory of Music 2025-27, Modern Pianoforte; accessed 2026-10-09",2,,Pop and Rock,,The Addams Family Theme,AP1004,ed. E. Milne.,Getting to Grade One – The New Mix (Hal Leonard AP1004),,51
ANZCA Modern,"Examination Syllabus: Pianoforte, Pianoforte Duet, Theory of Music 2025-27, Modern Pianoforte; accessed 2026-10-09",2,,Pop and Rock,,Calypso Rhumba,AP1004,ed. E. Milne.,Getting to Grade One – The New Mix (Hal Leonard AP1004),,51
ANZCA Modern,"Examination Syllabus: Pianoforte, Pianoforte Duet, Theory of Music 2025-27, Modern Pianoforte; accessed 2026-10-09",2,,Pop and Rock,,Mexican Hat Dance,AP1004,ed. E. Milne.,Getting to Grade One – The New Mix (Hal Leonard AP1004),,51
ANZCA Modern,"Examination Syllabus: Pianoforte, Pianoforte Duet, Theory of Music 2025-27, Modern Pianoforte; accessed 2026-10-09",2,,Pop and Rock,,Skippy,AP1004,ed. E. Milne.,Getting to Grade One – The New Mix (Hal Leonard AP1004),,51
ANZCA Modern,"Examination Syllabus: Pianoforte, Pianoforte Duet, Theory of Music 2025-27, Modern Pianoforte; accessed 2026-10-09",2,,Pop and Rock,,Tea for Two,AP1004,ed. E. Milne.,Getting to Grade One – The New Mix (Hal Leonard AP1004),,51
ANZCA Modern,"Examination Syllabus: Pianoforte, Pianoforte Duet, Theory of Music 2025-27, Modern Pianoforte; accessed 2026-10-09",2,,Pop and Rock,,"Ba-Do, Ba-Do",,,"HUNTER, G. Big Band Blues (ANZCA)",,51
ANZCA Modern,"Examination Syllabus: Pianoforte, Pianoforte Duet, Theory of Music 2025-27, Modern Pianoforte; accessed 2026-10-09",2,,Pop and Rock,,The Ballet Princess,,,"HUNTER, G. Big Band Blues (ANZCA)",,51
ANZCA Modern,"Examination Syllabus: Pianoforte, Pianoforte Duet, Theory of Music 2025-27, Modern Pianoforte; accessed 2026-10-09",2,,Pop and Rock,,Classical Rock,,,"HUNTER, G. Big Band Blues (ANZCA)",,51
ANZCA Modern,"Examination Syllabus: Pianoforte, Pianoforte Duet, Theory of Music 2025-27, Modern Pianoforte; accessed 2026-10-09",2,,Pop and Rock,,The Sad Clown,,,"HUNTER, G. Big Band Blues (ANZCA)",,51
ANZCA Modern,"Examination Syllabus: Pianoforte, Pianoforte Duet, Theory of Music 2025-27, Modern Pianoforte; accessed 2026-10-09",2,,Pop and Rock,,Stompin’ Around,,,"HUNTER, G. Big Band Blues (ANZCA)",,51
ANZCA Modern,"Examination Syllabus: Pianoforte, Pianoforte Duet, Theory of Music 2025-27, Modern Pianoforte; accessed 2026-10-09",2,,Pop and Rock,,"Honey, Honey",AM22195,,It’s Easy to Play Abba (Wise AM22195/Music Sales),,51
ANZCA Modern,"Examination Syllabus: Pianoforte, Pianoforte Duet, Theory of Music 2025-27, Modern Pianoforte; accessed 2026-10-09",2,,Pop and Rock,,"Money, Money, Money",AM22195,,It’s Easy to Play Abba (Wise AM22195/Music Sales),,51
ANZCA Modern,"Examination Syllabus: Pianoforte, Pianoforte Duet, Theory of Music 2025-27, Modern Pianoforte; accessed 2026-10-09",2,,Pop and Rock,,All I Ask of You,HL00366003,,"LLOYD WEBBER, A. Phantom of the Opera, The – Easy Piano (Hal Leonard HL00366003)",,51
ANZCA Modern,"Examination Syllabus: Pianoforte, Pianoforte Duet, Theory of Music 2025-27, Modern Pianoforte; accessed 2026-10-09",2,,Pop and Rock,,The Music of the Night,HL00366003,,"LLOYD WEBBER, A. Phantom of the Opera, The – Easy Piano (Hal Leonard HL00366003)",,51
ANZCA Modern,"Examination Syllabus: Pianoforte, Pianoforte Duet, Theory of Music 2025-27, Modern Pianoforte; accessed 2026-10-09",2,,Pop and Rock,,Gaming Life,,,"LYNCH, S. Single sheet: (sandylynchmusic.com)",,51
ANZCA Modern,"Examination Syllabus: Pianoforte, Pianoforte Duet, Theory of Music 2025-27, Modern Pianoforte; accessed 2026-10-09",2,,Pop and Rock,,Amazing Grace,,,"McFARLANE, D. Single sheets: (supersonicspiano.com)",,51
ANZCA Modern,"Examination Syllabus: Pianoforte, Pianoforte Duet, Theory of Music 2025-27, Modern Pianoforte; accessed 2026-10-09",2,,Pop and Rock,,Final Hope,,,"McFARLANE, D. Single sheets: (supersonicspiano.com)",,51
ANZCA Modern,"Examination Syllabus: Pianoforte, Pianoforte Duet, Theory of Music 2025-27, Modern Pianoforte; accessed 2026-10-09",2,,Pop and Rock,,Melancholia One,,,"McFARLANE, D. Single sheets: (supersonicspiano.com)",,51
ANZCA Modern,"Examination Syllabus: Pianoforte, Pianoforte Duet, Theory of Music 2025-27, Modern Pianoforte; accessed 2026-10-09",2,,Pop and Rock,,Mist,,,"McFARLANE, D. Single sheets: (supersonicspiano.com)",,51
ANZCA Modern,"Examination Syllabus: Pianoforte, Pianoforte Duet, Theory of Music 2025-27, Modern Pianoforte; accessed 2026-10-09",2,,Pop and Rock,,Thriller,,,"MITCHELL, M. Grooves That Move – Book 1 (groovesthatmove.com)",,52
ANZCA Modern,"Examination Syllabus: Pianoforte, Pianoforte Duet, Theory of Music 2025-27, Modern Pianoforte; accessed 2026-10-09",2,,Pop and Rock,,Beach Walk,HL00399002,,"NORTON, C. American Popular Piano – Repertoire Level 2 (Novus Via Music Group/Hal Leonard HL00399002)",,52
ANZCA Modern,"Examination Syllabus: Pianoforte, Pianoforte Duet, Theory of Music 2025-27, Modern Pianoforte; accessed 2026-10-09",2,,Pop and Rock,,Celtic Caper,HL00399003,,"A.P.P. – Repertoire Level 3 (HL00399003) [solo piano part, played with backing track]",,52
ANZCA Modern,"Examination Syllabus: Pianoforte, Pianoforte Duet, Theory of Music 2025-27, Modern Pianoforte; accessed 2026-10-09",2,,Pop and Rock,,Family Holiday,HL00399003,,A.P.P. – Repertoire Level 3 (HL00399003),,52
ANZCA Modern,"Examination Syllabus: Pianoforte, Pianoforte Duet, Theory of Music 2025-27, Modern Pianoforte; accessed 2026-10-09",2,,Pop and Rock,,Flag Waving,HL00399003,,A.P.P. – Repertoire Level 3 (HL00399003),,52
ANZCA Modern,"Examination Syllabus: Pianoforte, Pianoforte Duet, Theory of Music 2025-27, Modern Pianoforte; accessed 2026-10-09",2,,Pop and Rock,,Sunny Disposition,HL00399003,,A.P.P. – Repertoire Level 3 (HL00399003),,52
ANZCA Modern,"Examination Syllabus: Pianoforte, Pianoforte Duet, Theory of Music 2025-27, Modern Pianoforte; accessed 2026-10-09",2,,Pop and Rock,,A Matter of Regret,HL00399004,,A.P.P. – Repertoire Level 4 (HL00399004),,52
ANZCA Modern,"Examination Syllabus: Pianoforte, Pianoforte Duet, Theory of Music 2025-27, Modern Pianoforte; accessed 2026-10-09",2,,Pop and Rock,,Afternoon at the Mall,HL00399004,,A.P.P. – Repertoire Level 4 (HL00399004),,52
ANZCA Modern,"Examination Syllabus: Pianoforte, Pianoforte Duet, Theory of Music 2025-27, Modern Pianoforte; accessed 2026-10-09",2,,Pop and Rock,,Conquistador,HL00399004,,A.P.P. – Repertoire Level 4 (HL00399004),,52
ANZCA Modern,"Examination Syllabus: Pianoforte, Pianoforte Duet, Theory of Music 2025-27, Modern Pianoforte; accessed 2026-10-09",2,,Pop and Rock,,Ready for Action,HL00399004,,"A.P.P. – Repertoire Level 4 (HL00399004) [solo piano part, played with backing track]",,52
ANZCA Modern,"Examination Syllabus: Pianoforte, Pianoforte Duet, Theory of Music 2025-27, Modern Pianoforte; accessed 2026-10-09",2,,Pop and Rock,,Rockin’ in the Aisles,HL00399004,,"A.P.P. – Repertoire Level 4 (HL00399004) [solo piano part, played with backing track]",,52
ANZCA Modern,"Examination Syllabus: Pianoforte, Pianoforte Duet, Theory of Music 2025-27, Modern Pianoforte; accessed 2026-10-09",2,,Pop and Rock,,Take Your Partners,HL00399004,,A.P.P. – Repertoire Level 4 (HL00399004),,52
ANZCA Modern,"Examination Syllabus: Pianoforte, Pianoforte Duet, Theory of Music 2025-27, Modern Pianoforte; accessed 2026-10-09",2,,Pop and Rock,,Tenderly,HL00399004,,A.P.P. – Repertoire Level 4 (HL00399004),,52
ANZCA Modern,"Examination Syllabus: Pianoforte, Pianoforte Duet, Theory of Music 2025-27, Modern Pianoforte; accessed 2026-10-09",2,,Pop and Rock,,Time to Forget,HL00399004,,A.P.P. – Repertoire Level 4 (HL00399004),,52
ANZCA Modern,"Examination Syllabus: Pianoforte, Pianoforte Duet, Theory of Music 2025-27, Modern Pianoforte; accessed 2026-10-09",2,,Pop and Rock,,Walking in the Sun,HL00399004,,"A.P.P. – Repertoire Level 4 (HL00399004) [solo piano part, played with backing track]",,52
ANZCA Modern,"Examination Syllabus: Pianoforte, Pianoforte Duet, Theory of Music 2025-27, Modern Pianoforte; accessed 2026-10-09",2,,Pop and Rock,,Breakfast Time,HL00399005,,"A.P.P. – Repertoire Level 5 (HL00399005) [solo piano part, played with backing track]",,52
ANZCA Modern,"Examination Syllabus: Pianoforte, Pianoforte Duet, Theory of Music 2025-27, Modern Pianoforte; accessed 2026-10-09",2,,Pop and Rock,,Fly Me Away,HL00399005,,"A.P.P. – Repertoire Level 5 (HL00399005) [solo piano part, played with backing track]",,52
ANZCA Modern,"Examination Syllabus: Pianoforte, Pianoforte Duet, Theory of Music 2025-27, Modern Pianoforte; accessed 2026-10-09",2,,Pop and Rock,,Workout,HL00399005,,"A.P.P. – Repertoire Level 5 (HL00399005) [solo piano part, played with backing track]",,52
ANZCA Modern,"Examination Syllabus: Pianoforte, Pianoforte Duet, Theory of Music 2025-27, Modern Pianoforte; accessed 2026-10-09",2,,Pop and Rock,,Frolics,9781908500106,,Connections 1 for Piano (80 Days Pub./Hal Leonard 9781908500106),,52
ANZCA Modern,"Examination Syllabus: Pianoforte, Pianoforte Duet, Theory of Music 2025-27, Modern Pianoforte; accessed 2026-10-09",2,,Pop and Rock,,Sea Bird,9781908500106,,Connections 1 for Piano (80 Days Pub./Hal Leonard 9781908500106),,52
ANZCA Modern,"Examination Syllabus: Pianoforte, Pianoforte Duet, Theory of Music 2025-27, Modern Pianoforte; accessed 2026-10-09",2,,Pop and Rock,,A Long Goodbye,9781908500113,,Connections 2 for Piano (H.L. 9781908500113),,52
ANZCA Modern,"Examination Syllabus: Pianoforte, Pianoforte Duet, Theory of Music 2025-27, Modern Pianoforte; accessed 2026-10-09",2,,Pop and Rock,,Long Haul,9781908500113,,Connections 2 for Piano (H.L. 9781908500113),,52
ANZCA Modern,"Examination Syllabus: Pianoforte, Pianoforte Duet, Theory of Music 2025-27, Modern Pianoforte; accessed 2026-10-09",2,,Pop and Rock,,At the Market,9781908500120,,Connections 3 for Piano (H.L. 9781908500120),,52
ANZCA Modern,"Examination Syllabus: Pianoforte, Pianoforte Duet, Theory of Music 2025-27, Modern Pianoforte; accessed 2026-10-09",2,,Pop and Rock,,The Dream,9781908500120,,Connections 3 for Piano (H.L. 9781908500120),,52
ANZCA Modern,"Examination Syllabus: Pianoforte, Pianoforte Duet, Theory of Music 2025-27, Modern Pianoforte; accessed 2026-10-09",2,,Pop and Rock,,Feeling Silly,9781908500120,,Connections 3 for Piano (H.L. 9781908500120),,52
ANZCA Modern,"Examination Syllabus: Pianoforte, Pianoforte Duet, Theory of Music 2025-27, Modern Pianoforte; accessed 2026-10-09",2,,Pop and Rock,,Given Half a Chance,9781908500120,,Connections 3 for Piano (H.L. 9781908500120),,52
ANZCA Modern,"Examination Syllabus: Pianoforte, Pianoforte Duet, Theory of Music 2025-27, Modern Pianoforte; accessed 2026-10-09",2,,Pop and Rock,,In the Spirit,9781908500120,,Connections 3 for Piano (H.L. 9781908500120),,52
ANZCA Modern,"Examination Syllabus: Pianoforte, Pianoforte Duet, Theory of Music 2025-27, Modern Pianoforte; accessed 2026-10-09",2,,Pop and Rock,,Open Space,M060138669,,"Microjazz Collection 2, The (Boosey & Hawkes M060138669)",,52
ANZCA Modern,"Examination Syllabus: Pianoforte, Pianoforte Duet, Theory of Music 2025-27, Modern Pianoforte; accessed 2026-10-09",2,,Pop and Rock,,A Sad Song,M060138676,,"Microjazz Collection 3, The (B&H M060138676)",,52
ANZCA Modern,"Examination Syllabus: Pianoforte, Pianoforte Duet, Theory of Music 2025-27, Modern Pianoforte; accessed 2026-10-09",2,,Pop and Rock,,Foot Tapper,M060138744,,"Microstyles Collection, The (Boosey & Hawkes M060138744)",,52
ANZCA Modern,"Examination Syllabus: Pianoforte, Pianoforte Duet, Theory of Music 2025-27, Modern Pianoforte; accessed 2026-10-09",2,,Pop and Rock,,Galloping,M060138744,,"Microstyles Collection, The (Boosey & Hawkes M060138744)",,52
ANZCA Modern,"Examination Syllabus: Pianoforte, Pianoforte Duet, Theory of Music 2025-27, Modern Pianoforte; accessed 2026-10-09",2,,Pop and Rock,,A Spy Story,M060138744,,"Microstyles Collection, The (Boosey & Hawkes M060138744)",,52
ANZCA Modern,"Examination Syllabus: Pianoforte, Pianoforte Duet, Theory of Music 2025-27, Modern Pianoforte; accessed 2026-10-09",2,,Pop and Rock,,The Addams Family Theme,HL00311086,,"Phillip Keveren Series, The – TV Themes (Hal Leonard HL00311086)",,52
ANZCA Modern,"Examination Syllabus: Pianoforte, Pianoforte Duet, Theory of Music 2025-27, Modern Pianoforte; accessed 2026-10-09",2,,Pop and Rock,,The Brady Bunch,HL00311086,,"Phillip Keveren Series, The – TV Themes (Hal Leonard HL00311086)",,52
ANZCA Modern,"Examination Syllabus: Pianoforte, Pianoforte Duet, Theory of Music 2025-27, Modern Pianoforte; accessed 2026-10-09",2,,Pop and Rock,,Happy Days,HL00311086,,"Phillip Keveren Series, The – TV Themes (Hal Leonard HL00311086)",,52
ANZCA Modern,"Examination Syllabus: Pianoforte, Pianoforte Duet, Theory of Music 2025-27, Modern Pianoforte; accessed 2026-10-09",2,,Pop and Rock,,Mission: Impossible Theme,HL00311086,,"Phillip Keveren Series, The – TV Themes (Hal Leonard HL00311086)",,52
ANZCA Modern,"Examination Syllabus: Pianoforte, Pianoforte Duet, Theory of Music 2025-27, Modern Pianoforte; accessed 2026-10-09",2,,Pop and Rock,,Sesame Street Theme,HL00311086,,"Phillip Keveren Series, The – TV Themes (Hal Leonard HL00311086)",,52
ANZCA Modern,"Examination Syllabus: Pianoforte, Pianoforte Duet, Theory of Music 2025-27, Modern Pianoforte; accessed 2026-10-09",2,,Pop and Rock,,Theme from Star Trek,HL00311086,,"Phillip Keveren Series, The – TV Themes (Hal Leonard HL00311086)",,52
ANZCA Modern,"Examination Syllabus: Pianoforte, Pianoforte Duet, Theory of Music 2025-27, Modern Pianoforte; accessed 2026-10-09",2,,Pop and Rock,,Bella’s Lullaby,HL00296053,,Popular Piano Solos Level 4 – 2nd Edition (Hal Leonard HL00296053),,52
ANZCA Modern,"Examination Syllabus: Pianoforte, Pianoforte Duet, Theory of Music 2025-27, Modern Pianoforte; accessed 2026-10-09",2,,Pop and Rock,,Eleanor Rigby,HL00296053,,Popular Piano Solos Level 4 – 2nd Edition (Hal Leonard HL00296053),,52
ANZCA Modern,"Examination Syllabus: Pianoforte, Pianoforte Duet, Theory of Music 2025-27, Modern Pianoforte; accessed 2026-10-09",2,,Pop and Rock,,Hey Jude,HL00296053,,Popular Piano Solos Level 4 – 2nd Edition (Hal Leonard HL00296053),,52
ANZCA Modern,"Examination Syllabus: Pianoforte, Pianoforte Duet, Theory of Music 2025-27, Modern Pianoforte; accessed 2026-10-09",2,,Pop and Rock,,The Medallion Calls,HL00296053,,Popular Piano Solos Level 4 – 2nd Edition (Hal Leonard HL00296053),,52
ANZCA Modern,"Examination Syllabus: Pianoforte, Pianoforte Duet, Theory of Music 2025-27, Modern Pianoforte; accessed 2026-10-09",2,,Pop and Rock,,Star Wars,HL00296053,,Popular Piano Solos Level 4 – 2nd Edition (Hal Leonard HL00296053),,52
ANZCA Modern,"Examination Syllabus: Pianoforte, Pianoforte Duet, Theory of Music 2025-27, Modern Pianoforte; accessed 2026-10-09",2,,Pop and Rock,,Under the Sea,HL00296053,,Popular Piano Solos Level 4 – 2nd Edition (Hal Leonard HL00296053),,52
ANZCA Modern,"Examination Syllabus: Pianoforte, Pianoforte Duet, Theory of Music 2025-27, Modern Pianoforte; accessed 2026-10-09",2,,Pop and Rock,,The Curse of the Winkeye,,,"ROBINSON, A. Cats on the Keys",,52
ANZCA Modern,"Examination Syllabus: Pianoforte, Pianoforte Duet, Theory of Music 2025-27, Modern Pianoforte; accessed 2026-10-09",2,,Pop and Rock,,Cha Cha Chihuaua,,,Pooches at the Piano (flyingivoriesmusic.com.au),,52
ANZCA Modern,"Examination Syllabus: Pianoforte, Pianoforte Duet, Theory of Music 2025-27, Modern Pianoforte; accessed 2026-10-09",2,,Pop and Rock,,Feeling Waggish,,,Pooches at the Piano (flyingivoriesmusic.com.au),,52
ANZCA Modern,"Examination Syllabus: Pianoforte, Pianoforte Duet, Theory of Music 2025-27, Modern Pianoforte; accessed 2026-10-09",2,,Pop and Rock,,Snappy-Doo,,,Pooches at the Piano (flyingivoriesmusic.com.au),,52
ANZCA Modern,"Examination Syllabus: Pianoforte, Pianoforte Duet, Theory of Music 2025-27, Modern Pianoforte; accessed 2026-10-09",2,,Blues,,Blues for Beyonce,,,ANZCA Modern Pianoforte Series 2 – Grade Two (ANZCA),,52
ANZCA Modern,"Examination Syllabus: Pianoforte, Pianoforte Duet, Theory of Music 2025-27, Modern Pianoforte; accessed 2026-10-09",2,,Blues,,That Blues Feel,,,ANZCA Modern Pianoforte Series 2 – Grade Two (ANZCA),,52
ANZCA Modern,"Examination Syllabus: Pianoforte, Pianoforte Duet, Theory of Music 2025-27, Modern Pianoforte; accessed 2026-10-09",2,,Blues,,Walking on Blues Street,,,ANZCA Modern Pianoforte Series 2 – Grade Two (ANZCA),,52
ANZCA Modern,"Examination Syllabus: Pianoforte, Pianoforte Duet, Theory of Music 2025-27, Modern Pianoforte; accessed 2026-10-09",2,,Blues,,Blues no. 1 (with embellishment),YK21020,,"AGAY, D. Joy of Boogie and Blues Book 1, The (Yorktown Press YK21020/Music Sales)",,52
ANZCA Modern,"Examination Syllabus: Pianoforte, Pianoforte Duet, Theory of Music 2025-27, Modern Pianoforte; accessed 2026-10-09",2,,Blues,,Cruella De Vil,00-16498,,Alfred Basic Piano Library – Top Hits! Solo Book Level 3 (Alfred 00-16498),,52
ANZCA Modern,"Examination Syllabus: Pianoforte, Pianoforte Duet, Theory of Music 2025-27, Modern Pianoforte; accessed 2026-10-09",2,,Blues,,Raggy Blues,,,"BAILEY, K. Jazzin’ Around 2 (kerinbailey.com.au, or through Hal Leonard)",,52
ANZCA Modern,"Examination Syllabus: Pianoforte, Pianoforte Duet, Theory of Music 2025-27, Modern Pianoforte; accessed 2026-10-09",2,,Blues,,New Orleans Blues,WP240,,"BASTIEN, J. Boogie, Rock & Country Level 3 (Kjos WP240)",,52
ANZCA Modern,"Examination Syllabus: Pianoforte, Pianoforte Duet, Theory of Music 2025-27, Modern Pianoforte; accessed 2026-10-09",2,,Blues,,Blues in F,WP53,,Pop Piano Styles Level 3 (WP53),,52
ANZCA Modern,"Examination Syllabus: Pianoforte, Pianoforte Duet, Theory of Music 2025-27, Modern Pianoforte; accessed 2026-10-09",2,,Blues,,Blue Bop,,,"BAUMGARTNER, E. Jazz Connection – Book 2 (Willis Music/Encore, encoremusic.au)",,52
ANZCA Modern,"Examination Syllabus: Pianoforte, Pianoforte Duet, Theory of Music 2025-27, Modern Pianoforte; accessed 2026-10-09",2,,Blues,,Mellow Mood,,,"BAUMGARTNER, E. Jazz Connection – Book 2 (Willis Music/Encore, encoremusic.au)",,52
ANZCA Modern,"Examination Syllabus: Pianoforte, Pianoforte Duet, Theory of Music 2025-27, Modern Pianoforte; accessed 2026-10-09",2,,Blues,,12. Squeezy Squirrel,,,"BELL, A. My Quirky Notebook (Editions Musica Ferrum)",,52
ANZCA Modern,"Examination Syllabus: Pianoforte, Pianoforte Duet, Theory of Music 2025-27, Modern Pianoforte; accessed 2026-10-09",2,,Blues,,T.V. Zombie,,,"CHUA, S. Bogus Boogies (Single-sheet download available from supersonicspiano.com)",,52
ANZCA Modern,"Examination Syllabus: Pianoforte, Pianoforte Duet, Theory of Music 2025-27, Modern Pianoforte; accessed 2026-10-09",2,,Blues,,Big Band Blues,,,"HUNTER, G. Big Band Blues (ANZCA)",,52
ANZCA Modern,"Examination Syllabus: Pianoforte, Pianoforte Duet, Theory of Music 2025-27, Modern Pianoforte; accessed 2026-10-09",2,,Blues,,Jug Band Blues,,,"HUNTER, G. Big Band Blues (ANZCA)",,52
ANZCA Modern,"Examination Syllabus: Pianoforte, Pianoforte Duet, Theory of Music 2025-27, Modern Pianoforte; accessed 2026-10-09",2,,Blues,,Froggy,,,"McFARLANE, D. Single sheets: (supersonicspiano.com)",,52
ANZCA Modern,"Examination Syllabus: Pianoforte, Pianoforte Duet, Theory of Music 2025-27, Modern Pianoforte; accessed 2026-10-09",2,,Blues,,Walking the Dog,,,"McFARLANE, D. Single sheets: (supersonicspiano.com)",,52
ANZCA Modern,"Examination Syllabus: Pianoforte, Pianoforte Duet, Theory of Music 2025-27, Modern Pianoforte; accessed 2026-10-09",2,,Blues,,Ol’ Rockin’ Chair Blues,00-6642,,"MIER, M. Jazz, Rags & Blues – Book 1 (Alfred 00-6642)",,52
ANZCA Modern,"Examination Syllabus: Pianoforte, Pianoforte Duet, Theory of Music 2025-27, Modern Pianoforte; accessed 2026-10-09",2,,Blues,,Motor City,HL00399003,,"NORTON, C. American Popular Piano – Repertoire Level 3 (Novus Via Music Group/Hal Leonard HL00399003)",,53
ANZCA Modern,"Examination Syllabus: Pianoforte, Pianoforte Duet, Theory of Music 2025-27, Modern Pianoforte; accessed 2026-10-09",2,,Blues,,Feelin’ Good,9781908500113,,Connections 2 for Piano (80 Days Pub./Hal Leonard 9781908500113),,53
ANZCA Modern,"Examination Syllabus: Pianoforte, Pianoforte Duet, Theory of Music 2025-27, Modern Pianoforte; accessed 2026-10-09",2,,Blues,,Trail-Ride Blues,9781908500120,,Connections 3 for Piano (H.L. 9781908500120),,53
ANZCA Modern,"Examination Syllabus: Pianoforte, Pianoforte Duet, Theory of Music 2025-27, Modern Pianoforte; accessed 2026-10-09",2,,Blues,,Cruella De Vil,HL00296053,,Popular Piano Solos Level 4 – 2nd Edition (Hal Leonard HL00296053),,53
ANZCA Modern,"Examination Syllabus: Pianoforte, Pianoforte Duet, Theory of Music 2025-27, Modern Pianoforte; accessed 2026-10-09",2,,Blues,,Georgia on My Mind,HL00296053,,Popular Piano Solos Level 4 – 2nd Edition (Hal Leonard HL00296053),,53
ANZCA Modern,"Examination Syllabus: Pianoforte, Pianoforte Duet, Theory of Music 2025-27, Modern Pianoforte; accessed 2026-10-09",2,,Blues,,Moggie and Doggie,,,"ROBINSON, A. Cats on the Keys (flyingivoriesmusic.com.au)",,53
ANZCA Modern,"Examination Syllabus: Pianoforte, Pianoforte Duet, Theory of Music 2025-27, Modern Pianoforte; accessed 2026-10-09",2,,Blues,Forsyth,Soggy Shoes Blues,ED 23422,ed. M. Spanswick.,Women Composers – A Graded Anthology for Piano: Book 1 (Grades 1–4) (Schott ED 23422),,53
ANZCA Modern,"Examination Syllabus: Pianoforte, Pianoforte Duet, Theory of Music 2025-27, Modern Pianoforte; accessed 2026-10-09",2,,Boogie,,"Nicely, Nicely Boogie",,,ANZCA Modern Pianoforte Series 2 – Grade Two (ANZCA),,53
ANZCA Modern,"Examination Syllabus: Pianoforte, Pianoforte Duet, Theory of Music 2025-27, Modern Pianoforte; accessed 2026-10-09",2,,Boogie,,Outback Boogie,,,ANZCA Modern Pianoforte Series 2 – Grade Two (ANZCA),,53
ANZCA Modern,"Examination Syllabus: Pianoforte, Pianoforte Duet, Theory of Music 2025-27, Modern Pianoforte; accessed 2026-10-09",2,,Boogie,,Wagons Ho!,,,ANZCA Modern Pianoforte Series 2 – Grade Two (ANZCA),,53
ANZCA Modern,"Examination Syllabus: Pianoforte, Pianoforte Duet, Theory of Music 2025-27, Modern Pianoforte; accessed 2026-10-09",2,,Boogie,,Old Joe Clark’s Boogie,YK21020,,"AGAY, D. Joy of Boogie and Blues Book 1, The (Yorktown Press YK21020/Music Sales)",,53
ANZCA Modern,"Examination Syllabus: Pianoforte, Pianoforte Duet, Theory of Music 2025-27, Modern Pianoforte; accessed 2026-10-09",2,,Boogie,,Bass Rules,,,"BAILEY, K. Jazzin’ Around 6 (kerinbailey.com.au, or through Hal Leonard)",,53
ANZCA Modern,"Examination Syllabus: Pianoforte, Pianoforte Duet, Theory of Music 2025-27, Modern Pianoforte; accessed 2026-10-09",2,,Boogie,,Barnyard Blues,CH61269,,"BARRATT, C. Next Step: Boogies, Rags and Blues Collection (Chester CH61269)",,53
ANZCA Modern,"Examination Syllabus: Pianoforte, Pianoforte Duet, Theory of Music 2025-27, Modern Pianoforte; accessed 2026-10-09",2,,Boogie,,Butterfinger Boogie,CH61269,,"BARRATT, C. Next Step: Boogies, Rags and Blues Collection (Chester CH61269)",,53
ANZCA Modern,"Examination Syllabus: Pianoforte, Pianoforte Duet, Theory of Music 2025-27, Modern Pianoforte; accessed 2026-10-09",2,,Boogie,,Honky Tonky Stomp,CH61269,,"BARRATT, C. Next Step: Boogies, Rags and Blues Collection (Chester CH61269)",,53
ANZCA Modern,"Examination Syllabus: Pianoforte, Pianoforte Duet, Theory of Music 2025-27, Modern Pianoforte; accessed 2026-10-09",2,,Boogie,,Neeps and Tatties,CH61269,,"BARRATT, C. Next Step: Boogies, Rags and Blues Collection (Chester CH61269)",,53
ANZCA Modern,"Examination Syllabus: Pianoforte, Pianoforte Duet, Theory of Music 2025-27, Modern Pianoforte; accessed 2026-10-09",2,,Boogie,,Good Time Boogie,WP53,,"BASTIEN, J. Pop Piano Styles Level 3 (Kjos WP53)",,53
ANZCA Modern,"Examination Syllabus: Pianoforte, Pianoforte Duet, Theory of Music 2025-27, Modern Pianoforte; accessed 2026-10-09",2,,Boogie,,Cockroach Stomp,,,"CHUA, S. Sonny Chua Piano Music Volume 1 (Single-sheet download available from supersonicspiano.com)",,53
ANZCA Modern,"Examination Syllabus: Pianoforte, Pianoforte Duet, Theory of Music 2025-27, Modern Pianoforte; accessed 2026-10-09",2,,Boogie,,Blind Mice Boogie,,,"HUNTER, G. Big Band Blues (ANZCA)",,53
ANZCA Modern,"Examination Syllabus: Pianoforte, Pianoforte Duet, Theory of Music 2025-27, Modern Pianoforte; accessed 2026-10-09",2,,Boogie,,Boogie Fingers,,,"HUNTER, G. Big Band Blues (ANZCA)",,53
ANZCA Modern,"Examination Syllabus: Pianoforte, Pianoforte Duet, Theory of Music 2025-27, Modern Pianoforte; accessed 2026-10-09",2,,Boogie,,Boogie On Up,,,"McFARLANE, D. Single sheet: (supersonicspiano.com)",,53
ANZCA Modern,"Examination Syllabus: Pianoforte, Pianoforte Duet, Theory of Music 2025-27, Modern Pianoforte; accessed 2026-10-09",2,,Boogie,,All Over Town,HL00399003,,"NORTON, C. American Popular Piano – Repertoire Level 3 (Novus Via Music Group/Hal Leonard HL00399003)",,53
ANZCA Modern,"Examination Syllabus: Pianoforte, Pianoforte Duet, Theory of Music 2025-27, Modern Pianoforte; accessed 2026-10-09",2,,Boogie,,Trucking Along,HL00399004,,"A.P.P. – Repertoire Level 4 (HL00399004) [solo part, backing track required]",,53
ANZCA Modern,"Examination Syllabus: Pianoforte, Pianoforte Duet, Theory of Music 2025-27, Modern Pianoforte; accessed 2026-10-09",2,,Boogie,,Grizzly,HL00399005,,A.P.P. – Repertoire Level 5 (HL00399005),,53
ANZCA Modern,"Examination Syllabus: Pianoforte, Pianoforte Duet, Theory of Music 2025-27, Modern Pianoforte; accessed 2026-10-09",2,,Boogie,,Picnic Hop,9781908500113,,Connections 2 for Piano (80 Days Pub./Hal Leonard 9781908500113),,53
ANZCA Modern,"Examination Syllabus: Pianoforte, Pianoforte Duet, Theory of Music 2025-27, Modern Pianoforte; accessed 2026-10-09",2,,Boogie,,On the Spur of the Moment,9781908500120,,Connections 3 for Piano (H.L. 9781908500120),,53
ANZCA Modern,"Examination Syllabus: Pianoforte, Pianoforte Duet, Theory of Music 2025-27, Modern Pianoforte; accessed 2026-10-09",2,,Boogie,,Positively Swinging,9781908500137,,Connections 4 for Piano (H.L. 9781908500137),,53
ANZCA Modern,"Examination Syllabus: Pianoforte, Pianoforte Duet, Theory of Music 2025-27, Modern Pianoforte; accessed 2026-10-09",2,,Ragtime,,Cleaning Lady’s Rag,,,ANZCA Modern Pianoforte Series 2 – Grade Two (ANZCA),,53
ANZCA Modern,"Examination Syllabus: Pianoforte, Pianoforte Duet, Theory of Music 2025-27, Modern Pianoforte; accessed 2026-10-09",2,,Ragtime,,Jumpin’ George,,,ANZCA Modern Pianoforte Series 2 – Grade Two (ANZCA),,53
ANZCA Modern,"Examination Syllabus: Pianoforte, Pianoforte Duet, Theory of Music 2025-27, Modern Pianoforte; accessed 2026-10-09",2,,Ragtime,,Rag for Mag,,,ANZCA Modern Pianoforte Series 2 – Grade Two (ANZCA),,53
ANZCA Modern,"Examination Syllabus: Pianoforte, Pianoforte Duet, Theory of Music 2025-27, Modern Pianoforte; accessed 2026-10-09",2,,Ragtime,,Summertime Rag,WP53,,"BASTIEN, J. Pop Piano Styles Level 3 (Kjos WP53)",,53
ANZCA Modern,"Examination Syllabus: Pianoforte, Pianoforte Duet, Theory of Music 2025-27, Modern Pianoforte; accessed 2026-10-09",2,,Ragtime,,The Entertainer,E17645,,"BRIMHALL, J. All Gold For Easy Piano Book 1 (EMI E17645)",,53
ANZCA Modern,"Examination Syllabus: Pianoforte, Pianoforte Duet, Theory of Music 2025-27, Modern Pianoforte; accessed 2026-10-09",2,,Ragtime,,Sideshow Rag,ASCK003,,Encore on Keys – Achiever Series Level 3 (Encore Music Education ASCK003),,53
ANZCA Modern,"Examination Syllabus: Pianoforte, Pianoforte Duet, Theory of Music 2025-27, Modern Pianoforte; accessed 2026-10-09",2,,Ragtime,,Jelly Cake-Walk,,,"HUNTER, G. Big Band Blues (ANZCA)",,53
ANZCA Modern,"Examination Syllabus: Pianoforte, Pianoforte Duet, Theory of Music 2025-27, Modern Pianoforte; accessed 2026-10-09",2,,Ragtime,,Novelty Rag,,,"HUNTER, G. Big Band Blues (ANZCA)",,53
ANZCA Modern,"Examination Syllabus: Pianoforte, Pianoforte Duet, Theory of Music 2025-27, Modern Pianoforte; accessed 2026-10-09",2,,Ragtime,,Side-Steppin’,,,"McFARLANE, D. Single sheet: (supersonicspiano.com)",,53
ANZCA Modern,"Examination Syllabus: Pianoforte, Pianoforte Duet, Theory of Music 2025-27, Modern Pianoforte; accessed 2026-10-09",2,,Ragtime,,Ragtime Do-si-do,00-6642,,"MIER, M. Jazz, Rags & Blues – Book 1 (Alfred 00-6642)",,53
ANZCA Modern,"Examination Syllabus: Pianoforte, Pianoforte Duet, Theory of Music 2025-27, Modern Pianoforte; accessed 2026-10-09",2,,Ragtime,,Sophisticated Rag,00-18199,,Musical Snapshots (00-18199),,53
ANZCA Modern,"Examination Syllabus: Pianoforte, Pianoforte Duet, Theory of Music 2025-27, Modern Pianoforte; accessed 2026-10-09",2,,Ragtime,,Learning to Ride,HL00399004,,"NORTON, C. American Popular Piano – Repertoire Level 4 (Novus Via Music Group/Hal Leonard HL00399004)",,54
ANZCA Modern,"Examination Syllabus: Pianoforte, Pianoforte Duet, Theory of Music 2025-27, Modern Pianoforte; accessed 2026-10-09",2,,Ragtime,,Dixie or Rags?,,,"ROBINSON, A. Pooches at the Piano (flyingivoriesmusic.com.au)",,54
ANZCA Modern,"Examination Syllabus: Pianoforte, Pianoforte Duet, Theory of Music 2025-27, Modern Pianoforte; accessed 2026-10-09",2,,Ragtime,,Bink’s Waltz,HL00102179,,Scott Joplin’s Greatest Hits – Easy Piano (Hal Leonard HL00102179),,54
ANZCA Modern,"Examination Syllabus: Pianoforte, Pianoforte Duet, Theory of Music 2025-27, Modern Pianoforte; accessed 2026-10-09",2,,Ragtime,,Crush Collision March,HL00102179,,Scott Joplin’s Greatest Hits – Easy Piano (Hal Leonard HL00102179),,54
ANZCA Modern,"Examination Syllabus: Pianoforte, Pianoforte Duet, Theory of Music 2025-27, Modern Pianoforte; accessed 2026-10-09",2,,Ragtime,,The Entertainer,HL00102179,,Scott Joplin’s Greatest Hits – Easy Piano (Hal Leonard HL00102179),,54
ANZCA Modern,"Examination Syllabus: Pianoforte, Pianoforte Duet, Theory of Music 2025-27, Modern Pianoforte; accessed 2026-10-09",2,,Ragtime,,Eugenia,HL00102179,,Scott Joplin’s Greatest Hits – Easy Piano (Hal Leonard HL00102179),,54
ANZCA Modern,"Examination Syllabus: Pianoforte, Pianoforte Duet, Theory of Music 2025-27, Modern Pianoforte; accessed 2026-10-09",2,,Ragtime,,Ragtime Dance,HL00102179,,Scott Joplin’s Greatest Hits – Easy Piano (Hal Leonard HL00102179),,54
ANZCA Modern,"Examination Syllabus: Pianoforte, Pianoforte Duet, Theory of Music 2025-27, Modern Pianoforte; accessed 2026-10-09",2,,Ragtime,,Solace,HL00102179,,Scott Joplin’s Greatest Hits – Easy Piano (Hal Leonard HL00102179),,54
ANZCA Modern,"Examination Syllabus: Pianoforte, Pianoforte Duet, Theory of Music 2025-27, Modern Pianoforte; accessed 2026-10-09",2,,Ragtime,,Swipsey,HL00102179,,Scott Joplin’s Greatest Hits – Easy Piano (Hal Leonard HL00102179),,54
ANZCA Modern,"Examination Syllabus: Pianoforte, Pianoforte Duet, Theory of Music 2025-27, Modern Pianoforte; accessed 2026-10-09",3,,Pop and Rock,,Big Chief Rocking Horse,,,ANZCA Modern Pianoforte Series 2 – Grade Three (ANZCA),,55
ANZCA Modern,"Examination Syllabus: Pianoforte, Pianoforte Duet, Theory of Music 2025-27, Modern Pianoforte; accessed 2026-10-09",3,,Pop and Rock,,Country-Rock,,,ANZCA Modern Pianoforte Series 2 – Grade Three (ANZCA),,55
ANZCA Modern,"Examination Syllabus: Pianoforte, Pianoforte Duet, Theory of Music 2025-27, Modern Pianoforte; accessed 2026-10-09",3,,Pop and Rock,,Summer Rain,,,ANZCA Modern Pianoforte Series 2 – Grade Three (ANZCA),,55
ANZCA Modern,"Examination Syllabus: Pianoforte, Pianoforte Duet, Theory of Music 2025-27, Modern Pianoforte; accessed 2026-10-09",3,,Pop and Rock,,The Sound of Music,00-16498,,Alfred’s Basic Piano Library – Top Hits! Solo Book Level 3 (Alfred 00-16498),,55
ANZCA Modern,"Examination Syllabus: Pianoforte, Pianoforte Duet, Theory of Music 2025-27, Modern Pianoforte; accessed 2026-10-09",3,,Pop and Rock,,Insistent Triads,,,"ARNOLD, G. Single sheets: (grantarnold.com/shop)",,55
ANZCA Modern,"Examination Syllabus: Pianoforte, Pianoforte Duet, Theory of Music 2025-27, Modern Pianoforte; accessed 2026-10-09",3,,Pop and Rock,,Morning Song,,,"ARNOLD, G. Single sheets: (grantarnold.com/shop)",,55
ANZCA Modern,"Examination Syllabus: Pianoforte, Pianoforte Duet, Theory of Music 2025-27, Modern Pianoforte; accessed 2026-10-09",3,,Pop and Rock,,Song for Australia,,,"ARNOLD, G. Single sheets: (grantarnold.com/shop)",,55
ANZCA Modern,"Examination Syllabus: Pianoforte, Pianoforte Duet, Theory of Music 2025-27, Modern Pianoforte; accessed 2026-10-09",3,,Pop and Rock,,Twilight,,,"ARNOLD, G. Single sheets: (grantarnold.com/shop)",,55
ANZCA Modern,"Examination Syllabus: Pianoforte, Pianoforte Duet, Theory of Music 2025-27, Modern Pianoforte; accessed 2026-10-09",3,,Pop and Rock,,He’s a Pirate,95475,arr. J. Linn.,"BADELT, K. Single sheet: (sheetmusicplus.com HX.95475)",,55
ANZCA Modern,"Examination Syllabus: Pianoforte, Pianoforte Duet, Theory of Music 2025-27, Modern Pianoforte; accessed 2026-10-09",3,,Pop and Rock,,Little Song,,,"BAILEY, K. Jazzin’ Around 2",,55
ANZCA Modern,"Examination Syllabus: Pianoforte, Pianoforte Duet, Theory of Music 2025-27, Modern Pianoforte; accessed 2026-10-09",3,,Pop and Rock,,Summer Rain,,,Jazzin’ Around 3,,55
ANZCA Modern,"Examination Syllabus: Pianoforte, Pianoforte Duet, Theory of Music 2025-27, Modern Pianoforte; accessed 2026-10-09",3,,Pop and Rock,,Groove Time,,,Jazzin’ Around 4,,55
ANZCA Modern,"Examination Syllabus: Pianoforte, Pianoforte Duet, Theory of Music 2025-27, Modern Pianoforte; accessed 2026-10-09",3,,Pop and Rock,,March of the Brass Band,,,"Jazzin’ Around 6 (kerinbailey.com.au, or through Hal Leonard)",,55
ANZCA Modern,"Examination Syllabus: Pianoforte, Pianoforte Duet, Theory of Music 2025-27, Modern Pianoforte; accessed 2026-10-09",3,,Pop and Rock,,Eight O’Clock Rock,GP39,,"BASTIEN, J. Pop, Rock ’n’ Blues Book 3 (Kjos GP39)",,55
ANZCA Modern,"Examination Syllabus: Pianoforte, Pianoforte Duet, Theory of Music 2025-27, Modern Pianoforte; accessed 2026-10-09",3,,Pop and Rock,,Goin’ Home,GP39,,"BASTIEN, J. Pop, Rock ’n’ Blues Book 3 (Kjos GP39)",,55
ANZCA Modern,"Examination Syllabus: Pianoforte, Pianoforte Duet, Theory of Music 2025-27, Modern Pianoforte; accessed 2026-10-09",3,,Pop and Rock,,High on a Windy Hill,GP39,,"BASTIEN, J. Pop, Rock ’n’ Blues Book 3 (Kjos GP39)",,55
ANZCA Modern,"Examination Syllabus: Pianoforte, Pianoforte Duet, Theory of Music 2025-27, Modern Pianoforte; accessed 2026-10-09",3,,Pop and Rock,,Berry Blue Jam,,,"BAUMGARTNER, E. Jazz Connection – Book 2 (Willis Music/Encore, encoremusic.au)",,55
ANZCA Modern,"Examination Syllabus: Pianoforte, Pianoforte Duet, Theory of Music 2025-27, Modern Pianoforte; accessed 2026-10-09",3,,Pop and Rock,,On Broadway,E17645,,"BRIMHALL, J. All Gold – For Easy Piano Book 1 (EMI E17645)",,55
ANZCA Modern,"Examination Syllabus: Pianoforte, Pianoforte Duet, Theory of Music 2025-27, Modern Pianoforte; accessed 2026-10-09",3,,Pop and Rock,,You’ve Got a Friend,E17645,,"BRIMHALL, J. All Gold – For Easy Piano Book 1 (EMI E17645)",,55
ANZCA Modern,"Examination Syllabus: Pianoforte, Pianoforte Duet, Theory of Music 2025-27, Modern Pianoforte; accessed 2026-10-09",3,,Pop and Rock,,Dream a Little Dream of Me,E31945,,Book 2 (E31945),,55
ANZCA Modern,"Examination Syllabus: Pianoforte, Pianoforte Duet, Theory of Music 2025-27, Modern Pianoforte; accessed 2026-10-09",3,,Pop and Rock,,I Just Called to Say I Love You,E31945,,Book 2 (E31945),,55
ANZCA Modern,"Examination Syllabus: Pianoforte, Pianoforte Duet, Theory of Music 2025-27, Modern Pianoforte; accessed 2026-10-09",3,,Pop and Rock,,Something,E31945,,Book 2 (E31945),,55
ANZCA Modern,"Examination Syllabus: Pianoforte, Pianoforte Duet, Theory of Music 2025-27, Modern Pianoforte; accessed 2026-10-09",3,,Pop and Rock,,Theme from Superman,00-AF9911B,,"COATES, D. Something for the Boys (Alfred 00-AF9911B)",,55
ANZCA Modern,"Examination Syllabus: Pianoforte, Pianoforte Duet, Theory of Music 2025-27, Modern Pianoforte; accessed 2026-10-09",3,,Pop and Rock,,Out of Bounds,ASCK003,,Encore on Keys – Achiever Series Level 3 (Encore Music Education ASCK003),,55
ANZCA Modern,"Examination Syllabus: Pianoforte, Pianoforte Duet, Theory of Music 2025-27, Modern Pianoforte; accessed 2026-10-09",3,,Pop and Rock,,Dizzy Lizzy,ASCK004,,E.O.K. – Achiever Series Book 4 (ASCK004),,55
ANZCA Modern,"Examination Syllabus: Pianoforte, Pianoforte Duet, Theory of Music 2025-27, Modern Pianoforte; accessed 2026-10-09",3,,Pop and Rock,,Hot Chilli Rock,ASCK004,,E.O.K. – Achiever Series Book 4 (ASCK004),,55
ANZCA Modern,"Examination Syllabus: Pianoforte, Pianoforte Duet, Theory of Music 2025-27, Modern Pianoforte; accessed 2026-10-09",3,,Pop and Rock,Hisaishi,Reprise (From Spirited Away),AP1024,ed. A. Turner.,Exploring Grade Three (Hal Leonard AP1024),,55
ANZCA Modern,"Examination Syllabus: Pianoforte, Pianoforte Duet, Theory of Music 2025-27, Modern Pianoforte; accessed 2026-10-09",3,,Pop and Rock,,The Game of Love,HL00420138,,FABER & FABER. BigTime Piano Level 4 – Rock ’n Roll (Hal Leonard HL00420138),,55
ANZCA Modern,"Examination Syllabus: Pianoforte, Pianoforte Duet, Theory of Music 2025-27, Modern Pianoforte; accessed 2026-10-09",3,,Pop and Rock,,Great Balls of Fire,HL00420138,,FABER & FABER. BigTime Piano Level 4 – Rock ’n Roll (Hal Leonard HL00420138),,55
ANZCA Modern,"Examination Syllabus: Pianoforte, Pianoforte Duet, Theory of Music 2025-27, Modern Pianoforte; accessed 2026-10-09",3,,Pop and Rock,,I Heard It Through the Grapevine,HL00420138,,FABER & FABER. BigTime Piano Level 4 – Rock ’n Roll (Hal Leonard HL00420138),,55
ANZCA Modern,"Examination Syllabus: Pianoforte, Pianoforte Duet, Theory of Music 2025-27, Modern Pianoforte; accessed 2026-10-09",3,,Pop and Rock,,Piano Man,HL00420138,,FABER & FABER. BigTime Piano Level 4 – Rock ’n Roll (Hal Leonard HL00420138),,55
ANZCA Modern,"Examination Syllabus: Pianoforte, Pianoforte Duet, Theory of Music 2025-27, Modern Pianoforte; accessed 2026-10-09",3,,Pop and Rock,,When a Man Loves a Woman,HL00420138,,FABER & FABER. BigTime Piano Level 4 – Rock ’n Roll (Hal Leonard HL00420138),,55
ANZCA Modern,"Examination Syllabus: Pianoforte, Pianoforte Duet, Theory of Music 2025-27, Modern Pianoforte; accessed 2026-10-09",3,,Pop and Rock,,The Muppet Show Theme,HL00356866,,Favorite Songs from Jim Henson’s Muppets (Hal Leonard HL00356866),,55
ANZCA Modern,"Examination Syllabus: Pianoforte, Pianoforte Duet, Theory of Music 2025-27, Modern Pianoforte; accessed 2026-10-09",3,,Pop and Rock,,Clocks,AP1008,ed. E. Milne.,Getting to Grade Three – The New Mix (Hal Leonard AP1008),,55
ANZCA Modern,"Examination Syllabus: Pianoforte, Pianoforte Duet, Theory of Music 2025-27, Modern Pianoforte; accessed 2026-10-09",3,,Pop and Rock,,Mamma Mia,AP1008,ed. E. Milne.,Getting to Grade Three – The New Mix (Hal Leonard AP1008),,55
ANZCA Modern,"Examination Syllabus: Pianoforte, Pianoforte Duet, Theory of Music 2025-27, Modern Pianoforte; accessed 2026-10-09",3,,Pop and Rock,,Moon River,AP1008,ed. E. Milne.,Getting to Grade Three – The New Mix (Hal Leonard AP1008),,55
ANZCA Modern,"Examination Syllabus: Pianoforte, Pianoforte Duet, Theory of Music 2025-27, Modern Pianoforte; accessed 2026-10-09",3,,Pop and Rock,,A Summer Song,,,"HUNTER, G. All That Jazz [Improvisation required]",,55
ANZCA Modern,"Examination Syllabus: Pianoforte, Pianoforte Duet, Theory of Music 2025-27, Modern Pianoforte; accessed 2026-10-09",3,,Pop and Rock,,House-Party Mix,,,Dial “J” for Jazz (ANZCA),,55
ANZCA Modern,"Examination Syllabus: Pianoforte, Pianoforte Duet, Theory of Music 2025-27, Modern Pianoforte; accessed 2026-10-09",3,,Pop and Rock,,Rock ’n’ Roll Hillbilly,,,Dial “J” for Jazz (ANZCA),,55
ANZCA Modern,"Examination Syllabus: Pianoforte, Pianoforte Duet, Theory of Music 2025-27, Modern Pianoforte; accessed 2026-10-09",3,,Pop and Rock,,Dancing Queen,AM22195,,It’s Easy to Play Abba (Wise AM22195/Music Sales),,55
ANZCA Modern,"Examination Syllabus: Pianoforte, Pianoforte Duet, Theory of Music 2025-27, Modern Pianoforte; accessed 2026-10-09",3,,Pop and Rock,,Fernando,AM22195,,It’s Easy to Play Abba (Wise AM22195/Music Sales),,55
ANZCA Modern,"Examination Syllabus: Pianoforte, Pianoforte Duet, Theory of Music 2025-27, Modern Pianoforte; accessed 2026-10-09",3,,Pop and Rock,,Mamma Mia,AM22195,,It’s Easy to Play Abba (Wise AM22195/Music Sales),,55
ANZCA Modern,"Examination Syllabus: Pianoforte, Pianoforte Duet, Theory of Music 2025-27, Modern Pianoforte; accessed 2026-10-09",3,,Pop and Rock,,Can’t Help Falling in Love,AM20868,,It’s Easy to Play Elvis (Wise AM20868/Music Sales),,55
ANZCA Modern,"Examination Syllabus: Pianoforte, Pianoforte Duet, Theory of Music 2025-27, Modern Pianoforte; accessed 2026-10-09",3,,Pop and Rock,,Love Me Tender,AM20868,,It’s Easy to Play Elvis (Wise AM20868/Music Sales),,55
ANZCA Modern,"Examination Syllabus: Pianoforte, Pianoforte Duet, Theory of Music 2025-27, Modern Pianoforte; accessed 2026-10-09",3,,Pop and Rock,,Teddy Bear,AM20868,,It’s Easy to Play Elvis (Wise AM20868/Music Sales),,55
ANZCA Modern,"Examination Syllabus: Pianoforte, Pianoforte Duet, Theory of Music 2025-27, Modern Pianoforte; accessed 2026-10-09",3,,Pop and Rock,,Over the Rainbow,AM953865,,It’s Easy to Play Movie Music (Wise AM953865/Music Sales),,55
ANZCA Modern,"Examination Syllabus: Pianoforte, Pianoforte Duet, Theory of Music 2025-27, Modern Pianoforte; accessed 2026-10-09",3,,Pop and Rock,,Do You Hear the People Sing,MF10010,,Les Misérables – Easy Piano Album (Music Sales MF10010),,55
ANZCA Modern,"Examination Syllabus: Pianoforte, Pianoforte Duet, Theory of Music 2025-27, Modern Pianoforte; accessed 2026-10-09",3,,Pop and Rock,,Drink With Me,MF10010,,Les Misérables – Easy Piano Album (Music Sales MF10010),,55
ANZCA Modern,"Examination Syllabus: Pianoforte, Pianoforte Duet, Theory of Music 2025-27, Modern Pianoforte; accessed 2026-10-09",3,,Pop and Rock,,Agent X,,,"McFARLANE, D. Single sheets: (supersonicspiano.com)",,55
ANZCA Modern,"Examination Syllabus: Pianoforte, Pianoforte Duet, Theory of Music 2025-27, Modern Pianoforte; accessed 2026-10-09",3,,Pop and Rock,,Going Home,,,"McFARLANE, D. Single sheets: (supersonicspiano.com)",,55
ANZCA Modern,"Examination Syllabus: Pianoforte, Pianoforte Duet, Theory of Music 2025-27, Modern Pianoforte; accessed 2026-10-09",3,,Pop and Rock,,Let Me Tell You a Story,,,"McFARLANE, D. Single sheets: (supersonicspiano.com)",,55
ANZCA Modern,"Examination Syllabus: Pianoforte, Pianoforte Duet, Theory of Music 2025-27, Modern Pianoforte; accessed 2026-10-09",3,,Pop and Rock,,A Thing of Beauty,HL00399004,,"NORTON, C. American Popular Piano – Repertoire Level 4 (Novus Via Music Group/Hal Leonard HL00399004)",,56
ANZCA Modern,"Examination Syllabus: Pianoforte, Pianoforte Duet, Theory of Music 2025-27, Modern Pianoforte; accessed 2026-10-09",3,,Pop and Rock,,Quiet Musings,HL00399004,,"NORTON, C. American Popular Piano – Repertoire Level 4 (Novus Via Music Group/Hal Leonard HL00399004)",,56
ANZCA Modern,"Examination Syllabus: Pianoforte, Pianoforte Duet, Theory of Music 2025-27, Modern Pianoforte; accessed 2026-10-09",3,,Pop and Rock,,Swaggering,HL00399004,,"NORTON, C. American Popular Piano – Repertoire Level 4 (Novus Via Music Group/Hal Leonard HL00399004)",,56
ANZCA Modern,"Examination Syllabus: Pianoforte, Pianoforte Duet, Theory of Music 2025-27, Modern Pianoforte; accessed 2026-10-09",3,,Pop and Rock,,World Cup Stomp,HL00399004,,"NORTON, C. American Popular Piano – Repertoire Level 4 (Novus Via Music Group/Hal Leonard HL00399004)",,56
ANZCA Modern,"Examination Syllabus: Pianoforte, Pianoforte Duet, Theory of Music 2025-27, Modern Pianoforte; accessed 2026-10-09",3,,Pop and Rock,,In a Glider,HL00399005,,A.P.P. – Repertoire Level 5 (HL00399005),,56
ANZCA Modern,"Examination Syllabus: Pianoforte, Pianoforte Duet, Theory of Music 2025-27, Modern Pianoforte; accessed 2026-10-09",3,,Pop and Rock,,In the Fresh Air,HL00399005,,A.P.P. – Repertoire Level 5 (HL00399005),,56
ANZCA Modern,"Examination Syllabus: Pianoforte, Pianoforte Duet, Theory of Music 2025-27, Modern Pianoforte; accessed 2026-10-09",3,,Pop and Rock,,Left Behind,HL00399005,,"A.P.P. – Repertoire Level 5 (HL00399005) [solo piano part, played with backing track]",,56
ANZCA Modern,"Examination Syllabus: Pianoforte, Pianoforte Duet, Theory of Music 2025-27, Modern Pianoforte; accessed 2026-10-09",3,,Pop and Rock,,Bowling Green,HL00399006,,"A.P.P. – Repertoire Level 6 (HL00399006) [solo piano part, played with backing track]",,56
ANZCA Modern,"Examination Syllabus: Pianoforte, Pianoforte Duet, Theory of Music 2025-27, Modern Pianoforte; accessed 2026-10-09",3,,Pop and Rock,,Moonscape,9781908500144,,Connections 5 for Piano (80 Days Pub./Hal Leonard 9781908500144),,56
ANZCA Modern,"Examination Syllabus: Pianoforte, Pianoforte Duet, Theory of Music 2025-27, Modern Pianoforte; accessed 2026-10-09",3,,Pop and Rock,,Bubble Gum,M060138744,,"Microstyles Collection, The (Boosey & Hawkes M060138744)",,56
ANZCA Modern,"Examination Syllabus: Pianoforte, Pianoforte Duet, Theory of Music 2025-27, Modern Pianoforte; accessed 2026-10-09",3,,Pop and Rock,,Misty Day,M060138744,,"Microstyles Collection, The (Boosey & Hawkes M060138744)",,56
ANZCA Modern,"Examination Syllabus: Pianoforte, Pianoforte Duet, Theory of Music 2025-27, Modern Pianoforte; accessed 2026-10-09",3,,Pop and Rock,,Let It Go,HL00296147,,Popular Piano Solos Level 5 – 2nd Edition (Hal Leonard HL00296147),,56
ANZCA Modern,"Examination Syllabus: Pianoforte, Pianoforte Duet, Theory of Music 2025-27, Modern Pianoforte; accessed 2026-10-09",3,,Pop and Rock,,Mission: Impossible Theme,HL00296147,,Popular Piano Solos Level 5 – 2nd Edition (Hal Leonard HL00296147),,56
ANZCA Modern,"Examination Syllabus: Pianoforte, Pianoforte Duet, Theory of Music 2025-27, Modern Pianoforte; accessed 2026-10-09",3,,Pop and Rock,,Popular,HL00296147,,Popular Piano Solos Level 5 – 2nd Edition (Hal Leonard HL00296147),,56
ANZCA Modern,"Examination Syllabus: Pianoforte, Pianoforte Duet, Theory of Music 2025-27, Modern Pianoforte; accessed 2026-10-09",3,,Pop and Rock,,River Flows in You,HL00296147,,Popular Piano Solos Level 5 – 2nd Edition (Hal Leonard HL00296147),,56
ANZCA Modern,"Examination Syllabus: Pianoforte, Pianoforte Duet, Theory of Music 2025-27, Modern Pianoforte; accessed 2026-10-09",3,,Pop and Rock,,Wishing You Were Somehow Here Again,HL00366003,,"Phantom of the Opera, The – Easy Piano (Hal Leonard HL00366003)",,56
ANZCA Modern,"Examination Syllabus: Pianoforte, Pianoforte Duet, Theory of Music 2025-27, Modern Pianoforte; accessed 2026-10-09",3,,Pop and Rock,,The Phantom of the Opera,HL00366003,,"Phantom of the Opera, The – Easy Piano (Hal Leonard HL00366003)",,56
ANZCA Modern,"Examination Syllabus: Pianoforte, Pianoforte Duet, Theory of Music 2025-27, Modern Pianoforte; accessed 2026-10-09",3,,Pop and Rock,,The Point of No Return,HL00366003,,"Phantom of the Opera, The – Easy Piano (Hal Leonard HL00366003)",,56
ANZCA Modern,"Examination Syllabus: Pianoforte, Pianoforte Duet, Theory of Music 2025-27, Modern Pianoforte; accessed 2026-10-09",3,,Pop and Rock,,Think of Me,HL00366003,,"Phantom of the Opera, The – Easy Piano (Hal Leonard HL00366003)",,56
ANZCA Modern,"Examination Syllabus: Pianoforte, Pianoforte Duet, Theory of Music 2025-27, Modern Pianoforte; accessed 2026-10-09",3,,Pop and Rock,,Mission: Impossible Theme,291206,arr. F. Kern.,"SCHIFRIN, L. Single sheet: (sheetmusicplus.com HX.291206)",,56
ANZCA Modern,"Examination Syllabus: Pianoforte, Pianoforte Duet, Theory of Music 2025-27, Modern Pianoforte; accessed 2026-10-09",3,,Blues,,Blue Waltz,,,ANZCA Modern Pianoforte Series 2 – Grade Three (ANZCA),,56
ANZCA Modern,"Examination Syllabus: Pianoforte, Pianoforte Duet, Theory of Music 2025-27, Modern Pianoforte; accessed 2026-10-09",3,,Blues,,Puffing Billy Blues,,,ANZCA Modern Pianoforte Series 2 – Grade Three (ANZCA),,56
ANZCA Modern,"Examination Syllabus: Pianoforte, Pianoforte Duet, Theory of Music 2025-27, Modern Pianoforte; accessed 2026-10-09",3,,Blues,,Worried Man Blues,YK21020,,"AGAY, D. Joy of Boogie and Blues Book 1, The (Yorktown Press YK21020/Music Sales)",,56
ANZCA Modern,"Examination Syllabus: Pianoforte, Pianoforte Duet, Theory of Music 2025-27, Modern Pianoforte; accessed 2026-10-09",3,,Blues,,Kicking the Blues,YK21087,,"AGAY, D. Joy of Jazz, The (Yorktown Press YK21087/Music Sales)",,56
ANZCA Modern,"Examination Syllabus: Pianoforte, Pianoforte Duet, Theory of Music 2025-27, Modern Pianoforte; accessed 2026-10-09",3,,Blues,,Invitation to the Blues,YK21384,,"Joy of Jazz Book 2, The (YK21384)",,56
ANZCA Modern,"Examination Syllabus: Pianoforte, Pianoforte Duet, Theory of Music 2025-27, Modern Pianoforte; accessed 2026-10-09",3,,Blues,,Goin’ Home,00-6209,,Alfred’s Basic Jazz/Rock Course – Lesson Book Level 4 (Alfred 00-6209),,56
ANZCA Modern,"Examination Syllabus: Pianoforte, Pianoforte Duet, Theory of Music 2025-27, Modern Pianoforte; accessed 2026-10-09",3,,Blues,,Blue Waltz,,,"BAILEY, K. Jazzin’ Around 3 (kerinbailey.com.au, or through Hal Leonard)",,56
ANZCA Modern,"Examination Syllabus: Pianoforte, Pianoforte Duet, Theory of Music 2025-27, Modern Pianoforte; accessed 2026-10-09",3,,Blues,,Those Lonely Blues,WP78,,"BASTIEN, J. Pop Piano Styles Level 4 (Kjos WP78)",,56
ANZCA Modern,"Examination Syllabus: Pianoforte, Pianoforte Duet, Theory of Music 2025-27, Modern Pianoforte; accessed 2026-10-09",3,,Blues,,Big Earl’s Honky-Tonk Blues,,,"BAUMGARTNER, E. Jazz Connection – Book 2 (Willis Music/Encore, encoremusic.au)",,56
ANZCA Modern,"Examination Syllabus: Pianoforte, Pianoforte Duet, Theory of Music 2025-27, Modern Pianoforte; accessed 2026-10-09",3,,Blues,,15. Ant Invasion,,,"BELL, A. My Quirky Notebook (Editions Musica Ferrum)",,56
ANZCA Modern,"Examination Syllabus: Pianoforte, Pianoforte Duet, Theory of Music 2025-27, Modern Pianoforte; accessed 2026-10-09",3,,Blues,,"Bad, Bad Leroy Brown",HL00420138,,FABER & FABER. BigTime Piano Level 4 – Rock ’n Roll (Hal Leonard HL00420138),,56
ANZCA Modern,"Examination Syllabus: Pianoforte, Pianoforte Duet, Theory of Music 2025-27, Modern Pianoforte; accessed 2026-10-09",3,,Blues,,Kool Kats,,,"HUNTER, G. Dial “J” for Jazz (ANZCA)",,56
ANZCA Modern,"Examination Syllabus: Pianoforte, Pianoforte Duet, Theory of Music 2025-27, Modern Pianoforte; accessed 2026-10-09",3,,Blues,,Funk,,,"McFARLANE, D. Single sheet: (supersonicspiano.com)",,56
ANZCA Modern,"Examination Syllabus: Pianoforte, Pianoforte Duet, Theory of Music 2025-27, Modern Pianoforte; accessed 2026-10-09",3,,Blues,,Clarinet Blues,00-6643,,"MIER, M. Jazz, Rags & Blues – Book 2 (Alfred 00-6643)",,56
ANZCA Modern,"Examination Syllabus: Pianoforte, Pianoforte Duet, Theory of Music 2025-27, Modern Pianoforte; accessed 2026-10-09",3,,Blues,,Worrisome Blues,00-16871,,J.R.&B. – Book 3 (00-16871),,56
ANZCA Modern,"Examination Syllabus: Pianoforte, Pianoforte Duet, Theory of Music 2025-27, Modern Pianoforte; accessed 2026-10-09",3,,Blues,,Locomotive Blues,HL00399005,,"NORTON, C. American Popular Piano – Repertoire Level 5 (Novus Via Music Group/Hal Leonard HL00399005)",,56
ANZCA Modern,"Examination Syllabus: Pianoforte, Pianoforte Duet, Theory of Music 2025-27, Modern Pianoforte; accessed 2026-10-09",3,,Blues,,The Showman,HL00399005,,"NORTON, C. American Popular Piano – Repertoire Level 5 (Novus Via Music Group/Hal Leonard HL00399005) [solo part, backing track required]",,56
ANZCA Modern,"Examination Syllabus: Pianoforte, Pianoforte Duet, Theory of Music 2025-27, Modern Pianoforte; accessed 2026-10-09",3,,Blues,,Bedbug Blues,9781908500137,,Connections 4 for Piano (80 Days Pub./Hal Leonard 9781908500137),,56
ANZCA Modern,"Examination Syllabus: Pianoforte, Pianoforte Duet, Theory of Music 2025-27, Modern Pianoforte; accessed 2026-10-09",3,,Blues,,Two Trails,9781908500137,,Connections 4 for Piano (80 Days Pub./Hal Leonard 9781908500137),,56
ANZCA Modern,"Examination Syllabus: Pianoforte, Pianoforte Duet, Theory of Music 2025-27, Modern Pianoforte; accessed 2026-10-09",3,,Blues,,So Easy,9781908500144,,Connections 5 for Piano (H.L. 9781908500144),,56
ANZCA Modern,"Examination Syllabus: Pianoforte, Pianoforte Duet, Theory of Music 2025-27, Modern Pianoforte; accessed 2026-10-09",3,,Blues,,Washing Blues,M060138669,,"Microjazz Collection 2, The (Boosey & Hawkes M060138669)",,56
ANZCA Modern,"Examination Syllabus: Pianoforte, Pianoforte Duet, Theory of Music 2025-27, Modern Pianoforte; accessed 2026-10-09",3,,Blues,,Blues Duet,M060138676,,"Microjazz Collection 3, The (B&H M060138676)",,56
ANZCA Modern,"Examination Syllabus: Pianoforte, Pianoforte Duet, Theory of Music 2025-27, Modern Pianoforte; accessed 2026-10-09",3,,Blues,,Farmyard Blues,M060138676,,"Microjazz Collection 3, The (B&H M060138676)",,56
ANZCA Modern,"Examination Syllabus: Pianoforte, Pianoforte Duet, Theory of Music 2025-27, Modern Pianoforte; accessed 2026-10-09",3,,Blues,,Steam-train Blues,M060138676,,"Microjazz Collection 3, The (B&H M060138676)",,56
ANZCA Modern,"Examination Syllabus: Pianoforte, Pianoforte Duet, Theory of Music 2025-27, Modern Pianoforte; accessed 2026-10-09",3,,Blues,,Fax Blues,M060138744,,"Microstyles Collection, The (B&H M060138744)",,56
ANZCA Modern,"Examination Syllabus: Pianoforte, Pianoforte Duet, Theory of Music 2025-27, Modern Pianoforte; accessed 2026-10-09",3,,Boogie,,Chromatic Boogie,,,ANZCA Modern Pianoforte Series 2 – Grade Three (ANZCA),,56
ANZCA Modern,"Examination Syllabus: Pianoforte, Pianoforte Duet, Theory of Music 2025-27, Modern Pianoforte; accessed 2026-10-09",3,,Boogie,,Nosey Neighbour Boogie,,,ANZCA Modern Pianoforte Series 2 – Grade Three (ANZCA),,56
ANZCA Modern,"Examination Syllabus: Pianoforte, Pianoforte Duet, Theory of Music 2025-27, Modern Pianoforte; accessed 2026-10-09",3,,Boogie,,Good Night Boogie,YK21020,,"AGAY, D. Joy of Boogie and Blues Book 1, The (Yorktown Press YK21020/Music Sales)",,57
ANZCA Modern,"Examination Syllabus: Pianoforte, Pianoforte Duet, Theory of Music 2025-27, Modern Pianoforte; accessed 2026-10-09",3,,Boogie,,The Rock Island Line,YK21020,,"AGAY, D. Joy of Boogie and Blues Book 1, The (Yorktown Press YK21020/Music Sales)",,57
ANZCA Modern,"Examination Syllabus: Pianoforte, Pianoforte Duet, Theory of Music 2025-27, Modern Pianoforte; accessed 2026-10-09",3,,Boogie,,Sailor’s Boogie,YK21020,,"AGAY, D. Joy of Boogie and Blues Book 1, The (Yorktown Press YK21020/Music Sales)",,57
ANZCA Modern,"Examination Syllabus: Pianoforte, Pianoforte Duet, Theory of Music 2025-27, Modern Pianoforte; accessed 2026-10-09",3,,Boogie,,Aunt Rhody Boogie,YK21368,,"Joy of Boogie and Blues Book 2, The (YK21368)",,57
ANZCA Modern,"Examination Syllabus: Pianoforte, Pianoforte Duet, Theory of Music 2025-27, Modern Pianoforte; accessed 2026-10-09",3,,Boogie,,The Boll Weevil Boogie,YK21368,,"Joy of Boogie and Blues Book 2, The (YK21368)",,57
ANZCA Modern,"Examination Syllabus: Pianoforte, Pianoforte Duet, Theory of Music 2025-27, Modern Pianoforte; accessed 2026-10-09",3,,Boogie,,Haunted House Boogie,YK21368,,"Joy of Boogie and Blues Book 2, The (YK21368)",,57
ANZCA Modern,"Examination Syllabus: Pianoforte, Pianoforte Duet, Theory of Music 2025-27, Modern Pianoforte; accessed 2026-10-09",3,,Boogie,,Jimmy Crack Corn Boogie,YK21368,,"Joy of Boogie and Blues Book 2, The (YK21368)",,57
ANZCA Modern,"Examination Syllabus: Pianoforte, Pianoforte Duet, Theory of Music 2025-27, Modern Pianoforte; accessed 2026-10-09",3,,Boogie,,Smokey on the Rocks,YK21368,,"Joy of Boogie and Blues Book 2, The (YK21368)",,57
ANZCA Modern,"Examination Syllabus: Pianoforte, Pianoforte Duet, Theory of Music 2025-27, Modern Pianoforte; accessed 2026-10-09",3,,Boogie,,Baby Elephant Walk,HL00290451,,At the Movies (Hal Leonard HL00290451),,57
ANZCA Modern,"Examination Syllabus: Pianoforte, Pianoforte Duet, Theory of Music 2025-27, Modern Pianoforte; accessed 2026-10-09",3,,Boogie,,Beanery Boogie,CH61269,,"BARRATT, C. Next Step: Boogies, Rags and Blues Collection (Chester CH61269)",,57
ANZCA Modern,"Examination Syllabus: Pianoforte, Pianoforte Duet, Theory of Music 2025-27, Modern Pianoforte; accessed 2026-10-09",3,,Boogie,,Bobby Shaftoe’s Shuffle,CH61269,,"BARRATT, C. Next Step: Boogies, Rags and Blues Collection (Chester CH61269)",,57
ANZCA Modern,"Examination Syllabus: Pianoforte, Pianoforte Duet, Theory of Music 2025-27, Modern Pianoforte; accessed 2026-10-09",3,,Boogie,,Bull’s Eye Boogie,CH61269,,"BARRATT, C. Next Step: Boogies, Rags and Blues Collection (Chester CH61269)",,57
ANZCA Modern,"Examination Syllabus: Pianoforte, Pianoforte Duet, Theory of Music 2025-27, Modern Pianoforte; accessed 2026-10-09",3,,Boogie,,Railroad Boogie,WP78,,"BASTIEN, J. Pop Piano Styles Level 4 (Kjos WP78)",,57
ANZCA Modern,"Examination Syllabus: Pianoforte, Pianoforte Duet, Theory of Music 2025-27, Modern Pianoforte; accessed 2026-10-09",3,,Boogie,,Movers and Shakers,,,"HUNTER, G. Dial “J” for Jazz (ANZCA)",,57
ANZCA Modern,"Examination Syllabus: Pianoforte, Pianoforte Duet, Theory of Music 2025-27, Modern Pianoforte; accessed 2026-10-09",3,,Boogie,,Chinese Boogie!,,,"LYNCH, S. Single sheet: (sandylynchmusic.com)",,57
ANZCA Modern,"Examination Syllabus: Pianoforte, Pianoforte Duet, Theory of Music 2025-27, Modern Pianoforte; accessed 2026-10-09",3,,Boogie,,Spy Boogie,,,"McFARLANE, D. Single sheet: (supersonicspiano.com)",,57
ANZCA Modern,"Examination Syllabus: Pianoforte, Pianoforte Duet, Theory of Music 2025-27, Modern Pianoforte; accessed 2026-10-09",3,,Boogie,,Low C Boogie,00-16871,,"MIER, M. Jazz, Rags & Blues – Book 3 (Alfred 00-16871)",,57
ANZCA Modern,"Examination Syllabus: Pianoforte, Pianoforte Duet, Theory of Music 2025-27, Modern Pianoforte; accessed 2026-10-09",3,,Boogie,,Train Stop,HL00399004,,"NORTON, C. American Popular Piano – Repertoire Level 4 (Novus Via Music Group/Hal Leonard HL00399004)",,57
ANZCA Modern,"Examination Syllabus: Pianoforte, Pianoforte Duet, Theory of Music 2025-27, Modern Pianoforte; accessed 2026-10-09",3,,Boogie,,Taking Things in Stride,HL00399005,,A.P.P. – Repertoire Level 5 (HL00399005),,57
ANZCA Modern,"Examination Syllabus: Pianoforte, Pianoforte Duet, Theory of Music 2025-27, Modern Pianoforte; accessed 2026-10-09",3,,Boogie,,Heavy Footed,HL00399006,,A.P.P. – Repertoire Level 6 (HL00399006),,57
ANZCA Modern,"Examination Syllabus: Pianoforte, Pianoforte Duet, Theory of Music 2025-27, Modern Pianoforte; accessed 2026-10-09",3,,Boogie,,Stegosaurus,9781908500137,,Connections 4 for Piano (80 Days Pub./Hal Leonard 9781908500137),,57
ANZCA Modern,"Examination Syllabus: Pianoforte, Pianoforte Duet, Theory of Music 2025-27, Modern Pianoforte; accessed 2026-10-09",3,,Ragtime,,Mexican Jumping Beans,,,ANZCA Modern Pianoforte Series 2 – Grade Three (ANZCA),,57
ANZCA Modern,"Examination Syllabus: Pianoforte, Pianoforte Duet, Theory of Music 2025-27, Modern Pianoforte; accessed 2026-10-09",3,,Ragtime,,Reggie Rooster’s Rag,,,ANZCA Modern Pianoforte Series 2 – Grade Three (ANZCA),,57
ANZCA Modern,"Examination Syllabus: Pianoforte, Pianoforte Duet, Theory of Music 2025-27, Modern Pianoforte; accessed 2026-10-09",3,,Ragtime,,Heliotrope Bouquet,YK21368,,"AGAY, D. Joy of Boogie and Blues Book 2, The (Yorktown Press YK21368/Music Sales)",,57
ANZCA Modern,"Examination Syllabus: Pianoforte, Pianoforte Duet, Theory of Music 2025-27, Modern Pianoforte; accessed 2026-10-09",3,,Ragtime,,Glad Rag,WP78,,"BASTIEN, J. Pop Piano Styles Level 4 (Kjos WP78)",,57
ANZCA Modern,"Examination Syllabus: Pianoforte, Pianoforte Duet, Theory of Music 2025-27, Modern Pianoforte; accessed 2026-10-09",3,,Ragtime,,Maple Leaf Rag,E17645,,"BRIMHALL, J. All Gold – For Easy Piano Book 1 (EMI E17645)",,57
ANZCA Modern,"Examination Syllabus: Pianoforte, Pianoforte Duet, Theory of Music 2025-27, Modern Pianoforte; accessed 2026-10-09",3,,Ragtime,,Peacherine Rag,E17645,,"BRIMHALL, J. All Gold – For Easy Piano Book 1 (EMI E17645)",,57
ANZCA Modern,"Examination Syllabus: Pianoforte, Pianoforte Duet, Theory of Music 2025-27, Modern Pianoforte; accessed 2026-10-09",3,,Ragtime,,Raggy Sevenths,ASCK004,,Encore on Keys – Achiever Series Level 4 (Encore Music Education ASCK004),,57
ANZCA Modern,"Examination Syllabus: Pianoforte, Pianoforte Duet, Theory of Music 2025-27, Modern Pianoforte; accessed 2026-10-09",3,,Ragtime,,Funhouse Rag,,,"McFARLANE, D. Single sheet: (supersonicspiano.com)",,57
ANZCA Modern,"Examination Syllabus: Pianoforte, Pianoforte Duet, Theory of Music 2025-27, Modern Pianoforte; accessed 2026-10-09",3,,Ragtime,,Jelly Bean Rag,00-6643,,"MIER, M. Jazz, Rags & Blues – Book 2 (Alfred 00-6643)",,57
ANZCA Modern,"Examination Syllabus: Pianoforte, Pianoforte Duet, Theory of Music 2025-27, Modern Pianoforte; accessed 2026-10-09",3,,Ragtime,,Dandelion Rag,00-16871,,J.R.&B. – Book 3 (00-16871),,57
ANZCA Modern,"Examination Syllabus: Pianoforte, Pianoforte Duet, Theory of Music 2025-27, Modern Pianoforte; accessed 2026-10-09",3,,Ragtime,,Pine Cone Rag,00-16871,,J.R.&B. – Book 3 (00-16871),,57
ANZCA Modern,"Examination Syllabus: Pianoforte, Pianoforte Duet, Theory of Music 2025-27, Modern Pianoforte; accessed 2026-10-09",3,,Ragtime,,Mechanics Rag,M060138676,,"NORTON, C. Microjazz Collection 3, The (Boosey & Hawkes M060138676)",,57
ANZCA Modern,"Examination Syllabus: Pianoforte, Pianoforte Duet, Theory of Music 2025-27, Modern Pianoforte; accessed 2026-10-09",3,,Ragtime,,Unleashed,,,"ROBINSON, A. Pooches at the Piano (flyingivoriesmusic.com.au)",,57
ANZCA Modern,"Examination Syllabus: Pianoforte, Pianoforte Duet, Theory of Music 2025-27, Modern Pianoforte; accessed 2026-10-09",3,,Ragtime,,Harmony Club Waltz,HL00102179,,Scott Joplin’s Greatest Hits – Easy Piano (Hal Leonard HL00102179),,57
ANZCA Modern,"Examination Syllabus: Pianoforte, Pianoforte Duet, Theory of Music 2025-27, Modern Pianoforte; accessed 2026-10-09",3,,Ragtime,,Maple Leaf Rag,HL00102179,,Scott Joplin’s Greatest Hits – Easy Piano (Hal Leonard HL00102179),,57
ANZCA Modern,"Examination Syllabus: Pianoforte, Pianoforte Duet, Theory of Music 2025-27, Modern Pianoforte; accessed 2026-10-09",3,,Latin American,,Ballroom Bling,,,ANZCA Modern Pianoforte Series 2 – Grade Three (ANZCA),,57
ANZCA Modern,"Examination Syllabus: Pianoforte, Pianoforte Duet, Theory of Music 2025-27, Modern Pianoforte; accessed 2026-10-09",3,,Latin American,,Latinesca,,,ANZCA Modern Pianoforte Series 2 – Grade Three (ANZCA),,57
ANZCA Modern,"Examination Syllabus: Pianoforte, Pianoforte Duet, Theory of Music 2025-27, Modern Pianoforte; accessed 2026-10-09",3,,Latin American,,Ratbag Rhumba,,,ANZCA Modern Pianoforte Series 2 – Grade Three (ANZCA),,57
ANZCA Modern,"Examination Syllabus: Pianoforte, Pianoforte Duet, Theory of Music 2025-27, Modern Pianoforte; accessed 2026-10-09",3,,Latin American,,Study in Latin,,,"BAILEY, K. Jazzin’ Around 2",,57
ANZCA Modern,"Examination Syllabus: Pianoforte, Pianoforte Duet, Theory of Music 2025-27, Modern Pianoforte; accessed 2026-10-09",3,,Latin American,,Petite Prelude,,,"Jazzin’ Around 5 (kerinbailey.com.au, or through Hal Leonard)",,57
ANZCA Modern,"Examination Syllabus: Pianoforte, Pianoforte Duet, Theory of Music 2025-27, Modern Pianoforte; accessed 2026-10-09",3,,Latin American,,Spanish Dancer,WP78,,"BASTIEN, J. Piano Recital Solos Level 4 (Kjos WP78)",,57
ANZCA Modern,"Examination Syllabus: Pianoforte, Pianoforte Duet, Theory of Music 2025-27, Modern Pianoforte; accessed 2026-10-09",3,,Latin American,,Tango,WP78,,"BASTIEN, J. Piano Recital Solos Level 4 (Kjos WP78)",,57
ANZCA Modern,"Examination Syllabus: Pianoforte, Pianoforte Duet, Theory of Music 2025-27, Modern Pianoforte; accessed 2026-10-09",3,,Latin American,,Tango Up in Blue,,,"BAUMGARTNER, E. Jazz Connection – Book 2 (Willis Music/Encore, encoremusic.au)",,57
ANZCA Modern,"Examination Syllabus: Pianoforte, Pianoforte Duet, Theory of Music 2025-27, Modern Pianoforte; accessed 2026-10-09",3,,Latin American,,9. Toucan Tango,,,"BELL, A. My Quirky Notebook (Editions Musica Ferrum)",,57
ANZCA Modern,"Examination Syllabus: Pianoforte, Pianoforte Duet, Theory of Music 2025-27, Modern Pianoforte; accessed 2026-10-09",3,,Latin American,,Fly Me to the Moon,AM19885,,It’s Easy to Play Latin (Wise AM19885/Music Sales),,58
ANZCA Modern,"Examination Syllabus: Pianoforte, Pianoforte Duet, Theory of Music 2025-27, Modern Pianoforte; accessed 2026-10-09",3,,Latin American,,Granada,AM19885,,It’s Easy to Play Latin (Wise AM19885/Music Sales),,58
ANZCA Modern,"Examination Syllabus: Pianoforte, Pianoforte Duet, Theory of Music 2025-27, Modern Pianoforte; accessed 2026-10-09",3,,Latin American,,"Perhaps, Perhaps, Perhaps",AM19885,,It’s Easy to Play Latin (Wise AM19885/Music Sales),,58
ANZCA Modern,"Examination Syllabus: Pianoforte, Pianoforte Duet, Theory of Music 2025-27, Modern Pianoforte; accessed 2026-10-09",3,,Latin American,,Tico Tico,AM19885,,It’s Easy to Play Latin (Wise AM19885/Music Sales),,58
ANZCA Modern,"Examination Syllabus: Pianoforte, Pianoforte Duet, Theory of Music 2025-27, Modern Pianoforte; accessed 2026-10-09",3,,Latin American,,Salsa,,,"McFARLANE, D. Single sheet: (supersonicspiano.com)",,58
ANZCA Modern,"Examination Syllabus: Pianoforte, Pianoforte Duet, Theory of Music 2025-27, Modern Pianoforte; accessed 2026-10-09",3,,Latin American,,Day Trip,HL00399004,,"NORTON, C. American Popular Piano – Repertoire Level 4 (Novus Via Music Group/Hal Leonard HL00399004)",,58
ANZCA Modern,"Examination Syllabus: Pianoforte, Pianoforte Duet, Theory of Music 2025-27, Modern Pianoforte; accessed 2026-10-09",3,,Latin American,,Back on Holiday,HL00399005,,"A.P.P. – Repertoire Level 5 (HL00399005) [solo piano part, played with backing track]",,58
ANZCA Modern,"Examination Syllabus: Pianoforte, Pianoforte Duet, Theory of Music 2025-27, Modern Pianoforte; accessed 2026-10-09",3,,Latin American,,Floating Away,HL00399005,,"A.P.P. – Repertoire Level 5 (HL00399005) [solo piano part, played with backing track]",,58
ANZCA Modern,"Examination Syllabus: Pianoforte, Pianoforte Duet, Theory of Music 2025-27, Modern Pianoforte; accessed 2026-10-09",3,,Latin American,,Basket Weaver,HL00399006,,"A.P.P. – Repertoire Level 6 (HL00399006) [solo piano part, played with backing track]",,58
ANZCA Modern,"Examination Syllabus: Pianoforte, Pianoforte Duet, Theory of Music 2025-27, Modern Pianoforte; accessed 2026-10-09",3,,Latin American,,The Knights Prepare,HL00399006,,"A.P.P. – Repertoire Level 6 (HL00399006) [solo piano part, played with backing track]",,58
ANZCA Modern,"Examination Syllabus: Pianoforte, Pianoforte Duet, Theory of Music 2025-27, Modern Pianoforte; accessed 2026-10-09",3,,Latin American,,Seaside Town,HL00399006,,"A.P.P. – Repertoire Level 6 (HL00399006) [solo piano part, played with backing track]",,58
ANZCA Modern,"Examination Syllabus: Pianoforte, Pianoforte Duet, Theory of Music 2025-27, Modern Pianoforte; accessed 2026-10-09",3,,Latin American,,Holidays,9781908500137,,Connections 4 for Piano (80 Days Pub./Hal Leonard 9781908500137),,58
ANZCA Modern,"Examination Syllabus: Pianoforte, Pianoforte Duet, Theory of Music 2025-27, Modern Pianoforte; accessed 2026-10-09",3,,Latin American,,Pony Ride,9781908500137,,Connections 4 for Piano (80 Days Pub./Hal Leonard 9781908500137),,58
ANZCA Modern,"Examination Syllabus: Pianoforte, Pianoforte Duet, Theory of Music 2025-27, Modern Pianoforte; accessed 2026-10-09",3,,Latin American,,Simple Pleasures,9781908500144,,Connections 5 for Piano (H.L. 9781908500144),,58
ANZCA Modern,"Examination Syllabus: Pianoforte, Pianoforte Duet, Theory of Music 2025-27, Modern Pianoforte; accessed 2026-10-09",3,,Latin American,,Cha Cha,M060138744,,"Microstyles Collection, The (Boosey & Hawkes M060138744)",,58
ANZCA Modern,"Examination Syllabus: Pianoforte, Pianoforte Duet, Theory of Music 2025-27, Modern Pianoforte; accessed 2026-10-09",3,,Latin American,,In the Sun,M060138744,,"Microstyles Collection, The (Boosey & Hawkes M060138744)",,58
ANZCA Modern,"Examination Syllabus: Pianoforte, Pianoforte Duet, Theory of Music 2025-27, Modern Pianoforte; accessed 2026-10-09",3,,Latin American,,Conchita,,,"URQUHART-JONES, D. Groovin’ On (Encore Music Distributors:  encoremusic.com.au)",,58
ANZCA Modern,"Examination Syllabus: Pianoforte, Pianoforte Duet, Theory of Music 2025-27, Modern Pianoforte; accessed 2026-10-09",3,,Jazz and Popular Standards,,Fifth Avenue,,,ANZCA Modern Pianoforte Series 2 – Grade Three (ANZCA),,58
ANZCA Modern,"Examination Syllabus: Pianoforte, Pianoforte Duet, Theory of Music 2025-27, Modern Pianoforte; accessed 2026-10-09",3,,Jazz and Popular Standards,,Mullumbimby Bounce,,,ANZCA Modern Pianoforte Series 2 – Grade Three (ANZCA),,58
ANZCA Modern,"Examination Syllabus: Pianoforte, Pianoforte Duet, Theory of Music 2025-27, Modern Pianoforte; accessed 2026-10-09",3,,Jazz and Popular Standards,,What’s the Rush,,,ANZCA Modern Pianoforte Series 2 – Grade Three (ANZCA),,58
ANZCA Modern,"Examination Syllabus: Pianoforte, Pianoforte Duet, Theory of Music 2025-27, Modern Pianoforte; accessed 2026-10-09",3,,Jazz and Popular Standards,,Jazz Jam,00-35188,,"ALEXANDER, D. Especially in Jazzy Style, Book 1 (Alfred 00-35188)",,58
ANZCA Modern,"Examination Syllabus: Pianoforte, Pianoforte Duet, Theory of Music 2025-27, Modern Pianoforte; accessed 2026-10-09",3,,Jazz and Popular Standards,,Heart and Soul,00-16498,,Alfred’s Basic Piano Library – Top Hits! Solo Book Level 3 (Alfred 00-16498),,58
ANZCA Modern,"Examination Syllabus: Pianoforte, Pianoforte Duet, Theory of Music 2025-27, Modern Pianoforte; accessed 2026-10-09",3,,Jazz and Popular Standards,,Composer Cat,,,"ARNOLD, G. Single sheet: (grantarnold.com/shop)",,58
ANZCA Modern,"Examination Syllabus: Pianoforte, Pianoforte Duet, Theory of Music 2025-27, Modern Pianoforte; accessed 2026-10-09",3,,Jazz and Popular Standards,,Count Basics,,,"BAILEY, K. Jazzin’ Around 2",,58
ANZCA Modern,"Examination Syllabus: Pianoforte, Pianoforte Duet, Theory of Music 2025-27, Modern Pianoforte; accessed 2026-10-09",3,,Jazz and Popular Standards,,Mullumbimby Bounce,,,"Jazzin’ Around 4 (kerinbailey.com.au, or through Hal Leonard)",,58
ANZCA Modern,"Examination Syllabus: Pianoforte, Pianoforte Duet, Theory of Music 2025-27, Modern Pianoforte; accessed 2026-10-09",3,,Jazz and Popular Standards,,11. Fox Cub Trot,,,"BELL, A. My Quirky Notebook (Editions Musica Ferrum)",,58
ANZCA Modern,"Examination Syllabus: Pianoforte, Pianoforte Duet, Theory of Music 2025-27, Modern Pianoforte; accessed 2026-10-09",3,,Jazz and Popular Standards,,Dog Hungry (solo),,,"CHUA, S. A Day in the Life of a Dog (Solos & Duets) (Single-sheet download available from supersonicspiano.com)",,58
ANZCA Modern,"Examination Syllabus: Pianoforte, Pianoforte Duet, Theory of Music 2025-27, Modern Pianoforte; accessed 2026-10-09",3,,Jazz and Popular Standards,,Get Smart,AP1008,ed. E. Milne.,Getting to Grade Three – The New Mix (Hal Leonard AP1008),,58
ANZCA Modern,"Examination Syllabus: Pianoforte, Pianoforte Duet, Theory of Music 2025-27, Modern Pianoforte; accessed 2026-10-09",3,,Jazz and Popular Standards,,Swing Easy,,,"HUNTER, G. All That Jazz [Improvisation required]",,58
ANZCA Modern,"Examination Syllabus: Pianoforte, Pianoforte Duet, Theory of Music 2025-27, Modern Pianoforte; accessed 2026-10-09",3,,Jazz and Popular Standards,,Groove Train,,,Dial “J” for Jazz (ANZCA),,58
ANZCA Modern,"Examination Syllabus: Pianoforte, Pianoforte Duet, Theory of Music 2025-27, Modern Pianoforte; accessed 2026-10-09",3,,Jazz and Popular Standards,,Just Doodlin’,,,Dial “J” for Jazz (ANZCA),,58
ANZCA Modern,"Examination Syllabus: Pianoforte, Pianoforte Duet, Theory of Music 2025-27, Modern Pianoforte; accessed 2026-10-09",3,,Jazz and Popular Standards,,Undercover Agent,,,Dial “J” for Jazz (ANZCA),,58
ANZCA Modern,"Examination Syllabus: Pianoforte, Pianoforte Duet, Theory of Music 2025-27, Modern Pianoforte; accessed 2026-10-09",3,,Jazz and Popular Standards,,Sunday Strides,,,"McFARLANE, D. Single sheet: (supersonicspiano.com)",,58
ANZCA Modern,"Examination Syllabus: Pianoforte, Pianoforte Duet, Theory of Music 2025-27, Modern Pianoforte; accessed 2026-10-09",3,,Jazz and Popular Standards,,Slippin’ Around,00-6643,,"MIER, M. Jazz, Rags & Blues – Book 2 (Alfred 00-6643)",,58
ANZCA Modern,"Examination Syllabus: Pianoforte, Pianoforte Duet, Theory of Music 2025-27, Modern Pianoforte; accessed 2026-10-09",3,,Jazz and Popular Standards,,Jus’ for You,,,"MILNE, L. Jazzamatazz Series (Single sheets) (sheetmusicplus.com)",,58
ANZCA Modern,"Examination Syllabus: Pianoforte, Pianoforte Duet, Theory of Music 2025-27, Modern Pianoforte; accessed 2026-10-09",3,,Jazz and Popular Standards,,Sometimes It’s How I Feel,9781908500144,,"NORTON, C. Connections 5 for Piano (80 Days Pub./Hal Leonard 9781908500144)",,58
ANZCA Modern,"Examination Syllabus: Pianoforte, Pianoforte Duet, Theory of Music 2025-27, Modern Pianoforte; accessed 2026-10-09",3,,Jazz and Popular Standards,,Mood Marigold,9781908500151,,Connections 6 for Piano (H.L. 9781908500151),,58
ANZCA Modern,"Examination Syllabus: Pianoforte, Pianoforte Duet, Theory of Music 2025-27, Modern Pianoforte; accessed 2026-10-09",3,,Jazz and Popular Standards,,Plus Fives,M060138744,,"Microstyles Collection, The (Boosey & Hawkes M060138744)",,58
ANZCA Modern,"Examination Syllabus: Pianoforte, Pianoforte Duet, Theory of Music 2025-27, Modern Pianoforte; accessed 2026-10-09",3,,Jazz and Popular Standards,,Sunny Side Up,M060138744,,"Microstyles Collection, The (Boosey & Hawkes M060138744)",,58
ANZCA Modern,"Examination Syllabus: Pianoforte, Pianoforte Duet, Theory of Music 2025-27, Modern Pianoforte; accessed 2026-10-09",3,,Jazz and Popular Standards,,Anything Goes,HL00296147,,Popular Piano Solos Level 5 – 2nd Edition (Hal Leonard HL00296147),,58
ANZCA Modern,"Examination Syllabus: Pianoforte, Pianoforte Duet, Theory of Music 2025-27, Modern Pianoforte; accessed 2026-10-09",4,,Pop and Rock,,If Only...,,,ANZCA Modern Pianoforte Series 2 – Grade Four (ANZCA),,59
ANZCA Modern,"Examination Syllabus: Pianoforte, Pianoforte Duet, Theory of Music 2025-27, Modern Pianoforte; accessed 2026-10-09",4,,Pop and Rock,,Riff Raff Rock (2022 ed.),,,ANZCA Modern Pianoforte Series 2 – Grade Four (ANZCA),,59
ANZCA Modern,"Examination Syllabus: Pianoforte, Pianoforte Duet, Theory of Music 2025-27, Modern Pianoforte; accessed 2026-10-09",4,,Pop and Rock,,Rockboogie,,,ANZCA Modern Pianoforte Series 2 – Grade Four (ANZCA),,59
ANZCA Modern,"Examination Syllabus: Pianoforte, Pianoforte Duet, Theory of Music 2025-27, Modern Pianoforte; accessed 2026-10-09",4,,Pop and Rock,,Twinkle Toes (2006 ed.),,,ANZCA Modern Pianoforte Series 2 – Grade Four (ANZCA),,59
ANZCA Modern,"Examination Syllabus: Pianoforte, Pianoforte Duet, Theory of Music 2025-27, Modern Pianoforte; accessed 2026-10-09",4,,Pop and Rock,,Hello,HL00159590,arr. M. Rejino.,Adele (Hal Leonard HL00159590),,59
ANZCA Modern,"Examination Syllabus: Pianoforte, Pianoforte Duet, Theory of Music 2025-27, Modern Pianoforte; accessed 2026-10-09",4,,Pop and Rock,,When We Were Young,HL00159590,arr. M. Rejino.,Adele (Hal Leonard HL00159590),,59
ANZCA Modern,"Examination Syllabus: Pianoforte, Pianoforte Duet, Theory of Music 2025-27, Modern Pianoforte; accessed 2026-10-09",4,,Pop and Rock,,This is the Moment,00-16499,,Alfred’s Basic Piano Library – Top Hits! Solo Book Level 4 (Alfred 00-16499),,59
ANZCA Modern,"Examination Syllabus: Pianoforte, Pianoforte Duet, Theory of Music 2025-27, Modern Pianoforte; accessed 2026-10-09",4,,Pop and Rock,,Dangerous!,,,"ARNOLD, G. Single sheets: (grantarnold.com/shop)",,59
ANZCA Modern,"Examination Syllabus: Pianoforte, Pianoforte Duet, Theory of Music 2025-27, Modern Pianoforte; accessed 2026-10-09",4,,Pop and Rock,,Pop Song,,,"ARNOLD, G. Single sheets: (grantarnold.com/shop)",,59
ANZCA Modern,"Examination Syllabus: Pianoforte, Pianoforte Duet, Theory of Music 2025-27, Modern Pianoforte; accessed 2026-10-09",4,,Pop and Rock,,Riff Raff Rock,,,"BAILEY, K. Jazzin’ Around 3 (kerinbailey.com.au, or through Hal Leonard)",,59
ANZCA Modern,"Examination Syllabus: Pianoforte, Pianoforte Duet, Theory of Music 2025-27, Modern Pianoforte; accessed 2026-10-09",4,,Pop and Rock,,I Don’t Want to Miss a Thing,00-AF9911B,,"COATES, D. Something for the Boys (Alfred 00-AF9911B)",,59
ANZCA Modern,"Examination Syllabus: Pianoforte, Pianoforte Duet, Theory of Music 2025-27, Modern Pianoforte; accessed 2026-10-09",4,,Pop and Rock,,Theme from Batman,00-AF9911B,,"COATES, D. Something for the Boys (Alfred 00-AF9911B)",,59
ANZCA Modern,"Examination Syllabus: Pianoforte, Pianoforte Duet, Theory of Music 2025-27, Modern Pianoforte; accessed 2026-10-09",4,,Pop and Rock,,Kinabalu Sunrise,ASCK004,,Encore on Keys – Achiever Series Level 4 (Encore Music Education ASCK004),,60
ANZCA Modern,"Examination Syllabus: Pianoforte, Pianoforte Duet, Theory of Music 2025-27, Modern Pianoforte; accessed 2026-10-09",4,,Pop and Rock,,I Feel the Earth Move,HL00420138,,FABER & FABER. BigTime Piano Level 4 – Rock ’n Roll (Hal Leonard HL00420138),,60
ANZCA Modern,"Examination Syllabus: Pianoforte, Pianoforte Duet, Theory of Music 2025-27, Modern Pianoforte; accessed 2026-10-09",4,,Pop and Rock,,Ballade Pour Adeline,HL00312523,,Favorite Pop Piano Solos (Hal Leonard HL00312523),,60
ANZCA Modern,"Examination Syllabus: Pianoforte, Pianoforte Duet, Theory of Music 2025-27, Modern Pianoforte; accessed 2026-10-09",4,,Pop and Rock,,Cavatina,HL00312523,,Favorite Pop Piano Solos (Hal Leonard HL00312523),,60
ANZCA Modern,"Examination Syllabus: Pianoforte, Pianoforte Duet, Theory of Music 2025-27, Modern Pianoforte; accessed 2026-10-09",4,,Pop and Rock,,Golden Slumbers,HL00312523,,Favorite Pop Piano Solos (Hal Leonard HL00312523),,60
ANZCA Modern,"Examination Syllabus: Pianoforte, Pianoforte Duet, Theory of Music 2025-27, Modern Pianoforte; accessed 2026-10-09",4,,Pop and Rock,,The Rainbow Connection,HL00356866,,Favorite Songs from Jim Henson’s Muppets (Hal Leonard HL00356866),,60
ANZCA Modern,"Examination Syllabus: Pianoforte, Pianoforte Duet, Theory of Music 2025-27, Modern Pianoforte; accessed 2026-10-09",4,,Pop and Rock,,Rubber Duckie,HL00356866,,Favorite Songs from Jim Henson’s Muppets (Hal Leonard HL00356866),,60
ANZCA Modern,"Examination Syllabus: Pianoforte, Pianoforte Duet, Theory of Music 2025-27, Modern Pianoforte; accessed 2026-10-09",4,,Pop and Rock,,Sadness and Sorrow,HL00201767,,"Greatest Video Game Music, The (Hal Leonard HL00201767)",,60
ANZCA Modern,"Examination Syllabus: Pianoforte, Pianoforte Duet, Theory of Music 2025-27, Modern Pianoforte; accessed 2026-10-09",4,,Pop and Rock,,Riff Rock,,,"HUNTER, G. All That Jazz (ANZCA)",,60
ANZCA Modern,"Examination Syllabus: Pianoforte, Pianoforte Duet, Theory of Music 2025-27, Modern Pianoforte; accessed 2026-10-09",4,,Pop and Rock,,Waltz for Sunny,,,"HUNTER, G. All That Jazz (ANZCA) [Improvisation required]",,60
ANZCA Modern,"Examination Syllabus: Pianoforte, Pianoforte Duet, Theory of Music 2025-27, Modern Pianoforte; accessed 2026-10-09",4,,Pop and Rock,,Waterloo,AM22195,,It’s Easy to Play Abba (Wise AM22195/Music Sales),,60
ANZCA Modern,"Examination Syllabus: Pianoforte, Pianoforte Duet, Theory of Music 2025-27, Modern Pianoforte; accessed 2026-10-09",4,,Pop and Rock,,Can You Feel the Love Tonight,HL00353393,,"JOHN, E. & RICE, T. Single sheet: (Hal Leonard HL00353393)",,60
ANZCA Modern,"Examination Syllabus: Pianoforte, Pianoforte Duet, Theory of Music 2025-27, Modern Pianoforte; accessed 2026-10-09",4,,Pop and Rock,,Bring Him Home,MF10010,,Les Misérables – Easy Piano Album (Music Sales MF10010),,60
ANZCA Modern,"Examination Syllabus: Pianoforte, Pianoforte Duet, Theory of Music 2025-27, Modern Pianoforte; accessed 2026-10-09",4,,Pop and Rock,,Empty Chairs at Empty Tables,MF10010,,Les Misérables – Easy Piano Album (Music Sales MF10010),,60
ANZCA Modern,"Examination Syllabus: Pianoforte, Pianoforte Duet, Theory of Music 2025-27, Modern Pianoforte; accessed 2026-10-09",4,,Pop and Rock,,Castle on a Cloud,MF10010,,Les Misérables – Easy Piano Album (Music Sales MF10010),,60
ANZCA Modern,"Examination Syllabus: Pianoforte, Pianoforte Duet, Theory of Music 2025-27, Modern Pianoforte; accessed 2026-10-09",4,,Pop and Rock,,I Dreamed a Dream,MF10010,,Les Misérables – Easy Piano Album (Music Sales MF10010),,60
ANZCA Modern,"Examination Syllabus: Pianoforte, Pianoforte Duet, Theory of Music 2025-27, Modern Pianoforte; accessed 2026-10-09",4,,Pop and Rock,,Master of the House,MF10010,,Les Misérables – Easy Piano Album (Music Sales MF10010),,60
ANZCA Modern,"Examination Syllabus: Pianoforte, Pianoforte Duet, Theory of Music 2025-27, Modern Pianoforte; accessed 2026-10-09",4,,Pop and Rock,,Autumn Mood,,,"McFARLANE, D. Single sheets: (supersonicspiano.com)",,60
ANZCA Modern,"Examination Syllabus: Pianoforte, Pianoforte Duet, Theory of Music 2025-27, Modern Pianoforte; accessed 2026-10-09",4,,Pop and Rock,,Machine 1 Awakening and Machine 2 Fights Back (both as one work),,,"McFARLANE, D. Single sheets: (supersonicspiano.com)",,60
ANZCA Modern,"Examination Syllabus: Pianoforte, Pianoforte Duet, Theory of Music 2025-27, Modern Pianoforte; accessed 2026-10-09",4,,Pop and Rock,,Night Flyer,,,"McFARLANE, D. Single sheets: (supersonicspiano.com)",,60
ANZCA Modern,"Examination Syllabus: Pianoforte, Pianoforte Duet, Theory of Music 2025-27, Modern Pianoforte; accessed 2026-10-09",4,,Pop and Rock,,Katy’s Dance,00-18770,,"MIER, M. Jazz, Rags & Blues – Book 4 (Alfred 00-18770)",,60
ANZCA Modern,"Examination Syllabus: Pianoforte, Pianoforte Duet, Theory of Music 2025-27, Modern Pianoforte; accessed 2026-10-09",4,,Pop and Rock,,Forgotten Memories,HL00399005,,"NORTON, C. American Popular Piano – Repertoire Level 5 (Novus Via Music Group/Hal Leonard HL00399005)",,60
ANZCA Modern,"Examination Syllabus: Pianoforte, Pianoforte Duet, Theory of Music 2025-27, Modern Pianoforte; accessed 2026-10-09",4,,Pop and Rock,,Tragedy,HL00399006,,A.P.P. – Repertoire Level 6 (HL00399006),,60
ANZCA Modern,"Examination Syllabus: Pianoforte, Pianoforte Duet, Theory of Music 2025-27, Modern Pianoforte; accessed 2026-10-09",4,,Pop and Rock,,At Dusk,HL00399007,,A.P.P. – Repertoire Level 7 (HL00399007),,60
ANZCA Modern,"Examination Syllabus: Pianoforte, Pianoforte Duet, Theory of Music 2025-27, Modern Pianoforte; accessed 2026-10-09",4,,Pop and Rock,,Bayou Tapestry,HL00399007,,"A.P.P. – Repertoire Level 7 (HL00399007) [solo piano part, played with backing track]",,60
ANZCA Modern,"Examination Syllabus: Pianoforte, Pianoforte Duet, Theory of Music 2025-27, Modern Pianoforte; accessed 2026-10-09",4,,Pop and Rock,,Cruising Along,HL00399007,,"A.P.P. – Repertoire Level 7 (HL00399007) [solo piano part, played with backing track]",,60
ANZCA Modern,"Examination Syllabus: Pianoforte, Pianoforte Duet, Theory of Music 2025-27, Modern Pianoforte; accessed 2026-10-09",4,,Pop and Rock,,I Still Got It,HL00399007,,A.P.P. – Repertoire Level 7 (HL00399007),,60
ANZCA Modern,"Examination Syllabus: Pianoforte, Pianoforte Duet, Theory of Music 2025-27, Modern Pianoforte; accessed 2026-10-09",4,,Pop and Rock,,Lonely Waltz,HL00399007,,A.P.P. – Repertoire Level 7 (HL00399007),,60
ANZCA Modern,"Examination Syllabus: Pianoforte, Pianoforte Duet, Theory of Music 2025-27, Modern Pianoforte; accessed 2026-10-09",4,,Pop and Rock,,On the Crest,HL00399007,,"A.P.P. – Repertoire Level 7 (HL00399007) [solo piano part, played with backing track]",,60
ANZCA Modern,"Examination Syllabus: Pianoforte, Pianoforte Duet, Theory of Music 2025-27, Modern Pianoforte; accessed 2026-10-09",4,,Pop and Rock,,One Horse Race,HL00399007,,"A.P.P. – Repertoire Level 7 (HL00399007) [solo piano part, played with backing track]",,60
ANZCA Modern,"Examination Syllabus: Pianoforte, Pianoforte Duet, Theory of Music 2025-27, Modern Pianoforte; accessed 2026-10-09",4,,Pop and Rock,,Strutting About,9781908500144,,"NORTON, C. Connections 5 for Piano (80 Days Pub./Hal Leonard 9781908500144)",,60
ANZCA Modern,"Examination Syllabus: Pianoforte, Pianoforte Duet, Theory of Music 2025-27, Modern Pianoforte; accessed 2026-10-09",4,,Pop and Rock,,Rhapsody,M060138744,,"Microstyles Collection, The (Boosey & Hawkes M060138744)",,60
ANZCA Modern,"Examination Syllabus: Pianoforte, Pianoforte Duet, Theory of Music 2025-27, Modern Pianoforte; accessed 2026-10-09",4,,Pop and Rock,,Ballade Pour Adeline,AM32855,,"Piano Solos of Richard Clayderman Bk. 1, The (Music Sales AM32855)",,60
ANZCA Modern,"Examination Syllabus: Pianoforte, Pianoforte Duet, Theory of Music 2025-27, Modern Pianoforte; accessed 2026-10-09",4,,Pop and Rock,,Get Back,HL00296147,,Popular Piano Solos Level 5 – 2nd Edition (Hal Leonard HL00296147),,60
ANZCA Modern,"Examination Syllabus: Pianoforte, Pianoforte Duet, Theory of Music 2025-27, Modern Pianoforte; accessed 2026-10-09",4,,Pop and Rock,,Somewhere Out There,HL00296147,,Popular Piano Solos Level 5 – 2nd Edition (Hal Leonard HL00296147),,60
ANZCA Modern,"Examination Syllabus: Pianoforte, Pianoforte Duet, Theory of Music 2025-27, Modern Pianoforte; accessed 2026-10-09",4,,Pop and Rock,,Climb Ev’ry Mountain,HL00313214,,RODGERS & HAMMERSTEIN. The Sound of Music – Piano Solo Selections (Hal Leonard HL00313214),,60
ANZCA Modern,"Examination Syllabus: Pianoforte, Pianoforte Duet, Theory of Music 2025-27, Modern Pianoforte; accessed 2026-10-09",4,,Pop and Rock,,Sixteen Going on Seventeen,HL00313214,,RODGERS & HAMMERSTEIN. The Sound of Music – Piano Solo Selections (Hal Leonard HL00313214),,60
ANZCA Modern,"Examination Syllabus: Pianoforte, Pianoforte Duet, Theory of Music 2025-27, Modern Pianoforte; accessed 2026-10-09",4,,Pop and Rock,,Something Good,HL00313214,,RODGERS & HAMMERSTEIN. The Sound of Music – Piano Solo Selections (Hal Leonard HL00313214),,60
ANZCA Modern,"Examination Syllabus: Pianoforte, Pianoforte Duet, Theory of Music 2025-27, Modern Pianoforte; accessed 2026-10-09",4,,Pop and Rock,,Mission: Impossible Theme,HL00292041,,"SCHIFRIN, L. Single sheet: (Hal Leonard HL00292041)",,60
ANZCA Modern,"Examination Syllabus: Pianoforte, Pianoforte Duet, Theory of Music 2025-27, Modern Pianoforte; accessed 2026-10-09",4,,Pop and Rock,,If Only...,,,"URQUHART-JONES, D. Moovin’ ’n Groovin’ (Encore Music Distributors:  encoremusic.com.au)",,60
ANZCA Modern,"Examination Syllabus: Pianoforte, Pianoforte Duet, Theory of Music 2025-27, Modern Pianoforte; accessed 2026-10-09",4,,Pop and Rock,,Theme from Jurassic Park,27239,arr. M. Rejino.,"WILLIAMS, J. Single sheet: (sheetmusicplus.com HX.27239)",,60
ANZCA Modern,"Examination Syllabus: Pianoforte, Pianoforte Duet, Theory of Music 2025-27, Modern Pianoforte; accessed 2026-10-09",4,,Blues,,Bouncin’ Blues,,,ANZCA Modern Pianoforte Series 2 – Grade Four (ANZCA),,60
ANZCA Modern,"Examination Syllabus: Pianoforte, Pianoforte Duet, Theory of Music 2025-27, Modern Pianoforte; accessed 2026-10-09",4,,Blues,,Riverboat Blues,,,ANZCA Modern Pianoforte Series 2 – Grade Four (ANZCA),,60
ANZCA Modern,"Examination Syllabus: Pianoforte, Pianoforte Duet, Theory of Music 2025-27, Modern Pianoforte; accessed 2026-10-09",4,,Blues,,Roggie Doggie,,,ANZCA Modern Pianoforte Series 2 – Grade Four (ANZCA),,60
ANZCA Modern,"Examination Syllabus: Pianoforte, Pianoforte Duet, Theory of Music 2025-27, Modern Pianoforte; accessed 2026-10-09",4,,Blues,,Whistling the Blues,YK21020,,"AGAY, D. Joy of Boogie and Blues Book 1, The (Yorktown Press YK21020/Music Sales)",,60
ANZCA Modern,"Examination Syllabus: Pianoforte, Pianoforte Duet, Theory of Music 2025-27, Modern Pianoforte; accessed 2026-10-09",4,,Blues,,Blackberry Jam,YK21368,,"Joy of Boogie and Blues Book 2, The (YK21368)",,60
ANZCA Modern,"Examination Syllabus: Pianoforte, Pianoforte Duet, Theory of Music 2025-27, Modern Pianoforte; accessed 2026-10-09",4,,Blues,,Darlin’,YK21368,,"Joy of Boogie and Blues Book 2, The (YK21368)",,60
ANZCA Modern,"Examination Syllabus: Pianoforte, Pianoforte Duet, Theory of Music 2025-27, Modern Pianoforte; accessed 2026-10-09",4,,Blues,,New Orleans Blues,GP39,,"BASTIEN, J. Pop Rock ’n’ Blues Book 3 (Kjos GP39)",,60
ANZCA Modern,"Examination Syllabus: Pianoforte, Pianoforte Duet, Theory of Music 2025-27, Modern Pianoforte; accessed 2026-10-09",4,,Blues,,Bluff Harbour Blues,,,"CANNON, A. Single sheet: (Free download: email admin@anzca.com.au)",,60
ANZCA Modern,"Examination Syllabus: Pianoforte, Pianoforte Duet, Theory of Music 2025-27, Modern Pianoforte; accessed 2026-10-09",4,,Blues,,F Minor Blues,,,"HUNTER, G. All That Jazz [Improvisation required]",,60
ANZCA Modern,"Examination Syllabus: Pianoforte, Pianoforte Duet, Theory of Music 2025-27, Modern Pianoforte; accessed 2026-10-09",4,,Blues,,Good Rockin’ Jo,,,Dial “J” for Jazz (ANZCA),,60
ANZCA Modern,"Examination Syllabus: Pianoforte, Pianoforte Duet, Theory of Music 2025-27, Modern Pianoforte; accessed 2026-10-09",4,,Blues,,Jazz City Blues,,,Dial “J” for Jazz (ANZCA),,60
ANZCA Modern,"Examination Syllabus: Pianoforte, Pianoforte Duet, Theory of Music 2025-27, Modern Pianoforte; accessed 2026-10-09",4,,Blues,,Blue in Green,HL00306521,,Jazz Piano Solos Volume 1 – Miles Davis (2nd Edition) (Hal Leonard HL00306521),,60
ANZCA Modern,"Examination Syllabus: Pianoforte, Pianoforte Duet, Theory of Music 2025-27, Modern Pianoforte; accessed 2026-10-09",4,,Blues,,Railroad Street Blues,00-16871,,"MIER, M. Jazz, Rags & Blues – Book 3 (Alfred 00-16871)",,61
ANZCA Modern,"Examination Syllabus: Pianoforte, Pianoforte Duet, Theory of Music 2025-27, Modern Pianoforte; accessed 2026-10-09",4,,Blues,,Mischief,0571523714,,"MILNE, E. Pepperbox Jazz 1 (Faber 0571523714/Hal Leonard)",,61
ANZCA Modern,"Examination Syllabus: Pianoforte, Pianoforte Duet, Theory of Music 2025-27, Modern Pianoforte; accessed 2026-10-09",4,,Blues,,Caught on the Hop,,,"MILNE, L. Jazzamatazz Series (Single sheets) (sheetmusicplus.com)",,61
ANZCA Modern,"Examination Syllabus: Pianoforte, Pianoforte Duet, Theory of Music 2025-27, Modern Pianoforte; accessed 2026-10-09",4,,Blues,,Jus’ Doodlin’,,,"MILNE, L. Jazzamatazz Series (Single sheets) (sheetmusicplus.com)",,61
ANZCA Modern,"Examination Syllabus: Pianoforte, Pianoforte Duet, Theory of Music 2025-27, Modern Pianoforte; accessed 2026-10-09",4,,Blues,,Growing Together,HL00399005,,"NORTON, C. American Popular Piano – Repertoire Level 5 (Novus Via Music Group/Hal Leonard HL00399005)",,61
ANZCA Modern,"Examination Syllabus: Pianoforte, Pianoforte Duet, Theory of Music 2025-27, Modern Pianoforte; accessed 2026-10-09",4,,Blues,,Picnic,HL00399005,,"NORTON, C. American Popular Piano – Repertoire Level 5 (Novus Via Music Group/Hal Leonard HL00399005)",,61
ANZCA Modern,"Examination Syllabus: Pianoforte, Pianoforte Duet, Theory of Music 2025-27, Modern Pianoforte; accessed 2026-10-09",4,,Blues,,Blues Lullaby,M060138669,,"Microjazz Collection 2, The (Boosey & Hawkes M060138669)",,61
ANZCA Modern,"Examination Syllabus: Pianoforte, Pianoforte Duet, Theory of Music 2025-27, Modern Pianoforte; accessed 2026-10-09",4,,Blues,,Shoehorn Blues,M060138676,,"Microjazz Collection 3, The (B&H M060138676)",,61
ANZCA Modern,"Examination Syllabus: Pianoforte, Pianoforte Duet, Theory of Music 2025-27, Modern Pianoforte; accessed 2026-10-09",4,,Boogie,,Any Ol’ Time Boogie,,,ANZCA Modern Pianoforte Series 2 – Grade Four (ANZCA),,61
ANZCA Modern,"Examination Syllabus: Pianoforte, Pianoforte Duet, Theory of Music 2025-27, Modern Pianoforte; accessed 2026-10-09",4,,Boogie,,On the Boogie Bus,,,ANZCA Modern Pianoforte Series 2 – Grade Four (ANZCA),,61
ANZCA Modern,"Examination Syllabus: Pianoforte, Pianoforte Duet, Theory of Music 2025-27, Modern Pianoforte; accessed 2026-10-09",4,,Boogie,,Deep Blue Sea Boogie,YK21020,,"AGAY, D. Joy of Boogie and Blues Book 1, The (Yorktown Press YK21020/Music Sales)",,61
ANZCA Modern,"Examination Syllabus: Pianoforte, Pianoforte Duet, Theory of Music 2025-27, Modern Pianoforte; accessed 2026-10-09",4,,Boogie,,The Lonesome Road,YK21020,,"AGAY, D. Joy of Boogie and Blues Book 1, The (Yorktown Press YK21020/Music Sales)",,61
ANZCA Modern,"Examination Syllabus: Pianoforte, Pianoforte Duet, Theory of Music 2025-27, Modern Pianoforte; accessed 2026-10-09",4,,Boogie,,Ballad Improvisation,YK21368,,"Joy of Boogie and Blues Book 2, The (YK21368)",,61
ANZCA Modern,"Examination Syllabus: Pianoforte, Pianoforte Duet, Theory of Music 2025-27, Modern Pianoforte; accessed 2026-10-09",4,,Boogie,,Bop A Beatin’ Boogie,,,"BAILEY, K. Jazzin’ Around 2 (kerinbailey.com.au, or through Hal Leonard)",,61
ANZCA Modern,"Examination Syllabus: Pianoforte, Pianoforte Duet, Theory of Music 2025-27, Modern Pianoforte; accessed 2026-10-09",4,,Boogie,,Hot & Sassy,,,"CHUA, S. Bogus Boogies (Single-sheet download available from fabermusic.com)",,61
ANZCA Modern,"Examination Syllabus: Pianoforte, Pianoforte Duet, Theory of Music 2025-27, Modern Pianoforte; accessed 2026-10-09",4,,Boogie,,Razzle-Dazzle Boogie,,,"HUNTER, G. Dial “J” for Jazz (ANZCA)",,61
ANZCA Modern,"Examination Syllabus: Pianoforte, Pianoforte Duet, Theory of Music 2025-27, Modern Pianoforte; accessed 2026-10-09",4,,Boogie,,When the Saints Go Marching In,AM23706,,It’s Easy to Play Boogie-Woogie (Amsco AM23706/Music Sales),,61
ANZCA Modern,"Examination Syllabus: Pianoforte, Pianoforte Duet, Theory of Music 2025-27, Modern Pianoforte; accessed 2026-10-09",4,,Boogie,,Beach Buggy Boogie,00-6643,,"MIER, M. Jazz, Rags & Blues – Book 2 (Alfred 00-6643)",,61
ANZCA Modern,"Examination Syllabus: Pianoforte, Pianoforte Duet, Theory of Music 2025-27, Modern Pianoforte; accessed 2026-10-09",4,,Boogie,,A Good Day,HL00399005,,"NORTON, C. American Popular Piano – Repertoire Level 5 (Novus Via Music Group/Hal Leonard HL00399005)",,61
ANZCA Modern,"Examination Syllabus: Pianoforte, Pianoforte Duet, Theory of Music 2025-27, Modern Pianoforte; accessed 2026-10-09",4,,Boogie,,The Jogger,HL00399005,,"NORTON, C. American Popular Piano – Repertoire Level 5 (Novus Via Music Group/Hal Leonard HL00399005)",,61
ANZCA Modern,"Examination Syllabus: Pianoforte, Pianoforte Duet, Theory of Music 2025-27, Modern Pianoforte; accessed 2026-10-09",4,,Boogie,,Fireman’s Boogie,HL00399006,,A.P.P – Repertoire Level 6 (HL00399006),,61
ANZCA Modern,"Examination Syllabus: Pianoforte, Pianoforte Duet, Theory of Music 2025-27, Modern Pianoforte; accessed 2026-10-09",4,,Boogie,,Fingerpickin’,HL00399008,,A.P.P. – Repertoire Level 8 (HL00399008),,61
ANZCA Modern,"Examination Syllabus: Pianoforte, Pianoforte Duet, Theory of Music 2025-27, Modern Pianoforte; accessed 2026-10-09",4,,Boogie,,Back on Track,9781908500144,,Connections 5 for Piano (80 Days Pub./Hal Leonard 9781908500144),,61
ANZCA Modern,"Examination Syllabus: Pianoforte, Pianoforte Duet, Theory of Music 2025-27, Modern Pianoforte; accessed 2026-10-09",4,,Boogie,,Boxcar Blues,9781908500144,,Connections 5 for Piano (80 Days Pub./Hal Leonard 9781908500144),,61
ANZCA Modern,"Examination Syllabus: Pianoforte, Pianoforte Duet, Theory of Music 2025-27, Modern Pianoforte; accessed 2026-10-09",4,,Boogie,,Short and Sweet,M060138744,,"Microstyles Collection, The (Boosey & Hawkes M060138744)",,61
ANZCA Modern,"Examination Syllabus: Pianoforte, Pianoforte Duet, Theory of Music 2025-27, Modern Pianoforte; accessed 2026-10-09",4,,Ragtime,,Debut Rag,,,ANZCA Modern Pianoforte Series 2 – Grade Four (ANZCA),,61
ANZCA Modern,"Examination Syllabus: Pianoforte, Pianoforte Duet, Theory of Music 2025-27, Modern Pianoforte; accessed 2026-10-09",4,,Ragtime,,The Ol’ Time Rag,,,ANZCA Modern Pianoforte Series 2 – Grade Four (ANZCA),,61
ANZCA Modern,"Examination Syllabus: Pianoforte, Pianoforte Duet, Theory of Music 2025-27, Modern Pianoforte; accessed 2026-10-09",4,,Ragtime,,Ragtime Blues,,,ANZCA Modern Pianoforte Series 2 – Grade Four (ANZCA),,61
ANZCA Modern,"Examination Syllabus: Pianoforte, Pianoforte Duet, Theory of Music 2025-27, Modern Pianoforte; accessed 2026-10-09",4,,Ragtime,,Champagne Rag,YK21384,,"AGAY, D. Joy of Jazz Book 2, The (Yorktown Press YK21384/Music Sales)",,61
ANZCA Modern,"Examination Syllabus: Pianoforte, Pianoforte Duet, Theory of Music 2025-27, Modern Pianoforte; accessed 2026-10-09",4,,Ragtime,,pp.33–39 Joplin Gallery – any one section,YK21129,,"Joy of Ragtime, The (YK21129)",,61
ANZCA Modern,"Examination Syllabus: Pianoforte, Pianoforte Duet, Theory of Music 2025-27, Modern Pianoforte; accessed 2026-10-09",4,,Ragtime,,The Entertainer,YK21129,,"Joy of Ragtime, The (YK21129)",,61
ANZCA Modern,"Examination Syllabus: Pianoforte, Pianoforte Duet, Theory of Music 2025-27, Modern Pianoforte; accessed 2026-10-09",4,,Ragtime,,Lilly Pilly Rag,,,"ANDERSON, T. Hello! It’s Ragtime (australianmusiccentre.com.au)",,61
ANZCA Modern,"Examination Syllabus: Pianoforte, Pianoforte Duet, Theory of Music 2025-27, Modern Pianoforte; accessed 2026-10-09",4,,Ragtime,,Ragtime Palpitations,,,"ANDERSON, T. Hello! It’s Ragtime (australianmusiccentre.com.au)",,61
ANZCA Modern,"Examination Syllabus: Pianoforte, Pianoforte Duet, Theory of Music 2025-27, Modern Pianoforte; accessed 2026-10-09",4,,Ragtime,,Little Ripper Rag,,,"BAILEY, K. Jazzin’ Around 5 (kerinbailey.com.au, or through Hal Leonard)",,61
ANZCA Modern,"Examination Syllabus: Pianoforte, Pianoforte Duet, Theory of Music 2025-27, Modern Pianoforte; accessed 2026-10-09",4,,Ragtime,,Ragtime Cowboy,,,"HUNTER, G. Dial “J” for Jazz (ANZCA)",,61
ANZCA Modern,"Examination Syllabus: Pianoforte, Pianoforte Duet, Theory of Music 2025-27, Modern Pianoforte; accessed 2026-10-09",4,,Ragtime,,Ragtime Song,,,"HUNTER, G. Dial “J” for Jazz (ANZCA)",,61
ANZCA Modern,"Examination Syllabus: Pianoforte, Pianoforte Duet, Theory of Music 2025-27, Modern Pianoforte; accessed 2026-10-09",4,,Ragtime,,Maple Leaf Rag,231684,arr. F. Kern.,"JOPLIN, S. Single sheet: (sheetmusicplus.com HL.231684)",,61
ANZCA Modern,"Examination Syllabus: Pianoforte, Pianoforte Duet, Theory of Music 2025-27, Modern Pianoforte; accessed 2026-10-09",4,,Ragtime,,Mississauga Rag,9781908500151,,"NORTON, C. Connections 6 for Piano (80 Days Pub./Hal Leonard 9781908500151)",,61
ANZCA Modern,"Examination Syllabus: Pianoforte, Pianoforte Duet, Theory of Music 2025-27, Modern Pianoforte; accessed 2026-10-09",4,,Ragtime,,Piano Exchange Rag,M060138744,,"Microstyles Collection, The (Boosey & Hawkes M060138744)",,61
ANZCA Modern,"Examination Syllabus: Pianoforte, Pianoforte Duet, Theory of Music 2025-27, Modern Pianoforte; accessed 2026-10-09",4,,Ragtime,,Rocking Turkey,M060138744,,"Microstyles Collection, The (Boosey & Hawkes M060138744)",,61
ANZCA Modern,"Examination Syllabus: Pianoforte, Pianoforte Duet, Theory of Music 2025-27, Modern Pianoforte; accessed 2026-10-09",4,,Ragtime,,A Whimsy,M060138744,,"Microstyles Collection, The (Boosey & Hawkes M060138744)",,61
ANZCA Modern,"Examination Syllabus: Pianoforte, Pianoforte Duet, Theory of Music 2025-27, Modern Pianoforte; accessed 2026-10-09",4,,Ragtime,,Wild Honeysuckle Rag,00-6643,,"MIER, M. Jazz, Rags & Blues – Book 2 (Alfred 00-6643)",,61
ANZCA Modern,"Examination Syllabus: Pianoforte, Pianoforte Duet, Theory of Music 2025-27, Modern Pianoforte; accessed 2026-10-09",4,,Ragtime,,Steamboat Rag,00-18770,,J.R.&B. – Book 4 (00-18770),,61
ANZCA Modern,"Examination Syllabus: Pianoforte, Pianoforte Duet, Theory of Music 2025-27, Modern Pianoforte; accessed 2026-10-09",4,,Ragtime,,A Little Raggy,,,"MILNE, L. Jazzamatazz Series (Single sheets) (sheetmusicplus.com)",,61
ANZCA Modern,"Examination Syllabus: Pianoforte, Pianoforte Duet, Theory of Music 2025-27, Modern Pianoforte; accessed 2026-10-09",4,,Latin American,,Barramundi Beguine,,,ANZCA Modern Pianoforte Series 2 – Grade Four (ANZCA),,62
ANZCA Modern,"Examination Syllabus: Pianoforte, Pianoforte Duet, Theory of Music 2025-27, Modern Pianoforte; accessed 2026-10-09",4,,Latin American,,Latino,,,ANZCA Modern Pianoforte Series 2 – Grade Four (ANZCA),,62
ANZCA Modern,"Examination Syllabus: Pianoforte, Pianoforte Duet, Theory of Music 2025-27, Modern Pianoforte; accessed 2026-10-09",4,,Latin American,,Tambo Tango,,,"ARNOLD, G. Single sheet: (grantarnold.com/shop)",,62
ANZCA Modern,"Examination Syllabus: Pianoforte, Pianoforte Duet, Theory of Music 2025-27, Modern Pianoforte; accessed 2026-10-09",4,,Latin American,,Triadic Excursion,,,"BAILEY, K. Jazzin’ Around 2",,62
ANZCA Modern,"Examination Syllabus: Pianoforte, Pianoforte Duet, Theory of Music 2025-27, Modern Pianoforte; accessed 2026-10-09",4,,Latin American,,Latin Break,,,Jazzin’ Around 3,,62
ANZCA Modern,"Examination Syllabus: Pianoforte, Pianoforte Duet, Theory of Music 2025-27, Modern Pianoforte; accessed 2026-10-09",4,,Latin American,,Silken Touch,,,Jazzin’ Around 4,,62
ANZCA Modern,"Examination Syllabus: Pianoforte, Pianoforte Duet, Theory of Music 2025-27, Modern Pianoforte; accessed 2026-10-09",4,,Latin American,,Cha Chaser,,,"Jazzin’ Around 6 (kerinbailey.com.au, or through Hal Leonard)",,62
ANZCA Modern,"Examination Syllabus: Pianoforte, Pianoforte Duet, Theory of Music 2025-27, Modern Pianoforte; accessed 2026-10-09",4,,Latin American,,Aretta’s Rhumba,,,"BAUMGARTNER, E. Jazz Connection – Book 3 (Willis Music/Encore, encoremusic.au)",,62
ANZCA Modern,"Examination Syllabus: Pianoforte, Pianoforte Duet, Theory of Music 2025-27, Modern Pianoforte; accessed 2026-10-09",4,,Latin American,,10. Bossa Nova Baby,,,"BELL, A. My Quirky Notebook (Editions Musica Ferrum)",,62
ANZCA Modern,"Examination Syllabus: Pianoforte, Pianoforte Duet, Theory of Music 2025-27, Modern Pianoforte; accessed 2026-10-09",4,,Latin American,,The Jamaican Boat Song,,,"HUNTER, G. Dial “J” for Jazz (ANZCA)",,62
ANZCA Modern,"Examination Syllabus: Pianoforte, Pianoforte Duet, Theory of Music 2025-27, Modern Pianoforte; accessed 2026-10-09",4,,Latin American,,Let’s Do the Tango,,,"HUNTER, G. Dial “J” for Jazz (ANZCA)",,62
ANZCA Modern,"Examination Syllabus: Pianoforte, Pianoforte Duet, Theory of Music 2025-27, Modern Pianoforte; accessed 2026-10-09",4,,Latin American,,Amor,AM18995,,It’s Easy to Play Latin (Wise AM18995/Music Sales),,62
ANZCA Modern,"Examination Syllabus: Pianoforte, Pianoforte Duet, Theory of Music 2025-27, Modern Pianoforte; accessed 2026-10-09",4,,Latin American,,Be Mine Tonight,AM18995,,It’s Easy to Play Latin (Wise AM18995/Music Sales),,62
ANZCA Modern,"Examination Syllabus: Pianoforte, Pianoforte Duet, Theory of Music 2025-27, Modern Pianoforte; accessed 2026-10-09",4,,Latin American,,Brazil,AM18995,,It’s Easy to Play Latin (Wise AM18995/Music Sales),,62
ANZCA Modern,"Examination Syllabus: Pianoforte, Pianoforte Duet, Theory of Music 2025-27, Modern Pianoforte; accessed 2026-10-09",4,,Latin American,,Eso Beso,AM18995,,It’s Easy to Play Latin (Wise AM18995/Music Sales),,62
ANZCA Modern,"Examination Syllabus: Pianoforte, Pianoforte Duet, Theory of Music 2025-27, Modern Pianoforte; accessed 2026-10-09",4,,Latin American,,Wave,AM18995,,It’s Easy to Play Latin (Wise AM18995/Music Sales),,62
ANZCA Modern,"Examination Syllabus: Pianoforte, Pianoforte Duet, Theory of Music 2025-27, Modern Pianoforte; accessed 2026-10-09",4,,Latin American,,Holidaying in the Caribbean,,,"LYNCH, S. Single sheet: (sandylynchmusic.com)",,62
ANZCA Modern,"Examination Syllabus: Pianoforte, Pianoforte Duet, Theory of Music 2025-27, Modern Pianoforte; accessed 2026-10-09",4,,Latin American,,Vendetta,0571523714,,"MILNE, E. Pepperbox Jazz 1 (Faber 0571523714/Hal Leonard)",,62
ANZCA Modern,"Examination Syllabus: Pianoforte, Pianoforte Duet, Theory of Music 2025-27, Modern Pianoforte; accessed 2026-10-09",4,,Latin American,,It Takes Two,HL00399005,,"NORTON, C. American Popular Piano – Repertoire Level 5 (Novus Via Music Group/Hal Leonard HL00399005)",,62
ANZCA Modern,"Examination Syllabus: Pianoforte, Pianoforte Duet, Theory of Music 2025-27, Modern Pianoforte; accessed 2026-10-09",4,,Latin American,,Tropical Groove,HL00399005,,"NORTON, C. American Popular Piano – Repertoire Level 5 (Novus Via Music Group/Hal Leonard HL00399005)",,62
ANZCA Modern,"Examination Syllabus: Pianoforte, Pianoforte Duet, Theory of Music 2025-27, Modern Pianoforte; accessed 2026-10-09",4,,Latin American,,Happy Times,HL00399006,,"A.P.P. – Repertoire Level 6 (HL00399006) [solo piano part, played with backing track]",,62
ANZCA Modern,"Examination Syllabus: Pianoforte, Pianoforte Duet, Theory of Music 2025-27, Modern Pianoforte; accessed 2026-10-09",4,,Latin American,,Lazy Day,HL00399007,,A.P.P. – Repertoire Level 7 (HL00399007),,62
ANZCA Modern,"Examination Syllabus: Pianoforte, Pianoforte Duet, Theory of Music 2025-27, Modern Pianoforte; accessed 2026-10-09",4,,Latin American,,No Easy Answers,HL00399008,,"A.P.P. – Repertoire Level 8 (HL00399008) [solo piano part, played with backing track]",,62
ANZCA Modern,"Examination Syllabus: Pianoforte, Pianoforte Duet, Theory of Music 2025-27, Modern Pianoforte; accessed 2026-10-09",4,,Latin American,,Up and About,HL00399008,,"A.P.P. – Repertoire Level 8 (HL00399008) [solo piano part, played with backing track]",,62
ANZCA Modern,"Examination Syllabus: Pianoforte, Pianoforte Duet, Theory of Music 2025-27, Modern Pianoforte; accessed 2026-10-09",4,,Latin American,,Caribbean Mood,9781908500144,,Connections 5 for Piano (80 Days Pub./Hal Leonard 9781908500144),,62
ANZCA Modern,"Examination Syllabus: Pianoforte, Pianoforte Duet, Theory of Music 2025-27, Modern Pianoforte; accessed 2026-10-09",4,,Latin American,,Palm Trees,9781908500144,,Connections 5 for Piano (80 Days Pub./Hal Leonard 9781908500144),,62
ANZCA Modern,"Examination Syllabus: Pianoforte, Pianoforte Duet, Theory of Music 2025-27, Modern Pianoforte; accessed 2026-10-09",4,,Latin American,,Buttoned Down,9781908500151,,Connections 6 for Piano (H.L. 9781908500151),,62
ANZCA Modern,"Examination Syllabus: Pianoforte, Pianoforte Duet, Theory of Music 2025-27, Modern Pianoforte; accessed 2026-10-09",4,,Latin American,,Twilight Dance,9781908500151,,Connections 6 for Piano (H.L. 9781908500151),,62
ANZCA Modern,"Examination Syllabus: Pianoforte, Pianoforte Duet, Theory of Music 2025-27, Modern Pianoforte; accessed 2026-10-09",4,,Latin American,,Beguine,M060138676,,"Microjazz Collection 3, The (Boosey & Hawkes M060138676)",,62
ANZCA Modern,"Examination Syllabus: Pianoforte, Pianoforte Duet, Theory of Music 2025-27, Modern Pianoforte; accessed 2026-10-09",4,,Latin American,,Haiku,M060138676,,"Microjazz Collection 3, The (Boosey & Hawkes M060138676)",,62
ANZCA Modern,"Examination Syllabus: Pianoforte, Pianoforte Duet, Theory of Music 2025-27, Modern Pianoforte; accessed 2026-10-09",4,,Latin American,,A Charmer,M060138744,,"Microstyles Collection, The (B&H M060138744)",,62
ANZCA Modern,"Examination Syllabus: Pianoforte, Pianoforte Duet, Theory of Music 2025-27, Modern Pianoforte; accessed 2026-10-09",4,,Latin American,,Hideaway,M060138744,,"Microstyles Collection, The (B&H M060138744)",,62
ANZCA Modern,"Examination Syllabus: Pianoforte, Pianoforte Duet, Theory of Music 2025-27, Modern Pianoforte; accessed 2026-10-09",4,,Jazz and Popular Standards,,Friday Groove,,,ANZCA Modern Pianoforte Series 2 – Grade Four (ANZCA),,62
ANZCA Modern,"Examination Syllabus: Pianoforte, Pianoforte Duet, Theory of Music 2025-27, Modern Pianoforte; accessed 2026-10-09",4,,Jazz and Popular Standards,,Jitter Bug Beat,,,ANZCA Modern Pianoforte Series 2 – Grade Four (ANZCA),,62
ANZCA Modern,"Examination Syllabus: Pianoforte, Pianoforte Duet, Theory of Music 2025-27, Modern Pianoforte; accessed 2026-10-09",4,,Jazz and Popular Standards,,Willow Wisp,,,ANZCA Modern Pianoforte Series 2 – Grade Four (ANZCA),,62
ANZCA Modern,"Examination Syllabus: Pianoforte, Pianoforte Duet, Theory of Music 2025-27, Modern Pianoforte; accessed 2026-10-09",4,,Jazz and Popular Standards,,Love Somebody,YK21087,,"AGAY, D. Joy of Jazz, The (Yorktown Press YK21087/Music Sales)",,62
ANZCA Modern,"Examination Syllabus: Pianoforte, Pianoforte Duet, Theory of Music 2025-27, Modern Pianoforte; accessed 2026-10-09",4,,Jazz and Popular Standards,,Opus One,YK21087,,"AGAY, D. Joy of Jazz, The (Yorktown Press YK21087/Music Sales)",,62
ANZCA Modern,"Examination Syllabus: Pianoforte, Pianoforte Duet, Theory of Music 2025-27, Modern Pianoforte; accessed 2026-10-09",4,,Jazz and Popular Standards,,Won’t Ya Come out Tonight,YK21087,,"AGAY, D. Joy of Jazz, The (Yorktown Press YK21087/Music Sales)",,62
ANZCA Modern,"Examination Syllabus: Pianoforte, Pianoforte Duet, Theory of Music 2025-27, Modern Pianoforte; accessed 2026-10-09",4,,Jazz and Popular Standards,,Yes Indeed,YK21087,,"AGAY, D. Joy of Jazz, The (Yorktown Press YK21087/Music Sales)",,62
ANZCA Modern,"Examination Syllabus: Pianoforte, Pianoforte Duet, Theory of Music 2025-27, Modern Pianoforte; accessed 2026-10-09",4,,Jazz and Popular Standards,,By the Light of the Silvery Moon,YK21384,,"Joy of Jazz Book 2, The (YK21384)",,62
ANZCA Modern,"Examination Syllabus: Pianoforte, Pianoforte Duet, Theory of Music 2025-27, Modern Pianoforte; accessed 2026-10-09",4,,Jazz and Popular Standards,,Jersey Bounce,YK21384,,"Joy of Jazz Book 2, The (YK21384)",,62
ANZCA Modern,"Examination Syllabus: Pianoforte, Pianoforte Duet, Theory of Music 2025-27, Modern Pianoforte; accessed 2026-10-09",4,,Jazz and Popular Standards,,The Joint is Jumpin’,YK21384,,"Joy of Jazz Book 2, The (YK21384)",,62
ANZCA Modern,"Examination Syllabus: Pianoforte, Pianoforte Duet, Theory of Music 2025-27, Modern Pianoforte; accessed 2026-10-09",4,,Jazz and Popular Standards,,Lullaby of Birdland,YK21384,,"Joy of Jazz Book 2, The (YK21384)",,62
ANZCA Modern,"Examination Syllabus: Pianoforte, Pianoforte Duet, Theory of Music 2025-27, Modern Pianoforte; accessed 2026-10-09",4,,Jazz and Popular Standards,,Tuxedo Junction,YK21384,,"Joy of Jazz Book 2, The (YK21384)",,62
ANZCA Modern,"Examination Syllabus: Pianoforte, Pianoforte Duet, Theory of Music 2025-27, Modern Pianoforte; accessed 2026-10-09",4,,Jazz and Popular Standards,,Water’s Edge,,,"ANTHONY, Y. Swing-Rave (Wirripang:  australiancomposers.com.au)",,62
ANZCA Modern,"Examination Syllabus: Pianoforte, Pianoforte Duet, Theory of Music 2025-27, Modern Pianoforte; accessed 2026-10-09",4,,Jazz and Popular Standards,,Melinda’s Mini March,,,"BAILEY, K. Jazzin’ Around 1",,62
ANZCA Modern,"Examination Syllabus: Pianoforte, Pianoforte Duet, Theory of Music 2025-27, Modern Pianoforte; accessed 2026-10-09",4,,Jazz and Popular Standards,,Standard Procedure,,,Jazzin’ Around 2,,62
ANZCA Modern,"Examination Syllabus: Pianoforte, Pianoforte Duet, Theory of Music 2025-27, Modern Pianoforte; accessed 2026-10-09",4,,Jazz and Popular Standards,,Al’s Cafe,,,Jazzin’ Around 4,,62
ANZCA Modern,"Examination Syllabus: Pianoforte, Pianoforte Duet, Theory of Music 2025-27, Modern Pianoforte; accessed 2026-10-09",4,,Jazz and Popular Standards,,Giant Strides,,,Jazzin’ Around 4,,62
ANZCA Modern,"Examination Syllabus: Pianoforte, Pianoforte Duet, Theory of Music 2025-27, Modern Pianoforte; accessed 2026-10-09",4,,Jazz and Popular Standards,,Triplet Cascades,,,Jazzin’ Around 6,,62
ANZCA Modern,"Examination Syllabus: Pianoforte, Pianoforte Duet, Theory of Music 2025-27, Modern Pianoforte; accessed 2026-10-09",4,,Jazz and Popular Standards,,Triplet Falls,,,"Single sheet: (kerinbailey.com.au, or through Hal Leonard)",,62
ANZCA Modern,"Examination Syllabus: Pianoforte, Pianoforte Duet, Theory of Music 2025-27, Modern Pianoforte; accessed 2026-10-09",4,,Jazz and Popular Standards,The Beatles,Yesterday,A0.1075046,,"Single sheet arrangement: (sheetmusicplus.com, A0.1075046)",,62
ANZCA Modern,"Examination Syllabus: Pianoforte, Pianoforte Duet, Theory of Music 2025-27, Modern Pianoforte; accessed 2026-10-09",4,,Jazz and Popular Standards,,Jersey Jump,,,"BAUMGARTNER, E. Jazz Connection – Book 3 (Willis Music/Encore, encoremusic.au)",,62
ANZCA Modern,"Examination Syllabus: Pianoforte, Pianoforte Duet, Theory of Music 2025-27, Modern Pianoforte; accessed 2026-10-09",4,,Jazz and Popular Standards,,Take Five,E31945,,"BRIMHALL, J. All Gold for Easy Piano Book 2 (EMI E31945)",,62
ANZCA Modern,"Examination Syllabus: Pianoforte, Pianoforte Duet, Theory of Music 2025-27, Modern Pianoforte; accessed 2026-10-09",4,,Jazz and Popular Standards,,Don’t Get Around Much Anymore,A0.894643,arr. L. Cohen.,"ELLINGTON, D. Single sheet: (leoniecohen.com, sheetmusicplus.com A0.894643)",,62
ANZCA Modern,"Examination Syllabus: Pianoforte, Pianoforte Duet, Theory of Music 2025-27, Modern Pianoforte; accessed 2026-10-09",4,,Jazz and Popular Standards,,Blues in C,,,"HUNTER, G. All That Jazz (ANZCA) [Improvisation required]",,62
ANZCA Modern,"Examination Syllabus: Pianoforte, Pianoforte Duet, Theory of Music 2025-27, Modern Pianoforte; accessed 2026-10-09",4,,Jazz and Popular Standards,,Engagement Party,HL00283691,,La La Land for Piano Solo (Hal Leonard HL00283691),,62
ANZCA Modern,"Examination Syllabus: Pianoforte, Pianoforte Duet, Theory of Music 2025-27, Modern Pianoforte; accessed 2026-10-09",4,,Jazz and Popular Standards,,Steppin’ Out,,,"McFARLANE, D. Single sheet: (supersonicspiano.com)",,63
ANZCA Modern,"Examination Syllabus: Pianoforte, Pianoforte Duet, Theory of Music 2025-27, Modern Pianoforte; accessed 2026-10-09",4,,Jazz and Popular Standards,,Red Rose Rendezvous,00-6643,,"MIER, M. Jazz, Rags & Blues – Book 2 (Alfred 00-6643)",,63
ANZCA Modern,"Examination Syllabus: Pianoforte, Pianoforte Duet, Theory of Music 2025-27, Modern Pianoforte; accessed 2026-10-09",4,,Jazz and Popular Standards,,Grandview Boulevard Strut,00-18770,,J.R.&B. – Book 4 (00-18770),,63
ANZCA Modern,"Examination Syllabus: Pianoforte, Pianoforte Duet, Theory of Music 2025-27, Modern Pianoforte; accessed 2026-10-09",4,,Jazz and Popular Standards,,Crooked Waltz,,,"MILNE, L. Jazzamatazz Series (Single sheets) (sheetmusicplus.com)",,63
ANZCA Modern,"Examination Syllabus: Pianoforte, Pianoforte Duet, Theory of Music 2025-27, Modern Pianoforte; accessed 2026-10-09",4,,Jazz and Popular Standards,,Jus’ Thinking,,,"MILNE, L. Jazzamatazz Series (Single sheets) (sheetmusicplus.com)",,63
ANZCA Modern,"Examination Syllabus: Pianoforte, Pianoforte Duet, Theory of Music 2025-27, Modern Pianoforte; accessed 2026-10-09",4,,Jazz and Popular Standards,,Jazz Hymn,HL00399005,,"NORTON, C. American Popular Piano – Repertoire Level 5 (Novus Via Music Group/Hal Leonard HL00399005)",,63
ANZCA Modern,"Examination Syllabus: Pianoforte, Pianoforte Duet, Theory of Music 2025-27, Modern Pianoforte; accessed 2026-10-09",4,,Jazz and Popular Standards,,Subdivided,HL00399006,,A.P.P. – Repertoire Level 6 (HL00399006),,63
ANZCA Modern,"Examination Syllabus: Pianoforte, Pianoforte Duet, Theory of Music 2025-27, Modern Pianoforte; accessed 2026-10-09",4,,Jazz and Popular Standards,,Summer Sunday Afternoon,HL00399006,,A.P.P. – Repertoire Level 6 (HL00399006),,63
ANZCA Modern,"Examination Syllabus: Pianoforte, Pianoforte Duet, Theory of Music 2025-27, Modern Pianoforte; accessed 2026-10-09",4,,Jazz and Popular Standards,,Five a Side,HL00399007,,"A.P.P. – Repertoire Level 7 (HL00399007) [solo part, backing track required]",,63
ANZCA Modern,"Examination Syllabus: Pianoforte, Pianoforte Duet, Theory of Music 2025-27, Modern Pianoforte; accessed 2026-10-09",4,,Jazz and Popular Standards,,Counterintuitive,9781908500137,,Connections 4 for Piano (80 Days Pub./Hal Leonard 9781908500137),,63
ANZCA Modern,"Examination Syllabus: Pianoforte, Pianoforte Duet, Theory of Music 2025-27, Modern Pianoforte; accessed 2026-10-09",4,,Jazz and Popular Standards,,Jaunty,9781908500137,,Connections 4 for Piano (80 Days Pub./Hal Leonard 9781908500137),,63
ANZCA Modern,"Examination Syllabus: Pianoforte, Pianoforte Duet, Theory of Music 2025-27, Modern Pianoforte; accessed 2026-10-09",4,,Jazz and Popular Standards,,Scamp,9781908500144,,Connections 5 for Piano (H.L. 9781908500144),,63
ANZCA Modern,"Examination Syllabus: Pianoforte, Pianoforte Duet, Theory of Music 2025-27, Modern Pianoforte; accessed 2026-10-09",4,,Jazz and Popular Standards,,Tap Dance,9781908500144,,Connections 5 for Piano (H.L. 9781908500144),,63
ANZCA Modern,"Examination Syllabus: Pianoforte, Pianoforte Duet, Theory of Music 2025-27, Modern Pianoforte; accessed 2026-10-09",4,,Jazz and Popular Standards,,A Minor Incident,9781908500151,,Connections 6 for Piano (H.L. 9781908500151),,63
ANZCA Modern,"Examination Syllabus: Pianoforte, Pianoforte Duet, Theory of Music 2025-27, Modern Pianoforte; accessed 2026-10-09",4,,Jazz and Popular Standards,,Too Cool,9781908500151,,Connections 6 for Piano (H.L. 9781908500151),,63
ANZCA Modern,"Examination Syllabus: Pianoforte, Pianoforte Duet, Theory of Music 2025-27, Modern Pianoforte; accessed 2026-10-09",4,,Jazz and Popular Standards,,Fine Line,M060138676,,"NORTON, C. Microjazz Collection 3, The (Boosey & Hawkes M060138676)",,63
ANZCA Modern,"Examination Syllabus: Pianoforte, Pianoforte Duet, Theory of Music 2025-27, Modern Pianoforte; accessed 2026-10-09",4,,Jazz and Popular Standards,,Highly Strung,M060138676,,"NORTON, C. Microjazz Collection 3, The (Boosey & Hawkes M060138676)",,63
ANZCA Modern,"Examination Syllabus: Pianoforte, Pianoforte Duet, Theory of Music 2025-27, Modern Pianoforte; accessed 2026-10-09",4,,Jazz and Popular Standards,,Mix ’n’ Match,M060138676,,"NORTON, C. Microjazz Collection 3, The (Boosey & Hawkes M060138676)",,63
ANZCA Modern,"Examination Syllabus: Pianoforte, Pianoforte Duet, Theory of Music 2025-27, Modern Pianoforte; accessed 2026-10-09",4,,Jazz and Popular Standards,,Ostinato,M060138676,,"NORTON, C. Microjazz Collection 3, The (Boosey & Hawkes M060138676)",,63
ANZCA Modern,"Examination Syllabus: Pianoforte, Pianoforte Duet, Theory of Music 2025-27, Modern Pianoforte; accessed 2026-10-09",4,,Jazz and Popular Standards,,Promises,M060138676,,"NORTON, C. Microjazz Collection 3, The (Boosey & Hawkes M060138676)",,63
ANZCA Modern,"Examination Syllabus: Pianoforte, Pianoforte Duet, Theory of Music 2025-27, Modern Pianoforte; accessed 2026-10-09",4,,Jazz and Popular Standards,,Take Your Time,M060138676,,"NORTON, C. Microjazz Collection 3, The (Boosey & Hawkes M060138676)",,63
ANZCA Modern,"Examination Syllabus: Pianoforte, Pianoforte Duet, Theory of Music 2025-27, Modern Pianoforte; accessed 2026-10-09",4,,Jazz and Popular Standards,,Wombling,M060138676,,"NORTON, C. Microjazz Collection 3, The (Boosey & Hawkes M060138676)",,63
ANZCA Modern,"Examination Syllabus: Pianoforte, Pianoforte Duet, Theory of Music 2025-27, Modern Pianoforte; accessed 2026-10-09",4,,Jazz and Popular Standards,,Little Prelude in C Minor,HL00198473,,"Phillip Keveren Series, The – Bach Meets Jazz (Hal Leonard HL00198473)",,63
ANZCA Modern,"Examination Syllabus: Pianoforte, Pianoforte Duet, Theory of Music 2025-27, Modern Pianoforte; accessed 2026-10-09",4,,Jazz and Popular Standards,,Musette in D Major,HL00198473,,"Phillip Keveren Series, The – Bach Meets Jazz (Hal Leonard HL00198473)",,63
ANZCA Modern,"Examination Syllabus: Pianoforte, Pianoforte Duet, Theory of Music 2025-27, Modern Pianoforte; accessed 2026-10-09",4,,Jazz and Popular Standards,,The Pride of Union Street,,,"ROBINSON, A. Notes on a Neighbourhood (flyingivoriesmusic.com.au)",,63
ANZCA Modern,"Examination Syllabus: Pianoforte, Pianoforte Duet, Theory of Music 2025-27, Modern Pianoforte; accessed 2026-10-09",5,,Pop and Rock,,Lemon Grass Rock,,,ANZCA Modern Pianoforte Series 2 – Grade Five (ANZCA),,64
ANZCA Modern,"Examination Syllabus: Pianoforte, Pianoforte Duet, Theory of Music 2025-27, Modern Pianoforte; accessed 2026-10-09",5,,Pop and Rock,,Rock Ballad,,,ANZCA Modern Pianoforte Series 2 – Grade Five (ANZCA),,64
ANZCA Modern,"Examination Syllabus: Pianoforte, Pianoforte Duet, Theory of Music 2025-27, Modern Pianoforte; accessed 2026-10-09",5,,Pop and Rock,,Make You Feel My Love,HL00159590,arr. M. Rejino.,Adele (Hal Leonard HL00159590),,64
ANZCA Modern,"Examination Syllabus: Pianoforte, Pianoforte Duet, Theory of Music 2025-27, Modern Pianoforte; accessed 2026-10-09",5,,Pop and Rock,,Million Years Ago,HL00159590,arr. M. Rejino.,Adele (Hal Leonard HL00159590),,64
ANZCA Modern,"Examination Syllabus: Pianoforte, Pianoforte Duet, Theory of Music 2025-27, Modern Pianoforte; accessed 2026-10-09",5,,Pop and Rock,,Rolling in the Deep,HL00159590,arr. M. Rejino.,Adele (Hal Leonard HL00159590),,64
ANZCA Modern,"Examination Syllabus: Pianoforte, Pianoforte Duet, Theory of Music 2025-27, Modern Pianoforte; accessed 2026-10-09",5,,Pop and Rock,,Someone Like You,HL00159590,arr. M. Rejino.,Adele (Hal Leonard HL00159590),,64
ANZCA Modern,"Examination Syllabus: Pianoforte, Pianoforte Duet, Theory of Music 2025-27, Modern Pianoforte; accessed 2026-10-09",5,,Pop and Rock,,Take It All,HL00159590,arr. M. Rejino.,Adele (Hal Leonard HL00159590),,64
ANZCA Modern,"Examination Syllabus: Pianoforte, Pianoforte Duet, Theory of Music 2025-27, Modern Pianoforte; accessed 2026-10-09",5,,Pop and Rock,,I Still Call Australia Home,HX7660,,"ALLEN, P. Single sheet: (Hal Leonard Digital HX7660)",,65
ANZCA Modern,"Examination Syllabus: Pianoforte, Pianoforte Duet, Theory of Music 2025-27, Modern Pianoforte; accessed 2026-10-09",5,,Pop and Rock,,Safe in Your Arms,,,"ARNOLD, G. Single sheets: (grantarnold.com/shop)",,65
ANZCA Modern,"Examination Syllabus: Pianoforte, Pianoforte Duet, Theory of Music 2025-27, Modern Pianoforte; accessed 2026-10-09",5,,Pop and Rock,,The Sands of Time,,,"ARNOLD, G. Single sheets: (grantarnold.com/shop)",,65
ANZCA Modern,"Examination Syllabus: Pianoforte, Pianoforte Duet, Theory of Music 2025-27, Modern Pianoforte; accessed 2026-10-09",5,,Pop and Rock,,Sunday Afternoon at the Piano,,,"ARNOLD, G. Single sheets: (grantarnold.com/shop)",,65
ANZCA Modern,"Examination Syllabus: Pianoforte, Pianoforte Duet, Theory of Music 2025-27, Modern Pianoforte; accessed 2026-10-09",5,,Pop and Rock,,11. A Budding Romance,,,"BELL, A. My Seaside Notebook (Editions Musica Ferrum)",,65
ANZCA Modern,"Examination Syllabus: Pianoforte, Pianoforte Duet, Theory of Music 2025-27, Modern Pianoforte; accessed 2026-10-09",5,,Pop and Rock,,16. Without You,,,"BELL, A. My Seaside Notebook (Editions Musica Ferrum)",,65
ANZCA Modern,"Examination Syllabus: Pianoforte, Pianoforte Duet, Theory of Music 2025-27, Modern Pianoforte; accessed 2026-10-09",5,,Pop and Rock,,18. Funky Crab,,,"BELL, A. My Seaside Notebook (Editions Musica Ferrum)",,65
ANZCA Modern,"Examination Syllabus: Pianoforte, Pianoforte Duet, Theory of Music 2025-27, Modern Pianoforte; accessed 2026-10-09",5,,Pop and Rock,,For Elise (with optional parts),,,"EUSTACE, B. Fabtabulous",,65
ANZCA Modern,"Examination Syllabus: Pianoforte, Pianoforte Duet, Theory of Music 2025-27, Modern Pianoforte; accessed 2026-10-09",5,,Pop and Rock,,Prelude,,,Fusion (bradleyeustace.com/anzca),,65
ANZCA Modern,"Examination Syllabus: Pianoforte, Pianoforte Duet, Theory of Music 2025-27, Modern Pianoforte; accessed 2026-10-09",5,,Pop and Rock,,Bella’s Lullaby,HL00312523,,Favorite Pop Piano Solos (Hal Leonard HL00312523),,65
ANZCA Modern,"Examination Syllabus: Pianoforte, Pianoforte Duet, Theory of Music 2025-27, Modern Pianoforte; accessed 2026-10-09",5,,Pop and Rock,,Fields of Gold,HL00312523,,Favorite Pop Piano Solos (Hal Leonard HL00312523),,65
ANZCA Modern,"Examination Syllabus: Pianoforte, Pianoforte Duet, Theory of Music 2025-27, Modern Pianoforte; accessed 2026-10-09",5,,Pop and Rock,,Forrest Gump – Main Title,HL00312523,,Favorite Pop Piano Solos (Hal Leonard HL00312523),,65
ANZCA Modern,"Examination Syllabus: Pianoforte, Pianoforte Duet, Theory of Music 2025-27, Modern Pianoforte; accessed 2026-10-09",5,,Pop and Rock,,Grenade,HL00312523,,Favorite Pop Piano Solos (Hal Leonard HL00312523),,65
ANZCA Modern,"Examination Syllabus: Pianoforte, Pianoforte Duet, Theory of Music 2025-27, Modern Pianoforte; accessed 2026-10-09",5,,Pop and Rock,,Hallelujah,HL00312523,,Favorite Pop Piano Solos (Hal Leonard HL00312523),,65
ANZCA Modern,"Examination Syllabus: Pianoforte, Pianoforte Duet, Theory of Music 2025-27, Modern Pianoforte; accessed 2026-10-09",5,,Pop and Rock,,Hello (include repeat with embellishment),HL00312523,,Favorite Pop Piano Solos (Hal Leonard HL00312523),,65
ANZCA Modern,"Examination Syllabus: Pianoforte, Pianoforte Duet, Theory of Music 2025-27, Modern Pianoforte; accessed 2026-10-09",5,,Pop and Rock,,I Will,HL00312523,,Favorite Pop Piano Solos (Hal Leonard HL00312523),,65
ANZCA Modern,"Examination Syllabus: Pianoforte, Pianoforte Duet, Theory of Music 2025-27, Modern Pianoforte; accessed 2026-10-09",5,,Pop and Rock,,Just the Way You Are (Joel or Mars),HL00312523,,Favorite Pop Piano Solos (Hal Leonard HL00312523),,65
ANZCA Modern,"Examination Syllabus: Pianoforte, Pianoforte Duet, Theory of Music 2025-27, Modern Pianoforte; accessed 2026-10-09",5,,Pop and Rock,,White Horse,HL00312523,,Favorite Pop Piano Solos (Hal Leonard HL00312523),,65
ANZCA Modern,"Examination Syllabus: Pianoforte, Pianoforte Duet, Theory of Music 2025-27, Modern Pianoforte; accessed 2026-10-09",5,,Pop and Rock,,Do You Want to Build a Snowman?,HL00128220,,Frozen – Piano Solo (Hal Leonard HL00128220),,65
ANZCA Modern,"Examination Syllabus: Pianoforte, Pianoforte Duet, Theory of Music 2025-27, Modern Pianoforte; accessed 2026-10-09",5,,Pop and Rock,,Frozen Heart,HL00128220,,Frozen – Piano Solo (Hal Leonard HL00128220),,65
ANZCA Modern,"Examination Syllabus: Pianoforte, Pianoforte Duet, Theory of Music 2025-27, Modern Pianoforte; accessed 2026-10-09",5,,Pop and Rock,,Angry Birds Theme,HL00201767,,"Greatest Video Game Music, The (Hal Leonard HL00201767)",,65
ANZCA Modern,"Examination Syllabus: Pianoforte, Pianoforte Duet, Theory of Music 2025-27, Modern Pianoforte; accessed 2026-10-09",5,,Pop and Rock,,Assassin’s Creed III Main Title,HL00201767,,"Greatest Video Game Music, The (Hal Leonard HL00201767)",,65
ANZCA Modern,"Examination Syllabus: Pianoforte, Pianoforte Duet, Theory of Music 2025-27, Modern Pianoforte; accessed 2026-10-09",5,,Pop and Rock,,Assassin’s Creed Revelations,HL00201767,,"Greatest Video Game Music, The (Hal Leonard HL00201767)",,65
ANZCA Modern,"Examination Syllabus: Pianoforte, Pianoforte Duet, Theory of Music 2025-27, Modern Pianoforte; accessed 2026-10-09",5,,Pop and Rock,,Bratja (from Full Metal Alchemist),HL00201767,,"Greatest Video Game Music, The (Hal Leonard HL00201767)",,65
ANZCA Modern,"Examination Syllabus: Pianoforte, Pianoforte Duet, Theory of Music 2025-27, Modern Pianoforte; accessed 2026-10-09",5,,Pop and Rock,,Elder Scrolls; Oblivion,HL00201767,,"Greatest Video Game Music, The (Hal Leonard HL00201767)",,65
ANZCA Modern,"Examination Syllabus: Pianoforte, Pianoforte Duet, Theory of Music 2025-27, Modern Pianoforte; accessed 2026-10-09",5,,Pop and Rock,,Theme from Fallout 4,HL00201767,,"Greatest Video Game Music, The (Hal Leonard HL00201767)",,65
ANZCA Modern,"Examination Syllabus: Pianoforte, Pianoforte Duet, Theory of Music 2025-27, Modern Pianoforte; accessed 2026-10-09",5,,Pop and Rock,,The Last of Us,HL00201767,,"Greatest Video Game Music, The (Hal Leonard HL00201767)",,65
ANZCA Modern,"Examination Syllabus: Pianoforte, Pianoforte Duet, Theory of Music 2025-27, Modern Pianoforte; accessed 2026-10-09",5,,Pop and Rock,,Muse (from Advent Rising),HL00201767,,"Greatest Video Game Music, The (Hal Leonard HL00201767)",,65
ANZCA Modern,"Examination Syllabus: Pianoforte, Pianoforte Duet, Theory of Music 2025-27, Modern Pianoforte; accessed 2026-10-09",5,,Pop and Rock,,(Meet) The Flintstones,00-28014,,"HANNA, BARBERA & CURTIN. Single sheet: (Alfred 00-28014)",,65
ANZCA Modern,"Examination Syllabus: Pianoforte, Pianoforte Duet, Theory of Music 2025-27, Modern Pianoforte; accessed 2026-10-09",5,,Pop and Rock,,Confessions in the Moonlight (from Castle in the Sky),179017,,"HISAISHI, J. Ghibli Best Stories (Hal Leonard/Zen-On 179017)",,65
ANZCA Modern,"Examination Syllabus: Pianoforte, Pianoforte Duet, Theory of Music 2025-27, Modern Pianoforte; accessed 2026-10-09",5,,Pop and Rock,,Blue Eyes,HL00306040,,"JOHN, E. The Elton John Collection (Hal Leonard HL00306040)",,65
ANZCA Modern,"Examination Syllabus: Pianoforte, Pianoforte Duet, Theory of Music 2025-27, Modern Pianoforte; accessed 2026-10-09",5,,Pop and Rock,,Circle of Life,HL00306040,,"JOHN, E. The Elton John Collection (Hal Leonard HL00306040)",,65
ANZCA Modern,"Examination Syllabus: Pianoforte, Pianoforte Duet, Theory of Music 2025-27, Modern Pianoforte; accessed 2026-10-09",5,,Pop and Rock,,Daniel,HL00306040,,"JOHN, E. The Elton John Collection (Hal Leonard HL00306040)",,65
ANZCA Modern,"Examination Syllabus: Pianoforte, Pianoforte Duet, Theory of Music 2025-27, Modern Pianoforte; accessed 2026-10-09",5,,Pop and Rock,,Goodbye Yellow Brick Road,HL00306040,,"JOHN, E. The Elton John Collection (Hal Leonard HL00306040)",,65
ANZCA Modern,"Examination Syllabus: Pianoforte, Pianoforte Duet, Theory of Music 2025-27, Modern Pianoforte; accessed 2026-10-09",5,,Pop and Rock,,Honky Cat,HL00306040,,"JOHN, E. The Elton John Collection (Hal Leonard HL00306040)",,65
ANZCA Modern,"Examination Syllabus: Pianoforte, Pianoforte Duet, Theory of Music 2025-27, Modern Pianoforte; accessed 2026-10-09",5,,Pop and Rock,,The Last Song,HL00306040,,"JOHN, E. The Elton John Collection (Hal Leonard HL00306040)",,65
ANZCA Modern,"Examination Syllabus: Pianoforte, Pianoforte Duet, Theory of Music 2025-27, Modern Pianoforte; accessed 2026-10-09",5,,Pop and Rock,,Audition,HL00283691,,La La Land for Piano Solo (Hal Leonard HL00283691),,65
ANZCA Modern,"Examination Syllabus: Pianoforte, Pianoforte Duet, Theory of Music 2025-27, Modern Pianoforte; accessed 2026-10-09",5,,Pop and Rock,,On My Own,MF10010,,Les Misérables – Easy Piano Album (Music Sales MF10010),,65
ANZCA Modern,"Examination Syllabus: Pianoforte, Pianoforte Duet, Theory of Music 2025-27, Modern Pianoforte; accessed 2026-10-09",5,,Pop and Rock,,Can You Feel the Love Tonight,HL00292060,,"Lion King, The – Piano Solos (Hal Leonard HL00292060)",,65
ANZCA Modern,"Examination Syllabus: Pianoforte, Pianoforte Duet, Theory of Music 2025-27, Modern Pianoforte; accessed 2026-10-09",5,,Pop and Rock,,Wishing You Were Somehow Here Again,HL00360830,,"LLOYD WEBBER, A. Phantom of the Opera, The (Hal Leonard HL00360830)",,65
ANZCA Modern,"Examination Syllabus: Pianoforte, Pianoforte Duet, Theory of Music 2025-27, Modern Pianoforte; accessed 2026-10-09",5,,Pop and Rock,,Captain Cool,,,"McFARLANE, D. Single sheets: (supersonicspiano.com)",,65
ANZCA Modern,"Examination Syllabus: Pianoforte, Pianoforte Duet, Theory of Music 2025-27, Modern Pianoforte; accessed 2026-10-09",5,,Pop and Rock,,Feel the Funk,,,"McFARLANE, D. Single sheets: (supersonicspiano.com)",,65
ANZCA Modern,"Examination Syllabus: Pianoforte, Pianoforte Duet, Theory of Music 2025-27, Modern Pianoforte; accessed 2026-10-09",5,,Pop and Rock,,First Strike,,,"McFARLANE, D. Single sheets: (supersonicspiano.com)",,65
ANZCA Modern,"Examination Syllabus: Pianoforte, Pianoforte Duet, Theory of Music 2025-27, Modern Pianoforte; accessed 2026-10-09",5,,Pop and Rock,,Walk On By,,,"McFARLANE, D. Single sheets: (supersonicspiano.com)",,65
ANZCA Modern,"Examination Syllabus: Pianoforte, Pianoforte Duet, Theory of Music 2025-27, Modern Pianoforte; accessed 2026-10-09",5,,Pop and Rock,,Waving,HL00399005,,"NORTON, C. American Popular Piano – Repertoire Level 5 (Novus Via Music Group/Hal Leonard HL00399005)",,65
ANZCA Modern,"Examination Syllabus: Pianoforte, Pianoforte Duet, Theory of Music 2025-27, Modern Pianoforte; accessed 2026-10-09",5,,Pop and Rock,,Out on the Plain,HL00399006,,A.P.P. – Repertoire Level 6 (HL00399006),,65
ANZCA Modern,"Examination Syllabus: Pianoforte, Pianoforte Duet, Theory of Music 2025-27, Modern Pianoforte; accessed 2026-10-09",5,,Pop and Rock,,Timeless,HL00399006,,A.P.P. – Repertoire Level 6 (HL00399006),,65
ANZCA Modern,"Examination Syllabus: Pianoforte, Pianoforte Duet, Theory of Music 2025-27, Modern Pianoforte; accessed 2026-10-09",5,,Pop and Rock,,A Delicate Hue,HL00399007,,A.P.P. – Repertoire Level 7 (HL00399007),,65
ANZCA Modern,"Examination Syllabus: Pianoforte, Pianoforte Duet, Theory of Music 2025-27, Modern Pianoforte; accessed 2026-10-09",5,,Pop and Rock,,A Restless Spirit,HL00399007,,A.P.P. – Repertoire Level 7 (HL00399007),,65
ANZCA Modern,"Examination Syllabus: Pianoforte, Pianoforte Duet, Theory of Music 2025-27, Modern Pianoforte; accessed 2026-10-09",5,,Pop and Rock,,Cold Clear Day,HL00399007,,A.P.P. – Repertoire Level 7 (HL00399007),,65
ANZCA Modern,"Examination Syllabus: Pianoforte, Pianoforte Duet, Theory of Music 2025-27, Modern Pianoforte; accessed 2026-10-09",5,,Pop and Rock,,Lion Tamer,HL00399007,,A.P.P. – Repertoire Level 7 (HL00399007),,65
ANZCA Modern,"Examination Syllabus: Pianoforte, Pianoforte Duet, Theory of Music 2025-27, Modern Pianoforte; accessed 2026-10-09",5,,Pop and Rock,,Late at Night,HL00399008,,"A.P.P. – Repertoire Level 8 (HL00399008) [solo piano part, played with backing track]",,65
ANZCA Modern,"Examination Syllabus: Pianoforte, Pianoforte Duet, Theory of Music 2025-27, Modern Pianoforte; accessed 2026-10-09",5,,Pop and Rock,,Restless Afternoon,HL00399008,,A.P.P. – Repertoire Level 8 (HL00399008),,65
ANZCA Modern,"Examination Syllabus: Pianoforte, Pianoforte Duet, Theory of Music 2025-27, Modern Pianoforte; accessed 2026-10-09",5,,Pop and Rock,,Rocker,9781908500151,,Connections 6 for Piano (80 Days Pub./Hal Leonard 9781908500151),,65
ANZCA Modern,"Examination Syllabus: Pianoforte, Pianoforte Duet, Theory of Music 2025-27, Modern Pianoforte; accessed 2026-10-09",5,,Pop and Rock,,Picking Up the Pace,9781908500168,,Connections 7 for Piano (H.L. 9781908500168),,65
ANZCA Modern,"Examination Syllabus: Pianoforte, Pianoforte Duet, Theory of Music 2025-27, Modern Pianoforte; accessed 2026-10-09",5,,Pop and Rock,,Feet First,M060138676,,"Microjazz Collection 3, The (Boosey & Hawkes M060138676)",,65
ANZCA Modern,"Examination Syllabus: Pianoforte, Pianoforte Duet, Theory of Music 2025-27, Modern Pianoforte; accessed 2026-10-09",5,,Pop and Rock,,Heavy Work,M060138744,,"Microstyles Collection, The (B&H M060138744)",,65
ANZCA Modern,"Examination Syllabus: Pianoforte, Pianoforte Duet, Theory of Music 2025-27, Modern Pianoforte; accessed 2026-10-09",5,,Pop and Rock,,Oriental Flower,M060138744,,"Microstyles Collection, The (B&H M060138744)",,65
ANZCA Modern,"Examination Syllabus: Pianoforte, Pianoforte Duet, Theory of Music 2025-27, Modern Pianoforte; accessed 2026-10-09",5,,Pop and Rock,,"no. 4, Sierra",M060116384,,"Rock Preludes Collection (Boosey & Hawkes M060116384) [backing track recommended, but not mandatory]",,65
ANZCA Modern,"Examination Syllabus: Pianoforte, Pianoforte Duet, Theory of Music 2025-27, Modern Pianoforte; accessed 2026-10-09",5,,Pop and Rock,,You’re My Best Friend,HL00156645,,"Phillip Keveren Series, The – Queen for Classical Piano (Hal Leonard HL00156645)",,65
ANZCA Modern,"Examination Syllabus: Pianoforte, Pianoforte Duet, Theory of Music 2025-27, Modern Pianoforte; accessed 2026-10-09",5,,Pop and Rock,,I Have Confidence,HL00313214,,RODGERS & HAMMERSTEIN. The Sound of Music – Piano Solo Selections (Hal Leonard HL00313214),,65
ANZCA Modern,"Examination Syllabus: Pianoforte, Pianoforte Duet, Theory of Music 2025-27, Modern Pianoforte; accessed 2026-10-09",5,,Pop and Rock,,The Lonely Goatherd,HL00313214,,RODGERS & HAMMERSTEIN. The Sound of Music – Piano Solo Selections (Hal Leonard HL00313214),,65
ANZCA Modern,"Examination Syllabus: Pianoforte, Pianoforte Duet, Theory of Music 2025-27, Modern Pianoforte; accessed 2026-10-09",5,,Pop and Rock,,My Favorite Things,HL00313214,,RODGERS & HAMMERSTEIN. The Sound of Music – Piano Solo Selections (Hal Leonard HL00313214),,65
ANZCA Modern,"Examination Syllabus: Pianoforte, Pianoforte Duet, Theory of Music 2025-27, Modern Pianoforte; accessed 2026-10-09",5,,Pop and Rock,,The Sound of Music,HL00313214,,RODGERS & HAMMERSTEIN. The Sound of Music – Piano Solo Selections (Hal Leonard HL00313214),,65
ANZCA Modern,"Examination Syllabus: Pianoforte, Pianoforte Duet, Theory of Music 2025-27, Modern Pianoforte; accessed 2026-10-09",5,,Pop and Rock,,Jessica’s Theme,0101138440,,"ROWLAND, B. Time-Honoured Hits from The Man from Snowy River (AMPD/Hal Leonard 0101138440)",,66
ANZCA Modern,"Examination Syllabus: Pianoforte, Pianoforte Duet, Theory of Music 2025-27, Modern Pianoforte; accessed 2026-10-09",5,,Pop and Rock,,I Dreamed a Dream,MF10149,,SCHONBERG & KRETZNER. Les Misérables – Piano/Vocal Selections (Music Sales MF10149),,66
ANZCA Modern,"Examination Syllabus: Pianoforte, Pianoforte Duet, Theory of Music 2025-27, Modern Pianoforte; accessed 2026-10-09",5,,Pop and Rock,,Popular,HL00311317,,"SCHWARTZ, S. Wicked (Hal Leonard HL00311317)",,66
ANZCA Modern,"Examination Syllabus: Pianoforte, Pianoforte Duet, Theory of Music 2025-27, Modern Pianoforte; accessed 2026-10-09",5,,Pop and Rock,,Longing,,,"URQUHART-JONES, D. Still Groovin’ (Encore Music Distributors:  encoremusic.com.au)",,66
ANZCA Modern,"Examination Syllabus: Pianoforte, Pianoforte Duet, Theory of Music 2025-27, Modern Pianoforte; accessed 2026-10-09",5,,Pop and Rock,,River Flows in You (10th Anniversary Version),,trans. E. Rahbari.,YIRUMA Single sheet: (musescore.com),,66
ANZCA Modern,"Examination Syllabus: Pianoforte, Pianoforte Duet, Theory of Music 2025-27, Modern Pianoforte; accessed 2026-10-09",5,,Blues,,Lazy Sunday,,,ANZCA Modern Pianoforte Series 2 – Grade Five (ANZCA),,66
ANZCA Modern,"Examination Syllabus: Pianoforte, Pianoforte Duet, Theory of Music 2025-27, Modern Pianoforte; accessed 2026-10-09",5,,Blues,,Lotus Blossom Blues,,,ANZCA Modern Pianoforte Series 2 – Grade Five (ANZCA),,66
ANZCA Modern,"Examination Syllabus: Pianoforte, Pianoforte Duet, Theory of Music 2025-27, Modern Pianoforte; accessed 2026-10-09",5,,Blues,,Mellow Mood,,,ANZCA Modern Pianoforte Series 2 – Grade Five (ANZCA),,66
ANZCA Modern,"Examination Syllabus: Pianoforte, Pianoforte Duet, Theory of Music 2025-27, Modern Pianoforte; accessed 2026-10-09",5,,Blues,,Blues in C,YK21020,,"AGAY, D. Joy of Boogie and Blues Book 1, The (Yorktown Press YK21020/Music Sales)",,66
ANZCA Modern,"Examination Syllabus: Pianoforte, Pianoforte Duet, Theory of Music 2025-27, Modern Pianoforte; accessed 2026-10-09",5,,Blues,,St. James Infirmary Blues,YK21020,,"AGAY, D. Joy of Boogie and Blues Book 1, The (Yorktown Press YK21020/Music Sales)",,66
ANZCA Modern,"Examination Syllabus: Pianoforte, Pianoforte Duet, Theory of Music 2025-27, Modern Pianoforte; accessed 2026-10-09",5,,Blues,,Mellow Mood,,,"BAILEY,  K. Jazzin’ Around 5 (kerinbailey.com.au, or through Hal Leonard)",,66
ANZCA Modern,"Examination Syllabus: Pianoforte, Pianoforte Duet, Theory of Music 2025-27, Modern Pianoforte; accessed 2026-10-09",5,,Blues,,Bayou Blues,,,"BAUMGARTNER, E. Jazz Connection – Book 3 (Willis Music/Encore, encoremusic.au)",,66
ANZCA Modern,"Examination Syllabus: Pianoforte, Pianoforte Duet, Theory of Music 2025-27, Modern Pianoforte; accessed 2026-10-09",5,,Blues,,Tweed Street Blues,,,"CANNON, A. Single sheet: (Free download: email admin@anzca.com.au)",,66
ANZCA Modern,"Examination Syllabus: Pianoforte, Pianoforte Duet, Theory of Music 2025-27, Modern Pianoforte; accessed 2026-10-09",5,,Blues,,The Pink Panther,HL00312523,,Favorite Pop Piano Solos (Hal Leonard HL00312523),,66
ANZCA Modern,"Examination Syllabus: Pianoforte, Pianoforte Duet, Theory of Music 2025-27, Modern Pianoforte; accessed 2026-10-09",5,,Blues,,Blues on Ninth Avenue,,,"HUNTER, G. All That Jazz (ANZCA) [Improvisation required]",,66
ANZCA Modern,"Examination Syllabus: Pianoforte, Pianoforte Duet, Theory of Music 2025-27, Modern Pianoforte; accessed 2026-10-09",5,,Blues,,Au Privave,HL00306522,,Jazz Piano Solos Volume 2 – Jazz Blues (2nd Edition) (Hal Leonard HL00306522),,66
ANZCA Modern,"Examination Syllabus: Pianoforte, Pianoforte Duet, Theory of Music 2025-27, Modern Pianoforte; accessed 2026-10-09",5,,Blues,,Billie’s Bounce,HL00306522,,Jazz Piano Solos Volume 2 – Jazz Blues (2nd Edition) (Hal Leonard HL00306522),,66
ANZCA Modern,"Examination Syllabus: Pianoforte, Pianoforte Duet, Theory of Music 2025-27, Modern Pianoforte; accessed 2026-10-09",5,,Blues,,Blue Train,HL00306522,,Jazz Piano Solos Volume 2 – Jazz Blues (2nd Edition) (Hal Leonard HL00306522),,66
ANZCA Modern,"Examination Syllabus: Pianoforte, Pianoforte Duet, Theory of Music 2025-27, Modern Pianoforte; accessed 2026-10-09",5,,Blues,,Comin’ Home Baby,HL00306522,,Jazz Piano Solos Volume 2 – Jazz Blues (2nd Edition) (Hal Leonard HL00306522),,66
ANZCA Modern,"Examination Syllabus: Pianoforte, Pianoforte Duet, Theory of Music 2025-27, Modern Pianoforte; accessed 2026-10-09",5,,Blues,,Turnaround,HL00306522,,Jazz Piano Solos Volume 2 – Jazz Blues (2nd Edition) (Hal Leonard HL00306522),,66
ANZCA Modern,"Examination Syllabus: Pianoforte, Pianoforte Duet, Theory of Music 2025-27, Modern Pianoforte; accessed 2026-10-09",5,,Blues,,"Two Degrees East, Three Degrees West",HL00306522,,Jazz Piano Solos Volume 2 – Jazz Blues (2nd Edition) (Hal Leonard HL00306522),,66
ANZCA Modern,"Examination Syllabus: Pianoforte, Pianoforte Duet, Theory of Music 2025-27, Modern Pianoforte; accessed 2026-10-09",5,,Blues,,Birmingham Blues,00-18770,,"MIER, M. Jazz, Rags & Blues – Book 4 (Alfred 00-18770)",,66
ANZCA Modern,"Examination Syllabus: Pianoforte, Pianoforte Duet, Theory of Music 2025-27, Modern Pianoforte; accessed 2026-10-09",5,,Blues,,Jackson Street Blues,00-18770,,"MIER, M. Jazz, Rags & Blues – Book 4 (Alfred 00-18770)",,66
ANZCA Modern,"Examination Syllabus: Pianoforte, Pianoforte Duet, Theory of Music 2025-27, Modern Pianoforte; accessed 2026-10-09",5,,Blues,,Blue Interlude,00-32715,,J.R.&B. – Book 5 (00-32715),,66
ANZCA Modern,"Examination Syllabus: Pianoforte, Pianoforte Duet, Theory of Music 2025-27, Modern Pianoforte; accessed 2026-10-09",5,,Blues,,Memphis Blues,00-32715,,J.R.&B. – Book 5 (00-32715),,66
ANZCA Modern,"Examination Syllabus: Pianoforte, Pianoforte Duet, Theory of Music 2025-27, Modern Pianoforte; accessed 2026-10-09",5,,Blues,,That Blue Feeling,HL00399005,,"NORTON, C. American Popular Piano – Repertoire Level 5 (Novus Via Music Group/Hal Leonard HL00399005)",,66
ANZCA Modern,"Examination Syllabus: Pianoforte, Pianoforte Duet, Theory of Music 2025-27, Modern Pianoforte; accessed 2026-10-09",5,,Blues,,Down the Track,HL00399007,,A.P.P. – Repertoire Level 7 (HL00399007),,66
ANZCA Modern,"Examination Syllabus: Pianoforte, Pianoforte Duet, Theory of Music 2025-27, Modern Pianoforte; accessed 2026-10-09",5,,Blues,,Judgement Blues,HL00399007,,A.P.P. – Repertoire Level 7 (HL00399007),,66
ANZCA Modern,"Examination Syllabus: Pianoforte, Pianoforte Duet, Theory of Music 2025-27, Modern Pianoforte; accessed 2026-10-09",5,,Blues,,Nefertiti Blues,9781908500168,,Connections 7 for Piano (80 Days Pub./Hal Leonard 9781908500168),,66
ANZCA Modern,"Examination Syllabus: Pianoforte, Pianoforte Duet, Theory of Music 2025-27, Modern Pianoforte; accessed 2026-10-09",5,,Blues,,Streetwise,9781908500168,,Connections 7 for Piano (80 Days Pub./Hal Leonard 9781908500168),,66
ANZCA Modern,"Examination Syllabus: Pianoforte, Pianoforte Duet, Theory of Music 2025-27, Modern Pianoforte; accessed 2026-10-09",5,,Blues,,The Pink Panther,HL00296147,,Popular Piano Solos Level 5 – 2nd Edition (Hal Leonard HL00296147),,66
ANZCA Modern,"Examination Syllabus: Pianoforte, Pianoforte Duet, Theory of Music 2025-27, Modern Pianoforte; accessed 2026-10-09",5,,Boogie,,Boogie Rock,,,ANZCA Modern Pianoforte Series 2 – Grade Five (ANZCA),,66
ANZCA Modern,"Examination Syllabus: Pianoforte, Pianoforte Duet, Theory of Music 2025-27, Modern Pianoforte; accessed 2026-10-09",5,,Boogie,,Turnaround Boogie,,,ANZCA Modern Pianoforte Series 2 – Grade Five (ANZCA),,66
ANZCA Modern,"Examination Syllabus: Pianoforte, Pianoforte Duet, Theory of Music 2025-27, Modern Pianoforte; accessed 2026-10-09",5,,Boogie,,Honky Tonk,YK21020,,"AGAY, D. Joy of Boogie and Blues Book 1, The (Yorktown Press YK21020/Music Sales)",,66
ANZCA Modern,"Examination Syllabus: Pianoforte, Pianoforte Duet, Theory of Music 2025-27, Modern Pianoforte; accessed 2026-10-09",5,,Boogie,,Meet Frankie and Johnny,YK21020,,"AGAY, D. Joy of Boogie and Blues Book 1, The (Yorktown Press YK21020/Music Sales)",,66
ANZCA Modern,"Examination Syllabus: Pianoforte, Pianoforte Duet, Theory of Music 2025-27, Modern Pianoforte; accessed 2026-10-09",5,,Boogie,,Safari,YK21020,,"AGAY, D. Joy of Boogie and Blues Book 1, The (Yorktown Press YK21020/Music Sales)",,66
ANZCA Modern,"Examination Syllabus: Pianoforte, Pianoforte Duet, Theory of Music 2025-27, Modern Pianoforte; accessed 2026-10-09",5,,Boogie,,Spiritual Boogie,YK21020,,"AGAY, D. Joy of Boogie and Blues Book 1, The (Yorktown Press YK21020/Music Sales)",,66
ANZCA Modern,"Examination Syllabus: Pianoforte, Pianoforte Duet, Theory of Music 2025-27, Modern Pianoforte; accessed 2026-10-09",5,,Boogie,,J. D.’s Boogie Woogie,YK21087,,"AGAY, D. Joy of Jazz, The (Yorktown Press YK21087/Music Sales)",,66
ANZCA Modern,"Examination Syllabus: Pianoforte, Pianoforte Duet, Theory of Music 2025-27, Modern Pianoforte; accessed 2026-10-09",5,,Boogie,,Right-Hand Man,,,"ANTHONY, Y. Boogie-Rave (Wirripang:  australiancomposers.com.au)",,66
ANZCA Modern,"Examination Syllabus: Pianoforte, Pianoforte Duet, Theory of Music 2025-27, Modern Pianoforte; accessed 2026-10-09",5,,Boogie,,Boogie Rock,,,"BAILEY, K. Jazzin’ Around 4 (www.kerinbailey.com.au)",,66
ANZCA Modern,"Examination Syllabus: Pianoforte, Pianoforte Duet, Theory of Music 2025-27, Modern Pianoforte; accessed 2026-10-09",5,,Boogie,,"Alright, Ok, You Win",AM23706,,It’s Easy to Play Boogie-Woogie (Amsco AM23706/Music Sales),,66
ANZCA Modern,"Examination Syllabus: Pianoforte, Pianoforte Duet, Theory of Music 2025-27, Modern Pianoforte; accessed 2026-10-09",5,,Boogie,,Blue Suede Shoes,AM23706,,It’s Easy to Play Boogie-Woogie (Amsco AM23706/Music Sales),,66
ANZCA Modern,"Examination Syllabus: Pianoforte, Pianoforte Duet, Theory of Music 2025-27, Modern Pianoforte; accessed 2026-10-09",5,,Boogie,,Night Train,AM23706,,It’s Easy to Play Boogie-Woogie (Amsco AM23706/Music Sales),,66
ANZCA Modern,"Examination Syllabus: Pianoforte, Pianoforte Duet, Theory of Music 2025-27, Modern Pianoforte; accessed 2026-10-09",5,,Boogie,,Freddie Freeloader,HL00306522,,Jazz Piano Solos Volume 2 – Jazz Blues (2nd Edition) (Hal Leonard HL00306522),,66
ANZCA Modern,"Examination Syllabus: Pianoforte, Pianoforte Duet, Theory of Music 2025-27, Modern Pianoforte; accessed 2026-10-09",5,,Boogie,,Brolga Boogie,,,"McFARLANE, D. Single sheet: (https://supersonicspiano.com)",,66
ANZCA Modern,"Examination Syllabus: Pianoforte, Pianoforte Duet, Theory of Music 2025-27, Modern Pianoforte; accessed 2026-10-09",5,,Boogie,,Dingbat Blues,HL00399007,,"NORTON, C. American Popular Piano – Repertoire Level 7 (Novus Via Music Group/Hal Leonard HL00399007)",,66
ANZCA Modern,"Examination Syllabus: Pianoforte, Pianoforte Duet, Theory of Music 2025-27, Modern Pianoforte; accessed 2026-10-09",5,,Boogie,,Early Morning Workout,9781908500168,,Connections 7 for Piano (80 Days Pub./Hal Leonard 9781908500168),,66
ANZCA Modern,"Examination Syllabus: Pianoforte, Pianoforte Duet, Theory of Music 2025-27, Modern Pianoforte; accessed 2026-10-09",5,,Ragtime,,Bird Call Rag,,,ANZCA Modern Pianoforte Series 2 – Grade Five (ANZCA),,67
ANZCA Modern,"Examination Syllabus: Pianoforte, Pianoforte Duet, Theory of Music 2025-27, Modern Pianoforte; accessed 2026-10-09",5,,Ragtime,,Tiger Balm Rag,,,ANZCA Modern Pianoforte Series 2 – Grade Five (ANZCA),,67
ANZCA Modern,"Examination Syllabus: Pianoforte, Pianoforte Duet, Theory of Music 2025-27, Modern Pianoforte; accessed 2026-10-09",5,,Ragtime,,Ragtime,00-AF9911B,,"COATES, D. Something for the Boys (Alfred 00-AF9911B)",,67
ANZCA Modern,"Examination Syllabus: Pianoforte, Pianoforte Duet, Theory of Music 2025-27, Modern Pianoforte; accessed 2026-10-09",5,,Ragtime,,Maple Leaf Rag,AM14143,,It’s Easy to Play Ragtime (Amsco AM14143/Music Sales),,67
ANZCA Modern,"Examination Syllabus: Pianoforte, Pianoforte Duet, Theory of Music 2025-27, Modern Pianoforte; accessed 2026-10-09",5,,Ragtime,,The Cascades,DP13772,,"JOPLIN, S. Complete Piano Rags (Dover DP13772)",,67
ANZCA Modern,"Examination Syllabus: Pianoforte, Pianoforte Duet, Theory of Music 2025-27, Modern Pianoforte; accessed 2026-10-09",5,,Ragtime,,Country Club,DP13772,,"JOPLIN, S. Complete Piano Rags (Dover DP13772)",,67
ANZCA Modern,"Examination Syllabus: Pianoforte, Pianoforte Duet, Theory of Music 2025-27, Modern Pianoforte; accessed 2026-10-09",5,,Ragtime,,The Favorite,DP13772,,"JOPLIN, S. Complete Piano Rags (Dover DP13772)",,67
ANZCA Modern,"Examination Syllabus: Pianoforte, Pianoforte Duet, Theory of Music 2025-27, Modern Pianoforte; accessed 2026-10-09",5,,Ragtime,,Kismet Rag,DP13772,,"JOPLIN, S. Complete Piano Rags (Dover DP13772)",,67
ANZCA Modern,"Examination Syllabus: Pianoforte, Pianoforte Duet, Theory of Music 2025-27, Modern Pianoforte; accessed 2026-10-09",5,,Ragtime,,Original Rags,DP13772,,"JOPLIN, S. Complete Piano Rags (Dover DP13772)",,67
ANZCA Modern,"Examination Syllabus: Pianoforte, Pianoforte Duet, Theory of Music 2025-27, Modern Pianoforte; accessed 2026-10-09",5,,Ragtime,,Paragon Rag,DP13772,,"JOPLIN, S. Complete Piano Rags (Dover DP13772)",,67
ANZCA Modern,"Examination Syllabus: Pianoforte, Pianoforte Duet, Theory of Music 2025-27, Modern Pianoforte; accessed 2026-10-09",5,,Ragtime,,The Strenuous Life,DP13772,,"JOPLIN, S. Complete Piano Rags (Dover DP13772)",,67
ANZCA Modern,"Examination Syllabus: Pianoforte, Pianoforte Duet, Theory of Music 2025-27, Modern Pianoforte; accessed 2026-10-09",5,,Ragtime,,Weeping Willow,DP13772,,"JOPLIN, S. Complete Piano Rags (Dover DP13772)",,67
ANZCA Modern,"Examination Syllabus: Pianoforte, Pianoforte Duet, Theory of Music 2025-27, Modern Pianoforte; accessed 2026-10-09",5,,Ragtime,,Persnickety Rag,00-32715,,"MIER, M. Jazz, Rags & Blues – Book 5 (Alfred 00-32715)",,67
ANZCA Modern,"Examination Syllabus: Pianoforte, Pianoforte Duet, Theory of Music 2025-27, Modern Pianoforte; accessed 2026-10-09",5,,Ragtime,,Run Ragged,0571523722,,"MILNE, E. Pepperbox Jazz 2 (Faber 0571523722)",,67
ANZCA Modern,"Examination Syllabus: Pianoforte, Pianoforte Duet, Theory of Music 2025-27, Modern Pianoforte; accessed 2026-10-09",5,,Ragtime,,Light on My Feet,HL00399006,,"NORTON, C. American Popular Piano – Repertoire Level 6 (Novus Via Music Group/Hal Leonard HL00399006)",,67
ANZCA Modern,"Examination Syllabus: Pianoforte, Pianoforte Duet, Theory of Music 2025-27, Modern Pianoforte; accessed 2026-10-09",5,,Ragtime,,Fiddle Tune,HL00399006,,"NORTON, C. American Popular Piano – Repertoire Level 6 (Novus Via Music Group/Hal Leonard HL00399006)",,67
ANZCA Modern,"Examination Syllabus: Pianoforte, Pianoforte Duet, Theory of Music 2025-27, Modern Pianoforte; accessed 2026-10-09",5,,Ragtime,,On Down Swanston Street,,,"RAYMAKERS, P. Single sheet: (AMPD)",,67
ANZCA Modern,"Examination Syllabus: Pianoforte, Pianoforte Duet, Theory of Music 2025-27, Modern Pianoforte; accessed 2026-10-09",5,,Ragtime,,Ruckers Hill Rag,,,"ROBINSON, A. Notes on a Neighbourhood (flyingivoriesmusic.com.au)",,67
ANZCA Modern,"Examination Syllabus: Pianoforte, Pianoforte Duet, Theory of Music 2025-27, Modern Pianoforte; accessed 2026-10-09",5,,Latin American,,Maracas,,,ANZCA Modern Pianoforte Series 2 – Grade Five (ANZCA),,67
ANZCA Modern,"Examination Syllabus: Pianoforte, Pianoforte Duet, Theory of Music 2025-27, Modern Pianoforte; accessed 2026-10-09",5,,Latin American,,Naughty ’Nessa,,,ANZCA Modern Pianoforte Series 2 – Grade Five (ANZCA),,67
ANZCA Modern,"Examination Syllabus: Pianoforte, Pianoforte Duet, Theory of Music 2025-27, Modern Pianoforte; accessed 2026-10-09",5,,Latin American,,Not Happy,,,ANZCA Modern Pianoforte Series 2 – Grade Five (ANZCA),,67
ANZCA Modern,"Examination Syllabus: Pianoforte, Pianoforte Duet, Theory of Music 2025-27, Modern Pianoforte; accessed 2026-10-09",5,,Latin American,,Boogie Tropicale,,,"ANTHONY, Y. Boogie-Rave",,67
ANZCA Modern,"Examination Syllabus: Pianoforte, Pianoforte Duet, Theory of Music 2025-27, Modern Pianoforte; accessed 2026-10-09",5,,Latin American,,Night of the Flowers,,,Latin-Rave (Wirripang:  australiancomposers.com.au),,67
ANZCA Modern,"Examination Syllabus: Pianoforte, Pianoforte Duet, Theory of Music 2025-27, Modern Pianoforte; accessed 2026-10-09",5,,Latin American,,Coffee Time,,,"ARNOLD, G. Single sheet: (grantarnold.com/shop)",,67
ANZCA Modern,"Examination Syllabus: Pianoforte, Pianoforte Duet, Theory of Music 2025-27, Modern Pianoforte; accessed 2026-10-09",5,,Latin American,,The Latin Touch,,,"BAILEY, K. Jazzin’ Around 6 (kerinbailey.com.au, or through Hal Leonard)",,67
ANZCA Modern,"Examination Syllabus: Pianoforte, Pianoforte Duet, Theory of Music 2025-27, Modern Pianoforte; accessed 2026-10-09",5,,Latin American,Bacharach,The Look of Love,A0.903032,,Single sheet arrangement: (sheetmusicplus.com A0.903032),,67
ANZCA Modern,"Examination Syllabus: Pianoforte, Pianoforte Duet, Theory of Music 2025-27, Modern Pianoforte; accessed 2026-10-09",5,,Latin American,,Bossa Rio,,,"BAUMGARTNER, E. Jazz Connection – Book 3 (Willis Music/Encore, encoremusic.au)",,67
ANZCA Modern,"Examination Syllabus: Pianoforte, Pianoforte Duet, Theory of Music 2025-27, Modern Pianoforte; accessed 2026-10-09",5,,Latin American,,19. Al Fresco,,,"BELL, A. My Seaside Notebook (Editions Musica Ferrum)",,67
ANZCA Modern,"Examination Syllabus: Pianoforte, Pianoforte Duet, Theory of Music 2025-27, Modern Pianoforte; accessed 2026-10-09",5,,Latin American,,Ciao Baby...,,,"CHUA, S. Serenades (Single-sheet download available from supersonicspiano.com)",,67
ANZCA Modern,"Examination Syllabus: Pianoforte, Pianoforte Duet, Theory of Music 2025-27, Modern Pianoforte; accessed 2026-10-09",5,,Latin American,,"1, 2, Cha Cha Cha",,,"HUNTER, G. All That Jazz (ANZCA) [Improvisation required]",,67
ANZCA Modern,"Examination Syllabus: Pianoforte, Pianoforte Duet, Theory of Music 2025-27, Modern Pianoforte; accessed 2026-10-09",5,,Latin American,,Salsa Picante,,,"KLOSE, C. Single sheet: (sheetmusicplus.com, et al)",,67
ANZCA Modern,"Examination Syllabus: Pianoforte, Pianoforte Duet, Theory of Music 2025-27, Modern Pianoforte; accessed 2026-10-09",5,,Latin American,,Another Day of Sun,HL00283691,,La La Land for Piano Solo (Hal Leonard HL00283691),,67
ANZCA Modern,"Examination Syllabus: Pianoforte, Pianoforte Duet, Theory of Music 2025-27, Modern Pianoforte; accessed 2026-10-09",5,,Latin American,,Boxed In,HL00399006,,"NORTON, C. American Popular Piano – Repertoire Level 6 (Novus Via Music Group/Hal Leonard HL00399006)",,67
ANZCA Modern,"Examination Syllabus: Pianoforte, Pianoforte Duet, Theory of Music 2025-27, Modern Pianoforte; accessed 2026-10-09",5,,Latin American,,In the Desert,HL00399006,,"NORTON, C. American Popular Piano – Repertoire Level 6 (Novus Via Music Group/Hal Leonard HL00399006)",,67
ANZCA Modern,"Examination Syllabus: Pianoforte, Pianoforte Duet, Theory of Music 2025-27, Modern Pianoforte; accessed 2026-10-09",5,,Latin American,,To the Stars,HL00399006,,"NORTON, C. American Popular Piano – Repertoire Level 6 (Novus Via Music Group/Hal Leonard HL00399006)",,67
ANZCA Modern,"Examination Syllabus: Pianoforte, Pianoforte Duet, Theory of Music 2025-27, Modern Pianoforte; accessed 2026-10-09",5,,Latin American,,A Bird in the Hand,HL00399007,,A.P.P. – Repertoire Level 7 (HL00399007),,67
ANZCA Modern,"Examination Syllabus: Pianoforte, Pianoforte Duet, Theory of Music 2025-27, Modern Pianoforte; accessed 2026-10-09",5,,Latin American,,Mysterious Stranger,9781908500144,,Connections 5 for Piano (80 Days Pub./Hal Leonard 9781908500144),,67
ANZCA Modern,"Examination Syllabus: Pianoforte, Pianoforte Duet, Theory of Music 2025-27, Modern Pianoforte; accessed 2026-10-09",5,,Latin American,,Bahama Beach,9781908500151,,Connections 6 for Piano (H.L. 9781908500151),,67
ANZCA Modern,"Examination Syllabus: Pianoforte, Pianoforte Duet, Theory of Music 2025-27, Modern Pianoforte; accessed 2026-10-09",5,,Latin American,,Upside,9781908500151,,Connections 6 for Piano (H.L. 9781908500151),,67
ANZCA Modern,"Examination Syllabus: Pianoforte, Pianoforte Duet, Theory of Music 2025-27, Modern Pianoforte; accessed 2026-10-09",5,,Latin American,,A Cool Night,L 9781908500168,,Connections 7 for Piano (H.L 9781908500168),,67
ANZCA Modern,"Examination Syllabus: Pianoforte, Pianoforte Duet, Theory of Music 2025-27, Modern Pianoforte; accessed 2026-10-09",5,,Latin American,,Fantasy Bossa,L 9781908500168,,Connections 7 for Piano (H.L 9781908500168),,67
ANZCA Modern,"Examination Syllabus: Pianoforte, Pianoforte Duet, Theory of Music 2025-27, Modern Pianoforte; accessed 2026-10-09",5,,Latin American,,In Spain,9781908500175,,Connections 8 for Piano (H.L. 9781908500175),,67
ANZCA Modern,"Examination Syllabus: Pianoforte, Pianoforte Duet, Theory of Music 2025-27, Modern Pianoforte; accessed 2026-10-09",5,,Latin American,,"no. 11, Dreaming On",M060116384,,"Rock Preludes Collection (Boosey & Hawkes M060116384) [backing track recommended, but not  mandatory]",,67
ANZCA Modern,"Examination Syllabus: Pianoforte, Pianoforte Duet, Theory of Music 2025-27, Modern Pianoforte; accessed 2026-10-09",5,,Latin American,,The Girl from Ipanema,HL00110218,,"SISKIND, J. The Magic of Standards (Hal Leonard HL00110218)",,67
ANZCA Modern,"Examination Syllabus: Pianoforte, Pianoforte Duet, Theory of Music 2025-27, Modern Pianoforte; accessed 2026-10-09",5,,Jazz and Popular Standards,,Cool Jam,,,ANZCA Modern Pianoforte Series 2 – Grade Five (ANZCA),,67
ANZCA Modern,"Examination Syllabus: Pianoforte, Pianoforte Duet, Theory of Music 2025-27, Modern Pianoforte; accessed 2026-10-09",5,,Jazz and Popular Standards,,Solid,,,ANZCA Modern Pianoforte Series 2 – Grade Five (ANZCA),,67
ANZCA Modern,"Examination Syllabus: Pianoforte, Pianoforte Duet, Theory of Music 2025-27, Modern Pianoforte; accessed 2026-10-09",5,,Jazz and Popular Standards,,Time’s Up,,,ANZCA Modern Pianoforte Series 2 – Grade Five (ANZCA),,67
ANZCA Modern,"Examination Syllabus: Pianoforte, Pianoforte Duet, Theory of Music 2025-27, Modern Pianoforte; accessed 2026-10-09",5,,Jazz and Popular Standards,,Blue Waltz,YK21020,,"AGAY, D. Joy of Boogie and Blues Book 1, The (Yorktown Press YK21020/Music Sales)",,67
ANZCA Modern,"Examination Syllabus: Pianoforte, Pianoforte Duet, Theory of Music 2025-27, Modern Pianoforte; accessed 2026-10-09",5,,Jazz and Popular Standards,,Jazz Ostinato,YK21020,,"AGAY, D. Joy of Boogie and Blues Book 1, The (Yorktown Press YK21020/Music Sales)",,67
ANZCA Modern,"Examination Syllabus: Pianoforte, Pianoforte Duet, Theory of Music 2025-27, Modern Pianoforte; accessed 2026-10-09",5,,Jazz and Popular Standards,,Ev’ry Night,YK21087,,"Joy of Jazz, The (YK21087)",,67
ANZCA Modern,"Examination Syllabus: Pianoforte, Pianoforte Duet, Theory of Music 2025-27, Modern Pianoforte; accessed 2026-10-09",5,,Jazz and Popular Standards,,Lop-Pow,YK21087,,"Joy of Jazz, The (YK21087)",,67
ANZCA Modern,"Examination Syllabus: Pianoforte, Pianoforte Duet, Theory of Music 2025-27, Modern Pianoforte; accessed 2026-10-09",5,,Jazz and Popular Standards,,Willy the Weeper,YK21087,,"Joy of Jazz, The (YK21087)",,67
ANZCA Modern,"Examination Syllabus: Pianoforte, Pianoforte Duet, Theory of Music 2025-27, Modern Pianoforte; accessed 2026-10-09",5,,Jazz and Popular Standards,,52nd Street Theme,YK21087,,"Joy of Jazz, The (YK21087)",,67
ANZCA Modern,"Examination Syllabus: Pianoforte, Pianoforte Duet, Theory of Music 2025-27, Modern Pianoforte; accessed 2026-10-09",5,,Jazz and Popular Standards,,Dizzy’s Dilemma,YK21384,,"AGAY, D. Joy of Jazz Book 2, The (Yorktown Press YK21384/Music Sales)",,68
ANZCA Modern,"Examination Syllabus: Pianoforte, Pianoforte Duet, Theory of Music 2025-27, Modern Pianoforte; accessed 2026-10-09",5,,Jazz and Popular Standards,,Mighty Fine,YK21384,,"AGAY, D. Joy of Jazz Book 2, The (Yorktown Press YK21384/Music Sales)",,68
ANZCA Modern,"Examination Syllabus: Pianoforte, Pianoforte Duet, Theory of Music 2025-27, Modern Pianoforte; accessed 2026-10-09",5,,Jazz and Popular Standards,,Time’s Up,,,"BAILEY,  K. Jazzin’ Around 5 (kerinbailey.com.au, or through Hal Leonard)",,68
ANZCA Modern,"Examination Syllabus: Pianoforte, Pianoforte Duet, Theory of Music 2025-27, Modern Pianoforte; accessed 2026-10-09",5,,Jazz and Popular Standards,Kusik & Rota,Speak Softly Love,A0.903028,,Single sheet arrangement: (sheetmusicplus.com A0.903028),,68
ANZCA Modern,"Examination Syllabus: Pianoforte, Pianoforte Duet, Theory of Music 2025-27, Modern Pianoforte; accessed 2026-10-09",5,,Jazz and Popular Standards,,18. Jazz Hiccups,,,"BELL, A. My Quirky Notebook (Editions Musica Ferrum)",,68
ANZCA Modern,"Examination Syllabus: Pianoforte, Pianoforte Duet, Theory of Music 2025-27, Modern Pianoforte; accessed 2026-10-09",5,,Jazz and Popular Standards,,Wistful Prelude,UE19363,,"BONSOR, B. Jazzy Piano 2 for Young Players (Universal UE19363)",,68
ANZCA Modern,"Examination Syllabus: Pianoforte, Pianoforte Duet, Theory of Music 2025-27, Modern Pianoforte; accessed 2026-10-09",5,,Jazz and Popular Standards,,Missy Moo,,,"CRAGGS, A. Single sheet: (ANZCA)",,68
ANZCA Modern,"Examination Syllabus: Pianoforte, Pianoforte Duet, Theory of Music 2025-27, Modern Pianoforte; accessed 2026-10-09",5,,Jazz and Popular Standards,,Autumn Leaves,HL00312523,,Favorite Pop Piano Solos (Hal Leonard HL00312523),,68
ANZCA Modern,"Examination Syllabus: Pianoforte, Pianoforte Duet, Theory of Music 2025-27, Modern Pianoforte; accessed 2026-10-09",5,,Jazz and Popular Standards,,Heart and Soul,HL00312523,,Favorite Pop Piano Solos (Hal Leonard HL00312523),,68
ANZCA Modern,"Examination Syllabus: Pianoforte, Pianoforte Duet, Theory of Music 2025-27, Modern Pianoforte; accessed 2026-10-09",5,,Jazz and Popular Standards,,Blue Moon,AM25982,,"Genius of André Previn, The (Wise AM25982/Music Sales)",,68
ANZCA Modern,"Examination Syllabus: Pianoforte, Pianoforte Duet, Theory of Music 2025-27, Modern Pianoforte; accessed 2026-10-09",5,,Jazz and Popular Standards,,How About You?,AM25982,,"Genius of André Previn, The (Wise AM25982/Music Sales)",,68
ANZCA Modern,"Examination Syllabus: Pianoforte, Pianoforte Duet, Theory of Music 2025-27, Modern Pianoforte; accessed 2026-10-09",5,,Jazz and Popular Standards,,I Got It Bad (and That Ain’t Good),AM25982,,"Genius of André Previn, The (Wise AM25982/Music Sales)",,68
ANZCA Modern,"Examination Syllabus: Pianoforte, Pianoforte Duet, Theory of Music 2025-27, Modern Pianoforte; accessed 2026-10-09",5,,Jazz and Popular Standards,,I’m in the Mood for Love,AM25982,,"Genius of André Previn, The (Wise AM25982/Music Sales)",,68
ANZCA Modern,"Examination Syllabus: Pianoforte, Pianoforte Duet, Theory of Music 2025-27, Modern Pianoforte; accessed 2026-10-09",5,,Jazz and Popular Standards,,Laura,AM25982,,"Genius of André Previn, The (Wise AM25982/Music Sales)",,68
ANZCA Modern,"Examination Syllabus: Pianoforte, Pianoforte Duet, Theory of Music 2025-27, Modern Pianoforte; accessed 2026-10-09",5,,Jazz and Popular Standards,,Taking a Chance on Love,AM25982,,"Genius of André Previn, The (Wise AM25982/Music Sales)",,68
ANZCA Modern,"Examination Syllabus: Pianoforte, Pianoforte Duet, Theory of Music 2025-27, Modern Pianoforte; accessed 2026-10-09",5,,Jazz and Popular Standards,,Whispering,AM25982,,"Genius of André Previn, The (Wise AM25982/Music Sales)",,68
ANZCA Modern,"Examination Syllabus: Pianoforte, Pianoforte Duet, Theory of Music 2025-27, Modern Pianoforte; accessed 2026-10-09",5,,Jazz and Popular Standards,,Ain’t Misbehavin’,00-TPF0120,,"Genius of Thomas “Fats” Waller, The (Alfred 00-TPF0120)",,68
ANZCA Modern,"Examination Syllabus: Pianoforte, Pianoforte Duet, Theory of Music 2025-27, Modern Pianoforte; accessed 2026-10-09",5,,Jazz and Popular Standards,,Cocovana,,,"HUNTER, G. All That Jazz (ANZCA) [Improvisation required]",,68
ANZCA Modern,"Examination Syllabus: Pianoforte, Pianoforte Duet, Theory of Music 2025-27, Modern Pianoforte; accessed 2026-10-09",5,,Jazz and Popular Standards,,On Broadway,HL00311786,,Jazz Piano Solos Volume 8 – Jazz Pop (Hal Leonard HL00311786),,68
ANZCA Modern,"Examination Syllabus: Pianoforte, Pianoforte Duet, Theory of Music 2025-27, Modern Pianoforte; accessed 2026-10-09",5,,Jazz and Popular Standards,,City of Stars,HL00283691,,La La Land for Piano Solo (Hal Leonard HL00283691),,68
ANZCA Modern,"Examination Syllabus: Pianoforte, Pianoforte Duet, Theory of Music 2025-27, Modern Pianoforte; accessed 2026-10-09",5,,Jazz and Popular Standards,,Epilogue,HL00283691,,La La Land for Piano Solo (Hal Leonard HL00283691),,68
ANZCA Modern,"Examination Syllabus: Pianoforte, Pianoforte Duet, Theory of Music 2025-27, Modern Pianoforte; accessed 2026-10-09",5,,Jazz and Popular Standards,,Someone in the Crowd,HL00283691,,La La Land for Piano Solo (Hal Leonard HL00283691),,68
ANZCA Modern,"Examination Syllabus: Pianoforte, Pianoforte Duet, Theory of Music 2025-27, Modern Pianoforte; accessed 2026-10-09",5,,Jazz and Popular Standards,,Mr. Trumpet Man,00-18770,,"MIER, M. Jazz, Rags & Blues – Book 4 (Alfred 00-18770)",,68
ANZCA Modern,"Examination Syllabus: Pianoforte, Pianoforte Duet, Theory of Music 2025-27, Modern Pianoforte; accessed 2026-10-09",5,,Jazz and Popular Standards,,Jazz Finale,00-32715,,J.R.&B. – Book 5 (00-32715),,68
ANZCA Modern,"Examination Syllabus: Pianoforte, Pianoforte Duet, Theory of Music 2025-27, Modern Pianoforte; accessed 2026-10-09",5,,Jazz and Popular Standards,,Opening Night Jazz,00-32715,,J.R.&B. – Book 5 (00-32715),,68
ANZCA Modern,"Examination Syllabus: Pianoforte, Pianoforte Duet, Theory of Music 2025-27, Modern Pianoforte; accessed 2026-10-09",5,,Jazz and Popular Standards,,Autumn Stroll,HL00399006,,"NORTON, C. American Popular Piano – Repertoire Level 6 (Novus Via Music Group/Hal Leonard HL00399006)",,68
ANZCA Modern,"Examination Syllabus: Pianoforte, Pianoforte Duet, Theory of Music 2025-27, Modern Pianoforte; accessed 2026-10-09",5,,Jazz and Popular Standards,,Alameda,HL00399007,,"A.P.P. – Repertoire Level 7 (HL00399007) [solo part, backing track required]",,68
ANZCA Modern,"Examination Syllabus: Pianoforte, Pianoforte Duet, Theory of Music 2025-27, Modern Pianoforte; accessed 2026-10-09",5,,Jazz and Popular Standards,,Chance Encounter,HL00399008,,"NORTON, C. American Popular Piano – Repertoire Level 8 (Novus Via Music Group/Hal Leonard HL00399008)",,68
ANZCA Modern,"Examination Syllabus: Pianoforte, Pianoforte Duet, Theory of Music 2025-27, Modern Pianoforte; accessed 2026-10-09",5,,Jazz and Popular Standards,,At the Rodeo,9781908500168,,Connections 7 for Piano (80 Days Pub./Hal Leonard 9781908500168),,68
ANZCA Modern,"Examination Syllabus: Pianoforte, Pianoforte Duet, Theory of Music 2025-27, Modern Pianoforte; accessed 2026-10-09",5,,Jazz and Popular Standards,,On a Swing,9781908500168,,Connections 7 for Piano (80 Days Pub./Hal Leonard 9781908500168),,68
ANZCA Modern,"Examination Syllabus: Pianoforte, Pianoforte Duet, Theory of Music 2025-27, Modern Pianoforte; accessed 2026-10-09",5,,Jazz and Popular Standards,,Cause for Rejoicing,9781908500175,,Connections 8 for Piano (H.L. 9781908500175),,68
ANZCA Modern,"Examination Syllabus: Pianoforte, Pianoforte Duet, Theory of Music 2025-27, Modern Pianoforte; accessed 2026-10-09",5,,Jazz and Popular Standards,,"Jesus, Priceless Treasure",HL00198473,,"Phillip Keveren Series, The – Bach Meets Jazz (Hal Leonard HL00198473)",,68
ANZCA Modern,"Examination Syllabus: Pianoforte, Pianoforte Duet, Theory of Music 2025-27, Modern Pianoforte; accessed 2026-10-09",5,,Jazz and Popular Standards,,Little Prelude in D Minor,HL00198473,,"Phillip Keveren Series, The – Bach Meets Jazz (Hal Leonard HL00198473)",,68
ANZCA Modern,"Examination Syllabus: Pianoforte, Pianoforte Duet, Theory of Music 2025-27, Modern Pianoforte; accessed 2026-10-09",5,,Jazz and Popular Standards,,March in D Major,HL00198473,,"Phillip Keveren Series, The – Bach Meets Jazz (Hal Leonard HL00198473)",,68
ANZCA Modern,"Examination Syllabus: Pianoforte, Pianoforte Duet, Theory of Music 2025-27, Modern Pianoforte; accessed 2026-10-09",5,,Jazz and Popular Standards,,Menuet in G Major,HL00198473,,"Phillip Keveren Series, The – Bach Meets Jazz (Hal Leonard HL00198473)",,68
ANZCA Modern,"Examination Syllabus: Pianoforte, Pianoforte Duet, Theory of Music 2025-27, Modern Pianoforte; accessed 2026-10-09",5,,Jazz and Popular Standards,,Menuet in G Minor,HL00198473,,"Phillip Keveren Series, The – Bach Meets Jazz (Hal Leonard HL00198473)",,68
ANZCA Modern,"Examination Syllabus: Pianoforte, Pianoforte Duet, Theory of Music 2025-27, Modern Pianoforte; accessed 2026-10-09",5,,Jazz and Popular Standards,,Eva’s Showstopper,,,"ROBINSON, A. Notes on a Neighbourhood (flyingivoriesmusic.com.au)",,68
ANZCA Modern,"Examination Syllabus: Pianoforte, Pianoforte Duet, Theory of Music 2025-27, Modern Pianoforte; accessed 2026-10-09",5,,Jazz and Popular Standards,,Do-Re-Mi,HL00313214,,RODGERS & HAMMERSTEIN. The Sound of Music – Piano Solo Selections (Hal Leonard HL00313214),,68
ANZCA Modern,"Examination Syllabus: Pianoforte, Pianoforte Duet, Theory of Music 2025-27, Modern Pianoforte; accessed 2026-10-09",5,,Jazz and Popular Standards,,Laura,HL00110218,,"SISKIND, J. The Magic of Standards (Hal Leonard HL00110218)",,68
ANZCA Modern,"Examination Syllabus: Pianoforte, Pianoforte Duet, Theory of Music 2025-27, Modern Pianoforte; accessed 2026-10-09",5,,Jazz and Popular Standards,,Wouldn’t It Be Loverly,HL00110218,,"SISKIND, J. The Magic of Standards (Hal Leonard HL00110218)",,68
ANZCA Modern,"Examination Syllabus: Pianoforte, Pianoforte Duet, Theory of Music 2025-27, Modern Pianoforte; accessed 2026-10-09",5,,Jazz and Popular Standards,,I’ll Remember April,ATJ305,,Solos for Jazz Piano (Carl Fischer ATJ305),,68
ANZCA Modern,"Examination Syllabus: Pianoforte, Pianoforte Duet, Theory of Music 2025-27, Modern Pianoforte; accessed 2026-10-09",5,,Jazz and Popular Standards,,Taboo,ATJ305,,Solos for Jazz Piano (Carl Fischer ATJ305),,68
ANZCA Modern,"Examination Syllabus: Pianoforte, Pianoforte Duet, Theory of Music 2025-27, Modern Pianoforte; accessed 2026-10-09",5,,Jazz and Popular Standards,,Miss Hippy,,,"URQUHART-JONES, D. Moovin’ ’n Groovin’ (Encore Music Dist.:  encoremusic.com.au)",,68
ANZCA Modern,"Examination Syllabus: Pianoforte, Pianoforte Duet, Theory of Music 2025-27, Modern Pianoforte; accessed 2026-10-09",5,,Jazz and Popular Standards,,no. 2 – So What Little Prelude in F Major,,,"WILKINS, K. So What Bach (Wirripang:  australiancomposers.com.au)",,68
ANZCA Modern,"Examination Syllabus: Pianoforte, Pianoforte Duet, Theory of Music 2025-27, Modern Pianoforte; accessed 2026-10-09",5,,Jazz and Popular Standards,,no. 6 – So What Prelude in C Major,,,"WILKINS, K. So What Bach (Wirripang:  australiancomposers.com.au)",,68
ANZCA Modern,"Examination Syllabus: Pianoforte, Pianoforte Duet, Theory of Music 2025-27, Modern Pianoforte; accessed 2026-10-09",6,,Pop and Rock,,East Meets West,,,ANZCA Modern Pianoforte Series 2 – Grade Six (ANZCA),,70
ANZCA Modern,"Examination Syllabus: Pianoforte, Pianoforte Duet, Theory of Music 2025-27, Modern Pianoforte; accessed 2026-10-09",6,,Pop and Rock,,Morning Song,,,ANZCA Modern Pianoforte Series 2 – Grade Six (ANZCA),,70
ANZCA Modern,"Examination Syllabus: Pianoforte, Pianoforte Duet, Theory of Music 2025-27, Modern Pianoforte; accessed 2026-10-09",6,,Pop and Rock,,Song for Trixie,,,ANZCA Modern Pianoforte Series 2 – Grade Six (ANZCA),,70
ANZCA Modern,"Examination Syllabus: Pianoforte, Pianoforte Duet, Theory of Music 2025-27, Modern Pianoforte; accessed 2026-10-09",6,,Pop and Rock,,Turning Tables,HL00159590,arr. M. Rejino.,Adele (Hal Leonard HL00159590),,70
ANZCA Modern,"Examination Syllabus: Pianoforte, Pianoforte Duet, Theory of Music 2025-27, Modern Pianoforte; accessed 2026-10-09",6,,Pop and Rock,,Memory,YK21632,,"AGAY, D. Joy of Musicals, The (Yorktown Press YK21632/Music Sales)",,70
ANZCA Modern,"Examination Syllabus: Pianoforte, Pianoforte Duet, Theory of Music 2025-27, Modern Pianoforte; accessed 2026-10-09",6,,Pop and Rock,,On My Own,YK21632,,"AGAY, D. Joy of Musicals, The (Yorktown Press YK21632/Music Sales)",,70
ANZCA Modern,"Examination Syllabus: Pianoforte, Pianoforte Duet, Theory of Music 2025-27, Modern Pianoforte; accessed 2026-10-09",6,,Pop and Rock,,Always and Forever,00-35190,,"ALEXANDER, D. Especially in Jazzy Style, Book 3 (Alfred 00-35190)",,70
ANZCA Modern,"Examination Syllabus: Pianoforte, Pianoforte Duet, Theory of Music 2025-27, Modern Pianoforte; accessed 2026-10-09",6,,Pop and Rock,,In My Own Space,00-35190,,"ALEXANDER, D. Especially in Jazzy Style, Book 3 (Alfred 00-35190)",,70
ANZCA Modern,"Examination Syllabus: Pianoforte, Pianoforte Duet, Theory of Music 2025-27, Modern Pianoforte; accessed 2026-10-09",6,,Pop and Rock,,Don’t Cry For Me Argentina,HL00292001,,Andrew Lloyd Webber Piano Solos (Hal Leonard HL00292001),,70
ANZCA Modern,"Examination Syllabus: Pianoforte, Pianoforte Duet, Theory of Music 2025-27, Modern Pianoforte; accessed 2026-10-09",6,,Pop and Rock,,I Don’t Know How to Love Him,HL00292001,,Andrew Lloyd Webber Piano Solos (Hal Leonard HL00292001),,70
ANZCA Modern,"Examination Syllabus: Pianoforte, Pianoforte Duet, Theory of Music 2025-27, Modern Pianoforte; accessed 2026-10-09",6,,Pop and Rock,,Desiree,,,"ARNOLD, G. Single sheets: (grantarnold.com/shop)",,70
ANZCA Modern,"Examination Syllabus: Pianoforte, Pianoforte Duet, Theory of Music 2025-27, Modern Pianoforte; accessed 2026-10-09",6,,Pop and Rock,,Looking Back,,,"ARNOLD, G. Single sheets: (grantarnold.com/shop)",,70
ANZCA Modern,"Examination Syllabus: Pianoforte, Pianoforte Duet, Theory of Music 2025-27, Modern Pianoforte; accessed 2026-10-09",6,,Pop and Rock,,Melody Romantique (full version),,,"ARNOLD, G. Single sheets: (grantarnold.com/shop)",,70
ANZCA Modern,"Examination Syllabus: Pianoforte, Pianoforte Duet, Theory of Music 2025-27, Modern Pianoforte; accessed 2026-10-09",6,,Pop and Rock,,Morning Song,,,"BAILEY, K. Jazzin’ Around 4 (kerinbailey.com.au, or through Hal Leonard)",,70
ANZCA Modern,"Examination Syllabus: Pianoforte, Pianoforte Duet, Theory of Music 2025-27, Modern Pianoforte; accessed 2026-10-09",6,,Pop and Rock,,May You Always,00-AF9948,,Dan Coates Complete Advanced Piano Solos – Music for All Occasions (Alfred 00-AF9948),,70
ANZCA Modern,"Examination Syllabus: Pianoforte, Pianoforte Duet, Theory of Music 2025-27, Modern Pianoforte; accessed 2026-10-09",6,,Pop and Rock,,The Rose,00-AF9948,,Dan Coates Complete Advanced Piano Solos – Music for All Occasions (Alfred 00-AF9948),,70
ANZCA Modern,"Examination Syllabus: Pianoforte, Pianoforte Duet, Theory of Music 2025-27, Modern Pianoforte; accessed 2026-10-09",6,,Pop and Rock,,Star Wars (Main Theme),00-AF9948,,Dan Coates Complete Advanced Piano Solos – Music for All Occasions (Alfred 00-AF9948),,70
ANZCA Modern,"Examination Syllabus: Pianoforte, Pianoforte Duet, Theory of Music 2025-27, Modern Pianoforte; accessed 2026-10-09",6,,Pop and Rock,,I Got You (I Feel Good),CH61278,,Dance Style File (Chester CH61278/Music Sales),,70
ANZCA Modern,"Examination Syllabus: Pianoforte, Pianoforte Duet, Theory of Music 2025-27, Modern Pianoforte; accessed 2026-10-09",6,,Pop and Rock,,A Whole New World,HL00313128,,Disney Piano Solos (Hal Leonard HL00313128),,70
ANZCA Modern,"Examination Syllabus: Pianoforte, Pianoforte Duet, Theory of Music 2025-27, Modern Pianoforte; accessed 2026-10-09",6,,Pop and Rock,,Cosmoses,,,"EUSTACE, B. Fusion (bradleyeustace.com/anzca)",,70
ANZCA Modern,"Examination Syllabus: Pianoforte, Pianoforte Duet, Theory of Music 2025-27, Modern Pianoforte; accessed 2026-10-09",6,,Pop and Rock,,Let It Be,HL00312523,,Favorite Pop Piano Solos (Hal Leonard HL00312523),,70
ANZCA Modern,"Examination Syllabus: Pianoforte, Pianoforte Duet, Theory of Music 2025-27, Modern Pianoforte; accessed 2026-10-09",6,,Pop and Rock,,Time to Say Goodbye,HL00312523,,Favorite Pop Piano Solos (Hal Leonard HL00312523),,70
ANZCA Modern,"Examination Syllabus: Pianoforte, Pianoforte Duet, Theory of Music 2025-27, Modern Pianoforte; accessed 2026-10-09",6,,Pop and Rock,,For the First Time in Forever,HL00128220,,Frozen – Piano Solo (Hal Leonard HL00128220),,70
ANZCA Modern,"Examination Syllabus: Pianoforte, Pianoforte Duet, Theory of Music 2025-27, Modern Pianoforte; accessed 2026-10-09",6,,Pop and Rock,,Battlefield Theme,HL00201767,,"Greatest Video Game Music, The (Hal Leonard HL00201767)",,70
ANZCA Modern,"Examination Syllabus: Pianoforte, Pianoforte Duet, Theory of Music 2025-27, Modern Pianoforte; accessed 2026-10-09",6,,Pop and Rock,,Bounty Hunter (from Advent Rising),HL00201767,,"Greatest Video Game Music, The (Hal Leonard HL00201767)",,70
ANZCA Modern,"Examination Syllabus: Pianoforte, Pianoforte Duet, Theory of Music 2025-27, Modern Pianoforte; accessed 2026-10-09",6,,Pop and Rock,,Dragonborn (Skyrim Theme),HL00201767,,"Greatest Video Game Music, The (Hal Leonard HL00201767)",,70
ANZCA Modern,"Examination Syllabus: Pianoforte, Pianoforte Duet, Theory of Music 2025-27, Modern Pianoforte; accessed 2026-10-09",6,,Pop and Rock,,Eyes on Me (from Final Fantasy VIII),HL00201767,,"Greatest Video Game Music, The (Hal Leonard HL00201767)",,70
ANZCA Modern,"Examination Syllabus: Pianoforte, Pianoforte Duet, Theory of Music 2025-27, Modern Pianoforte; accessed 2026-10-09",6,,Pop and Rock,,Main Theme from Final Fantasy I,HL00201767,,"Greatest Video Game Music, The (Hal Leonard HL00201767)",,70
ANZCA Modern,"Examination Syllabus: Pianoforte, Pianoforte Duet, Theory of Music 2025-27, Modern Pianoforte; accessed 2026-10-09",6,,Pop and Rock,,Main Theme from Final Fantasy III,HL00201767,,"Greatest Video Game Music, The (Hal Leonard HL00201767)",,70
ANZCA Modern,"Examination Syllabus: Pianoforte, Pianoforte Duet, Theory of Music 2025-27, Modern Pianoforte; accessed 2026-10-09",6,,Pop and Rock,,Mass Effect: Suicide Mission,HL00201767,,"Greatest Video Game Music, The (Hal Leonard HL00201767)",,70
ANZCA Modern,"Examination Syllabus: Pianoforte, Pianoforte Duet, Theory of Music 2025-27, Modern Pianoforte; accessed 2026-10-09",6,,Pop and Rock,,Megalovania (from Undertale),HL00201767,,"Greatest Video Game Music, The (Hal Leonard HL00201767)",,70
ANZCA Modern,"Examination Syllabus: Pianoforte, Pianoforte Duet, Theory of Music 2025-27, Modern Pianoforte; accessed 2026-10-09",6,,Pop and Rock,,Overture (from God of War III),HL00201767,,"Greatest Video Game Music, The (Hal Leonard HL00201767)",,70
ANZCA Modern,"Examination Syllabus: Pianoforte, Pianoforte Duet, Theory of Music 2025-27, Modern Pianoforte; accessed 2026-10-09",6,,Pop and Rock,,Ashitaka and San (from Princess Mononoke),179017,,"HISAISHI, J. Ghibli Best Stories (Hal Leonard/Zen-On 179017)",,70
ANZCA Modern,"Examination Syllabus: Pianoforte, Pianoforte Duet, Theory of Music 2025-27, Modern Pianoforte; accessed 2026-10-09",6,,Pop and Rock,,One Summer’s Day (from Spirited Away),179017,,"HISAISHI, J. Ghibli Best Stories (Hal Leonard/Zen-On 179017)",,70
ANZCA Modern,"Examination Syllabus: Pianoforte, Pianoforte Duet, Theory of Music 2025-27, Modern Pianoforte; accessed 2026-10-09",6,,Pop and Rock,,"The Road to the Valley (from Nausicaä), p.30",179017,,"HISAISHI, J. Ghibli Best Stories (Hal Leonard/Zen-On 179017)",,70
ANZCA Modern,"Examination Syllabus: Pianoforte, Pianoforte Duet, Theory of Music 2025-27, Modern Pianoforte; accessed 2026-10-09",6,,Pop and Rock,,Ten-Bar Turnover,,,"HUNTER, G. All That Jazz (ANZCA) [Improvisation required]",,70
ANZCA Modern,"Examination Syllabus: Pianoforte, Pianoforte Duet, Theory of Music 2025-27, Modern Pianoforte; accessed 2026-10-09",6,,Pop and Rock,,Blackbird,HL00119302,,Jazz Piano Solos Volume 28 – The Beatles (Hal Leonard HL00119302),,70
ANZCA Modern,"Examination Syllabus: Pianoforte, Pianoforte Duet, Theory of Music 2025-27, Modern Pianoforte; accessed 2026-10-09",6,,Pop and Rock,,Good Night,HL00119302,,Jazz Piano Solos Volume 28 – The Beatles (Hal Leonard HL00119302),,70
ANZCA Modern,"Examination Syllabus: Pianoforte, Pianoforte Duet, Theory of Music 2025-27, Modern Pianoforte; accessed 2026-10-09",6,,Pop and Rock,,Can You Feel the Love Tonight,HL00306040,,"JOHN, E. The Elton John Collection (Hal Leonard HL00306040)",,70
ANZCA Modern,"Examination Syllabus: Pianoforte, Pianoforte Duet, Theory of Music 2025-27, Modern Pianoforte; accessed 2026-10-09",6,,Pop and Rock,,Candle in the Wind,HL00306040,,"JOHN, E. The Elton John Collection (Hal Leonard HL00306040)",,70
ANZCA Modern,"Examination Syllabus: Pianoforte, Pianoforte Duet, Theory of Music 2025-27, Modern Pianoforte; accessed 2026-10-09",6,,Pop and Rock,,I Guess That’s Why They Call It the Blues,HL00306040,,"JOHN, E. The Elton John Collection (Hal Leonard HL00306040)",,70
ANZCA Modern,"Examination Syllabus: Pianoforte, Pianoforte Duet, Theory of Music 2025-27, Modern Pianoforte; accessed 2026-10-09",6,,Pop and Rock,,Your Song,HL00306040,,"JOHN, E. The Elton John Collection (Hal Leonard HL00306040)",,70
ANZCA Modern,"Examination Syllabus: Pianoforte, Pianoforte Duet, Theory of Music 2025-27, Modern Pianoforte; accessed 2026-10-09",6,,Pop and Rock,,Mia and Sebastian’s Theme,HL00283691,,La La Land for Piano Solo (Hal Leonard HL00283691),,70
ANZCA Modern,"Examination Syllabus: Pianoforte, Pianoforte Duet, Theory of Music 2025-27, Modern Pianoforte; accessed 2026-10-09",6,,Pop and Rock,,Planetarium,HL00283691,,La La Land for Piano Solo (Hal Leonard HL00283691),,70
ANZCA Modern,"Examination Syllabus: Pianoforte, Pianoforte Duet, Theory of Music 2025-27, Modern Pianoforte; accessed 2026-10-09",6,,Pop and Rock,,Start a Fire,HL00283691,,La La Land for Piano Solo (Hal Leonard HL00283691),,70
ANZCA Modern,"Examination Syllabus: Pianoforte, Pianoforte Duet, Theory of Music 2025-27, Modern Pianoforte; accessed 2026-10-09",6,,Pop and Rock,,Angel of Music,HL00360830,,"LLOYD WEBBER, A. Phantom of the Opera, The (Hal Leonard HL00360830)",,70
ANZCA Modern,"Examination Syllabus: Pianoforte, Pianoforte Duet, Theory of Music 2025-27, Modern Pianoforte; accessed 2026-10-09",6,,Pop and Rock,,The Music of the Night,HL00360830,,"LLOYD WEBBER, A. Phantom of the Opera, The (Hal Leonard HL00360830)",,70
ANZCA Modern,"Examination Syllabus: Pianoforte, Pianoforte Duet, Theory of Music 2025-27, Modern Pianoforte; accessed 2026-10-09",6,,Pop and Rock,,The Phantom of the Opera,HL00360830,,"LLOYD WEBBER, A. Phantom of the Opera, The (Hal Leonard HL00360830)",,70
ANZCA Modern,"Examination Syllabus: Pianoforte, Pianoforte Duet, Theory of Music 2025-27, Modern Pianoforte; accessed 2026-10-09",6,,Pop and Rock,,Think of Me,HL00360830,,"LLOYD WEBBER, A. Phantom of the Opera, The (Hal Leonard HL00360830)",,70
ANZCA Modern,"Examination Syllabus: Pianoforte, Pianoforte Duet, Theory of Music 2025-27, Modern Pianoforte; accessed 2026-10-09",6,,Pop and Rock,,Man About Town,HL00399007,,"NORTON, C. American Popular Piano – Repertoire Level 7 (Novus Via Music Group/Hal Leonard HL00399007) [solo piano part, played with backing track]",,70
ANZCA Modern,"Examination Syllabus: Pianoforte, Pianoforte Duet, Theory of Music 2025-27, Modern Pianoforte; accessed 2026-10-09",6,,Pop and Rock,,On the Lake,HL00399007,,"NORTON, C. American Popular Piano – Repertoire Level 7 (Novus Via Music Group/Hal Leonard HL00399007)",,70
ANZCA Modern,"Examination Syllabus: Pianoforte, Pianoforte Duet, Theory of Music 2025-27, Modern Pianoforte; accessed 2026-10-09",6,,Pop and Rock,,Another Thought,HL00399008,,A.P.P. – Repertoire Level 8 (HL00399008),,70
ANZCA Modern,"Examination Syllabus: Pianoforte, Pianoforte Duet, Theory of Music 2025-27, Modern Pianoforte; accessed 2026-10-09",6,,Pop and Rock,,Cosmopolitan,HL00399008,,A.P.P. – Repertoire Level 8 (HL00399008),,70
ANZCA Modern,"Examination Syllabus: Pianoforte, Pianoforte Duet, Theory of Music 2025-27, Modern Pianoforte; accessed 2026-10-09",6,,Pop and Rock,,Crawler,HL00399008,,A.P.P. – Repertoire Level 8 (HL00399008),,70
ANZCA Modern,"Examination Syllabus: Pianoforte, Pianoforte Duet, Theory of Music 2025-27, Modern Pianoforte; accessed 2026-10-09",6,,Pop and Rock,,Dawn,HL00399008,,"A.P.P. – Repertoire Level 8 (HL00399008) [solo piano part, played with backing track]",,70
ANZCA Modern,"Examination Syllabus: Pianoforte, Pianoforte Duet, Theory of Music 2025-27, Modern Pianoforte; accessed 2026-10-09",6,,Pop and Rock,,Hazy Day,HL00399008,,A.P.P. – Repertoire Level 8 (HL00399008),,70
ANZCA Modern,"Examination Syllabus: Pianoforte, Pianoforte Duet, Theory of Music 2025-27, Modern Pianoforte; accessed 2026-10-09",6,,Pop and Rock,,Song of Farewell,HL00399008,,A.P.P. – Repertoire Level 8 (HL00399008),,70
ANZCA Modern,"Examination Syllabus: Pianoforte, Pianoforte Duet, Theory of Music 2025-27, Modern Pianoforte; accessed 2026-10-09",6,,Pop and Rock,,Stratford Air,HL00399008,,A.P.P. – Repertoire Level 8 (HL00399008),,70
ANZCA Modern,"Examination Syllabus: Pianoforte, Pianoforte Duet, Theory of Music 2025-27, Modern Pianoforte; accessed 2026-10-09",6,,Pop and Rock,,Unhappy Ending,HL00399008,,"A.P.P. – Repertoire Level 8 (HL00399008) [solo piano part, played with backing track]",,70
ANZCA Modern,"Examination Syllabus: Pianoforte, Pianoforte Duet, Theory of Music 2025-27, Modern Pianoforte; accessed 2026-10-09",6,,Pop and Rock,,On the Alert,9781908500168,,Connections 7 for Piano (80 Days Pub./Hal Leonard 9781908500168),,70
ANZCA Modern,"Examination Syllabus: Pianoforte, Pianoforte Duet, Theory of Music 2025-27, Modern Pianoforte; accessed 2026-10-09",6,,Pop and Rock,,Top of the Class,9781908500175,,Connections 8 for Piano (H.L. 9781908500175),,70
ANZCA Modern,"Examination Syllabus: Pianoforte, Pianoforte Duet, Theory of Music 2025-27, Modern Pianoforte; accessed 2026-10-09",6,,Pop and Rock,,Hongor Mori,BH 13083,,Eastern Preludes Collection (Boosey & Hawkes BH 13083),,70
ANZCA Modern,"Examination Syllabus: Pianoforte, Pianoforte Duet, Theory of Music 2025-27, Modern Pianoforte; accessed 2026-10-09",6,,Pop and Rock,,Raiders March,HL00310607,,"Phillip Keveren Series, The – Cinema Classics (Hal Leonard HL00310607)",,70
ANZCA Modern,"Examination Syllabus: Pianoforte, Pianoforte Duet, Theory of Music 2025-27, Modern Pianoforte; accessed 2026-10-09",6,,Pop and Rock,,Ain’t No Mountain High Enough,HL00311295,,"Phillip Keveren Series, The – Motown Hits (Hal Leonard HL00311295)",,71
ANZCA Modern,"Examination Syllabus: Pianoforte, Pianoforte Duet, Theory of Music 2025-27, Modern Pianoforte; accessed 2026-10-09",6,,Pop and Rock,,Baby I Need Your Lovin’,HL00311295,,"Phillip Keveren Series, The – Motown Hits (Hal Leonard HL00311295)",,71
ANZCA Modern,"Examination Syllabus: Pianoforte, Pianoforte Duet, Theory of Music 2025-27, Modern Pianoforte; accessed 2026-10-09",6,,Pop and Rock,,Ben,HL00311295,,"Phillip Keveren Series, The – Motown Hits (Hal Leonard HL00311295)",,71
ANZCA Modern,"Examination Syllabus: Pianoforte, Pianoforte Duet, Theory of Music 2025-27, Modern Pianoforte; accessed 2026-10-09",6,,Pop and Rock,,How Sweet It Is (to be Loved by You),HL00311295,,"Phillip Keveren Series, The – Motown Hits (Hal Leonard HL00311295)",,71
ANZCA Modern,"Examination Syllabus: Pianoforte, Pianoforte Duet, Theory of Music 2025-27, Modern Pianoforte; accessed 2026-10-09",6,,Pop and Rock,,Three Times a Lady,HL00311295,,"Phillip Keveren Series, The – Motown Hits (Hal Leonard HL00311295)",,71
ANZCA Modern,"Examination Syllabus: Pianoforte, Pianoforte Duet, Theory of Music 2025-27, Modern Pianoforte; accessed 2026-10-09",6,,Pop and Rock,,You Are the Sunshine of My Life,HL00311295,,"Phillip Keveren Series, The – Motown Hits (Hal Leonard HL00311295)",,71
ANZCA Modern,"Examination Syllabus: Pianoforte, Pianoforte Duet, Theory of Music 2025-27, Modern Pianoforte; accessed 2026-10-09",6,,Pop and Rock,,Another One Bites the Dust,HL00156645,,P.K.S. – Queen for Classical Piano (HL00156645),,71
ANZCA Modern,"Examination Syllabus: Pianoforte, Pianoforte Duet, Theory of Music 2025-27, Modern Pianoforte; accessed 2026-10-09",6,,Pop and Rock,,Crazy Little Thing Called Love,HL00156645,,P.K.S. – Queen for Classical Piano (HL00156645),,71
ANZCA Modern,"Examination Syllabus: Pianoforte, Pianoforte Duet, Theory of Music 2025-27, Modern Pianoforte; accessed 2026-10-09",6,,Pop and Rock,,Killer Queen,HL00156645,,P.K.S. – Queen for Classical Piano (HL00156645),,71
ANZCA Modern,"Examination Syllabus: Pianoforte, Pianoforte Duet, Theory of Music 2025-27, Modern Pianoforte; accessed 2026-10-09",6,,Pop and Rock,,Somebody to Love,HL00156645,,P.K.S. – Queen for Classical Piano (HL00156645),,71
ANZCA Modern,"Examination Syllabus: Pianoforte, Pianoforte Duet, Theory of Music 2025-27, Modern Pianoforte; accessed 2026-10-09",6,,Pop and Rock,,Amazing Grace,AM24100,,Popular Piano Solos Book 1 (Wise AM24100/Music Sales),,71
ANZCA Modern,"Examination Syllabus: Pianoforte, Pianoforte Duet, Theory of Music 2025-27, Modern Pianoforte; accessed 2026-10-09",6,,Pop and Rock,,Danny Boy,AM24100,,Popular Piano Solos Book 1 (Wise AM24100/Music Sales),,71
ANZCA Modern,"Examination Syllabus: Pianoforte, Pianoforte Duet, Theory of Music 2025-27, Modern Pianoforte; accessed 2026-10-09",6,,Pop and Rock,,From Both Sides Now,AM24100,,Popular Piano Solos Book 1 (Wise AM24100/Music Sales),,71
ANZCA Modern,"Examination Syllabus: Pianoforte, Pianoforte Duet, Theory of Music 2025-27, Modern Pianoforte; accessed 2026-10-09",6,,Pop and Rock,,My Way,AM24100,,Popular Piano Solos Book 1 (Wise AM24100/Music Sales),,71
ANZCA Modern,"Examination Syllabus: Pianoforte, Pianoforte Duet, Theory of Music 2025-27, Modern Pianoforte; accessed 2026-10-09",6,,Pop and Rock,,Solitaire,AM24100,,Popular Piano Solos Book 1 (Wise AM24100/Music Sales),,71
ANZCA Modern,"Examination Syllabus: Pianoforte, Pianoforte Duet, Theory of Music 2025-27, Modern Pianoforte; accessed 2026-10-09",6,,Pop and Rock,,Yesterday When I was Young,AM24100,,Popular Piano Solos Book 1 (Wise AM24100/Music Sales),,71
ANZCA Modern,"Examination Syllabus: Pianoforte, Pianoforte Duet, Theory of Music 2025-27, Modern Pianoforte; accessed 2026-10-09",6,,Pop and Rock,,Your Song,AM24100,,Popular Piano Solos Book 1 (Wise AM24100/Music Sales),,71
ANZCA Modern,"Examination Syllabus: Pianoforte, Pianoforte Duet, Theory of Music 2025-27, Modern Pianoforte; accessed 2026-10-09",6,,Pop and Rock,,Close to You,AM24886,,Book 2 (AM24886),,71
ANZCA Modern,"Examination Syllabus: Pianoforte, Pianoforte Duet, Theory of Music 2025-27, Modern Pianoforte; accessed 2026-10-09",6,,Pop and Rock,,Music Box Dancer,AM24886,,Book 2 (AM24886),,71
ANZCA Modern,"Examination Syllabus: Pianoforte, Pianoforte Duet, Theory of Music 2025-27, Modern Pianoforte; accessed 2026-10-09",6,,Pop and Rock,,Song for Guy,AM24886,,Book 2 (AM24886),,71
ANZCA Modern,"Examination Syllabus: Pianoforte, Pianoforte Duet, Theory of Music 2025-27, Modern Pianoforte; accessed 2026-10-09",6,,Pop and Rock,,You Light Up My Life,AM24886,,Book 2 (AM24886),,71
ANZCA Modern,"Examination Syllabus: Pianoforte, Pianoforte Duet, Theory of Music 2025-27, Modern Pianoforte; accessed 2026-10-09",6,,Pop and Rock,,Edelweiss,HL00313214,,RODGERS & HAMMERSTEIN. The Sound of Music – Piano Solo Selections (Hal Leonard HL00313214),,71
ANZCA Modern,"Examination Syllabus: Pianoforte, Pianoforte Duet, Theory of Music 2025-27, Modern Pianoforte; accessed 2026-10-09",6,,Pop and Rock,,Send in the Clowns,MN0041342,,"SONDHEIM, S. Single sheet: (musicnotes.com MN0041342)",,71
ANZCA Modern,"Examination Syllabus: Pianoforte, Pianoforte Duet, Theory of Music 2025-27, Modern Pianoforte; accessed 2026-10-09",6,,Pop and Rock,,Gooey,,,"URQUHART-JONES, D. Four Pieces in Jazz Style and Two that Ain’t",,71
ANZCA Modern,"Examination Syllabus: Pianoforte, Pianoforte Duet, Theory of Music 2025-27, Modern Pianoforte; accessed 2026-10-09",6,,Pop and Rock,,Feintly Irish,,,Still Groovin’ (Encore Music Distributors:  encoremusic.com.au),,71
ANZCA Modern,"Examination Syllabus: Pianoforte, Pianoforte Duet, Theory of Music 2025-27, Modern Pianoforte; accessed 2026-10-09",6,,Pop and Rock,,Green Willows,,,Still Groovin’ (Encore Music Distributors:  encoremusic.com.au),,71
ANZCA Modern,"Examination Syllabus: Pianoforte, Pianoforte Duet, Theory of Music 2025-27, Modern Pianoforte; accessed 2026-10-09",6,,Pop and Rock,,Rapper,,,Still Groovin’ (Encore Music Distributors:  encoremusic.com.au),,71
ANZCA Modern,"Examination Syllabus: Pianoforte, Pianoforte Duet, Theory of Music 2025-27, Modern Pianoforte; accessed 2026-10-09",6,,Pop and Rock,,Song Without Words,,,Still Groovin’ (Encore Music Distributors:  encoremusic.com.au),,71
ANZCA Modern,"Examination Syllabus: Pianoforte, Pianoforte Duet, Theory of Music 2025-27, Modern Pianoforte; accessed 2026-10-09",6,,Blues,,Down Beat Blues,,,ANZCA Modern Pianoforte Series 2 – Grade Six (ANZCA),,71
ANZCA Modern,"Examination Syllabus: Pianoforte, Pianoforte Duet, Theory of Music 2025-27, Modern Pianoforte; accessed 2026-10-09",6,,Blues,,FM Radio Blues,,,ANZCA Modern Pianoforte Series 2 – Grade Six (ANZCA),,71
ANZCA Modern,"Examination Syllabus: Pianoforte, Pianoforte Duet, Theory of Music 2025-27, Modern Pianoforte; accessed 2026-10-09",6,,Blues,,Blues Without Words,YK21368,,"AGAY, D. Joy of Boogie and Blues Book 2, The (Yorktown Press YK21368/Music Sales)",,71
ANZCA Modern,"Examination Syllabus: Pianoforte, Pianoforte Duet, Theory of Music 2025-27, Modern Pianoforte; accessed 2026-10-09",6,,Blues,,Can’t Help Lovin’ Dat Man,YK21632,,"Joy of Musicals, The (YK21632)",,71
ANZCA Modern,"Examination Syllabus: Pianoforte, Pianoforte Duet, Theory of Music 2025-27, Modern Pianoforte; accessed 2026-10-09",6,,Blues,,Barclay Street Blues,00-35190,,"ALEXANDER, D. Especially in Jazzy Style, Book 3 (Alfred 00-35190)",,71
ANZCA Modern,"Examination Syllabus: Pianoforte, Pianoforte Duet, Theory of Music 2025-27, Modern Pianoforte; accessed 2026-10-09",6,,Blues,,Double Duty,00-35190,,"ALEXANDER, D. Especially in Jazzy Style, Book 3 (Alfred 00-35190)",,71
ANZCA Modern,"Examination Syllabus: Pianoforte, Pianoforte Duet, Theory of Music 2025-27, Modern Pianoforte; accessed 2026-10-09",6,,Blues,,Castilian Drums,00-TPF0130,,"Genius of Dave Brubeck, The – Piano Solos, Book 1 (Alfred 00-TPF0130)",,71
ANZCA Modern,"Examination Syllabus: Pianoforte, Pianoforte Duet, Theory of Music 2025-27, Modern Pianoforte; accessed 2026-10-09",6,,Blues,,Bootleg Blues,,,"HANDEL, A. Migrations in Music – Grades 5 and 6 (Wirripang:  australiancomposers.com.au)",,71
ANZCA Modern,"Examination Syllabus: Pianoforte, Pianoforte Duet, Theory of Music 2025-27, Modern Pianoforte; accessed 2026-10-09",6,,Blues,,Dreamboat Blues,,,"HANDEL, A. Migrations in Music – Grades 5 and 6 (Wirripang:  australiancomposers.com.au)",,71
ANZCA Modern,"Examination Syllabus: Pianoforte, Pianoforte Duet, Theory of Music 2025-27, Modern Pianoforte; accessed 2026-10-09",6,,Blues,,All Blues,HL00306522,,Jazz Piano Solos Volume 2 – Jazz Blues (2nd Edition) (Hal Leonard HL00306522),,71
ANZCA Modern,"Examination Syllabus: Pianoforte, Pianoforte Duet, Theory of Music 2025-27, Modern Pianoforte; accessed 2026-10-09",6,,Blues,,Bag’s Groove,HL00306522,,Jazz Piano Solos Volume 2 – Jazz Blues (2nd Edition) (Hal Leonard HL00306522),,71
ANZCA Modern,"Examination Syllabus: Pianoforte, Pianoforte Duet, Theory of Music 2025-27, Modern Pianoforte; accessed 2026-10-09",6,,Blues,,Birk’s Works,HL00306522,,Jazz Piano Solos Volume 2 – Jazz Blues (2nd Edition) (Hal Leonard HL00306522),,71
ANZCA Modern,"Examination Syllabus: Pianoforte, Pianoforte Duet, Theory of Music 2025-27, Modern Pianoforte; accessed 2026-10-09",6,,Blues,,Blue Monk,HL00306522,,Jazz Piano Solos Volume 2 – Jazz Blues (2nd Edition) (Hal Leonard HL00306522),,71
ANZCA Modern,"Examination Syllabus: Pianoforte, Pianoforte Duet, Theory of Music 2025-27, Modern Pianoforte; accessed 2026-10-09",6,,Blues,,Blues in the Closet,HL00306522,,Jazz Piano Solos Volume 2 – Jazz Blues (2nd Edition) (Hal Leonard HL00306522),,71
ANZCA Modern,"Examination Syllabus: Pianoforte, Pianoforte Duet, Theory of Music 2025-27, Modern Pianoforte; accessed 2026-10-09",6,,Blues,,C-Jam Blues,HL00306522,,Jazz Piano Solos Volume 2 – Jazz Blues (2nd Edition) (Hal Leonard HL00306522),,71
ANZCA Modern,"Examination Syllabus: Pianoforte, Pianoforte Duet, Theory of Music 2025-27, Modern Pianoforte; accessed 2026-10-09",6,,Blues,,D Natural Blues,HL00306522,,Jazz Piano Solos Volume 2 – Jazz Blues (2nd Edition) (Hal Leonard HL00306522),,71
ANZCA Modern,"Examination Syllabus: Pianoforte, Pianoforte Duet, Theory of Music 2025-27, Modern Pianoforte; accessed 2026-10-09",6,,Blues,,K.C. Blues,HL00306522,,Jazz Piano Solos Volume 2 – Jazz Blues (2nd Edition) (Hal Leonard HL00306522),,71
ANZCA Modern,"Examination Syllabus: Pianoforte, Pianoforte Duet, Theory of Music 2025-27, Modern Pianoforte; accessed 2026-10-09",6,,Blues,,Mr. P.C.,HL00306522,,Jazz Piano Solos Volume 2 – Jazz Blues (2nd Edition) (Hal Leonard HL00306522),,71
ANZCA Modern,"Examination Syllabus: Pianoforte, Pianoforte Duet, Theory of Music 2025-27, Modern Pianoforte; accessed 2026-10-09",6,,Blues,,Now See How You Are,HL00306522,,Jazz Piano Solos Volume 2 – Jazz Blues (2nd Edition) (Hal Leonard HL00306522),,71
ANZCA Modern,"Examination Syllabus: Pianoforte, Pianoforte Duet, Theory of Music 2025-27, Modern Pianoforte; accessed 2026-10-09",6,,Blues,,Now’s the Time,HL00306522,,Jazz Piano Solos Volume 2 – Jazz Blues (2nd Edition) (Hal Leonard HL00306522),,71
ANZCA Modern,"Examination Syllabus: Pianoforte, Pianoforte Duet, Theory of Music 2025-27, Modern Pianoforte; accessed 2026-10-09",6,,Blues,,"Straight, No Chaser",HL00306522,,Jazz Piano Solos Volume 2 – Jazz Blues (2nd Edition) (Hal Leonard HL00306522),,71
ANZCA Modern,"Examination Syllabus: Pianoforte, Pianoforte Duet, Theory of Music 2025-27, Modern Pianoforte; accessed 2026-10-09",6,,Blues,,Things Ain’t What They Used to Be,HL00306522,,Jazz Piano Solos Volume 2 – Jazz Blues (2nd Edition) (Hal Leonard HL00306522),,71
ANZCA Modern,"Examination Syllabus: Pianoforte, Pianoforte Duet, Theory of Music 2025-27, Modern Pianoforte; accessed 2026-10-09",6,,Blues,,New York State of Mind,HL00311786,,J.P.S. Volume 8 – Jazz Pop (HL00311786),,71
ANZCA Modern,"Examination Syllabus: Pianoforte, Pianoforte Duet, Theory of Music 2025-27, Modern Pianoforte; accessed 2026-10-09",6,,Blues,,Baby Elephant Walk,HL00292036,,"MANCINI, H. Single sheet: (Hal Leonard HL00292036)",,71
ANZCA Modern,"Examination Syllabus: Pianoforte, Pianoforte Duet, Theory of Music 2025-27, Modern Pianoforte; accessed 2026-10-09",6,,Blues,,Reflections in Blue,,,"McFARLANE, D. Single sheet: (supersonicspiano.com)",,71
ANZCA Modern,"Examination Syllabus: Pianoforte, Pianoforte Duet, Theory of Music 2025-27, Modern Pianoforte; accessed 2026-10-09",6,,Blues,,Last Chance Blues,00-18770,,"MIER, M. Jazz, Rags & Blues – Book 4 (Alfred 00-18770)",,71
ANZCA Modern,"Examination Syllabus: Pianoforte, Pianoforte Duet, Theory of Music 2025-27, Modern Pianoforte; accessed 2026-10-09",6,,Blues,,River City Blues,00-32715,,J.R.&B. – Book 5 (00-32715),,71
ANZCA Modern,"Examination Syllabus: Pianoforte, Pianoforte Duet, Theory of Music 2025-27, Modern Pianoforte; accessed 2026-10-09",6,,Blues,,Almost had the Blues,,,"MILLWARD, F. Solo Piano 1 (Wirripang: australiancomposers.com.au)",,71
ANZCA Modern,"Examination Syllabus: Pianoforte, Pianoforte Duet, Theory of Music 2025-27, Modern Pianoforte; accessed 2026-10-09",6,,Blues,,Down ’n’ Out Blues,HL00399007,,"NORTON, C. American Popular Piano – Repertoire Level 7 (Novus Via Music Group/Hal Leonard HL00399007) [solo piano part, played with backing track]",,71
ANZCA Modern,"Examination Syllabus: Pianoforte, Pianoforte Duet, Theory of Music 2025-27, Modern Pianoforte; accessed 2026-10-09",6,,Blues,,Feeling Blue,HL00399007,,"NORTON, C. American Popular Piano – Repertoire Level 7 (Novus Via Music Group/Hal Leonard HL00399007)",,71
ANZCA Modern,"Examination Syllabus: Pianoforte, Pianoforte Duet, Theory of Music 2025-27, Modern Pianoforte; accessed 2026-10-09",6,,Blues,,Barbican Blues,HL00399008,,A.P.P. – Repertoire Level 8 (HL00399008),,71
ANZCA Modern,"Examination Syllabus: Pianoforte, Pianoforte Duet, Theory of Music 2025-27, Modern Pianoforte; accessed 2026-10-09",6,,Blues,,Texas Line Dance,9781908500175,,Connections 8 for Piano (80 Days Pub./Hal Leonard 9781908500175),,71
ANZCA Modern,"Examination Syllabus: Pianoforte, Pianoforte Duet, Theory of Music 2025-27, Modern Pianoforte; accessed 2026-10-09",6,,Blues,,Farewell Blues,AM33879,,Popular Piano Solos Book 7: Blues (Wise AM33879/Music Sales),,71
ANZCA Modern,"Examination Syllabus: Pianoforte, Pianoforte Duet, Theory of Music 2025-27, Modern Pianoforte; accessed 2026-10-09",6,,Blues,,I Let a Song Go Out of My Heart,AM33879,,Popular Piano Solos Book 7: Blues (Wise AM33879/Music Sales),,71
ANZCA Modern,"Examination Syllabus: Pianoforte, Pianoforte Duet, Theory of Music 2025-27, Modern Pianoforte; accessed 2026-10-09",6,,Blues,,J. D.’s Jump,AM33879,,Popular Piano Solos Book 7: Blues (Wise AM33879/Music Sales),,71
ANZCA Modern,"Examination Syllabus: Pianoforte, Pianoforte Duet, Theory of Music 2025-27, Modern Pianoforte; accessed 2026-10-09",6,,Blues,,Mean to Me,AM33879,,Popular Piano Solos Book 7: Blues (Wise AM33879/Music Sales),,71
ANZCA Modern,"Examination Syllabus: Pianoforte, Pianoforte Duet, Theory of Music 2025-27, Modern Pianoforte; accessed 2026-10-09",6,,Blues,,The Night We Called It A Day,AM33879,,Popular Piano Solos Book 7: Blues (Wise AM33879/Music Sales),,71
ANZCA Modern,"Examination Syllabus: Pianoforte, Pianoforte Duet, Theory of Music 2025-27, Modern Pianoforte; accessed 2026-10-09",6,,Blues,,Blues for George (Gershwin),M 31,,"SCHMITZ, M. Blues & Boogie Woogie Piano (Deutscher Verlag für Musik DVfM 31 071)",,71
ANZCA Modern,"Examination Syllabus: Pianoforte, Pianoforte Duet, Theory of Music 2025-27, Modern Pianoforte; accessed 2026-10-09",6,,Blues,,A Way to Blues,M 31,,"SCHMITZ, M. Blues & Boogie Woogie Piano (Deutscher Verlag für Musik DVfM 31 071)",,71
ANZCA Modern,"Examination Syllabus: Pianoforte, Pianoforte Duet, Theory of Music 2025-27, Modern Pianoforte; accessed 2026-10-09",6,,Blues,,Easy-Peasy Blues (with one additional chorus of improvisation),,,"URQUHART-JONES, D. Moovin’ ’n Groovin’ (Encore Music Distributors:  encoremusic.com.au)",,72
ANZCA Modern,"Examination Syllabus: Pianoforte, Pianoforte Duet, Theory of Music 2025-27, Modern Pianoforte; accessed 2026-10-09",6,,Boogie,,Barnyard Boogie,,,ANZCA Modern Pianoforte Series 2 – Grade Six (ANZCA),,72
ANZCA Modern,"Examination Syllabus: Pianoforte, Pianoforte Duet, Theory of Music 2025-27, Modern Pianoforte; accessed 2026-10-09",6,,Boogie,,Bat Cave Boogie,,,ANZCA Modern Pianoforte Series 2 – Grade Six (ANZCA),,72
ANZCA Modern,"Examination Syllabus: Pianoforte, Pianoforte Duet, Theory of Music 2025-27, Modern Pianoforte; accessed 2026-10-09",6,,Boogie,,Touchdown Boogie,,,ANZCA Modern Pianoforte Series 2 – Grade Six (ANZCA),,72
ANZCA Modern,"Examination Syllabus: Pianoforte, Pianoforte Duet, Theory of Music 2025-27, Modern Pianoforte; accessed 2026-10-09",6,,Boogie,,Bat Cave Boogie,,,"ANTHONY, Y. Boogie-Rave (Wirripang:  australiancomposers.com.au)",,72
ANZCA Modern,"Examination Syllabus: Pianoforte, Pianoforte Duet, Theory of Music 2025-27, Modern Pianoforte; accessed 2026-10-09",6,,Boogie,,Black Mountain Boogie (own solo where marked),,,"ANTHONY, Y. Boogie-Rave (Wirripang:  australiancomposers.com.au)",,72
ANZCA Modern,"Examination Syllabus: Pianoforte, Pianoforte Duet, Theory of Music 2025-27, Modern Pianoforte; accessed 2026-10-09",6,,Boogie,,Boogie Man Chase,,,"ANTHONY, Y. Boogie-Rave (Wirripang:  australiancomposers.com.au)",,72
ANZCA Modern,"Examination Syllabus: Pianoforte, Pianoforte Duet, Theory of Music 2025-27, Modern Pianoforte; accessed 2026-10-09",6,,Boogie,,Buckleboo Shuffle,,,"BAILEY, K. Jazzin’ Around 6 (kerinbailey.com.au, or through Hal Leonard)",,72
ANZCA Modern,"Examination Syllabus: Pianoforte, Pianoforte Duet, Theory of Music 2025-27, Modern Pianoforte; accessed 2026-10-09",6,,Boogie,,Beale Street Boogie,,,"BAUMGARTNER, E. Jazz Connection – Book 3 (Willis Music/Encore, encoremusic.au)",,72
ANZCA Modern,"Examination Syllabus: Pianoforte, Pianoforte Duet, Theory of Music 2025-27, Modern Pianoforte; accessed 2026-10-09",6,,Boogie,,Sunshade Boogie (with optional L.H. part),,,"EUSTACE, B. Fusion (bradleyeustace.com/anzca)",,72
ANZCA Modern,"Examination Syllabus: Pianoforte, Pianoforte Duet, Theory of Music 2025-27, Modern Pianoforte; accessed 2026-10-09",6,,Boogie,,Blue ’n Boogie,HL00306522,,Jazz Piano Solos Volume 2 – Jazz Blues (2nd Edition) (Hal Leonard HL00306522),,72
ANZCA Modern,"Examination Syllabus: Pianoforte, Pianoforte Duet, Theory of Music 2025-27, Modern Pianoforte; accessed 2026-10-09",6,,Boogie,,Blues for Alice,HL00306522,,Jazz Piano Solos Volume 2 – Jazz Blues (2nd Edition) (Hal Leonard HL00306522),,72
ANZCA Modern,"Examination Syllabus: Pianoforte, Pianoforte Duet, Theory of Music 2025-27, Modern Pianoforte; accessed 2026-10-09",6,,Boogie,,The Band Strikes Up,9781908500168,,"NORTON, C. Connections 7 for Piano (80 Days Pub./Hal Leonard 9781908500168)",,72
ANZCA Modern,"Examination Syllabus: Pianoforte, Pianoforte Duet, Theory of Music 2025-27, Modern Pianoforte; accessed 2026-10-09",6,,Boogie,,"no. 6, Blue Sneakers",M060116384,,"Rock Preludes Collection (Boosey & Hawkes M060116384) [backing track recommended, but not  mandatory]",,72
ANZCA Modern,"Examination Syllabus: Pianoforte, Pianoforte Duet, Theory of Music 2025-27, Modern Pianoforte; accessed 2026-10-09",6,,Ragtime,,Engine Room Rag,,,ANZCA Modern Pianoforte Series 2 – Grade Six (ANZCA),,72
ANZCA Modern,"Examination Syllabus: Pianoforte, Pianoforte Duet, Theory of Music 2025-27, Modern Pianoforte; accessed 2026-10-09",6,,Ragtime,,From Rags to Riches,,,ANZCA Modern Pianoforte Series 2 – Grade Six (ANZCA),,72
ANZCA Modern,"Examination Syllabus: Pianoforte, Pianoforte Duet, Theory of Music 2025-27, Modern Pianoforte; accessed 2026-10-09",6,,Ragtime,,Black and White Rag,YK21129,,"AGAY, D. Joy of Ragtime, The (Yorktown Press YK21129/Music Sales)",,72
ANZCA Modern,"Examination Syllabus: Pianoforte, Pianoforte Duet, Theory of Music 2025-27, Modern Pianoforte; accessed 2026-10-09",6,,Ragtime,,Classical Rag,YK21129,,"AGAY, D. Joy of Ragtime, The (Yorktown Press YK21129/Music Sales)",,72
ANZCA Modern,"Examination Syllabus: Pianoforte, Pianoforte Duet, Theory of Music 2025-27, Modern Pianoforte; accessed 2026-10-09",6,,Ragtime,,Cotton Bolls,YK21129,,"AGAY, D. Joy of Ragtime, The (Yorktown Press YK21129/Music Sales)",,72
ANZCA Modern,"Examination Syllabus: Pianoforte, Pianoforte Duet, Theory of Music 2025-27, Modern Pianoforte; accessed 2026-10-09",6,,Ragtime,,Mandy’s Broadway Stroll,YK21129,,"AGAY, D. Joy of Ragtime, The (Yorktown Press YK21129/Music Sales)",,72
ANZCA Modern,"Examination Syllabus: Pianoforte, Pianoforte Duet, Theory of Music 2025-27, Modern Pianoforte; accessed 2026-10-09",6,,Ragtime,,The Sycamore,YK21129,,"AGAY, D. Joy of Ragtime, The (Yorktown Press YK21129/Music Sales)",,72
ANZCA Modern,"Examination Syllabus: Pianoforte, Pianoforte Duet, Theory of Music 2025-27, Modern Pianoforte; accessed 2026-10-09",6,,Ragtime,,Engine Room Rag,,,"ANTHONY, Y. Rag-Rave (Wirripang:  australiancomposers.com.au)",,72
ANZCA Modern,"Examination Syllabus: Pianoforte, Pianoforte Duet, Theory of Music 2025-27, Modern Pianoforte; accessed 2026-10-09",6,,Ragtime,,Rag for Razz,,,"CARR-BOYD, A. (Wirripang:  australiancomposers.com.au)",,72
ANZCA Modern,"Examination Syllabus: Pianoforte, Pianoforte Duet, Theory of Music 2025-27, Modern Pianoforte; accessed 2026-10-09",6,,Ragtime,,The Morse Code Rag,,,DOUGLASS & DOUGLASS. Single sheet: (Email: douglassanddouglass@gmail.com),,72
ANZCA Modern,"Examination Syllabus: Pianoforte, Pianoforte Duet, Theory of Music 2025-27, Modern Pianoforte; accessed 2026-10-09",6,,Ragtime,,The Easy Winners,AM14143,,It’s Easy to Play Ragtime (Amsco AM14143/Music Sales),,72
ANZCA Modern,"Examination Syllabus: Pianoforte, Pianoforte Duet, Theory of Music 2025-27, Modern Pianoforte; accessed 2026-10-09",6,,Ragtime,,The Entertainer,AM14143,,It’s Easy to Play Ragtime (Amsco AM14143/Music Sales),,72
ANZCA Modern,"Examination Syllabus: Pianoforte, Pianoforte Duet, Theory of Music 2025-27, Modern Pianoforte; accessed 2026-10-09",6,,Ragtime,,The Easy Winners,DP13772,,"JOPLIN, S. Complete Piano Rags (Dover DP13772)",,72
ANZCA Modern,"Examination Syllabus: Pianoforte, Pianoforte Duet, Theory of Music 2025-27, Modern Pianoforte; accessed 2026-10-09",6,,Ragtime,,The Entertainer,DP13772,,"JOPLIN, S. Complete Piano Rags (Dover DP13772)",,72
ANZCA Modern,"Examination Syllabus: Pianoforte, Pianoforte Duet, Theory of Music 2025-27, Modern Pianoforte; accessed 2026-10-09",6,,Ragtime,,Leola,DP13772,,"JOPLIN, S. Complete Piano Rags (Dover DP13772)",,72
ANZCA Modern,"Examination Syllabus: Pianoforte, Pianoforte Duet, Theory of Music 2025-27, Modern Pianoforte; accessed 2026-10-09",6,,Ragtime,,Peacherine Rag,DP13772,,"JOPLIN, S. Complete Piano Rags (Dover DP13772)",,72
ANZCA Modern,"Examination Syllabus: Pianoforte, Pianoforte Duet, Theory of Music 2025-27, Modern Pianoforte; accessed 2026-10-09",6,,Ragtime,,Pine Apple Rag,DP13772,,"JOPLIN, S. Complete Piano Rags (Dover DP13772)",,72
ANZCA Modern,"Examination Syllabus: Pianoforte, Pianoforte Duet, Theory of Music 2025-27, Modern Pianoforte; accessed 2026-10-09",6,,Ragtime,,Silver Swan Rag,DP13772,,"JOPLIN, S. Complete Piano Rags (Dover DP13772)",,72
ANZCA Modern,"Examination Syllabus: Pianoforte, Pianoforte Duet, Theory of Music 2025-27, Modern Pianoforte; accessed 2026-10-09",6,,Ragtime,,Swipsey,DP13772,,"JOPLIN, S. Complete Piano Rags (Dover DP13772)",,72
ANZCA Modern,"Examination Syllabus: Pianoforte, Pianoforte Duet, Theory of Music 2025-27, Modern Pianoforte; accessed 2026-10-09",6,,Ragtime,,Hot Potato Rag,00-32715,,"MIER, M. Jazz, Rags & Blues – Book 5 (Alfred 00-32715)",,72
ANZCA Modern,"Examination Syllabus: Pianoforte, Pianoforte Duet, Theory of Music 2025-27, Modern Pianoforte; accessed 2026-10-09",6,,Latin American,,Espagnol,,,ANZCA Modern Pianoforte Series 2 – Grade Six (ANZCA),,72
ANZCA Modern,"Examination Syllabus: Pianoforte, Pianoforte Duet, Theory of Music 2025-27, Modern Pianoforte; accessed 2026-10-09",6,,Latin American,,Miss Miles,,,ANZCA Modern Pianoforte Series 2 – Grade Six (ANZCA),,72
ANZCA Modern,"Examination Syllabus: Pianoforte, Pianoforte Duet, Theory of Music 2025-27, Modern Pianoforte; accessed 2026-10-09",6,,Latin American,,Strictly Latin,,,ANZCA Modern Pianoforte Series 2 – Grade Six (ANZCA),,72
ANZCA Modern,"Examination Syllabus: Pianoforte, Pianoforte Duet, Theory of Music 2025-27, Modern Pianoforte; accessed 2026-10-09",6,,Latin American,,Porto Alegre,00-35190,,"ALEXANDER, D. Especially in Jazzy Style, Book 3 (Alfred 00-35190)",,72
ANZCA Modern,"Examination Syllabus: Pianoforte, Pianoforte Duet, Theory of Music 2025-27, Modern Pianoforte; accessed 2026-10-09",6,,Latin American,,Little Boto,,,"ANTHONY, Y. Latin-Rave (Wirripang:  australiancomposers.com.au)",,72
ANZCA Modern,"Examination Syllabus: Pianoforte, Pianoforte Duet, Theory of Music 2025-27, Modern Pianoforte; accessed 2026-10-09",6,,Latin American,,Miss Miles,,,"BAILEY, K. Jazzin’ Around 1 (kerinbailey.com.au)",,72
ANZCA Modern,"Examination Syllabus: Pianoforte, Pianoforte Duet, Theory of Music 2025-27, Modern Pianoforte; accessed 2026-10-09",6,,Latin American,,South Side Stomp,,,"BAUMGARTNER, E. Jazz Connection – Book 3 (Willis Music/Encore, encoremusic.au)",,72
ANZCA Modern,"Examination Syllabus: Pianoforte, Pianoforte Duet, Theory of Music 2025-27, Modern Pianoforte; accessed 2026-10-09",6,,Latin American,,Oye Como Va,HL00311786,,Jazz Piano Solos Volume 8 – Jazz Pop (Hal Leonard HL00311786),,72
ANZCA Modern,"Examination Syllabus: Pianoforte, Pianoforte Duet, Theory of Music 2025-27, Modern Pianoforte; accessed 2026-10-09",6,,Latin American,,Rikki Don’t Lose That Number,HL00311786,,Jazz Piano Solos Volume 8 – Jazz Pop (Hal Leonard HL00311786),,72
ANZCA Modern,"Examination Syllabus: Pianoforte, Pianoforte Duet, Theory of Music 2025-27, Modern Pianoforte; accessed 2026-10-09",6,,Latin American,,I Will,HL00119302,,J.P.S. Volume 28 – The Beatles (HL00119302),,72
ANZCA Modern,"Examination Syllabus: Pianoforte, Pianoforte Duet, Theory of Music 2025-27, Modern Pianoforte; accessed 2026-10-09",6,,Latin American,,Daniel,HL00120968,,J.P.S. Volume 29 – Elton John (HL00120968),,72
ANZCA Modern,"Examination Syllabus: Pianoforte, Pianoforte Duet, Theory of Music 2025-27, Modern Pianoforte; accessed 2026-10-09",6,,Latin American,,Latin Promenade,HL00399006,,"NORTON, C. American Popular Piano – Repertoire Level 6 (Novus Via Music Group/Hal Leonard HL00399006)",,72
ANZCA Modern,"Examination Syllabus: Pianoforte, Pianoforte Duet, Theory of Music 2025-27, Modern Pianoforte; accessed 2026-10-09",6,,Latin American,,Dancing Together,HL00399007,,"NORTON, C. American Popular Piano – Repertoire Level 7 (Novus Via Music Group/Hal Leonard HL00399007)",,73
ANZCA Modern,"Examination Syllabus: Pianoforte, Pianoforte Duet, Theory of Music 2025-27, Modern Pianoforte; accessed 2026-10-09",6,,Latin American,,A Day on the Beach,HL00399008,,"A.P.P. – Repertoire Level 8 (HL00399008) [solo part, backing track required]",,73
ANZCA Modern,"Examination Syllabus: Pianoforte, Pianoforte Duet, Theory of Music 2025-27, Modern Pianoforte; accessed 2026-10-09",6,,Latin American,,A Night in Lima,HL00399008,,A.P.P. – Repertoire Level 8 (HL00399008),,73
ANZCA Modern,"Examination Syllabus: Pianoforte, Pianoforte Duet, Theory of Music 2025-27, Modern Pianoforte; accessed 2026-10-09",6,,Latin American,,The Breakup,HL00399008,,A.P.P. – Repertoire Level 8 (HL00399008),,73
ANZCA Modern,"Examination Syllabus: Pianoforte, Pianoforte Duet, Theory of Music 2025-27, Modern Pianoforte; accessed 2026-10-09",6,,Latin American,,Sunny Day,HL00399008,,A.P.P. – Repertoire Level 8 (HL00399008),,73
ANZCA Modern,"Examination Syllabus: Pianoforte, Pianoforte Duet, Theory of Music 2025-27, Modern Pianoforte; accessed 2026-10-09",6,,Latin American,,Sax Tune,9781908500168,,Connections 7 for Piano (80 Days Pub./Hal Leonard 9781908500168),,73
ANZCA Modern,"Examination Syllabus: Pianoforte, Pianoforte Duet, Theory of Music 2025-27, Modern Pianoforte; accessed 2026-10-09",6,,Latin American,,Latin Lament,9781908500175,,Connections 8 for Piano (H.L. 9781908500175),,73
ANZCA Modern,"Examination Syllabus: Pianoforte, Pianoforte Duet, Theory of Music 2025-27, Modern Pianoforte; accessed 2026-10-09",6,,Latin American,,Mambo Queen,9781908500175,,Connections 8 for Piano (H.L. 9781908500175),,73
ANZCA Modern,"Examination Syllabus: Pianoforte, Pianoforte Duet, Theory of Music 2025-27, Modern Pianoforte; accessed 2026-10-09",6,,Latin American,,"no. 1, Samba I",M060139291,,Latin Preludes Collection (Boosey & Hawkes M060139291),,73
ANZCA Modern,"Examination Syllabus: Pianoforte, Pianoforte Duet, Theory of Music 2025-27, Modern Pianoforte; accessed 2026-10-09",6,,Latin American,,"no. 2, Rumba I",M060139291,,Latin Preludes Collection (Boosey & Hawkes M060139291),,73
ANZCA Modern,"Examination Syllabus: Pianoforte, Pianoforte Duet, Theory of Music 2025-27, Modern Pianoforte; accessed 2026-10-09",6,,Latin American,,"no. 3, Samba II",M060139291,,Latin Preludes Collection (Boosey & Hawkes M060139291),,73
ANZCA Modern,"Examination Syllabus: Pianoforte, Pianoforte Duet, Theory of Music 2025-27, Modern Pianoforte; accessed 2026-10-09",6,,Latin American,,Two-Part Invention in A Minor,HL00198473,,"Phillip Keveren Series, The – Bach Meets Jazz (Hal Leonard HL00198473)",,73
ANZCA Modern,"Examination Syllabus: Pianoforte, Pianoforte Duet, Theory of Music 2025-27, Modern Pianoforte; accessed 2026-10-09",6,,Latin American,,Spain,ATJ305,,Solos for Jazz Piano (Carl Fischer ATJ305),,73
ANZCA Modern,"Examination Syllabus: Pianoforte, Pianoforte Duet, Theory of Music 2025-27, Modern Pianoforte; accessed 2026-10-09",6,,Latin American,,Strictly Latin,,,"URQUHART-JONES, D. Moovin’ ’n Groovin’",,73
ANZCA Modern,"Examination Syllabus: Pianoforte, Pianoforte Duet, Theory of Music 2025-27, Modern Pianoforte; accessed 2026-10-09",6,,Latin American,,Tango,,,Still Groovin’ (Encore Music Distributors:  encoremusic.com.au),,73
ANZCA Modern,"Examination Syllabus: Pianoforte, Pianoforte Duet, Theory of Music 2025-27, Modern Pianoforte; accessed 2026-10-09",6,,Jazz and Popular Standards,,Frisky,,,ANZCA Modern Pianoforte Series 2 – Grade Six (ANZCA),,73
ANZCA Modern,"Examination Syllabus: Pianoforte, Pianoforte Duet, Theory of Music 2025-27, Modern Pianoforte; accessed 2026-10-09",6,,Jazz and Popular Standards,,Fussy Hussy,,,ANZCA Modern Pianoforte Series 2 – Grade Six (ANZCA),,73
ANZCA Modern,"Examination Syllabus: Pianoforte, Pianoforte Duet, Theory of Music 2025-27, Modern Pianoforte; accessed 2026-10-09",6,,Jazz and Popular Standards,,A Million Miles Away,00-35190,,"ALEXANDER, D. Especially in Jazzy Style, Book 3 (Alfred 00-35190)",,73
ANZCA Modern,"Examination Syllabus: Pianoforte, Pianoforte Duet, Theory of Music 2025-27, Modern Pianoforte; accessed 2026-10-09",6,,Jazz and Popular Standards,,Hooks in the Road,,,"ANTHONY, Y. Swing-Rave (Wirripang:  australiancomposers.com.au)",,73
ANZCA Modern,"Examination Syllabus: Pianoforte, Pianoforte Duet, Theory of Music 2025-27, Modern Pianoforte; accessed 2026-10-09",6,,Jazz and Popular Standards,,Darren’s Dilemma,,,"BAILEY, K. Jazzin’ Around 1 (kerinbailey.com.au, or through Hal Leonard)",,73
ANZCA Modern,"Examination Syllabus: Pianoforte, Pianoforte Duet, Theory of Music 2025-27, Modern Pianoforte; accessed 2026-10-09",6,,Jazz and Popular Standards,,Disco Kid,,,"BAILEY, K. Jazzin’ Around 1 (kerinbailey.com.au, or through Hal Leonard)",,73
ANZCA Modern,"Examination Syllabus: Pianoforte, Pianoforte Duet, Theory of Music 2025-27, Modern Pianoforte; accessed 2026-10-09",6,,Jazz and Popular Standards,,Melissa’s Mood,,,"BAILEY, K. Jazzin’ Around 1 (kerinbailey.com.au, or through Hal Leonard)",,73
ANZCA Modern,"Examination Syllabus: Pianoforte, Pianoforte Duet, Theory of Music 2025-27, Modern Pianoforte; accessed 2026-10-09",6,,Jazz and Popular Standards,,Waltz for Wendy,,,"BAILEY, K. Jazzin’ Around 1 (kerinbailey.com.au, or through Hal Leonard)",,73
ANZCA Modern,"Examination Syllabus: Pianoforte, Pianoforte Duet, Theory of Music 2025-27, Modern Pianoforte; accessed 2026-10-09",6,,Jazz and Popular Standards,Mancini & Mercer,Moon River,A0.903029,,Single sheet arrangement: (sheetmusicplus.com A0.903029),,73
ANZCA Modern,"Examination Syllabus: Pianoforte, Pianoforte Duet, Theory of Music 2025-27, Modern Pianoforte; accessed 2026-10-09",6,,Jazz and Popular Standards,,Time Remembered,AM91954,,Bill Evans: Jazz Piano (Wise AM91954/Music Sales),,73
ANZCA Modern,"Examination Syllabus: Pianoforte, Pianoforte Duet, Theory of Music 2025-27, Modern Pianoforte; accessed 2026-10-09",6,,Jazz and Popular Standards,,Feelin’ Good,UE19363,,"BONSOR, B. Jazzy Piano 2 for Young Players (Universal UE19363)",,73
ANZCA Modern,"Examination Syllabus: Pianoforte, Pianoforte Duet, Theory of Music 2025-27, Modern Pianoforte; accessed 2026-10-09",6,,Jazz and Popular Standards,,You Dirty Rat,,,"CHUA, S. A Gangster Suite (Single-sheet download available from supersonicspiano.com)",,73
ANZCA Modern,"Examination Syllabus: Pianoforte, Pianoforte Duet, Theory of Music 2025-27, Modern Pianoforte; accessed 2026-10-09",6,,Jazz and Popular Standards,,What’s New?,00-AF9948,,Dan Coates Complete Advanced Piano Solos – Music for All Occasions (Alfred 00-AF9948),,73
ANZCA Modern,"Examination Syllabus: Pianoforte, Pianoforte Duet, Theory of Music 2025-27, Modern Pianoforte; accessed 2026-10-09",6,,Jazz and Popular Standards,,Greensleeves,,,"EUSTACE, B. Ragazzi (bradleyeustace.com/anzca)",,73
ANZCA Modern,"Examination Syllabus: Pianoforte, Pianoforte Duet, Theory of Music 2025-27, Modern Pianoforte; accessed 2026-10-09",6,,Jazz and Popular Standards,,I Know Why (and So Do You),AM25982,,"Genius of André Previn, The (Wise AM25982/Music Sales)",,73
ANZCA Modern,"Examination Syllabus: Pianoforte, Pianoforte Duet, Theory of Music 2025-27, Modern Pianoforte; accessed 2026-10-09",6,,Jazz and Popular Standards,,Blue Moon,AM25990,,"Genius of George Shearing, The (Wise AM25990/Music Sales)",,73
ANZCA Modern,"Examination Syllabus: Pianoforte, Pianoforte Duet, Theory of Music 2025-27, Modern Pianoforte; accessed 2026-10-09",6,,Jazz and Popular Standards,,Ebb Tide,AM25990,,"Genius of George Shearing, The (Wise AM25990/Music Sales)",,73
ANZCA Modern,"Examination Syllabus: Pianoforte, Pianoforte Duet, Theory of Music 2025-27, Modern Pianoforte; accessed 2026-10-09",6,,Jazz and Popular Standards,,Girl of My Dreams,00-TPF0120,,"Genius of Thomas “Fats” Waller, The (Alfred 00-TPF0120)",,73
ANZCA Modern,"Examination Syllabus: Pianoforte, Pianoforte Duet, Theory of Music 2025-27, Modern Pianoforte; accessed 2026-10-09",6,,Jazz and Popular Standards,,The Shadow of Your Smile,00-AF9669A,,"Giants of Jazz Piano, The (Alfred 00-AF9669A)",,73
ANZCA Modern,"Examination Syllabus: Pianoforte, Pianoforte Duet, Theory of Music 2025-27, Modern Pianoforte; accessed 2026-10-09",6,,Jazz and Popular Standards,,Skylark,00-AF9669A,,"Giants of Jazz Piano, The (Alfred 00-AF9669A)",,73
ANZCA Modern,"Examination Syllabus: Pianoforte, Pianoforte Duet, Theory of Music 2025-27, Modern Pianoforte; accessed 2026-10-09",6,,Jazz and Popular Standards,,Somebody Loves Me,00-AF9669A,,"Giants of Jazz Piano, The (Alfred 00-AF9669A)",,73
ANZCA Modern,"Examination Syllabus: Pianoforte, Pianoforte Duet, Theory of Music 2025-27, Modern Pianoforte; accessed 2026-10-09",6,,Jazz and Popular Standards,,It’s 5 to 6,,,"HUNTER, G. All That Jazz (ANZCA) [Improvisation required]",,73
ANZCA Modern,"Examination Syllabus: Pianoforte, Pianoforte Duet, Theory of Music 2025-27, Modern Pianoforte; accessed 2026-10-09",6,,Jazz and Popular Standards,,Boplicity,HL00306521,,Jazz Piano Solos Volume 1 – Miles Davis (2nd Edition) (Hal Leonard HL00306521),,73
ANZCA Modern,"Examination Syllabus: Pianoforte, Pianoforte Duet, Theory of Music 2025-27, Modern Pianoforte; accessed 2026-10-09",6,,Jazz and Popular Standards,,Circle,HL00306521,,Jazz Piano Solos Volume 1 – Miles Davis (2nd Edition) (Hal Leonard HL00306521),,73
ANZCA Modern,"Examination Syllabus: Pianoforte, Pianoforte Duet, Theory of Music 2025-27, Modern Pianoforte; accessed 2026-10-09",6,,Jazz and Popular Standards,,Dig,HL00306521,,Jazz Piano Solos Volume 1 – Miles Davis (2nd Edition) (Hal Leonard HL00306521),,73
ANZCA Modern,"Examination Syllabus: Pianoforte, Pianoforte Duet, Theory of Music 2025-27, Modern Pianoforte; accessed 2026-10-09",6,,Jazz and Popular Standards,,Flamenco Sketches,HL00306521,,Jazz Piano Solos Volume 1 – Miles Davis (2nd Edition) (Hal Leonard HL00306521),,73
ANZCA Modern,"Examination Syllabus: Pianoforte, Pianoforte Duet, Theory of Music 2025-27, Modern Pianoforte; accessed 2026-10-09",6,,Jazz and Popular Standards,,Four,HL00306521,,Jazz Piano Solos Volume 1 – Miles Davis (2nd Edition) (Hal Leonard HL00306521),,73
ANZCA Modern,"Examination Syllabus: Pianoforte, Pianoforte Duet, Theory of Music 2025-27, Modern Pianoforte; accessed 2026-10-09",6,,Jazz and Popular Standards,,Milestones,HL00306521,,Jazz Piano Solos Volume 1 – Miles Davis (2nd Edition) (Hal Leonard HL00306521),,73
ANZCA Modern,"Examination Syllabus: Pianoforte, Pianoforte Duet, Theory of Music 2025-27, Modern Pianoforte; accessed 2026-10-09",6,,Jazz and Popular Standards,,Solar,HL00306521,,Jazz Piano Solos Volume 1 – Miles Davis (2nd Edition) (Hal Leonard HL00306521),,73
ANZCA Modern,"Examination Syllabus: Pianoforte, Pianoforte Duet, Theory of Music 2025-27, Modern Pianoforte; accessed 2026-10-09",6,,Jazz and Popular Standards,,Somethin’ Else,HL00306521,,Jazz Piano Solos Volume 1 – Miles Davis (2nd Edition) (Hal Leonard HL00306521),,73
ANZCA Modern,"Examination Syllabus: Pianoforte, Pianoforte Duet, Theory of Music 2025-27, Modern Pianoforte; accessed 2026-10-09",6,,Jazz and Popular Standards,,The Theme,HL00306521,,Jazz Piano Solos Volume 1 – Miles Davis (2nd Edition) (Hal Leonard HL00306521),,73
ANZCA Modern,"Examination Syllabus: Pianoforte, Pianoforte Duet, Theory of Music 2025-27, Modern Pianoforte; accessed 2026-10-09",6,,Jazz and Popular Standards,,I Shot the Sheriff,HL00311786,,J.P.S. Volume 8 – Jazz Pop (HL00311786),,73
ANZCA Modern,"Examination Syllabus: Pianoforte, Pianoforte Duet, Theory of Music 2025-27, Modern Pianoforte; accessed 2026-10-09",6,,Jazz and Popular Standards,,The Bare Necessities,HL00312121,,J.P.S. Volume 16 – Disney (HL00312121),,73
ANZCA Modern,"Examination Syllabus: Pianoforte, Pianoforte Duet, Theory of Music 2025-27, Modern Pianoforte; accessed 2026-10-09",6,,Jazz and Popular Standards,,Let It Be,HL00119302,,J.P.S. Volume 28 – The Beatles (HL00119302),,73
ANZCA Modern,"Examination Syllabus: Pianoforte, Pianoforte Duet, Theory of Music 2025-27, Modern Pianoforte; accessed 2026-10-09",6,,Jazz and Popular Standards,,Blue Eyes,HL00120968,,J.P.S. Volume 29 – Elton John (HL00120968),,73
ANZCA Modern,"Examination Syllabus: Pianoforte, Pianoforte Duet, Theory of Music 2025-27, Modern Pianoforte; accessed 2026-10-09",6,,Jazz and Popular Standards,,A Lovely Night,HL00283691,,La La Land for Piano Solo (Hal Leonard HL00283691),,73
ANZCA Modern,"Examination Syllabus: Pianoforte, Pianoforte Duet, Theory of Music 2025-27, Modern Pianoforte; accessed 2026-10-09",6,,Jazz and Popular Standards,,In the Groove,,,"McFARLANE, D. Single sheet: (supersonicspiano.com)",,73
ANZCA Modern,"Examination Syllabus: Pianoforte, Pianoforte Duet, Theory of Music 2025-27, Modern Pianoforte; accessed 2026-10-09",6,,Jazz and Popular Standards,,Tuxedo Jazz,00-18770,,"MIER, M. Jazz, Rags & Blues – Book 4 (Alfred 00-18770)",,73
ANZCA Modern,"Examination Syllabus: Pianoforte, Pianoforte Duet, Theory of Music 2025-27, Modern Pianoforte; accessed 2026-10-09",6,,Jazz and Popular Standards,,Steamboat Jazz,00-32715,,J.R.&B. – Book 5 (00-32715),,73
ANZCA Modern,"Examination Syllabus: Pianoforte, Pianoforte Duet, Theory of Music 2025-27, Modern Pianoforte; accessed 2026-10-09",6,,Jazz and Popular Standards,,Free Ride,HL00399007,,"NORTON, C. American Popular Piano – Repertoire Level 7 (Novus Via Music Group/Hal Leonard HL00399007)",,74
ANZCA Modern,"Examination Syllabus: Pianoforte, Pianoforte Duet, Theory of Music 2025-27, Modern Pianoforte; accessed 2026-10-09",6,,Jazz and Popular Standards,,Free Bird,HL00399008,,A.P.P. – Repertoire Level 8 (HL00399008),,74
ANZCA Modern,"Examination Syllabus: Pianoforte, Pianoforte Duet, Theory of Music 2025-27, Modern Pianoforte; accessed 2026-10-09",6,,Jazz and Popular Standards,,Free from Care,HL00399008,,A.P.P. – Repertoire Level 8 (HL00399008),,74
ANZCA Modern,"Examination Syllabus: Pianoforte, Pianoforte Duet, Theory of Music 2025-27, Modern Pianoforte; accessed 2026-10-09",6,,Jazz and Popular Standards,,Red Carpet Day,HL00399008,,A.P.P. – Repertoire Level 8 (HL00399008),,74
ANZCA Modern,"Examination Syllabus: Pianoforte, Pianoforte Duet, Theory of Music 2025-27, Modern Pianoforte; accessed 2026-10-09",6,,Jazz and Popular Standards,,Hot Day,9781908500175,,Connections 8 for Piano (80 Days Pub./Hal Leonard 9781908500175),,74
ANZCA Modern,"Examination Syllabus: Pianoforte, Pianoforte Duet, Theory of Music 2025-27, Modern Pianoforte; accessed 2026-10-09",6,,Jazz and Popular Standards,,Sheep May Safely Graze,HL00198473,,"Phillip Keveren Series, The – Bach Meets Jazz (Hal Leonard HL00198473)",,74
ANZCA Modern,"Examination Syllabus: Pianoforte, Pianoforte Duet, Theory of Music 2025-27, Modern Pianoforte; accessed 2026-10-09",6,,Jazz and Popular Standards,,"Sleepers, Awake",HL00198473,,"Phillip Keveren Series, The – Bach Meets Jazz (Hal Leonard HL00198473)",,74
ANZCA Modern,"Examination Syllabus: Pianoforte, Pianoforte Duet, Theory of Music 2025-27, Modern Pianoforte; accessed 2026-10-09",6,,Jazz and Popular Standards,,Two-Part Invention in F Major,HL00198473,,"Phillip Keveren Series, The – Bach Meets Jazz (Hal Leonard HL00198473)",,74
ANZCA Modern,"Examination Syllabus: Pianoforte, Pianoforte Duet, Theory of Music 2025-27, Modern Pianoforte; accessed 2026-10-09",6,,Jazz and Popular Standards,,Lazy River,AM33861,,Popular Piano Solos Book 8: Jazz (Wise AM33861/Music Sales),,74
ANZCA Modern,"Examination Syllabus: Pianoforte, Pianoforte Duet, Theory of Music 2025-27, Modern Pianoforte; accessed 2026-10-09",6,,Jazz and Popular Standards,,Lonesome Road,AM33861,,Popular Piano Solos Book 8: Jazz (Wise AM33861/Music Sales),,74
ANZCA Modern,"Examination Syllabus: Pianoforte, Pianoforte Duet, Theory of Music 2025-27, Modern Pianoforte; accessed 2026-10-09",6,,Jazz and Popular Standards,,Take Five,AM33861,,Popular Piano Solos Book 8: Jazz (Wise AM33861/Music Sales),,74
ANZCA Modern,"Examination Syllabus: Pianoforte, Pianoforte Duet, Theory of Music 2025-27, Modern Pianoforte; accessed 2026-10-09",6,,Jazz and Popular Standards,,Tuxedo Junction,AM33861,,Popular Piano Solos Book 8: Jazz (Wise AM33861/Music Sales),,74
ANZCA Modern,"Examination Syllabus: Pianoforte, Pianoforte Duet, Theory of Music 2025-27, Modern Pianoforte; accessed 2026-10-09",6,,Jazz and Popular Standards,,Undecided,AM33861,,Popular Piano Solos Book 8: Jazz (Wise AM33861/Music Sales),,74
ANZCA Modern,"Examination Syllabus: Pianoforte, Pianoforte Duet, Theory of Music 2025-27, Modern Pianoforte; accessed 2026-10-09",6,,Jazz and Popular Standards,,Bewitched,HL00110218,,"SISKIND, J. The Magic of Standards (Hal Leonard HL00110218)",,74
ANZCA Modern,"Examination Syllabus: Pianoforte, Pianoforte Duet, Theory of Music 2025-27, Modern Pianoforte; accessed 2026-10-09",6,,Jazz and Popular Standards,,Chelsea Bridge,HL00110218,,"SISKIND, J. The Magic of Standards (Hal Leonard HL00110218)",,74
ANZCA Modern,"Examination Syllabus: Pianoforte, Pianoforte Duet, Theory of Music 2025-27, Modern Pianoforte; accessed 2026-10-09",6,,Jazz and Popular Standards,,I’m Beginning to See the Light,HL00110218,,"SISKIND, J. The Magic of Standards (Hal Leonard HL00110218)",,74
ANZCA Modern,"Examination Syllabus: Pianoforte, Pianoforte Duet, Theory of Music 2025-27, Modern Pianoforte; accessed 2026-10-09",6,,Jazz and Popular Standards,,Puttin’ on the Ritz,HL00110218,,"SISKIND, J. The Magic of Standards (Hal Leonard HL00110218)",,74
ANZCA Modern,"Examination Syllabus: Pianoforte, Pianoforte Duet, Theory of Music 2025-27, Modern Pianoforte; accessed 2026-10-09",6,,Jazz and Popular Standards,,Christopher Columbus,ATJ305,,Solos for Jazz Piano (Carl Fischer ATJ305),,74
ANZCA Modern,"Examination Syllabus: Pianoforte, Pianoforte Duet, Theory of Music 2025-27, Modern Pianoforte; accessed 2026-10-09",6,,Jazz and Popular Standards,,Georgia On My Mind,ATJ305,,Solos for Jazz Piano (Carl Fischer ATJ305),,74
ANZCA Modern,"Examination Syllabus: Pianoforte, Pianoforte Duet, Theory of Music 2025-27, Modern Pianoforte; accessed 2026-10-09",6,,Jazz and Popular Standards,,Caravan,AM950774,,Unforgettable – The Lighter Side of Jazz (Wise AM950774/Music Sales),,74
ANZCA Modern,"Examination Syllabus: Pianoforte, Pianoforte Duet, Theory of Music 2025-27, Modern Pianoforte; accessed 2026-10-09",6,,Jazz and Popular Standards,,Fools Rush In,AM950774,,Unforgettable – The Lighter Side of Jazz (Wise AM950774/Music Sales),,74
ANZCA Modern,"Examination Syllabus: Pianoforte, Pianoforte Duet, Theory of Music 2025-27, Modern Pianoforte; accessed 2026-10-09",6,,Jazz and Popular Standards,,Jazzy Waltz II,,,"URQUHART-JONES, D. Four Pieces in Jazz Style and Two that Ain’t",,74
ANZCA Modern,"Examination Syllabus: Pianoforte, Pianoforte Duet, Theory of Music 2025-27, Modern Pianoforte; accessed 2026-10-09",6,,Jazz and Popular Standards,,Hit It!,,,Still Groovin’ (Encore Music Distributors:  encoremusic.com.au),,74
ANZCA Modern,"Examination Syllabus: Pianoforte, Pianoforte Duet, Theory of Music 2025-27, Modern Pianoforte; accessed 2026-10-09",6,,Jazz and Popular Standards,,Sometimes,,,Still Groovin’ (Encore Music Distributors:  encoremusic.com.au),,74
ANZCA Modern,"Examination Syllabus: Pianoforte, Pianoforte Duet, Theory of Music 2025-27, Modern Pianoforte; accessed 2026-10-09",6,,Jazz and Popular Standards,,Won’t You Come to My House,,,Still Groovin’ (Encore Music Distributors:  encoremusic.com.au),,74
ANZCA Modern,"Examination Syllabus: Pianoforte, Pianoforte Duet, Theory of Music 2025-27, Modern Pianoforte; accessed 2026-10-09",6,,Jazz and Popular Standards,,no. 3 – So What Invention in A Minor,,,"WILKINS, K. So What Bach (Wirripang:  australiancomposers.com.au)",,74
ANZCA Modern,"Examination Syllabus: Pianoforte, Pianoforte Duet, Theory of Music 2025-27, Modern Pianoforte; accessed 2026-10-09",7,,Pop and Rock,,Afternoons in Autumn,,,ANZCA Modern Pianoforte Series 2 – Grade Seven (ANZCA),,75
ANZCA Modern,"Examination Syllabus: Pianoforte, Pianoforte Duet, Theory of Music 2025-27, Modern Pianoforte; accessed 2026-10-09",7,,Pop and Rock,,A Funky Gavotte,,,ANZCA Modern Pianoforte Series 2 – Grade Seven (ANZCA),,75
ANZCA Modern,"Examination Syllabus: Pianoforte, Pianoforte Duet, Theory of Music 2025-27, Modern Pianoforte; accessed 2026-10-09",7,,Pop and Rock,,Stand and Deliver,,,ANZCA Modern Pianoforte Series 2 – Grade Seven (ANZCA),,75
ANZCA Modern,"Examination Syllabus: Pianoforte, Pianoforte Duet, Theory of Music 2025-27, Modern Pianoforte; accessed 2026-10-09",7,,Pop and Rock,,After the Storm,,,"ARNOLD, G. Single sheet: (grantarnold.com/shop)",,76
ANZCA Modern,"Examination Syllabus: Pianoforte, Pianoforte Duet, Theory of Music 2025-27, Modern Pianoforte; accessed 2026-10-09",7,,Pop and Rock,Sedaka & Cody,Laughter in the Rain,A0.903030,,"BAILEY, K. Single sheet arrangement: (sheetmusicplus.com A0.903030)",,76
ANZCA Modern,"Examination Syllabus: Pianoforte, Pianoforte Duet, Theory of Music 2025-27, Modern Pianoforte; accessed 2026-10-09",7,,Pop and Rock,,Greensleeves,AM61441,,"CLAYDERMAN, R. Anthology (Amsco AM61441/Music Sales)",,76
ANZCA Modern,"Examination Syllabus: Pianoforte, Pianoforte Duet, Theory of Music 2025-27, Modern Pianoforte; accessed 2026-10-09",7,,Pop and Rock,,Arthur’s Theme,00-AF9948,,Dan Coates Complete Advanced Piano Solos – Music for All Occasions (Alfred 00-AF9948),,76
ANZCA Modern,"Examination Syllabus: Pianoforte, Pianoforte Duet, Theory of Music 2025-27, Modern Pianoforte; accessed 2026-10-09",7,,Pop and Rock,,The Greatest Love of All,00-AF9948,,Dan Coates Complete Advanced Piano Solos – Music for All Occasions (Alfred 00-AF9948),,76
ANZCA Modern,"Examination Syllabus: Pianoforte, Pianoforte Duet, Theory of Music 2025-27, Modern Pianoforte; accessed 2026-10-09",7,,Pop and Rock,,(Everything I Do) I Do It for You,00-AF9948,,Dan Coates Complete Advanced Piano Solos – Music for All Occasions (Alfred 00-AF9948),,76
ANZCA Modern,"Examination Syllabus: Pianoforte, Pianoforte Duet, Theory of Music 2025-27, Modern Pianoforte; accessed 2026-10-09",7,,Pop and Rock,,I Say a Little Prayer,00-AF9948,,Dan Coates Complete Advanced Piano Solos – Music for All Occasions (Alfred 00-AF9948),,76
ANZCA Modern,"Examination Syllabus: Pianoforte, Pianoforte Duet, Theory of Music 2025-27, Modern Pianoforte; accessed 2026-10-09",7,,Pop and Rock,,Saving All My Love for You,00-AF9948,,Dan Coates Complete Advanced Piano Solos – Music for All Occasions (Alfred 00-AF9948),,76
ANZCA Modern,"Examination Syllabus: Pianoforte, Pianoforte Duet, Theory of Music 2025-27, Modern Pianoforte; accessed 2026-10-09",7,,Pop and Rock,,Song from M*A*S*H,00-AF9948,,Dan Coates Complete Advanced Piano Solos – Music for All Occasions (Alfred 00-AF9948),,76
ANZCA Modern,"Examination Syllabus: Pianoforte, Pianoforte Duet, Theory of Music 2025-27, Modern Pianoforte; accessed 2026-10-09",7,,Pop and Rock,,Up Where We Belong,00-AF9948,,Dan Coates Complete Advanced Piano Solos – Music for All Occasions (Alfred 00-AF9948),,76
ANZCA Modern,"Examination Syllabus: Pianoforte, Pianoforte Duet, Theory of Music 2025-27, Modern Pianoforte; accessed 2026-10-09",7,,Pop and Rock,,We’ve Got Tonight,00-AF9948,,Dan Coates Complete Advanced Piano Solos – Music for All Occasions (Alfred 00-AF9948),,76
ANZCA Modern,"Examination Syllabus: Pianoforte, Pianoforte Duet, Theory of Music 2025-27, Modern Pianoforte; accessed 2026-10-09",7,,Pop and Rock,,I Will Survive (embellishment required),CH61278,,Dance Style File (Chester CH61278/Music Sales),,76
ANZCA Modern,"Examination Syllabus: Pianoforte, Pianoforte Duet, Theory of Music 2025-27, Modern Pianoforte; accessed 2026-10-09",7,,Pop and Rock,,Theme from The Simpsons,MN0101343,,"ELFMAN, D. Single sheet: (musicnotes.com MN0101343)",,76
ANZCA Modern,"Examination Syllabus: Pianoforte, Pianoforte Duet, Theory of Music 2025-27, Modern Pianoforte; accessed 2026-10-09",7,,Pop and Rock,,Beethoven Funky Five,,,"EUSTACE, B. Fusion",,76
ANZCA Modern,"Examination Syllabus: Pianoforte, Pianoforte Duet, Theory of Music 2025-27, Modern Pianoforte; accessed 2026-10-09",7,,Pop and Rock,,X-Theme,,,Spiritus (bradleyeustace.com/anzca),,76
ANZCA Modern,"Examination Syllabus: Pianoforte, Pianoforte Duet, Theory of Music 2025-27, Modern Pianoforte; accessed 2026-10-09",7,,Pop and Rock,,All I Ask of You,HL00312523,,Favorite Pop Piano Solos (Hal Leonard HL00312523),,76
ANZCA Modern,"Examination Syllabus: Pianoforte, Pianoforte Duet, Theory of Music 2025-27, Modern Pianoforte; accessed 2026-10-09",7,,Pop and Rock,,Bohemian Rhapsody,HL00312523,,Favorite Pop Piano Solos (Hal Leonard HL00312523),,76
ANZCA Modern,"Examination Syllabus: Pianoforte, Pianoforte Duet, Theory of Music 2025-27, Modern Pianoforte; accessed 2026-10-09",7,,Pop and Rock,,Let It Go,HL00128220,,Frozen – Piano Solo (Hal Leonard HL00128220),,76
ANZCA Modern,"Examination Syllabus: Pianoforte, Pianoforte Duet, Theory of Music 2025-27, Modern Pianoforte; accessed 2026-10-09",7,,Pop and Rock,,Baba Yetu (from Civilization IV),HL00201767,,"Greatest Video Game Music, The (Hal Leonard HL00201767)",,76
ANZCA Modern,"Examination Syllabus: Pianoforte, Pianoforte Duet, Theory of Music 2025-27, Modern Pianoforte; accessed 2026-10-09",7,,Pop and Rock,,Metal Gear Solid – Sons of Liberty,HL00201767,,"Greatest Video Game Music, The (Hal Leonard HL00201767)",,76
ANZCA Modern,"Examination Syllabus: Pianoforte, Pianoforte Duet, Theory of Music 2025-27, Modern Pianoforte; accessed 2026-10-09",7,,Pop and Rock,,Merry-Go-Round of Life,179017,,"HISAISHI, J. Ghibli Best Stories (Hal Leonard/Zen-On 179017)",,76
ANZCA Modern,"Examination Syllabus: Pianoforte, Pianoforte Duet, Theory of Music 2025-27, Modern Pianoforte; accessed 2026-10-09",7,,Pop and Rock,,Mother Sea (from Ponyo),179017,,"HISAISHI, J. Ghibli Best Stories (Hal Leonard/Zen-On 179017)",,76
ANZCA Modern,"Examination Syllabus: Pianoforte, Pianoforte Duet, Theory of Music 2025-27, Modern Pianoforte; accessed 2026-10-09",7,,Pop and Rock,,Ponyo on the Cliff by the Sea,179017,,"HISAISHI, J. Ghibli Best Stories (Hal Leonard/Zen-On 179017)",,76
ANZCA Modern,"Examination Syllabus: Pianoforte, Pianoforte Duet, Theory of Music 2025-27, Modern Pianoforte; accessed 2026-10-09",7,,Pop and Rock,,"Princess Mononoke, p.62",179017,,"HISAISHI, J. Ghibli Best Stories (Hal Leonard/Zen-On 179017)",,76
ANZCA Modern,"Examination Syllabus: Pianoforte, Pianoforte Duet, Theory of Music 2025-27, Modern Pianoforte; accessed 2026-10-09",7,,Pop and Rock,,The Wind Forest (from My Neighbor Tortoro),179017,,"HISAISHI, J. Ghibli Best Stories (Hal Leonard/Zen-On 179017)",,76
ANZCA Modern,"Examination Syllabus: Pianoforte, Pianoforte Duet, Theory of Music 2025-27, Modern Pianoforte; accessed 2026-10-09",7,,Pop and Rock,,My Heart Will Go On,HL00351759,,HORNER & JENNINGS. Single sheet: (Hal Leonard HL00351759),,76
ANZCA Modern,"Examination Syllabus: Pianoforte, Pianoforte Duet, Theory of Music 2025-27, Modern Pianoforte; accessed 2026-10-09",7,,Pop and Rock,,Against All Odds,HL00311786,,Jazz Piano Solos Volume 8 – Jazz Pop (Hal Leonard HL00311786),,76
ANZCA Modern,"Examination Syllabus: Pianoforte, Pianoforte Duet, Theory of Music 2025-27, Modern Pianoforte; accessed 2026-10-09",7,,Pop and Rock,,Blackbird,HL00311786,,Jazz Piano Solos Volume 8 – Jazz Pop (Hal Leonard HL00311786),,76
ANZCA Modern,"Examination Syllabus: Pianoforte, Pianoforte Duet, Theory of Music 2025-27, Modern Pianoforte; accessed 2026-10-09",7,,Pop and Rock,,Hey Jude,HL00119302,,J.P.S. Volume 28 – The Beatles (HL00119302),,76
ANZCA Modern,"Examination Syllabus: Pianoforte, Pianoforte Duet, Theory of Music 2025-27, Modern Pianoforte; accessed 2026-10-09",7,,Pop and Rock,,"Ob-La-Di, Ob-La-Da",HL00119302,,J.P.S. Volume 28 – The Beatles (HL00119302),,76
ANZCA Modern,"Examination Syllabus: Pianoforte, Pianoforte Duet, Theory of Music 2025-27, Modern Pianoforte; accessed 2026-10-09",7,,Pop and Rock,,Candle in the Wind,HL00120968,,J.P.S. Volume 29 – Elton John (HL00120968),,76
ANZCA Modern,"Examination Syllabus: Pianoforte, Pianoforte Duet, Theory of Music 2025-27, Modern Pianoforte; accessed 2026-10-09",7,,Pop and Rock,,Sacrifice,HL00120968,,J.P.S. Volume 29 – Elton John (HL00120968),,76
ANZCA Modern,"Examination Syllabus: Pianoforte, Pianoforte Duet, Theory of Music 2025-27, Modern Pianoforte; accessed 2026-10-09",7,,Pop and Rock,,Bennie and the Jets,HL00306040,,"JOHN, E. The Elton John Collection (Hal Leonard HL00306040)",,76
ANZCA Modern,"Examination Syllabus: Pianoforte, Pianoforte Duet, Theory of Music 2025-27, Modern Pianoforte; accessed 2026-10-09",7,,Pop and Rock,,Don’t Let the Sun Go Down on Me,HL00306040,,"JOHN, E. The Elton John Collection (Hal Leonard HL00306040)",,76
ANZCA Modern,"Examination Syllabus: Pianoforte, Pianoforte Duet, Theory of Music 2025-27, Modern Pianoforte; accessed 2026-10-09",7,,Pop and Rock,,The One,HL00306040,,"JOHN, E. The Elton John Collection (Hal Leonard HL00306040)",,76
ANZCA Modern,"Examination Syllabus: Pianoforte, Pianoforte Duet, Theory of Music 2025-27, Modern Pianoforte; accessed 2026-10-09",7,,Pop and Rock,,Rocket Man,HL00306040,,"JOHN, E. The Elton John Collection (Hal Leonard HL00306040)",,76
ANZCA Modern,"Examination Syllabus: Pianoforte, Pianoforte Duet, Theory of Music 2025-27, Modern Pianoforte; accessed 2026-10-09",7,,Pop and Rock,,Sad Songs (Say So Much),HL00306040,,"JOHN, E. The Elton John Collection (Hal Leonard HL00306040)",,76
ANZCA Modern,"Examination Syllabus: Pianoforte, Pianoforte Duet, Theory of Music 2025-27, Modern Pianoforte; accessed 2026-10-09",7,,Pop and Rock,,Someone Saved My Life Tonight,HL00306040,,"JOHN, E. The Elton John Collection (Hal Leonard HL00306040)",,76
ANZCA Modern,"Examination Syllabus: Pianoforte, Pianoforte Duet, Theory of Music 2025-27, Modern Pianoforte; accessed 2026-10-09",7,,Pop and Rock,,The Twilight Princess,00-44550,,"Legend of Zelda, The: Symphony of the Goddesses – Piano Solo (Alfred 00-44550)",,76
ANZCA Modern,"Examination Syllabus: Pianoforte, Pianoforte Duet, Theory of Music 2025-27, Modern Pianoforte; accessed 2026-10-09",7,,Pop and Rock,,The Wind Walker,00-44550,,"Legend of Zelda, The: Symphony of the Goddesses – Piano Solo (Alfred 00-44550)",,76
ANZCA Modern,"Examination Syllabus: Pianoforte, Pianoforte Duet, Theory of Music 2025-27, Modern Pianoforte; accessed 2026-10-09",7,,Pop and Rock,,Circle of Life,HL00292060,,"Lion King, The – Piano Solos (Hal Leonard HL00292060)",,76
ANZCA Modern,"Examination Syllabus: Pianoforte, Pianoforte Duet, Theory of Music 2025-27, Modern Pianoforte; accessed 2026-10-09",7,,Pop and Rock,,Memory (from Cats),HL00354437,,"LLOYD WEBBER, A. Single sheet: (Hal Leonard HL00354437)",,76
ANZCA Modern,"Examination Syllabus: Pianoforte, Pianoforte Duet, Theory of Music 2025-27, Modern Pianoforte; accessed 2026-10-09",7,,Pop and Rock,,All I Ask of You,HL00360830,,"Phantom of the Opera, The (Hal Leonard HL00360830)",,76
ANZCA Modern,"Examination Syllabus: Pianoforte, Pianoforte Duet, Theory of Music 2025-27, Modern Pianoforte; accessed 2026-10-09",7,,Pop and Rock,,The Point of No Return,HL00360830,,"Phantom of the Opera, The (Hal Leonard HL00360830)",,76
ANZCA Modern,"Examination Syllabus: Pianoforte, Pianoforte Duet, Theory of Music 2025-27, Modern Pianoforte; accessed 2026-10-09",7,,Pop and Rock,,Bohemian Rhapsody,HL00353358,,"MERCURY, F. Single sheet: (Hal Leonard HL00353358)",,76
ANZCA Modern,"Examination Syllabus: Pianoforte, Pianoforte Duet, Theory of Music 2025-27, Modern Pianoforte; accessed 2026-10-09",7,,Pop and Rock,,Out on the Prairie,9781908500175,,"NORTON, C. Connections 8 for Piano (80 Days Pub./Hal Leonard 9781908500175)",,76
ANZCA Modern,"Examination Syllabus: Pianoforte, Pianoforte Duet, Theory of Music 2025-27, Modern Pianoforte; accessed 2026-10-09",7,,Pop and Rock,,Mo Li Hua,BH 13100,,Pacific Preludes Collection (Boosey & Hawkes BH 13100),,76
ANZCA Modern,"Examination Syllabus: Pianoforte, Pianoforte Duet, Theory of Music 2025-27, Modern Pianoforte; accessed 2026-10-09",7,,Pop and Rock,,"no. 1, Wildcat",M060116384,,"Rock Preludes Collection (B&H M060116384) [Backing tracks recommended, but not mandatory]",,76
ANZCA Modern,"Examination Syllabus: Pianoforte, Pianoforte Duet, Theory of Music 2025-27, Modern Pianoforte; accessed 2026-10-09",7,,Pop and Rock,,"no. 2, Blurred Horizon",M060116384,,Rock Preludes Collection (B&H M060116384),,76
ANZCA Modern,"Examination Syllabus: Pianoforte, Pianoforte Duet, Theory of Music 2025-27, Modern Pianoforte; accessed 2026-10-09",7,,Pop and Rock,,"no. 5, Rising Force",M060116384,,Rock Preludes Collection (B&H M060116384),,76
ANZCA Modern,"Examination Syllabus: Pianoforte, Pianoforte Duet, Theory of Music 2025-27, Modern Pianoforte; accessed 2026-10-09",7,,Pop and Rock,,"no. 8, Sturdy Build",M060116384,,Rock Preludes Collection (B&H M060116384),,76
ANZCA Modern,"Examination Syllabus: Pianoforte, Pianoforte Duet, Theory of Music 2025-27, Modern Pianoforte; accessed 2026-10-09",7,,Pop and Rock,,"no. 9, Country Song",M060116384,,Rock Preludes Collection (B&H M060116384),,76
ANZCA Modern,"Examination Syllabus: Pianoforte, Pianoforte Duet, Theory of Music 2025-27, Modern Pianoforte; accessed 2026-10-09",7,,Pop and Rock,,"no. 12, A Steady Hand",M060116384,,Rock Preludes Collection (B&H M060116384),,76
ANZCA Modern,"Examination Syllabus: Pianoforte, Pianoforte Duet, Theory of Music 2025-27, Modern Pianoforte; accessed 2026-10-09",7,,Pop and Rock,,Easy,HL00311295,,"Phillip Keveren Series, The – Motown Hits (Hal Leonard HL00311295)",,76
ANZCA Modern,"Examination Syllabus: Pianoforte, Pianoforte Duet, Theory of Music 2025-27, Modern Pianoforte; accessed 2026-10-09",7,,Pop and Rock,,I Believe (When I Fall in Love It Will Be Forever),HL00311295,,"Phillip Keveren Series, The – Motown Hits (Hal Leonard HL00311295)",,76
ANZCA Modern,"Examination Syllabus: Pianoforte, Pianoforte Duet, Theory of Music 2025-27, Modern Pianoforte; accessed 2026-10-09",7,,Pop and Rock,,Too High,HL00311295,,"Phillip Keveren Series, The – Motown Hits (Hal Leonard HL00311295)",,76
ANZCA Modern,"Examination Syllabus: Pianoforte, Pianoforte Duet, Theory of Music 2025-27, Modern Pianoforte; accessed 2026-10-09",7,,Pop and Rock,,Bicycle Race,HL00156645,,P.K.S. – Queen for Classical Piano (HL00156645),,76
ANZCA Modern,"Examination Syllabus: Pianoforte, Pianoforte Duet, Theory of Music 2025-27, Modern Pianoforte; accessed 2026-10-09",7,,Pop and Rock,,Brighton Rock,HL00156645,,P.K.S. – Queen for Classical Piano (HL00156645),,76
ANZCA Modern,"Examination Syllabus: Pianoforte, Pianoforte Duet, Theory of Music 2025-27, Modern Pianoforte; accessed 2026-10-09",7,,Pop and Rock,,Radio Ga Ga,HL00156645,,P.K.S. – Queen for Classical Piano (HL00156645),,76
ANZCA Modern,"Examination Syllabus: Pianoforte, Pianoforte Duet, Theory of Music 2025-27, Modern Pianoforte; accessed 2026-10-09",7,,Pop and Rock,,Under Pressure,HL00156645,,P.K.S. – Queen for Classical Piano (HL00156645),,76
ANZCA Modern,"Examination Syllabus: Pianoforte, Pianoforte Duet, Theory of Music 2025-27, Modern Pianoforte; accessed 2026-10-09",7,,Pop and Rock,,We Are the Champions,HL00156645,,P.K.S. – Queen for Classical Piano (HL00156645),,76
ANZCA Modern,"Examination Syllabus: Pianoforte, Pianoforte Duet, Theory of Music 2025-27, Modern Pianoforte; accessed 2026-10-09",7,,Pop and Rock,,Who Wants to Live Forever,HL00156645,,P.K.S. – Queen for Classical Piano (HL00156645),,76
ANZCA Modern,"Examination Syllabus: Pianoforte, Pianoforte Duet, Theory of Music 2025-27, Modern Pianoforte; accessed 2026-10-09",7,,Pop and Rock,,Imagine,AM24100,,Popular Piano Solos Book 1 (Wise AM24100/Music Sales),,76
ANZCA Modern,"Examination Syllabus: Pianoforte, Pianoforte Duet, Theory of Music 2025-27, Modern Pianoforte; accessed 2026-10-09",7,,Pop and Rock,,Sailing,AM24100,,Popular Piano Solos Book 1 (Wise AM24100/Music Sales),,76
ANZCA Modern,"Examination Syllabus: Pianoforte, Pianoforte Duet, Theory of Music 2025-27, Modern Pianoforte; accessed 2026-10-09",7,,Pop and Rock,,A Whiter Shade of Pale,AM24100,,Popular Piano Solos Book 1 (Wise AM24100/Music Sales),,76
ANZCA Modern,"Examination Syllabus: Pianoforte, Pianoforte Duet, Theory of Music 2025-27, Modern Pianoforte; accessed 2026-10-09",7,,Pop and Rock,,Just the Way You Are,AM24886,,Book 2 (AM24886),,76
ANZCA Modern,"Examination Syllabus: Pianoforte, Pianoforte Duet, Theory of Music 2025-27, Modern Pianoforte; accessed 2026-10-09",7,,Pop and Rock,,Over the Rainbow,AM24886,,Book 2 (AM24886),,76
ANZCA Modern,"Examination Syllabus: Pianoforte, Pianoforte Duet, Theory of Music 2025-27, Modern Pianoforte; accessed 2026-10-09",7,,Pop and Rock,,Bridge Over Troubled Water,PS10073,,"SIMON, P. Single sheet: (Hal Leonard PS10073)",,77
ANZCA Modern,"Examination Syllabus: Pianoforte, Pianoforte Duet, Theory of Music 2025-27, Modern Pianoforte; accessed 2026-10-09",7,,Pop and Rock,,A Funky Gavotte,,,"URQUHART-JONES, D. Straight and Jazzy (Encore Music Distributors:  encoremusic.com.au)",,77
ANZCA Modern,"Examination Syllabus: Pianoforte, Pianoforte Duet, Theory of Music 2025-27, Modern Pianoforte; accessed 2026-10-09",7,,Blues,,Batik Blues,,,ANZCA Modern Pianoforte Series 2 – Grade Seven (ANZCA),,77
ANZCA Modern,"Examination Syllabus: Pianoforte, Pianoforte Duet, Theory of Music 2025-27, Modern Pianoforte; accessed 2026-10-09",7,,Blues,,Blues in G,,,ANZCA Modern Pianoforte Series 2 – Grade Seven (ANZCA),,77
ANZCA Modern,"Examination Syllabus: Pianoforte, Pianoforte Duet, Theory of Music 2025-27, Modern Pianoforte; accessed 2026-10-09",7,,Blues,,Midnight at ‘The Blues Club’,,,ANZCA Modern Pianoforte Series 2 – Grade Seven (ANZCA),,77
ANZCA Modern,"Examination Syllabus: Pianoforte, Pianoforte Duet, Theory of Music 2025-27, Modern Pianoforte; accessed 2026-10-09",7,,Blues,,Struttin’ It Around,,,"CHUA, S. A Gangster Suite (Single-sheet download available from supersonicspiano.com)",,77
ANZCA Modern,"Examination Syllabus: Pianoforte, Pianoforte Duet, Theory of Music 2025-27, Modern Pianoforte; accessed 2026-10-09",7,,Blues,,It Gets Better Every Time,HL02500535,,"Erroll Garner Anthology, The (Hal Leonard HL02500535)",,77
ANZCA Modern,"Examination Syllabus: Pianoforte, Pianoforte Duet, Theory of Music 2025-27, Modern Pianoforte; accessed 2026-10-09",7,,Blues,,Just Blues,HL02500535,,"Erroll Garner Anthology, The (Hal Leonard HL02500535)",,77
ANZCA Modern,"Examination Syllabus: Pianoforte, Pianoforte Duet, Theory of Music 2025-27, Modern Pianoforte; accessed 2026-10-09",7,,Blues,,Don’t Know Why,HL00311786,,Jazz Piano Solos Volume 8 – Jazz Pop (Hal Leonard HL00311786),,77
ANZCA Modern,"Examination Syllabus: Pianoforte, Pianoforte Duet, Theory of Music 2025-27, Modern Pianoforte; accessed 2026-10-09",7,,Blues,,Blue Nocturne,,,"MAMAK, D. Five Eclectic Pieces for Piano (devimamak.com.au)",,77
ANZCA Modern,"Examination Syllabus: Pianoforte, Pianoforte Duet, Theory of Music 2025-27, Modern Pianoforte; accessed 2026-10-09",7,,Blues,,"no. 13, Barnyard Blues",M060116384,,"NORTON, C. Rock Preludes Collection (Boosey & Hawkes M060116384) [backing track recommended, but not mandatory]",,77
ANZCA Modern,"Examination Syllabus: Pianoforte, Pianoforte Duet, Theory of Music 2025-27, Modern Pianoforte; accessed 2026-10-09",7,,Blues,,Bad Penny Blues,AM33879,,Popular Piano Solos Book 7: Blues (Wise AM33879/Music Sales),,77
ANZCA Modern,"Examination Syllabus: Pianoforte, Pianoforte Duet, Theory of Music 2025-27, Modern Pianoforte; accessed 2026-10-09",7,,Blues,,Basin Street Blues,AM33879,,Popular Piano Solos Book 7: Blues (Wise AM33879/Music Sales),,77
ANZCA Modern,"Examination Syllabus: Pianoforte, Pianoforte Duet, Theory of Music 2025-27, Modern Pianoforte; accessed 2026-10-09",7,,Blues,,Blues at Dawn,AM33879,,Popular Piano Solos Book 7: Blues (Wise AM33879/Music Sales),,77
ANZCA Modern,"Examination Syllabus: Pianoforte, Pianoforte Duet, Theory of Music 2025-27, Modern Pianoforte; accessed 2026-10-09",7,,Blues,,A Blues Serenade,AM33879,,Popular Piano Solos Book 7: Blues (Wise AM33879/Music Sales),,77
ANZCA Modern,"Examination Syllabus: Pianoforte, Pianoforte Duet, Theory of Music 2025-27, Modern Pianoforte; accessed 2026-10-09",7,,Blues,,Memories of You,AM33879,,Popular Piano Solos Book 7: Blues (Wise AM33879/Music Sales),,77
ANZCA Modern,"Examination Syllabus: Pianoforte, Pianoforte Duet, Theory of Music 2025-27, Modern Pianoforte; accessed 2026-10-09",7,,Blues,,Mood Indigo,AM33879,,Popular Piano Solos Book 7: Blues (Wise AM33879/Music Sales),,77
ANZCA Modern,"Examination Syllabus: Pianoforte, Pianoforte Duet, Theory of Music 2025-27, Modern Pianoforte; accessed 2026-10-09",7,,Blues,,Solitude,AM33879,,Popular Piano Solos Book 7: Blues (Wise AM33879/Music Sales),,77
ANZCA Modern,"Examination Syllabus: Pianoforte, Pianoforte Duet, Theory of Music 2025-27, Modern Pianoforte; accessed 2026-10-09",7,,Blues,,Blues in G,,,"URQUHART-JONES, D. Still Groovin’ (Encore Music Distributors:  encoremusic.com.au)",,77
ANZCA Modern,"Examination Syllabus: Pianoforte, Pianoforte Duet, Theory of Music 2025-27, Modern Pianoforte; accessed 2026-10-09",7,,Boogie,,Faster Blaster,,,ANZCA Modern Pianoforte Series 2 – Grade Seven (ANZCA),,77
ANZCA Modern,"Examination Syllabus: Pianoforte, Pianoforte Duet, Theory of Music 2025-27, Modern Pianoforte; accessed 2026-10-09",7,,Boogie,,London Bridge Boogie,,,ANZCA Modern Pianoforte Series 2 – Grade Seven (ANZCA),,77
ANZCA Modern,"Examination Syllabus: Pianoforte, Pianoforte Duet, Theory of Music 2025-27, Modern Pianoforte; accessed 2026-10-09",7,,Boogie,,Dark-Eyes Boogie,YK21020,,"AGAY, D. Joy of Boogie and Blues Book 1, The (Yorktown Press YK21020/Music Sales)",,77
ANZCA Modern,"Examination Syllabus: Pianoforte, Pianoforte Duet, Theory of Music 2025-27, Modern Pianoforte; accessed 2026-10-09",7,,Boogie,,Boogie on the Run,,,"ANTHONY, Y. Boogie-Rave (Wirripang:  australiancomposers.com.au)",,77
ANZCA Modern,"Examination Syllabus: Pianoforte, Pianoforte Duet, Theory of Music 2025-27, Modern Pianoforte; accessed 2026-10-09",7,,Boogie,,Faster Blaster,,,"BAILEY, K. Jazzin’ Around 5 (kerinbailey.com.au, or through Hal Leonard)",,77
ANZCA Modern,"Examination Syllabus: Pianoforte, Pianoforte Duet, Theory of Music 2025-27, Modern Pianoforte; accessed 2026-10-09",7,,Boogie,,Ticket to Ride,HL00119302,,Jazz Piano Solos Volume 28 – The Beatles (Hal Leonard HL00119302),,77
ANZCA Modern,"Examination Syllabus: Pianoforte, Pianoforte Duet, Theory of Music 2025-27, Modern Pianoforte; accessed 2026-10-09",7,,Boogie,,Bennie and the Jets,HL00120968,,J.P.S. Volume 29 – Elton John (HL00120968),,77
ANZCA Modern,"Examination Syllabus: Pianoforte, Pianoforte Duet, Theory of Music 2025-27, Modern Pianoforte; accessed 2026-10-09",7,,Boogie,,I Guess That’s Why They Call It the Blues,HL00120968,,J.P.S. Volume 29 – Elton John (HL00120968),,77
ANZCA Modern,"Examination Syllabus: Pianoforte, Pianoforte Duet, Theory of Music 2025-27, Modern Pianoforte; accessed 2026-10-09",7,,Ragtime,,Orang Utan Rag,,,ANZCA Modern Pianoforte Series 2 – Grade Seven (ANZCA),,77
ANZCA Modern,"Examination Syllabus: Pianoforte, Pianoforte Duet, Theory of Music 2025-27, Modern Pianoforte; accessed 2026-10-09",7,,Ragtime,,Russian Circus Rag,,,ANZCA Modern Pianoforte Series 2 – Grade Seven (ANZCA),,77
ANZCA Modern,"Examination Syllabus: Pianoforte, Pianoforte Duet, Theory of Music 2025-27, Modern Pianoforte; accessed 2026-10-09",7,,Ragtime,,The Calico Rag,YK21129,,"AGAY, D. Joy of Ragtime, The (Yorktown Press YK21129/Music Sales)",,77
ANZCA Modern,"Examination Syllabus: Pianoforte, Pianoforte Duet, Theory of Music 2025-27, Modern Pianoforte; accessed 2026-10-09",7,,Ragtime,,Kansas City Rag,YK21129,,"AGAY, D. Joy of Ragtime, The (Yorktown Press YK21129/Music Sales)",,77
ANZCA Modern,"Examination Syllabus: Pianoforte, Pianoforte Duet, Theory of Music 2025-27, Modern Pianoforte; accessed 2026-10-09",7,,Ragtime,,Maple Leaf Rag,YK21129,,"AGAY, D. Joy of Ragtime, The (Yorktown Press YK21129/Music Sales)",,77
ANZCA Modern,"Examination Syllabus: Pianoforte, Pianoforte Duet, Theory of Music 2025-27, Modern Pianoforte; accessed 2026-10-09",7,,Ragtime,,Peaches and Cream,YK21129,,"AGAY, D. Joy of Ragtime, The (Yorktown Press YK21129/Music Sales)",,77
ANZCA Modern,"Examination Syllabus: Pianoforte, Pianoforte Duet, Theory of Music 2025-27, Modern Pianoforte; accessed 2026-10-09",7,,Ragtime,,Pleasant Moments,YK21129,,"AGAY, D. Joy of Ragtime, The (Yorktown Press YK21129/Music Sales)",,77
ANZCA Modern,"Examination Syllabus: Pianoforte, Pianoforte Duet, Theory of Music 2025-27, Modern Pianoforte; accessed 2026-10-09",7,,Ragtime,,(1908 version),,,"BOTSFORD, G. Black and White Rag (https://imslp.org/wiki/Black_and_White_(Botsford,_George))",,77
ANZCA Modern,"Examination Syllabus: Pianoforte, Pianoforte Duet, Theory of Music 2025-27, Modern Pianoforte; accessed 2026-10-09",7,,Ragtime,,Recycled Rag,,,"COHEN, L. Solo sheet: (leoniecohen.com; blackrockmusic.com.au)",,77
ANZCA Modern,"Examination Syllabus: Pianoforte, Pianoforte Duet, Theory of Music 2025-27, Modern Pianoforte; accessed 2026-10-09",7,,Ragtime,,Eugenia,DP13772,,"JOPLIN, S. Complete Piano Rags (Dover DP13772)",,77
ANZCA Modern,"Examination Syllabus: Pianoforte, Pianoforte Duet, Theory of Music 2025-27, Modern Pianoforte; accessed 2026-10-09",7,,Ragtime,,Fig Leaf Rag,DP13772,,"JOPLIN, S. Complete Piano Rags (Dover DP13772)",,77
ANZCA Modern,"Examination Syllabus: Pianoforte, Pianoforte Duet, Theory of Music 2025-27, Modern Pianoforte; accessed 2026-10-09",7,,Ragtime,,Heliotrope Bouquet,DP13772,,"JOPLIN, S. Complete Piano Rags (Dover DP13772)",,77
ANZCA Modern,"Examination Syllabus: Pianoforte, Pianoforte Duet, Theory of Music 2025-27, Modern Pianoforte; accessed 2026-10-09",7,,Ragtime,,Magnetic Rag,DP13772,,"JOPLIN, S. Complete Piano Rags (Dover DP13772)",,77
ANZCA Modern,"Examination Syllabus: Pianoforte, Pianoforte Duet, Theory of Music 2025-27, Modern Pianoforte; accessed 2026-10-09",7,,Ragtime,,Maple Leaf Rag,DP13772,,"JOPLIN, S. Complete Piano Rags (Dover DP13772)",,77
ANZCA Modern,"Examination Syllabus: Pianoforte, Pianoforte Duet, Theory of Music 2025-27, Modern Pianoforte; accessed 2026-10-09",7,,Ragtime,,Pine Apple Rag,DP13772,,"JOPLIN, S. Complete Piano Rags (Dover DP13772)",,77
ANZCA Modern,"Examination Syllabus: Pianoforte, Pianoforte Duet, Theory of Music 2025-27, Modern Pianoforte; accessed 2026-10-09",7,,Ragtime,,The Ragtime Dance,DP13772,,"JOPLIN, S. Complete Piano Rags (Dover DP13772)",,77
ANZCA Modern,"Examination Syllabus: Pianoforte, Pianoforte Duet, Theory of Music 2025-27, Modern Pianoforte; accessed 2026-10-09",7,,Ragtime,,Reflection Rag,DP13772,,"JOPLIN, S. Complete Piano Rags (Dover DP13772)",,77
ANZCA Modern,"Examination Syllabus: Pianoforte, Pianoforte Duet, Theory of Music 2025-27, Modern Pianoforte; accessed 2026-10-09",7,,Ragtime,,Scott Joplin’s New Rag,DP13772,,"JOPLIN, S. Complete Piano Rags (Dover DP13772)",,77
ANZCA Modern,"Examination Syllabus: Pianoforte, Pianoforte Duet, Theory of Music 2025-27, Modern Pianoforte; accessed 2026-10-09",7,,Ragtime,,Stoptime Rag,DP13772,,"JOPLIN, S. Complete Piano Rags (Dover DP13772)",,77
ANZCA Modern,"Examination Syllabus: Pianoforte, Pianoforte Duet, Theory of Music 2025-27, Modern Pianoforte; accessed 2026-10-09",7,,Latin American,,Blue Samba,,,ANZCA Modern Pianoforte Series 2 – Grade Seven (ANZCA),,77
ANZCA Modern,"Examination Syllabus: Pianoforte, Pianoforte Duet, Theory of Music 2025-27, Modern Pianoforte; accessed 2026-10-09",7,,Latin American,,Hot Chilli Cha-Cha,,,ANZCA Modern Pianoforte Series 2 – Grade Seven (ANZCA),,77
ANZCA Modern,"Examination Syllabus: Pianoforte, Pianoforte Duet, Theory of Music 2025-27, Modern Pianoforte; accessed 2026-10-09",7,,Latin American,,Dancin’ to Brazil,,,"ANTHONY, Y. Latin-Rave (Wirripang:  australiancomposers.com.au)",,78
ANZCA Modern,"Examination Syllabus: Pianoforte, Pianoforte Duet, Theory of Music 2025-27, Modern Pianoforte; accessed 2026-10-09",7,,Latin American,,Tango Tranquille,,,"BRANDMAN, M. 6 Contemporary Piano Pieces (margaretbrandmanmusic.com.au)",,78
ANZCA Modern,"Examination Syllabus: Pianoforte, Pianoforte Duet, Theory of Music 2025-27, Modern Pianoforte; accessed 2026-10-09",7,,Latin American,,"Hot, Hot, Hot",CH61278,,Dance Style File (Chester CH61278/Music Sales),,78
ANZCA Modern,"Examination Syllabus: Pianoforte, Pianoforte Duet, Theory of Music 2025-27, Modern Pianoforte; accessed 2026-10-09",7,,Latin American,,A la Antigua,HL00220002,,Ernesto Lecuona Piano Music (Hal Leonard HL00220002),,78
ANZCA Modern,"Examination Syllabus: Pianoforte, Pianoforte Duet, Theory of Music 2025-27, Modern Pianoforte; accessed 2026-10-09",7,,Latin American,,Music Box,HL00220002,,Ernesto Lecuona Piano Music (Hal Leonard HL00220002),,78
ANZCA Modern,"Examination Syllabus: Pianoforte, Pianoforte Duet, Theory of Music 2025-27, Modern Pianoforte; accessed 2026-10-09",7,,Latin American,,Zambra Gitana,HL00220002,,Ernesto Lecuona Piano Music (Hal Leonard HL00220002),,78
ANZCA Modern,"Examination Syllabus: Pianoforte, Pianoforte Duet, Theory of Music 2025-27, Modern Pianoforte; accessed 2026-10-09",7,,Latin American,,Eldorado,HL02500535,,"Erroll Garner Anthology, The (Hal Leonard HL02500535)",,78
ANZCA Modern,"Examination Syllabus: Pianoforte, Pianoforte Duet, Theory of Music 2025-27, Modern Pianoforte; accessed 2026-10-09",7,,Latin American,,Mambo Erroll,HL02500535,,"Erroll Garner Anthology, The (Hal Leonard HL02500535)",,78
ANZCA Modern,"Examination Syllabus: Pianoforte, Pianoforte Duet, Theory of Music 2025-27, Modern Pianoforte; accessed 2026-10-09",7,,Latin American,,Mood Island,HL02500535,,"Erroll Garner Anthology, The (Hal Leonard HL02500535)",,78
ANZCA Modern,"Examination Syllabus: Pianoforte, Pianoforte Duet, Theory of Music 2025-27, Modern Pianoforte; accessed 2026-10-09",7,,Latin American,,I Just Called to Say I Love You,HL00311786,,Jazz Piano Solos Volume 8 – Jazz Pop (Hal Leonard HL00311786),,78
ANZCA Modern,"Examination Syllabus: Pianoforte, Pianoforte Duet, Theory of Music 2025-27, Modern Pianoforte; accessed 2026-10-09",7,,Latin American,,If You Leave Me Now,HL00311786,,Jazz Piano Solos Volume 8 – Jazz Pop (Hal Leonard HL00311786),,78
ANZCA Modern,"Examination Syllabus: Pianoforte, Pianoforte Duet, Theory of Music 2025-27, Modern Pianoforte; accessed 2026-10-09",7,,Latin American,,It’s Too Late,HL00311786,,Jazz Piano Solos Volume 8 – Jazz Pop (Hal Leonard HL00311786),,78
ANZCA Modern,"Examination Syllabus: Pianoforte, Pianoforte Duet, Theory of Music 2025-27, Modern Pianoforte; accessed 2026-10-09",7,,Latin American,,A Whole New World,HL00312121,,J.P.S. Volume 16 – Disney (HL00312121),,78
ANZCA Modern,"Examination Syllabus: Pianoforte, Pianoforte Duet, Theory of Music 2025-27, Modern Pianoforte; accessed 2026-10-09",7,,Latin American,,Little Jeannie,HL00120968,,J.P.S. Volume 29 – Elton John (HL00120968),,78
ANZCA Modern,"Examination Syllabus: Pianoforte, Pianoforte Duet, Theory of Music 2025-27, Modern Pianoforte; accessed 2026-10-09",7,,Latin American,,Stilt Dance,,,"MILLWARD, F. Solo Piano (Wirripang:  australiancomposers.com.au)",,78
ANZCA Modern,"Examination Syllabus: Pianoforte, Pianoforte Duet, Theory of Music 2025-27, Modern Pianoforte; accessed 2026-10-09",7,,Latin American,,Appleby. Ferramenta,00-16775,ed. D. P.,Nazareth – Brazilian Tangos and Dances (Alfred 00-16775),,78
ANZCA Modern,"Examination Syllabus: Pianoforte, Pianoforte Duet, Theory of Music 2025-27, Modern Pianoforte; accessed 2026-10-09",7,,Latin American,,Cuban Romance,9781908500175,,"NORTON, C. Connections 8 for Piano (80 Days Pub./Hal Leonard 9781908500175)",,78
ANZCA Modern,"Examination Syllabus: Pianoforte, Pianoforte Duet, Theory of Music 2025-27, Modern Pianoforte; accessed 2026-10-09",7,,Latin American,,"no. 6, Beguine",M060139291,,Latin Preludes Collection (Boosey & Hawkes M060139291),,78
ANZCA Modern,"Examination Syllabus: Pianoforte, Pianoforte Duet, Theory of Music 2025-27, Modern Pianoforte; accessed 2026-10-09",7,,Latin American,,"no. 7, Mambo",M060139291,,Latin Preludes Collection (Boosey & Hawkes M060139291),,78
ANZCA Modern,"Examination Syllabus: Pianoforte, Pianoforte Duet, Theory of Music 2025-27, Modern Pianoforte; accessed 2026-10-09",7,,Latin American,,"no. 7, Sunshine Piece",M060116384,,"Rock Preludes Collection (B&H M060116384) [backing track recommended, but not  mandatory]",,78
ANZCA Modern,"Examination Syllabus: Pianoforte, Pianoforte Duet, Theory of Music 2025-27, Modern Pianoforte; accessed 2026-10-09",7,,Latin American,,Un Poco Loco,ATJ305,,Solos for Jazz Piano (Carl Fischer ATJ305),,78
ANZCA Modern,"Examination Syllabus: Pianoforte, Pianoforte Duet, Theory of Music 2025-27, Modern Pianoforte; accessed 2026-10-09",7,,Latin American,,A Touch of Spain,,,"URQUHART-JONES, D. Moovin’ ’n Groovin’",,78
ANZCA Modern,"Examination Syllabus: Pianoforte, Pianoforte Duet, Theory of Music 2025-27, Modern Pianoforte; accessed 2026-10-09",7,,Latin American,,Sevens and Eights,,,Still Groovin’ (Encore Music Distributors:  encoremusic.com.au),,78
ANZCA Modern,"Examination Syllabus: Pianoforte, Pianoforte Duet, Theory of Music 2025-27, Modern Pianoforte; accessed 2026-10-09",7,,Jazz and Popular Standards,,Hangin’ with Ken & Jo,,,ANZCA Modern Pianoforte Series 2 – Grade Seven (ANZCA),,78
ANZCA Modern,"Examination Syllabus: Pianoforte, Pianoforte Duet, Theory of Music 2025-27, Modern Pianoforte; accessed 2026-10-09",7,,Jazz and Popular Standards,,Jazz Waltz,,,ANZCA Modern Pianoforte Series 2 – Grade Seven (ANZCA),,78
ANZCA Modern,"Examination Syllabus: Pianoforte, Pianoforte Duet, Theory of Music 2025-27, Modern Pianoforte; accessed 2026-10-09",7,,Jazz and Popular Standards,,West Coast Breezes,,,ANZCA Modern Pianoforte Series 2 – Grade Seven (ANZCA),,78
ANZCA Modern,"Examination Syllabus: Pianoforte, Pianoforte Duet, Theory of Music 2025-27, Modern Pianoforte; accessed 2026-10-09",7,,Jazz and Popular Standards,,Blue Petals,YK21087,,"AGAY, D. Joy of Jazz, The (Yorktown Press YK21087/Music Sales)",,78
ANZCA Modern,"Examination Syllabus: Pianoforte, Pianoforte Duet, Theory of Music 2025-27, Modern Pianoforte; accessed 2026-10-09",7,,Jazz and Popular Standards,,Three Jazz Flavors,YK21087,,"AGAY, D. Joy of Jazz, The (Yorktown Press YK21087/Music Sales)",,78
ANZCA Modern,"Examination Syllabus: Pianoforte, Pianoforte Duet, Theory of Music 2025-27, Modern Pianoforte; accessed 2026-10-09",7,,Jazz and Popular Standards,,Jazz at Five,00-35190,,"ALEXANDER, D. Especially in Jazzy Style, Book 3 (Alfred 00-35190)",,78
ANZCA Modern,"Examination Syllabus: Pianoforte, Pianoforte Duet, Theory of Music 2025-27, Modern Pianoforte; accessed 2026-10-09",7,,Jazz and Popular Standards,,Don’s Day Out,,,"ANTHONY, Y. Swing-Rave (Wirripang:  australiancomposers.com.au)",,78
ANZCA Modern,"Examination Syllabus: Pianoforte, Pianoforte Duet, Theory of Music 2025-27, Modern Pianoforte; accessed 2026-10-09",7,,Jazz and Popular Standards,,Movin’ On,,,"ANTHONY, Y. Swing-Rave (Wirripang:  australiancomposers.com.au)",,78
ANZCA Modern,"Examination Syllabus: Pianoforte, Pianoforte Duet, Theory of Music 2025-27, Modern Pianoforte; accessed 2026-10-09",7,,Jazz and Popular Standards,,Wendy,00-AFM00018,,"Artistry of George Shearing, The (Alfred 00-AFM00018)",,78
ANZCA Modern,"Examination Syllabus: Pianoforte, Pianoforte Duet, Theory of Music 2025-27, Modern Pianoforte; accessed 2026-10-09",7,,Jazz and Popular Standards,,Dance on the Nightingale Floor,,,"BAILEY, K. Jazzin’ Around 6 (kerinbailey.com.au, or through Hal Leonard)",,78
ANZCA Modern,"Examination Syllabus: Pianoforte, Pianoforte Duet, Theory of Music 2025-27, Modern Pianoforte; accessed 2026-10-09",7,,Jazz and Popular Standards,Gershwin,They Can’t Take That Away from Me,A0.903033,,Single sheet arrangements: (sheetmusicplus.com A0.903033) [single sheet: sheetmusicplus.com A0.903031],,78
ANZCA Modern,"Examination Syllabus: Pianoforte, Pianoforte Duet, Theory of Music 2025-27, Modern Pianoforte; accessed 2026-10-09",7,,Jazz and Popular Standards,Thiele & Weiss,What a Wonderful World,A0.903033,,Single sheet arrangements: (sheetmusicplus.com A0.903033),,78
ANZCA Modern,"Examination Syllabus: Pianoforte, Pianoforte Duet, Theory of Music 2025-27, Modern Pianoforte; accessed 2026-10-09",7,,Jazz and Popular Standards,,Who Can I Turn To,AM91954,,Bill Evans: Jazz Piano (Wise AM91954/Music Sales),,78
ANZCA Modern,"Examination Syllabus: Pianoforte, Pianoforte Duet, Theory of Music 2025-27, Modern Pianoforte; accessed 2026-10-09",7,,Jazz and Popular Standards,,We Will Meet Again,HL00121885,,Bill Evans – Time Remembered – 14 Piano Transcriptions (Hal Leonard HL00121885),,78
ANZCA Modern,"Examination Syllabus: Pianoforte, Pianoforte Duet, Theory of Music 2025-27, Modern Pianoforte; accessed 2026-10-09",7,,Jazz and Popular Standards,,34 Skidoo,HL00121885,,Bill Evans – Time Remembered – 14 Piano Transcriptions (Hal Leonard HL00121885),,78
ANZCA Modern,"Examination Syllabus: Pianoforte, Pianoforte Duet, Theory of Music 2025-27, Modern Pianoforte; accessed 2026-10-09",7,,Jazz and Popular Standards,,Willie Wagglesticks Walkabout,UE19363,,"BONSOR, B. Jazzy Piano 2 for Young Players (Universal UE19363)",,78
ANZCA Modern,"Examination Syllabus: Pianoforte, Pianoforte Duet, Theory of Music 2025-27, Modern Pianoforte; accessed 2026-10-09",7,,Jazz and Popular Standards,,Feline Fine,,,"CRAGGS, A. Two Advanced Studies in Modern Styles (ANZCA)",,78
ANZCA Modern,"Examination Syllabus: Pianoforte, Pianoforte Duet, Theory of Music 2025-27, Modern Pianoforte; accessed 2026-10-09",7,,Jazz and Popular Standards,,As Time Goes By,00-AF9948,,Dan Coates Complete Advanced Piano Solos – Music for All Occasions (Alfred 00-AF9948),,78
ANZCA Modern,"Examination Syllabus: Pianoforte, Pianoforte Duet, Theory of Music 2025-27, Modern Pianoforte; accessed 2026-10-09",7,,Jazz and Popular Standards,,A Dream is a Wish Your Heart Makes,00-AF9948,,Dan Coates Complete Advanced Piano Solos – Music for All Occasions (Alfred 00-AF9948),,78
ANZCA Modern,"Examination Syllabus: Pianoforte, Pianoforte Duet, Theory of Music 2025-27, Modern Pianoforte; accessed 2026-10-09",7,,Jazz and Popular Standards,,Heart,00-AF9948,,Dan Coates Complete Advanced Piano Solos – Music for All Occasions (Alfred 00-AF9948),,78
ANZCA Modern,"Examination Syllabus: Pianoforte, Pianoforte Duet, Theory of Music 2025-27, Modern Pianoforte; accessed 2026-10-09",7,,Jazz and Popular Standards,,If My Friends Could See Me Now!,00-AF9948,,Dan Coates Complete Advanced Piano Solos – Music for All Occasions (Alfred 00-AF9948),,78
ANZCA Modern,"Examination Syllabus: Pianoforte, Pianoforte Duet, Theory of Music 2025-27, Modern Pianoforte; accessed 2026-10-09",7,,Jazz and Popular Standards,,La Vie en Rose,00-AF9948,,Dan Coates Complete Advanced Piano Solos – Music for All Occasions (Alfred 00-AF9948),,78
ANZCA Modern,"Examination Syllabus: Pianoforte, Pianoforte Duet, Theory of Music 2025-27, Modern Pianoforte; accessed 2026-10-09",7,,Jazz and Popular Standards,,Love and Marriage,00-AF9948,,Dan Coates Complete Advanced Piano Solos – Music for All Occasions (Alfred 00-AF9948),,78
ANZCA Modern,"Examination Syllabus: Pianoforte, Pianoforte Duet, Theory of Music 2025-27, Modern Pianoforte; accessed 2026-10-09",7,,Jazz and Popular Standards,,Misty,00-AF9948,,Dan Coates Complete Advanced Piano Solos – Music for All Occasions (Alfred 00-AF9948),,78
ANZCA Modern,"Examination Syllabus: Pianoforte, Pianoforte Duet, Theory of Music 2025-27, Modern Pianoforte; accessed 2026-10-09",7,,Jazz and Popular Standards,,Nightwind,HL02500535,,"Erroll Garner Anthology, The (Hal Leonard HL02500535)",,78
ANZCA Modern,"Examination Syllabus: Pianoforte, Pianoforte Duet, Theory of Music 2025-27, Modern Pianoforte; accessed 2026-10-09",7,,Jazz and Popular Standards,,Other Voices,HL02500535,,"Erroll Garner Anthology, The (Hal Leonard HL02500535)",,78
ANZCA Modern,"Examination Syllabus: Pianoforte, Pianoforte Duet, Theory of Music 2025-27, Modern Pianoforte; accessed 2026-10-09",7,,Jazz and Popular Standards,,You Turn Me Around,HL02500535,,"Erroll Garner Anthology, The (Hal Leonard HL02500535)",,78
ANZCA Modern,"Examination Syllabus: Pianoforte, Pianoforte Duet, Theory of Music 2025-27, Modern Pianoforte; accessed 2026-10-09",7,,Jazz and Popular Standards,,King for a Day,00-TPF0130,,"Genius of Dave Brubeck, The – Piano Solos, Book 1 (Alfred 00-TPF0130)",,78
ANZCA Modern,"Examination Syllabus: Pianoforte, Pianoforte Duet, Theory of Music 2025-27, Modern Pianoforte; accessed 2026-10-09",7,,Jazz and Popular Standards,,Three to Get Ready,00-TPF0130,,"Genius of Dave Brubeck, The – Piano Solos, Book 1 (Alfred 00-TPF0130)",,78
ANZCA Modern,"Examination Syllabus: Pianoforte, Pianoforte Duet, Theory of Music 2025-27, Modern Pianoforte; accessed 2026-10-09",7,,Jazz and Popular Standards,,Just the Way You Are,AM25990,,"Genius of George Shearing, The (Wise AM25990/Music Sales)",,79
ANZCA Modern,"Examination Syllabus: Pianoforte, Pianoforte Duet, Theory of Music 2025-27, Modern Pianoforte; accessed 2026-10-09",7,,Jazz and Popular Standards,,Killing Me Softly,AM25990,,"Genius of George Shearing, The (Wise AM25990/Music Sales)",,79
ANZCA Modern,"Examination Syllabus: Pianoforte, Pianoforte Duet, Theory of Music 2025-27, Modern Pianoforte; accessed 2026-10-09",7,,Jazz and Popular Standards,,Blue Moon,00-AF9669A,,"Giants of Jazz Piano, The (Alfred 00-AF9669A)",,79
ANZCA Modern,"Examination Syllabus: Pianoforte, Pianoforte Duet, Theory of Music 2025-27, Modern Pianoforte; accessed 2026-10-09",7,,Jazz and Popular Standards,,Fascinating Rhythm,00-AF9669A,,"Giants of Jazz Piano, The (Alfred 00-AF9669A)",,79
ANZCA Modern,"Examination Syllabus: Pianoforte, Pianoforte Duet, Theory of Music 2025-27, Modern Pianoforte; accessed 2026-10-09",7,,Jazz and Popular Standards,,Get Happy,00-AF9669A,,"Giants of Jazz Piano, The (Alfred 00-AF9669A)",,79
ANZCA Modern,"Examination Syllabus: Pianoforte, Pianoforte Duet, Theory of Music 2025-27, Modern Pianoforte; accessed 2026-10-09",7,,Jazz and Popular Standards,,I’m in the Mood for Love,00-AF9669A,,"Giants of Jazz Piano, The (Alfred 00-AF9669A)",,79
ANZCA Modern,"Examination Syllabus: Pianoforte, Pianoforte Duet, Theory of Music 2025-27, Modern Pianoforte; accessed 2026-10-09",7,,Jazz and Popular Standards,,Over the Rainbow,00-AF9669A,,"Giants of Jazz Piano, The (Alfred 00-AF9669A)",,79
ANZCA Modern,"Examination Syllabus: Pianoforte, Pianoforte Duet, Theory of Music 2025-27, Modern Pianoforte; accessed 2026-10-09",7,,Jazz and Popular Standards,,Stompin’ at the Savoy,00-AF9669A,,"Giants of Jazz Piano, The (Alfred 00-AF9669A)",,79
ANZCA Modern,"Examination Syllabus: Pianoforte, Pianoforte Duet, Theory of Music 2025-27, Modern Pianoforte; accessed 2026-10-09",7,,Jazz and Popular Standards,,il porco rosso,179017,,"HISAISHI, J. Ghibli Best Stories (Hal Leonard/Zen-On 179017)",,79
ANZCA Modern,"Examination Syllabus: Pianoforte, Pianoforte Duet, Theory of Music 2025-27, Modern Pianoforte; accessed 2026-10-09",7,,Jazz and Popular Standards,,Fields of Gold,HL00311786,,Jazz Piano Solos Volume 8 – Jazz Pop (Hal Leonard HL00311786),,79
ANZCA Modern,"Examination Syllabus: Pianoforte, Pianoforte Duet, Theory of Music 2025-27, Modern Pianoforte; accessed 2026-10-09",7,,Jazz and Popular Standards,,Isn’t She Lovely,HL00311786,,Jazz Piano Solos Volume 8 – Jazz Pop (Hal Leonard HL00311786),,79
ANZCA Modern,"Examination Syllabus: Pianoforte, Pianoforte Duet, Theory of Music 2025-27, Modern Pianoforte; accessed 2026-10-09",7,,Jazz and Popular Standards,,Killing Me Softly With His Song,HL00311786,,Jazz Piano Solos Volume 8 – Jazz Pop (Hal Leonard HL00311786),,79
ANZCA Modern,"Examination Syllabus: Pianoforte, Pianoforte Duet, Theory of Music 2025-27, Modern Pianoforte; accessed 2026-10-09",7,,Jazz and Popular Standards,,Norwegian Wood,HL00311786,,Jazz Piano Solos Volume 8 – Jazz Pop (Hal Leonard HL00311786),,79
ANZCA Modern,"Examination Syllabus: Pianoforte, Pianoforte Duet, Theory of Music 2025-27, Modern Pianoforte; accessed 2026-10-09",7,,Jazz and Popular Standards,,Rainy Days and Mondays,HL00311786,,Jazz Piano Solos Volume 8 – Jazz Pop (Hal Leonard HL00311786),,79
ANZCA Modern,"Examination Syllabus: Pianoforte, Pianoforte Duet, Theory of Music 2025-27, Modern Pianoforte; accessed 2026-10-09",7,,Jazz and Popular Standards,,Roxanne,HL00311786,,Jazz Piano Solos Volume 8 – Jazz Pop (Hal Leonard HL00311786),,79
ANZCA Modern,"Examination Syllabus: Pianoforte, Pianoforte Duet, Theory of Music 2025-27, Modern Pianoforte; accessed 2026-10-09",7,,Jazz and Popular Standards,,Sunny,HL00311786,,Jazz Piano Solos Volume 8 – Jazz Pop (Hal Leonard HL00311786),,79
ANZCA Modern,"Examination Syllabus: Pianoforte, Pianoforte Duet, Theory of Music 2025-27, Modern Pianoforte; accessed 2026-10-09",7,,Jazz and Popular Standards,,What a Fool Believes,HL00311786,,Jazz Piano Solos Volume 8 – Jazz Pop (Hal Leonard HL00311786),,79
ANZCA Modern,"Examination Syllabus: Pianoforte, Pianoforte Duet, Theory of Music 2025-27, Modern Pianoforte; accessed 2026-10-09",7,,Jazz and Popular Standards,,What a Wonderful World,HL00311786,,Jazz Piano Solos Volume 8 – Jazz Pop (Hal Leonard HL00311786),,79
ANZCA Modern,"Examination Syllabus: Pianoforte, Pianoforte Duet, Theory of Music 2025-27, Modern Pianoforte; accessed 2026-10-09",7,,Jazz and Popular Standards,,Chim Chim Cher-ee,HL00312121,,J.P.S. Volume 16 – Disney (HL00312121),,79
ANZCA Modern,"Examination Syllabus: Pianoforte, Pianoforte Duet, Theory of Music 2025-27, Modern Pianoforte; accessed 2026-10-09",7,,Jazz and Popular Standards,,He’s a Tramp,HL00312121,,J.P.S. Volume 16 – Disney (HL00312121),,79
ANZCA Modern,"Examination Syllabus: Pianoforte, Pianoforte Duet, Theory of Music 2025-27, Modern Pianoforte; accessed 2026-10-09",7,,Jazz and Popular Standards,,Some Day My Prince Will Come,HL00312121,,J.P.S. Volume 16 – Disney (HL00312121),,79
ANZCA Modern,"Examination Syllabus: Pianoforte, Pianoforte Duet, Theory of Music 2025-27, Modern Pianoforte; accessed 2026-10-09",7,,Jazz and Popular Standards,,All You Need is Love,HL00119302,,J.P.S. Volume 28 – The Beatles (HL00119302),,79
ANZCA Modern,"Examination Syllabus: Pianoforte, Pianoforte Duet, Theory of Music 2025-27, Modern Pianoforte; accessed 2026-10-09",7,,Jazz and Popular Standards,,Can’t Buy Me Love,HL00119302,,J.P.S. Volume 28 – The Beatles (HL00119302),,79
ANZCA Modern,"Examination Syllabus: Pianoforte, Pianoforte Duet, Theory of Music 2025-27, Modern Pianoforte; accessed 2026-10-09",7,,Jazz and Popular Standards,,Day Tripper,HL00119302,,J.P.S. Volume 28 – The Beatles (HL00119302),,79
ANZCA Modern,"Examination Syllabus: Pianoforte, Pianoforte Duet, Theory of Music 2025-27, Modern Pianoforte; accessed 2026-10-09",7,,Jazz and Popular Standards,,Don’t Let Me Down,HL00119302,,J.P.S. Volume 28 – The Beatles (HL00119302),,79
ANZCA Modern,"Examination Syllabus: Pianoforte, Pianoforte Duet, Theory of Music 2025-27, Modern Pianoforte; accessed 2026-10-09",7,,Jazz and Popular Standards,,Got to Get You Into My Life,HL00119302,,J.P.S. Volume 28 – The Beatles (HL00119302),,79
ANZCA Modern,"Examination Syllabus: Pianoforte, Pianoforte Duet, Theory of Music 2025-27, Modern Pianoforte; accessed 2026-10-09",7,,Jazz and Popular Standards,,Penny Lane,HL00119302,,J.P.S. Volume 28 – The Beatles (HL00119302),,79
ANZCA Modern,"Examination Syllabus: Pianoforte, Pianoforte Duet, Theory of Music 2025-27, Modern Pianoforte; accessed 2026-10-09",7,,Jazz and Popular Standards,,Don’t Go Breaking My Heart,HL00120968,,J.P.S. Volume 29 – Elton John (HL00120968),,79
ANZCA Modern,"Examination Syllabus: Pianoforte, Pianoforte Duet, Theory of Music 2025-27, Modern Pianoforte; accessed 2026-10-09",7,,Jazz and Popular Standards,,Rocket Man,HL00120968,,J.P.S. Volume 29 – Elton John (HL00120968),,79
ANZCA Modern,"Examination Syllabus: Pianoforte, Pianoforte Duet, Theory of Music 2025-27, Modern Pianoforte; accessed 2026-10-09",7,,Jazz and Popular Standards,,Tiny Dancer,HL00120968,,J.P.S. Volume 29 – Elton John (HL00120968),,79
ANZCA Modern,"Examination Syllabus: Pianoforte, Pianoforte Duet, Theory of Music 2025-27, Modern Pianoforte; accessed 2026-10-09",7,,Jazz and Popular Standards,,Showin’ Off!,,,"LYNCH, S. Single sheet: (sandylynchmusic.com)",,79
ANZCA Modern,"Examination Syllabus: Pianoforte, Pianoforte Duet, Theory of Music 2025-27, Modern Pianoforte; accessed 2026-10-09",7,,Jazz and Popular Standards,,Bahay Kubo,BH 13083,,"NORTON, C. Eastern Preludes Collection (Boosey & Hawkes BH 13083)",,79
ANZCA Modern,"Examination Syllabus: Pianoforte, Pianoforte Duet, Theory of Music 2025-27, Modern Pianoforte; accessed 2026-10-09",7,,Jazz and Popular Standards,,Now is the Hour,BH 13100,,Pacific Preludes Collection (B&H BH 13100),,79
ANZCA Modern,"Examination Syllabus: Pianoforte, Pianoforte Duet, Theory of Music 2025-27, Modern Pianoforte; accessed 2026-10-09",7,,Jazz and Popular Standards,,Pokarekare Ana,BH 13100,,Pacific Preludes Collection (B&H BH 13100),,79
ANZCA Modern,"Examination Syllabus: Pianoforte, Pianoforte Duet, Theory of Music 2025-27, Modern Pianoforte; accessed 2026-10-09",7,,Jazz and Popular Standards,,"Jesu, Joy of Man’s Desiring",HL00198473,,"Phillip Keveren Series, The – Bach Meets Jazz (Hal Leonard HL00198473)",,79
ANZCA Modern,"Examination Syllabus: Pianoforte, Pianoforte Duet, Theory of Music 2025-27, Modern Pianoforte; accessed 2026-10-09",7,,Jazz and Popular Standards,,Prelude and Fugue in C Minor,HL00198473,,"Phillip Keveren Series, The – Bach Meets Jazz (Hal Leonard HL00198473)",,79
ANZCA Modern,"Examination Syllabus: Pianoforte, Pianoforte Duet, Theory of Music 2025-27, Modern Pianoforte; accessed 2026-10-09",7,,Jazz and Popular Standards,,Prelude in C Major,HL00198473,,"Phillip Keveren Series, The – Bach Meets Jazz (Hal Leonard HL00198473)",,79
ANZCA Modern,"Examination Syllabus: Pianoforte, Pianoforte Duet, Theory of Music 2025-27, Modern Pianoforte; accessed 2026-10-09",7,,Jazz and Popular Standards,,I’m in the Mood for Love,AM24886,,Popular Piano Solos Book 2 (Wise AM24886/Music Sales),,79
ANZCA Modern,"Examination Syllabus: Pianoforte, Pianoforte Duet, Theory of Music 2025-27, Modern Pianoforte; accessed 2026-10-09",7,,Jazz and Popular Standards,,African Waltz,AM33861,,Book 8: Jazz (AM33861),,79
ANZCA Modern,"Examination Syllabus: Pianoforte, Pianoforte Duet, Theory of Music 2025-27, Modern Pianoforte; accessed 2026-10-09",7,,Jazz and Popular Standards,,Caravan,AM33861,,Book 8: Jazz (AM33861),,79
ANZCA Modern,"Examination Syllabus: Pianoforte, Pianoforte Duet, Theory of Music 2025-27, Modern Pianoforte; accessed 2026-10-09",7,,Jazz and Popular Standards,,Don’t Get Around Much Anymore,AM33861,,Book 8: Jazz (AM33861),,79
ANZCA Modern,"Examination Syllabus: Pianoforte, Pianoforte Duet, Theory of Music 2025-27, Modern Pianoforte; accessed 2026-10-09",7,,Jazz and Popular Standards,,I’m Gonna Sit Right Down,AM33861,,Book 8: Jazz (AM33861),,79
ANZCA Modern,"Examination Syllabus: Pianoforte, Pianoforte Duet, Theory of Music 2025-27, Modern Pianoforte; accessed 2026-10-09",7,,Jazz and Popular Standards,,Manteca,AM33861,,Book 8: Jazz (AM33861),,79
ANZCA Modern,"Examination Syllabus: Pianoforte, Pianoforte Duet, Theory of Music 2025-27, Modern Pianoforte; accessed 2026-10-09",7,,Jazz and Popular Standards,,’Round Midnight,AM33861,,Book 8: Jazz (AM33861),,79
ANZCA Modern,"Examination Syllabus: Pianoforte, Pianoforte Duet, Theory of Music 2025-27, Modern Pianoforte; accessed 2026-10-09",7,,Jazz and Popular Standards,,Lulu’s Back in Town,HL00110218,,"SISKIND, J. The Magic of Standards (Hal Leonard HL00110218)",,79
ANZCA Modern,"Examination Syllabus: Pianoforte, Pianoforte Duet, Theory of Music 2025-27, Modern Pianoforte; accessed 2026-10-09",7,,Jazz and Popular Standards,,Nardis,ATJ305,,Solos for Jazz Piano (Carl Fischer ATJ305),,79
ANZCA Modern,"Examination Syllabus: Pianoforte, Pianoforte Duet, Theory of Music 2025-27, Modern Pianoforte; accessed 2026-10-09",7,,Jazz and Popular Standards,,Jazz Waltz,,,"URQUHART-JONES, D. Moovin’ ’n Groovin’",,79
ANZCA Modern,"Examination Syllabus: Pianoforte, Pianoforte Duet, Theory of Music 2025-27, Modern Pianoforte; accessed 2026-10-09",7,,Jazz and Popular Standards,,Lazy Tones,,,More Straight and Jazzy,,79
ANZCA Modern,"Examination Syllabus: Pianoforte, Pianoforte Duet, Theory of Music 2025-27, Modern Pianoforte; accessed 2026-10-09",7,,Jazz and Popular Standards,,Remembrance,,,More Straight and Jazzy,,79
ANZCA Modern,"Examination Syllabus: Pianoforte, Pianoforte Duet, Theory of Music 2025-27, Modern Pianoforte; accessed 2026-10-09",7,,Jazz and Popular Standards,,Easy Does It,,,Still Groovin’,,79
ANZCA Modern,"Examination Syllabus: Pianoforte, Pianoforte Duet, Theory of Music 2025-27, Modern Pianoforte; accessed 2026-10-09",7,,Jazz and Popular Standards,,Still Groovin’,,,Still Groovin’,,79
ANZCA Modern,"Examination Syllabus: Pianoforte, Pianoforte Duet, Theory of Music 2025-27, Modern Pianoforte; accessed 2026-10-09",7,,Jazz and Popular Standards,,Tenth Avenue,,,Still Groovin’,,79
ANZCA Modern,"Examination Syllabus: Pianoforte, Pianoforte Duet, Theory of Music 2025-27, Modern Pianoforte; accessed 2026-10-09",7,,Jazz and Popular Standards,,Parkview in Swingtime,,,Straight and Jazzy (Encore Music Distributors:  encoremusic.com.au),,79
ANZCA Modern,"Examination Syllabus: Pianoforte, Pianoforte Duet, Theory of Music 2025-27, Modern Pianoforte; accessed 2026-10-09",7,,Jazz and Popular Standards,,no. 1 – So What Little Prelude in D minor,,,"WILKINS, K. So What Bach (Wirripang:  australiancomposers.com.au)",,79
ANZCA Modern,"Examination Syllabus: Pianoforte, Pianoforte Duet, Theory of Music 2025-27, Modern Pianoforte; accessed 2026-10-09",7,,Jazz and Popular Standards,,no. 5 – So What Partita,,,"WILKINS, K. So What Bach (Wirripang:  australiancomposers.com.au)",,79
ANZCA Modern,"Examination Syllabus: Pianoforte, Pianoforte Duet, Theory of Music 2025-27, Modern Pianoforte; accessed 2026-10-09",8,,Pop and Rock,,Bill’s Lunchbox,,,ANZCA Modern Pianoforte Series 2 – Grade Eight (ANZCA),,81
ANZCA Modern,"Examination Syllabus: Pianoforte, Pianoforte Duet, Theory of Music 2025-27, Modern Pianoforte; accessed 2026-10-09",8,,Pop and Rock,,Danny Boy,,,ANZCA Modern Pianoforte Series 2 – Grade Eight (ANZCA),,81
ANZCA Modern,"Examination Syllabus: Pianoforte, Pianoforte Duet, Theory of Music 2025-27, Modern Pianoforte; accessed 2026-10-09",8,,Pop and Rock,,Serenade for Sarah Jane,,,ANZCA Modern Pianoforte Series 2 – Grade Eight (ANZCA),,81
ANZCA Modern,"Examination Syllabus: Pianoforte, Pianoforte Duet, Theory of Music 2025-27, Modern Pianoforte; accessed 2026-10-09",8,,Pop and Rock,,AuBord de le Riviève,AM61441,,"CLAYDERMAN, R. Anthology (Amsco AM61441/Music Sales)",,81
ANZCA Modern,"Examination Syllabus: Pianoforte, Pianoforte Duet, Theory of Music 2025-27, Modern Pianoforte; accessed 2026-10-09",8,,Pop and Rock,,Feelings,AM61441,,"CLAYDERMAN, R. Anthology (Amsco AM61441/Music Sales)",,81
ANZCA Modern,"Examination Syllabus: Pianoforte, Pianoforte Duet, Theory of Music 2025-27, Modern Pianoforte; accessed 2026-10-09",8,,Pop and Rock,,Le Voyage Dans La Nuit,AM61441,,"CLAYDERMAN, R. Anthology (Amsco AM61441/Music Sales)",,81
ANZCA Modern,"Examination Syllabus: Pianoforte, Pianoforte Duet, Theory of Music 2025-27, Modern Pianoforte; accessed 2026-10-09",8,,Pop and Rock,,Beauty and the Beast,00-AF9948,,Dan Coates Complete Advanced Piano Solos – Music for All Occasions (Alfred 00-AF9948),,81
ANZCA Modern,"Examination Syllabus: Pianoforte, Pianoforte Duet, Theory of Music 2025-27, Modern Pianoforte; accessed 2026-10-09",8,,Pop and Rock,,Can You Read My Mind?,00-AF9948,,Dan Coates Complete Advanced Piano Solos – Music for All Occasions (Alfred 00-AF9948),,81
ANZCA Modern,"Examination Syllabus: Pianoforte, Pianoforte Duet, Theory of Music 2025-27, Modern Pianoforte; accessed 2026-10-09",8,,Pop and Rock,,Desperado,00-AF9948,,Dan Coates Complete Advanced Piano Solos – Music for All Occasions (Alfred 00-AF9948),,81
ANZCA Modern,"Examination Syllabus: Pianoforte, Pianoforte Duet, Theory of Music 2025-27, Modern Pianoforte; accessed 2026-10-09",8,,Pop and Rock,,Evergreen,00-AF9948,,Dan Coates Complete Advanced Piano Solos – Music for All Occasions (Alfred 00-AF9948),,81
ANZCA Modern,"Examination Syllabus: Pianoforte, Pianoforte Duet, Theory of Music 2025-27, Modern Pianoforte; accessed 2026-10-09",8,,Pop and Rock,,From a Distance,00-AF9948,,Dan Coates Complete Advanced Piano Solos – Music for All Occasions (Alfred 00-AF9948),,81
ANZCA Modern,"Examination Syllabus: Pianoforte, Pianoforte Duet, Theory of Music 2025-27, Modern Pianoforte; accessed 2026-10-09",8,,Pop and Rock,,I Believe I Can Fly,00-AF9948,,Dan Coates Complete Advanced Piano Solos – Music for All Occasions (Alfred 00-AF9948),,81
ANZCA Modern,"Examination Syllabus: Pianoforte, Pianoforte Duet, Theory of Music 2025-27, Modern Pianoforte; accessed 2026-10-09",8,,Pop and Rock,,I Don’t Want to Miss a Thing,00-AF9948,,Dan Coates Complete Advanced Piano Solos – Music for All Occasions (Alfred 00-AF9948),,81
ANZCA Modern,"Examination Syllabus: Pianoforte, Pianoforte Duet, Theory of Music 2025-27, Modern Pianoforte; accessed 2026-10-09",8,,Pop and Rock,,I Swear,00-AF9948,,Dan Coates Complete Advanced Piano Solos – Music for All Occasions (Alfred 00-AF9948),,81
ANZCA Modern,"Examination Syllabus: Pianoforte, Pianoforte Duet, Theory of Music 2025-27, Modern Pianoforte; accessed 2026-10-09",8,,Pop and Rock,,The Prayer,00-AF9948,,Dan Coates Complete Advanced Piano Solos – Music for All Occasions (Alfred 00-AF9948),,81
ANZCA Modern,"Examination Syllabus: Pianoforte, Pianoforte Duet, Theory of Music 2025-27, Modern Pianoforte; accessed 2026-10-09",8,,Pop and Rock,,Send in the Clowns,00-AF9948,,Dan Coates Complete Advanced Piano Solos – Music for All Occasions (Alfred 00-AF9948),,81
ANZCA Modern,"Examination Syllabus: Pianoforte, Pianoforte Duet, Theory of Music 2025-27, Modern Pianoforte; accessed 2026-10-09",8,,Pop and Rock,,Tears in Heaven,00-AF9948,,Dan Coates Complete Advanced Piano Solos – Music for All Occasions (Alfred 00-AF9948),,81
ANZCA Modern,"Examination Syllabus: Pianoforte, Pianoforte Duet, Theory of Music 2025-27, Modern Pianoforte; accessed 2026-10-09",8,,Pop and Rock,,Theme from Ice Castles,00-AF9948,,Dan Coates Complete Advanced Piano Solos – Music for All Occasions (Alfred 00-AF9948),,81
ANZCA Modern,"Examination Syllabus: Pianoforte, Pianoforte Duet, Theory of Music 2025-27, Modern Pianoforte; accessed 2026-10-09",8,,Pop and Rock,,Un-Break My Heart,00-AF9948,,Dan Coates Complete Advanced Piano Solos – Music for All Occasions (Alfred 00-AF9948),,81
ANZCA Modern,"Examination Syllabus: Pianoforte, Pianoforte Duet, Theory of Music 2025-27, Modern Pianoforte; accessed 2026-10-09",8,,Pop and Rock,,The Wind Beneath My Wings,00-AF9948,,Dan Coates Complete Advanced Piano Solos – Music for All Occasions (Alfred 00-AF9948),,81
ANZCA Modern,"Examination Syllabus: Pianoforte, Pianoforte Duet, Theory of Music 2025-27, Modern Pianoforte; accessed 2026-10-09",8,,Pop and Rock,,Dr. Funk,,,"EUSTACE, B. Dr. Senior",,81
ANZCA Modern,"Examination Syllabus: Pianoforte, Pianoforte Duet, Theory of Music 2025-27, Modern Pianoforte; accessed 2026-10-09",8,,Pop and Rock,,The House of the Rising Sun,,,Ragazzi (bradleyeustace.com/anzca),,81
ANZCA Modern,"Examination Syllabus: Pianoforte, Pianoforte Duet, Theory of Music 2025-27, Modern Pianoforte; accessed 2026-10-09",8,,Pop and Rock,,Fantasia (for Nausicaä),179017,,"HISAISHI, J. Ghibli Best Stories (Hal Leonard/Zen-On 179017)",,81
ANZCA Modern,"Examination Syllabus: Pianoforte, Pianoforte Duet, Theory of Music 2025-27, Modern Pianoforte; accessed 2026-10-09",8,,Pop and Rock,,Kiki’s Delivery Service,179017,,"HISAISHI, J. Ghibli Best Stories (Hal Leonard/Zen-On 179017)",,81
ANZCA Modern,"Examination Syllabus: Pianoforte, Pianoforte Duet, Theory of Music 2025-27, Modern Pianoforte; accessed 2026-10-09",8,,Pop and Rock,,My Neighbor Tortoro,179017,,"HISAISHI, J. Ghibli Best Stories (Hal Leonard/Zen-On 179017)",,81
ANZCA Modern,"Examination Syllabus: Pianoforte, Pianoforte Duet, Theory of Music 2025-27, Modern Pianoforte; accessed 2026-10-09",8,,Pop and Rock,,You Are So Beautiful,HL00311786,,Jazz Piano Solos Volume 8 – Jazz Pop (Hal Leonard HL00311786),,81
ANZCA Modern,"Examination Syllabus: Pianoforte, Pianoforte Duet, Theory of Music 2025-27, Modern Pianoforte; accessed 2026-10-09",8,,Pop and Rock,,Golden Slumbers,HL00119302,,J.P.S. Volume 28 – The Beatles (HL00119302),,81
ANZCA Modern,"Examination Syllabus: Pianoforte, Pianoforte Duet, Theory of Music 2025-27, Modern Pianoforte; accessed 2026-10-09",8,,Pop and Rock,,Here Comes the Sun,HL00119302,,J.P.S. Volume 28 – The Beatles (HL00119302),,81
ANZCA Modern,"Examination Syllabus: Pianoforte, Pianoforte Duet, Theory of Music 2025-27, Modern Pianoforte; accessed 2026-10-09",8,,Pop and Rock,,Something,HL00119302,,J.P.S. Volume 28 – The Beatles (HL00119302),,81
ANZCA Modern,"Examination Syllabus: Pianoforte, Pianoforte Duet, Theory of Music 2025-27, Modern Pianoforte; accessed 2026-10-09",8,,Pop and Rock,,Sorry Seems to Be the Hardest Word,HL00120968,,J.P.S. Volume 29 – Elton John (HL00120968),,81
ANZCA Modern,"Examination Syllabus: Pianoforte, Pianoforte Duet, Theory of Music 2025-27, Modern Pianoforte; accessed 2026-10-09",8,,Pop and Rock,,Your Song,HL00120968,,J.P.S. Volume 29 – Elton John (HL00120968),,81
ANZCA Modern,"Examination Syllabus: Pianoforte, Pianoforte Duet, Theory of Music 2025-27, Modern Pianoforte; accessed 2026-10-09",8,,Pop and Rock,,Levon,HL00306040,,"JOHN, E. The Elton John Collection (Hal Leonard HL00306040)",,81
ANZCA Modern,"Examination Syllabus: Pianoforte, Pianoforte Duet, Theory of Music 2025-27, Modern Pianoforte; accessed 2026-10-09",8,,Pop and Rock,,The Ocarina of Time,00-44550,,"Legend of Zelda, The: Symphony of the Goddesses – Piano Solo (Alfred 00-44550)",,81
ANZCA Modern,"Examination Syllabus: Pianoforte, Pianoforte Duet, Theory of Music 2025-27, Modern Pianoforte; accessed 2026-10-09",8,,Pop and Rock,,Time of the Falling Rain,00-44550,,"Legend of Zelda, The: Symphony of the Goddesses – Piano Solo (Alfred 00-44550)",,81
ANZCA Modern,"Examination Syllabus: Pianoforte, Pianoforte Duet, Theory of Music 2025-27, Modern Pianoforte; accessed 2026-10-09",8,,Pop and Rock,,Chan Mali Chan,BH 13083,,"NORTON, C. Eastern Preludes Collection (Boosey & Hawkes BH 13083)",,81
ANZCA Modern,"Examination Syllabus: Pianoforte, Pianoforte Duet, Theory of Music 2025-27, Modern Pianoforte; accessed 2026-10-09",8,,Pop and Rock,,Sweet Betsy from Pike,BH 13100,,Pacific Preludes Collection (B&H BH 13100),,81
ANZCA Modern,"Examination Syllabus: Pianoforte, Pianoforte Duet, Theory of Music 2025-27, Modern Pianoforte; accessed 2026-10-09",8,,Pop and Rock,,"no. 3, Jingo",M060116384,,"Rock Preludes Collection (B&H M060116384) [Backing tracks recommended, but not mandatory]",,81
ANZCA Modern,"Examination Syllabus: Pianoforte, Pianoforte Duet, Theory of Music 2025-27, Modern Pianoforte; accessed 2026-10-09",8,,Pop and Rock,,"no. 14, Forcing the Pace",M060116384,,Rock Preludes Collection (B&H M060116384),,81
ANZCA Modern,"Examination Syllabus: Pianoforte, Pianoforte Duet, Theory of Music 2025-27, Modern Pianoforte; accessed 2026-10-09",8,,Pop and Rock,,Bohemian Rhapsody,HL00156645,,"Phillip Keveren Series, The – Queen for Classical Piano (Hal Leonard HL00156645)",,81
ANZCA Modern,"Examination Syllabus: Pianoforte, Pianoforte Duet, Theory of Music 2025-27, Modern Pianoforte; accessed 2026-10-09",8,,Pop and Rock,,We Will Rock You,HL00156645,,"Phillip Keveren Series, The – Queen for Classical Piano (Hal Leonard HL00156645)",,81
ANZCA Modern,"Examination Syllabus: Pianoforte, Pianoforte Duet, Theory of Music 2025-27, Modern Pianoforte; accessed 2026-10-09",8,,Pop and Rock,,By the Time I Get to Phoenix,AM24100,,Popular Piano Solos Book 1 (Wise AM24100),,81
ANZCA Modern,"Examination Syllabus: Pianoforte, Pianoforte Duet, Theory of Music 2025-27, Modern Pianoforte; accessed 2026-10-09",8,,Pop and Rock,,Macarthur Park,AM24100,,Popular Piano Solos Book 1 (Wise AM24100),,81
ANZCA Modern,"Examination Syllabus: Pianoforte, Pianoforte Duet, Theory of Music 2025-27, Modern Pianoforte; accessed 2026-10-09",8,,Pop and Rock,,You Don’t Bring Me Flowers,AM24886,,Book 2 (AM24886),,81
ANZCA Modern,"Examination Syllabus: Pianoforte, Pianoforte Duet, Theory of Music 2025-27, Modern Pianoforte; accessed 2026-10-09",8,,Pop and Rock,,Defying Gravity,HL00311317,,"SCHWARTZ, S. Wicked (Hal Leonard HL00311317)",,81
ANZCA Modern,"Examination Syllabus: Pianoforte, Pianoforte Duet, Theory of Music 2025-27, Modern Pianoforte; accessed 2026-10-09",8,,Blues,,Amazing Grace,,,ANZCA Modern Pianoforte Series 2 – Grade Eight (ANZCA),,82
ANZCA Modern,"Examination Syllabus: Pianoforte, Pianoforte Duet, Theory of Music 2025-27, Modern Pianoforte; accessed 2026-10-09",8,,Blues,,Back in New Orleans,,,ANZCA Modern Pianoforte Series 2 – Grade Eight (ANZCA),,82
ANZCA Modern,"Examination Syllabus: Pianoforte, Pianoforte Duet, Theory of Music 2025-27, Modern Pianoforte; accessed 2026-10-09",8,,Blues,,Shades of Blue,,,ANZCA Modern Pianoforte Series 2 – Grade Eight (ANZCA),,82
ANZCA Modern,"Examination Syllabus: Pianoforte, Pianoforte Duet, Theory of Music 2025-27, Modern Pianoforte; accessed 2026-10-09",8,,Blues,,Miss Celie’s Blues,00-AF9948,,Dan Coates Complete Advanced Piano Solos – Music for All Occasions (Alfred 00-AF9948),,82
ANZCA Modern,"Examination Syllabus: Pianoforte, Pianoforte Duet, Theory of Music 2025-27, Modern Pianoforte; accessed 2026-10-09",8,,Blues,,Way Back Blues,HL02500535,,"Erroll Garner Anthology, The (Hal Leonard HL02500535)",,82
ANZCA Modern,"Examination Syllabus: Pianoforte, Pianoforte Duet, Theory of Music 2025-27, Modern Pianoforte; accessed 2026-10-09",8,,Blues,,Bluette,00-TPF0130,,"Genius of Dave Brubeck, The – Piano Solos, Book 1 (Alfred 00-TPF0130)",,82
ANZCA Modern,"Examination Syllabus: Pianoforte, Pianoforte Duet, Theory of Music 2025-27, Modern Pianoforte; accessed 2026-10-09",8,,Blues,,Far More Blue,00-TPF0130,,"Genius of Dave Brubeck, The – Piano Solos, Book 1 (Alfred 00-TPF0130)",,82
ANZCA Modern,"Examination Syllabus: Pianoforte, Pianoforte Duet, Theory of Music 2025-27, Modern Pianoforte; accessed 2026-10-09",8,,Blues,,Bluette,00-AF9669A,,"Giants of Jazz Piano, The (Alfred 00-AF9669A)",,82
ANZCA Modern,"Examination Syllabus: Pianoforte, Pianoforte Duet, Theory of Music 2025-27, Modern Pianoforte; accessed 2026-10-09",8,,Blues,,From Me to You,HL00119302,,Jazz Piano Solos Volume 28 – The Beatles (Hal Leonard HL00119302),,82
ANZCA Modern,"Examination Syllabus: Pianoforte, Pianoforte Duet, Theory of Music 2025-27, Modern Pianoforte; accessed 2026-10-09",8,,Blues,,Don’t Let the Sun Go Down on Me,HL00120968,,J.P.S. Volume 29 – Elton John (HL00120968),,82
ANZCA Modern,"Examination Syllabus: Pianoforte, Pianoforte Duet, Theory of Music 2025-27, Modern Pianoforte; accessed 2026-10-09",8,,Blues,,Philadelphia Freedom,HL00120968,,J.P.S. Volume 29 – Elton John (HL00120968),,82
ANZCA Modern,"Examination Syllabus: Pianoforte, Pianoforte Duet, Theory of Music 2025-27, Modern Pianoforte; accessed 2026-10-09",8,,Blues,,Mephisto Blues,,,"MAMAK, D. Five Eclectic Pieces for Piano (devimamak.com.au)",,82
ANZCA Modern,"Examination Syllabus: Pianoforte, Pianoforte Duet, Theory of Music 2025-27, Modern Pianoforte; accessed 2026-10-09",8,,Blues,,Once I Was Crazy Now I’m Just Mad,,,"MILLWARD, F. Solo Piano (Wirripang:  australiancomposers.com.au)",,82
ANZCA Modern,"Examination Syllabus: Pianoforte, Pianoforte Duet, Theory of Music 2025-27, Modern Pianoforte; accessed 2026-10-09",8,,Blues,,Doin’ It,HL00310092,,New Orleans Piano Legends – Piano Solo (Hal Leonard HL00310092),,82
ANZCA Modern,"Examination Syllabus: Pianoforte, Pianoforte Duet, Theory of Music 2025-27, Modern Pianoforte; accessed 2026-10-09",8,,Blues,,Pop’s Dilemma,HL00310092,,New Orleans Piano Legends – Piano Solo (Hal Leonard HL00310092),,82
ANZCA Modern,"Examination Syllabus: Pianoforte, Pianoforte Duet, Theory of Music 2025-27, Modern Pianoforte; accessed 2026-10-09",8,,Blues,,Black Coffee,AM33879,,Popular Piano Solos Book 7: Blues (Wise AM33879/Music Sales),,82
ANZCA Modern,"Examination Syllabus: Pianoforte, Pianoforte Duet, Theory of Music 2025-27, Modern Pianoforte; accessed 2026-10-09",8,,Blues,,I Waited For You,AM33879,,Popular Piano Solos Book 7: Blues (Wise AM33879/Music Sales),,82
ANZCA Modern,"Examination Syllabus: Pianoforte, Pianoforte Duet, Theory of Music 2025-27, Modern Pianoforte; accessed 2026-10-09",8,,Blues,,Lover Man,AM33879,,Popular Piano Solos Book 7: Blues (Wise AM33879/Music Sales),,82
ANZCA Modern,"Examination Syllabus: Pianoforte, Pianoforte Duet, Theory of Music 2025-27, Modern Pianoforte; accessed 2026-10-09",8,,Blues,,Stormy Weather,AM33879,,Popular Piano Solos Book 7: Blues (Wise AM33879/Music Sales),,82
ANZCA Modern,"Examination Syllabus: Pianoforte, Pianoforte Duet, Theory of Music 2025-27, Modern Pianoforte; accessed 2026-10-09",8,,Blues,,When Sunny Gets Blue,AM33879,,Popular Piano Solos Book 7: Blues (Wise AM33879/Music Sales),,82
ANZCA Modern,"Examination Syllabus: Pianoforte, Pianoforte Duet, Theory of Music 2025-27, Modern Pianoforte; accessed 2026-10-09",8,,Blues,,Black Blues,M 31,,"SCHMITZ, M. Blues & Boogie Woogie Piano (Deutscher Verlag für Musik DVfM 31 071)",,82
ANZCA Modern,"Examination Syllabus: Pianoforte, Pianoforte Duet, Theory of Music 2025-27, Modern Pianoforte; accessed 2026-10-09",8,,Blues,,Blue Waltz,M 31,,"SCHMITZ, M. Blues & Boogie Woogie Piano (Deutscher Verlag für Musik DVfM 31 071)",,82
ANZCA Modern,"Examination Syllabus: Pianoforte, Pianoforte Duet, Theory of Music 2025-27, Modern Pianoforte; accessed 2026-10-09",8,,Blues,,In Double Time,M 31,,"SCHMITZ, M. Blues & Boogie Woogie Piano (Deutscher Verlag für Musik DVfM 31 071)",,82
ANZCA Modern,"Examination Syllabus: Pianoforte, Pianoforte Duet, Theory of Music 2025-27, Modern Pianoforte; accessed 2026-10-09",8,,Boogie,,Bangkok Boogie,,,ANZCA Modern Pianoforte Series 2 – Grade Eight (ANZCA),,82
ANZCA Modern,"Examination Syllabus: Pianoforte, Pianoforte Duet, Theory of Music 2025-27, Modern Pianoforte; accessed 2026-10-09",8,,Boogie,,Boogie Etude,,,ANZCA Modern Pianoforte Series 2 – Grade Eight (ANZCA),,82
ANZCA Modern,"Examination Syllabus: Pianoforte, Pianoforte Duet, Theory of Music 2025-27, Modern Pianoforte; accessed 2026-10-09",8,,Boogie,,The Jig is Up...!,,,"CHUA, S. A Gangster Suite (Single-sheet download available from supersonicspiano.com)",,82
ANZCA Modern,"Examination Syllabus: Pianoforte, Pianoforte Duet, Theory of Music 2025-27, Modern Pianoforte; accessed 2026-10-09",8,,Boogie,,Bumble Boogie,HL00004005,,"FINA, J. Single sheet: (Criterion/Hal Leonard HL00004005)",,82
ANZCA Modern,"Examination Syllabus: Pianoforte, Pianoforte Duet, Theory of Music 2025-27, Modern Pianoforte; accessed 2026-10-09",8,,Boogie,,Crocodile Rock,HL00120968,,Jazz Piano Solos Volume 29 – Elton John (Hal Leonard HL00120968),,82
ANZCA Modern,"Examination Syllabus: Pianoforte, Pianoforte Duet, Theory of Music 2025-27, Modern Pianoforte; accessed 2026-10-09",8,,Boogie,,A Run of the Keys,M 31,,"SCHMITZ, M. Blues & Boogie Woogie Piano (Deutscher Verlag für Musik DVfM 31 071)",,82
ANZCA Modern,"Examination Syllabus: Pianoforte, Pianoforte Duet, Theory of Music 2025-27, Modern Pianoforte; accessed 2026-10-09",8,,Ragtime,,Encore Rag,,,ANZCA Modern Pianoforte Series 2 – Grade Eight (ANZCA),,82
ANZCA Modern,"Examination Syllabus: Pianoforte, Pianoforte Duet, Theory of Music 2025-27, Modern Pianoforte; accessed 2026-10-09",8,,Ragtime,,Komodo Dragon Rag,,,ANZCA Modern Pianoforte Series 2 – Grade Eight (ANZCA),,82
ANZCA Modern,"Examination Syllabus: Pianoforte, Pianoforte Duet, Theory of Music 2025-27, Modern Pianoforte; accessed 2026-10-09",8,,Ragtime,,Bohemia,YK21129,,"AGAY, D. Joy of Ragtime, The (Yorktown Press YK21129/Music Sales)",,82
ANZCA Modern,"Examination Syllabus: Pianoforte, Pianoforte Duet, Theory of Music 2025-27, Modern Pianoforte; accessed 2026-10-09",8,,Ragtime,,The Chrysanthemum,YK21129,,"AGAY, D. Joy of Ragtime, The (Yorktown Press YK21129/Music Sales)",,82
ANZCA Modern,"Examination Syllabus: Pianoforte, Pianoforte Duet, Theory of Music 2025-27, Modern Pianoforte; accessed 2026-10-09",8,,Ragtime,,Frog Leg’s Rag,YK21129,,"AGAY, D. Joy of Ragtime, The (Yorktown Press YK21129/Music Sales)",,82
ANZCA Modern,"Examination Syllabus: Pianoforte, Pianoforte Duet, Theory of Music 2025-27, Modern Pianoforte; accessed 2026-10-09",8,,Ragtime,,Ragtime Nightingale,YK21129,,"AGAY, D. Joy of Ragtime, The (Yorktown Press YK21129/Music Sales)",,82
ANZCA Modern,"Examination Syllabus: Pianoforte, Pianoforte Duet, Theory of Music 2025-27, Modern Pianoforte; accessed 2026-10-09",8,,Ragtime,,The St. Louis Rag,YK21129,,"AGAY, D. Joy of Ragtime, The (Yorktown Press YK21129/Music Sales)",,82
ANZCA Modern,"Examination Syllabus: Pianoforte, Pianoforte Duet, Theory of Music 2025-27, Modern Pianoforte; accessed 2026-10-09",8,,Ragtime,,Ragtime,00-AF9948,,Dan Coates Complete Advanced Piano Solos – Music for All Occasions (Alfred 00-AF9948),,82
ANZCA Modern,"Examination Syllabus: Pianoforte, Pianoforte Duet, Theory of Music 2025-27, Modern Pianoforte; accessed 2026-10-09",8,,Ragtime,,Gladiolus Rag,DP13772,,"JOPLIN, S. Complete Piano Rags (Dover DP13772)",,82
ANZCA Modern,"Examination Syllabus: Pianoforte, Pianoforte Duet, Theory of Music 2025-27, Modern Pianoforte; accessed 2026-10-09",8,,Ragtime,,Rose Leaf Rag,DP13772,,"JOPLIN, S. Complete Piano Rags (Dover DP13772)",,82
ANZCA Modern,"Examination Syllabus: Pianoforte, Pianoforte Duet, Theory of Music 2025-27, Modern Pianoforte; accessed 2026-10-09",8,,Ragtime,,Searchlight Rag,DP13772,,"JOPLIN, S. Complete Piano Rags (Dover DP13772)",,82
ANZCA Modern,"Examination Syllabus: Pianoforte, Pianoforte Duet, Theory of Music 2025-27, Modern Pianoforte; accessed 2026-10-09",8,,Ragtime,,Hungarian Rag (adaption of Hungarian Dance no. 5 by Brahms),,,"MAUL, John. Single sheet: (scoreexchange.com)",,82
ANZCA Modern,"Examination Syllabus: Pianoforte, Pianoforte Duet, Theory of Music 2025-27, Modern Pianoforte; accessed 2026-10-09",8,,Ragtime,,Hot Breakfast,9781908500175,,"NORTON, C. Connections 8 for Piano (80 Days Pub./Hal Leonard 9781908500175)",,82
ANZCA Modern,"Examination Syllabus: Pianoforte, Pianoforte Duet, Theory of Music 2025-27, Modern Pianoforte; accessed 2026-10-09",8,,Ragtime,,Waltzing Matilda,BH 13100,,Pacific Preludes Collection (Boosey & Hawkes BH 13100),,82
ANZCA Modern,"Examination Syllabus: Pianoforte, Pianoforte Duet, Theory of Music 2025-27, Modern Pianoforte; accessed 2026-10-09",8,,Latin American,,Catch a Wave,,,ANZCA Modern Pianoforte Series 2 – Grade Eight (ANZCA),,82
ANZCA Modern,"Examination Syllabus: Pianoforte, Pianoforte Duet, Theory of Music 2025-27, Modern Pianoforte; accessed 2026-10-09",8,,Latin American,,Mildly Latin,,,ANZCA Modern Pianoforte Series 2 – Grade Eight (ANZCA),,82
ANZCA Modern,"Examination Syllabus: Pianoforte, Pianoforte Duet, Theory of Music 2025-27, Modern Pianoforte; accessed 2026-10-09",8,,Latin American,,The Sabah Samba,,,ANZCA Modern Pianoforte Series 2 – Grade Eight (ANZCA),,82
ANZCA Modern,"Examination Syllabus: Pianoforte, Pianoforte Duet, Theory of Music 2025-27, Modern Pianoforte; accessed 2026-10-09",8,,Latin American,,Miguel’s Tango,,,"ANTHONY, Y. Latin-Rave (Wirripang:  australiancomposers.com.au)",,82
ANZCA Modern,"Examination Syllabus: Pianoforte, Pianoforte Duet, Theory of Music 2025-27, Modern Pianoforte; accessed 2026-10-09",8,,Latin American,,Drowsy Bees and Butterflies,,,"BAILEY, K. Single sheet: (kerinbailey.com.au, or through Hal Leonard)",,82
ANZCA Modern,"Examination Syllabus: Pianoforte, Pianoforte Duet, Theory of Music 2025-27, Modern Pianoforte; accessed 2026-10-09",8,,Latin American,,Siesta,,,"CHUA, S. Red Hot Rhapsodies (Single-sheet download available from supersonicspiano.com)",,83
ANZCA Modern,"Examination Syllabus: Pianoforte, Pianoforte Duet, Theory of Music 2025-27, Modern Pianoforte; accessed 2026-10-09",8,,Latin American,,Smooth Moves,,,"CRAGGS, A. Two Advanced Studies in Modern Styles (ANZCA)",,83
ANZCA Modern,"Examination Syllabus: Pianoforte, Pianoforte Duet, Theory of Music 2025-27, Modern Pianoforte; accessed 2026-10-09",8,,Latin American,,Oye Mi Canto,CH61278,,Dance Style File (Chester CH61278/Music Sales),,83
ANZCA Modern,"Examination Syllabus: Pianoforte, Pianoforte Duet, Theory of Music 2025-27, Modern Pianoforte; accessed 2026-10-09",8,,Latin American,,El Papa Grande,HL02500535,,"Erroll Garner Anthology, The (Hal Leonard HL02500535)",,83
ANZCA Modern,"Examination Syllabus: Pianoforte, Pianoforte Duet, Theory of Music 2025-27, Modern Pianoforte; accessed 2026-10-09",8,,Latin American,,Bossa Nova U.S.A.,00-TPF0130,,"Genius of Dave Brubeck, The – Piano Solos, Book 1 (Alfred 00-TPF0130)",,83
ANZCA Modern,"Examination Syllabus: Pianoforte, Pianoforte Duet, Theory of Music 2025-27, Modern Pianoforte; accessed 2026-10-09",8,,Latin American,,Can You Feel the Love Tonight,HL00312121,,Jazz Piano Solos Volume 16 – Disney (Hal Leonard HL00312121; also available in Volume 29 – Elton John (HL00120968)),,83
ANZCA Modern,"Examination Syllabus: Pianoforte, Pianoforte Duet, Theory of Music 2025-27, Modern Pianoforte; accessed 2026-10-09",8,,Latin American,,Appleby. Nenê,00-16775,ed. D. P.,Nazareth – Brazilian Tangos and Dances (Alfred 00-16775),,83
ANZCA Modern,"Examination Syllabus: Pianoforte, Pianoforte Duet, Theory of Music 2025-27, Modern Pianoforte; accessed 2026-10-09",8,,Latin American,,Gelang Sipaku Gelang,BH 13083,,"NORTON, C. Eastern Preludes Collection (Boosey & Hawkes BH 13083)",,83
ANZCA Modern,"Examination Syllabus: Pianoforte, Pianoforte Duet, Theory of Music 2025-27, Modern Pianoforte; accessed 2026-10-09",8,,Latin American,,"Ya, Ya, Maya, Ya",BH 13083,,"NORTON, C. Eastern Preludes Collection (Boosey & Hawkes BH 13083)",,83
ANZCA Modern,"Examination Syllabus: Pianoforte, Pianoforte Duet, Theory of Music 2025-27, Modern Pianoforte; accessed 2026-10-09",8,,Latin American,,Cielito Lindo,BH 13100,,Pacific Preludes Collection (B&H BH 13100),,83
ANZCA Modern,"Examination Syllabus: Pianoforte, Pianoforte Duet, Theory of Music 2025-27, Modern Pianoforte; accessed 2026-10-09",8,,Latin American,,El Guapango Chorotega,BH 13100,,Pacific Preludes Collection (B&H BH 13100),,83
ANZCA Modern,"Examination Syllabus: Pianoforte, Pianoforte Duet, Theory of Music 2025-27, Modern Pianoforte; accessed 2026-10-09",8,,Latin American,,Parranda Campesina,BH 13100,,Pacific Preludes Collection (B&H BH 13100),,83
ANZCA Modern,"Examination Syllabus: Pianoforte, Pianoforte Duet, Theory of Music 2025-27, Modern Pianoforte; accessed 2026-10-09",8,,Latin American,,Mambo 88,,,"ROBINSON, A. Solo sheet: (flyingivoriesmusic.com.au)",,83
ANZCA Modern,"Examination Syllabus: Pianoforte, Pianoforte Duet, Theory of Music 2025-27, Modern Pianoforte; accessed 2026-10-09",8,,Latin American,,Mildly Latin,,,"URQUHART-JONES, D. Still Groovin’ (Encore Music Distributors:  encoremusic.com.au)",,83
ANZCA Modern,"Examination Syllabus: Pianoforte, Pianoforte Duet, Theory of Music 2025-27, Modern Pianoforte; accessed 2026-10-09",8,,Jazz and Popular Standards,,Fast Eddy,,,ANZCA Modern Pianoforte Series 2 – Grade Eight (ANZCA),,83
ANZCA Modern,"Examination Syllabus: Pianoforte, Pianoforte Duet, Theory of Music 2025-27, Modern Pianoforte; accessed 2026-10-09",8,,Jazz and Popular Standards,,A Wandering Waltz,,,ANZCA Modern Pianoforte Series 2 – Grade Eight (ANZCA),,83
ANZCA Modern,"Examination Syllabus: Pianoforte, Pianoforte Duet, Theory of Music 2025-27, Modern Pianoforte; accessed 2026-10-09",8,,Jazz and Popular Standards,,Waltz for Claudia,00-AFM00018,,"Artistry of George Shearing, The (Alfred 00-AFM00018)",,83
ANZCA Modern,"Examination Syllabus: Pianoforte, Pianoforte Duet, Theory of Music 2025-27, Modern Pianoforte; accessed 2026-10-09",8,,Jazz and Popular Standards,,Waltz for Debby,AM91954,,Bill Evans: Jazz Piano (Wise AM91954/Music Sales),,83
ANZCA Modern,"Examination Syllabus: Pianoforte, Pianoforte Duet, Theory of Music 2025-27, Modern Pianoforte; accessed 2026-10-09",8,,Jazz and Popular Standards,,Fun Ride,HL00121885,,Bill Evans – Time Remembered – 14 Piano Transcriptions (Hal Leonard HL00121885),,83
ANZCA Modern,"Examination Syllabus: Pianoforte, Pianoforte Duet, Theory of Music 2025-27, Modern Pianoforte; accessed 2026-10-09",8,,Jazz and Popular Standards,,Maxine,HL00121885,,Bill Evans – Time Remembered – 14 Piano Transcriptions (Hal Leonard HL00121885),,83
ANZCA Modern,"Examination Syllabus: Pianoforte, Pianoforte Duet, Theory of Music 2025-27, Modern Pianoforte; accessed 2026-10-09",8,,Jazz and Popular Standards,,Remembering the Rain,HL00121885,,Bill Evans – Time Remembered – 14 Piano Transcriptions (Hal Leonard HL00121885),,83
ANZCA Modern,"Examination Syllabus: Pianoforte, Pianoforte Duet, Theory of Music 2025-27, Modern Pianoforte; accessed 2026-10-09",8,,Jazz and Popular Standards,,Transylvanian Romp,,,"CHUA, S. Red Hot Rhapsodies (Single-sheet download available from supersonicspiano.com)",,83
ANZCA Modern,"Examination Syllabus: Pianoforte, Pianoforte Duet, Theory of Music 2025-27, Modern Pianoforte; accessed 2026-10-09",8,,Jazz and Popular Standards,,Hey There,00-AF9948,,Dan Coates Complete Advanced Piano Solos – Music for All Occasions (Alfred 00-AF9948),,83
ANZCA Modern,"Examination Syllabus: Pianoforte, Pianoforte Duet, Theory of Music 2025-27, Modern Pianoforte; accessed 2026-10-09",8,,Jazz and Popular Standards,,Over the Rainbow,00-AF9948,,Dan Coates Complete Advanced Piano Solos – Music for All Occasions (Alfred 00-AF9948),,83
ANZCA Modern,"Examination Syllabus: Pianoforte, Pianoforte Duet, Theory of Music 2025-27, Modern Pianoforte; accessed 2026-10-09",8,,Jazz and Popular Standards,,You Can Always Count on Me,00-AF9948,,Dan Coates Complete Advanced Piano Solos – Music for All Occasions (Alfred 00-AF9948),,83
ANZCA Modern,"Examination Syllabus: Pianoforte, Pianoforte Duet, Theory of Music 2025-27, Modern Pianoforte; accessed 2026-10-09",8,,Jazz and Popular Standards,,Up in Erroll’s Room,HL02500535,,"Erroll Garner Anthology, The (Hal Leonard HL02500535)",,83
ANZCA Modern,"Examination Syllabus: Pianoforte, Pianoforte Duet, Theory of Music 2025-27, Modern Pianoforte; accessed 2026-10-09",8,,Jazz and Popular Standards,,Weep No More,00-TPF0130,,"Genius of Dave Brubeck, The – Piano Solos, Book 1 (Alfred 00-TPF0130)",,83
ANZCA Modern,"Examination Syllabus: Pianoforte, Pianoforte Duet, Theory of Music 2025-27, Modern Pianoforte; accessed 2026-10-09",8,,Jazz and Popular Standards,,By the Time I Get to Phoenix,AM25990,,"Genius of George Shearing, The (Wise AM25990/Music Sales)",,83
ANZCA Modern,"Examination Syllabus: Pianoforte, Pianoforte Duet, Theory of Music 2025-27, Modern Pianoforte; accessed 2026-10-09",8,,Jazz and Popular Standards,,Moonlight Serenade,AM25990,,"Genius of George Shearing, The (Wise AM25990/Music Sales)",,83
ANZCA Modern,"Examination Syllabus: Pianoforte, Pianoforte Duet, Theory of Music 2025-27, Modern Pianoforte; accessed 2026-10-09",8,,Jazz and Popular Standards,,For All We Know,00-AF9669A,,"Giants of Jazz Piano, The (Alfred 00-AF9669A)",,83
ANZCA Modern,"Examination Syllabus: Pianoforte, Pianoforte Duet, Theory of Music 2025-27, Modern Pianoforte; accessed 2026-10-09",8,,Jazz and Popular Standards,,Laura,00-AF9669A,,"Giants of Jazz Piano, The (Alfred 00-AF9669A)",,83
ANZCA Modern,"Examination Syllabus: Pianoforte, Pianoforte Duet, Theory of Music 2025-27, Modern Pianoforte; accessed 2026-10-09",8,,Jazz and Popular Standards,,Ain’t Misbehavin’,HL00310941,,Jazz – Note-for-Note Keyboard Transcriptions (Hal Leonard HL00310941),,83
ANZCA Modern,"Examination Syllabus: Pianoforte, Pianoforte Duet, Theory of Music 2025-27, Modern Pianoforte; accessed 2026-10-09",8,,Jazz and Popular Standards,,Spinning Wheel,HL00311786,,Jazz Piano Solos Volume 8 – Jazz Pop (Hal Leonard HL00311786),,83
ANZCA Modern,"Examination Syllabus: Pianoforte, Pianoforte Duet, Theory of Music 2025-27, Modern Pianoforte; accessed 2026-10-09",8,,Jazz and Popular Standards,,Beauty and the Beast,HL00312121,,J.P.S. Volume 16 – Disney (HL00312121),,83
ANZCA Modern,"Examination Syllabus: Pianoforte, Pianoforte Duet, Theory of Music 2025-27, Modern Pianoforte; accessed 2026-10-09",8,,Jazz and Popular Standards,,Bibbidi-Bobbidi-Boo,HL00312121,,J.P.S. Volume 16 – Disney (HL00312121),,83
ANZCA Modern,"Examination Syllabus: Pianoforte, Pianoforte Duet, Theory of Music 2025-27, Modern Pianoforte; accessed 2026-10-09",8,,Jazz and Popular Standards,,A Dream is a Wish Your Heart Makes,HL00312121,,J.P.S. Volume 16 – Disney (HL00312121),,83
ANZCA Modern,"Examination Syllabus: Pianoforte, Pianoforte Duet, Theory of Music 2025-27, Modern Pianoforte; accessed 2026-10-09",8,,Jazz and Popular Standards,,When You Wish Upon a Star,HL00312121,,J.P.S. Volume 16 – Disney (HL00312121),,83
ANZCA Modern,"Examination Syllabus: Pianoforte, Pianoforte Duet, Theory of Music 2025-27, Modern Pianoforte; accessed 2026-10-09",8,,Jazz and Popular Standards,,You’ve Got a Friend in Me,HL00312121,,J.P.S. Volume 16 – Disney (HL00312121),,83
ANZCA Modern,"Examination Syllabus: Pianoforte, Pianoforte Duet, Theory of Music 2025-27, Modern Pianoforte; accessed 2026-10-09",8,,Jazz and Popular Standards,,If I Fell,HL00119302,,J.P.S. Volume 28 – The Beatles (HL00119302),,83
ANZCA Modern,"Examination Syllabus: Pianoforte, Pianoforte Duet, Theory of Music 2025-27, Modern Pianoforte; accessed 2026-10-09",8,,Jazz and Popular Standards,,Goodbye Yellow Brick Road,HL00120968,,J.P.S. Volume 29 – Elton John (HL00120968),,83
ANZCA Modern,"Examination Syllabus: Pianoforte, Pianoforte Duet, Theory of Music 2025-27, Modern Pianoforte; accessed 2026-10-09",8,,Jazz and Popular Standards,,I’m Still Standing,HL00120968,,J.P.S. Volume 29 – Elton John (HL00120968),,83
ANZCA Modern,"Examination Syllabus: Pianoforte, Pianoforte Duet, Theory of Music 2025-27, Modern Pianoforte; accessed 2026-10-09",8,,Jazz and Popular Standards,,Late Night Chopin (adaption of Nocturne in E Flat),,,"MAUL, John. Single sheet: (scoreexchange.com)",,83
ANZCA Modern,"Examination Syllabus: Pianoforte, Pianoforte Duet, Theory of Music 2025-27, Modern Pianoforte; accessed 2026-10-09",8,,Jazz and Popular Standards,,You Stepped Out of a Dream,HL00673215,,"McCoy Tyner Collection, The For Tomorrow; (Hal Leonard HL00673215)",,83
ANZCA Modern,"Examination Syllabus: Pianoforte, Pianoforte Duet, Theory of Music 2025-27, Modern Pianoforte; accessed 2026-10-09",8,,Jazz and Popular Standards,,When the Saints Go Marching In,HL00310092,,New Orleans Piano Legends – Piano Solo (Hal Leonard HL00310092),,83
ANZCA Modern,"Examination Syllabus: Pianoforte, Pianoforte Duet, Theory of Music 2025-27, Modern Pianoforte; accessed 2026-10-09",8,,Jazz and Popular Standards,,"no. 10, Four, Three",M060116384,,"NORTON, C. Rock Preludes Collection (Boosey & Hawkes M060116384)",,83
ANZCA Modern,"Examination Syllabus: Pianoforte, Pianoforte Duet, Theory of Music 2025-27, Modern Pianoforte; accessed 2026-10-09",8,,Jazz and Popular Standards,,Toccata and Fugue in D Minor,HL00198473,,"Phillip Keveren Series, The – Bach Meets Jazz (Hal Leonard HL00198473)",,84
ANZCA Modern,"Examination Syllabus: Pianoforte, Pianoforte Duet, Theory of Music 2025-27, Modern Pianoforte; accessed 2026-10-09",8,,Jazz and Popular Standards,,The Man I Love,ATJ305,,Solos for Jazz Piano (Carl Fischer ATJ305),,84
ANZCA Modern,"Examination Syllabus: Pianoforte, Pianoforte Duet, Theory of Music 2025-27, Modern Pianoforte; accessed 2026-10-09",8,,Jazz and Popular Standards,,A Wandering Waltz,,,"URQUHART-JONES, D. Groovin’ On",,84
ANZCA Modern,"Examination Syllabus: Pianoforte, Pianoforte Duet, Theory of Music 2025-27, Modern Pianoforte; accessed 2026-10-09",8,,Jazz and Popular Standards,,Honky Bop,,,More Straight and Jazzy (Encore Music Distributors:  encoremusic.com.au),,84
Trinity Rock & Pop,"Rock & Pop Keyboards song list, face-to-face and digital exams (from 2018); accessed 2026-10-09",0,,Song 3 (Technical Focus),? & THE MYSTERIANS,96 Tears,,,Trinity,,https://store.trinitycollege.com/pages/keyboards-song-list
Trinity Rock & Pop,"Rock & Pop Keyboards song list, face-to-face and digital exams (from 2018); accessed 2026-10-09",0,,Song 1 or Song 2,GARY NUMAN (TUBEWAY ARMY),Are ‘Friends’ Electric?,,,Trinity,,https://store.trinitycollege.com/pages/keyboards-song-list
Trinity Rock & Pop,"Rock & Pop Keyboards song list, face-to-face and digital exams (from 2018); accessed 2026-10-09",0,,Song 2 (Own Choice),LEAD BELLY,Black Betty,,,Faber Music,,https://store.trinitycollege.com/pages/keyboards-song-list
Trinity Rock & Pop,"Rock & Pop Keyboards song list, face-to-face and digital exams (from 2018); accessed 2026-10-09",0,,Song 3 (Technical Focus),NEW ORDER,Blue Monday,,,Trinity,,https://store.trinitycollege.com/pages/keyboards-song-list
Trinity Rock & Pop,"Rock & Pop Keyboards song list, face-to-face and digital exams (from 2018); accessed 2026-10-09",0,,Song 2 (Own Choice),THE CRYSTALS,Da Doo Ron Ron,,,Faber Music,,https://store.trinitycollege.com/pages/keyboards-song-list
Trinity Rock & Pop,"Rock & Pop Keyboards song list, face-to-face and digital exams (from 2018); accessed 2026-10-09",0,,Song 1 or Song 2,DAFT PUNK,Get Lucky,,,Trinity,,https://store.trinitycollege.com/pages/keyboards-song-list
Trinity Rock & Pop,"Rock & Pop Keyboards song list, face-to-face and digital exams (from 2018); accessed 2026-10-09",0,,Song 1 or Song 2,THE SPENCER DAVIS GROUP,Gimme Some Lovin’,,,Trinity,,https://store.trinitycollege.com/pages/keyboards-song-list
Trinity Rock & Pop,"Rock & Pop Keyboards song list, face-to-face and digital exams (from 2018); accessed 2026-10-09",0,,Song 1 or Song 2,ADELE,Hello,,,Trinity,,https://store.trinitycollege.com/pages/keyboards-song-list
Trinity Rock & Pop,"Rock & Pop Keyboards song list, face-to-face and digital exams (from 2018); accessed 2026-10-09",0,,Song 2 (Own Choice),TRADITIONAL,I Am the Music Man,,,Faber Music,,https://store.trinitycollege.com/pages/keyboards-song-list
Trinity Rock & Pop,"Rock & Pop Keyboards song list, face-to-face and digital exams (from 2018); accessed 2026-10-09",0,,Song 2 (Own Choice),NIZLOPI,JCB,,,Faber Music,,https://store.trinitycollege.com/pages/keyboards-song-list
Trinity Rock & Pop,"Rock & Pop Keyboards song list, face-to-face and digital exams (from 2018); accessed 2026-10-09",0,,Song 2 (Own Choice),THEME SONG,"Scooby Doo, Where Are You?",,,Trinity,,https://store.trinitycollege.com/pages/keyboards-song-list
Trinity Rock & Pop,"Rock & Pop Keyboards song list, face-to-face and digital exams (from 2018); accessed 2026-10-09",0,,Song 1 or Song 2,BADLY DRAWN BOY,Something To Talk About,,,Trinity,,https://store.trinitycollege.com/pages/keyboards-song-list
Trinity Rock & Pop,"Rock & Pop Keyboards song list, face-to-face and digital exams (from 2018); accessed 2026-10-09",0,,Song 2 (Own Choice),FROM KISMET,Stranger in Paradise,,,Trinity,,https://store.trinitycollege.com/pages/keyboards-song-list
Trinity Rock & Pop,"Rock & Pop Keyboards song list, face-to-face and digital exams (from 2018); accessed 2026-10-09",0,,Song 3 (Technical Focus),BOB MARLEY & THE WAILERS,Three Little Birds,,,Trinity,,https://store.trinitycollege.com/pages/keyboards-song-list
Trinity Rock & Pop,"Rock & Pop Keyboards song list, face-to-face and digital exams (from 2018); accessed 2026-10-09",1,,Song 1 or Song 2,GNARLS BARKLEY,Crazy,,,Trinity,,https://store.trinitycollege.com/pages/keyboards-song-list
Trinity Rock & Pop,"Rock & Pop Keyboards song list, face-to-face and digital exams (from 2018); accessed 2026-10-09",1,,Song 2 (Own Choice),THE BANGLES,Eternal Flame,,,Faber Music,,https://store.trinitycollege.com/pages/keyboards-song-list
Trinity Rock & Pop,"Rock & Pop Keyboards song list, face-to-face and digital exams (from 2018); accessed 2026-10-09",1,,Song 2 (Own Choice),TAJ MAHAL,Freight Train,,,Faber Music,,https://store.trinitycollege.com/pages/keyboards-song-list
Trinity Rock & Pop,"Rock & Pop Keyboards song list, face-to-face and digital exams (from 2018); accessed 2026-10-09",1,,Song 3 (Technical Focus),THE BLACK KEYS,Gold On The Ceiling,,,Trinity,,https://store.trinitycollege.com/pages/keyboards-song-list
Trinity Rock & Pop,"Rock & Pop Keyboards song list, face-to-face and digital exams (from 2018); accessed 2026-10-09",1,,Song 1 or Song 2,THE BEATLES,Hey Jude,,,Trinity,,https://store.trinitycollege.com/pages/keyboards-song-list
Trinity Rock & Pop,"Rock & Pop Keyboards song list, face-to-face and digital exams (from 2018); accessed 2026-10-09",1,,Song 1 or Song 2,ALABAMA SHAKES,Hold On,,,Trinity,,https://store.trinitycollege.com/pages/keyboards-song-list
Trinity Rock & Pop,"Rock & Pop Keyboards song list, face-to-face and digital exams (from 2018); accessed 2026-10-09",1,,Song 2 (Own Choice),ROBERT JOHNSON,I Believe I’ll Dust My Broom,,,Faber Music,,https://store.trinitycollege.com/pages/keyboards-song-list
Trinity Rock & Pop,"Rock & Pop Keyboards song list, face-to-face and digital exams (from 2018); accessed 2026-10-09",1,,Song 2 (Own Choice),FAITHLESS,Insomnia,,,Faber Music,,https://store.trinitycollege.com/pages/keyboards-song-list
Trinity Rock & Pop,"Rock & Pop Keyboards song list, face-to-face and digital exams (from 2018); accessed 2026-10-09",1,,Song 3 (Technical Focus),CHIC,Le Freak,,,Trinity,,https://store.trinitycollege.com/pages/keyboards-song-list
Trinity Rock & Pop,"Rock & Pop Keyboards song list, face-to-face and digital exams (from 2018); accessed 2026-10-09",1,,Song 1 or Song 2,ROXY MUSIC,Love Is The Drug,,,Trinity,,https://store.trinitycollege.com/pages/keyboards-song-list
Trinity Rock & Pop,"Rock & Pop Keyboards song list, face-to-face and digital exams (from 2018); accessed 2026-10-09",1,,Song 1 or Song 2,WILSON PICKETT,Mustang Sally,,,Trinity,,https://store.trinitycollege.com/pages/keyboards-song-list
Trinity Rock & Pop,"Rock & Pop Keyboards song list, face-to-face and digital exams (from 2018); accessed 2026-10-09",1,,Song 2 (Own Choice),MILEY CYRUS,The Climb,,,Faber Music,,https://store.trinitycollege.com/pages/keyboards-song-list
Trinity Rock & Pop,"Rock & Pop Keyboards song list, face-to-face and digital exams (from 2018); accessed 2026-10-09",1,,Song 3 (Technical Focus),GRIZZLY BEAR,Two Weeks,,,Trinity,,https://store.trinitycollege.com/pages/keyboards-song-list
Trinity Rock & Pop,"Rock & Pop Keyboards song list, face-to-face and digital exams (from 2018); accessed 2026-10-09",2,,Song 2 (Own Choice),Elvis Presley,All Shook Up,,,Trinity,,https://store.trinitycollege.com/pages/keyboards-song-list
Trinity Rock & Pop,"Rock & Pop Keyboards song list, face-to-face and digital exams (from 2018); accessed 2026-10-09",2,,Song 3 (Technical Focus),STEPPENWOLF,Born To Be Wild,,,Trinity,,https://store.trinitycollege.com/pages/keyboards-song-list
Trinity Rock & Pop,"Rock & Pop Keyboards song list, face-to-face and digital exams (from 2018); accessed 2026-10-09",2,,Song 3 (Technical Focus),SIA,Chandelier,,,Trinity,,https://store.trinitycollege.com/pages/keyboards-song-list
Trinity Rock & Pop,"Rock & Pop Keyboards song list, face-to-face and digital exams (from 2018); accessed 2026-10-09",2,,Song 2 (Own Choice),WHITNEY HOUSTON,I Have Nothing,,,Faber Music,,https://store.trinitycollege.com/pages/keyboards-song-list
Trinity Rock & Pop,"Rock & Pop Keyboards song list, face-to-face and digital exams (from 2018); accessed 2026-10-09",2,,Song 2 (Own Choice),John Lennon,Imagine,,,Trinity,,https://store.trinitycollege.com/pages/keyboards-song-list
Trinity Rock & Pop,"Rock & Pop Keyboards song list, face-to-face and digital exams (from 2018); accessed 2026-10-09",2,,Song 1 or Song 2,COLDPLAY,In My Place,,,Trinity,,https://store.trinitycollege.com/pages/keyboards-song-list
Trinity Rock & Pop,"Rock & Pop Keyboards song list, face-to-face and digital exams (from 2018); accessed 2026-10-09",2,,Song 3 (Technical Focus),THE METERS,Just Kissed My Baby,,,Trinity,,https://store.trinitycollege.com/pages/keyboards-song-list
Trinity Rock & Pop,"Rock & Pop Keyboards song list, face-to-face and digital exams (from 2018); accessed 2026-10-09",2,,Song 1 or Song 2,BRYAN FERRY,Let's Stick Together,,,Trinity,,https://store.trinitycollege.com/pages/keyboards-song-list
Trinity Rock & Pop,"Rock & Pop Keyboards song list, face-to-face and digital exams (from 2018); accessed 2026-10-09",2,,Song 2 (Own Choice),BLIND LEMON JEFFERSON,Mean Jumper Blues,,,Faber Music,,https://store.trinitycollege.com/pages/keyboards-song-list
Trinity Rock & Pop,"Rock & Pop Keyboards song list, face-to-face and digital exams (from 2018); accessed 2026-10-09",2,,Song 1 or Song 2,THE ROLLING STONES,Miss You,,,Trinity,,https://store.trinitycollege.com/pages/keyboards-song-list
Trinity Rock & Pop,"Rock & Pop Keyboards song list, face-to-face and digital exams (from 2018); accessed 2026-10-09",2,,Song 2 (Own Choice),EDITORS,No Sound but the Wind,,,Faber Music,,https://store.trinitycollege.com/pages/keyboards-song-list
Trinity Rock & Pop,"Rock & Pop Keyboards song list, face-to-face and digital exams (from 2018); accessed 2026-10-09",2,,Song 2 (Own Choice),ROLLING STONES,Ruby Tuesday,,,Trinity,,https://store.trinitycollege.com/pages/keyboards-song-list
Trinity Rock & Pop,"Rock & Pop Keyboards song list, face-to-face and digital exams (from 2018); accessed 2026-10-09",2,,Song 1 or Song 2,MARK RONSON FEATURING BRUNO MARS,Uptown Funk,,,Trinity,,https://store.trinitycollege.com/pages/keyboards-song-list
Trinity Rock & Pop,"Rock & Pop Keyboards song list, face-to-face and digital exams (from 2018); accessed 2026-10-09",2,,Song 1 or Song 2,LANA DEL REY,Video Games,,,Trinity,,https://store.trinitycollege.com/pages/keyboards-song-list
Trinity Rock & Pop,"Rock & Pop Keyboards song list, face-to-face and digital exams (from 2018); accessed 2026-10-09",2,,Song 1 or Song 2,FUTURE ISLANDS,Waiting On You,,,Trinity,,https://store.trinitycollege.com/pages/keyboards-song-list
Trinity Rock & Pop,"Rock & Pop Keyboards song list, face-to-face and digital exams (from 2018); accessed 2026-10-09",2,,Song 1 or Song 2,NEW RADICALS,You Get What You Give*,,,Trinity,,https://store.trinitycollege.com/pages/keyboards-song-list
Trinity Rock & Pop,"Rock & Pop Keyboards song list, face-to-face and digital exams (from 2018); accessed 2026-10-09",3,,Song 1 or Song 2,THE BEATLES,Back In The U.S.S.R.,,,Trinity,,https://store.trinitycollege.com/pages/keyboards-song-list
Trinity Rock & Pop,"Rock & Pop Keyboards song list, face-to-face and digital exams (from 2018); accessed 2026-10-09",3,,Song 1 or Song 2,TOPLOADER,Dancing In The Moonlight,,,Trinity,,https://store.trinitycollege.com/pages/keyboards-song-list
Trinity Rock & Pop,"Rock & Pop Keyboards song list, face-to-face and digital exams (from 2018); accessed 2026-10-09",3,,Song 2 (Own Choice),TRAIN,Drops of Jupiter,,,Faber Music,,https://store.trinitycollege.com/pages/keyboards-song-list
Trinity Rock & Pop,"Rock & Pop Keyboards song list, face-to-face and digital exams (from 2018); accessed 2026-10-09",3,,Song 1 or Song 2,ROBBIE WILLIAMS,Feel,,,Trinity,,https://store.trinitycollege.com/pages/keyboards-song-list
Trinity Rock & Pop,"Rock & Pop Keyboards song list, face-to-face and digital exams (from 2018); accessed 2026-10-09",3,,Song 3 (Technical Focus),ARETHA FRANKLIN,I Never Loved A Man (The Way I Love You),,,Trinity,,https://store.trinitycollege.com/pages/keyboards-song-list
Trinity Rock & Pop,"Rock & Pop Keyboards song list, face-to-face and digital exams (from 2018); accessed 2026-10-09",3,,Song 1 or Song 2,EDDIE FLOYD,Knock On Wood,,,Trinity,,https://store.trinitycollege.com/pages/keyboards-song-list
Trinity Rock & Pop,"Rock & Pop Keyboards song list, face-to-face and digital exams (from 2018); accessed 2026-10-09",3,,Song 1 or Song 2,STEELY DAN,Reelin’ In The Years,,,Trinity,,https://store.trinitycollege.com/pages/keyboards-song-list
Trinity Rock & Pop,"Rock & Pop Keyboards song list, face-to-face and digital exams (from 2018); accessed 2026-10-09",3,,Song 2 (Own Choice),TAKE THAT,Rule the World,,,Faber Music,,https://store.trinitycollege.com/pages/keyboards-song-list
Trinity Rock & Pop,"Rock & Pop Keyboards song list, face-to-face and digital exams (from 2018); accessed 2026-10-09",3,,Song 2 (Own Choice),AQUALUNG,Strange and Beautiful (I’ll Put a Spell on You),,,Faber Music,,https://store.trinitycollege.com/pages/keyboards-song-list
Trinity Rock & Pop,"Rock & Pop Keyboards song list, face-to-face and digital exams (from 2018); accessed 2026-10-09",3,,Song 2 (Own Choice),ABBA,Super Trouper,,,Faber Music,,https://store.trinitycollege.com/pages/keyboards-song-list
Trinity Rock & Pop,"Rock & Pop Keyboards song list, face-to-face and digital exams (from 2018); accessed 2026-10-09",3,,Song 3 (Technical Focus),PINK FLOYD,The Great Gig In The Sky (TF) (included in impressions 1 - 3 only),,,Trinity,,https://store.trinitycollege.com/pages/keyboards-song-list
Trinity Rock & Pop,"Rock & Pop Keyboards song list, face-to-face and digital exams (from 2018); accessed 2026-10-09",3,,Song 3 (Technical Focus),OTIS READING,These Arms Of Mine,,,Trinity,,https://store.trinitycollege.com/pages/keyboards-song-list
Trinity Rock & Pop,"Rock & Pop Keyboards song list, face-to-face and digital exams (from 2018); accessed 2026-10-09",3,,Song 2 (Own Choice),THE CINEMATIC ORCHESTRA,To Build a Home,,,Faber Music,,https://store.trinitycollege.com/pages/keyboards-song-list
Trinity Rock & Pop,"Rock & Pop Keyboards song list, face-to-face and digital exams (from 2018); accessed 2026-10-09",3,,Song 3 (Technical Focus),THE JAM,Town Called Malice,,,Trinity,,https://store.trinitycollege.com/pages/keyboards-song-list
Trinity Rock & Pop,"Rock & Pop Keyboards song list, face-to-face and digital exams (from 2018); accessed 2026-10-09",4,,Song 1 or Song 2,GEORGE MICHAEL,Freedom! ’90,,,Trinity,,https://store.trinitycollege.com/pages/keyboards-song-list
Trinity Rock & Pop,"Rock & Pop Keyboards song list, face-to-face and digital exams (from 2018); accessed 2026-10-09",4,,Song 2 (Own Choice),OLETA ADAMS,Get Here,,,Faber Music,,https://store.trinitycollege.com/pages/keyboards-song-list
Trinity Rock & Pop,"Rock & Pop Keyboards song list, face-to-face and digital exams (from 2018); accessed 2026-10-09",4,,Song 2 (Own Choice),DAVID BOWIE,Heroes,,,Faber Music,,https://store.trinitycollege.com/pages/keyboards-song-list
Trinity Rock & Pop,"Rock & Pop Keyboards song list, face-to-face and digital exams (from 2018); accessed 2026-10-09",4,,Song 1 or Song 2,THE BOOMTOWN RATS,I Don't Like Mondays,,,Trinity,,https://store.trinitycollege.com/pages/keyboards-song-list
Trinity Rock & Pop,"Rock & Pop Keyboards song list, face-to-face and digital exams (from 2018); accessed 2026-10-09",4,,Song 3 (Technical Focus),MARVIN GAYE,I Heard It Through The Grapevine,,,Trinity,,https://store.trinitycollege.com/pages/keyboards-song-list
Trinity Rock & Pop,"Rock & Pop Keyboards song list, face-to-face and digital exams (from 2018); accessed 2026-10-09",4,,Song 2 (Own Choice),NINA SIMONE,I Wish I Knew how It Would Feel to Be Free,,,Faber Music,,https://store.trinitycollege.com/pages/keyboards-song-list
Trinity Rock & Pop,"Rock & Pop Keyboards song list, face-to-face and digital exams (from 2018); accessed 2026-10-09",4,,Song 2 (Own Choice),RADIOHEAD,Karma Police,,,Trinity,,https://store.trinitycollege.com/pages/keyboards-song-list
Trinity Rock & Pop,"Rock & Pop Keyboards song list, face-to-face and digital exams (from 2018); accessed 2026-10-09",4,,Song 1 or Song 2,DAVID BOWIE,Oh! You Pretty Things,,,Trinity,,https://store.trinitycollege.com/pages/keyboards-song-list
Trinity Rock & Pop,"Rock & Pop Keyboards song list, face-to-face and digital exams (from 2018); accessed 2026-10-09",4,,Song 3 (Technical Focus),JAMES BLAKE,Retrograde,,,Trinity,,https://store.trinitycollege.com/pages/keyboards-song-list
Trinity Rock & Pop,"Rock & Pop Keyboards song list, face-to-face and digital exams (from 2018); accessed 2026-10-09",4,,Song 1 or Song 2,SIMPLY RED,Something Got Me Started,,,Trinity,,https://store.trinitycollege.com/pages/keyboards-song-list
Trinity Rock & Pop,"Rock & Pop Keyboards song list, face-to-face and digital exams (from 2018); accessed 2026-10-09",4,,Song 3 (Technical Focus),THE CURE,The Lovecats,,,Trinity,,https://store.trinitycollege.com/pages/keyboards-song-list
Trinity Rock & Pop,"Rock & Pop Keyboards song list, face-to-face and digital exams (from 2018); accessed 2026-10-09",4,,Song 1 or Song 2,ULTRAVOX,Vienna,,,Trinity,,https://store.trinitycollege.com/pages/keyboards-song-list
Trinity Rock & Pop,"Rock & Pop Keyboards song list, face-to-face and digital exams (from 2018); accessed 2026-10-09",5,,Song 1 or Song 2,THE SPECIALS,Ghost Town,,,Trinity,,https://store.trinitycollege.com/pages/keyboards-song-list
Trinity Rock & Pop,"Rock & Pop Keyboards song list, face-to-face and digital exams (from 2018); accessed 2026-10-09",5,,Song 1 or Song 2,THE STRANGLERS,Golden Brown,,,Trinity,,https://store.trinitycollege.com/pages/keyboards-song-list
Trinity Rock & Pop,"Rock & Pop Keyboards song list, face-to-face and digital exams (from 2018); accessed 2026-10-09",5,,Song 2 (Own Choice),THE ZOMBIES,Hold Your Head Up,,,Faber Music,,https://store.trinitycollege.com/pages/keyboards-song-list
Trinity Rock & Pop,"Rock & Pop Keyboards song list, face-to-face and digital exams (from 2018); accessed 2026-10-09",5,,Song 3 (Technical Focus),ALICIA KEYS,If I Ain’t Got You,,,Trinity,,https://store.trinitycollege.com/pages/keyboards-song-list
Trinity Rock & Pop,"Rock & Pop Keyboards song list, face-to-face and digital exams (from 2018); accessed 2026-10-09",5,,Song 2 (Own Choice),CARLY SIMON,Nobody Does It Better,,,Faber Music,,https://store.trinitycollege.com/pages/keyboards-song-list
Trinity Rock & Pop,"Rock & Pop Keyboards song list, face-to-face and digital exams (from 2018); accessed 2026-10-09",5,,Song 3 (Technical Focus),RAY CHARLES,Shake A Tailfeather,,,Trinity,,https://store.trinitycollege.com/pages/keyboards-song-list
Trinity Rock & Pop,"Rock & Pop Keyboards song list, face-to-face and digital exams (from 2018); accessed 2026-10-09",5,,Song 1 or Song 2,THE ROLLING STONES,She’s A Rainbow,,,Trinity,,https://store.trinitycollege.com/pages/keyboards-song-list
Trinity Rock & Pop,"Rock & Pop Keyboards song list, face-to-face and digital exams (from 2018); accessed 2026-10-09",5,,Song 1 or Song 2,HOZIER,Take Me To Church,,,Trinity,,https://store.trinitycollege.com/pages/keyboards-song-list
Trinity Rock & Pop,"Rock & Pop Keyboards song list, face-to-face and digital exams (from 2018); accessed 2026-10-09",5,,Song 3 (Technical Focus),LED ZEPPELIN,Trampled Underfoot,,,Trinity,,https://store.trinitycollege.com/pages/keyboards-song-list
Trinity Rock & Pop,"Rock & Pop Keyboards song list, face-to-face and digital exams (from 2018); accessed 2026-10-09",5,,Song 2 (Own Choice),THE KINKS,Waterloo Sunset,,,Faber Music,,https://store.trinitycollege.com/pages/keyboards-song-list
Trinity Rock & Pop,"Rock & Pop Keyboards song list, face-to-face and digital exams (from 2018); accessed 2026-10-09",5,,Song 2 (Own Choice),QUEEN,We Are the Champions,,,Faber Music,,https://store.trinitycollege.com/pages/keyboards-song-list
Trinity Rock & Pop,"Rock & Pop Keyboards song list, face-to-face and digital exams (from 2018); accessed 2026-10-09",5,,Song 1 or Song 2,JOE COCKER,With A Little Help From My Friends,,,Trinity,,https://store.trinitycollege.com/pages/keyboards-song-list
Trinity Rock & Pop,"Rock & Pop Keyboards song list, face-to-face and digital exams (from 2018); accessed 2026-10-09",6,,Song 1 or Song 2,ELTON JOHN,Bennie And The Jets,,,Trinity,,https://store.trinitycollege.com/pages/keyboards-song-list
Trinity Rock & Pop,"Rock & Pop Keyboards song list, face-to-face and digital exams (from 2018); accessed 2026-10-09",6,,Song 3 (Technical Focus),SIMON & GARFUNKEL,Bridge Over Troubled Water,,,Trinity,,https://store.trinitycollege.com/pages/keyboards-song-list
Trinity Rock & Pop,"Rock & Pop Keyboards song list, face-to-face and digital exams (from 2018); accessed 2026-10-09",6,,Song 3 (Technical Focus),TORI AMOS,Cornflake Girl (TF) (included in impressions 1-3 only),,,Trinity,,https://store.trinitycollege.com/pages/keyboards-song-list
Trinity Rock & Pop,"Rock & Pop Keyboards song list, face-to-face and digital exams (from 2018); accessed 2026-10-09",6,,Song 1 or Song 2,COMMODORES,Easy,,,Trinity,,https://store.trinitycollege.com/pages/keyboards-song-list
Trinity Rock & Pop,"Rock & Pop Keyboards song list, face-to-face and digital exams (from 2018); accessed 2026-10-09",6,,Song 2 (Own Choice),SUGARLOAF,Green-Eyed Lady,,,Faber Music,,https://store.trinitycollege.com/pages/keyboards-song-list
Trinity Rock & Pop,"Rock & Pop Keyboards song list, face-to-face and digital exams (from 2018); accessed 2026-10-09",6,,Song 2 (Own Choice),DUSTY SPRINGFIELD,I Close My Eyes and Count to Ten,,,Faber Music,,https://store.trinitycollege.com/pages/keyboards-song-list
Trinity Rock & Pop,"Rock & Pop Keyboards song list, face-to-face and digital exams (from 2018); accessed 2026-10-09",6,,Song 2 (Own Choice),MICHAEL JACKSON,She’s Out of My Life,,,Trinity,,https://store.trinitycollege.com/pages/keyboards-song-list
Trinity Rock & Pop,"Rock & Pop Keyboards song list, face-to-face and digital exams (from 2018); accessed 2026-10-09",6,,Song 3 (Technical Focus),THE CRUSADERS FEATURING RANDY CRAWFORD,Street Life,,,Trinity,,https://store.trinitycollege.com/pages/keyboards-song-list
Trinity Rock & Pop,"Rock & Pop Keyboards song list, face-to-face and digital exams (from 2018); accessed 2026-10-09",6,,Song 1 or Song 2,STEVIE WONDER,Superstition,,,Trinity,,https://store.trinitycollege.com/pages/keyboards-song-list
Trinity Rock & Pop,"Rock & Pop Keyboards song list, face-to-face and digital exams (from 2018); accessed 2026-10-09",6,,Song 1 or Song 2,THE ANIMALS,The House Of The Rising Sun,,,Trinity,,https://store.trinitycollege.com/pages/keyboards-song-list
Trinity Rock & Pop,"Rock & Pop Keyboards song list, face-to-face and digital exams (from 2018); accessed 2026-10-09",6,,Song 1 or Song 2,SUPERTRAMP,The Logical Song,,,Trinity,,https://store.trinitycollege.com/pages/keyboards-song-list
Trinity Rock & Pop,"Rock & Pop Keyboards song list, face-to-face and digital exams (from 2018); accessed 2026-10-09",6,,Song 3 (Technical Focus),KATE BUSH,Wuthering Heights (TF) (included in impression 4 onwards),,,Trinity,,https://store.trinitycollege.com/pages/keyboards-song-list
Trinity Rock & Pop,"Rock & Pop Keyboards song list, face-to-face and digital exams (from 2018); accessed 2026-10-09",7,,Song 3 (Technical Focus),VINCE GUARALDI TRIO,Cast Your Fate To The Wind,,,Trinity,,https://store.trinitycollege.com/pages/keyboards-song-list
Trinity Rock & Pop,"Rock & Pop Keyboards song list, face-to-face and digital exams (from 2018); accessed 2026-10-09",7,,Song 2 (Own Choice),DAVID BOWIE,Changes,,,Faber Music,,https://store.trinitycollege.com/pages/keyboards-song-list
Trinity Rock & Pop,"Rock & Pop Keyboards song list, face-to-face and digital exams (from 2018); accessed 2026-10-09",7,,Song 1 or Song 2,LITTLE FEAT,Dixie Chicken,,,Trinity,,https://store.trinitycollege.com/pages/keyboards-song-list
Trinity Rock & Pop,"Rock & Pop Keyboards song list, face-to-face and digital exams (from 2018); accessed 2026-10-09",7,,Song 3 (Technical Focus),LITTLE RICHARD,Good Golly Miss Molly,,,Trinity,,https://store.trinitycollege.com/pages/keyboards-song-list
Trinity Rock & Pop,"Rock & Pop Keyboards song list, face-to-face and digital exams (from 2018); accessed 2026-10-09",7,,Song 2 (Own Choice),MUSE,I Belong to You,,,Faber Music,,https://store.trinitycollege.com/pages/keyboards-song-list
Trinity Rock & Pop,"Rock & Pop Keyboards song list, face-to-face and digital exams (from 2018); accessed 2026-10-09",7,,Song 1 or Song 2,VAN HALEN,Jump,,,Trinity,,https://store.trinitycollege.com/pages/keyboards-song-list
Trinity Rock & Pop,"Rock & Pop Keyboards song list, face-to-face and digital exams (from 2018); accessed 2026-10-09",7,,Song 2 (Own Choice),JOHN MILES,Music,,,Faber Music,,https://store.trinitycollege.com/pages/keyboards-song-list
Trinity Rock & Pop,"Rock & Pop Keyboards song list, face-to-face and digital exams (from 2018); accessed 2026-10-09",7,,Song 3 (Technical Focus),BILLY JOEL,New York State Of Mind,,,Trinity,,https://store.trinitycollege.com/pages/keyboards-song-list
Trinity Rock & Pop,"Rock & Pop Keyboards song list, face-to-face and digital exams (from 2018); accessed 2026-10-09",7,,Song 1 or Song 2,TOTO,Rosanna,,,Trinity,,https://store.trinitycollege.com/pages/keyboards-song-list
Trinity Rock & Pop,"Rock & Pop Keyboards song list, face-to-face and digital exams (from 2018); accessed 2026-10-09",7,,Song 1 or Song 2,NINA SIMONE,Sinnerman,,,Trinity,,https://store.trinitycollege.com/pages/keyboards-song-list
Trinity Rock & Pop,"Rock & Pop Keyboards song list, face-to-face and digital exams (from 2018); accessed 2026-10-09",7,,Song 2 (Own Choice),DR JOHN,Such a Night,,,Trinity,,https://store.trinitycollege.com/pages/keyboards-song-list
Trinity Rock & Pop,"Rock & Pop Keyboards song list, face-to-face and digital exams (from 2018); accessed 2026-10-09",7,,Song 1 or Song 2,JOE COCKER,You Are So Beautiful,,,Trinity,,https://store.trinitycollege.com/pages/keyboards-song-list
Trinity Rock & Pop,"Rock & Pop Keyboards song list, face-to-face and digital exams (from 2018); accessed 2026-10-09",8,,Song 1 or Song 2,DAVID BOWIE,Aladdin Sane,,,Trinity,,https://store.trinitycollege.com/pages/keyboards-song-list
Trinity Rock & Pop,"Rock & Pop Keyboards song list, face-to-face and digital exams (from 2018); accessed 2026-10-09",8,,Song 2 (Own Choice),RICK WAKEMAN,Anne of Cleves,,,Faber Music,,https://store.trinitycollege.com/pages/keyboards-song-list
Trinity Rock & Pop,"Rock & Pop Keyboards song list, face-to-face and digital exams (from 2018); accessed 2026-10-09",8,,Song 1 or Song 2,WEATHER REPORT,Birdland,,,Trinity,,https://store.trinitycollege.com/pages/keyboards-song-list
Trinity Rock & Pop,"Rock & Pop Keyboards song list, face-to-face and digital exams (from 2018); accessed 2026-10-09",8,,Song 1 or Song 2,STEVIE WONDER,Boogie On Reggae Woman,,,Trinity,,https://store.trinitycollege.com/pages/keyboards-song-list
Trinity Rock & Pop,"Rock & Pop Keyboards song list, face-to-face and digital exams (from 2018); accessed 2026-10-09",8,,Song 1 or Song 2,MUSE,Exogenesis: Symphony Part 2,,,Trinity,,https://store.trinitycollege.com/pages/keyboards-song-list
Trinity Rock & Pop,"Rock & Pop Keyboards song list, face-to-face and digital exams (from 2018); accessed 2026-10-09",8,,Song 3 (Technical Focus),GENESIS,Firth Of Fifth,,,Trinity,,https://store.trinitycollege.com/pages/keyboards-song-list
Trinity Rock & Pop,"Rock & Pop Keyboards song list, face-to-face and digital exams (from 2018); accessed 2026-10-09",8,,Song 2 (Own Choice),NINA SIMONE,I Put a Spell on You,,,Faber Music,,https://store.trinitycollege.com/pages/keyboards-song-list
Trinity Rock & Pop,"Rock & Pop Keyboards song list, face-to-face and digital exams (from 2018); accessed 2026-10-09",8,,Song 1 or Song 2,NINA SIMONE,My Baby Just Cares For Me,,,Trinity,,https://store.trinitycollege.com/pages/keyboards-song-list
Trinity Rock & Pop,"Rock & Pop Keyboards song list, face-to-face and digital exams (from 2018); accessed 2026-10-09",8,,Song 2 (Own Choice),B BUMBLE AND THE STINGERS,Nut Rocker,,,Faber Music,,https://store.trinitycollege.com/pages/keyboards-song-list
Trinity Rock & Pop,"Rock & Pop Keyboards song list, face-to-face and digital exams (from 2018); accessed 2026-10-09",8,,Song 3 (Technical Focus),FRANK ZAPPA,Peaches En Regalia,,,Trinity,,https://store.trinitycollege.com/pages/keyboards-song-list
Trinity Rock & Pop,"Rock & Pop Keyboards song list, face-to-face and digital exams (from 2018); accessed 2026-10-09",8,,Song 3 (Technical Focus),THE WHO & ELTON JOHN,Pinball Wizard,,,Trinity,,https://store.trinitycollege.com/pages/keyboards-song-list
Trinity Rock & Pop,"Rock & Pop Keyboards song list, face-to-face and digital exams (from 2018); accessed 2026-10-09",8,,Song 3 (Technical Focus),SNARKY PUPPY,Ready Wednesday (TF) (included in impressions 1&2 only),,,Trinity,,https://store.trinitycollege.com/pages/keyboards-song-list
Trinity Rock & Pop,"Rock & Pop Keyboards song list, face-to-face and digital exams (from 2018); accessed 2026-10-09",8,,Song 2 (Own Choice),MUSE,United States of Eurasia,,,Faber Music,,https://store.trinitycollege.com/pages/keyboards-song-list
RSL Keys,"Keys grade books (RSL Keys 2019 syllabus), rslawards.com product pages; accessed 2026-10-09",0,,Grade book repertoire,Celine Dion & Peabo Bryson,Beauty and the Beast,,,Keys Debut (RSL grade book),,https://www.rslawards.com/products/keys-debut/
RSL Keys,"Keys grade books (RSL Keys 2019 syllabus), rslawards.com product pages; accessed 2026-10-09",0,,Grade book repertoire,John Lennon,Imagine,,,Keys Debut (RSL grade book),,https://www.rslawards.com/products/keys-debut/
RSL Keys,"Keys grade books (RSL Keys 2019 syllabus), rslawards.com product pages; accessed 2026-10-09",0,,Grade book repertoire,Emeli Sandé,Next To Me,,,Keys Debut (RSL grade book),,https://www.rslawards.com/products/keys-debut/
RSL Keys,"Keys grade books (RSL Keys 2019 syllabus), rslawards.com product pages; accessed 2026-10-09",0,,Grade book repertoire,Bob Marley & the Wailers,One Love/People Get Ready,,,Keys Debut (RSL grade book),,https://www.rslawards.com/products/keys-debut/
RSL Keys,"Keys grade books (RSL Keys 2019 syllabus), rslawards.com product pages; accessed 2026-10-09",0,,Grade book repertoire,The Killers,Mr Brightside,,,Keys Debut (RSL grade book),,https://www.rslawards.com/products/keys-debut/
RSL Keys,"Keys grade books (RSL Keys 2019 syllabus), rslawards.com product pages; accessed 2026-10-09",0,,Grade book repertoire,Bill Withers,Ain't No Sunshine,,,Keys Debut (RSL grade book),,https://www.rslawards.com/products/keys-debut/
RSL Keys,"Keys grade books (RSL Keys 2019 syllabus), rslawards.com product pages; accessed 2026-10-09",1,,Grade book repertoire,Taylor Swift,Wildest Dreams,,,Keys Grade 1 (RSL grade book),,https://www.rslawards.com/products/keys-grade-1/
RSL Keys,"Keys grade books (RSL Keys 2019 syllabus), rslawards.com product pages; accessed 2026-10-09",1,,Grade book repertoire,Jeff Buckley,Hallelujah,,,Keys Grade 1 (RSL grade book),,https://www.rslawards.com/products/keys-grade-1/
RSL Keys,"Keys grade books (RSL Keys 2019 syllabus), rslawards.com product pages; accessed 2026-10-09",1,,Grade book repertoire,Ariana Grande,Tattooed Heart,,,Keys Grade 1 (RSL grade book),,https://www.rslawards.com/products/keys-grade-1/
RSL Keys,"Keys grade books (RSL Keys 2019 syllabus), rslawards.com product pages; accessed 2026-10-09",1,,Grade book repertoire,Justin Timberlake,Can't Stop The Feeling!,,,Keys Grade 1 (RSL grade book),,https://www.rslawards.com/products/keys-grade-1/
RSL Keys,"Keys grade books (RSL Keys 2019 syllabus), rslawards.com product pages; accessed 2026-10-09",1,,Grade book repertoire,Bat For Lashes,Daniel,,,Keys Grade 1 (RSL grade book),,https://www.rslawards.com/products/keys-grade-1/
RSL Keys,"Keys grade books (RSL Keys 2019 syllabus), rslawards.com product pages; accessed 2026-10-09",1,,Grade book repertoire,Rag’n’Bone Man,Human,,,Keys Grade 1 (RSL grade book),,https://www.rslawards.com/products/keys-grade-1/
RSL Keys,"Keys grade books (RSL Keys 2019 syllabus), rslawards.com product pages; accessed 2026-10-09",2,,Grade book repertoire,Keala Settle and The Greatest Showman Ensemble,This Is Me,,,Keys Grade 2 (RSL grade book),,https://www.rslawards.com/products/keys-grade-2/
RSL Keys,"Keys grade books (RSL Keys 2019 syllabus), rslawards.com product pages; accessed 2026-10-09",2,,Grade book repertoire,Katy Perry,Roar,,,Keys Grade 2 (RSL grade book),,https://www.rslawards.com/products/keys-grade-2/
RSL Keys,"Keys grade books (RSL Keys 2019 syllabus), rslawards.com product pages; accessed 2026-10-09",2,,Grade book repertoire,Nina Simone,Feeling Good,,,Keys Grade 2 (RSL grade book),,https://www.rslawards.com/products/keys-grade-2/
RSL Keys,"Keys grade books (RSL Keys 2019 syllabus), rslawards.com product pages; accessed 2026-10-09",2,,Grade book repertoire,Kate Bush,Running Up That Hill,,,Keys Grade 2 (RSL grade book),,https://www.rslawards.com/products/keys-grade-2/
RSL Keys,"Keys grade books (RSL Keys 2019 syllabus), rslawards.com product pages; accessed 2026-10-09",2,,Grade book repertoire,Imagine Dragons,Radioactive,,,Keys Grade 2 (RSL grade book),,https://www.rslawards.com/products/keys-grade-2/
RSL Keys,"Keys grade books (RSL Keys 2019 syllabus), rslawards.com product pages; accessed 2026-10-09",2,,Grade book repertoire,Pharrell Williams,Happy,,,Keys Grade 2 (RSL grade book),,https://www.rslawards.com/products/keys-grade-2/
RSL Keys,"Keys grade books (RSL Keys 2019 syllabus), rslawards.com product pages; accessed 2026-10-09",3,,Grade book repertoire,Coldplay,Adventure of a Lifetime,,,Keys Grade 3 (RSL grade book),,https://www.rslawards.com/products/keys-grade-3/
RSL Keys,"Keys grade books (RSL Keys 2019 syllabus), rslawards.com product pages; accessed 2026-10-09",3,,Grade book repertoire,Marvin Gaye,I Heard It Through The Grapevine,,,Keys Grade 3 (RSL grade book),,https://www.rslawards.com/products/keys-grade-3/
RSL Keys,"Keys grade books (RSL Keys 2019 syllabus), rslawards.com product pages; accessed 2026-10-09",3,,Grade book repertoire,Eurythmics,Sweet Dreams (Are Made Of This),,,Keys Grade 3 (RSL grade book),,https://www.rslawards.com/products/keys-grade-3/
RSL Keys,"Keys grade books (RSL Keys 2019 syllabus), rslawards.com product pages; accessed 2026-10-09",3,,Grade book repertoire,Brad Kane and Lea Salonga,A Whole New World,,,Keys Grade 3 (RSL grade book),,https://www.rslawards.com/products/keys-grade-3/
RSL Keys,"Keys grade books (RSL Keys 2019 syllabus), rslawards.com product pages; accessed 2026-10-09",3,,Grade book repertoire,Rihanna,Unfaithful,,,Keys Grade 3 (RSL grade book),,https://www.rslawards.com/products/keys-grade-3/
RSL Keys,"Keys grade books (RSL Keys 2019 syllabus), rslawards.com product pages; accessed 2026-10-09",3,,Grade book repertoire,Adele,Skyfall,,,Keys Grade 3 (RSL grade book),,https://www.rslawards.com/products/keys-grade-3/
RSL Keys,"Keys grade books (RSL Keys 2019 syllabus), rslawards.com product pages; accessed 2026-10-09",4,,Grade book repertoire,John Legend,All Of Me,,,Keys Grade 4 (RSL grade book),,https://www.rslawards.com/products/keys-grade-4/
RSL Keys,"Keys grade books (RSL Keys 2019 syllabus), rslawards.com product pages; accessed 2026-10-09",4,,Grade book repertoire,Elton John,Goodbye Yellow Brick Road,,,Keys Grade 4 (RSL grade book),,https://www.rslawards.com/products/keys-grade-4/
RSL Keys,"Keys grade books (RSL Keys 2019 syllabus), rslawards.com product pages; accessed 2026-10-09",4,,Grade book repertoire,Idina Menzel,Let It Go,,,Keys Grade 4 (RSL grade book),,https://www.rslawards.com/products/keys-grade-4/
RSL Keys,"Keys grade books (RSL Keys 2019 syllabus), rslawards.com product pages; accessed 2026-10-09",4,,Grade book repertoire,Walk The Moon,Shut Up & Dance,,,Keys Grade 4 (RSL grade book),,https://www.rslawards.com/products/keys-grade-4/
RSL Keys,"Keys grade books (RSL Keys 2019 syllabus), rslawards.com product pages; accessed 2026-10-09",4,,Grade book repertoire,The Specials,Ghost Town,,,Keys Grade 4 (RSL grade book),,https://www.rslawards.com/products/keys-grade-4/
RSL Keys,"Keys grade books (RSL Keys 2019 syllabus), rslawards.com product pages; accessed 2026-10-09",4,,Grade book repertoire,Chvrches,Recover,,,Keys Grade 4 (RSL grade book),,https://www.rslawards.com/products/keys-grade-4/
RSL Keys,"Keys grade books (RSL Keys 2019 syllabus), rslawards.com product pages; accessed 2026-10-09",5,,Grade book repertoire,Bruno Mars,24k Magic,,,Keys Grade 5 (RSL grade book),,https://www.rslawards.com/products/keys-grade-5/
RSL Keys,"Keys grade books (RSL Keys 2019 syllabus), rslawards.com product pages; accessed 2026-10-09",5,,Grade book repertoire,Michael jackson,Man In The Mirror,,,Keys Grade 5 (RSL grade book),,https://www.rslawards.com/products/keys-grade-5/
RSL Keys,"Keys grade books (RSL Keys 2019 syllabus), rslawards.com product pages; accessed 2026-10-09",5,,Grade book repertoire,Owl City,Fireflies,,,Keys Grade 5 (RSL grade book),,https://www.rslawards.com/products/keys-grade-5/
RSL Keys,"Keys grade books (RSL Keys 2019 syllabus), rslawards.com product pages; accessed 2026-10-09",5,,Grade book repertoire,Lyle Lovett and Randy Newman,You’ve Got A Friend In Me,,,Keys Grade 5 (RSL grade book),,https://www.rslawards.com/products/keys-grade-5/
RSL Keys,"Keys grade books (RSL Keys 2019 syllabus), rslawards.com product pages; accessed 2026-10-09",5,,Grade book repertoire,Vanessa Carlton,A Thousand Miles,,,Keys Grade 5 (RSL grade book),,https://www.rslawards.com/products/keys-grade-5/
RSL Keys,"Keys grade books (RSL Keys 2019 syllabus), rslawards.com product pages; accessed 2026-10-09",5,,Grade book repertoire,Massive Attack,Teardrop,,,Keys Grade 5 (RSL grade book),,https://www.rslawards.com/products/keys-grade-5/
RSL Keys,"Keys grade books (RSL Keys 2019 syllabus), rslawards.com product pages; accessed 2026-10-09",6,,Grade book repertoire,Linkin Park,In The End,,,Keys Grade 6 (RSL grade book),,https://www.rslawards.com/products/keys-grade-6/
RSL Keys,"Keys grade books (RSL Keys 2019 syllabus), rslawards.com product pages; accessed 2026-10-09",6,,Grade book repertoire,Bruce Hornsby and the Range,The Way It Is,,,Keys Grade 6 (RSL grade book),,https://www.rslawards.com/products/keys-grade-6/
RSL Keys,"Keys grade books (RSL Keys 2019 syllabus), rslawards.com product pages; accessed 2026-10-09",6,,Grade book repertoire,Klaus Badelt and Hans Zimmer,He's A Pirate,,,Keys Grade 6 (RSL grade book),,https://www.rslawards.com/products/keys-grade-6/
RSL Keys,"Keys grade books (RSL Keys 2019 syllabus), rslawards.com product pages; accessed 2026-10-09",6,,Grade book repertoire,Stevie Wonder,Living For The City,,,Keys Grade 6 (RSL grade book),,https://www.rslawards.com/products/keys-grade-6/
RSL Keys,"Keys grade books (RSL Keys 2019 syllabus), rslawards.com product pages; accessed 2026-10-09",6,,Grade book repertoire,Peter Gabriel,Sledgehammer,,,Keys Grade 6 (RSL grade book),,https://www.rslawards.com/products/keys-grade-6/
RSL Keys,"Keys grade books (RSL Keys 2019 syllabus), rslawards.com product pages; accessed 2026-10-09",6,,Grade book repertoire,Rufus & Chaka Khan,Ain't Nobody,,,Keys Grade 6 (RSL grade book),,https://www.rslawards.com/products/keys-grade-6/
RSL Keys,"Keys grade books (RSL Keys 2019 syllabus), rslawards.com product pages; accessed 2026-10-09",7,,Grade book repertoire,John Williams,Theme From Schindler's List,,,Keys Grade 7 (RSL grade book),,https://www.rslawards.com/products/keys-grade-7/
RSL Keys,"Keys grade books (RSL Keys 2019 syllabus), rslawards.com product pages; accessed 2026-10-09",7,,Grade book repertoire,Steely Dan,I Got The News,,,Keys Grade 7 (RSL grade book),,https://www.rslawards.com/products/keys-grade-7/
RSL Keys,"Keys grade books (RSL Keys 2019 syllabus), rslawards.com product pages; accessed 2026-10-09",7,,Grade book repertoire,Tori Amos,CornflakeGirl,,,Keys Grade 7 (RSL grade book),,https://www.rslawards.com/products/keys-grade-7/
RSL Keys,"Keys grade books (RSL Keys 2019 syllabus), rslawards.com product pages; accessed 2026-10-09",7,,Grade book repertoire,Jimmy Smith,Mustard Greens,,,Keys Grade 7 (RSL grade book),,https://www.rslawards.com/products/keys-grade-7/
RSL Keys,"Keys grade books (RSL Keys 2019 syllabus), rslawards.com product pages; accessed 2026-10-09",7,,Grade book repertoire,Van Halen,Jump,,,Keys Grade 7 (RSL grade book),,https://www.rslawards.com/products/keys-grade-7/
RSL Keys,"Keys grade books (RSL Keys 2019 syllabus), rslawards.com product pages; accessed 2026-10-09",7,,Grade book repertoire,Jamiroquai,Cosmic Girl,,,Keys Grade 7 (RSL grade book),,https://www.rslawards.com/products/keys-grade-7/
RSL Keys,"Keys grade books (RSL Keys 2019 syllabus), rslawards.com product pages; accessed 2026-10-09",8,,Grade book repertoire,Clean Bandit ft. Jess Glynne,Rather Be,,,Keys Grade 8 (RSL grade book),,https://www.rslawards.com/products/keys-grade-8/
RSL Keys,"Keys grade books (RSL Keys 2019 syllabus), rslawards.com product pages; accessed 2026-10-09",8,,Grade book repertoire,Queen,Bohemian Rhapsody,,,Keys Grade 8 (RSL grade book),,https://www.rslawards.com/products/keys-grade-8/
RSL Keys,"Keys grade books (RSL Keys 2019 syllabus), rslawards.com product pages; accessed 2026-10-09",8,,Grade book repertoire,Dirty Loops,Hit Me,,,Keys Grade 8 (RSL grade book),,https://www.rslawards.com/products/keys-grade-8/
RSL Keys,"Keys grade books (RSL Keys 2019 syllabus), rslawards.com product pages; accessed 2026-10-09",8,,Grade book repertoire,Chick Corea,Spain,,,Keys Grade 8 (RSL grade book),,https://www.rslawards.com/products/keys-grade-8/
RSL Keys,"Keys grade books (RSL Keys 2019 syllabus), rslawards.com product pages; accessed 2026-10-09",8,,Grade book repertoire,Snarky Puppy,Lingus,,,Keys Grade 8 (RSL grade book),,https://www.rslawards.com/products/keys-grade-8/
RSL Keys,"Keys grade books (RSL Keys 2019 syllabus), rslawards.com product pages; accessed 2026-10-09",8,,Grade book repertoire,Lake & Palmer,Karn Evil No.9 1st Impression Emerson,,,Keys Grade 8 (RSL grade book),,https://www.rslawards.com/products/keys-grade-8/
RSL Keys,"Keys grade books (RSL Keys 2019 syllabus), rslawards.com product pages; accessed 2026-10-09",8,,Featured Repertoire (learn-keyboard page only; not in the grade book track list),John Williams,End Credits (E.T.),,,Keys Grade 8 (RSL grade book),,https://www.rslawards.com/learn-keyboard/
