source,edition,board_level,ps_level,list,composer,title,catalogue,arranger,publication,period,page
Trinity,Piano repertoire list from 2023 (Aug 2026),0,,,K Akimov,The Sleeping Doll,,,Raise the Bar Piano: Initial-Grade 2; Trinity TCL015372,,2
Trinity,Piano repertoire list from 2023 (Aug 2026),0,,,Henk Badings,Canon,,,Piano Exam Pieces Plus Exercises from 2021: Initial | Extended Edition; Trinity TCL020512,,2
Trinity,Piano repertoire list from 2023 (Aug 2026),0,,,Béla Bartók,Dialogue (from First Term at the Piano),,,Piano Progress book 1; Faber 057150860X,,2
Trinity,Piano repertoire list from 2023 (Aug 2026),0,,,Béla Bartók,"Imitation and Inversion (no. 23 from Mikrokosmos, Sz 107, vol 1)",,,Piano Exam Pieces Plus Exercises from 2023: Initial (both editions) or Single Edition; Trinity TCL031907 or TCL031990 Single: TCL032829e,,2
Trinity,Piano repertoire list from 2023 (Aug 2026),0,,,Nathalie Béra-Tagrine,Conversation,,,Piano Exam Pieces Plus Exercises from 2021: Initial | Extended Edition; Trinity TCL020512,,2
Trinity,Piano repertoire list from 2023 (Aug 2026),0,,,Juan Cabeza,Diversion 7,,,Diversions book 1; Piano Safari 9781470613150,,2
Trinity,Piano repertoire list from 2023 (Aug 2026),0,,,Kay Charlton,Tickery Tockery,,,Piano Exam Pieces Plus Exercises from 2021: Initial | Extended Edition or Single Edition; Trinity TCL020512 Single: TCL2363009e,,2
Trinity,Piano repertoire list from 2023 (Aug 2026),0,,,Seána Davey,Autumn Waltz,,,Piano Exam Pieces Plus Exercises from 2023: Initial (both editions) or Single Edition; Trinity TCL031907 or TCL031990 Single: TCL032836e,,2
Trinity,Piano repertoire list from 2023 (Aug 2026),0,,,Karin Daxböck,Boogie,,,Piano Exam Pieces Plus Exercises from 2021: Initial (both editions); Trinity TCL020239 or TCL020512,,2
Trinity,Piano repertoire list from 2023 (Aug 2026),0,,,Karin Daxböck et al.,Lullaby,,,Piano Exam Pieces Plus Exercises from 2021: Initial | Extended Edition; Trinity TCL020512,,2
Trinity,Piano repertoire list from 2023 (Aug 2026),0,,,Thomas Dunhill,Sheep on the Downs,,,Piano Exam Pieces Plus Exercises from 2023: Initial (both editions) or Single Edition; Trinity TCL031907 or TCL031990 Single: TCL032805e,,2
Trinity,Piano repertoire list from 2023 (Aug 2026),0,,,Duke Ellington & Billy Strayhorn,Satin Doll,,Naadia Sheriff,Piano Exam Pieces Plus Exercises from 2023: Initial (both editions); Trinity TCL031907 or TCL031990,,2
Trinity,Piano repertoire list from 2023 (Aug 2026),0,,,Tom Gerou,"Please Stay, Chihuahua (duet)",,,Piano Exam Pieces Plus Exercises from 2021: Initial (both editions); Trinity TCL020239 or TCL020512,,2
Trinity,Piano repertoire list from 2023 (Aug 2026),0,,,Ulrike Gruber,Kindergarten Blues,,,Piano Exam Pieces Plus Exercises from 2021: Initial (both editions); Trinity TCL020239 or TCL020512,,2
Trinity,Piano repertoire list from 2023 (Aug 2026),0,,,George Frideric Handel,Gavotte in C,,,Classics to Moderns 1; Yorktown YK20014,,2
Trinity,Piano repertoire list from 2023 (Aug 2026),0,,,Paul Harris,Spies on a Mission,,,Piano Exam Pieces Plus Exercises from 2021: Initial | Extended Edition; Trinity TCL020512,,3
Trinity,Piano repertoire list from 2023 (Aug 2026),0,,,Hans-Günter Heumann,Spanish Guitar Player,,,Piano Exam Pieces Plus Exercises from 2021: Initial | Extended Edition; Trinity TCL020512,,3
Trinity,Piano repertoire list from 2023 (Aug 2026),0,,,Joachim von der Hofe,Canario,,,My First Concert; Schott ED20969,,3
Trinity,Piano repertoire list from 2023 (Aug 2026),0,,,John Human,"Far, Far Away",,,Piano Exam Pieces Plus Exercises from 2023: Initial | Extended Edition or Single Edition; Trinity TCL031990 Single: TCL032881e,,3
Trinity,Piano repertoire list from 2023 (Aug 2026),0,,,Dmitry Kabalevsky,A Porcupine Dance,,,Raise the Bar Piano: Initial-Grade 2; Trinity TCL015372,,3
Trinity,Piano repertoire list from 2023 (Aug 2026),0,,,Bryan Kelly,On the Trot,,,Play the Piano book 1; Clifton C123,,3
Trinity,Piano repertoire list from 2023 (Aug 2026),0,,,Iain Kendell,Thoughtful (from Moods),,,Piano Exam Pieces Plus Exercises from 2023: Initial | Extended Edition; Trinity TCL031990,,3
Trinity,Piano repertoire list from 2023 (Aug 2026),0,,,Yumi Kimura,Always with Me (from Spirited Away),,Michael Csányi-Wills,Piano Exam Pieces Plus Exercises from 2023: Initial | Extended Edition; Trinity TCL031990,,3
Trinity,Piano repertoire list from 2023 (Aug 2026),0,,,Zoltán Kodály,Children's Dance,,,Raise the Bar Piano: Initial-Grade 2; Trinity TCL015372,,3
Trinity,Piano repertoire list from 2023 (Aug 2026),0,,,Tamara Loeffler & John Siegler,Pokémon Theme,,Ravina Misri,Piano Exam Pieces Plus Exercises from 2023: Initial (both editions); Trinity TCL031907 or TCL031990,,3
Trinity,Piano repertoire list from 2023 (Aug 2026),0,,,"Stephen Manderson, Tom Barnes, Ben Kohn, Peter Kelleher, Iain James & Adele Sandé","Read All About It, Pt. III (Emeli Sandé)",,Mari Sainio,Piano Exam Pieces Plus Exercises from 2023: Initial (both editions); Trinity TCL031907 or TCL031990,,3
Trinity,Piano repertoire list from 2023 (Aug 2026),0,,,"August Eberhard Müller, ed. Peter Wild",Summer Swing,,,Piano Exam Pieces Plus Exercises from 2021: Initial (both editions) or Single Edition; Trinity TCL020239 or TCL020512 Single: TCL2363003e,,3
Trinity,Piano repertoire list from 2023 (Aug 2026),0,,,Linda Nottingham,Little Sarabande,,,Piano Exam Pieces Plus Exercises from 2023: Initial | Extended Edition or Single Edition; Trinity TCL031990 Single: TCL032867e,,3
Trinity,Piano repertoire list from 2023 (Aug 2026),0,,,Linda Nottingham & John Human,You and Me (duet),,,Piano Exam Pieces Plus Exercises from 2023: Initial (both editions) or Single Edition; Trinity TCL031907 or TCL031990 Single: TCL032812e,,3
Trinity,Piano repertoire list from 2023 (Aug 2026),0,,,Lajos Papp,The Giant,,,Piano Exam Pieces Plus Exercises from 2021: Initial (both editions); Trinity TCL020239 or TCL020512,,3
Trinity,Piano repertoire list from 2023 (Aug 2026),0,,,Michael Praetorius,Old German Dance,,,Piano Exam Pieces Plus Exercises from 2021: Initial (both editions) or Single Edition; Trinity TCL020239 or TCL020512 Single: TCL2363001e,,3
Trinity,Piano repertoire list from 2023 (Aug 2026),0,,,Victoria Proudler,March of the Druids,,,Piano Exam Pieces Plus Exercises from 2023: Initial | Extended Edition; Trinity TCL031990,,3
Trinity,Piano repertoire list from 2023 (Aug 2026),0,,,Alexander Reinagle,"Allegretto (no. 9 from 24 Short and Easy Pieces, op. 1)",,,Piano Exam Pieces Plus Exercises from 2021: Initial (both editions) or Single Edition; Trinity TCL020239 or TCL020512 Single: TCL2363002e,,4
Trinity,Piano repertoire list from 2023 (Aug 2026),0,,,Alexander Reinagle,"Allegro (no. 4 from 24 Short and Easy Pieces, op. 1)",,,Piano Exam Pieces Plus Exercises from 2021: Initial | Extended Edition or Single Edition; Trinity TCL020512 Single: TCL2363008e,,4
Trinity,Piano repertoire list from 2023 (Aug 2026),0,,,Alexander Reinagle,"Piece no. 6 (from 24 Short and Easy Pieces, op. 1)",,,Piano Exam Pieces Plus Exercises from 2023: Initial | Extended Edition or Single Edition; Trinity TCL031990 Single: TCL032874e,,4
Trinity,Piano repertoire list from 2023 (Aug 2026),0,,,Sonny Rollins,St Thomas,,James Treweek,Piano Exam Pieces Plus Exercises from 2023: Initial (both editions); Trinity TCL031907 or TCL031990,,4
Trinity,Piano repertoire list from 2023 (Aug 2026),0,,,Manfred Schmitz,Der Wettstreit: Der Kuckuck und der Esel (no. 11),,,Das grüne Kinder-Lieder-Klavier; DVfM DV31099,,4
Trinity,Piano repertoire list from 2023 (Aug 2026),0,,,Jane Sebba,Wotcha Doin'?,,,Raise the Bar Piano: Initial-Grade 2; Trinity TCL015372,,4
Trinity,Piano repertoire list from 2023 (Aug 2026),0,,,Verdina Shlonsky,Lullaby (from 11 Musical Postcards),,,Piano Exam Pieces Plus Exercises from 2023: Initial | Extended Edition; Trinity TCL031990,,4
Trinity,Piano repertoire list from 2023 (Aug 2026),0,,,Michael Stahl,Stick and Hat (duet),,,Piano Exam Pieces Plus Exercises from 2021: Initial | Extended Edition; Trinity TCL020512,,4
Trinity,Piano repertoire list from 2023 (Aug 2026),0,,,Kirsten Strecke,The Waltz of the Toads,,,Piano Exam Pieces Plus Exercises from 2021: Initial | Extended Edition; Trinity TCL020512,,4
Trinity,Piano repertoire list from 2023 (Aug 2026),0,,,Anne Terzibaschitsch,Interval Magic,,,Piano Dreams: solo book 1; Trinity TCL015334,,4
Trinity,Piano repertoire list from 2023 (Aug 2026),0,,,Anne Terzibaschitsch,Round Dance (duet),,,Piano Dreams: duet book 2; Trinity TCL015365,,4
Trinity,Piano repertoire list from 2023 (Aug 2026),0,,,Mintra Thuntawech,Muay Thai (The Boxing Star),,,Piano Exam Pieces Plus Exercises from 2021: Initial (both editions) or Single Edition; Trinity TCL020239 or TCL020512 Single: TCL2363007e,,4
Trinity,Piano repertoire list from 2023 (Aug 2026),0,,,Trad.,Korobeiniki,,Chris Hussey,Piano Exam Pieces Plus Exercises from 2023: Initial (both editions) or Single Edition; Trinity TCL031907 or TCL031990 Single: TCL032850e,,4
Trinity,Piano repertoire list from 2023 (Aug 2026),0,,,Daniel Gottlob Türk,Spring Song,,,Classics to Moderns 1; Yorktown YK20014,,4
Trinity,Piano repertoire list from 2023 (Aug 2026),0,,,U2,With or Without You (U2),,Jessica Dannheisser,Piano Exam Pieces Plus Exercises from 2023: Initial | Extended Edition; Trinity TCL031990,,4
Trinity,Piano repertoire list from 2023 (Aug 2026),0,,,Andrea Vicari,Dandy Lion,,,Piano Exam Pieces Plus Exercises from 2023: Initial (both editions); Trinity TCL031907 or TCL031990,,4
Trinity,Piano repertoire list from 2023 (Aug 2026),0,,,Wilhelm Moritz Vogel,March Time,,,Piano Exam Pieces Plus Exercises from 2021: Initial (both editions) or Single Edition; Trinity TCL020239 or TCL020512 Single: TCL2363004e,,4
Trinity,Piano repertoire list from 2023 (Aug 2026),0,,,Sarah Walker,Merlin's Incantation,,,Piano Exam Pieces Plus Exercises from 2021: Initial (both editions); Trinity TCL020239 or TCL020512,,5
Trinity,Piano repertoire list from 2023 (Aug 2026),0,,,Gillian Walshaw,Train Ride,,,Piano Exam Pieces Plus Exercises from 2023: Initial (both editions) or Single Edition; Trinity TCL031907 or TCL031990 Single: TCL032843e,,5
Trinity,Piano repertoire list from 2023 (Aug 2026),0,,,"George David Weiss, Hugo Peretti & Luigi Creatore",Can't Help Falling in Love (Elvis Presley),,Chris Hussey,Piano Exam Pieces Plus Exercises from 2023: Initial | Extended Edition; Trinity TCL031990,,5
Trinity,Piano repertoire list from 2023 (Aug 2026),0,,,Peter Wild,Into the Distance,,,Piano Exam Pieces Plus Exercises from 2021: Initial (both editions) or Single Edition; Trinity TCL020239 or TCL020512 Single: TCL2363005e,,5
Trinity,Piano repertoire list from 2023 (Aug 2026),0,,,David Wright,Roundabout,,,Raise the Bar Piano: Initial-Grade 2; Trinity TCL015372,,5
Trinity,Piano repertoire list from 2023 (Aug 2026),0,,,Naomi Yandell,Echo Dance,,,Piano Exam Pieces Plus Exercises from 2021: Initial (both editions) or Single Edition; Trinity TCL020239 or TCL020512 Single: TCL2363006e,,5
Trinity,Piano repertoire list from 2023 (Aug 2026),0,,,Naomi Yandell,Square Dance,,,Piano Exam Pieces Plus Exercises from 2023: Initial (both editions); Trinity TCL031907 or TCL031990,,5
Trinity,Piano repertoire list from 2023 (Aug 2026),1,,,Barbara Arens,Grumpy Gorilla,,,Piano Exam Pieces Plus Exercises from 2023: Grade 1 (both editions); Trinity TCL031914 or TCL032003,,6
Trinity,Piano repertoire list from 2023 (Aug 2026),1,,,Barbara Arens,Hug a Pug,,,Piano Exam Pieces Plus Exercises from 2023: Grade 1 (both editions); Trinity TCL031914 or TCL032003,,6
Trinity,Piano repertoire list from 2023 (Aug 2026),1,,,Mike Batt,Nine Million Bicycles (Katie Melua),,Amit Anand,Piano Exam Pieces Plus Exercises from 2023: Grade 1 | Extended Edition; Trinity TCL032003,,6
Trinity,Piano repertoire list from 2023 (Aug 2026),1,,,"Ludwig van Beethoven, ed. Hans-Günter Heumann","Russian Folk Song (no. 3 from 10 National Airs with Variations, op. 107)",,,Piano Piccolo; Schott ED22601,,6
Trinity,Piano repertoire list from 2023 (Aug 2026),1,,,Melody Bober,Stealth Mode,,,Piano Exam Pieces Plus Exercises from 2021: Grade 1 (both editions); Trinity TCL020246 or TCL020529,,6
Trinity,Piano repertoire list from 2023 (Aug 2026),1,,,Mélanie Bonis,"Le petit mendiant (The Little Beggar) (from Album pour les touts-petits, op. 103)",,,Piano Exam Pieces Plus Exercises from 2023: Grade 1 | Extended Edition or Single Edition; Trinity TCL032003 Single: TCL032959e,,6
Trinity,Piano repertoire list from 2023 (Aug 2026),1,,,Kay Charlton,Walking (and Talking),,,Piano Exam Pieces Plus Exercises from 2021: Grade 1 | Extended Edition or Single Edition; Trinity TCL020529 Single: TCL2363018e,,6
Trinity,Piano repertoire list from 2023 (Aug 2026),1,,,Jeremiah Clarke,King William's March,,,Piano Exam Pieces Plus Exercises from 2021: Grade 1 (both editions) or Single Edition; Trinity TCL020246 or TCL020529 Single: TCL2363011e,,6
Trinity,Piano repertoire list from 2023 (Aug 2026),1,,,Sam Cleaver,Railbird Rag,,,Piano Exam Pieces Plus Exercises from 2023: Grade 1 (both editions) or Single Edition; Trinity TCL031914 or TCL032003 Single: TCL032928e,,6
Trinity,Piano repertoire list from 2023 (Aug 2026),1,,,Jaap Cramer,Exclamation Mark (!),,,Mosaic vol 1; Musica Ferrum 9790708147466,,6
Trinity,Piano repertoire list from 2023 (Aug 2026),1,,,Ben Crosland,Go to Sleep,,,Mosaic vol 1; Musica Ferrum 9790708147466,,6
Trinity,Piano repertoire list from 2023 (Aug 2026),1,,,Ben Crosland,Hand in Hand,,,Piano Exam Pieces Plus Exercises from 2021: Grade 1 | Extended Edition; Trinity TCL020529,,6
Trinity,Piano repertoire list from 2023 (Aug 2026),1,,,Anton Diabelli,Bagatelle,,,Piano Exam Pieces Plus Exercises from 2021: Grade 1 | Extended Edition or Single Edition; Trinity TCL020529 Single: TCL2363017e,,6
Trinity,Piano repertoire list from 2023 (Aug 2026),1,,,José Fernández Diaz,Guajira Guantanamera,,Alex Wilson,Piano Exam Pieces Plus Exercises from 2023: Grade 1 (both editions); Trinity TCL031914 or TCL032003,,6
Trinity,Piano repertoire list from 2023 (Aug 2026),1,,,"Sia Furler, David Guetta, Giorgio Tuinfort & Nick van de Wall",Titanium (David Guetta ft. Sia),,Chris Hussey,Piano Exam Pieces Plus Exercises from 2023: Grade 1 (both editions); Trinity TCL031914 or TCL032003,,7
Trinity,Piano repertoire list from 2023 (Aug 2026),1,,,Elisabetta de Gambarini,"Minuet (2nd movt from Sonata in D minor, op. 1 no. 6)",,,Piano Exam Pieces Plus Exercises from 2023: Grade 1 | Extended Edition or Single Edition; Trinity TCL032003 Single: TCL032942e,,7
Trinity,Piano repertoire list from 2023 (Aug 2026),1,,,Janina Garścia,"Chris's Song (from Very Easy Piano Pieces for Children, op. 3)",,,Piano Exam Pieces Plus Exercises from 2023: Grade 1 (both editions); Trinity TCL031914 or TCL032003,,7
Trinity,Piano repertoire list from 2023 (Aug 2026),1,,,Tom Gerou,The Furless Sphynx (without optional accomp),,,The Best of Tom Gerou book 2; Alfred 47358,,7
Trinity,Piano repertoire list from 2023 (Aug 2026),1,,,Alexander Goedicke,Dance,,,Raise the Bar Piano: Initial-Grade 2; Trinity TCL015372,,7
Trinity,Piano repertoire list from 2023 (Aug 2026),1,,,Florence Ada Goodrich,Water Sprite,,,Piano Exam Pieces Plus Exercises from 2023: Grade 1 (both editions) or Single Edition; Trinity TCL031914 or TCL032003 Single: TCL032904e,,7
Trinity,Piano repertoire list from 2023 (Aug 2026),1,,,Joyce Grill,I'm Happy,,,Piano Exam Pieces Plus Exercises from 2021: Grade 1 | Extended Edition; Trinity TCL020529,,7
Trinity,Piano repertoire list from 2023 (Aug 2026),1,,,Uli Gruber,Jodler (Yodeler),,,Piano Exam Pieces Plus Exercises from 2021: Grade 1 | Extended Edition; Trinity TCL020529,,7
Trinity,Piano repertoire list from 2023 (Aug 2026),1,,,Pauline Hall & Paul Drayton,The Very Vicious Velociraptor,,,Piano Exam Pieces Plus Exercises from 2021: Grade 1 (both editions); Trinity TCL020246 or TCL020529,,7
Trinity,Piano repertoire list from 2023 (Aug 2026),1,,,"George Frideric Handel, ed. Peter Wild","Passepied in C, HWV 559",,,Piano Exam Pieces Plus Exercises from 2021: Grade 1 (both editions) or Single Edition; Trinity TCL020246 or TCL020529 Single: TCL2363012e,,7
Trinity,Piano repertoire list from 2023 (Aug 2026),1,,,Philip Hawthorn & Anya Suschitzky,Space Walk Rag,,,Piano Exam Pieces Plus Exercises from 2021: Grade 1 (both editions); Trinity TCL020246 or TCL020529,,7
Trinity,Piano repertoire list from 2023 (Aug 2026),1,,,Billie Holiday & Arthur Herzog Jr.,God Bless the Child (Billie Holiday),,Andrea Vicari,Piano Exam Pieces Plus Exercises from 2023: Grade 1 (both editions); Trinity TCL031914 or TCL032003,,7
Trinity,Piano repertoire list from 2023 (Aug 2026),1,,,Dulcie Holland,Donkey Trot,,,Piano Exam Pieces Plus Exercises from 2021: Grade 1 (both editions); Trinity TCL020246 or TCL020529,,7
Trinity,Piano repertoire list from 2023 (Aug 2026),1,,,James Horner,My Heart Will Go On (from Titanic) (Celine Dion),,Mari Sainio,Piano Exam Pieces Plus Exercises from 2023: Grade 1 | Extended Edition; Trinity TCL032003,,7
Trinity,Piano repertoire list from 2023 (Aug 2026),1,,,Emil Hradecký,Waltz,,,Two-Part Piano Miniatures on One Page; Bärenreiter Praha H8034,,7
Trinity,Piano repertoire list from 2023 (Aug 2026),1,,,Bryan Kelly,On the March,,,Play the Piano book 1; Clifton C123,,7
Trinity,Piano repertoire list from 2023 (Aug 2026),1,,,Barbara Kirkby-Mason,Mango Walk (duet),,,Piano Exam Pieces Plus Exercises from 2021: Grade 1 | Extended Edition; Trinity TCL020529,,7
Trinity,Piano repertoire list from 2023 (Aug 2026),1,,,Félix le Couppey,Mélodie (from ABC du piano),,,Raise the Bar Piano: Initial-Grade 2 or Single Edition; Trinity TCL015372 Single: TCL2363010e,,8
Trinity,Piano repertoire list from 2023 (Aug 2026),1,,,Zhenyan Li,A Peculiar Party,,,Piano Exam Pieces Plus Exercises from 2023: Grade 1 (both editions) or Single Edition; Trinity TCL031914 or TCL032003 Single: TCL032911e,,8
Trinity,Piano repertoire list from 2023 (Aug 2026),1,,,Akira Miyoshi,Waltz,,,Piano Exam Pieces Plus Exercises from 2023: Grade 1 | Extended Edition; Trinity TCL032003,,8
Trinity,Piano repertoire list from 2023 (Aug 2026),1,,,Ray Moore,The Music Box,,,Piano Exam Pieces Plus Exercises from 2023: Grade 1 (both editions); Trinity TCL031914 or TCL032003,,8
Trinity,Piano repertoire list from 2023 (Aug 2026),1,,,August Eberhard Müller,Andantino - Handstück no. 5 (from Instructive Pieces for Piano),,,Piano Piccolo; Schott ED22601,,8
Trinity,Piano repertoire list from 2023 (Aug 2026),1,,,Christoph Nichelmann,Minuet no. 3 (from 6 Minuets),,,Piano Exam Pieces Plus Exercises from 2023: Grade 1 | Extended Edition or Single Edition; Trinity TCL032003 Single: TCL032935e,,8
Trinity,Piano repertoire list from 2023 (Aug 2026),1,,,Christopher Norton,Walking Together,,,Piano Exam Pieces Plus Exercises from 2021: Grade 1 (both editions); Trinity TCL020246 or TCL020529,,8
Trinity,Piano repertoire list from 2023 (Aug 2026),1,,,Lajos Papp,Once Upon a Time…,,,The Golden Key; EMB Z.14564,,8
Trinity,Piano repertoire list from 2023 (Aug 2026),1,,,Matthew Pittarello,Viking Village,,,Piano Exam Pieces Plus Exercises from 2021: Grade 1 (both editions) or Single Edition; Trinity TCL020246 or TCL020529 Single: TCL2363015e,,8
Trinity,Piano repertoire list from 2023 (Aug 2026),1,,,Victoria Proudler,Toccatina,,,Piano Exam Pieces Plus Exercises from 2023: Grade 1 | Extended Edition; Trinity TCL032003,,8
Trinity,Piano repertoire list from 2023 (Aug 2026),1,,,Alexander Reinagle,"Minuet (no. 10 from 24 Short and Easy Pieces, op. 1)",,,Piano Exam Pieces Plus Exercises from 2021: Grade 1 | Extended Edition or Single Edition; Trinity TCL020529 Single: TCL2363016e,,8
Trinity,Piano repertoire list from 2023 (Aug 2026),1,,,Ben & Max Ringham,103 East 86th Street (from She Stoops to Conquer),,,Piano Exam Pieces Plus Exercises from 2023: Grade 1 (both editions); Trinity TCL031914 or TCL032003,,8
Trinity,Piano repertoire list from 2023 (Aug 2026),1,,,Richard Rodgers,Do-Re-Mi (from The Sound of Music),,Alastair Gavin,Single Edition; Trinity TCL205401e,,8
Trinity,Piano repertoire list from 2023 (Aug 2026),1,,,Johann Hermann Schein,Allemande,,Keith Snell,Piano Exam Pieces Plus Exercises from 2021: Grade 1 | Extended Edition; Trinity TCL020529,,8
Trinity,Piano repertoire list from 2023 (Aug 2026),1,,,Kirsten Strecke,The Enchanted Garden,,,Piano Exam Pieces Plus Exercises from 2021: Grade 1 | Extended Edition; Trinity TCL020529,,8
Trinity,Piano repertoire list from 2023 (Aug 2026),1,,,Mark Tanner,The Croc that Swallowed a Clock,,,Piano Exam Pieces Plus Exercises from 2021: Grade 1 (both editions); Trinity TCL020246 or TCL020529,,8
Trinity,Piano repertoire list from 2023 (Aug 2026),1,,,Anne Terzibaschitsch,Easy Going (duet),,,Piano Dreams: duet book 1; Trinity TCL015358,,8
Trinity,Piano repertoire list from 2023 (Aug 2026),1,,,Anne Terzibaschitsch,Last Waltz (duet),,,Piano Exam Pieces Plus Exercises from 2021: Grade 1 (both editions); Trinity TCL020246 or TCL020529,,9
Trinity,Piano repertoire list from 2023 (Aug 2026),1,,,Anne Terzibaschitsch,The First Day at School,,,Piano Dreams: solo book 1; Trinity TCL015334,,9
Trinity,Piano repertoire list from 2023 (Aug 2026),1,,,Trad.,Backwater Blues,,Hans-Günter Heumann,Piano Junior: Performance Book 4; Schott ED13834,,9
Trinity,Piano repertoire list from 2023 (Aug 2026),1,,,Daniel Gottlob Türk,Arioso (from Klavierschule),,,Piano Exam Pieces Plus Exercises from 2021: Grade 1 (both editions) or Single Edition; Trinity TCL020246 or TCL020529 Single: TCL2363013e,,9
Trinity,Piano repertoire list from 2023 (Aug 2026),1,,,Daniel Gottlob Türk,Minuet in G,,,Piano Exam Pieces Plus Exercises from 2023: Grade 1 | Extended Edition or Single Edition; Trinity TCL032003 Single: TCL032966e,,9
Trinity,Piano repertoire list from 2023 (Aug 2026),1,,,Jan Křtitel Vaňhal,Melodie (duet),,,Piano Exam Pieces Plus Exercises from 2023: Grade 1 (both editions) or Single Edition; Trinity TCL031914 or TCL032003 Single: TCL032898e,,9
Trinity,Piano repertoire list from 2023 (Aug 2026),1,,,Elsie Wells,Courante (duet),,,Mixed Doubles: Piano Time Duets book 2; OUP 9780193727540,,9
Trinity,Piano repertoire list from 2023 (Aug 2026),1,,,Norman Whitfield & Barrett Strong,I Heard It through the Grapevine (Marvin Gaye),,Gillian Walshaw,Piano Exam Pieces Plus Exercises from 2023: Grade 1 | Extended Edition; Trinity TCL032003,,9
Trinity,Piano repertoire list from 2023 (Aug 2026),1,,,Naomi Yandell,Pirate Stomp,,,Piano Exam Pieces Plus Exercises from 2021: Grade 1 (both editions) or Single Edition; Trinity TCL020246 or TCL020529 Single: TCL2363014e,,9
Trinity,Piano repertoire list from 2023 (Aug 2026),2,,,Béla Bartók,"Children at Play, no. 1",,,For Children vol 1; Henle HN1225,,10
Trinity,Piano repertoire list from 2023 (Aug 2026),2,,,Georg Böhm,Minuet in G (from Clavierbüchlein für Anna Magdalena Bach),,,Piano Exam Pieces Plus Exercises from 2021: Grade 2 (both editions) or Single Edition; Trinity TCL020253 or TCL020536 Single: TCL2363019e,,10
Trinity,Piano repertoire list from 2023 (Aug 2026),2,,,Mélanie Bonis,"La machine à coudre (The Sewing Machine) (from Album pour les touts-petits, op. 103)",,,Piano Exam Pieces Plus Exercises from 2023: Grade 2 | Extended Edition or Single Edition; Trinity TCL032010 Single: TCL033024e,,10
Trinity,Piano repertoire list from 2023 (Aug 2026),2,,,Mark Choi,Learning to Ride,,,Piano Exam Pieces Plus Exercises from 2023: Grade 2 (both editions) or Single Edition; Trinity TCL031921 or TCL032010 Single: TCL032997e,,10
Trinity,Piano repertoire list from 2023 (Aug 2026),2,,,Hedwige Chrétien,Petit nuage (no. 3 from 6 petits préludes récréatifs),,,Piano Exam Pieces Plus Exercises from 2023: Grade 2 (both editions) or Single Edition; Trinity TCL031921 or TCL032010 Single: TCL032980e,,10
Trinity,Piano repertoire list from 2023 (Aug 2026),2,,,Sam Cleaver,Persian Holiday,,,Piano Exam Pieces Plus Exercises from 2021: Grade 2 | Extended Edition or Single Edition; Trinity TCL020536 Single: TCL2363026e,,10
Trinity,Piano repertoire list from 2023 (Aug 2026),2,,,Ben Crosland,Bendin' the Rules,,,Piano Exam Pieces Plus Exercises from 2021: Grade 2 (both editions); Trinity TCL020253 or TCL020536,,10
Trinity,Piano repertoire list from 2023 (Aug 2026),2,,,Ben Crosland,Railroad Blues,,,Piano Exam Pieces Plus Exercises from 2023: Grade 2 | Extended Edition; Trinity TCL032010,,10
Trinity,Piano repertoire list from 2023 (Aug 2026),2,,,Christine Donkin,The Penguin Parade,,,Piano Exam Pieces Plus Exercises from 2021: Grade 2 (both editions) or Single Edition; Trinity TCL020253 or TCL020536 Single: TCL2363022e,,10
Trinity,Piano repertoire list from 2023 (Aug 2026),2,,,Duke Ellington,It Don't Mean a Thing (If It Ain't Got that Swing),,Sam Leak,Piano Exam Pieces Plus Exercises from 2023: Grade 2 (both editions); Trinity TCL031921 or TCL032010,,10
Trinity,Piano repertoire list from 2023 (Aug 2026),2,,,Johann Joseph Fux,Almost a Canon,,Elizabeth Haas,Piano Exam Pieces Plus Exercises from 2021: Grade 2 | Extended Edition; Trinity TCL020536,,10
Trinity,Piano repertoire list from 2023 (Aug 2026),2,,,Dominic Glynn,The Sheltering Sky (from Eye of the Storm),,,Piano Exam Pieces Plus Exercises from 2023: Grade 2 (both editions); Trinity TCL031921 or TCL032010,,10
Trinity,Piano repertoire list from 2023 (Aug 2026),2,,,Alexander Goedicke,"Die Nacht im Walde (Night in the Woods) (no. 32 from 60 Leichte Klavierstücke, op. 36)",,,Piano Exam Pieces Plus Exercises from 2023: Grade 2 | Extended Edition; Trinity TCL032010,,10
Trinity,Piano repertoire list from 2023 (Aug 2026),2,,,Chris Gumbley,‘Nuff Said,,,Piano Exam Pieces Plus Exercises from 2021: Grade 2 (both editions); Trinity TCL020253 or TCL020536,,11
Trinity,Piano repertoire list from 2023 (Aug 2026),2,,,Cornelius Gurlitt,"Melodic Study (no. 4 from 16 Melodische Etüden, op. 198)",,,Piano Exam Pieces Plus Exercises from 2023: Grade 2 | Extended Edition or Single Edition; Trinity TCL032010 Single: TCL033031e,,11
Trinity,Piano repertoire list from 2023 (Aug 2026),2,,,Johann Hässler,Menuet,,,Piano Exam Pieces Plus Exercises from 2023: Grade 2 (both editions) or Single Edition; Trinity TCL031921 or TCL032010 Single: TCL032973e,,11
Trinity,Piano repertoire list from 2023 (Aug 2026),2,,,"Johann Hässler, ed. Pauline Hall",Allegro in C,,,Piano Exam Pieces Plus Exercises from 2021: Grade 2 (both editions); Trinity TCL020253 or TCL020536,,11
Trinity,Piano repertoire list from 2023 (Aug 2026),2,,,Joseph Haydn,"German Dance, Hob IX:12 no. 1",,,Piano Junior: Performance Book 4; Schott ED13834,,11
Trinity,Piano repertoire list from 2023 (Aug 2026),2,,,Hans-Günter Heumann,Island in the Sun (duet),,,Piano Exam Pieces Plus Exercises from 2021: Grade 2 (both editions); Trinity TCL020253 or TCL020536,,11
Trinity,Piano repertoire list from 2023 (Aug 2026),2,,,Johann Hummel,The Hen (duet),,,Piano Progress book 2; Faber 0571508618,,11
Trinity,Piano repertoire list from 2023 (Aug 2026),2,,,Bryan Kelly,Catch Me!,,,Play the Piano book 2; Clifton C124,,11
Trinity,Piano repertoire list from 2023 (Aug 2026),2,,,Hazel Gertrude Kinscella,The Merry Shepherd (no. 5 from Ten Little Duets for the Young Pianist) (duet),,,Piano Exam Pieces Plus Exercises from 2023: Grade 2 (both editions); Trinity TCL031921 or TCL032010,,11
Trinity,Piano repertoire list from 2023 (Aug 2026),2,,,Koji Kondo,The Legend of Zelda: Main Theme,,Chris Hussey,Piano Exam Pieces Plus Exercises from 2023: Grade 2 (both editions); Trinity TCL031921 or TCL032010,,11
Trinity,Piano repertoire list from 2023 (Aug 2026),2,,,Felicitas Kukuck,The Rowboat,,,Piano Exam Pieces Plus Exercises from 2021: Grade 2 | Extended Edition; Trinity TCL020536,,11
Trinity,Piano repertoire list from 2023 (Aug 2026),2,,,Félix le Couppey,Arabian Air,,,Piano Piccolo; Schott ED22601,,11
Trinity,Piano repertoire list from 2023 (Aug 2026),2,,,Georg Simon Löhlein,Balletto,,Elizabeth Haas,Piano Exam Pieces Plus Exercises from 2021: Grade 2 | Extended Edition; Trinity TCL020536,,11
Trinity,Piano repertoire list from 2023 (Aug 2026),2,,,David Lvov-Kompaneets,The Sparrow,,,Raise the Bar Piano: Initial-Grade 2; Trinity TCL015372,,11
Trinity,Piano repertoire list from 2023 (Aug 2026),2,,,Alison Mathews,Jupiter Storm,,,Piano Exam Pieces Plus Exercises from 2023: Grade 2 (both editions); Trinity TCL031921 or TCL032010,,11
Trinity,Piano repertoire list from 2023 (Aug 2026),2,,,Samuel Maykapar,"Tale (no. 2 from Petits contes-berceuses, op. 24)",,,Piano Exam Pieces Plus Exercises from 2023: Grade 2 | Extended Edition or Single Edition; Trinity TCL032010 Single: TCL033048e,,11
Trinity,Piano repertoire list from 2023 (Aug 2026),2,,,Samuel Maykapar,"Waltz (Вальс) (no. 1 from Miniatures, op. 33)",,,Piano Pieces; Zen-On 161661,,11
Trinity,Piano repertoire list from 2023 (Aug 2026),2,,,Rainer Mohrs,Shepherd's Melody,,,Piano Exam Pieces Plus Exercises from 2021: Grade 2 | Extended Edition; Trinity TCL020536,,11
Trinity,Piano repertoire list from 2023 (Aug 2026),2,,,Vera Mohrs,Poor Mouse,,,Piano Exam Pieces Plus Exercises from 2021: Grade 2 | Extended Edition; Trinity TCL020536,,12
Trinity,Piano repertoire list from 2023 (Aug 2026),2,,,Ray Moore,The Ballerina,,,Piano Exam Pieces Plus Exercises from 2021: Grade 2 | Extended Edition or Single Edition; Trinity TCL020536 Single: TCL2363025e,,12
Trinity,Piano repertoire list from 2023 (Aug 2026),2,,,Christian Gottlob Neefe,Canzonet,,Fanny Waterman & Marion Harewood,Piano Exam Pieces Plus Exercises from 2021: Grade 2 (both editions); Trinity TCL020253 or TCL020536,,12
Trinity,Piano repertoire list from 2023 (Aug 2026),2,,,Christian Petzold,Minuet in G minor,,,Classical Music for Children; Schott ED21905,,12
Trinity,Piano repertoire list from 2023 (Aug 2026),2,,,Michael Proksch,FreuDich/Feelicitous,,,Piano Exam Pieces Plus Exercises from 2021: Grade 2 (both editions); Trinity TCL020253 or TCL020536,,12
Trinity,Piano repertoire list from 2023 (Aug 2026),2,,,Stanisław Prószyński,The Marionettes (duet),,,Piano Exam Pieces Plus Exercises from 2021: Grade 2 | Extended Edition; Trinity TCL020536,,12
Trinity,Piano repertoire list from 2023 (Aug 2026),2,,,Henry Purcell,"Hornpipe in E minor, Z 685",,,Piano Exam Pieces Plus Exercises from 2023: Grade 2 | Extended Edition or Single Edition; Trinity TCL032010 Single: TCL033017e,,12
Trinity,Piano repertoire list from 2023 (Aug 2026),2,,,Robert Ramskill,It's a Walk in the Park,,,Piano Exam Pieces Plus Exercises from 2023: Grade 2 (both editions); Trinity TCL031921 or TCL032010,,12
Trinity,Piano repertoire list from 2023 (Aug 2026),2,,,Mongo Santamaría,Afro Blue,,Gareth Williams,Piano Exam Pieces Plus Exercises from 2023: Grade 2 (both editions); Trinity TCL031921 or TCL032010,,12
Trinity,Piano repertoire list from 2023 (Aug 2026),2,,,Sam Smith & Jimmy Napes,Writing's on the Wall (from Spectre) (Sam Smith),,Gillian Walshaw,Piano Exam Pieces Plus Exercises from 2023: Grade 2 | Extended Edition; Trinity TCL032010,,12
Trinity,Piano repertoire list from 2023 (Aug 2026),2,,,John Stephens & Tobias Gad,All of Me (John Legend),,Chris Hussey,Piano Exam Pieces Plus Exercises from 2023: Grade 2 (both editions); Trinity TCL031921 or TCL032010,,12
Trinity,Piano repertoire list from 2023 (Aug 2026),2,,,Waris Sukontapatipark,Floating Balloons,,,Piano Exam Pieces Plus Exercises from 2021: Grade 2 (both editions) or Single Edition; Trinity TCL020253 or TCL020536 Single: TCL2363023e,,12
Trinity,Piano repertoire list from 2023 (Aug 2026),2,,,Adrian Sutton,The Broken Clock,,,Piano Exam Pieces Plus Exercises from 2023: Grade 2 | Extended Edition; Trinity TCL032010,,12
Trinity,Piano repertoire list from 2023 (Aug 2026),2,,,Maria Szymanowska,Mazurka,,,Piano Exam Pieces Plus Exercises from 2021: Grade 2 (both editions) or Single Edition; Trinity TCL020253 or TCL020536 Single: TCL2363020e,,12
Trinity,Piano repertoire list from 2023 (Aug 2026),2,,,Hilary Tadman-Robins,Lazy Waltz,,,Just for Starters; Encore 120003,,12
Trinity,Piano repertoire list from 2023 (Aug 2026),2,,,Mark Tanner,Orpheus in his Underpants,,,Piano Exam Pieces Plus Exercises from 2021: Grade 2 (both editions); Trinity TCL020253 or TCL020536,,12
Trinity,Piano repertoire list from 2023 (Aug 2026),2,,,Georg Philipp Telemann,Fantasia in G minor,,,Piano Exam Pieces Plus Exercises from 2023: Grade 2 | Extended Edition or Single Edition; Trinity TCL032010 Single: TCL033000e,,13
Trinity,Piano repertoire list from 2023 (Aug 2026),2,,,Georg Philipp Telemann,Minuet (from Tanzfolge I),,,Piano Progress book 1; Faber 057150860X,,13
Trinity,Piano repertoire list from 2023 (Aug 2026),2,,,Georg Philipp Telemann,Rigaudon,,,Piano Exam Pieces Plus Exercises from 2021: Grade 2 | Extended Edition or Single Edition; Trinity TCL020536 Single: TCL2363024e,,13
Trinity,Piano repertoire list from 2023 (Aug 2026),2,,,Anne Terzibaschitsch,The Gondola (duet),,,Piano Dreams: duet book 2; Trinity TCL015365,,13
Trinity,Piano repertoire list from 2023 (Aug 2026),2,,,Anne Terzibaschitsch,The Little Locomotive,,,Piano Dreams: solo book 2; Trinity TCL015341,,13
Trinity,Piano repertoire list from 2023 (Aug 2026),2,,,Carl Maria von Weber,"Allemande, op. 4 no. 2",,,Piano Piccolo; Schott ED22601,,13
Trinity,Piano repertoire list from 2023 (Aug 2026),2,,,John Williams,Hedwig’s Theme (from Harry Potter and the Philosopher's Stone),,,Piano Exam Pieces Plus Exercises from 2023: Grade 2 (both editions); Trinity TCL031921 or TCL032010,,13
Trinity,Piano repertoire list from 2023 (Aug 2026),2,,,Malcolm Williamson,King's Cross (from Travel Diaries),,,Raise the Bar Piano: Initial-Grade 2; Trinity TCL015372,,13
Trinity,Piano repertoire list from 2023 (Aug 2026),2,,,Naomi Yandell,Fun Fair Blues,,,Piano Exam Pieces Plus Exercises from 2021: Grade 2 (both editions) or Single Edition; Trinity TCL020253 or TCL020536 Single: TCL2363021e,,13
Trinity,Piano repertoire list from 2023 (Aug 2026),3,,,Dan Wilson,Someone Like You (Adele),,Amit Anand,Exercises from 2023: Grade 3 | Extended Edition; Trinity TCL032027,,14
Trinity,Piano repertoire list from 2023 (Aug 2026),3,,,Dennis Alexander,Nocturne no. 1 in C,,,Nocturnes book 1; Alfred 46287,,14
Trinity,Piano repertoire list from 2023 (Aug 2026),3,,,Anon.,Minuet,,,Piano Exam Pieces Plus Exercises from 2023: Grade 3 | Extended Edition or Single Edition; Trinity TCL032027 Single: TCL033109e,,14
Trinity,Piano repertoire list from 2023 (Aug 2026),3,,,Thomas Attwood,Rondo (3rd movt from Sonatina in G),,,Easy Concert Pieces vol 2; Schott ED22548,,14
Trinity,Piano repertoire list from 2023 (Aug 2026),3,,,Johann Christoph Friedrich Bach,Anglaise,,,Piano Exam Pieces Plus Exercises from 2023: Grade 3 | Extended Edition or Single Edition; Trinity TCL032027 Single: TCL033086e,,14
Trinity,Piano repertoire list from 2023 (Aug 2026),3,,,Béla Bartók,"The Highway Robber (from For Children, Sz 42)",,,Piano Exam Pieces Plus Exercises from 2021: Grade 3 (both editions); Trinity TCL020260 or TCL020543,,14
Trinity,Piano repertoire list from 2023 (Aug 2026),3,,,Alanya Bridge,Morning,,,Piano Exam Pieces Plus Exercises from 2023: Grade 3 (both editions); Trinity TCL031938 or TCL032027,,14
Trinity,Piano repertoire list from 2023 (Aug 2026),3,,,Janet & Alan Bullard,Model T,,,Piano Exam Pieces Plus Exercises from 2021: Grade 3 | Extended Edition; Trinity TCL020543,,14
Trinity,Piano repertoire list from 2023 (Aug 2026),3,,,Kate Bush,Running Up That Hill (Kate Bush),,Jessica Dannheisser,Single Edition; Trinity TCL205402e,,14
Trinity,Piano repertoire list from 2023 (Aug 2026),3,,,Hedwige Chrétien,Pierrot sautille (Pierrot Hops) (no. 4 from 6 petits préludes récréatifs),,,Piano Exam Pieces Plus Exercises from 2023: Grade 3 | Extended Edition or Single Edition; Trinity TCL032027 Single: TCL033130e,,14
Trinity,Piano repertoire list from 2023 (Aug 2026),3,,,Muzio Clementi,E♭ Waltz in,,,Piano Exam Pieces Plus Exercises from 2023: Grade 3 | Extended Edition or Single Edition; Trinity TCL032027 Single: TCL033116e,,14
Trinity,Piano repertoire list from 2023 (Aug 2026),3,,,Elena Cobb,Polka Butterfly,,,Higgledy Piggledy Jazz; EVC 9780956656919,,14
Trinity,Piano repertoire list from 2023 (Aug 2026),3,,,François Couperin,Les coucous bénévoles (The Benevolent Cuckoos),,,Piano Exam Pieces Plus Exercises from 2021: Grade 3 (both editions) or Single Edition; Trinity TCL020260 or TCL020543 Single: TCL2363028e,,14
Trinity,Piano repertoire list from 2023 (Aug 2026),3,,,François Couperin,Le petit rien,,Keith Snell,Piano Exam Pieces Plus Exercises from 2021: Grade 3 | Extended Edition; Trinity TCL020543,,14
Trinity,Piano repertoire list from 2023 (Aug 2026),3,,,Ben Crosland,The Clown and the Ballerina,,,Piano Exam Pieces Plus Exercises from 2021: Grade 3 | Extended Edition; Trinity TCL020543,,14
Trinity,Piano repertoire list from 2023 (Aug 2026),3,,,Jean-François Dandrieu,The Fifers,,,Piano Exam Pieces Plus Exercises from 2023: Grade 3 | Extended Edition or Single Edition; Trinity TCL032027 Single: TCL033093e,,15
Trinity,Piano repertoire list from 2023 (Aug 2026),3,,,Miles Davis,All Blues,,Naadia Sheriff,Piano Exam Pieces Plus Exercises from 2023: Grade 3 (both editions); Trinity TCL031938 or TCL032027,,15
Trinity,Piano repertoire list from 2023 (Aug 2026),3,,,Alexandre Desplat,Harry and Ginny (from Harry Potter and the Deathly Hallows: Part 1),,,Piano Exam Pieces Plus Exercises from 2023: Grade 3 (both editions); Trinity TCL031938 or TCL032027,,15
Trinity,Piano repertoire list from 2023 (Aug 2026),3,,,Anton Diabelli,"Rondino (no. 17 from Melodious Exercises, op. 149) (duet)",,,Piano Exam Pieces Plus Exercises from 2021: Grade 3 (both editions) or Single Edition; Trinity TCL020260 or TCL020543 Single: TCL2363030e,,15
Trinity,Piano repertoire list from 2023 (Aug 2026),3,,,Christine Donkin,An Autumn Leaf,,,Piano Exam Pieces Plus Exercises from 2021: Grade 3 (both editions) or Single Edition; Trinity TCL020260 or TCL020543 Single: TCL2363032e,,15
Trinity,Piano repertoire list from 2023 (Aug 2026),3,,,Christine Donkin,Badlands,,,Piano Exam Pieces Plus Exercises from 2021: Grade 3 | Extended Edition or Single Edition; Trinity TCL020543 Single: TCL2363036e,,15
Trinity,Piano repertoire list from 2023 (Aug 2026),3,,,Osvaldo Farrés,Tres palabras,,James Treweek,Piano Exam Pieces Plus Exercises from 2023: Grade 3 (both editions); Trinity TCL031938 or TCL032027,,15
Trinity,Piano repertoire list from 2023 (Aug 2026),3,,,Stephen Flaherty,Once Upon a December (from Anastasia),,Alastair Gavin,Piano Exam Pieces Plus Exercises from 2023: Grade 3 (both editions); Trinity TCL031938 or TCL032027,,15
Trinity,Piano repertoire list from 2023 (Aug 2026),3,,,Robert Fuchs,"The Proud Horseman (Stolzer Reitersmann) (no. 2 from Jugendalbum, op. 47)",,,Piano Exam Pieces Plus Exercises from 2023: Grade 3 | Extended Edition or Single Edition; Trinity TCL032027 Single: TCL033123e,,15
Trinity,Piano repertoire list from 2023 (Aug 2026),3,,,"Aleksandr Gedike, ed. Pauline Hall",Sonatina,,,Piano Exam Pieces Plus Exercises from 2021: Grade 3 (both editions); Trinity TCL020260 or TCL020543,,15
Trinity,Piano repertoire list from 2023 (Aug 2026),3,,,Peter Graham,Between the Fingers,,,Piano Exam Pieces Plus Exercises from 2021: Grade 3 | Extended Edition; Trinity TCL020543,,15
Trinity,Piano repertoire list from 2023 (Aug 2026),3,,,Chris Gumbley,Says You!,,,Street Talk (download); Gumbles GP502,,15
Trinity,Piano repertoire list from 2023 (Aug 2026),3,,,Cornelius Gurlitt,Turkish March (duet),,,Piano Exam Pieces Plus Exercises from 2023: Grade 3 (both editions) or Single Edition; Trinity TCL031938 or TCL032027 Single: TCL033055e,,15
Trinity,Piano repertoire list from 2023 (Aug 2026),3,,,Cornelius Gurlitt,"Wild Mignonette (no. 1 from Kleine Blumen (Little Flowers), op. 205)",,,Piano Exam Pieces Plus Exercises from 2023: Grade 3 (both editions) or Single Edition; Trinity TCL031938 or TCL032027 Single: TCL033062e,,15
Trinity,Piano repertoire list from 2023 (Aug 2026),3,,,Joseph Haydn,"Andante (3rd movt from Sonata in G, Hob XVI:8)",,,Piano Exam Pieces Plus Exercises from 2021: Grade 3 (both editions) or Single Edition; Trinity TCL020260 or TCL020543 Single: TCL2363029e,,15
Trinity,Piano repertoire list from 2023 (Aug 2026),3,,,Joseph Haydn,"Symphony no. 101 'The Clock', 2nd movt",,David Blackwell,The Foundation Pianist book 2; Faber 057154066X,,16
Trinity,Piano repertoire list from 2023 (Aug 2026),3,,,Hans-Günter Heumann,PJ’s Ragtime,,,Piano Junior: Lesson Book 4; Schott ED13804,,16
Trinity,Piano repertoire list from 2023 (Aug 2026),3,,,Michael Hurd,Jig,,,Raise the Bar Piano: Grades 3-5; Trinity TCL015389,,16
Trinity,Piano repertoire list from 2023 (Aug 2026),3,,,Nikki Iles,I'm Late!,,,Piano Exam Pieces Plus Exercises from 2021: Grade 3 (both editions); Trinity TCL020260 or TCL020543,,16
Trinity,Piano repertoire list from 2023 (Aug 2026),3,,,Ilona Jurníčková,Little Stream (Potůček),,,Piano Exam Pieces Plus Exercises from 2023: Grade 3 (both editions); Trinity TCL031938 or TCL032027,,16
Trinity,Piano repertoire list from 2023 (Aug 2026),3,,,Bryan Kelly,Spanish Dance,,,Raise the Bar Piano: Grades 3-5; Trinity TCL015389,,16
Trinity,Piano repertoire list from 2023 (Aug 2026),3,,,Jerry Leiber & Mike Stroller,Hound Dog,,Sam & Pam Wedgwood,Piano Exam Pieces Plus Exercises from 2021: Grade 3 (both editions); Trinity TCL020260 or TCL020543,,16
Trinity,Piano repertoire list from 2023 (Aug 2026),3,,,Albert Loeschhorn,"Study in D minor (no. 40 from Studies for the Piano, op. 65)",,,Piano Exam Pieces Plus Exercises from 2021: Grade 3 (both editions) or Single Edition; Trinity TCL020260 or TCL020543 Single: TCL2363031e,,16
Trinity,Piano repertoire list from 2023 (Aug 2026),3,,,Sandra Lynch,nDcvr Agnt,,,Piano Exam Pieces Plus Exercises from 2021: Grade 3 (both editions) or Single Edition; Trinity TCL020260 or TCL020543 Single: TCL2363033e,,16
Trinity,Piano repertoire list from 2023 (Aug 2026),3,,,Marin Marais,Romance,,,Raise the Bar Piano: Grades 3-5 or Single Edition; Trinity TCL015389 Single: TCL2363027e,,16
Trinity,Piano repertoire list from 2023 (Aug 2026),3,,,Ray Moore,Chord Etude,,,Piano Exam Pieces Plus Exercises from 2023: Grade 3 (both editions); Trinity TCL031938 or TCL032027,,16
Trinity,Piano repertoire list from 2023 (Aug 2026),3,,,Moritz Moszkowski,"Spanish Dance, op. 12 no. 2 (duet)",,,Mixed Doubles: Piano Time Duets book 2; OUP 9780193727540,,16
Trinity,Piano repertoire list from 2023 (Aug 2026),3,,,Roland Orzabal,Mad World (Tears for Fears),,Mari Sainio,Piano Exam Pieces Plus Exercises from 2023: Grade 3 | Extended Edition; Trinity TCL032027,,16
Trinity,Piano repertoire list from 2023 (Aug 2026),3,,,Johann Pachelbel,Fuga in C,,,Classical Music for Children; Schott ED21905,,16
Trinity,Piano repertoire list from 2023 (Aug 2026),3,,,Ari Pulkkinen,Angry Birds Theme,,Salla Hakkola,Piano Exam Pieces Plus Exercises from 2023: Grade 3 (both editions); Trinity TCL031938 or TCL032027,,16
Trinity,Piano repertoire list from 2023 (Aug 2026),3,,,Catherine Rollin,Sunrise on the Matterhorn,,,Piano Exam Pieces Plus Exercises from 2021: Grade 3 | Extended Edition; Trinity TCL020543,,16
Trinity,Piano repertoire list from 2023 (Aug 2026),3,,,Mari Sainio,Mountain Spirit,,,Piano Exam Pieces Plus Exercises from 2023: Grade 3 (both editions) or Single Edition; Trinity TCL031938 or TCL032027 Single: TCL033079e,,16
Trinity,Piano repertoire list from 2023 (Aug 2026),3,,,Domenico Scarlatti,Sonata in G,,,Piano Exam Pieces Plus Exercises from 2021: Grade 3 | Extended Edition or Single Edition; Trinity TCL020543 Single: TCL2363035e,,17
Trinity,Piano repertoire list from 2023 (Aug 2026),3,,,Manfred Schmitz,Tango-Prelude II (duet),,,Piano Exam Pieces Plus Exercises from 2021: Grade 3 | Extended Edition; Trinity TCL020543,,17
Trinity,Piano repertoire list from 2023 (Aug 2026),3,,,Mike Schönmehl,Rain,,,Piano Exam Pieces Plus Exercises from 2021: Grade 3 | Extended Edition; Trinity TCL020543,,17
Trinity,Piano repertoire list from 2023 (Aug 2026),3,,,Hale Smith,My Scarf is Yellow (from Faces of Jazz),,,Piano Music of Africa and the African Diaspora vol 1; OUP 9780193868229,,17
Trinity,Piano repertoire list from 2023 (Aug 2026),3,,,David Stewart & Jessica Agombar,Dynamite (BTS),,John Human,Piano Exam Pieces Plus Exercises from 2023: Grade 3 (both editions); Trinity TCL031938 or TCL032027,,17
Trinity,Piano repertoire list from 2023 (Aug 2026),3,,,Larisa Suknov,Tango Cordoba,,,Tangos and More; Kjos WP1183,,17
Trinity,Piano repertoire list from 2023 (Aug 2026),3,,,Hilary Tadman-Robins,Ballad,,,Piano Exam Pieces Plus Exercises from 2021: Grade 3 (both editions); Trinity TCL020260 or TCL020543,,17
Trinity,Piano repertoire list from 2023 (Aug 2026),3,,,Edric Tan,The Night of the Sleepy Panda,,,Piano Exam Pieces Plus Exercises from 2021: Grade 3 (both editions) or Single Edition; Trinity TCL020260 or TCL020543 Single: TCL2363034e,,17
Trinity,Piano repertoire list from 2023 (Aug 2026),3,,,Anne Terzibaschitsch,The Little Elf,,,Piano Dreams: solo book 2; Trinity TCL015341,,17
Trinity,Piano repertoire list from 2023 (Aug 2026),3,,,Pharrell Williams,Happy (Pharrell Williams),,Chris Hussey,Piano Exam Pieces Plus Exercises from 2023: Grade 3 | Extended Edition; Trinity TCL032027,,17
Trinity,Piano repertoire list from 2023 (Aug 2026),4,,,Aphex Twin,Avril 14th (Aphex Twin),,Mari Sainio,Piano Exam Pieces Plus Exercises from 2023: Grade 4 | Extended Edition; Trinity TCL032034,,18
Trinity,Piano repertoire list from 2023 (Aug 2026),4,,,Barbara Arens,Tango passionis,,,Piano Exam Pieces Plus Exercises from 2021: Grade 4 | Extended Edition; Trinity TCL020550,,18
Trinity,Piano repertoire list from 2023 (Aug 2026),4,,,Thomas Arne,Minuet,,Philip Ledger,Just for Starters; Encore 120003,,18
Trinity,Piano repertoire list from 2023 (Aug 2026),4,,,Paul Arnold & Andrew Barnabas,Time Keeper's Lament (from Primal),,,Piano Exam Pieces Plus Exercises from 2023: Grade 4 (both editions); Trinity TCL031945 or TCL032034,,18
Trinity,Piano repertoire list from 2023 (Aug 2026),4,,,Carl Philipp Emanuel Bach,Affettuoso,,,Piano Exam Pieces Plus Exercises from 2023: Grade 4 | Extended Edition or Single Edition; Trinity TCL032034 Single: TCL033185e,,18
Trinity,Piano repertoire list from 2023 (Aug 2026),4,,,Wilhelm Friedemann Bach,Allegro in A,,,Raise the Bar Piano: Grades 3-5 or Single Edition; Trinity TCL015389 Single: TCL2363037e,,18
Trinity,Piano repertoire list from 2023 (Aug 2026),4,,,Henk Badings,Ballo gaio,,,Piano Exam Pieces Plus Exercises from 2021: Grade 4 | Extended Edition; Trinity TCL020550,,18
Trinity,Piano repertoire list from 2023 (Aug 2026),4,,,Tamara Barschak,Variations on a Procul Theme,,,Piano Exam Pieces Plus Exercises from 2023: Grade 4 | Extended Edition; Trinity TCL032034,,18
Trinity,Piano repertoire list from 2023 (Aug 2026),4,,,"Guy Berryman, Jon Buckland, William Champion & Chris Martin",Viva la Vida (Coldplay),,Mari Sainio,Piano Exam Pieces Plus Exercises from 2023: Grade 4 | Extended Edition; Trinity TCL032034,,18
Trinity,Piano repertoire list from 2023 (Aug 2026),4,,,Henri Bertini,"Study in E minor, op. 29 no. 14",,,Piano Exam Pieces Plus Exercises from 2021: Grade 4 | Extended Edition or Single Edition; Trinity TCL020550 Single: TCL2363051e,,18
Trinity,Piano repertoire list from 2023 (Aug 2026),4,,,Anna Bon di Venezia,"Andante (2nd movt from B♭, Sonata in op. 2 no. 2)",,,Piano Exam Pieces Plus Exercises from 2023: Grade 4 | Extended Edition or Single Edition; Trinity TCL032034 Single: TCL033178e,,18
Trinity,Piano repertoire list from 2023 (Aug 2026),4,,,Friedrich Burgmüller,"Barcarolle (no. 22 from 25 Easy and Progressive Studies, op. 100)",,,Piano Exam Pieces Plus Exercises from 2021: Grade 4 | Extended Edition or Single Edition; Trinity TCL020550 Single: TCL2363049e,,18
Trinity,Piano repertoire list from 2023 (Aug 2026),4,,,Bobby Capó,Piel Canela,,Alex Wilson,Piano Exam Pieces Plus Exercises from 2023: Grade 4 (both editions); Trinity TCL031945 or TCL032034,,18
Trinity,Piano repertoire list from 2023 (Aug 2026),4,,,Walter Carroll,A Seaborn Knight,,,Water Sprites; Forsyth FCW14,,18
Trinity,Piano repertoire list from 2023 (Aug 2026),4,,,Domenico Cimarosa,Sonata in A minor,,,Piano Exam Pieces Plus Exercises from 2021: Grade 4 (both editions) or Single Edition; Trinity TCL020277 or TCL020550 Single: TCL2363039e,,19
Trinity,Piano repertoire list from 2023 (Aug 2026),4,,,Muzio Clementi,"Allegretto (1st movt from Sonatina in G, op. 36 no. 2)",,,The Classical Piano Method: Repertoire Collection 3; Schott ED13573,,19
Trinity,Piano repertoire list from 2023 (Aug 2026),4,,,Muzio Clementi,"Andante con espressione (2nd movt from Sonatina in F, op. 36 no. 4)",,,Raise the Bar Piano: Grades 3-5 or Single Edition; Trinity TCL015389 Single: TCL2363038e,,19
Trinity,Piano repertoire list from 2023 (Aug 2026),4,,,Ben Crosland,Lights in the Rearview,,,Piano Exam Pieces Plus Exercises from 2021: Grade 4 (both editions) or Single Edition; Trinity TCL020277 or TCL020550 Single: TCL2363044e,,19
Trinity,Piano repertoire list from 2023 (Aug 2026),4,,,Paul Edis,Wide Asleep,,,Piano Exam Pieces Plus Exercises from 2023: Grade 4 (both editions); Trinity TCL031945 or TCL032034,,19
Trinity,Piano repertoire list from 2023 (Aug 2026),4,,,Edward Elgar,Andantino (1st movt from Sonatina),,,Piano Exam Pieces Plus Exercises from 2021: Grade 4 | Extended Edition or Single Edition; Trinity TCL020550 Single: TCL2363050e,,19
Trinity,Piano repertoire list from 2023 (Aug 2026),4,,,"Giles Farnaby, ed. Pauline Hall",Tower Hill,,,Piano Exam Pieces Plus Exercises from 2021: Grade 4 (both editions); Trinity TCL020277 or TCL020550,,19
Trinity,Piano repertoire list from 2023 (Aug 2026),4,,,Louise Farrenc,"Etude in A (no. 10 from 25 études faciles, op. 50)",,,Piano Exam Pieces Plus Exercises from 2023: Grade 4 (both editions) or Single Edition; Trinity TCL031945 or TCL032034 Single: TCL033147e,,19
Trinity,Piano repertoire list from 2023 (Aug 2026),4,,,Johann Kaspar Ferdinand Fischer,Chaconne (from Melpomene Suite),,,Piano Exam Pieces Plus Exercises from 2023: Grade 4 | Extended Edition or Single Edition; Trinity TCL032034 Single: TCL033192e,,19
Trinity,Piano repertoire list from 2023 (Aug 2026),4,,,Carlos Gardel,Por una cabeza,,Iain Farrington,Piano Exam Pieces Plus Exercises from 2021: Grade 4 | Extended Edition; Trinity TCL020550,,19
Trinity,Piano repertoire list from 2023 (Aug 2026),4,,,Ron Grainer,Doctor Who Theme,,,Piano Exam Pieces Plus Exercises from 2023: Grade 4 | Extended Edition; Trinity TCL032034,,19
Trinity,Piano repertoire list from 2023 (Aug 2026),4,,,Nikki Iles,Wendy Bird,,,Piano Tales for Peter Pan; EVC 9781911359333,,19
Trinity,Piano repertoire list from 2023 (Aug 2026),4,,,Marie Jaëll,Conte de fée (Fairy Story) (no. 3 from 7 pièces faciles),,,Piano Exam Pieces Plus Exercises from 2023: Grade 4 | Extended Edition or Single Edition; Trinity TCL032034 Single: TCL033208e,,19
Trinity,Piano repertoire list from 2023 (Aug 2026),4,,,Dmitry Kabalevsky,A Short Story,,,"30 Children's Pieces, op. 27; Boosey M060113291",,19
Trinity,Piano repertoire list from 2023 (Aug 2026),4,,,Johann Philipp Kirnberger,Minuet in E,,,Piano Exam Pieces Plus Exercises from 2021: Grade 4 | Extended Edition or Single Edition; Trinity TCL020550 Single: TCL2363047e,,19
Trinity,Piano repertoire list from 2023 (Aug 2026),4,,,Philip Knowles,Calypso,,,Piano Exam Pieces Plus Exercises from 2021: Grade 4 (both editions) or Single Edition; Trinity TCL020277 or TCL020550 Single: TCL2363045e,,20
Trinity,Piano repertoire list from 2023 (Aug 2026),4,,,Koji Kondo,Ground Background Music (Super Mario Bros),,Chris Hussey,Piano Exam Pieces Plus Exercises from 2023: Grade 4 (both editions); Trinity TCL031945 or TCL032034,,20
Trinity,Piano repertoire list from 2023 (Aug 2026),4,,,Friedrich Kuhlau,"Allegretto (from Sonatina in G, op. 55 no. 2)",,,Piano Exam Pieces Plus Exercises from 2021: Grade 4 (both editions) or Single Edition; Trinity TCL020277 or TCL020550 Single: TCL2363040e,,20
Trinity,Piano repertoire list from 2023 (Aug 2026),4,,,Philip Lane,Circus Clowns,,,Bric-a-Brac; Goodmusic GM129,,20
Trinity,Piano repertoire list from 2023 (Aug 2026),4,,,Henry Lemoine,"Étude no. 23 (from Études enfantines, op. 37)",,,Piano Exam Pieces Plus Exercises from 2021: Grade 4 (both editions) or Single Edition; Trinity TCL020277 or TCL020550 Single: TCL2363041e,,20
Trinity,Piano repertoire list from 2023 (Aug 2026),4,,,Samuel Maykapar,"Valse (no. 5 from Biriulki, op. 28)",,,Piano Exam Pieces Plus Exercises from 2021: Grade 4 (both editions) or Single Edition; Trinity TCL020277 or TCL020550 Single: TCL2363043e,,20
Trinity,Piano repertoire list from 2023 (Aug 2026),4,,,Samuel Maykapar,"Valse mélancolique (no. 11 from 12 Albumblätter, op. 16)",,,Piano Exam Pieces Plus Exercises from 2023: Grade 4 (both editions) or Single Edition; Trinity TCL031945 or TCL032034 Single: TCL033154e,,20
Trinity,Piano repertoire list from 2023 (Aug 2026),4,,,Maria Mifsud,Remembrance,,,Piano Exam Pieces Plus Exercises from 2021: Grade 4 (both editions) or Single Edition; Trinity TCL020277 or TCL020550 Single: TCL2363046e,,20
Trinity,Piano repertoire list from 2023 (Aug 2026),4,,,Elissa Milne,No Worries,,,Even More Little Peppers; Faber 0571523153,,20
Trinity,Piano repertoire list from 2023 (Aug 2026),4,,,Madan Mohan,Lag Jaa Gale (from Woh Kaun Thi?),,Ravina Misri,Piano Exam Pieces Plus Exercises from 2023: Grade 4 (both editions); Trinity TCL031945 or TCL032034,,20
Trinity,Piano repertoire list from 2023 (Aug 2026),4,,,Ray Moore,Waltz mystique,,,Piano Exam Pieces Plus Exercises from 2021: Grade 4 | Extended Edition or Single Edition; Trinity TCL020550 Single: TCL2363052e,,20
Trinity,Piano repertoire list from 2023 (Aug 2026),4,,,Wolfgang Amadeus Mozart,"Allegretto (from The London Sketchbook, K 15hh)",,,Piano Exam Pieces Plus Exercises from 2021: Grade 4 | Extended Edition or Single Edition; Trinity TCL020550 Single: TCL2363048e,,20
Trinity,Piano repertoire list from 2023 (Aug 2026),4,,,Ross Petot,Please Count,,,Piano Exam Pieces Plus Exercises from 2021: Grade 4 (both editions); Trinity TCL020277 or TCL020550,,20
Trinity,Piano repertoire list from 2023 (Aug 2026),4,,,Florence Price,The Goblin and the Mosquito,,,Piano Exam Pieces Plus Exercises from 2023: Grade 4 (both editions); Trinity TCL031945 or TCL032034,,20
Trinity,Piano repertoire list from 2023 (Aug 2026),4,,,Michael Price,They're Getting Away,,,Piano Exam Pieces Plus Exercises from 2023: Grade 4 (both editions) or Single Edition; Trinity TCL031945 or TCL032034 Single: TCL033161e,,20
Trinity,Piano repertoire list from 2023 (Aug 2026),4,,,Isak Roux,Kwela no. 1 (from African Miniatures for Young Pianists),,,Piano Music of Africa and the African Diaspora vol 1; OUP 9780193868229,,21
Trinity,Piano repertoire list from 2023 (Aug 2026),4,,,Peter Rudzik,Orange Striped Zebra,,,Truly Astounding Animals; Red Leaf,,21
Trinity,Piano repertoire list from 2023 (Aug 2026),4,,,Camille Saint-Saëns,Aquarium (from Carnival of the Animals),,David Blackwell,The Foundation Pianist book 2; Faber 057154066X,,21
Trinity,Piano repertoire list from 2023 (Aug 2026),4,,,Manfred Schmitz,Kleine Elegie (Little Elegy) (from Rainbow Preludes),,,Raise the Bar Piano: Grades 3-5; Trinity TCL015389,,21
Trinity,Piano repertoire list from 2023 (Aug 2026),4,,,Robert Schumann,"Sicilienne (no. 11 from Album for the Young, op. 68)",,,Piano Exam Pieces Plus Exercises from 2021: Grade 4 (both editions) or Single Edition; Trinity TCL020277 or TCL020550 Single: TCL2363042e,,21
Trinity,Piano repertoire list from 2023 (Aug 2026),4,,,Adrian Sutton,Polperro Beach (from The Curious Incident of the Dog in the Night-Time),,,Piano Exam Pieces Plus Exercises from 2023: Grade 4 (both editions); Trinity TCL031945 or TCL032034,,21
Trinity,Piano repertoire list from 2023 (Aug 2026),4,,,Borislava Taneva,Balloons in the Air,,,Piano Exam Pieces Plus Exercises from 2021: Grade 4 (both editions); Trinity TCL020277 or TCL020550,,21
Trinity,Piano repertoire list from 2023 (Aug 2026),4,,,Mark Tanner,Forty Winks,,,Piano Exam Pieces Plus Exercises from 2021: Grade 4 (both editions); Trinity TCL020277 or TCL020550,,21
Trinity,Piano repertoire list from 2023 (Aug 2026),4,,,Anne Terzibaschitsch,The Old Gramophone,,,Piano Dreams: solo book 2; Trinity TCL015341,,21
Trinity,Piano repertoire list from 2023 (Aug 2026),4,,,James Treweek,The Curious Incident,,,Piano Exam Pieces Plus Exercises from 2023: Grade 4 (both editions); Trinity TCL031945 or TCL032034,,21
Trinity,Piano repertoire list from 2023 (Aug 2026),4,,,Percy Algernon Whitehead,On the Foc'sle,,,Piano Exam Pieces Plus Exercises from 2023: Grade 4 | Extended Edition or Single Edition; Trinity TCL032034 Single: TCL033215e,,21
Trinity,Piano repertoire list from 2023 (Aug 2026),4,,,John Williams,Star Wars: Main Theme,,,Piano Exam Pieces Plus Exercises from 2023: Grade 4 (both editions); Trinity TCL031945 or TCL032034,,21
Trinity,Piano repertoire list from 2023 (Aug 2026),5,,,Dennis Alexander,All is Calm,,,Piano Exam Pieces Plus Exercises from 2021: Grade 5 | Extended Edition; Trinity TCL020567,,22
Trinity,Piano repertoire list from 2023 (Aug 2026),5,,,William Alwyn,There Sleeps Titania (from Midsummer Night),,,Piano Exam Pieces Plus Exercises from 2021: Grade 5 | Extended Edition; Trinity TCL020567,,22
Trinity,Piano repertoire list from 2023 (Aug 2026),5,,,"Anon., ed. James Long",Coranto (no. 221 from Fitzwilliam Virginal Book),,,Piano Exam Pieces Plus Exercises from 2021: Grade 5 (both editions) or Single Edition; Trinity TCL020284 or TCL020567 Single: TCL2363053e,,22
Trinity,Piano repertoire list from 2023 (Aug 2026),5,,,Johann Sebastian Bach,"2-Part Invention no. 4 in D minor, BWV 775",,,Piano Exam Pieces Plus Exercises from 2023: Grade 5 | Extended Edition or Single Edition; Trinity TCL032041 Single: TCL033284e,,22
Trinity,Piano repertoire list from 2023 (Aug 2026),5,,,Johann Sebastian Bach,"Gavotte (from French Suite no. 5 in G, BWV 816)",,,"French Suites, BWV 812-817; Henle HN71",,22
Trinity,Piano repertoire list from 2023 (Aug 2026),5,,,Johann Sebastian Bach,"Prelude in C, BWV 846 (from The Well-Tempered Clavier book 1)",,,Piano Exam Pieces Plus Exercises from 2023: Grade 5 | Extended Edition or Single Edition; Trinity TCL032041 Single: TCL033277e,,22
Trinity,Piano repertoire list from 2023 (Aug 2026),5,,,Gareth Balch,A Walk at Strumble Head,,,Piano Exam Pieces Plus Exercises from 2021: Grade 5 | Extended Edition or Single Edition; Trinity TCL020567 Single: TCL2363060e,,22
Trinity,Piano repertoire list from 2023 (Aug 2026),5,,,Sara Bareilles,What Baking Can Do (from Waitress the Musical),,Alastair Gavin,Single Edition; Trinity TCL205403e,,22
Trinity,Piano repertoire list from 2023 (Aug 2026),5,,,Béla Bartók,"Dance of Buchum (bars 1-18 only, with no repeat)",,,Romanian Folk Dances; Henle HN1402,,22
Trinity,Piano repertoire list from 2023 (Aug 2026),5,,,Jean-François Basteau,Regard,,,Instants magiques; Lemoine HL29303,,22
Trinity,Piano repertoire list from 2023 (Aug 2026),5,,,Amy Beach,"Pantalon (from Young People's Carnival, op. 25)",,,Piano Exam Pieces Plus Exercises from 2021: Grade 5 (both editions); Trinity TCL020284 or TCL020567,,22
Trinity,Piano repertoire list from 2023 (Aug 2026),5,,,Arthur Benjamin,Haunted House,,,Raise the Bar Piano: Grades 3-5; Trinity TCL015389,,22
Trinity,Piano repertoire list from 2023 (Aug 2026),5,,,Friedrich Burgmüller,"Berceuse (no. 7 from 18 Characteristic Studies, op. 109)",,,Piano Exam Pieces Plus Exercises from 2021: Grade 5 (both editions) or Single Edition; Trinity TCL020284 or TCL020567 Single: TCL2363056e,,22
Trinity,Piano repertoire list from 2023 (Aug 2026),5,,,Chris Caine,January – New Year,,,A Year in Twelve Keys – Diatonic Studies for Piano or Single Edition; Trinity TCL234402 Single: TCL2404001e,,22
Trinity,Piano repertoire list from 2023 (Aug 2026),5,,,Matthew Camidge,Scherzando (2nd movt from Sonata no. 1 in G),,,Piano Exam Pieces Plus Exercises from 2021: Grade 5 | Extended Edition or Single Edition; Trinity TCL020567 Single: TCL2363059e,,23
Trinity,Piano repertoire list from 2023 (Aug 2026),5,,,Charles Camilleri,Cantilena,,,Raise the Bar Piano: Grades 3-5; Trinity TCL015389,,23
Trinity,Piano repertoire list from 2023 (Aug 2026),5,,,Mike Cornick,Blues for Beth,,,Piano Exam Pieces Plus Exercises from 2021: Grade 5 | Extended Edition; Trinity TCL020567,,23
Trinity,Piano repertoire list from 2023 (Aug 2026),5,,,Seána Davey,Ice Dance,,,Piano Exam Pieces Plus Exercises from 2023: Grade 5 (both editions) or Single Edition; Trinity TCL031952 or TCL032041 Single: TCL033253e,,23
Trinity,Piano repertoire list from 2023 (Aug 2026),5,,,Léo Delibes,Flower Duet (from Lakmé),,Barrie Carson Turner,The Piano Playlist; Schott ED13860,,23
Trinity,Piano repertoire list from 2023 (Aug 2026),5,,,František Xaver Dušek,Allegro (1st movt from Sonata XII in G),,,Piano Exam Pieces Plus Exercises from 2021: Grade 5 (both editions) or Single Edition; Trinity TCL020284 or TCL020567 Single: TCL2363054e,,23
Trinity,Piano repertoire list from 2023 (Aug 2026),5,,,Duke Ellington,Don't Get Around Much Anymore,,Andrea Vicari,Piano Exam Pieces Plus Exercises from 2023: Grade 5 (both editions); Trinity TCL031952 or TCL032041,,23
Trinity,Piano repertoire list from 2023 (Aug 2026),5,,,Marcos Fernandez,Málaga,,,Piano Exam Pieces Plus Exercises from 2023: Grade 5 (both editions); Trinity TCL031952 or TCL032041,,23
Trinity,Piano repertoire list from 2023 (Aug 2026),5,,,Zdeněk Fibich,"Lento assai (no. 3 from Moods, Impressions and Souvenirs, op. 41)",,,Piano Exam Pieces Plus Exercises from 2023: Grade 5 (both editions) or Single Edition; Trinity TCL031952 or TCL032041 Single: TCL033239e,,23
Trinity,Piano repertoire list from 2023 (Aug 2026),5,,,Gilon Fox,Walk in the Park,,,Piano Exam Pieces Plus Exercises from 2021: Grade 5 (both editions) or Single Edition; Trinity TCL020284 or TCL020567 Single: TCL2363057e,,23
Trinity,Piano repertoire list from 2023 (Aug 2026),5,,,Tom Gerou,March of the Roman Legionaries,,,Piano Exam Pieces Plus Exercises from 2021: Grade 5 (both editions); Trinity TCL020284 or TCL020567,,23
Trinity,Piano repertoire list from 2023 (Aug 2026),5,,,Gordon Goodwin,Settle Down,,,Piano Exam Pieces Plus Exercises from 2021: Grade 5 (both editions); Trinity TCL020284 or TCL020567,,23
Trinity,Piano repertoire list from 2023 (Aug 2026),5,,,Chabuca Granda,Fina Estampa,,Gareth Williams,Piano Exam Pieces Plus Exercises from 2023: Grade 5 (both editions); Trinity TCL031952 or TCL032041,,23
Trinity,Piano repertoire list from 2023 (Aug 2026),5,,,George Frideric Handel,Fantasia in D minor,,,Piano Exam Pieces Plus Exercises from 2023: Grade 5 | Extended Edition or Single Edition; Trinity TCL032041 Single: TCL033260e,,23
Trinity,Piano repertoire list from 2023 (Aug 2026),5,,,Joseph Haydn,"Andante in A, Hob I:53/II",,,Piano Exam Pieces Plus Exercises from 2021: Grade 5 | Extended Edition or Single Edition; Trinity TCL020567 Single: TCL2363058e,,23
Trinity,Piano repertoire list from 2023 (Aug 2026),5,,,Heinrich Hofmann,"Am Abend (In the Evening) (no. 2 from Stimmungsbilder, op. 88)",,,Raise the Bar Piano: Grades 3-5 or Single Edition; Trinity TCL015389 Single: TCL2363061e,,24
Trinity,Piano repertoire list from 2023 (Aug 2026),5,,,Justin Hurwitz,Engagement Party (from La La Land),,,Piano Exam Pieces Plus Exercises from 2023: Grade 5 | Extended Edition; Trinity TCL032041,,24
Trinity,Piano repertoire list from 2023 (Aug 2026),5,,,Marie Jaëll,Grisaille (Greyness) (no. 3 from Les jours pluvieux),,,Piano Exam Pieces Plus Exercises from 2023: Grade 5 (both editions) or Single Edition; Trinity TCL031952 or TCL032041 Single: TCL033246e,,24
Trinity,Piano repertoire list from 2023 (Aug 2026),5,,,Pál Járdányi,Andantino (1st movt from Sonatina no. 2),,,Piano Exam Pieces Plus Exercises from 2021: Grade 5 | Extended Edition; Trinity TCL020567,,24
Trinity,Piano repertoire list from 2023 (Aug 2026),5,,,Billy Joel,Just the Way You Are (Billy Joel),,John Human,Piano Exam Pieces Plus Exercises from 2023: Grade 5 | Extended Edition; Trinity TCL032041,,24
Trinity,Piano repertoire list from 2023 (Aug 2026),5,,,Friedrich Kuhlau,"Allegro con spirito (1st movt from Sonatina in C, op. 55 no. 3)",,,Raise the Bar Piano: Grades 3-5; Trinity TCL015389,,24
Trinity,Piano repertoire list from 2023 (Aug 2026),5,,,Friedrich Kuhlau,"Allegro molto (1st movt from Sonatina in F, op. 88 no. 4)",,,Piano Exam Pieces Plus Exercises from 2023: Grade 5 (both editions) or Single Edition; Trinity TCL031952 or TCL032041 Single: TCL033222e,,24
Trinity,Piano repertoire list from 2023 (Aug 2026),5,,,"Chris Martin, Guy Berryman, William Champion & Jon Buckland",Clocks (Coldplay),,Chris Hussey,Piano Exam Pieces Plus Exercises from 2023: Grade 5 (both editions); Trinity TCL031952 or TCL032041,,24
Trinity,Piano repertoire list from 2023 (Aug 2026),5,,,John McCabe,Sports Car,,,Piano Exam Pieces Plus Exercises from 2021: Grade 5 (both editions); Trinity TCL020284 or TCL020567,,24
Trinity,Piano repertoire list from 2023 (Aug 2026),5,,,Margaret Murray McLeod,Philippa's Jig,,,Piano Exam Pieces Plus Exercises from 2023: Grade 5 | Extended Edition; Trinity TCL032041,,24
Trinity,Piano repertoire list from 2023 (Aug 2026),5,,,Christopher Norton,Kettle Rag (from Lavender's Kind of Blue),,,Raise the Bar Piano: Grades 3-5; Trinity TCL015389,,24
Trinity,Piano repertoire list from 2023 (Aug 2026),5,,,Ross Petot,Typhoon,,,Piano Exam Pieces Plus Exercises from 2021: Grade 5 (both editions); Trinity TCL020284 or TCL020567,,24
Trinity,Piano repertoire list from 2023 (Aug 2026),5,,,Rachel Portman,Chocolat: Main Title Theme,,,Piano Exam Pieces Plus Exercises from 2023: Grade 5 | Extended Edition; Trinity TCL032041,,24
Trinity,Piano repertoire list from 2023 (Aug 2026),5,,,Michael Proksch,And Now Let's Handel,,,Piano Exam Pieces Plus Exercises from 2021: Grade 5 | Extended Edition; Trinity TCL020567,,24
Trinity,Piano repertoire list from 2023 (Aug 2026),5,,,Fishel Pustilnik,Circus Theme (including repeats),,,Piano Exam Pieces Plus Exercises from 2021: Grade 5 | Extended Edition; Trinity TCL020567,,24
Trinity,Piano repertoire list from 2023 (Aug 2026),5,,,Antonio Rosetti,Allegretto,,,Piano Exam Pieces Plus Exercises from 2023: Grade 5 | Extended Edition or Single Edition; Trinity TCL032041 Single: TCL033291e,,24
Trinity,Piano repertoire list from 2023 (Aug 2026),5,,,Xaver Scharwenka,"Scherzino (no. 10 from Album for the Young, op. 62)",,,Piano Exam Pieces Plus Exercises from 2023: Grade 5 | Extended Edition or Single Edition; Trinity TCL032041 Single: TCL033307e,,25
Trinity,Piano repertoire list from 2023 (Aug 2026),5,,,Franz Schubert,"Valse sentimentale, op. 50 no. 13",,,Piano Exam Pieces Plus Exercises from 2021: Grade 5 (both editions) or Single Edition; Trinity TCL020284 or TCL020567 Single: TCL2363055e,,25
Trinity,Piano repertoire list from 2023 (Aug 2026),5,,,Robert Schumann,"Reiterstück (The Horseman) (no. 23 from Album for the Young, op. 68)",,,"Album for the Young, op. 68; Wiener UT50252",,25
Trinity,Piano repertoire list from 2023 (Aug 2026),5,,,Tong Shang,Friendship (no. 2 from Seven Little Pieces after Folk Songs from Inner Mongolia),,,Chinese Piano Music for Children; Schott ED7652,,25
Trinity,Piano repertoire list from 2023 (Aug 2026),5,,,Shankar-Jaikishan,Ajeeb Dastan Hai Yeh (from Dil Apna Aur Preet Parai) (Lata Mangeshkar),,Ravina Misri,Piano Exam Pieces Plus Exercises from 2023: Grade 5 (both editions); Trinity TCL031952 or TCL032041,,25
Trinity,Piano repertoire list from 2023 (Aug 2026),5,,,Ed Sheeran & Amy Wadge,Thinking Out Loud (Ed Sheeran),,Chris Hussey,Piano Exam Pieces Plus Exercises from 2023: Grade 5 (both editions); Trinity TCL031952 or TCL032041,,25
Trinity,Piano repertoire list from 2023 (Aug 2026),5,,,Mark Tanner,Pause for Thought,,,Jazz Hands book 3; Clifton C158,,25
Trinity,Piano repertoire list from 2023 (Aug 2026),5,,,Pyotr Ilyich Tchaikovsky,"Süße Träumerei (Sweet Reverie) (no. 21 from Kinderalbum, op. 39)",,,Piano Exam Pieces Plus Exercises from 2021: Grade 5 (both editions); Trinity TCL020284 or TCL020567,,25
Trinity,Piano repertoire list from 2023 (Aug 2026),5,,,Kazumi Totaka,Mii Channel Theme,,Andrew Wrangell,Piano Exam Pieces Plus Exercises from 2023: Grade 5 (both editions); Trinity TCL031952 or TCL032041,,25
Trinity,Piano repertoire list from 2023 (Aug 2026),5,,,Ralph Vaughan Williams,E♭ Two-part Invention in,,,Raise the Bar Piano: Grades 3-5; Trinity TCL015389,,25
Trinity,Piano repertoire list from 2023 (Aug 2026),5,,,Andrea Vicari,Spanish Polylogarhythms,,,Piano Exam Pieces Plus Exercises from 2023: Grade 5 (both editions); Trinity TCL031952 or TCL032041,,25
Trinity,Piano repertoire list from 2023 (Aug 2026),5,,,Pam Wedgwood,Large Wave,,,Piano Exam Pieces Plus Exercises from 2021: Grade 5 (both editions); Trinity TCL020284 or TCL020567,,25
Trinity,Piano repertoire list from 2023 (Aug 2026),5,,,James Welburn,Mosey on Down,,,Musical Escapades; Musica Ferrum 9790708147527,,25
Trinity,Piano repertoire list from 2023 (Aug 2026),6,,A,Carl Philipp Emanuel Bach,"Adagio (2nd movt from Sonata in B minor, H132, Wq 62/22)",,,Piano Exam Pieces Plus Exercises from 2021: Grade 6 (both editions) or Single Edition; Trinity TCL020291 or TCL020574 Single: TCL2363063e,,26
Trinity,Piano repertoire list from 2023 (Aug 2026),6,,A,Johann Sebastian Bach,"Invention no. 6 in E, BWV 777",,,Two Part Inventions; Henle HN591,,26
Trinity,Piano repertoire list from 2023 (Aug 2026),6,,A,Johann Sebastian Bach,"Prelude in D minor, BWV 935",,,Piano Exam Pieces Plus Exercises from 2021: Grade 6 | Extended Edition or Single Edition; Trinity TCL020574 Single: TCL2363066e,,26
Trinity,Piano repertoire list from 2023 (Aug 2026),6,,A,Johann Sebastian Bach,"Badinerie (from Suite no. 2 in B minor, BWV 1067)",,Hans-Günter Heumann,Best of Piano Classics book 2; Schott ED22975,,26
Trinity,Piano repertoire list from 2023 (Aug 2026),6,,A,Georg Anton Benda,E♭ Sonatina in,,,Piano Exam Pieces Plus Exercises from 2021: Grade 6 | Extended Edition or Single Edition; Trinity TCL020574 Single: TCL2363067e,,26
Trinity,Piano repertoire list from 2023 (Aug 2026),6,,A,"Justin Bieber, Benjamin Levin & Ed Sheeran",Love Yourself (Justin Bieber),,Jessica Dannheisser,Piano Exam Pieces Plus Exercises from 2023: Grade 6 | Extended Edition; Trinity TCL032058,,26
Trinity,Piano repertoire list from 2023 (Aug 2026),6,,A,William Byrd,Coranto (no. 218 from Fitzwilliam Virginal Book),,,Piano Exam Pieces Plus Exercises from 2021: Grade 6 | Extended Edition or Single Edition; Trinity TCL020574 Single: TCL2363065e,,26
Trinity,Piano repertoire list from 2023 (Aug 2026),6,,A,François Couperin,Allemande (from L'art de toucher le clavecin),,,Piano Exam Pieces Plus Exercises from 2021: Grade 6 (both editions) or Single Edition; Trinity TCL020291 or TCL020574 Single: TCL2363062e,,26
Trinity,Piano repertoire list from 2023 (Aug 2026),6,,A,François Couperin,The Little Windmills,,,Raise the Bar Piano: Grades 6-8 or Single Edition; Trinity TCL015395 Single: TCL2363069e,,26
Trinity,Piano repertoire list from 2023 (Aug 2026),6,,A,Louise Farrenc,Impromptu,,,Piano Exam Pieces Plus Exercises from 2021: Grade 6 (both editions) or Single Edition; Trinity TCL020291 or TCL020574 Single: TCL2363064e,,26
Trinity,Piano repertoire list from 2023 (Aug 2026),6,,A,Baldassare Galuppi,"Adagio (1st movt from Sonata in D, RG 35)",,,Piano Exam Pieces Plus Exercises from 2023: Grade 6 | Extended Edition or Single Edition; Trinity TCL032058 Single: TCL033376e,,26
Trinity,Piano repertoire list from 2023 (Aug 2026),6,,A,Elisabetta de Gambarini,"Cariglion (no. 8 from Lessons and Songs, op. 2)",,,Piano Exam Pieces Plus Exercises from 2023: Grade 6 | Extended Edition or Single Edition; Trinity TCL032058 Single: TCL033352e,,26
Trinity,Piano repertoire list from 2023 (Aug 2026),6,,A,Tom Gerou,Evening on the River Nile (from Novellas book 2),,,Piano Exam Pieces Plus Exercises from 2023: Grade 6 (both editions); Trinity TCL031969 or TCL032058,,27
Trinity,Piano repertoire list from 2023 (Aug 2026),6,,A,Joseph Haydn,"Allegro (1st movt from Sonata in D, Hob XVI:4)",,,Complete Piano Sonatas vol 1; Henle HN1336,,27
Trinity,Piano repertoire list from 2023 (Aug 2026),6,,A,Joseph Haydn,"Finale (3rd movt from Sonata in C, Hob XVI:35)",,,Piano Exam Pieces Plus Exercises from 2021: Grade 6 (both editions); Trinity TCL020291 or TCL020574,,27
Trinity,Piano repertoire list from 2023 (Aug 2026),6,,A,Élisabeth Jacquet de La Guerre,2nd Courante (from Suite in G minor),,,Piano Exam Pieces Plus Exercises from 2023: Grade 6 | Extended Edition or Single Edition; Trinity TCL032058 Single: TCL033345e,,27
Trinity,Piano repertoire list from 2023 (Aug 2026),6,,A,Antônio Carlos Jobim,Wave,,James Treweek,Piano Exam Pieces Plus Exercises from 2023: Grade 6 (both editions); Trinity TCL031969 or TCL032058,,27
Trinity,Piano repertoire list from 2023 (Aug 2026),6,,A,Richard Jones,Giga in A minor,,,Piano Exam Pieces Plus Exercises from 2021: Grade 6 | Extended Edition or Single Edition; Trinity TCL020574 Single: TCL2363068e,,27
Trinity,Piano repertoire list from 2023 (Aug 2026),6,,A,Aram Khachaturian,Ivan Is Very Busy,,,Piano Exam Pieces Plus Exercises from 2021: Grade 6 (both editions); Trinity TCL020291 or TCL020574,,27
Trinity,Piano repertoire list from 2023 (Aug 2026),6,,A,Josef Mysliveček,Rondo in A,,,Piano Exam Pieces Plus Exercises from 2023: Grade 6 (both editions) or Single Edition; Trinity TCL031969 or TCL032058 Single: TCL033314e,,27
Trinity,Piano repertoire list from 2023 (Aug 2026),6,,A,Benj Pasek & Justin Paul,Waving through a Window (from Dear Evan Hansen),,Alastair Gavin,Single Edition; Trinity TCL205405e,,27
Trinity,Piano repertoire list from 2023 (Aug 2026),6,,A,Antonio Rosetti,Adagio non tanto,,,Piano Exam Pieces Plus Exercises from 2023: Grade 6 | Extended Edition or Single Edition; Trinity TCL032058 Single: TCL033369e,,27
Trinity,Piano repertoire list from 2023 (Aug 2026),6,,A,Franz Schubert,"Allegretto in C minor, D 915",,,Late Piano Pieces; Bärenreiter BA9634,,27
Trinity,Piano repertoire list from 2023 (Aug 2026),6,,A,Alexandra Skevington,Something for the Weekend,,,Piano Exam Pieces Plus Exercises from 2023: Grade 6 (both editions); Trinity TCL031969 or TCL032058,,27
Trinity,Piano repertoire list from 2023 (Aug 2026),6,,B,Béla Bartók,"Stamping Dance (from Mikrokosmos, Sz 107, vol 5)",,,Piano Exam Pieces Plus Exercises from 2021: Grade 6 (both editions); Trinity TCL020291 or TCL020574,,27
Trinity,Piano repertoire list from 2023 (Aug 2026),6,,B,Jean-François Basteau,Au gré des vagues,,,Instants magiques; Lemoine HL29303,,27
Trinity,Piano repertoire list from 2023 (Aug 2026),6,,B,Nathalie Béra-Tagrine,Mazurka,,,Piano Exam Pieces Plus Exercises from 2021: Grade 6 | Extended Edition; Trinity TCL020574,,27
Trinity,Piano repertoire list from 2023 (Aug 2026),6,,B,Nathalie Béra-Tagrine,Terminal 2,,,Piano Exam Pieces Plus Exercises from 2021: Grade 6 (both editions); Trinity TCL020291 or TCL020574,,28
Trinity,Piano repertoire list from 2023 (Aug 2026),6,,B,Friedrich Burgmüller,"The Gondolier's Song (no. 14 from 18 Characteristic Studies, op. 109)",,,"18 Characteristic Studies, op. 109; Schirmer GS25617",,28
Trinity,Piano repertoire list from 2023 (Aug 2026),6,,B,Harry Thacker Burleigh,Through Moanin’ Pines (no. 1 from From the Southland),,,Four Early 20th Century Piano Suites by Black Composers; Schirmer GS82960,,28
Trinity,Piano repertoire list from 2023 (Aug 2026),6,,B,Chris Caine,February – Winter’s Glaze,,,A Year in Twelve Keys – Diatonic Studies for Piano or Single Edition; Trinity TCL234402 Single: TCL2404002e,,28
Trinity,Piano repertoire list from 2023 (Aug 2026),6,,B,Chris Caine,July – Dozing on a Hot Summer’s Day,,,A Year in Twelve Keys – Diatonic Studies for Piano or Single Edition; Trinity TCL234402 Single: TCL2404007e,,28
Trinity,Piano repertoire list from 2023 (Aug 2026),6,,B,Alfredo Casella,Galop final (from 11 pezzi infantili),,,Piano Exam Pieces Plus Exercises from 2021: Grade 6 (both editions); Trinity TCL020291 or TCL020574,,28
Trinity,Piano repertoire list from 2023 (Aug 2026),6,,B,Jessica Curry,An Early Harvest (from Everybody’s Gone to the Rapture),,,Piano Exam Pieces Plus Exercises from 2023: Grade 6 | Extended Edition; Trinity TCL032058,,28
Trinity,Piano repertoire list from 2023 (Aug 2026),6,,B,Norman Dello Joio,Prayer of the Matador (no. 2 from Lyric Pieces for the Young),,,Piano Exam Pieces Plus Exercises from 2021: Grade 6 (both editions); Trinity TCL020291 or TCL020574,,28
Trinity,Piano repertoire list from 2023 (Aug 2026),6,,B,Ludovico Einaudi,"I Giorni (NB must be this edition, which includes a cut)",,,Piano Exam Pieces Plus Exercises from 2023: Grade 6 | Extended Edition; Trinity TCL032058,,28
Trinity,Piano repertoire list from 2023 (Aug 2026),6,,B,Danny Elfman,Victor’s Piano Solo (from Corpse Bride),,,Piano Exam Pieces Plus Exercises from 2023: Grade 6 (both editions); Trinity TCL031969 or TCL032058,,28
Trinity,Piano repertoire list from 2023 (Aug 2026),6,,B,Tom Gerou,Northern Lights,,,The Best of Tom Gerou book 3; Alfred 47359,,28
Trinity,Piano repertoire list from 2023 (Aug 2026),6,,B,Edvard Grieg,"Ensom Vandrer (Solitary Traveller) (no. 2 from Lyric Pieces, op. 43)",,,Piano Exam Pieces Plus Exercises from 2023: Grade 6 | Extended Edition or Single Edition; Trinity TCL032058 Single: TCL033383e,,28
Trinity,Piano repertoire list from 2023 (Aug 2026),6,,B,Joe Hisaishi,The Journey to the West (from Princess Mononoke),,John Human,Piano Exam Pieces Plus Exercises from 2023: Grade 6 (both editions); Trinity TCL031969 or TCL032058,,28
Trinity,Piano repertoire list from 2023 (Aug 2026),6,,B,Oliver Francis Huang-Hsu,Epilogue (5th movt from Tāwāhi),,,Piano Exam Pieces Plus Exercises from 2021: Grade 6 (both editions) or Single Edition; Trinity TCL020291 or TCL020574 Single: TCL2363071e,,28
Trinity,Piano repertoire list from 2023 (Aug 2026),6,,B,Genary Karganov,"Arabesque (no. 4 from 12 Arabesques, op. 6)",,,Piano Exam Pieces Plus Exercises from 2021: Grade 6 | Extended Edition or Single Edition; Trinity TCL020574 Single: TCL2363072e,,28
Trinity,Piano repertoire list from 2023 (Aug 2026),6,,B,Ignacio Cervantes Kawanagh,Un Recuerdo (from Danzas Cubanas),,,Piano Exam Pieces Plus Exercises from 2023: Grade 6 (both editions) or Single Edition; Trinity TCL031969 or TCL032058 Single: TCL033321e,,28
Trinity,Piano repertoire list from 2023 (Aug 2026),6,,B,Philip Lane,Streets and Avenues,,,Three Little Bites at the Big Apple; Goodmusic GM130,,29
Trinity,Piano repertoire list from 2023 (Aug 2026),6,,B,Antony le Fleming,Lullaby for Oscar,,,Piano Exam Pieces Plus Exercises from 2021: Grade 6 (both editions) or Single Edition; Trinity TCL020291 or TCL020574 Single: TCL2363070e,,29
Trinity,Piano repertoire list from 2023 (Aug 2026),6,,B,Jimmy Page & Robert Plant,Stairway to Heaven (Led Zeppelin),,,Piano Exam Pieces Plus Exercises from 2023: Grade 6 | Extended Edition; Trinity TCL032058,,29
Trinity,Piano repertoire list from 2023 (Aug 2026),6,,B,Roxanna Panufnik,Glo,,,Piano Exam Pieces Plus Exercises from 2023: Grade 6 (both editions); Trinity TCL031969 or TCL032058,,29
Trinity,Piano repertoire list from 2023 (Aug 2026),6,,B,Oscar Peterson,Jazz Exercise no. 2 (from Part 3: Jazz Exercises),,,"Jazz Exercises, Minuets, Etudes & Pieces for Piano; Hal Leonard HL00311225",,29
Trinity,Piano repertoire list from 2023 (Aug 2026),6,,B,Rachel Portman,Emma: Main Theme,,Michael Csányi-Wills,Piano Exam Pieces Plus Exercises from 2023: Grade 6 (both editions); Trinity TCL031969 or TCL032058,,29
Trinity,Piano repertoire list from 2023 (Aug 2026),6,,B,Robert Ramskill,Weaving a Spell,,,Piano Exam Pieces Plus Exercises from 2021: Grade 6 | Extended Edition or Single Edition; Trinity TCL020574 Single: TCL2363073e,,29
Trinity,Piano repertoire list from 2023 (Aug 2026),6,,B,Vladimir Rebikov,"Con afflizione (no. 3 from Feuilles d'automne, op. 29)",,,"Feuilles d'automne, op. 29; Forberg F01064",,29
Trinity,Piano repertoire list from 2023 (Aug 2026),6,,B,Max Reger,"Versöhnung (Reconciliation) (no. 20 from Aus der Jugendzeit, op. 17)",,,Raise the Bar Piano: Grades 6-8 or Single Edition; Trinity TCL015395 Single: TCL2363074e,,29
Trinity,Piano repertoire list from 2023 (Aug 2026),6,,B,Richard Rodgers,My Funny Valentine (from Babes in Arms),,Naadia Sheriff,Piano Exam Pieces Plus Exercises from 2023: Grade 6 (both editions); Trinity TCL031969 or TCL032058,,29
Trinity,Piano repertoire list from 2023 (Aug 2026),6,,B,Mari Sainio,Snowfall,,,Piano Exam Pieces Plus Exercises from 2023: Grade 6 (both editions) or Single Edition; Trinity TCL031969 or TCL032058 Single: TCL033338e,,29
Trinity,Piano repertoire list from 2023 (Aug 2026),6,,B,Manfred Schmitz,Progression I,,,Piano Exam Pieces Plus Exercises from 2021: Grade 6 | Extended Edition; Trinity TCL020574,,29
Trinity,Piano repertoire list from 2023 (Aug 2026),6,,B,Tong Shang,Dance (no. 7 from Seven Little Pieces after Folk Songs from Inner Mongolia),,,Chinese Piano Music for Children; Schott ED7652,,29
Trinity,Piano repertoire list from 2023 (Aug 2026),6,,B,Howard Shore & Fran Walsh,In Dreams (from The Lord of the Rings: The Fellowship of the Ring),,Nicolai Podgornov,Piano Exam Pieces Plus Exercises from 2021: Grade 6 | Extended Edition; Trinity TCL020574,,29
Trinity,Piano repertoire list from 2023 (Aug 2026),6,,B,Garry Wilkinson,Jazzin' Grace (from Piano Portraits),,,Piano Exam Pieces Plus Exercises from 2021: Grade 6 (both editions); Trinity TCL020291 or TCL020574,,29
Trinity,Piano repertoire list from 2023 (Aug 2026),6,,B,"Bill Withers, Ralph MacDonald & William Salter",Just the Two of Us (Bill Withers),,Jess Bailey,Piano Exam Pieces Plus Exercises from 2023: Grade 6 (both editions); Trinity TCL031969 or TCL032058,,29
Trinity,Piano repertoire list from 2023 (Aug 2026),7,,A,Thomas Arne,Allegro (2nd movt from Sonata no. 3 in G),,,8 Keyboard Sonatas; Faber 0571507034,,30
Trinity,Piano repertoire list from 2023 (Aug 2026),7,,A,Carl Philipp Emanuel Bach,"Allegro (1st movt from Sonata in B minor, H 132, Wq 62/22)",,,Piano Sonatas vol 2; Henle HN377,,30
Trinity,Piano repertoire list from 2023 (Aug 2026),7,,A,Johann Sebastian Bach,"Aria (from Goldberg Variations, BWV 988)",,,Piano Exam Pieces Plus Exercises from 2023: Grade 7 | Extended Edition or Single Edition; Trinity TCL032065 Single: TCL033420e,,30
Trinity,Piano repertoire list from 2023 (Aug 2026),7,,A,Johann Sebastian Bach,"Invention no. 12 in A, BWV 783",,,Piano Exam Pieces Plus Exercises from 2021: Grade 7 (both editions) or Single Edition; Trinity TCL020307 or TCL020581 Single: TCL2363075e,,30
Trinity,Piano repertoire list from 2023 (Aug 2026),7,,A,Alan Bullard,Prelude no. 8 (in G),,,Piano Exam Pieces Plus Exercises from 2021: Grade 7 (both editions); Trinity TCL020307 or TCL020581,,30
Trinity,Piano repertoire list from 2023 (Aug 2026),7,,A,Chris Caine,March – The Promise of Spring,,,A Year in Twelve Keys – Diatonic Studies for Piano or Single Edition; Trinity TCL234402 Single: TCL2404003e,,30
Trinity,Piano repertoire list from 2023 (Aug 2026),7,,A,Matt Dibble,Prelude in B minor,,,Piano Exam Pieces Plus Exercises from 2023: Grade 7 (both editions); Trinity TCL031976 or TCL032065,,30
Trinity,Piano repertoire list from 2023 (Aug 2026),7,,A,Anton Eberl,"Allegro (1st movt from Sonate, op. 6)",,,Piano Exam Pieces Plus Exercises from 2021: Grade 7 | Extended Edition or Single Edition; Trinity TCL020581 Single: TCL2363081e,,30
Trinity,Piano repertoire list from 2023 (Aug 2026),7,,A,George Frideric Handel,"Allegro (from Suite no. 7 in G minor, HWV 432)",,,Piano Exam Pieces Plus Exercises from 2021: Grade 7 | Extended Edition or Single Edition; Trinity TCL020581 Single: TCL2363079e,,30
Trinity,Piano repertoire list from 2023 (Aug 2026),7,,A,George Frideric Handel,"Capriccio in G minor, HWV 483",,,Piano Exam Pieces Plus Exercises from 2021: Grade 7 (both editions) or Single Edition; Trinity TCL020307 or TCL020581 Single: TCL2363076e,,30
Trinity,Piano repertoire list from 2023 (Aug 2026),7,,A,George Frideric Handel,Fughetta in D,,,Piano Exam Pieces Plus Exercises from 2023: Grade 7 | Extended Edition or Single Edition; Trinity TCL032065 Single: TCL033413e,,30
Trinity,Piano repertoire list from 2023 (Aug 2026),7,,A,George Frideric Handel,"Gigue (4th movt from Suite no. 6 in F# minor, HWV 431)",,,Keyboard Works vol 1; Bärenreiter BA4224,,30
Trinity,Piano repertoire list from 2023 (Aug 2026),7,,A,Joseph Haydn,"Andante (2nd movt from Sonata in E, Hob XVI:22)",,,Piano Exam Pieces Plus Exercises from 2023: Grade 7 | Extended Edition or Single Edition; Trinity TCL032065 Single: TCL033437e,,30
Trinity,Piano repertoire list from 2023 (Aug 2026),7,,A,Joseph Haydn,"Finale (3rd movt from Sonata in D, Hob XVI:24)",,,Piano Exam Pieces Plus Exercises from 2021: Grade 7 (both editions) or Single Edition; Trinity TCL020307 or TCL020581 Single: TCL2363077e,,31
Trinity,Piano repertoire list from 2023 (Aug 2026),7,,A,Marianne Martines,Allegro (1st movt from Sonata in E),,,Piano Exam Pieces Plus Exercises from 2021: Grade 7 (both editions) or Single Edition; Trinity TCL020307 or TCL020581 Single: TCL2363078e,,31
Trinity,Piano repertoire list from 2023 (Aug 2026),7,,A,Hélène de Montgeroult,Etude no. 17 in E♭,,,Piano Exam Pieces Plus Exercises from 2023: Grade 7 (both editions) or Single Edition; Trinity TCL031976 or TCL032065 Single: TCL033390e,,31
Trinity,Piano repertoire list from 2023 (Aug 2026),7,,A,Wolfgang Amadeus Mozart,"Minuet in D, K 355",,,Piano Exam Pieces Plus Exercises from 2021: Grade 7 | Extended Edition or Single Edition; Trinity TCL020581 Single: TCL2363080e,,31
Trinity,Piano repertoire list from 2023 (Aug 2026),7,,A,Pietro Domenico Paradies,Toccata in A (2nd movt from Sonata no. 6),,,Raise the Bar Piano: Grades 6-8 or Single Edition; Trinity TCL015395 Single: TCL2363082e,,31
Trinity,Piano repertoire list from 2023 (Aug 2026),7,,A,"Ludvig Schytte, ed. Keith Snell","Etude in A minor (no. 6 from 16 Recital Etudes, op. 58)",,,Piano Exam Pieces Plus Exercises from 2021: Grade 7 | Extended Edition; Trinity TCL020581,,31
Trinity,Piano repertoire list from 2023 (Aug 2026),7,,A,Alexandra Skevington,Push Pull,,,Piano Exam Pieces Plus Exercises from 2023: Grade 7 (both editions); Trinity TCL031976 or TCL032065,,31
Trinity,Piano repertoire list from 2023 (Aug 2026),7,,A,Charles Tebbs,Long Drive in the Rain,,,Piano Exam Pieces Plus Exercises from 2023: Grade 7 (both editions); Trinity TCL031976 or TCL032065,,31
Trinity,Piano repertoire list from 2023 (Aug 2026),7,,A,James Treweek,Mandala,,,Piano Exam Pieces Plus Exercises from 2023: Grade 7 | Extended Edition; Trinity TCL032065,,31
Trinity,Piano repertoire list from 2023 (Aug 2026),7,,A,Nobuo Uematsu,To Zanarkand (from Final Fantasy X),,Music Lah,Piano Exam Pieces Plus Exercises from 2023: Grade 7 (both editions); Trinity TCL031976 or TCL032065,,31
Trinity,Piano repertoire list from 2023 (Aug 2026),7,,B,Agathe Backer-Grøndahl,"Summer Song, op. 45 no. 3",,,At the Piano with Women Composers; Alfred 428,,31
Trinity,Piano repertoire list from 2023 (Aug 2026),7,,B,Charlotte Botterill,Soho,,,Piano Exam Pieces Plus Exercises from 2021: Grade 7 (both editions) or Single Edition; Trinity TCL020307 or TCL020581 Single: TCL2363086e,,31
Trinity,Piano repertoire list from 2023 (Aug 2026),7,,B,Chris Caine,April – La pluie de printemps (Spring Rain),,,A Year in Twelve Keys – Diatonic Studies for Piano or Single Edition; Trinity TCL234402 Single: TCL2404004e,,31
Trinity,Piano repertoire list from 2023 (Aug 2026),7,,B,Valerie Capers,The Monk (from Portraits in Jazz),,,Piano Music of Africa and the African Diaspora vol 1; OUP 9780193868229,,31
Trinity,Piano repertoire list from 2023 (Aug 2026),7,,B,Theodore Chanler,Aftermath,,,Piano Exam Pieces Plus Exercises from 2021: Grade 7 | Extended Edition; Trinity TCL020581,,32
Trinity,Piano repertoire list from 2023 (Aug 2026),7,,B,Connor Chee,Navajo Vocable for Piano no. 1 (from The Navajo Piano),,,Piano Exam Pieces Plus Exercises from 2023: Grade 7 | Extended Edition; Trinity TCL032065,,32
Trinity,Piano repertoire list from 2023 (Aug 2026),7,,B,Frédéric Chopin,"Mazurka in F minor, op. 63 no. 2",,,Mazurkas; Peters EP1902,,32
Trinity,Piano repertoire list from 2023 (Aug 2026),7,,B,Chick Corea,Spain,,Andrea Vicari,Piano Exam Pieces Plus Exercises from 2023: Grade 7 (both editions); Trinity TCL031976 or TCL032065,,32
Trinity,Piano repertoire list from 2023 (Aug 2026),7,,B,David Earl,At Miss Florence’s (homage to Robert Schumann),,,Piano Exam Pieces Plus Exercises from 2021: Grade 7 (both editions); Trinity TCL020307 or TCL020581,,32
Trinity,Piano repertoire list from 2023 (Aug 2026),7,,B,Giles Farnaby,"Tell Me, Daphne (from The Fitzwilliam Virginal Book)",,,Raise the Bar Piano: Grades 6-8 or Single Edition; Trinity TCL015395 Single: TCL2363089e,,32
Trinity,Piano repertoire list from 2023 (Aug 2026),7,,B,Zdeněk Fibich,"Lento (no. 139 from Moods, Impressions and Souvenirs, op. 41)",,,Piano Exam Pieces Plus Exercises from 2021: Grade 7 (both editions) or Single Edition; Trinity TCL020307 or TCL020581 Single: TCL2363084e,,32
Trinity,Piano repertoire list from 2023 (Aug 2026),7,,B,Satoshi Fujihara,Mixed Nuts (from Spy x Family),,John Human,Piano Exam Pieces Plus Exercises from 2023: Grade 7 (both editions); Trinity TCL031976 or TCL032065,,32
Trinity,Piano repertoire list from 2023 (Aug 2026),7,,B,Reinhold Glière,"Esquisse (no. 12 from 24 pièces caractéristiques pour la jeunesse, op. 34)",,,"24 pièces caractéristiques pour la jeunesse, op. 34; Forberg FO2012",,32
Trinity,Piano repertoire list from 2023 (Aug 2026),7,,B,Paul Harris,Study,,,Piano Exam Pieces Plus Exercises from 2021: Grade 7 | Extended Edition or Single Edition; Trinity TCL020581 Single: TCL2363088e,,32
Trinity,Piano repertoire list from 2023 (Aug 2026),7,,B,Fanny Hensel,"Mélodie, op. 4 no. 2",,,Piano Exam Pieces Plus Exercises from 2021: Grade 7 (both editions) or Single Edition; Trinity TCL020307 or TCL020581 Single: TCL2363083e,,32
Trinity,Piano repertoire list from 2023 (Aug 2026),7,,B,Antônio Carlos Jobim,Corcovado (Quiet Nights of Quiet Stars),,Gareth Williams,Piano Exam Pieces Plus Exercises from 2023: Grade 7 (both editions); Trinity TCL031976 or TCL032065,,32
Trinity,Piano repertoire list from 2023 (Aug 2026),7,,B,Alicia Keys,Fallin’ (Alicia Keys),,Amit Anand,Piano Exam Pieces Plus Exercises from 2023: Grade 7 | Extended Edition; Trinity TCL032065,,32
Trinity,Piano repertoire list from 2023 (Aug 2026),7,,B,Philip Lane,Struttin' at the Waldorf (no. 3 from Three Little Bites at the Big Apple),,,Piano Exam Pieces Plus Exercises from 2021: Grade 7 (both editions); Trinity TCL020307 or TCL020581,,32
Trinity,Piano repertoire list from 2023 (Aug 2026),7,,B,Edward MacDowell,"Improvisation (no. 4 from Twelve Virtuoso Studies, op. 46)",,,Piano Exam Pieces Plus Exercises from 2021: Grade 7 (both editions) or Single Edition; Trinity TCL020307 or TCL020581 Single: TCL2363085e,,32
Trinity,Piano repertoire list from 2023 (Aug 2026),7,,B,Felix Mendelssohn,"No. 2 from Kinderstücke, op. 72",,,Piano Exam Pieces Plus Exercises from 2021: Grade 7 | Extended Edition or Single Edition; Trinity TCL020581 Single: TCL2363087e,,32
Trinity,Piano repertoire list from 2023 (Aug 2026),7,,B,James Morgan & Juliette Pochin,Fallen Soldier (from Operation Mincemeat),,,Piano Exam Pieces Plus Exercises from 2023: Grade 7 | Extended Edition; Trinity TCL032065,,33
Trinity,Piano repertoire list from 2023 (Aug 2026),7,,B,Christopher Norton,Prelude II (Homecoming),,,Country Preludes; Boosey M060104886,,33
Trinity,Piano repertoire list from 2023 (Aug 2026),7,,B,Thomas Peter-Horas,Sarah,,,Piano Exam Pieces Plus Exercises from 2021: Grade 7 | Extended Edition; Trinity TCL020581,,33
Trinity,Piano repertoire list from 2023 (Aug 2026),7,,B,Francis Poulenc,Assez modéré (no. 1 from Trois mouvements perpétuels) (with repeat),,,Piano Exam Pieces Plus Exercises from 2021: Grade 7 (both editions); Trinity TCL020307 or TCL020581,,33
Trinity,Piano repertoire list from 2023 (Aug 2026),7,,B,Serge Prokofieff,"Piece no. 11 (from Visions fugitives, op. 22)",,,Raise the Bar Piano: Grades 6-8; Trinity TCL015395,,33
Trinity,Piano repertoire list from 2023 (Aug 2026),7,,B,Maurice Ravel,Prélude,,,Piano Exam Pieces Plus Exercises from 2023: Grade 7 | Extended Edition or Single Edition; Trinity TCL032065 Single: TCL033444e,,33
Trinity,Piano repertoire list from 2023 (Aug 2026),7,,B,Ryuichi Sakamoto,"Merry Christmas, Mr Lawrence (Ryuichi Sakamoto)",,,Piano Exam Pieces Plus Exercises from 2023: Grade 7 (both editions); Trinity TCL031976 or TCL032065,,33
Trinity,Piano repertoire list from 2023 (Aug 2026),7,,B,Seal Samuel,Kiss from a Rose (Seal),,Mari Sainio,Piano Exam Pieces Plus Exercises from 2023: Grade 7 | Extended Edition; Trinity TCL032065,,33
Trinity,Piano repertoire list from 2023 (Aug 2026),7,,B,Franz Schubert,"Andante (2nd movt from Piano Sonata no. 13 in A, D 664)",,,Piano Sonatas vol 1; Henle HN146,,33
Trinity,Piano repertoire list from 2023 (Aug 2026),7,,B,Kurt Schwertsik,XII (from Albumblätter),,,Albumblätter - Collected Piano Works; Boosey M060131134,,33
Trinity,Piano repertoire list from 2023 (Aug 2026),7,,B,Paula Szalit,Rêverie,,,Piano Exam Pieces Plus Exercises from 2023: Grade 7 (both editions) or Single Edition; Trinity TCL031976 or TCL032065 Single: TCL033406e,,33
Trinity,Piano repertoire list from 2023 (Aug 2026),7,,B,Charles Tebbs,Airships,,,Piano Exam Pieces Plus Exercises from 2023: Grade 7 (both editions); Trinity TCL031976 or TCL032065,,33
Trinity,Piano repertoire list from 2023 (Aug 2026),7,,B,Joaquín Turina,"Fiesta (no. 7 from Miniatures, op. 52)",,,Piano Exam Pieces Plus Exercises from 2021: Grade 7 | Extended Edition; Trinity TCL020581,,33
Trinity,Piano repertoire list from 2023 (Aug 2026),7,,B,Peter Warlock,Folk-Song Prelude no. 2,,,Folk-Song Preludes; Thames THA978353,,33
Trinity,Piano repertoire list from 2023 (Aug 2026),7,,B,"Thomas Yorke, Philip Selway, Edward O’Brien, Colin Greenwood & Jonathan Greenwood",No Surprises (Radiohead),,Josh Cohen,Piano Exam Pieces Plus Exercises from 2023: Grade 7 (both editions); Trinity TCL031976 or TCL032065,,33
Trinity,Piano repertoire list from 2023 (Aug 2026),8,,A,Johann Sebastian Bach,"Prelude and Fugue in E, BWV 854 (from The Well-Tempered Clavier book 1)",,,Piano Exam Pieces Plus Exercises from 2021: Grade 8 (both editions) or Single Edition; Trinity TCL020314 or TCL020598 Single: TCL2363090e,,34
Trinity,Piano repertoire list from 2023 (Aug 2026),8,,A,Johann Sebastian Bach,"Prelude in G, BWV 902",,,Piano Exam Pieces Plus Exercises from 2021: Grade 8 | Extended Edition or Single Edition; Trinity TCL020598 Single: TCL2363095e,,34
Trinity,Piano repertoire list from 2023 (Aug 2026),8,,A,Béla Bartók,"No. 2 from Six Dances in Bulgarian Rhythm (from Mikrokosmos, Sz 107, vol 6)",,,Piano Exam Pieces Plus Exercises from 2021: Grade 8 (both editions); Trinity TCL020314 or TCL020598,,34
Trinity,Piano repertoire list from 2023 (Aug 2026),8,,A,Ludwig van Beethoven,"Allegro (1st movt from Sonata in G, op. 14 no. 2)",,,"Piano Sonatas, op. 14 no. 1 & no. 2; Henle HN810",,34
Trinity,Piano repertoire list from 2023 (Aug 2026),8,,A,Chris Caine,December – Anticipation,,,A Year in Twelve Keys – Diatonic Studies for Piano or Single Edition; Trinity TCL234402 Single: TCL2404012e,,34
Trinity,Piano repertoire list from 2023 (Aug 2026),8,,A,Rob Colley,Hoe-down,,,Piano Exam Pieces Plus Exercises from 2023: Grade 8 (both editions); Trinity TCL031983 or TCL032072,,34
Trinity,Piano repertoire list from 2023 (Aug 2026),8,,A,Carl Czerny,"Feodora (from Album élégant des dames pianistes, op. 804)",,,Piano Exam Pieces Plus Exercises from 2021: Grade 8 (both editions) or Single Edition; Trinity TCL020314 or TCL020598 Single: TCL2363093e,,34
Trinity,Piano repertoire list from 2023 (Aug 2026),8,,A,Jacques Duphly,La Vanlo (from Pièces de clavecin book 1),,,Piano Exam Pieces Plus Exercises from 2023: Grade 8 | Extended Edition or Single Edition; Trinity TCL032072 Single: TCL033529e,,34
Trinity,Piano repertoire list from 2023 (Aug 2026),8,,A,Jacob Fitzgerald,Invention 1 (from Four Inventions),,,Piano Exam Pieces Plus Exercises from 2023: Grade 8 (both editions); Trinity TCL031983 or TCL032072,,34
Trinity,Piano repertoire list from 2023 (Aug 2026),8,,A,George Frideric Handel,"Presto (6th movt from Suite no. 3 in D minor, HWV 428)",,,Keyboard Works vol 1; Bärenreiter BA4224,,34
Trinity,Piano repertoire list from 2023 (Aug 2026),8,,A,Joseph Haydn,"Allegro con brio (1st movt from Sonata in D, Hob XVI:37)",,,"Piano Sonata in D, Hob XVI:37; Henle HN177",,34
Trinity,Piano repertoire list from 2023 (Aug 2026),8,,A,Joseph Haydn,"Allegro con brio (1st movt from Sonata in G, Hob XVI:27)",,,Piano Exam Pieces Plus Exercises from 2023: Grade 8 | Extended Edition or Single Edition; Trinity TCL032072 Single: TCL033536e,,34
Trinity,Piano repertoire list from 2023 (Aug 2026),8,,A,Joseph Haydn,"Moderato (1st movt from Sonata in G minor, Hob XVI:44)",,,Piano Exam Pieces Plus Exercises from 2021: Grade 8 | Extended Edition or Single Edition; Trinity TCL020598 Single: TCL2363096e,,35
Trinity,Piano repertoire list from 2023 (Aug 2026),8,,A,Gerard Hengeveld,Prelude (from Partita rhythmique),,,Raise the Bar Piano: Grades 6-8; Trinity TCL015395,,35
Trinity,Piano repertoire list from 2023 (Aug 2026),8,,A,Paul Hindemith,Praeludium (from Ludus tonalis),,,Ludus tonalis; Schott ED3964,,35
Trinity,Piano repertoire list from 2023 (Aug 2026),8,,A,Friedrich Kuhlau,"Rondo (2nd movt from Sonatina in A, op. 59 no. 1)",,,Piano Exam Pieces Plus Exercises from 2021: Grade 8 (both editions) or Single Edition; Trinity TCL020314 or TCL020598 Single: TCL2363092e,,35
Trinity,Piano repertoire list from 2023 (Aug 2026),8,,A,Zhenyan Li,Investigations,,,Piano Exam Pieces Plus Exercises from 2023: Grade 8 (both editions) or Single Edition; Trinity TCL031983 or TCL032072 Single: TCL033482e,,35
Trinity,Piano repertoire list from 2023 (Aug 2026),8,,A,Hélène de Montgeroult,Etude no. 104 in G# minor,,,Piano Exam Pieces Plus Exercises from 2023: Grade 8 (both editions) or Single Edition; Trinity TCL031983 or TCL032072 Single: TCL033505e,,35
Trinity,Piano repertoire list from 2023 (Aug 2026),8,,A,Yukinojo Mori & Chiho Kiyooka,Cha-La Head-Cha-La (from Dragon Ball Z),,John Human,Piano Exam Pieces Plus Exercises from 2023: Grade 8 (both editions); Trinity TCL031983 or TCL032072,,35
Trinity,Piano repertoire list from 2023 (Aug 2026),8,,A,Wolfgang Amadeus Mozart,"Allegro (1st movt from B♭, Sonata in K 570)",,,Piano Exam Pieces Plus Exercises from 2021: Grade 8 | Extended Edition or Single Edition; Trinity TCL020598 Single: TCL2363097e,,35
Trinity,Piano repertoire list from 2023 (Aug 2026),8,,A,Francis Poulenc,Vif (3rd movt from Suite for Piano),,,Suite for Piano; Chester CH02076,,35
Trinity,Piano repertoire list from 2023 (Aug 2026),8,,A,Jean-Philippe Rameau,Fanfarinette and La triomphante (from Suite in A minor),,,Piano Exam Pieces Plus Exercises from 2021: Grade 8 | Extended Edition or Single Edition; Trinity TCL020598 Single: TCL2363094e,,35
Trinity,Piano repertoire list from 2023 (Aug 2026),8,,A,Domenico Scarlatti,"Sonata in C, 'Pastorale', K 513",,,Piano Exam Pieces Plus Exercises from 2021: Grade 8 (both editions) or Single Edition; Trinity TCL020314 or TCL020598 Single: TCL2363091e,,35
Trinity,Piano repertoire list from 2023 (Aug 2026),8,,A,Domenico Scarlatti,"Sonata in F minor, K 19",,,Piano Exam Pieces Plus Exercises from 2023: Grade 8 | Extended Edition or Single Edition; Trinity TCL032072 Single: TCL033512e,,35
Trinity,Piano repertoire list from 2023 (Aug 2026),8,,A,Franz Schubert,"Scherzo (3rd movt from Sonata in A, D 959)",,,Piano Exam Pieces Plus Exercises from 2023: Grade 8 (both editions) or Single Edition; Trinity TCL031983 or TCL032072 Single: TCL033451e,,35
Trinity,Piano repertoire list from 2023 (Aug 2026),8,,B,Béla Bartók,"Allegretto (1st movt from Suite, op. 14)",,,Piano Exam Pieces Plus Exercises from 2021: Grade 8 | Extended Edition or Single Edition; Trinity TCL020598 Single: TCL2363105e,,36
Trinity,Piano repertoire list from 2023 (Aug 2026),8,,B,Amy Beach,"Scottish Legend (no. 1 from Two Pieces, op. 54)",,,Piano Exam Pieces Plus Exercises from 2021: Grade 8 (both editions); Trinity TCL020314 or TCL020598,,36
Trinity,Piano repertoire list from 2023 (Aug 2026),8,,B,Lili Boulanger,D'un vieux jardin (no. 1 from Trois morceaux pour piano),,,Trois morceaux pour piano; Schirmer GS33485,,36
Trinity,Piano repertoire list from 2023 (Aug 2026),8,,B,Johannes Brahms,"Intermezzo in B minor, op. 119 no. 1",,,Piano Exam Pieces Plus Exercises from 2021: Grade 8 | Extended Edition or Single Edition; Trinity TCL020598 Single: TCL2363103e,,36
Trinity,Piano repertoire list from 2023 (Aug 2026),8,,B,Martin Butler,Chameleon (from Préludes inégales),,,Piano Exam Pieces Plus Exercises from 2023: Grade 8 | Extended Edition; Trinity TCL032072,,36
Trinity,Piano repertoire list from 2023 (Aug 2026),8,,B,Chris Caine,November – Catherine Wheel,,,A Year in Twelve Keys – Diatonic Studies for Piano or Single Edition; Trinity TCL234402 Single: TCL2404011e,,36
Trinity,Piano repertoire list from 2023 (Aug 2026),8,,B,Mark Choi,A New Adventure,,,Piano Exam Pieces Plus Exercises from 2023: Grade 8 (both editions) or Single Edition; Trinity TCL031983 or TCL032072 Single: TCL033499e,,36
Trinity,Piano repertoire list from 2023 (Aug 2026),8,,B,Frédéric Chopin,"A♭ Nouvelle étude in (from 3 nouvelles études, B 130)",,,The Complete Etudes; Wiener UT50205,,36
Trinity,Piano repertoire list from 2023 (Aug 2026),8,,B,Frédéric Chopin,"Valse, op. 64 no. 1",,,Piano Exam Pieces Plus Exercises from 2023: Grade 8 (both editions) or Single Edition; Trinity TCL031983 or TCL032072 Single: TCL033475e,,36
Trinity,Piano repertoire list from 2023 (Aug 2026),8,,B,Samuel Coleridge-Taylor,"Deep River, op. 59",,Julian Joseph,Piano Exam Pieces Plus Exercises from 2023: Grade 8 | Extended Edition; Trinity TCL032072,,36
Trinity,Piano repertoire list from 2023 (Aug 2026),8,,B,Chick Corea,Armando’s Rhumba,,Alex Wilson,Piano Exam Pieces Plus Exercises from 2023: Grade 8 (both editions); Trinity TCL031983 or TCL032072,,36
Trinity,Piano repertoire list from 2023 (Aug 2026),8,,B,Claude Debussy,Clair de lune (3rd movt from Suite bergamasque),,,Piano Exam Pieces Plus Exercises from 2023: Grade 8 | Extended Edition or Single Edition; Trinity TCL032072 Single: TCL033543e,,36
Trinity,Piano repertoire list from 2023 (Aug 2026),8,,B,Claude Debussy,Minstrels (from Préludes book 1)*,,,Piano Exam Pieces Plus Exercises from 2021: Grade 8 | Extended Edition or Single Edition; Trinity TCL020598 Single: TCL2363104e,,36
Trinity,Piano repertoire list from 2023 (Aug 2026),8,,B,Madeleine Dring,Blue Air (from Colour Suite),,,Piano Exam Pieces Plus Exercises from 2021: Grade 8 (both editions); Trinity TCL020314 or TCL020598,,36
Trinity,Piano repertoire list from 2023 (Aug 2026),8,,B,Paul Edis,Vignette,,,Piano Exam Pieces Plus Exercises from 2023: Grade 8 (both editions); Trinity TCL031983 or TCL032072,,37
Trinity,Piano repertoire list from 2023 (Aug 2026),8,,B,Gabriel Fauré,"Capriccio (no. 1 from Pièces brèves, op. 84)",,,"Pièces brèves, op. 84; Peters EP7601",,37
Trinity,Piano repertoire list from 2023 (Aug 2026),8,,B,Ben Folds,The Luckiest (Ben Folds),,Jess Bailey,Piano Exam Pieces Plus Exercises from 2023: Grade 8 | Extended Edition; Trinity TCL032072,,37
Trinity,Piano repertoire list from 2023 (Aug 2026),8,,B,George Gershwin,Prelude no. 2,,,Piano Exam Pieces Plus Exercises from 2021: Grade 8 (both editions) or Single Edition; Trinity TCL020314 or TCL020598 Single: TCL2363101e,,37
Trinity,Piano repertoire list from 2023 (Aug 2026),8,,B,Enrique Granados,Andaluza (no. 5 from Danzas españolas),,,Piano Exam Pieces Plus Exercises from 2021: Grade 8 (both editions) or Single Edition; Trinity TCL020314 or TCL020598 Single: TCL2363099e,,37
Trinity,Piano repertoire list from 2023 (Aug 2026),8,,B,Asuka Hayazaki,Coconut Mall (Mario Kart Wii),,Chris Hussey,Piano Exam Pieces Plus Exercises from 2023: Grade 8 | Extended Edition; Trinity TCL032072,,37
Trinity,Piano repertoire list from 2023 (Aug 2026),8,,B,John Ireland,Elegy (from A Downland Suite),,,Piano Exam Pieces Plus Exercises from 2021: Grade 8 | Extended Edition; Trinity TCL020598,,37
Trinity,Piano repertoire list from 2023 (Aug 2026),8,,B,Leoš Janácěk,Nelze Domluvit! (Lost for Words!) (no. 6 from On an Overgrown Path),,,Piano Exam Pieces Plus Exercises from 2021: Grade 8 (both editions) or Single Edition; Trinity TCL020314 or TCL020598 Single: TCL2363098e,,37
Trinity,Piano repertoire list from 2023 (Aug 2026),8,,B,David Jennings,Romance,,,"Miniature Suite, op. 18; Goodmusic GM108",,37
Trinity,Piano repertoire list from 2023 (Aug 2026),8,,B,Elton John,"Rocket Man (I Think It’s Gonna Be a Long, Long Time) (Elton John)",,Stuart Morley,Single Edition; Trinity TCL205406e,,37
Trinity,Piano repertoire list from 2023 (Aug 2026),8,,B,Scott Joplin,The Cascades,,,Piano Exam Pieces Plus Exercises from 2021: Grade 8 (both editions) or Single Edition; Trinity TCL020314 or TCL020598 Single: TCL2363100e,,37
Trinity,Piano repertoire list from 2023 (Aug 2026),8,,B,Ma Jinfeng & Zhang Nan,Remote Xianggelila,,Zhang Zhao,Piano Exam Pieces Plus Exercises from 2021: Grade 8 | Extended Edition; Trinity TCL020598,,37
Trinity,Piano repertoire list from 2023 (Aug 2026),8,,B,Michael Nyman,The Heart Asks Pleasure First (from The Piano),,,Piano Exam Pieces Plus Exercises from 2023: Grade 8 (both editions); Trinity TCL031983 or TCL032072,,37
Trinity,Piano repertoire list from 2023 (Aug 2026),8,,B,Dora Pejačević,"Erinnerung, op. 24",,,Piano Exam Pieces Plus Exercises from 2023: Grade 8 (both editions) or Single Edition; Trinity TCL031983 or TCL032072 Single: TCL033468e,,37
Trinity,Piano repertoire list from 2023 (Aug 2026),8,,B,Oscar Peterson,Land of the Misty Giants,,,The Oscar Peterson Trio: Canadiana Suite; Hal Leonard HL00672543,,37
Trinity,Piano repertoire list from 2023 (Aug 2026),8,,B,Francis Poulenc,Nocturne no. 8,,,Nocturnes; Heugel HE33336,,37
Trinity,Piano repertoire list from 2023 (Aug 2026),8,,B,Dario Sciarra,Romance,,,Piano Exam Pieces Plus Exercises from 2021: Grade 8 (both editions) or Single Edition; Trinity TCL020314 or TCL020598 Single: TCL2363102e,,37
Trinity,Piano repertoire list from 2023 (Aug 2026),8,,B,Take That,Rule the World (Take That),,Paul Ayres,Piano Exam Pieces Plus Exercises from 2023: Grade 8 | Extended Edition; Trinity TCL032072,,38
Trinity,Piano repertoire list from 2023 (Aug 2026),8,,B,Pyotr Ilyich Tchaikovsky,"October (from The Seasons, op. 37a)",,,"The Seasons, op. 37a; Peters EP8968",,38
Trinity,Piano repertoire list from 2023 (Aug 2026),8,,B,Joaquín Turina,"Las zapatillas del torero (Shoes of a Toreador) (7th movt from En la zapatería (At the Shoemaker's), op. 71)",,,Raise the Bar Piano: Grades 6-8; Trinity TCL015395,,38
