cid,title,subtitle,song_name,artist_name,composer_name,genres,tags,license,rating,n_ratings,n_favorites,n_views,complexity,n_tracks,tracks,song_length.bars,n_notes,notes_per_bar,has_lyrics,pitch_class_entropy,scale_consistency,groove_consistency
QmU7dNx3SatZRB9sfCj23RzpKk3Rmd5T4JkATmYxQV8pMp,STUDENT'S CHORUS. (Faust.),NA,STUDENT'S CHORUS. (Faust.),Misc tunes,NA,NA,NA,publicdomain,0.0,0,0,1,1,1,0,28,106,3.7857142857142856,False,2.514084064402748,0.981132075471698,0.896875
QmXKGxvCEKYjZKyEBHZG363z2fPRXTikXqgXoBbNDjryyx,Studentsången,NA,NA,NA,NA,NA,lund-university-tv,cc-zero,0.0,0,2,281,1,1,0,22,211,9.590909090909092,False,2.996580981852915,0.9383886255924172,0.9603174603174603
QmVgeEf6NwVzj7mHRHGiBELvDhbkufutMSpdqSGg3GrB3C,Studie 2 handen I,NA,Studie 2 handen I,geertkok,gratismuziekles.nl,NA,NA,cc-zero,0.0,0,0,16,1,1,0,21,272,12.952380952380953,False,2.995698880728084,0.9117647058823528,0.992063492063492
QmViZKrrZmogpjfxgNEMi2QGhwbrsbBgbfZTr2jQBNfLHh,Studies on Frederic Chopin's Op. 25 No. 1 version 1,Lefties domain! No right hands allowed!,NA,NA,Leopold Godowsky,NA,NA,cc-zero,4.83,3,7,749,2,1,0,50,1719,34.38,False,3.2290243949542377,0.8544819557625145,0.7457729468599034
QmbNqkuv4DHFUknMGXhhczon7t46jiAuRTtFDkAH6MWofk,Study in A Minor Natural and Harmonic,NA,NA,NA,Rodrich Edelstein,NA,aminor-piano-study-harmonic-natural,cc-zero,0.0,0,1,375,0,1,0,75,370,4.933333333333334,False,2.8679067730230754,0.9783783783783784,0.9560185185185184
QmX3pZnAVG8dXuugAYpk4UXdWf5o5KSCE6F7tFSqB4iTzb,Study in Broken Thirds by Moritz Vogel,NA,Study in Broken Thirds,Moritz Vogel,Moritz Vogel1846 - 1922,classical,piano-etude,cc-zero,0.0,0,5,353,0,1,0,24,194,8.083333333333334,False,3.010489812041196,0.9432989690721648,0.9730392156862744
QmfQPC9fDtoTDAiUd6ZwPbwSV55niA6DQG7gbKdkn5GhHk,STUDY IN F MAJOR,NA,STUDY IN F MAJOR,olyboy86,NA,NA,NA,cc-zero,0.0,0,0,12,1,1,0,101,487,4.821782178217822,True,2.6300330140942387,1.0,0.9802631578947368
QmYgf5ctgch1DXL9R7f1fDeEoZyP55qbSDPtyHTTFyAP2y,Study in Minimilism,Chordal and Developement Experimentations 2nd Movement,NA,NA,NA,NA,rhythms-of-chaos-nd-movement,cc-zero,0.0,0,3,98,1,1,0,105,1356,12.914285714285716,False,2.9285210251293217,0.9277286135693216,0.96553738317757
Qme3xnkxVgzRh7LCVecZSorvTiwLkXzqzEwWxdve24gKKB,Study to show thyself approved unto God - J. B. Herbert,NA,Study to show thyself approved unto God,J. B. Herbert,NA,classical,NA,publicdomain,0.0,0,0,13,1,1,0,8,170,21.25,True,2.618998339683821,0.976470588235294,0.9036458333333334
QmWGtwb7qosN2or4BBsSRWc72ceVr9WKk8PiMBLQaSMahB,Stuff,NA,NA,NA,Rodrigo Damasceno,NA,NA,cc-zero,0.0,0,0,65,3,1,0,53,1410,26.60377358490566,False,2.933700082615802,0.750354609929078,0.9487179487179488
QmXfvUjZUwmdjxQrAnGqTW2oq1Z4fhjbqgJ5A9fKNDKdhn,Stuffed Crust,Drumline Cadence,Stuffed Crust,Jeff Fermstad,Jeffrey Fermstad,NA,NA,cc-zero,0.0,0,0,18,0,4,0-1-6-7,49,1801,36.755102040816325,False,2.4062065694641794,0.8845086063298168,0.92578125
QmexWhGy7esi3iFB6SVMh6XfdzX6gS77RC1Tc7GUfo5CY6,Stumbling,NA,NA,NA,Zez Confrey - 1922,NA,copyrightfreeoldjazz-creolejazz,cc-zero,0.0,0,1,185,0,1,0,32,133,4.15625,True,3.0237922366800003,0.924812030075188,0.9314516129032258
QmVfLY7sjzkvUf7yLMYP3p9uj2befaZ4JVouxQByErKWy4,Stump-Tailed Dolly,NA,Stump-Tailed Dolly,Misc tunes,NA,NA,NA,publicdomain,0.0,0,0,1,1,1,0,48,322,6.708333333333333,False,2.5156819316322734,1.0,0.9496527777777778
QmNXjNYYvUXxCqgZ4TDLfWiHZX2vjG9r2fBUxcZsWNHM4H,Stump-Tailed Dolly,NA,Stump-Tailed Dolly,Misc tunes,NA,NA,NA,publicdomain,0.0,0,0,1,1,1,0,32,213,6.65625,False,2.511554832545164,1.0,0.9466145833333334
QmTWYKR4ueXayLVLt6pxTwVPZ9M8Xn32g4BeRJG8VPUAn1,Stumpie Strathspey. WM140,NA,Stumpie Strathspey. WM140,Misc tunes,NA,NA,NA,publicdomain,0.0,0,0,5,1,1,0,3,16,5.333333333333333,False,2.524397470347699,1.0,0.8958333333333334
QmUYbhHRpYVpK8bwatRmGigCP7xyiAZdmPf5yjgu9N2MNv,Stumpie. RH.137,Butter'd Peaseaka. RH.137Jack's Be The daddy On'taka. RH.137,Stumpie. RH.137,Misc tunes,NA,NA,NA,publicdomain,0.0,0,0,3,1,1,0,20,132,6.6,False,2.538765105651846,1.0,0.9453125
QmX7ngtSNkBBehh1CvpeqnNAgtbWf3JpqswJa7re2WLN9L,Stumpiy. JBut.197,Stumpyaka. JBut.197,Stumpiy. JBut.197,Misc tunes,'A Strathspey',NA,NA,publicdomain,0.0,0,0,3,1,1,0,20,136,6.8,False,2.6659511864607977,1.0,0.94140625
QmX8s22hkXMfqUjxUKThyeCr8uuQ4qW7XfBvbYkGYd6PCv,Stumptailed Dolly,Dolly,Stumptailed Dolly,Misc tunes,NA,NA,NA,publicdomain,0.0,0,0,2,1,1,0,35,224,6.4,False,2.4275401637075533,1.0,0.9551767676767676
Qmc8o4FuBWtmxTmMWLUMprWjvQ83mqF4ShPx82WietQ6xZ,Stupid Deep TTBB A Cappella,NA,Stupid Deep TTBB A Cappella,Loedelio,Kyle Loedel,NA,NA,cc-zero,0.0,0,2,137,0,5,0-0-0-0-0,88,873,9.920454545454543,True,2.7024060317010905,1.0,0.9294507575757576
QmcA1VLj7gLGeVZ7eE1yT9vFTdsr3V5MKXQKKLNG8GknE3,Stybarrow Crag. WI.027,Sunderland Pieraka. WI.027,Stybarrow Crag. WI.027,Misc tunes,A Hornpipe by Hamilton,NA,NA,publicdomain,0.0,0,0,4,1,1,0,36,224,6.222222222222222,False,2.741493116841688,1.0,0.9661458333333334
QmcCHaUZFKrX1Gc6zC2DofcaMzEBFcQgB3FXR1dKA7DKQZ,Style of Ballylanders,NA,Style of Ballylanders,Misc tunes,NA,NA,NA,publicdomain,0.0,0,0,5,1,1,0,40,298,7.45,False,2.6533757622676406,1.0,0.9578125
QmNTRz6GMSijeKRTRVVDAkjhsFLPanJLu1J71eDBdkqFf2,Styx Helix - ReZero,NA,rezero - styx helix,Misc Cartoons,Arranged by Fonzi MTranscribed by VenomousRose,soundtrack,NA,cc-zero,4.95,41,194,3871,2,1,0,47,734,15.617021276595745,False,2.868356490729483,0.9850136239782016,0.9516843971631206
QmVaYVvU7E1seSw2h5SMSWrmmPe97SxjwBWQYkiKrhSSty,Stäiv lappen (styva lappen);,NA,Stäiv lappen (styva lappen);,Misc tunes,NA,NA,NA,publicdomain,0.0,0,0,2,1,1,0,10,54,5.4,False,2.354838931299673,1.0,0.8928571428571429
QmcvU4tMn4jSJpoi7QC8AW74fHRxFZQhY99F6wqgv85Sma,Stämma vi är naturen,NA,Stämma vi är naturen,kexet87,NA,NA,NA,cc-zero,0.0,0,0,194,1,1,0,40,116,2.9,True,2.062525205095212,0.9913793103448276,0.918103448275862
QmRUQi9HSbua2aBdTwxsV4jzHHu2cyYZfMtqzFAS3BCQGY,Ständchen Serenade,arranged by August Horn,Ständchen D.889,Franz Schubert,Franz Schubert,classical,piano-serenade-schubert-stndchen-horn,cc-zero,4.87,74,95,5111,2,1,0,82,1470,17.926829268292682,False,3.094957201643324,0.8316291751874574,0.9480874316939892
QmPQhLDprgDxzP6jkvgUEiV915V7tvif6dtoyTJ9yiBcKa,Su da monti van serpendo - Domenico Mazzocchi,NA,Su da monti van serpendo,Domenico Mazzocchi,NA,classical,NA,publicdomain,0.0,0,0,4,0,6,0-0-0-0-0-0,122,1933,15.844262295081966,False,3.0652109287010942,0.9213973799126638,0.9056666666666666
Qmc56ph7CFpm3YpQwgcysownYFt4XGPrq2QYex5iQWtKR1,Suaimhneas Intinne,NA,Suaimhneas Intinne,Misc tunes,NA,NA,NA,publicdomain,0.0,0,0,1,1,1,0,8,29,3.625,False,2.708370773484904,1.0,0.9635416666666666
QmT7PgxgujgtXMZHJKkgHRg86HskBnrRh21hBeBHGGL2GY,Suas an Crann,Speed the Plough,Suas an Crann,Misc tunes,NA,NA,NA,publicdomain,0.0,0,0,2,1,1,0,18,121,6.722222222222222,False,2.6828048262550164,1.0,0.953125
Qmb5snUeTkLWo76wMnEVdNq9KdrKnhXD1TtehGW2NM17w9,Substitute ãããããª - Kikuo,KikuoHana,Hitogawari,Kikuo,NA,classical,NA,cc-zero,4.95,19,58,1221,3,1,0,340,5203,15.302941176470588,False,3.0594213079856667,0.8442830069488313,0.9309895833333334
QmQ5Woj33Ws2c8F87WPnmJMCtAaKWKP7YHw6vUsfcarWpz,Succor of the tempted - J. H. Leslie,NA,Succor of the tempted,J. H. Leslie,NA,classical,NA,publicdomain,0.0,0,0,1,1,1,0,16,169,10.5625,True,3.022838810441121,0.9349112426035504,0.8940972222222222
QmdmZbjaU27g2DFvFAsusAS57twPZUdVg4PJSoWjZRaR5C,Sucesión Extraña,Am,Sucesión Extraña,ManoloJRC,Manolo Rosales,NA,NA,cc-zero,0.0,0,1,24,0,1,0,35,634,18.11428571428572,False,2.727750662443816,0.9211356466876972,0.944047619047619
QmQWaTj1Q89XL2iRnr8ipf36yCb1EXjycYcf3KkbtNUjwf,SUCH A GETTING UP STAIRS,NA,SUCH A GETTING UP STAIRS,Misc tunes,NA,NA,NA,publicdomain,0.0,0,0,0,0,8,0-0-0-0-0-0-0-0,20,554,27.7,False,3.0317271956675085,0.8962655601659751,0.8541666666666666
QmccFjpsv5LM1EofwCpswQdWasgmWms17P4QAV4W6rxXZZ,Such a little way to Jesus! - Chas. H. Gabriel,NA,Such a little way to Jesus!,Chas. H. Gabriel,NA,classical,NA,publicdomain,0.0,0,0,2,1,1,0,16,241,15.0625,True,2.6398223598458257,0.991701244813278,0.9097222222222222
QmSpPLcEGYkSSwyLYKt5EjnoXZ6h9x7EYW4FsHh5xVW3TQ,Such a Parcel of Rogues in a Nation,NA,A Parcel of Rogues in a Nation,Misc tunes,NA,NA,NA,publicdomain,0.0,0,2,77,1,1,0,17,101,5.941176470588236,False,2.6466095048460927,1.0,0.9440104166666666
QmPjJiHcAnqqKtjq4GRRDcCCbUEFP3a6ovEJsFHGgh85UE,Such a Parcel of Rogues in a Nation!,NA,A Parcel of Rogues in a Nation,Misc tunes,NA,NA,NA,publicdomain,0.0,0,0,8,1,1,0,18,102,5.666666666666667,False,2.6361398048983906,1.0,0.9440104166666666
Qmf5d5cR4S2jeXgoddJRZWBFoXsQD3E76FYyxdxxqTBYK3,Such A Wife As Willie Had. HA.013,NA,Such A Wife As Willie Had. HA.013,Misc tunes,NA,NA,NA,publicdomain,0.0,0,0,9,1,1,0,16,69,4.3125,False,2.554409905892268,1.0,0.9557291666666666
QmQU3AH7QEuWwwYzdvaStDbkmEatNvGKWQjrnS2Mpm3c7x,Such a wonderful Redeemer I have found - Warren W. Bentley,NA,Such a wonderful Redeemer I have found,Warren W. Bentley,NA,classical,NA,publicdomain,0.0,0,0,3,1,1,0,22,355,16.136363636363637,False,2.5634877027448195,0.991549295774648,0.8841145833333334
QmSzjKthSPuKR4iW7WasA4yijXrmoUC7jXjm1eTXyGqmNj,Suchest du nach Frieden - Friedrich Eckhardt,NA,Suchest du nach Frieden,Friedrich Eckhardt,NA,classical,NA,publicdomain,0.0,0,0,3,0,2,1-1,20,250,12.5,True,2.984014635437225,0.952,0.9729166666666668
QmX8zknyHePjrKbeKXLxjnL9husy7AZoJeKnhhwRNWtLSz,Suci Dalam Debu (Iklim),NA,suci dalam debu,Iklim,Original song by Iklim transcribed by dina.makan,NA,piano-popsong-malaysia,cc-zero,4.41,9,15,916,1,1,0,52,574,11.038461538461538,False,2.802061851708144,0.9564459930313588,0.9415064102564102
QmRmojGvyqehYYovV1Lzanzgg56ErsJooUdgPsbMykbS6k,Sucker (SATB A Cappella),SATB A Cappella,sucker,Jonas Brothers,NA,pop,jonasbrother-sucker-burninup-jonas,cc-zero,4.84,10,106,2343,0,5,0-0-0-0-0,102,1840,18.03921568627451,True,2.723378538486915,0.9745260663507108,0.9546204620462048
QmQaHSHVsGx92JjpPhcrdVy3eYyofKAFAceywTyjZi4mpw,Sucker by the Jonas Brothers - Easy,NA,sucker,Jonas Brothers,Jonas Brothers,pop,NA,cc-zero,4.66,6,25,385,1,1,0,104,689,6.625,False,2.2375426897425927,1.0,0.9401294498381876
QmY9aG2iB5XCxyjfyCv1vQTbuGDsjbmQiq5aJc2zXi2MgN,Sucker TTBB,NA,sucker,Jonas Brothers,Jonas BrothersArr. Hunter Aulds,pop,ttbb-acapella-jonasbrothers-sucker-piano,cc-zero,0.0,0,10,159,0,4,0-0-0-0,97,1842,18.989690721649485,True,3.458127965425074,0.6847377725397761,0.9683159722222222
QmexAbEQo94fh4oNjuQr4LNdHANNcbckdTCKjKbZeWfn7d,Sucker-Drumline by Bradley Davis,NA,sucker,Jonas Brothers,B. Davis,pop,NA,cc-zero,0.0,0,0,23,0,4,0-1-6-7,91,2808,30.857142857142858,False,2.6112421352990665,0.8351293103448276,0.8490740740740741
QmYE5xETGSzrubxJwZ8qrmTBk8snLdt2jBDWT6LrXtaLV1,Suckey Bids Me. VWMLa.015,NA,Suckey Bids Me. VWMLa.015,Misc tunes,NA,NA,NA,publicdomain,0.0,0,0,3,1,1,0,48,313,6.520833333333333,False,2.8068449953207897,0.97444089456869,0.9353298611111112
QmNSJL76U7u6LtkYhU6bMteqmMAuBW7RCtYXaK5E434C66,Suckey Bids Me. VWMLa.015,NA,Suckey Bids Me. VWMLa.015,Misc tunes,NA,NA,NA,publicdomain,0.0,0,0,3,1,1,0,24,148,6.166666666666667,False,2.835093519000849,0.972972972972973,0.9453125
QmQY2928DkoLTacNxKVvG8Rctsw5hQPrJm89E8rgJ9opzZ,Suckeys Delight THO4.185,NA,Suckeys Delight THO4.185,Misc tunes,NA,NA,NA,publicdomain,0.0,0,0,2,1,1,0,40,192,4.8,False,2.8086613544455137,0.9895833333333334,0.9277777777777778
QmeGRgpfML17Y81vk1kSLmonEJUK9mnPxvNL9q9sHcECmt,Sucky bids me,NA,Sucky Bids Me,Misc tunes,NA,NA,NA,publicdomain,0.0,0,0,4,1,1,0,20,98,4.9,False,2.7287821465478888,0.979591836734694,0.9401041666666666
QmVGytjr8gx5AC5krm3VW6qMs1piyig7ichPcgr8tiS6YD,Sucky Bids Me. WM.054,Pucky Bids Me. WM.054,Sucky Bids Me. WM.054,Misc tunes,NA,NA,NA,publicdomain,0.0,0,0,2,1,1,0,24,142,5.916666666666667,False,2.7320050684818207,1.0,0.9487847222222222
QmXv5E41wr7zppHHvgTta1Vuo8aztXbZgYqoGuuM9ztDtr,Sud an gaol a bh' agad orm,Cause for which you lov'd me TheJohn Roy Stewart,Sud an gaol a bh' agad orm,Misc tunes,NA,NA,NA,publicdomain,0.0,0,0,2,1,1,0,18,125,6.944444444444445,False,2.4692857049924166,1.0,0.9152777777777776
QmTFMwxPgPRBfRuSVgHPhVJnXNJSWLzzYeJYc9Hjz8vVrE,Suden Thought. VWMLa.102,Sudden Thought,Suden Thought. VWMLa.102,Misc tunes,NA,NA,NA,publicdomain,0.0,0,0,2,1,1,0,16,132,8.25,False,2.472027573001564,1.0,0.9322916666666666
Qma5XxzDsgbRr2sgSsjKZCkUxHHsUyusUnpB6yPZLcagTg,Suez,NA,NA,NA,Ferdie Grofe/Peter DeRose - 1922,NA,copyrightfreeoldjazz-creolejazz,cc-zero,0.0,0,0,74,0,1,0,104,237,2.2788461538461537,False,2.94499114989234,0.9282700421940928,0.9508647798742138
QmYMTdTNGuWZZtnrPWoezWyKLMQaTQ7fVvK3nBfGXdKmRz,Suffer the children to come unto Me (Baker) - L. H. Baker,NA,Suffer the children to come unto Me (Baker),L. H. Baker,NA,classical,NA,publicdomain,0.0,0,0,2,1,1,0,17,211,12.411764705882351,True,2.556027123405599,1.0,0.9236111111111112
QmZmfXt3o3j7iN1Q49amPzXKRvmK7NEAGNj3tc79sJtkcc,Suffer the children to come unto me (Gabriel) - Charles Hutchinso Gabriel Jr.,NA,Suffer the children to come unto me (Gabriel),Jr. Charles Hutchinso Gabriel,NA,classical,NA,publicdomain,0.0,0,0,10,2,1,0,24,346,14.416666666666666,True,2.8981019585172225,0.9649122807017544,0.9722222222222222
QmSuYJxBX4oXgLoEZtXVvVUKA5M8gzDTPJuN1SmpYZMeHH,Suffer the children to come unto Me - J. H. Fillmore,NA,Suffer the children to come unto Me,J. H. Fillmore,NA,classical,NA,publicdomain,0.0,0,0,4,1,1,0,16,236,14.75,True,2.496884722481393,1.0,0.9166666666666666
QmWqMBCZSYy7Xuf9UQGZebQDKpAUXKmiWCmLedXvDk7yD8,Suffer the little children - Broughton Edwards,NA,Suffer the little children,Broughton Edwards,NA,classical,NA,publicdomain,0.0,0,0,4,1,1,0,15,187,12.466666666666669,True,2.7902707718594724,0.9675675675675676,0.960648148148148
QmZezfeeThTHKfpEA9H3tDvFteqA5Gc5cSoLfqa5gM46Ah,Sufferer tossed in mental anguish - Henry L. Gilmour,NA,Sufferer tossed in mental anguish,Henry L. Gilmour,NA,classical,NA,publicdomain,0.0,0,0,11,1,1,0,24,360,15.0,True,2.599313946474098,0.9944444444444444,0.9484953703703703
QmPSqAAYktvDWgEyEn51Xh1vW3sCL2XAViVAr8KyeYXShg,Suffering for years filled with many fears - C. E. Hunter,NA,Suffering for years filled with many fears,C. E. Hunter,NA,classical,NA,publicdomain,0.0,0,0,3,1,1,0,18,305,16.944444444444443,True,2.449987759154414,1.0,0.9142156862745098
QmUKMCr3ikwt6QmdtaFjTJunjAFKZdC5VgeRznnb8ChPJw,Suffield,NA,Suffield,Misc Traditional,NA,folk,NA,publicdomain,0.0,0,0,2,0,4,0-0-0-0,17,212,12.470588235294118,False,2.5530899202558346,0.9948186528497408,0.9205729166666666
QmPRY9HqnnEgdkfHXzHAuLmGvvwd16MiHLoeKNbwSYwQjv,Sugar Dish. JJo6.127,NA,Sugar Dish. JJo6.127,Misc tunes,NA,NA,NA,publicdomain,0.0,0,0,2,1,1,0,30,142,4.733333333333333,False,2.833944954533055,0.9014084507042254,0.9036458333333334
Qma6b3kQBphdKuHc4uyMEvgLieopdvS4v2cSMLnWLfXRWs,Sugun ØØÙØª ØÙØ³ØÙÙ,NA,Sugun ØØÙØª ØÙØ³ØÙÙ,Misc Traditional,NA,folk,NA,publicdomain,0.0,0,0,1,1,1,0,19,111,5.842105263157895,False,2.55438641315382,1.0,0.9453125
QmWTFct8GJctWu1dvqKKFDreSbnNJkjmBN6tMuQ6hDr3ZJ,Suisin Ban (87),White Blanket,Suisin Ban (87),Misc tunes,NA,NA,NA,publicdomain,0.0,0,0,2,1,1,0,28,134,4.785714285714286,False,2.59594702311773,1.0,0.9348958333333334
QmPV71crazfZNCoymQbt2yeF6t1AcSX81n42mP9ZvQra5U,Suite I-Fantasia,Fantasia,NA,NA,L. Graziani,NA,NA,cc-zero,0.0,0,0,353,2,1,0,32,565,17.65625,False,2.763621514856684,1.0,0.894489247311828
QmW1NBfkvK88wBPpdSeBFuCeTR8iYai7hqJ7NT6GsXEbog,Suite I-Gavotta,Gavotta,NA,NA,L.Graziani,NA,NA,cc-zero,0.0,0,2,582,2,1,0,40,556,13.9,False,2.7401812320451744,0.9981916817359856,0.8670977011494253
Qmf2odUDAo2BJfsgLGciAj1rmJxXt26ViG2BAY8roBf7Rm,Suite no. en La mineur Courante,Courante,Suite no. en La mineur Courante,Igorovitch,Jean-François Haineault,NA,NA,cc-zero,0.0,0,2,41,1,1,0,42,456,10.857142857142858,False,3.083451177652057,0.912280701754386,0.976686507936508
QmV5eNfBxTnQ1YRaTTbU2pubfwWcMCEt5cftQJThqbBQ45,Suite no.1 en La mineur Allemande,(allemande),Suite no.1 en La mineur Allemande,Igorovitch,Jean-François Haineault,NA,NA,cc-zero,0.0,0,0,45,1,1,0,51,466,9.137254901960784,False,2.868719060681809,0.9334763948497854,0.9571078431372548
QmVSvmfwsDBzJ62QFx61rJvmrg5f5z1yhyT5AefCjytwQP,Sul mare luccica (Santa Lucia) - Anonymous (Traditional),Subtitle,Santa Lucia,Misc tunes,Neapolitan Boat Song,NA,NA,publicdomain,0.0,0,0,407,1,1,0,32,350,10.9375,True,2.761780413523801,0.9730538922155688,0.8697916666666666
QmVzpPsdDB1s8akYjvEqjvi2JwS4rM7wY7EDmzTCmVM7wK,Sullivan's Bill,NA,Bill Sullivan's,Misc tunes,NA,NA,NA,publicdomain,0.0,0,0,1,1,1,0,40,134,3.35,False,2.4020046118871026,1.0,0.965625
QmUtg2S6JwDeeEp62CFYBczGzY3oNhqcQGjHqRGZstuY5o,Sulters of Selkirke. JJo1.088,Souter's o' Selkirk,Sulters of Selkirke. JJo1.088,Misc tunes,NA,NA,NA,publicdomain,0.0,0,0,2,1,1,0,12,119,9.916666666666666,False,2.6897236834588942,1.0,0.9621913580246914
QmP8vBoV7mzU7CZnCCNjo7nQzWxKHbo7kF9oNwCUJWpJ3J,Sulters of Sellkerke. WCD3/6.177,Souters of Selkirk. WCD3/6.177,Sulters of Sellkerke. WCD3/6.177,Misc tunes,NA,NA,NA,publicdomain,0.0,0,0,2,1,1,0,24,79,3.2916666666666665,False,2.6784094395488145,1.0,0.957175925925926
QmZYYmxxhijgpdr8sh8qf3eFs4Gb7FEDosPu9dsmJa7knc,Sumer Is Icumen In,NA,sumer is icumen in,Misc Traditional,W. de Wycombe / John of Fornsete -c 1226,folk,NA,cc-zero,0.0,0,3,177,0,1,0,46,148,3.217391304347826,True,2.7173892284283565,1.0,0.8933823529411765
QmQBRoAgiE5aDPe55CuGWpsBsDHmhCuRSzoeoJWzM2wagk,Summ Summ Summ,NA,Summ Summ Summ,Germany Folk Song,Deutsches Kinderlied,classical,klavier-piano,cc-zero,0.0,0,5,139,1,1,0,12,50,4.166666666666667,True,2.5341591278514217,1.0,0.9652777777777778
QmZ1v5evFzKx4FuNsUxurPuc3pz26nfLE8Wt5kRHVp1tf5,Summe summi - Gilles Velut,NA,Summe summi,Gilles Velut,NA,classical,NA,publicdomain,0.0,0,0,12,0,4,0-0-0-0,78,647,8.294871794871796,False,2.8302355215948944,0.985981308411215,0.98005698005698
QmYAm4YtScu5tDxToEWSzvWCkFJYNF5LeXPiR1dj19SHq9,Summer days have come again - Arthur W. Spooner,NA,Summer days have come again,Arthur W. Spooner,NA,classical,NA,publicdomain,0.0,0,0,7,1,1,0,24,297,12.375,True,2.5103119311924007,1.0,0.9189814814814816
QmQuA6MnMeZYVK46ZzX6EmwgoaNTLvJAhYZvfuSkgycwYW,Summer dreaming,Bacardi Feeling,NA,NA,Olivier Bloch-Lainé,NA,NA,cc-zero,4.39,7,7,934,0,1,0,49,376,7.673469387755102,True,2.6446856924615227,0.9601063829787234,0.9083333333333332
QmZNFjLbB4jT19B8N3V7co7nRVmdLzt4vypBEcr8NFRL3U,Summer Dreams,A Summer With Still Air,NA,NA,Arthur Duong,NA,NA,cc-zero,0.0,0,0,160,0,2,0-0,31,566,18.258064516129032,False,3.0594896094508885,0.8530973451327434,0.9059139784946236
QmeXjoX5vqJpjuvsx7tNGaqV3v946KpwupKUFe4zLKX2Ca,Summer Evening (air) 0215,NA,Summer Evening,Misc tunes,after Chief F. O'Neillmoderate,NA,NA,publicdomain,0.0,0,0,4,1,1,0,18,73,4.055555555555555,False,2.74623456038086,1.0,0.8958333333333334
QmeabBXaGfmb3QkHxVqXbTSDWFSghLNRbjY8ZHBj12ABoW,Summer is gone - Samuel Coleridge-Taylor,NA,Summer is gone,Samuel Coleridge-Taylor,NA,classical,NA,publicdomain,4.66,3,3,204,0,4,0-0-0-0,52,655,12.596153846153848,True,3.3431475629241003,0.8237129485179407,0.9150219298245614
Qmf6RiBhiSm3zWkejt9JaPjoipz6Sew1MDstQvWYjMMsF8,Summer Night City,NA,Summer Night City,Diabetus_1,Benny Andersson & Björn Ulvaeus,NA,abba,cc-zero,4.75,9,17,473,1,1,4,106,1440,13.58490566037736,False,2.7888542532385747,0.9666666666666668,0.9483097484276728
Qmd6sgtnJfrBbXUxLu6U1ot4pxYLSAaSqnUyMNcd77boU2,Summer Night in California Hills,NA,Summer Night in California Hills,ageloskrat1,A. Kratimenos,NA,firstcomposition-california-summer-night,cc-zero,0.0,0,1,52,0,1,0,22,247,11.227272727272728,False,2.680079204818436,0.9838056680161944,0.928921568627451
QmVmQG3JbLJp2mapSZpY8i2dm9gSciiPz17cgVbhpsd23X,Summer Road's Cakewalk,NA,Summer Road's Cakewalk,Médéric Niot,NA,NA,summer-road-cakewalk,cc-zero,0.0,0,1,56,3,1,0,69,1422,20.60869565217392,False,2.6582542153028417,1.0,0.9326923076923076
QmQJMATkjeB1XRTKjd2zTNwyK6BBM9eCExbMdVxcotitVH,Summer Salsa,NA,Summer Salsa,Misc tunes,NA,NA,NA,publicdomain,0.0,0,0,18,1,1,0,32,91,2.84375,False,2.427754181659888,0.989010989010989,0.9643817204301076
QmbaVDepViGcXDt8qmngyX9zvQsDcNWLjp6wPYd9gm13Zd,Summer Snow (Original Composition),NA,NA,NA,Simon Wetton,NA,piano-compostion-original-gmajor,cc-zero,0.0,0,20,637,2,1,0,56,1280,22.857142857142858,False,2.7591302667131976,0.99375,0.8664772727272727
QmPMEHEC3PewTm8HBEUg9wpbqWRpb8ABJtn45QyVhmVmjf,Summertime with chords,NA,Summertime with chords,Misc tunes,NA,NA,NA,publicdomain,4.28,4,0,103,1,1,0,17,69,4.0588235294117645,False,2.7685594227296337,0.8676470588235294,0.8919270833333334
QmUhK5p5373y44QbWHpmxMdvyJan5vNydb8c5KUGDZeK9g,Summi triumphum regis I,NA,Summi triumphum regis I,Anonymous,NA,classical,NA,publicdomain,0.0,0,0,23,0,3,0-0-0,169,791,4.680473372781065,False,2.829701511135565,0.9936708860759492,0.9579635108481264
QmRqvqdXR6CstEqCsyyypLu9sZuSPJgte2uDGhpFcFyRvW,Summi triumphum regis II,NA,Summi triumphum regis I,Anonymous,NA,classical,NA,publicdomain,0.0,0,0,6,0,2,0-0,100,507,5.07,False,2.8817684555401644,0.9644970414201184,0.9704166666666668
QmSLUjRkRqLW8miuhtc7LfXyGvCiyLrUCzJbdNMwy8ARQh,Summoned my labour to renew - Joel Thorne,NA,Summoned my labour to renew,Joel Thorne,Joel Thorne,classical,NA,publicdomain,0.0,0,0,10,0,4,0-0-0-0,18,150,8.333333333333334,True,2.725632694630264,0.9863945578231292,0.9733796296296297
QmZiNtbLcWTEiWHKTLPHp1NVSCqVmaMqz2A9r7wnpfpFXd,Sumus Tibi - H. Elliot Button,NA,Sumus Tibi - H. Elliot Button,H. Elliot Button,NA,classical,NA,publicdomain,0.0,0,0,2,1,1,0,24,282,11.75,True,3.103660059129529,0.9219858156028368,0.9739583333333334
QmWMm2s43UkNXTQsGvCQFm1D6HcrMMqfGxigY5u6gm7udx,sun,NA,NA,NA,NA,NA,NA,cc-zero,0.0,0,0,11,0,1,0,55,773,14.054545454545456,False,2.99582371107579,0.8279430789133247,0.9583333333333334
QmUacB9K4GnNfj656JLmBCUVSsdneXGkXFVFtJfKhkKPw5,sun,NA,Canticle of the Brother Sun,Robert Kyr,NA,NA,NA,cc-zero,0.0,0,0,27,2,1,0,215,1366,6.353488372093024,True,3.336127507088185,0.7750737463126843,0.9410919540229884
QmPK1ZfBtMcEgrn5wEwbqMLLrMgpKs7M16RmQywivEDLUv,Sun and Moon,NA,NA,NA,NA,NA,NA,cc-zero,0.0,0,0,8,2,1,0,64,983,15.359375,True,3.114985178749933,0.8850698174006445,0.9697222222222224
QmRafbBWQnUJhZkzCDYQ9brFq8C2MFLsVXKmro6Atq5ZWY,Sun Assembly. JJo6.82,NA,Sun Assembly,Misc tunes,NA,NA,NA,publicdomain,0.0,0,0,0,1,1,0,32,107,3.34375,False,2.826612681584223,0.9813084112149532,0.9622395833333334
QmU7yYAAj4w1c7C3zK9bBtuycn6GpUVBNC7chjQGNgoGuH,Sun is Shining - Axwell /\ Ingrosso,Piano,sun is shining,Axwell Λ Ingrosso,Axwell /\ Ingrosso,pop-electronic,NA,cc-zero,4.55,17,72,1667,1,1,0,94,985,10.47872340425532,False,2.716721787050503,0.9989837398373984,0.901117149758454
QmYkrPnHpJpVcjBwgdUiGxT33Cy9NwXeb1HhQP74KzYM3v,Sun Shines Bright,NA,NA,NA,Composer,NA,NA,cc-zero,0.0,0,0,22,1,1,0,14,87,6.214285714285714,False,2.620205409395147,0.9885057471264368,0.8798076923076923
QmWn27N4RJgry6JU3XUWMBWfPTi6PCbD3DddQaiW9DxgEk,Sunbeams of glory illuminate my soul - Wm. J. Kirkpatrick,NA,Sunbeams of glory illuminate my soul,William J. Kirkpatrick,NA,classical,NA,publicdomain,0.0,0,0,4,2,1,0,16,357,22.3125,True,2.694161623050304,0.9859943977591036,0.9505208333333334
QmSL3s4iWpyjRocbqFJHP3Z1ckjBqFKyWjCX3VTRzNza9q,Sunday in the afternoon. Or.... PFD2.227,Pretenders Tripthe. PFD2.227,Sunday in the afternoon. Or.... PFD2.227,Misc tunes,NA,NA,NA,publicdomain,0.0,0,0,6,1,1,0,12,54,4.5,False,2.5924058940850863,1.0,0.9322916666666666
QmYDJ2cWT3TbZLWc6CjAVgRWb25fQx3suAV5FUgwnJt9Cc,Sundridge - William C. Filby,NA,Sundridge,William C. Filby,William C. Filby,classical,NA,publicdomain,0.0,0,0,2,1,1,0,14,184,13.142857142857142,False,3.047048724367272,0.9209039548022598,0.966346153846154
QmQ84WB2AZSPNoT9CGP5efoQuf2jaiXDdx3G5ELnJKHmaj,Sunflat Cave Theme Piano Cover,Piano Cover,Unknown,Misc Traditional,Unknown,folk,cover-game,cc-zero,0.0,0,0,67,2,1,0,89,819,9.202247191011235,False,2.952032657894922,0.9572649572649572,0.9219907407407408
QmPvDszTiUMJsFsZniNxJkLxKT3M9tqvriVkSaQZtPbsRd,Sunflower - Post Malone Swae Lee,Post Malone & Swae Lee,sunflower,Post Malone,Wesley Steenbergen,hiphop-rbfunksoul,NA,cc-zero,0.0,0,0,121,1,1,0,57,721,12.649122807017545,True,2.4807377436096667,1.0,0.950378787878788
QmZsMDZp9jcfWTT3QoUPdYizwjwQBU515kZfapPS81QJpM,Sung By Mr Braham - Beauty In Tears. ST.30,NA,Beauty In Tears. ST.30,Sung By Mr Braham,Sung By Mr Braham,classical,NA,publicdomain,0.0,0,0,4,1,1,0,61,211,3.459016393442623,False,2.77896406967013,0.9806763285024156,0.949404761904762
QmSNVNWmX1dKhDYSW3zXbGcFjpYZnsh86V4ncKiuMybDMv,Sunlight and Shadow,NA,Tom Brier Improvisation,Tom Brier,Tom Brier,jazz-classical,tombrier,cc-zero,4.96,27,46,1689,2,1,0,153,2022,13.215686274509803,False,3.190411260020232,0.8841584158415842,0.934484649122807
QmbX9gRrBHjvkbMH8xhbePyYrUnDNjVVa7T5HTq966CYhe,Sunlight is fading in quiet skies afar - J. Lincoln Hall,NA,Sunlight is fading in quiet skies afar,J. Lincoln Hall,NA,classical,NA,publicdomain,0.0,0,0,4,1,1,0,48,482,10.041666666666666,True,3.0423053543597502,0.9273858921161826,0.9683159722222222
QmVdccfhV815Gy8VcZU8mruhVUZChspSxXLEP736CPNpVa,Sunlight Sunlight - William JundiÌ,NA,Sunlight Sunlight,William JundiÌ,NA,classical,NA,publicdomain,0.0,0,0,4,2,1,0,21,233,11.095238095238097,False,2.780042947877756,0.8755364806866953,0.961622807017544
Qmb91VmfDcfTop84kGmT5JQQnJd9vzgqY5mBERK7gWWUdz,SUNMI(ìë)___Siren(ììë),Arranged by Michael Yeung,siren,Sunmi,NA,NA,score-sheet-piano,cc-zero,4.88,6,162,4646,1,1,0,40,249,6.225,False,2.653936972674101,1.0,0.9239583333333332
QmWwPYiagzr7qYv94jgb4EMdPoPyan3nNPTQR8bBG32vns,Sunningdale - Norman Bennet,NA,Sunningdale,Norman Bennet,NA,classical,NA,publicdomain,0.0,0,0,1,1,1,0,19,263,13.842105263157896,False,2.766244908816265,0.9581749049429658,0.956845238095238
QmQPcbnYLH4tfWur9fyNCx6BQgTs34LU6jwwjyXHntDmV3,Sunny - Bobby Hebb,NA,sunny,Bobby Hebb,Bobby Hebb,rbfunksoul,sunny-bobby-hebb-soul,cc-zero,0.0,0,3,477,0,1,0,91,310,3.4065934065934065,False,3.272471319469529,0.740983606557377,0.934691011235955
QmYiiQWUwGKAETNussHBAXxyWpZNpwMsUKAePadbbRC1EL,Sunrise,An Original Piece,Sunrise,FruityCookieMadness17,Jacqueline Jenkins,NA,NA,cc-zero,0.0,0,1,17,2,1,0,34,529,15.558823529411764,False,2.621339908396668,0.994328922495274,0.9681372549019608
QmQrNWkFQqDU6YCFK9rAxWV1m92ieXX3SxPWRsm7QEr66x,SUNSET (Bixby) - S. M. Bixby,NA,SUNSET (Bixby),S. M. Bixby,NA,classical,NA,publicdomain,0.0,0,0,2,1,1,0,17,121,7.117647058823529,False,2.791633491999942,0.9586776859504132,0.9548611111111112
QmWC7M7U21yFAzQnLzXD4HTdsex3xkMjCcrmxC2pCTM2n8,Sunset and evening star (Beazley) - Samuel W. Beazley,NA,Sunset and evening star (Beazley),Samuel W. Beazley,NA,classical,NA,publicdomain,0.0,0,0,25,1,1,0,23,295,12.826086956521738,True,2.961910988790674,0.928813559322034,0.9195075757575758
QmQjHc7i1meAvSf25vajtPo3i8kjsJ18eH3TKY4tQUdmFe,Sunset Bugle call,NA,Sunset Bugle call,Paul Twamley,NA,NA,piano-organ-keyboard-bugle-military-sunset,cc-zero,0.0,0,10,465,1,1,0,49,262,5.346938775510204,False,2.3761621619382365,0.9961832061068704,0.9175347222222222
QmYYgkXiQM7K2SVHQjjmJrJBmGnuFsXbg7ppWXfEwWvAnq,Sunset in D Major - A.J. Johnson,NA,Sunset in D Major - A.J. Johnson,The UnknownH2O,Composer: A.J. Johnson,NA,dmajor-major-sentimental-emotional,cc-zero,0.0,0,2,32,2,1,0,52,913,17.557692307692307,False,2.8481880233175976,0.9692982456140352,0.9666666666666668
QmeF8FvqgA9CYTHVTfA9vaGoZiErRHtFEXBtoXu3n7DhHz,Sunset over Foula / Isles of Gletness / Starry Nights medley,NA,Sunset over Foula / Isles of Gletness / Starry Nights medley,Misc tunes,NA,NA,NA,publicdomain,0.0,0,1,176,1,1,0,198,452,2.282828282828283,False,2.8638246808185954,0.9646017699115044,0.9330150462962964
QmXwoDiQSbBAbPDaUzKn9TZ5jDQvsQBjNQwMGfW9cMQHnp,Sunshine - soundtrack,NA,NA,NA,NA,NA,piano-sunshine,cc-zero,0.0,0,25,475,1,1,0,81,1197,14.77777777777778,False,2.6168646875392074,1.0,0.9981684981684982
QmPVfB9gYizuVnr628fh8jvCMhMs4xKsftS3ZFK5F9qzoG,Sunshine has scattered the gloom - J. Lincoln Hall,NA,Sunshine has scattered the gloom,J. Lincoln Hall,NA,classical,NA,publicdomain,0.0,0,0,4,1,1,0,24,345,14.375,True,2.69736266122336,0.9768115942028984,0.9016203703703703
Qmd3YqVaKPtJWRyeCm33qitMduU1unYCvQw17VJShx289X,Sunshine on the hilltops - Adam Geibel,NA,Sunshine on the hilltops - Adam Geibel,Adam Geibel,NA,classical,NA,publicdomain,0.0,0,0,5,2,1,0,32,525,16.40625,True,2.8220852591461987,0.9466666666666668,0.9756944444444444
QmcEpFmAjhv5gAEcyAN9J1kvJ2n4eoW8uLDygbdwHBbXXY,Sunstar - Mega Man V (Piano + Drums),Mega Man V,Sunstar Battle,Kouji Murata,NA,soundtrack,megaman-megaman-megamanv-rockman-rockmanworldv-capcom-nintendo-piano-gameboy,cc-zero,0.0,0,4,332,0,2,0-0,46,1356,29.47826086956522,False,2.8770809047279826,0.8982300884955752,0.8522727272727273
QmTRZKvWyRVgEGSjDN3AMULcRe1yyg3APhhypdRpqyHh4s,Suo Gan - Welsh Traditional Lullaby,Welsh Lullaby,suo gan,Misc Traditional,Traditional,folk,NA,cc-zero,4.75,17,34,3792,1,1,0,16,61,3.8125,True,2.3337664437908963,1.0,0.9739583333333334
QmQQarPqzRMmiJeiqPpQXjrthacoMDGui3t12Ey2NqqTT2,Sup of Good Drink A. Q.S. (Quickstep),NA,Sup of Good Drink A. Q.S. (Quickstep),Misc tunes,NA,NA,NA,publicdomain,0.0,0,0,1,1,1,0,36,162,4.5,False,2.6950930993939552,1.0,0.9461805555555556
QmaFLtLbsUy7FkBRntscbKMiV1RHp5sQfA5nvf66vdo2Tf,Super aspidem et basiliscum ambulabis - Francisco Valls,Composición a 12,Super aspidem et basiliscum ambulabis,Francisco Valls,Francisco Valls (1665-1747),classical,NA,publicdomain,0.0,0,0,19,0,13,0-0-0-0-0-0-0-0-0-0-0-0-0,26,1145,44.03846153846154,True,2.6046159852989232,0.979923518164436,0.966346153846154
QmW4Zw3DW7hc5y2M3y47FX9zBakbuRLhpCj69ofkSpWyfS,Super flumina Babylonis H 170 - Marc-Antoine Charpentier,Prelude a deux,Super flumina Babylonis H 170,Marc-Antoine Charpentier,Marc-Antoine Charpentier,classical,NA,publicdomain,0.0,0,1,53,0,6,0-0-0-0-0-0,202,1931,9.55940594059406,True,3.2168004373890784,0.8610188261351052,0.9480593607305936
QmbbugjFB1UsQpXi9hFZEAVMXu6fFKrJWpGQxw24dcXrnJ,Super Mario Athletic Theme,Duet for Piano,super mario world - athletic theme,Misc Computer Games,Koji Kondo / xMrPianox (Arranger),soundtrack,NA,publicdomain,0.0,0,17,1265,0,2,0-0,63,1467,23.285714285714285,False,3.093033642102159,0.8994490358126722,0.9305555555555556
QmcB3cRSZkDEGyko8waTboXiYfvhCMsQmJH1ys2sCGWA7G,Super Mario Bros Medley (OG & SMM2 Songs),NA,super mario bros medley,Keiichi Suzuki,All Rights Go To the Great Nintendo,NA,supermariomaker-supermario-mario-supermariobros-supermariobrosmedley-hi,cc-zero,0.0,0,1,113,1,1,0,57,502,8.807017543859649,False,3.1959075399658845,0.8386454183266933,0.9170454545454544
QmSCwiAEggnBdXs3dGwt6pppnj6LCgBvbiipXFLdJBuNZS,Super Mario Bros. 3 - Complete Transcriptions,NA,mario medley,Koji Kondo,NA,soundtrack,NA,cc-zero,0.0,0,2,86,2,1,0,91,1024,11.252747252747254,False,2.994275620248078,0.880859375,0.9210164835164836
QmZM6NxrjAvDxzvZ5a5hG7CWe3hLZwiKAzcG6MtxfUThe5,Super Mario Bros. Medley Alto Eb,NA,Super Mario Bros. Medley Alto Eb,Emberthuang,Composer,NA,NA,cc-zero,0.0,0,0,43,0,1,0,105,298,2.8380952380952382,False,3.0147930875026665,0.8691275167785235,0.9621993127147768
QmRLEAQzfaJQDcWP8koTqtsfRiAgPeLicRq9evGjrL9sG1,Super Mario Galaxy 2 World 3 but it's ragtime,from Super Mario Galaxy 2but it's ragtime,super mario galaxy 2 - world 3,Koji Kondo,Mahito Yokota Ryo Nagamatsu and Koji Kondo,soundtrack,NA,cc-zero,0.0,0,14,239,2,1,0,68,675,9.926470588235292,False,3.0809760158961463,0.8296296296296296,0.939709595959596
QmNrcuUSAvhm8qZFp3jhZzGa157cwyBUypbuqk95AdJ4pf,Super Mario Land - Birabuto Kingdom,Super Mario Land,Birabuto Kingdom,Koji Kondo,Hirokazu TanakaArrangement by David Piper,soundtrack,nintendo-supermario-supermarioland-birabuto-kingdom,cc-zero,4.78,39,77,2465,2,1,0,50,449,8.98,False,3.005093614613308,0.8975501113585747,0.8025
QmdLEHrB6pfzVdDBfgwt5pNBETHRi5ZmyJSWrY9HcVBmC6,Super Mario Land 2 Ending Theme as played by Tom Brier,as improvised by Tom Brierfrom an arrangement by Ron O'Dell,Tom Brier Improvisation,Tom Brier,Originally composed by Kazumi TokataPerformed by Tom BrierArranged by Ron O'DellTranscribed to MIDI by Cezary SÅaweckihttps://musescore.com/user/19465036/scores/5161839Transcribed from:https://www.youtube.com/watch?v=Qg5-RpqenfQhttps://www.youtube.com/watch?v=JPmXgpx3v6g,jazz-classical,ragtime-tombrier,cc-zero,4.95,73,121,5589,0,1,0,339,5324,15.705014749262537,False,3.2464464044140864,0.8752117447769622,0.8298948220064725
QmVGihR5LVZmgAxmc1f6dwjxcLXtHPMjG8fpMgCpBjLcXG,Super Mario Maker 2 Plug,KK1-R37-TRG,NA,NA,Try it,NA,kkrtrg-supermariomaker-plug,cc-zero,0.0,0,7,276,1,1,0,4,35,8.75,False,2.615735346915335,0.9142857142857144,0.875
QmYCLhNo5ojMhDC5X3S9vdHKjW8WEBGwLVugxJH7EHbn6x,Super Mario World 2 - Yoshi's Island - Athletic Theme,from Yoshi's Island,Athletic Theme,Koji Kondo,Koji Kondo,soundtrack,videogame-bgm-yoshisisland-hophopdonutlifts-snes-wip,cc-zero,4.83,3,5,552,2,1,0,72,613,8.51388888888889,False,2.8163955685748263,0.9327868852459016,0.9791666666666666
QmXsyqR6cwS37X81m5q8GTwnrprW2JZUypRG2dWzKFFFTu,Super Mario World Ending (Tom Brier Tribute edition),Flasher Bolt Arrangment,Super Mario World Ending (Tom Brier Tribute edition),mmaldonado64,Koji Kondo,NA,supermarioworld-tombrier-endingtheme,cc-zero,4.5,7,6,434,3,1,0,198,4047,20.439393939393938,False,3.463724416308689,0.7096534653465346,0.890625
QmQEczPGMrXkMjpQLvTJuthRfzrBebXBuS94tKznqN1xDJ,Super Mario World Ending Theme as played by Tom Brier,as improvised by Tom Brierfrom an arrangement by Ron O'Dell,Tom Brier Improvisation,Tom Brier,Koji KondoArranged by Ron O'DellPerformed by Tom BrierTranscribed to MIDI by Cezary SÅawecki,jazz-classical,ragtime-tombrier,cc-zero,4.94,472,887,27978,3,1,0,198,5023,25.36868686868687,False,3.4744402302871835,0.7014417300760913,0.8876344086021506
Qmcn5Y4BQHvDqqbHHpnjRCm2wo1TrHydABERNpbdDM3DED,Super Mario World- Title theme (piano),NA,Super Mario World - Title Theme,Koji Kondo,Koji KondoArr hihi123131,soundtrack,mario-videogame-piano-supermario,cc-zero,4.33,6,22,1291,2,1,0,50,685,13.7,False,2.891939124908901,0.94014598540146,0.9458333333333332
QmYZqJmuQDfrpdLnZvCMvk1a8R254cKRo1iwm2JY1yG9xH,Super Stream by Yoko Hikasa,IS: Infinite Stratos OP,Super Stream,Yoko Hikasa,Transcribed by wizardbab,NA,is-infinitestratos-superstream-yokohikasa-anime,cc-zero,4.83,3,28,2378,2,1,0,65,766,11.784615384615384,False,3.211776582427566,0.8810457516339869,0.9484953703703703
Qmdhhp1KDj3bQ7oGnQEojQPZDSC4CimvVjXMBB9hGREZNo,Superbi colli e voi sacre ruine - Girolamo Conversi,6 part madrigal,Superbi colli e voi sacre ruine,Girolamo Conversi,Girolamo Conversi (fl. 1571-5),classical,NA,publicdomain,0.0,0,0,31,0,6,0-0-0-0-0-0,78,1977,25.346153846153847,True,2.9401194041865293,0.9427501337613696,0.934375
QmX3P4PcpmDW7w1t8tZtQfjVhogaQcWHCEYd5QuJtt7AHe,Supergirl Medley,NA,Supergirl Soundtrack,Blake Neely,By Blake NeelyArr. by robotsnr,soundtrack,NA,cc-zero,0.0,0,4,330,2,1,0,82,875,10.670731707317072,False,2.8934042816877783,0.9177142857142856,0.946900406504065
QmQ4p2wHBjVm61nosGLdSokoKgTThFiqRkjuVtnRPBNH5N,Superheroes - TTBB Acapella,Arranged for the September Acapella Group at Aragon High School,superheroes,The Script,The Script,rock,thescript-nosoundwithoutsilence,cc-zero,0.0,0,50,1267,0,4,0-0-0-0,74,1829,24.716216216216218,True,2.681521340756353,1.0,0.9184027777777778
QmRL3s8x5qkEHJZLLAi5AWocZVmXSuRfU2dRZJWSRmgWyJ,Supermarket Flowers,Ed Sheeran,supermarket flowers,Ed Sheeran,NA,folk,edsheeran-piano-song-supermarket-flowers-flower-supermarketflowers,cc-zero,4.75,41,247,1705,2,1,0,81,1052,12.987654320987655,False,2.581713207134685,1.0,0.9737654320987654
QmPvXiYeTpPvJDapNzK9iBEVKm5mxy5jK6c76j9jnYKVkQ,Supernumerary Unicorns,NA,Supernumerary Unicorns,Cal Ford,NA,NA,NA,cc-zero,0.0,0,0,5,2,1,0,20,292,14.6,False,2.4842002609016105,1.0,0.9236111111111112
QmTDC93eJfQ9UnrvyekpUUQJVZtQHztAs5DMRFPdXtbJoG,SUPPLICATION (Southern Harmony),NA,SUPPLICATION (Southern Harmony),Misc Traditional,NA,folk,NA,publicdomain,0.0,0,0,3,0,3,0-0-0,21,174,8.285714285714286,False,2.413268052364761,1.0,0.9464285714285714
QmPRhxHjfcnd5tcmksJEyqZPbkUwKfq36qa8aMgXAyuzBb,Support - Thomas Clark,NA,Support,Thomas Clark,Thomas Clark,classical,NA,publicdomain,0.0,0,0,2,0,4,0-0-0-0,18,156,8.666666666666666,True,2.770434153180315,0.9801324503311258,0.9669117647058824
QmdkjCr2uUUhifbxjeFFQoEjJz8pbv18KmevPJtsud7xgM,Sur le pont d'Avignon,NA,Sur le pont d'Avignon,Misc tunes,NA,NA,NA,publicdomain,0.0,0,0,21,1,1,0,13,41,3.1538461538461537,False,1.8921455641044829,1.0,0.9513888888888888
QmemFSpZAWT6yBCsjFo5mhnrS9yyUzrEwjh8RkD76GbWgi,sur les chemins de la vie sois ma lumiere seigneur--DP-S-PUNIV,NA,sur les chemins de la vie sois ma lumiere seigneur,Inconnu,NA,classical,NA,cc-zero,0.0,0,0,65,1,1,0,3,16,5.333333333333333,True,2.2987949406953985,1.0,0.8958333333333334
QmU5EZGPnyNo7dPzUUiA3k2uqR7qwDgwKBdfJXHv85LLDA,Sur une tombe... (Louis Vierne Op36.No.10),NA,12 Préludes Op.36,Louis Vierne,Louis VIERNEOp.36,classical,piano-vierne,cc-zero,0.0,0,1,92,2,1,0,23,280,12.173913043478262,False,3.1827998384839096,0.8857142857142857,0.9460227272727272
Qma47iPkGjaZwUcETVXnR1VP5r2i3z4yK8gf56DuVBsxb8,Surenne Collection - Lord MacDonald,O Mither,Lord MacDonald,Surenne Collection,Surenne Collection,classical,NA,publicdomain,0.0,0,0,3,1,1,0,34,256,7.529411764705882,False,2.4517673519078325,1.0,0.955078125
QmRB6xmZCHfriJfY5TEwExtvUsX7USgPJX3iJwznfPRNrd,Surface aerochord,NA,NA,NA,NA,NA,NA,cc-zero,0.0,0,10,799,2,1,0,34,1231,36.20588235294117,False,2.516253076299846,0.9861111111111112,0.8409346846846847
QmaJ13rcajMMmaBq8pbvcLgMtAaCtp2fZWfSG7tkySdKvd,Surfboard,NA,Surfboard,Antônio Carlos Jobim,NA,jazz-worldmusic,piano-jobim-surfboard-brazilianmusic-bossa,cc-zero,0.0,0,1,191,1,1,0,83,1038,12.50602409638554,False,3.5009642578256632,0.697495183044316,0.9287405303030304
QmYfeGoeG346H115JNMxg7rcoAYzUzon2Fb2wXoFcU7S9Z,Surge,NA,Surge,Clutterfunk12,Stewart Summers,NA,NA,cc-zero,0.0,0,0,7,0,4,0-1-6-7,51,1403,27.50980392156863,False,2.1083007460695247,0.8888888888888888,0.9195833333333332
QmV149yyQSfXBmMYyN6wb2YCejx2T3pPBJoLmBVQodi4YT,Surge illuminare Jerusalem - William Byrd,NA,Surge illuminare Jerusalem,William Byrd,William Byrd1540 - 1623,classical,NA,publicdomain,0.0,0,0,18,0,4,0-0-0-0,44,546,12.409090909090908,True,2.9997567552549325,0.9484346224677715,0.973582474226804
QmZxZ3ZYThy6cDk1D9LoN2pY45V6ASH4emC2ikh7GbyewN,Surge iluminare - Jörgen Presten,NA,Surge iluminare,Jörgen Presten,NA,classical,NA,publicdomain,0.0,0,0,1,0,6,0-0-0-0-0-0,131,2585,19.73282442748092,False,2.775451324172043,0.9984164687252574,0.9550382653061223
QmUt6auNjxFHK67iwJhZtckKgzFbLBMxPfDhQxqtSY4M1p,Surgeon's squeezebox,NA,Team Fortress 2 Surgeon's Squeezebox,Valve,NA,NA,tf-medic-team-fortress-two-teamfortresstwo-german-piano-notmeanttobepiano-accordion-war-damnit-wurst-somethinggerman-lively,cc-zero,0.0,0,7,549,1,1,0,17,154,9.058823529411764,False,2.44101346936119,0.961038961038961,0.873046875
QmdUauH9VqGnEtRTkQF4EXmh4Kk4UsEoMpLrsmwqs66Bip,Surprise Symphony In C By J. Haydn,NA,Symphony No.2 in C major Hob.I:2,Joseph Haydn,Joseph Haydn,classical,NA,cc-zero,4.52,26,51,2559,0,1,0,24,139,5.791666666666667,False,2.715232356686528,0.9712230215827338,0.9652777777777778
QmV3aPKm5qbKWUSCHjPfjdPu4xL6u6oD8ZVBzFpkKn9E3C,Surrender of Calais,NA,Surrender of Calais,Misc tunes,NA,NA,NA,publicdomain,0.0,0,0,1,1,1,0,16,108,6.75,False,2.481131877011416,1.0,0.9596354166666666
QmPqRHSsCzYzZmjB3jAJSCQxrmesmjShXLM4GrV8wbsx8Y,Surrender of Copenhagen,NA,Surrender of Copenhagen,Misc tunes,NA,NA,NA,publicdomain,0.0,0,0,2,1,1,0,34,158,4.647058823529412,False,2.599582514092875,0.9746835443037974,0.9392361111111112
QmQduBUi2M9PDwMbe295tptMhfbzLsUQB5rgGUHd3x4V5N,Surrendered to Jesus forever and ever - D. B. Towner,NA,Surrendered to Jesus forever and ever,D. B. Towner,NA,classical,NA,publicdomain,0.0,0,0,7,1,1,0,18,354,19.666666666666668,False,2.6861801395286413,0.9745762711864406,0.9622395833333334
QmTcUcre45LsKLfqoQnDPc1h5jDeMmGtaSH2BnCp5vjD1d,Surrexit a mortuis - Charles-Marie Widor,Motet Solennel pour le Jour de Pâques,Surrexit a mortuis,Charles-Marie Widor,CH. M. WIDOR,classical,NA,publicdomain,0.0,0,0,69,0,7,0-0-0-0-0-0-0,124,3315,26.733870967741936,True,3.1522714344248466,0.8630952380952381,0.9596560846560848
QmdxDdB1GJUWE3ogLj5uqB5yG4C3ahkaH3t5pMGFF5x54a,Surrexit pastor bonus - Jehan L'Heritier,NA,Surrexit pastor bonus,Jehan L'Heritier,Jean Lhéritiered. Jay Lane,classical,NA,publicdomain,0.0,0,0,10,0,6,0-0-0-0-0-0,87,1231,14.149425287356324,True,2.7430982449484467,0.996694214876033,0.958572796934866
QmYeCg9WVEH5d8KTU1q912o7dP6mWwFY8GWGkecDT5JPuj,Surrexit pastor bonus - Marco Antonio Ingegneri,NA,Surrexit pastor bonus,Marco Antonio Ingegneri,NA,classical,NA,publicdomain,0.0,0,0,2,0,5,0-0-0-0-0,52,602,11.576923076923077,False,2.918590799978121,0.96661101836394,0.9832974137931034
QmRsX9gjLGugTD8PMuoBLed1PCBJfvUJXwnsoUuNup8jEL,Surrexit pastor bonus - Michael Haller,Risen is the Good Shepherdwho gave his life for his sheepand for his flock is worthy to die.Alleluia.,Surrexit pastor bonus,Michael Haller,Michael HallerOpus 2 no. 3,classical,NA,publicdomain,0.0,0,0,8,0,5,0-0-0-0-0,74,925,12.5,True,3.017052264630891,0.9440089585666294,0.9547526041666666
QmTeJV5dXZXMHdciT48uCV1bipVpsi7nu1cGdz1iWtPcGZ,Surrey - Andrew Sims,NA,Surrey,Andrew Sims,NA,classical,NA,publicdomain,0.0,0,0,3,0,1,0,25,62,2.48,True,2.78685133626912,0.9032258064516128,0.949074074074074
QmUC7di1F8UgabPok6fJP7suXuVNPRknvDuKqV3cEwW6QF,Surround (The),NA,Surround (The),Misc tunes,NA,NA,NA,publicdomain,0.0,0,0,2,1,1,0,16,92,5.75,False,2.500922536374802,1.0,0.8923611111111112
QmZ5joEdC7bodC1pJ1jzHrn9dPKtoJZfyhzvm9BP94zwPS,surs de ton amour et forts de notre foi--DP-S-PUNIV,NA,surs de ton amour et forts de notre foi,Inconnu,NA,classical,NA,cc-zero,0.0,0,0,56,1,1,0,3,19,6.333333333333333,True,2.114805144339332,1.0,0.890625
QmeKtRNTRqXWWQDVcPkyWPbLLhXb1isUUNbLLW9DMZNFzK,Surviv.io Saloon Music,NA,Saloon,Justin Kim,Justin Kimsurviv.io,NA,survivio,cc-zero,4.74,5,7,423,2,1,0,20,210,10.5,False,2.922564156057766,0.9476190476190476,0.9182098765432098
QmQZcFaiZip1ou2T4tWHCbssm8NBohZfT1dmMxHc3v4GGM,Surviving Mars Main Theme,Main Theme,Surviving Mars Main Theme,EvinKB,Copy written by EvinKB,NA,survivingmars-game-mars-surviving-survive-space-scifi-maintheme-survivingmarsmaintheme-evinkb-evin-piano,cc-zero,4.81,8,10,612,2,1,0,82,721,8.792682926829269,False,1.9405321521798315,0.9972260748959778,0.9751506024096386
QmNzbZUZYSAkHPAmdp2NQnQwBWG451X3HhHYrt2mDBPq2W,Survivors Suite,NA,Transcription,Anonymous,Keith Jarret,classical,NA,cc-zero,0.0,0,3,287,1,1,0,18,248,13.77777777777778,False,3.4818396388409987,0.717741935483871,0.9340277777777778
QmabWcneP4tsWdSrWnuKjWE9VRVUupQ41tgf15b1gWQMio,Susan a William,Susan and William,Susan a William,Misc tunes,NA,NA,NA,publicdomain,0.0,0,0,0,1,1,0,18,58,3.2222222222222223,False,2.706105552698291,0.9482758620689656,0.9778645833333334
QmP7NTEAFyej4BcCythtFfDBegn95sKUNB5AosdJS8WCTZ,Susannah - Samuel Sebastian Wesley,NA,Susannah,Samuel Sebastian Wesley,S. S. Wesley,classical,NA,publicdomain,0.0,0,0,5,1,1,0,17,133,7.823529411764706,False,2.839456551885732,0.9596774193548387,0.9869791666666666
Qmf2r9arBeV1BVNGJcuem5yagU3YsbtrLfv7DM4yzmgsXW,Susato - La Morisque,NA,La Morisque,Susato,Susato,classical,NA,publicdomain,0.0,0,0,16,1,1,0,45,134,2.977777777777778,False,2.569385574086442,1.0,0.953125
QmRFBfPgjpsA59VF7Ke2nCWfyNDGzN3671cjrBmq5ERab5,Suspance,NA,Suspance,Werkiter,Francesco Mussin,NA,NA,cc-zero,0.0,0,1,17,1,1,0,35,354,10.114285714285714,False,2.3626311761999825,0.963276836158192,0.9019607843137256
QmY6qkUPDko1CotWXxfTKXtyACZSnouUtJeogCf5NHJ9nD,suspensions and retardations,NA,suspensions and retardations,synasharma10,Syna Sharma,NA,NA,cc-zero,0.0,0,0,12,1,1,0,16,238,14.875,True,2.7055723527092685,1.0,0.9440104166666666
QmbHax2C8WbBZMDUTMTqsAdmTadTkBgvLBCUgi39CtHf9a,Suspensions prepared but abandoned by a jump,NA,Suspensions prepared but abandoned by a jump,ÐÐµÑÐ³ÐµÐ¹ ÐÐµÑÐ½ÐÐºÐ¾Ð²,NA,NA,NA,cc-zero,0.0,0,1,40,1,1,0,10,108,10.8,False,3.351398922976125,0.7407407407407407,0.90625
QmRhQUuGqEPxZZ2zRva3ezW8AxJQfixro2sqt7imwkwpwU,Sussex Archaeological Soc MS - Brighthelmstone Hot Bath,NA,Brighthelmstone Hot Bath,Sussex Archaeological Soc MS,Sussex Archaeological Soc MS,classical,NA,publicdomain,0.0,0,0,3,1,1,0,32,182,5.6875,False,2.859142133574876,0.978021978021978,0.9756944444444444
QmW6frqe67Ee6jj2KR94PZwkbsu1ELjVgG7XBAE7JYZPM9,Sussex Archaeological Soc MS - Hunt the Squirrel,NA,Hunt the Squirrel,Sussex Archaeological Soc MS,Sussex Archaeological Soc MS,classical,NA,publicdomain,0.0,0,0,2,1,1,0,32,116,3.625,False,2.5822346540050507,1.0,0.9544270833333334
QmUnTVQwHoKTZvjcpHy6ELLHRMsnxg1tgK2DzHLXUj72C6,Sussex Archaeological Soc MS - Hunt the Squirrel,NA,Hunt the Squirrel,Sussex Archaeological Soc MS,Sussex Archaeological Soc MS,classical,NA,publicdomain,0.0,0,0,6,1,1,0,64,238,3.71875,False,2.5699724544235427,1.0,0.9330357142857144
QmZ7PwKL3ksu57fpPtgBpJ54t8bmxoebKgiWMQB1fMn3Nt,Sussex Bonny Breast Knot,Bonny Breast Knot,Bonny Breast Knot,Misc tunes,NA,NA,NA,publicdomain,0.0,0,0,4,1,1,0,36,166,4.611111111111111,False,2.6410082673369826,1.0,0.9524739583333334
QmafakcXebeu6x8zwL5bLNJVJ3jhyh6hjbUUA68Ukju1Mt,Sussex Carol,NA,sussex carol,Misc Traditional,NA,folk,NA,publicdomain,0.0,0,0,79,0,2,0-0,15,182,12.133333333333333,True,2.701223495684693,1.0,0.957175925925926
QmQ7bz1cHAgEK2naNv9k25Mh2wgepBUBrstAn7VG2okNvp,Sussex carol,NA,sussex carol,Misc Traditional,anon.,folk,NA,publicdomain,0.0,0,0,4,1,1,0,9,38,4.222222222222222,True,2.524665843565585,1.0,0.9236111111111112
QmTjNQdTpdxEBqu45xosFJQEpYPhNNV16HMKvewd9vPi6P,Sustinuimus pacem - Ascanio Trombetti,NA,Sustinuimus pacem,Ascanio Trombetti,NA,classical,NA,publicdomain,0.0,0,0,2,0,5,6-6-6-6-6,51,688,13.490196078431373,True,2.834887466726604,0.9792899408284024,0.9741753472222222
Qmahpn3TphJ12L8Wfbb3dCr5geb24ZxQedxNcEh8hct8Dp,Sustinuit,NA,Sustinuit,Anonymous,NA,classical,NA,publicdomain,0.0,0,0,2,0,6,0-0-0-0-0-0,62,642,10.35483870967742,False,2.840863211301848,0.9859154929577464,0.9759744623655914
QmfPc5fZB2XU3ZZmucsTBuf3dxHfA8A8eh1qJPZckx4FM8,Suteki Meppou,Monogatari Series,Suteki Meppou,Satoru Kosaki,NA,soundtrack,NA,cc-zero,4.56,4,35,1463,2,1,0,88,1572,17.863636363636363,False,2.6931845999678496,1.0,0.9265046296296297
Qmes8uiTiusMv5FKpEw3baTzASuHzfkAyuGxyEL8LLuatw,Sutters of Selkirk. LW.010,NA,Sutters of Selkirk. LW.010,Misc tunes,Time present peeping to time past with an eye to time future,NA,NA,publicdomain,0.0,0,0,4,1,1,0,184,1434,7.793478260869565,False,2.6829297448330416,1.0,0.9131335282651072
QmVDVrNPqNjukMvcHG1XW9SRci8QMV1hQ6MfzE1Zxdq7W9,Suutarivaimon kehtolaulu,Keit\a te ootte,Suutarivaimon kehtolaulu,Misc tunes,anon.,NA,NA,publicdomain,0.0,0,0,11,1,1,0,8,35,4.375,False,2.733612404603129,1.0,0.9583333333333334
QmQWZM5fd2jhk2VVS9TA39ji5z5nozZptaoHwp4yYwB7AF,Suzie's 70th,NA,Suzie's 70th,Misc tunes,NA,NA,NA,publicdomain,0.0,0,0,1,1,1,0,65,294,4.523076923076923,False,2.6717030678392377,1.0,0.9086879432624112
QmeJfNk5U1k14WjMqAmpWL6zffRoDEjrc3MDMCVAPwgmwR,Svanpolska efter M\aster Plut,NA,Svanpolska efter M\aster Plut,Misc tunes,NA,NA,NA,publicdomain,0.0,0,0,2,1,1,0,44,300,6.818181818181818,False,2.8517933431491262,0.9333333333333332,0.8642676767676768
QmTVkSxcWd9wSdsWdwmDp3j1oWASTpqDuejtPTXbKwJpqq,Svanpolska efter Pelle Fors,NA,Svanpolska efter Pelle Fors,Misc tunes,NA,NA,NA,publicdomain,0.0,0,0,1,1,1,0,40,378,9.45,False,2.931198898761888,0.8518518518518519,0.8861111111111111
QmVT1zwTRuEiJqnVx8kiQBNeDi6YEiTyK2csWiA8equ7H7,Svantes lykkelige dag,NA,NA,NA,Composer,NA,NA,cc-zero,0.0,0,3,198,1,1,0,32,43,1.34375,False,2.464480645078453,0.9534883720930232,0.9107142857142856
QmRAW2qdgj3qzQYyhJcw7cfBaNYFDuTyyE8tiYQ9HGVrme,SVC Babylon,oh shit!,SVC Babylon,svc,Composer: Me,classical,NA,cc-zero,0.0,0,1,78,0,1,0,32,215,6.71875,False,2.660919749963145,0.9674418604651164,0.8782552083333334
QmUcu7JAL6BnvHeCgx7uFoLMnq4U6Ycz51WqmS4VDnQUgg,sved r2 my drums,NA,sved r2 my drums,Jeaden Masters,NA,NA,NA,cc-zero,0.0,0,0,12,0,1,0,109,1728,15.853211009174313,False,1.9750292316660816,0.8726851851851852,0.9174454828660435
QmdB32w13G5ibCsHdAQwdWGnyDwhZTgLh72z1gjexj1bkL,Svensk Annas Vals,SvenskarnasvalsenNordfjordsvals,Svensk Annas Vals,Misc tunes,NA,NA,NA,publicdomain,0.0,0,0,4,1,1,0,74,386,5.216216216216216,False,2.7399376243863296,0.9948186528497408,0.9272959183673468
QmUJxwwHswN33dq7Vec1PrTsjKNASiyHMZMnRBooiK6Wf9,Svensk-Anna's Waltz,NA,Svensk Anna's Vals,Misc tunes,W-12,NA,NA,publicdomain,0.0,0,0,3,1,1,0,68,212,3.117647058823529,False,2.7377814712255764,1.0,0.9266493055555556
QmZHJGq6H2qqXCwEHcmDN44GjvVLGCReAKvkCnDSPib5g6,SVG Test 1,NA,SVG Test 1,Misc tunes,NA,NA,NA,publicdomain,0.0,0,0,5,1,1,0,2,8,4.0,False,2.75,1.0,0.8333333333333334
QmfLHR5kFYrSnKBeueWvrQBbCiUq6QFR63ootm5JBR4pn6,SvÄtku mise sv. PÄtera godam - Joseph Gruber,Kungs (Kyrie),SvÄtku mise sv. PÄtera godam,Joseph Gruber,Jos. Gruber op. 14.,classical,NA,publicdomain,0.0,0,0,9,0,4,0-0-0-0,438,6920,15.799086757990867,True,3.148650540132123,0.8908554572271387,0.9580078125
QmPTgZHuzW5dAVvVwZYYeFR8Bh5eCB2ES88YH1JEZZcdtJ,SvÄtÄ nakts - Mamerts Celminskis,NA,SvÄtÄ nakts,Mamerts Celminskis,Harm. M. Celminskis,classical,NA,publicdomain,0.0,0,1,20,0,2,0-0,32,252,7.875,True,2.8796874280688263,0.979591836734694,0.9791666666666666
QmfQaGVNCEocQ2qkaZPshy3UQbJu6iwxM1uag5Fiq4Fza9,SvÄtÄs Annas dziesma (Chant of St. Anna) - Andris Solims (harm.),NA,SvÄtÄs Annas dziesma (Chant of St. Anna),Andris Solims (harm.),PoÄ¼u melodijaHarm. Andris Solims,classical,NA,publicdomain,0.0,0,0,10,0,2,0-0,16,229,14.3125,True,2.938243924223011,0.9511111111111112,0.946969696969697
QmSyHvnTQiP4MhvPjnY6C2wanxkXKexmdiE637hcV6SGf1,Swab the Decks,NA,Swab the Decks,Misc tunes,NA,NA,NA,publicdomain,0.0,0,0,1,0,2,0-0,16,182,11.375,False,2.299475037419946,1.0,0.9700520833333334
QmR9jQ2BCgm41XjjQEgd1CADz9ZhTD7KEYFN2JuZftYbXq,Swaggering Jig,Swaggering Jig The,Swaggering Jig,Misc tunes,NA,NA,NA,publicdomain,0.0,0,0,9,1,1,0,28,238,8.5,False,2.5764501608264894,1.0,0.9798387096774194
QmY2yjxJQkEjnGvUCj7cDFtV25NdHptv2kJVGYmrdizwXw,Swallowtail Jig,NA,swallowtail jig,Misc Traditional,NA,folk,NA,publicdomain,0.0,0,0,4,1,1,0,18,88,4.888888888888889,False,2.640081857948146,1.0,0.9565972222222222
QmTD2o8mJCv5g4y8D9UzExFaQG4apP1sGBipP5g4VtJmkW,Swallowtail Jig (for Piano),NA,swallowtail jig,Misc Traditional,irish Traditional music,folk,irish-irishmusic-irishtraditionalmusic-traditionalmusic-traditional-piano,cc-zero,4.62,31,96,2648,1,1,0,34,358,10.529411764705882,False,2.64732148479839,1.0,0.9696180555555556
QmXSQJcSbExJ5LubRapYB87a8exdGTUYDjeH9JwKZu6Bmn,Swallowtail Reel,NA,swallowtail jig,Misc Traditional,NA,folk,NA,publicdomain,0.0,0,0,1,1,1,0,18,122,6.777777777777778,False,2.7261047439851853,1.0,0.9596354166666666
QmdPykcNWimTHAh1wDxaGFV7uC4Qr8r8XuBPLJ95hvt3sJ,Swallowtail The Dancing Master,Dancing Master The,swallowtail jig,Misc Traditional,NA,folk,NA,publicdomain,0.0,0,0,1,1,1,0,43,223,5.186046511627907,False,2.6204548957976965,0.9641255605381166,0.9736111111111112
QmXw1JouGSKb7wd1ypVYQJJn15VXr3gUVHuYQ5qcZt7ne7,Swan Lake,Scene From Swan Lake,Swan Lake (ballet) Op.20,Pyotr Ilyich Tchaikovsky,P.I. Tchaikovsky,classical,tchaikovsky-swanlake,publicdomain,4.83,9,395,16142,1,1,0,25,118,4.72,False,2.7789285124433816,0.9830508474576272,0.9608333333333332
QmdJYofAnE7JuGKfzKCy9VrPpcUESkfRKRpj9VLFrXAap3,Swan Lake 11. Scene (Allegro moderato Allegro vivo),Swan Lake Piano Arrangement for 3 hands,Swan Lake (ballet) Op.20,Pyotr Ilyich Tchaikovsky,Hinci,classical,NA,cc-zero,0.0,0,0,116,3,1,0,274,3382,12.343065693430656,False,3.5474978716384733,0.677397942250249,0.9695201037613488
QmcG5tSvuN9HFdurvA5K5CrgBTABkh5VwHuZMDRJSevzRR,Swan Lake 13. Dance of the Swans III. Tempo di Valse (Piano),Swan Lake Piano Arrangement for 3 hands,Swan Lake (ballet) Op.20,Pyotr Ilyich Tchaikovsky,Hinci,classical,NA,cc-zero,4.89,7,4,253,2,1,0,100,1109,11.09,False,3.1355083184611714,0.885036496350365,0.9636111111111112
QmSRg7h13JYbtm5CJtsw7eqTPyreuhNzxkqNvVFraTf8wD,Swan Lake 13. Dance of the Swans VI. Tempo di Valse (Piano),Swan Lake Piano Arrangement for 3 hands,Swan Lake (ballet) Op.20,Pyotr Ilyich Tchaikovsky,Hinci,classical,NA,cc-zero,0.0,0,1,125,2,1,0,88,1352,15.363636363636363,False,3.0912094522530693,0.8998516320474778,0.9814102564102564
QmTX8ND1q1xguVmG2CFMyMamBDSST5mEVc8D8pKqrVsP3o,Swan Lake 13. Dance of the Swans VII. Coda (Piano),Swan Lake Piano Arrangement for 3 hands,Swan Lake (ballet) Op.20,Pyotr Ilyich Tchaikovsky,Hinci,classical,NA,cc-zero,4.9,8,9,359,2,1,0,97,2113,21.783505154639176,False,2.902486589535483,0.9560229445506692,0.939903846153846
QmS5DSbHJEjTVpdNkNoSbqdugdqKEgmucL3x4ViK9JBZ5x,Swan Lake 14. Scène (Moderato Piano),Swan Lake Piano Arrangement for 3 hands,Swan Lake (ballet) Op.20,Pyotr Ilyich Tchaikovsky,Hinci,classical,NA,cc-zero,4.88,6,2,223,0,1,0,70,1955,27.928571428571427,False,3.196291771633192,0.8587512794268168,0.8782771535580525
QmfBtwBsGvLnKkqNLhasAoTfLzAjLiEa4fc4sGuN4vqBG2,Swan Lake 15. Entry March (Piano),Swan Lake Piano Arrangement for 3 hands,Swan Lake (ballet) Op.20,Pyotr Ilyich Tchaikovsky,Hinci,classical,NA,cc-zero,4.85,4,0,129,2,1,0,177,2739,15.47457627118644,False,3.101577835687354,0.9057997783524196,0.9547558922558924
QmY7DMkH2htPYt6ZBqbRkZfXiEcg66iRnHH8cMapgvhKkP,Swan Lake 17. Entrance of the Guests and Waltz (Piano),Swan Lake Piano Arrangement for 3 hands,Swan Lake (ballet) Op.20,Pyotr Ilyich Tchaikovsky,Hinci,classical,NA,cc-zero,4.9,8,7,536,2,1,0,453,5192,11.461368653421632,False,3.0836444417459723,0.8956202465250459,0.9518229166666666
QmUaCPYwichF5G3xykqrkHjGLpJ5n1uFaxNEGAEfupFMfh,Swan Lake 19. Pas de Six III. Andante con moto (Piano),Swan Lake Piano Arrangement for 3 hands,Swan Lake (ballet) Op.20,Pyotr Ilyich Tchaikovsky,Hinci,classical,NA,cc-zero,0.0,0,1,84,2,1,0,86,1483,17.24418604651163,False,3.0066997081824542,0.8663967611336032,0.9134963768115942
QmaRfVpFwoQUQjnor2Uec3iAXMkH6arVWe8qsk3aSSssZg,Swan Lake 19. Pas de Six IV. Moderato (Piano),Swan Lake Piano Arrangement for 3 hands,Swan Lake (ballet) Op.20,Pyotr Ilyich Tchaikovsky,Hinci,classical,NA,cc-zero,0.0,0,0,84,2,1,0,38,747,19.657894736842103,False,3.0966066344518053,0.8958051420838972,0.9861111111111112
QmSNxiu82mkwZDQBBdzXvDmoDcyFpUKaNn5PGPFsCoD6mP,Swan Lake 21. Spanish Dance (Piano),Swan Lake Piano Arrangement for 3 hands,Swan Lake (ballet) Op.20,Pyotr Ilyich Tchaikovsky,Hinci,classical,NA,cc-zero,4.82,14,17,760,0,3,0-0-0,105,3727,35.49523809523809,False,2.805081988226391,0.8936227951153324,0.8379065040650406
QmTcBkfKc1UBwR1G6FLUdjbFpuvxYrAUykgQa7FVRnUYFm,Swan Lake 24. Scene Allegro (Piano),Swan Lake Piano Arrangement for 3 hands,Swan Lake (ballet) Op.20,Pyotr Ilyich Tchaikovsky,Hinci,classical,NA,cc-zero,0.0,0,0,104,2,1,0,152,3091,20.33552631578948,False,3.4165486487628445,0.7476392054705308,0.963957055214724
QmYN5iReGtt5WiF952EHA3FCMT48Q7yvDH3rJmqRo6wGeY,Swan Lake 26. Scène (Piano),Swan Lake Piano Arrangement for 3 hands,Swan Lake (ballet) Op.20,Pyotr Ilyich Tchaikovsky,Hinci,classical,NA,cc-zero,0.0,0,2,95,0,1,0,56,1698,30.321428571428573,False,3.4740503283003927,0.6914893617021277,0.9481770833333332
QmRTQQyPAofu4gn9VFp62pCGG7xmzcrqcFRANGRAXSeynA,Swan Lake 4. Pas de Trois IV. Moderato (Piano),Swan Lake Piano Arrangement for 3 hands,Swan Lake (ballet) Op.20,Pyotr Ilyich Tchaikovsky,Hinci,classical,NA,cc-zero,4.85,4,3,120,2,1,0,40,803,20.075,False,3.0735998721704547,0.869837296620776,0.853448275862069
QmRpgqwCQyvpQtr5WFToDkkgdK8uz4zwso9pdkC4PMeHkF,Swan Lake 5. Pas de Deux II. Andante allegro (Piano),Swan Lake Piano Arrangement for 3 hands,Swan Lake (ballet) Op.20,Pyotr Ilyich Tchaikovsky,Hinci,classical,NA,cc-zero,4.76,18,36,1639,2,1,0,171,2487,14.543859649122806,False,3.056709350944406,0.9234179766223296,0.8700842696629214
QmT8EktgBHo4nvXpcbQJzLEh6YyEkPxrhHm6TwJ4Aq6Kfa,Swan Lake 5. Pas de Deux III. Tempo di Valse (Piano),Swan Lake Piano Arrangement for 3 hands,Swan Lake (ballet) Op.20,Pyotr Ilyich Tchaikovsky,Hinci,classical,NA,cc-zero,4.89,7,11,541,2,1,0,95,1192,12.547368421052632,False,3.106793704770077,0.889168765743073,0.9583333333333334
QmQeiVje5VUnHHgsVDRB6vwYKuubCMpzwL9eS7haJj9XuU,Swan Lake 78. Subject & Dance with Goblets (Piano),Swan Lake Piano Arrangement for 3 hands,Swan Lake (ballet) Op.20,Pyotr Ilyich Tchaikovsky,Hinci,classical,NA,cc-zero,4.85,4,1,135,3,1,0,236,7431,31.48728813559322,False,3.2953255436539823,0.8391192759692017,0.9381793478260868
QmPgMNcBd5ozzUrUffL8ocPSzTA68EPU2UNqG38zbsfY4L,Swan Lake Theme - Tchaikovsky,NA,Swan Lake (ballet) Op.20,Pyotr Ilyich Tchaikovsky,Pyotr Ilyich Tchaikovsky,classical,tchaikovsky-swanlake-swantheme-ballet-piano,cc-zero,4.74,1220,4699,98826,1,1,0,32,326,10.1875,False,2.938532617421832,0.941717791411043,0.9907407407407408
QmcGrJ633EWvi9wWKQ1TJKUgX63kuxHP1bEXaQXmVcoWqZ,Swan Swims Bonny OThe,NA,Swan Swims Bonny OThe,Misc tunes,NA,NA,NA,publicdomain,0.0,0,0,4,1,1,0,9,34,3.7777777777777777,False,2.3042513564535545,1.0,0.9557291666666666
QmWJCAeMsXfJPWUf9Q6j1bkRmLviMBdr8R1gnXFLVhyA4h,Swanee,NA,NA,NA,Gorge Gershwin - 1919,NA,copyrightfreeoldjazz-creolejazz,cc-zero,0.0,0,5,345,0,1,0,64,129,2.015625,True,2.806397594969335,0.9534883720930232,0.9682539682539684
Qmf1RjVZPivdK9q37kXaD7MTntMDsNySoAWbx9WfbnFawT,Swanee (1919) - Piano Solo,NA,swanee,George Gershwin,George Gershwin,jazz-classical,jazz-gershwin-piano-arrangement-classical-ragtime-song-intermediate,cc-zero,0.0,0,10,167,2,1,0,34,601,17.676470588235293,False,3.219480522061928,0.8554216867469879,0.8541666666666666
QmYngv2gCw3QuV1VxnBDe1XWvhN4pSSxvRxnRwyrwFiPVR,Swanee River,(Old Folks At Home),Swanee River,Misc tunes,NA,NA,NA,publicdomain,0.0,0,0,44,1,1,0,16,69,4.3125,False,2.51171307804431,1.0,0.9416666666666668
QmdmYE4V3yyVSSwgVYzpNr64jL6QpZALjDwHQLQFAF5yqf,Swans on the Lake,NA,Swans in the lake,John Thompson,NA,NA,NA,cc-zero,4.75,17,11,527,1,1,0,32,123,3.84375,False,2.2916596179508684,1.0,0.9861111111111112
QmUrzSs2wAkXtWubCKgoS3pjH4Th7kSGTa6z1awMZrvQfB,Swear to my Bones,From Persona 5,Swear to My Bones,Shoji Meguro,Composed by Shoji MeguroArranged by Alan J.,soundtrack,persona-persona-piano,cc-zero,4.88,56,155,6594,2,1,0,68,821,12.073529411764708,False,2.49307031639636,0.997563946406821,0.9537377450980392
QmZWVQijhobMxbmeCK9kaEH8S6pMhVDdL9DopJgiFPcTeq,Sweden - Minecraft (For Piano),From minecraft,Sweden,C418,C418Arr: Gannon Rothgeb,classical,minecraft-piano-easy-gaming-cover-covers-mojang-gannonrothgeb,cc-zero,4.81,8,13,554,1,1,0,19,227,11.947368421052632,False,2.812474385914136,0.9911894273127754,0.9232456140350878
QmYhKS7tVvL3qrL6Y3ygdcrcrqce1hpyrPVyjns8SNPDNq,Sweden for Solo Piano,NA,Sweden,C418,Composer: Daniel Rosenfeld (C418)Arranger: Demetrius Bitler,classical,minecraft-c-daniel-rosenfeld-game-piano-block,cc-zero,0.0,0,2,133,2,1,0,39,460,11.794871794871796,False,2.787106243446263,0.9956521739130436,0.9357876712328768
QmQxt8AUK2kbUsw3g9aFc8xq57WWfcJAumFxjUyLCHiKni,Sweden in D-Flat Major,NA,Sweden,C418,Composed by C418Arr: Torbjørn BrandrudReArr: Andrew1890924,classical,minecraft-sweden-arrangement,cc-zero,0.0,0,0,58,1,1,0,23,272,11.826086956521738,False,2.795034760021543,0.9925925925925926,0.9329710144927535
QmenEuCxEAfCvdwqoiPHorgpygPdHArXi8L6BBGH7WFLoi,Sweden Simplfied (With Surprise At End),C418,Sweden,C418,C418/Daniel Davidson,classical,NA,cc-zero,0.0,0,0,31,1,1,0,30,163,5.433333333333334,False,2.821164597197817,0.98159509202454,0.9708333333333332
QmUrbSctjVfEvt9BGpEUcmeVgrSRgCCEEs5FMvXUMLpxdh,Swedish folk song,NA,Swedish folk song,Misc tunes,anon.,NA,NA,publicdomain,0.0,0,0,24,1,1,0,29,70,2.413793103448276,False,2.484127497164623,0.9857142857142858,0.8416666666666667
QmYncttkQtUKBYJZy44kGCbBZXHWoc32D9PbjDTbZbNrkE,Swedish Lullaby,NA,Swedish Lullaby,Misc tunes,NA,NA,NA,publicdomain,0.0,0,0,28,1,1,0,32,115,3.59375,False,2.580661414013006,0.982608695652174,0.9036458333333334
QmUQXGr9hK2CYmVdi5t6SFvDhoiKTjza9Vwwzkv9czRQAY,Swedish Lullaby,NA,Swedish Lullaby,Misc tunes,NA,NA,NA,publicdomain,0.0,0,0,8,1,1,0,60,160,2.6666666666666665,False,2.8721517945892887,0.9625,0.924537037037037
QmUfppecYFBsp45C24EPxa8Jd7mbfx3FdxeNH6jhvwAk5N,Swedish Lullaby,NA,Swedish Lullaby,Misc tunes,NA,NA,NA,publicdomain,0.0,0,0,5,1,1,0,24,88,3.6666666666666665,False,2.4807161937349167,1.0,0.8993055555555556
QmQFEohh5i3cfAaK9EzZKnsvNtJ7u8XzXu9RcnBPbXHbv6,Swedish Polska - Pennknivsmordaren (Pen-Knife Killer),NA,Pennknivsmordaren (Pen-Knife Killer),Swedish Polska,Swedish Polska,classical,NA,publicdomain,0.0,0,2,233,1,1,0,32,268,8.375,False,2.933985886087803,0.8955223880597015,0.8671875
QmSDyQn4tQx3QyFaysnkSdfsUzX8gxGZw2qYnQ9eahgKLX,sweet,NA,sweet,dave49,David Redding,NA,NA,cc-zero,0.0,0,0,23,1,1,0,90,539,5.988888888888889,False,2.601730160988245,1.0,0.9475446428571428
QmRMc6HyEWQUrdPA9JpoCSwLP4WgBz7KGQnqv8X1tBqWUt,Sweet about me,NA,NA,NA,Gabriella Lucia Cilmi,NA,NA,cc-zero,4.71,4,3,443,0,1,0,84,361,4.297619047619048,True,2.522366663940636,0.9889196675900276,0.9145359848484848
QmWrHNTjwFBpK96w8iLdtRn6HR1d8Jz7rU7kq7bx9NoVzR,Sweet Adeline - Henry W. Armstrong,NA,Sweet Adeline,Henry W. Armstrong,NA,classical,NA,publicdomain,0.0,0,2,81,0,2,0-0,17,135,7.9411764705882355,True,3.347432160062885,0.7894736842105263,0.9739583333333334
QmTq3EXftnbCyhGT4HgebcWVCvbh4QgkQP5srxMtUA5teJ,Sweet and low sweet and low wind of the western sea - Baron Tennyson Alfred Tennyson,NA,Sweet and low sweet and low wind of the western sea,Baron Tennyson Alfred Tennyson,NA,classical,NA,publicdomain,0.0,0,2,59,2,1,0,18,264,14.666666666666666,True,3.0741115040200846,0.9125475285171104,0.8942307692307693
QmV4uoNNjzqiyxszAH7qisb7dS4wNpGFnNJw5eo8f6Xxf5,Sweet are the bells of the morning chiming - Hubert P. Main,NA,Sweet are the bells of the morning chiming,Hubert P. Main,NA,classical,NA,publicdomain,0.0,0,0,10,2,1,0,16,282,17.625,True,2.870916636272121,0.950354609929078,0.9453125
QmeQXqu9ZvgEX2kCNH26fa4vxGYMf7viJ1MUTreHEDSzJd,Sweet are the roses of Sharon - C. Austin Miles,NA,Sweet are the roses of Sharon,C. Austin Miles,NA,classical,NA,publicdomain,0.0,0,0,31,2,1,0,34,585,17.205882352941178,True,2.706470575607762,0.980968858131488,0.9244791666666666
QmW4dZ9PXrr6vmcd38t1TF65SCYc9Fyq991t6SZCfzJ66v,Sweet as the tones that from the harp of nature - Jno. R. Sweney,NA,Sweet as the tones that from the harp of nature,John R. Sweney,NA,classical,NA,publicdomain,0.0,0,0,6,2,1,0,32,545,17.03125,True,2.890002940353521,0.9577981651376148,0.921875
QmRmJwjT8hXLLfxqNmLCvqsSGxmGVkxoz87zTKXpdHyRhG,Sweet Biddy Daly (doublejig) 1084,NA,Sweet Biddy Daly,Misc tunes,after Chief F. O'Neill,NA,NA,publicdomain,0.0,0,0,2,1,1,0,38,198,5.2105263157894735,False,2.556295333338128,0.98989898989899,0.9816666666666668
QmdkBqpC9dP1dE8eJ2zHBxtfYoYAVhUf55ziamytp6wu6j,Sweet Biddy Daly 2,NA,Sweet Biddy Daly,Misc tunes,Joe Buchanan's Scottish Tome - Page 300.1,NA,NA,publicdomain,0.0,0,0,1,1,1,0,45,230,5.111111111111111,False,2.474836635503133,1.0,0.9819444444444444
QmcebXvcaV4ccfvP1MzD1rqmftKWvgsipUefBDSd3V7gq7,Sweet Biddy Of Ballyvourney (reel) 1301,NA,Sweet Biddy Of Ballyvourney,Misc tunes,after Chief F. O'Neill,NA,NA,publicdomain,0.0,0,0,4,1,1,0,18,122,6.777777777777778,False,2.640842323990886,1.0,0.9644607843137256
QmUDyie98PxywPwLpr9rT5avZu2iFpvh11dmCogMgKU9kr,Sweet Carnloch Bay,Sweet Carnlough BayCarron Lough Bay,Sweet Carnloch Bay,Misc tunes,The Poet Richard MacKay (1800-1897) Co. Antrim,NA,NA,publicdomain,0.0,0,0,9,1,1,0,21,46,2.1904761904761907,False,2.615983565581917,1.0,0.9666666666666668
QmWCiYtCLJb8UwBEPNvuPzYunAkKzYvqT1pPfLFvrRaMjU,Sweet Caroline Recital,NA,NA,NA,Neil Diamond,NA,NA,cc-zero,0.0,0,6,209,1,1,0,51,102,2.0,False,2.708391302783038,1.0,0.9464869281045752
QmTXgvqisTDZ4dALx9k7KeYdNLywE4qadhQy5dLWfAgwEU,Sweet Harmony,NA,Sweet Harmony,Misc Traditional,NA,folk,NA,publicdomain,0.0,0,0,40,0,3,0-0-0,28,204,7.285714285714286,False,2.296909694735695,1.0,0.9229166666666666
QmTBeRmEX5jwPksiuv36j5xkxBYGxNrveEuKKEhnGjddmQ,SWEET HOME,NA,SWEET HOME,Misc tunes,NA,NA,NA,publicdomain,0.0,0,0,0,0,3,0-0-0,24,193,8.041666666666666,False,2.5435877929264645,1.0,0.9223484848484848
QmapPob3DKxez7KbaE8chkEXQr1iZcWYPmNCbBvLHePbiM,Sweet home beyond the river - B. M. McDowell,NA,Sweet home beyond the river,B. M. McDowell,NA,classical,NA,publicdomain,0.0,0,0,12,1,1,0,27,328,12.148148148148149,False,2.8293946159097847,0.9602446483180428,0.9386574074074074
QmXb68L2EbnYHpaH4Me1D6k2ETAM87nUojApqeiXDnDQTK,Sweet Home. WHL.[013],Home Sweet Homeaka. WHL.[013],Sweet Home. WHL.[013],Misc tunes,NA,NA,NA,publicdomain,0.0,0,0,2,1,1,0,25,72,2.88,False,2.566030902026234,1.0,0.9322916666666666
QmaJbR7HH6NVZyrEVtUMG1U9fqMNASWBEY1Qdf9mCe9Nm7,Sweet Hour of Prayer - W. W. Walford,NA,Sweet Hour of Prayer,W. W. Walford,NA,classical,NA,publicdomain,0.0,0,1,37,0,2,0-0,34,257,7.558823529411764,True,2.43924898677936,1.0,0.8940972222222222
QmWzkhzLGV4VdErn4xS9KpEXASMhqqe8qepZqt9Ef6yTLV,Sweet hour of prayer sweet hour of prayer (Hall) - J. H. Hall,NA,Sweet hour of prayer sweet hour of prayer (Hall),J. H. Hall,NA,classical,NA,publicdomain,0.0,0,0,36,1,1,0,20,251,12.55,False,2.6175849139922818,0.99601593625498,0.8940972222222222
QmVMqBimhVmPLdQvDgHsv22NDZDMj5QwgsMjpzKgHpNXbk,Sweet is the day of sacred rest - Isaac Watts,NA,Sweet is the day of sacred rest,Isaac Watts,NA,classical,NA,publicdomain,0.0,0,0,17,0,3,0-0-0,19,145,7.631578947368421,False,2.528583400902447,1.0,0.9682017543859648
Qmc8ieyUfi6Q2mwBQi6ENjXYnz8vMjQ4c92H9JhRYD2CVW,Sweet is the hour at the dawn of the morning,NA,Sweet is the hour at the dawn of the morning,Misc Traditional,NA,folk,NA,publicdomain,0.0,0,0,3,1,1,0,18,292,16.22222222222222,False,2.612632167928744,0.9897260273972602,0.9560185185185184
QmcsW3th7qmGnUnMDFhEsQKYVxDfRk3muZUWgoMmjQWFyp,Sweet is the memory of thy grace - Almond Woolf,NA,Sweet is the memory of thy grace,Almond Woolf,Almond Woolf,classical,NA,publicdomain,0.0,0,0,5,0,4,0-0-0-0,15,206,13.733333333333333,True,2.574719520627612,0.9950248756218906,0.8583333333333334
QmVMzZHsAvHev3SXSMcGAHLcqQkCvZD5tXRy2VYoWkQE8x,Sweet is the message the word of God brings - E. S. Lorenz,NA,Sweet is the message the word of God brings,E. S. Lorenz,NA,classical,NA,publicdomain,0.0,0,0,5,1,1,0,16,244,15.25,True,2.58708525700676,0.9959016393442623,0.9097222222222222
QmY4SXoA82TwbHoHFiFdMZMZmzB5JcEWAxbrxD2AMPmxZs,Sweet is the path of promise - J. Lincoln Hall,NA,Sweet is the path of promise,J. Lincoln Hall,NA,classical,NA,publicdomain,0.0,0,0,13,2,1,0,32,566,17.6875,True,3.033610074545025,0.9236234458259324,0.9446138211382114
QmNdmje9bsRknSvj2K3FD6nttyzoNvsEmSAnjwdRPp5U13,Sweet is the prayer whose holy stream - Lowell Masonarr,NA,Sweet is the prayer whose holy stream,Lowell Mason,NA,classical,NA,publicdomain,0.0,0,0,4,1,1,0,12,143,11.916666666666666,False,2.5823791090079338,0.993006993006993,0.8880208333333334
QmaAGU8mFVpui5Rmcaij2rmNExBcD7iHQNuuiYUdCoDfaS,Sweet is the work O Lord (Burnap) - U. C. Burnap,NA,Sweet is the work O Lord (Burnap),U. C. Burnap,NA,classical,NA,publicdomain,0.0,0,0,2,1,1,0,13,113,8.692307692307692,True,2.79473884981474,0.9734513274336284,0.9717261904761904
QmZiMrrcgUvkqHQirZ2dD3dttPdHNjzN5ChZdUMVkZ3YH1,Sweet Jessie the Flower of Dunblane. JGi.149,NA,Sweet Jessie the Flower of Dunblane. JGi.149,Misc tunes,NA,NA,NA,publicdomain,0.0,0,0,3,1,1,0,31,176,5.67741935483871,False,2.7213728118015608,1.0,0.8521825396825397
Qme8K7hgziP1xHEf24z6yRj3WBvF6emH3RcxR6xNZULdus,Sweet Jessy TS.175,Jessie The Flower of Dunblaneaka TS.175,Sweet Jessy TS.175,Misc tunes,R.A.Smith (attributed),NA,NA,publicdomain,0.0,0,0,3,1,1,0,44,256,5.818181818181818,False,2.709817640736204,1.0,0.8576388888888888
QmWXwXCFHZ79XUTttTgWUGXUNSLxigEoohF5yirXVw69zZ,Sweet Killaloe,NA,Sweet Killaloe,Misc tunes,file ID: onmi.misc/060sweet_k,NA,NA,publicdomain,0.0,0,0,9,1,1,0,35,147,4.2,False,2.875414322895846,0.9523809523809524,0.9322916666666666
Qmd9HQCYjQTPmczKXw1bQChvnc38FAMjH5vSfsFvycvDXn,Sweet Killaloe (march) 1809,NA,Sweet Killaloe,Misc tunes,after Chief F. O'Neill,NA,NA,publicdomain,0.0,0,0,29,1,1,0,34,155,4.5588235294117645,False,2.8945134093387512,0.9419354838709676,0.9301470588235294
QmWinmxYUMmuNeyvzq6iGWaaTWf4ujyvvJ25kGa5GUABDw,Sweet Lemminy,NA,Sweet Lemminy,Misc tunes,Mrs Marina Russell Upwey coll. HED HammondTranscibed to abc by PJHeadford,NA,NA,publicdomain,0.0,0,0,3,1,1,0,13,79,6.076923076923077,False,2.8032927002140964,0.9743589743589745,0.9010416666666666
QmSAHNP9N7ir8DbSWoj4Z1mGLbRNEDsSFm1my25222HwHz,Sweet like Honey,NA,Sweet like Honey,wayfaringstra,Markus Holtz,NA,NA,cc-zero,0.0,0,1,121,1,1,0,58,105,1.8103448275862069,True,2.650426882348809,1.0,0.920405982905983
QmQrXw1NKUGsDE5BQBNen1fDXZXmYP2uvL9LXrxv6UhUde,Sweet like Sugar Candie,NA,Sweet like Sugar Candie,Misc tunes,NA,NA,NA,publicdomain,0.0,0,0,1,1,1,0,5,30,6.0,False,2.743762162622482,1.0,0.8333333333333334
QmUwPqqr9mnKPFp9sh5xKCrZgAXwaje85CS549kwGtjUpZ,Sweet May morning,Madainn chiuin cheitein,Sweet May morning,Misc tunes,NA,NA,NA,publicdomain,0.0,0,0,3,1,1,0,36,196,5.444444444444445,False,2.912684914369206,0.9489795918367347,0.8081597222222222
QmbnUMhJBS2tQzZPoBMnm34pvGBB5juXoZCVzzvQ3TF2Ch,Sweet Molly Malone,NA,molly malone,Misc Traditional,NA,folk,NA,publicdomain,0.0,0,0,9,1,1,0,17,46,2.7058823529411766,False,2.292578864081891,1.0,0.9409722222222222
QmbthENPodkpcw197JAu7qXvPkqhykUy4hQoHQdr8UouZ7,Sweet Molly Malone (Cockles And Mussels) (song) 0483,NA,molly malone,Misc Traditional,after Sg't. J. O'Neillmoderate,folk,NA,publicdomain,0.0,0,1,12,1,1,0,17,46,2.7058823529411766,False,2.292578864081891,1.0,0.9409722222222222
QmQDXSN3wHkSMRAk7XqgpZwfwsdr9yGVyTo2Y8HWoKUaFU,Sweet nightingale - stevens,NA,Sweet nightingale - stevens,Misc tunes,Sent me by E.F. Stevens of Terrace St Ives as the air to which sung by the miners in Cornwall 1850.,NA,NA,publicdomain,0.0,0,0,16,1,1,0,68,177,2.6029411764705883,False,3.000163710556609,0.8757062146892656,0.9314024390243902
QmYRz9iQEzSb88H4HzZcAA2ctFJGiEjroguDbrrKzbUZ8X,Sweet Pall of Plymouth A Song. JBut. 619,NA,Sweet Pall of Plymouth A Song. JBut. 619,Misc tunes,NA,NA,NA,publicdomain,0.0,0,0,2,1,1,0,34,202,5.941176470588236,False,2.6641529286752816,1.0,0.9202586206896552
QmYUTU1LUHM96MyWPC3wMXpNRw4nnBDJxSfzjubQ85YA2Y,Sweet peace is my portion my gift from above - Wm. J. Kirkpatrick,NA,Sweet peace is my portion my gift from above,William J. Kirkpatrick,NA,classical,NA,publicdomain,0.0,0,0,4,1,1,0,17,293,17.235294117647058,False,2.6876309179371485,0.9863481228668942,0.9583333333333334
QmbUxTRA7g7hVS6RbCUzrji1iFveAYtcEumZ6SY97yCFQv,Sweet Peter Street,Peter Street [1],Peter Street,Misc tunes,NA,NA,NA,publicdomain,0.0,0,0,14,1,1,0,32,263,8.21875,False,2.419566396637657,1.0,0.9717741935483872
QmdJ9pVCKS7qpCiwYrmH14Si2nsxFEiWqXrhX4NDVEckUc,Sweet Prospect,NA,Sweet Prospect,Misc Traditional,NA,folk,NA,publicdomain,0.0,0,0,29,0,3,0-0-0,25,252,10.08,False,2.32563440210507,1.0,0.955518018018018
QmPNHHtmLqJY6jDKW34HmHMHFWezb7Ex9B5uGgNPsprt3d,Sweet Rivers - William Moore,NA,Sweet Rivers - William Moore,William Moore,NA,classical,NA,publicdomain,0.0,0,0,16,0,3,0-0-0,29,314,10.827586206896552,False,2.412020693885374,1.0,0.9202586206896552
QmQzcDASVr5mmpSyAhTH5mVrvGwsCk3iaiXd9NA7fXdszx,Sweet Sabbath School! more dear to me - W. H. Doane,NA,Sweet Sabbath School! more dear to me,W. H. Doane,NA,classical,NA,publicdomain,0.0,0,0,47,1,1,0,18,251,13.944444444444445,False,2.5331115359523144,1.0,0.9401041666666666
QmS6oTLCB1rPDRVYHP9Amz86aXxWchPE8xxeyKcJPKhGhZ,Sweet Saviour bless us ere we go - S. G. Potts,NA,Sweet Saviour bless us ere we go - S. G. Potts,S. G. Potts,NA,classical,NA,publicdomain,0.0,0,0,19,1,1,0,16,208,13.0,False,3.068122744408611,0.8509615384615384,0.9389880952380952
QmSuWMojHHPubifiUQ3djGJi6ieQogeatZjvCPH8C61rzM,Sweet Solitude,NA,Sweet Solitude,Misc Traditional,NA,folk,NA,publicdomain,0.0,0,0,3,0,3,0-0-0,26,238,9.153846153846152,False,2.495158175822125,1.0,0.9418859649122808
QmeCoMWTmmieWiZPczzwvD1WyoA8anDUVmYHJ5ThADfJoy,SWEET STORY (Gifford) - Philip A. Gifford,NA,SWEET STORY (Gifford),Philip A. Gifford,NA,classical,NA,publicdomain,0.0,0,0,4,1,1,0,18,334,18.55555555555556,False,2.7019321079630085,0.9728915662650602,0.96
QmSEem55pjWL5cwSm9hFhmk6kCe7sHen9KBB5SrJDLWzQA,Sweet Susan. JaW.188,NA,Sweet Susan. JaW.188,Misc tunes,A Song Tune May The 9th 1835,NA,NA,publicdomain,0.0,0,0,2,1,1,0,32,130,4.0625,False,2.681618637980576,1.0,0.9275793650793652
QmS1vb8aLqcaYQ8V3bBPFq8f5yjhnZn75BE1BG3rV12R7w,Sweet the moments rich in blessing (Hull) - Asa Hull,NA,Sweet the moments rich in blessing (Hull),Asa Hull,NA,classical,NA,publicdomain,0.0,0,0,12,1,1,0,20,231,11.55,False,2.538785841151132,1.0,0.8541666666666666
QmU118Tadx4bQDiUMUHFByYMDuxgZtTLP37nHvXFqxZ4hx,Sweet the moments rich in blessing (Showalter) - A. J. Showalter,NA,Sweet the moments rich in blessing (Showalter),A. J. Showalter,NA,classical,NA,publicdomain,0.0,0,0,15,2,1,0,16,256,16.0,True,2.5235079389861528,0.99609375,0.9505208333333334
QmaWVbGH1Q4KyP7rF8UqtJNhGDcp3VabQpMPqCuPFtaLPY,Sweet the moments rich in blessing - F. E. Belden,NA,Sweet the moments rich in blessing,F. E. Belden,NA,classical,NA,publicdomain,0.0,0,0,13,1,1,0,8,141,17.625,False,2.6384443975416265,0.9858156028368794,0.953125
QmUo8JHArZsBcSbAvew7Q2X2Q6BfdEpa1gCm8pG2Usri21,Sweet thought my God! that on the palms - J. E. Gould,NA,Sweet thought my God! that on the palms,J. E. Gould,NA,classical,NA,publicdomain,0.0,0,0,4,1,1,0,10,111,11.1,False,2.7303027801421407,0.972972972972973,0.9305555555555556
QmT5rx7qRFuGskMLcKgjYpAs43DppwirYNqgfc3h6dsY3T,Sweet voices are calling thy soul away - Chas. H. Gabriel,NA,Sweet voices are calling thy soul away,Chas. H. Gabriel,NA,classical,NA,publicdomain,0.0,0,0,2,1,1,0,19,278,14.63157894736842,False,2.5768082338808385,0.9856115107913668,0.9401041666666666
QmVZwpzCuTGwNJ5ztWLM6mhcuggF5MwVCF7nFwuNKaYrvY,Sweet Water,D\wr Gl\an,Sweet Water,Misc tunes,NA,NA,NA,publicdomain,0.0,0,0,2,1,1,0,54,276,5.111111111111111,False,2.662394491988208,0.9710144927536232,0.955
QmY42jHLkjPq7PQxWXNDNymWQ1sqjVwCFwAw2vfwJJbVn2,Sweet William,Four and Twenty Jolly Sailors,Sweet William,Misc tunes,NA,NA,NA,publicdomain,0.0,0,0,2,1,1,0,8,38,4.75,True,2.4038783333916527,1.0,0.9678030303030304
QmQknH68kZ6YmxGbJy8wUae9k1CMzi13PYA69ve9eRVhXD,Sweetbread Sally,Longways for as many as will.,Sweetbread Sally,Misc tunes,NA,NA,NA,publicdomain,0.0,0,0,3,1,1,0,14,52,3.7142857142857135,False,2.885564280452401,0.9615384615384616,0.9635416666666666
QmP8UNe6opD8q2eSDU5JSTCgW9yyMLyeosJNiwPzaGyte1,Sweetest Lassie. HSJJ.154,NA,Sweetest Lassie. HSJJ.154,Misc tunes,NA,NA,NA,publicdomain,0.0,0,0,1,1,1,0,32,158,4.9375,False,2.5739511419652885,1.0,0.91015625
Qma7qDoM7KweQXhmRt4MKNdyRBnEekfJvaN8QGt4YoA5wH,SWEETEST MAY,NA,SWEETEST MAY,Misc tunes,NA,NA,NA,publicdomain,0.0,0,0,1,1,1,0,8,47,5.875,True,2.610618369046047,1.0,0.8472222222222222
Qme9HiysUWgEdp4ZoJLLwKPb8tf55ryZdFd2kG6SUGmmEi,Sweetest name in the realms - W. H. Doane,NA,Sweetest name in the realms,W. H. Doane,NA,classical,NA,publicdomain,0.0,0,0,8,1,1,0,16,258,16.125,True,2.444509244239245,1.0,0.9375
QmTnP5oRfBvX87jWuG2X5uvLv5P7upPNAWT2cpZ4nSgPLW,Sweetest songs now are lifting to the God above - Grant Colfax Tullar,NA,Sweetest songs now are lifting to the God above,Grant Colfax Tullar,NA,classical,NA,publicdomain,0.0,0,0,3,1,1,0,24,330,13.75,True,3.056747263106548,0.9090909090909092,0.9538043478260868
QmWjVFy7cUKwmrgENuoeMPbDMQtiMezBxrTjmcnvtybRFk,Sweetest When Naked. JJo1.079,NA,Sweetest When Naked. JJo1.079,Misc tunes,NA,NA,NA,publicdomain,0.0,0,0,2,1,1,0,43,166,3.86046511627907,False,2.6227659803752883,1.0,0.9770833333333332
Qmcn3s4TVcWBkb9t9YbKeY7m8jEtF1xmE7MuJBEKyft8Zg,Sweetest When Naked. WCD3/6.029,NA,Sweetest When Naked. WCD3/6.029,Misc tunes,NA,NA,NA,publicdomain,0.0,0,0,6,1,1,0,33,134,4.0606060606060606,False,2.624400777600502,1.0,0.97265625
Qmd9dgpiTKLZPp9xJNUvGxq9a8RW9gh8abZfTsbzKEG9zZ,Sweetest word of Jesus - Frederick N. Shackley,NA,Sweetest word of Jesus,Frederick N. Shackley,NA,classical,NA,publicdomain,0.0,0,0,4,2,1,0,34,402,11.823529411764708,True,2.717789022102446,0.972636815920398,0.9333333333333332
QmbVdHaWoWoaH3r8BJCF35w2wcv1cT19syfc394FvZJrxi,Sweetly chime loudly chime - Geo. C. Hugg,NA,Sweetly chime loudly chime,Geo. C. Hugg,NA,classical,NA,publicdomain,0.0,0,0,5,1,1,0,27,633,23.444444444444443,True,2.683674099256693,1.0,0.9614197530864198
QmbMYsEj8XuyUzdbCJfAz14qXt16ALGw9Wqf1AHJK63rtR,Sweetly now are angels singing - Wm. J. Kirkpatrick,NA,Sweetly now are angels singing,William J. Kirkpatrick,NA,classical,NA,publicdomain,0.0,0,0,3,1,1,0,27,303,11.22222222222222,False,2.4704727024602327,0.9966996699669968,0.9383680555555556
QmXkSkqWy2CpsniMpnAZ7BsUasANTvZpHc23SCzZLM9v4m,Sweetly sing the love of Jesus (Howard) - Wharton Howard,NA,Sweetly sing the love of Jesus (Howard),Wharton Howard,NA,classical,NA,publicdomain,0.0,0,0,2,1,1,0,16,230,14.375,True,2.669392765632042,0.9782608695652174,0.9097222222222222
QmX6JLq8wXy1gYzwoFbErZe7Se83mZknorBxBrqebcD2uL,Sweetly singing offerings bringing - Ira B. Wilson,NA,Sweetly singing offerings bringing,Ira B. Wilson,NA,classical,NA,publicdomain,0.0,0,0,2,1,1,0,16,148,9.25,True,2.762079583390016,0.9864864864864864,0.9791666666666666
QmbrMbf7DiKLGMUrqJ9nRXYjkhRtDLBkjti31o3oAGHoTo,Sweetly sings the donkey,G major version,Sweetly sings the donkey,Misc tunes,anon.,NA,NA,publicdomain,0.0,0,0,1,1,1,0,16,44,2.75,False,2.430832051224084,1.0,0.9505208333333334
QmYtyRUg2mP25zxt2AaW3XSAxxf8k73bjTmYH4ZKvpgkRE,Sweetly the Savior - Florence W. Williams,NA,Sweetly the Savior,Florence W. Williams,NA,classical,NA,publicdomain,0.0,0,0,3,1,1,0,16,140,8.75,True,2.717161412751243,0.9857142857142858,0.975
QmNiEXuSKvh39RxThiUkyLdjRu9r7UZk3Z3xd5YqQfsHYL,Sweetness When She's Smiling(?) HA.172,Sweetness When She's Nakedaka. HA.172,Sweetness When She's Smiling(?) HA.172,Misc tunes,NA,NA,NA,publicdomain,0.0,0,0,2,1,1,0,24,184,7.666666666666667,False,2.5384103159802227,1.0,0.9236111111111112
QmWDZEap3KUCoLRLTYRYpSTm7ZA36bMEvkYg71XcGnnSSv,Sweets for my sweet,NA,NA,NA,The Seachers,NA,NA,cc-zero,0.0,0,3,157,0,3,0-0-0,20,495,24.75,True,2.681413040521177,1.0,0.9561011904761904
QmdD7BCxoBAzLS3VAJWDBqeA1PEvpRqtjZ3kxPtvmvPguk,Sweets of May,8x24J,Sweets of May,Misc tunes,NA,NA,NA,publicdomain,0.0,0,0,10,1,1,0,192,800,4.166666666666667,False,2.983574804106447,0.9175,0.9137529137529138
QmQkd7dGnSghd5bbNrsRyJUVkVYs3jZcAehV6eUHQW4xWq,Swell the chorus glad and sweet - Vivian Jones,NA,Swell the chorus glad and sweet,Vivian Jones,NA,classical,NA,publicdomain,0.0,0,0,10,2,1,0,28,484,17.285714285714285,True,2.886640064981161,0.9710743801652892,0.9776234567901234
Qmd8F4AzBtFitweAhRPHyGeJt2aRj8dhNbftLfGoGZxcbo,Swell with heart and voice the song - L. E. Jones,NA,Swell with heart and voice the song,L. E. Jones,NA,classical,NA,publicdomain,0.0,0,0,4,2,1,0,18,387,21.5,False,2.4348671145793985,0.9948320413436692,0.9309895833333334
QmPJbvpd8d6hg5au9E2ehu86t8LA15s2UtYoDu8iVgkPQ3,Swift from the Covert,NA,Swift from the Covert,Misc tunes,NA,NA,NA,publicdomain,0.0,0,0,3,1,1,0,18,84,4.666666666666667,False,2.613749129998028,0.9285714285714286,0.9375
QmWkLgDDgikLozrCdX8JqwETN9AgG1BQcaU5hX7pNVFaKy,Swift from the Covert (air) 0112,NA,Swift from the Covert,Misc tunes,Unattributedcon spirito,NA,NA,publicdomain,0.0,0,0,8,1,1,0,18,84,4.666666666666667,False,2.636369779163386,0.9166666666666666,0.9375
Qmb2fTHg7hRKot5Gj85ry3to3G6NZvSRGPBArUFwQUUnkF,Swifter than bird in the flight - Howard E. Smith,NA,Swifter than bird in the flight,Howard E. Smith,NA,classical,NA,publicdomain,0.0,0,0,4,2,1,0,24,407,16.958333333333332,True,2.9385973252534896,0.9484029484029484,0.939484126984127
QmQfeGGQjeVigmuLeGcCeX8BGULTZddXu6gDqMFB4BYKzk,Swiftly,NA,NA,NA,NA,NA,compositionpractice,publicdomain,0.0,0,0,106,1,1,0,128,114,0.890625,False,2.6922536752710124,0.9734513274336284,0.8854166666666666
QmdexHK9J5Q2Ly6ASgWmy2eVwhV6UadxWPd7P8cgVtbUQN,Swiftly so swiftly the years roll along - Jno. R. Sweney,NA,Swiftly so swiftly the years roll along,John R. Sweney,NA,classical,NA,publicdomain,0.0,0,0,3,1,1,0,16,316,19.75,True,2.710042669114846,0.9873417721518988,0.9409722222222222
QmWRaB1KR8bRZWeQPZzAZUNgydftyZVFojNFZDni2XHiV2,Swines Tale to Georgia,NA,Swines Tale to Georgia,Misc tunes,NA,NA,NA,publicdomain,0.0,0,0,0,0,2,0-0,48,326,6.791666666666667,False,2.6730950964909987,1.0,0.9652777777777778
QmQ5dWw7twYJnzmdiZnQypcoVP4ePmnA8seoHapoWomPoy,Swines Tale to Georgia. JJo2.134,Sow's Tail to Geordieaka. JJo2.134,Swines Tale to Georgia. JJo2.134,Misc tunes,NA,NA,NA,publicdomain,0.0,0,0,1,1,1,0,24,100,4.166666666666667,False,2.6256791203517844,1.0,0.9600694444444444
QmcFnvpUsANLTaA5dVA3Lcmr2bqmNosSS2pGPP83hD7J14,Swing back for one moment fair portals - F. A. Blackmer,NA,Swing back for one moment fair portals,F. A. Blackmer,NA,classical,NA,publicdomain,0.0,0,0,10,2,1,0,20,256,12.8,False,2.566493942538801,1.0,0.9192708333333334
QmYQWCDmEByX62y2YpVoPGTqjDfJh1m6Z8hWC5oxicRgUx,swing love,NA,NA,NA,NA,NA,NA,cc-zero,0.0,0,0,6,0,1,0,16,269,16.8125,False,2.648772191818941,1.0,0.8162878787878788
QmbZaNDzKXjgR2Q5dZ7LnwKMZPcSqAQcoefjjLU9sTYS7M,Swing Low Sweet Chariot,NA,NA,NA,NA,NA,fluffypanda,cc-zero,0.0,0,2,136,0,2,0-0,24,190,7.916666666666667,False,2.490414907185394,0.9891304347826086,0.9338768115942028
QmZShurZ23dNAD1f91FcyLucKEStPoktKJQuXkKb2bZfjP,Swirl [Transcription],Original by Waterflame,Swirl!,Waterflame,Transcribed by Matthew McDermand,electronic,swirl-piano,cc-zero,4.74,5,14,724,2,1,0,153,2298,15.019607843137257,False,2.7029623014622803,0.8372497824194952,0.9668259023354564
QmQkn4b793PMaQb2mWQkSUUNex6mU5sxBPnzNwGSojQNVu,SWISS GUARDS' MARCH,NA,SWISS GUARDS' MARCH,Misc tunes,NA,NA,NA,publicdomain,0.0,0,0,0,0,3,0-0-0,34,456,13.411764705882351,False,2.662787496894806,0.9954545454545456,0.9428763440860216
QmQpYRX3RR9sbXXDRJP167cMyMEwKD1xzAomDcQBepG6ax,SWISS WALTZ,NA,SWISS WALTZ,Misc tunes,NA,NA,NA,publicdomain,0.0,0,0,1,0,3,0-0-0,36,348,9.666666666666666,False,2.421094683789267,1.0,0.8246527777777778
QmWpTeptpxfMph786jmh79NZc72RQoeyM4ehK8gghBE5Rw,Switch,NA,Switch,cneal1,NA,NA,NA,cc-zero,0.0,0,0,1,0,1,0,33,372,11.272727272727272,False,3.2221561520805926,0.8831521739130435,0.8205128205128205
QmfP19AEYgP8YjEbYnHvPmVjBUgHj4w5GPEkSwDCjVM1ZG,SWITZER SONG OF HOME,NA,SWITZER SONG OF HOME,Misc tunes,NA,NA,NA,publicdomain,0.0,0,0,1,0,2,0-0,20,180,9.0,False,2.5038419583475684,1.0,0.9089912280701754
QmPPNLEAafxwjpwcTsQGNhr5LRn3VSmNj64AYAXYat39KL,Sword DanceThe. (p)1702.PLFD.499,NA,The Sword Dance. (p)1702.PLFD1.499,Misc tunes,NA,NA,NA,publicdomain,0.0,0,0,10,1,1,0,20,64,3.2,False,2.3009256611773563,1.0,0.9752604166666666
QmVz7e3aGnxkz9XxHk6MBCmATitX4Nbpn9QCHZoVgJ9P9h,Swordland [Theister's Arr.],NA,NA,NA,Arr. : Theister Comp. : Yuki Kajiura,NA,NA,cc-zero,4.85,4,20,498,2,1,0,97,1776,18.309278350515463,False,3.5355399631242284,0.6497747747747747,0.964605734767025
QmYg7RNTfV446XL41zXssirBo3Na1y9wPm4MF3rg7B3svr,Swung triplet grid,NA,Swung triplet grid,Aleksq7,NA,NA,NA,cc-zero,0.0,0,2,12,0,1,0,13,147,11.307692307692308,False,1.5033679784772929,1.0,0.9951923076923076
QmVErnDMBZN2CqHFF9KnwPAeDJjyxB2LRUNeSprHcM6Fqg,Syeeda's Song Flute,from Giant Steps by John Coltrane 1960,NA,NA,NA,NA,syeedassongflute-jazz-leadsheet-johncoltrane,cc-zero,4.33,3,6,711,1,1,0,53,160,3.018867924528302,False,2.938270338504501,0.79375,0.952437106918239
QmNb8xfEZKRY67T5tgZxhtWzVHqSeYxrA6TuocUzy8obdv,Sylacauga,NA,Sylacauga,brindle,NA,NA,NA,cc-zero,0.0,0,1,55,2,1,0,39,570,14.615384615384617,False,3.015034631175672,0.9228070175438596,0.9380482456140352
QmVx2JoK2U2MXemgwFMj8NZYgQmQe9hoXmYLyVAKotPx5X,Symphnie No.1 mahler,NA,Symphony No.1,Gustav Mahler,G.Mahler,classical,mahlerno-mahler-symphony-symphonyno,cc-zero,0.0,0,3,108,0,2,0-0,552,7170,12.98913043478261,False,3.063551421632093,0.9151131824234354,0.8697102864583334
QmNf1UDHGgiYMTtbijpsSKc515ouQrN37m6CGhXVpNtsFb,Symphonic Theme,NA,Symphonic Metamorphosis of Themes by Carl Maria von Weber,Paul Hindemith,Composer,NA,NA,cc-zero,0.0,0,0,216,0,1,0,140,245,1.75,False,3.019541415164792,0.8285714285714286,0.9583333333333334
QmXHSATmXiVt27RVW3q2WTKXUUL3vbUQDXFu93BiX4wECV,Symphonie N3,NA,Symphonie N3,youtannvissal,Nathan,NA,NA,cc-zero,0.0,0,0,3,0,1,0,33,81,2.4545454545454546,False,2.8661382828724458,0.95,0.8072916666666666
QmQNy5cS4Fb8zPr6d87mwTKnygCPLaC4D8ZBWa9HygcSmj,Symphony 29 K.201 (piano),Trascrizione per pianoforte,Symphony 29 K.201 (piano),Dragonx YT,Yuri Testa,NA,mozartsymphony-mozart-k,cc-zero,0.0,0,3,62,2,1,0,280,3355,11.982142857142858,False,2.975958851674531,0.9262078093977498,0.96875
QmbWaFotuKP3mi3hY4v1bVJa8CnCtHhsptpTK3oL2vBDoU,Symphony No. 2: Adagio ma non troppo (Carl Maria von Weber),NA,Symphony No. 2 J. 51,Carl Maria von Weber,Carl Maria von WeberJ. 51Transcription by: Hazim Azlan,classical,symphony-transcription-piano-fmajor-dbmajor-adagio-weber,cc-zero,0.0,0,3,133,2,1,0,59,1602,27.15254237288136,False,3.4057721543402866,0.7353497164461248,0.8771929824561404
Qmb3TdvE21azQCaKve5SGrA5zVr8aXS9Mynhz8f1R1bbWd,Symphony No. 5 Beethoven Easy Piano,Easy Piano,Symphony No.5 Op.67,Ludwig van Beethoven,L. van Beethoven Op. 67.,classical,beethoven-simphony-sinfonia-easypiano,cc-zero,4.78,569,1017,19549,1,1,0,56,232,4.142857142857143,False,2.795898861424459,0.9047619047619048,0.956845238095238
QmeYY9w3QSTS9m4VBZDhjbLY886HrswXhvAcZ5nsmxvJxs,Symphony No. 9 From the New World I,NA,Symphony No.9 Op.95,Antonín DvoÅák,Antonín DvoÅák Op. 95,classical,NA,cc-zero,0.0,0,3,178,0,2,0-0,109,2015,18.486238532110093,False,3.178630876091671,0.8641722193746797,0.8327294685990339
QmPjdSC4zaztWCtWEu1JYWhoWKwZCnrfJydqFkiWEhsYTe,Symphony No.1,NA,NA,NA,Composer,NA,santochan,cc-zero,0.0,0,0,7,1,1,0,32,163,5.09375,False,3.366072902613117,0.7239263803680982,0.8697916666666666
QmU6re1UeyZdkUTXvcc5DLAbx3G4dewA5Yz2Cx3cwE6cws,Symphony No.3.Eroica (L.v.Beethoven.Op.55.- F.Liszt),Eroica.,Symphony No.3 Op.55,Ludwig van Beethoven,L.v.Beethoven Op.55.Bearbeitung von Franz Liszt.,classical,beethoven-symphony-eroica,cc-zero,4.95,18,10,600,3,1,0,2659,44016,16.55359157578037,False,3.2341738192449254,0.8709611867506605,0.8480631510416666
QmcZbTpqEArMeAWTGVN7amy6dWfB89bJfV1UrEpd7dQLdV,Symphony No.4 (P.Tchaikovsky. Op.36. - O.Singer),NA,Symphony No.4 Op.36,Pyotr Ilyich Tchaikovsky,P.Tschaikowsky.Op.36.Bearbeitung von Otto Singer.,classical,symphony-tchaikovsky,cc-zero,4.85,11,15,703,3,1,0,1452,31349,21.59022038567493,False,3.52938809429805,0.6641640196361536,0.6840006510416667
QmTPcmCBLJxXrMxxgWchqncVWiX7GTyt252zqk6rs9w6ZL,Symphony No.5. (L.v.Beethoven.Op.67.- F.Liszt),Dem Fürsten von Lobkowitz und dem Grafen Rasumoffsky Gewidmet.,Symphony No.5 Op.67,Ludwig van Beethoven,L.van.BeethovenOp.67.Bearbeitung von Franz Liszt.,classical,beethoven-symphony,cc-zero,4.85,4,17,255,3,1,0,1802,29101,16.14927857935627,False,3.351481694583326,0.8133365200764818,0.8846028645833334
QmVG1JH1ovhVodKVVRXCK9KqMpHjJmSa7CBT97ve8K2ZuQ,Symphony No.8. (L.v.Beethoven.Op.93.- F.Liszt),NA,Symphony No.8 Op.93,Ludwig van Beethoven,L.v.Beethoven. Op.93.Bearbeitung von Franz Liszt.,classical,beethoven-symphony,cc-zero,4.89,7,6,211,0,2,0-0,2254,46579,20.665039929015084,False,3.239529994744198,0.856440511307768,0.7535807291666666
QmW8MbAEGHVQmLCj6DmYdDEjPb7dHpYQX1d45v4rM1MUtv,Symphony of Destruction,Piano solo,symphony of destruction,Megadeth,Megadeth Arr: Anders Thue,metal,NA,cc-zero,4.7,27,123,3926,2,1,0,134,2413,18.007462686567163,False,2.7203949968623364,0.9382255389718076,0.8432418699186992
QmcUum2qCoemGtnVdFyeqGMB4W6wingx3p8JSa9pJjN2b6,Syncopated Improvisations,NA,Syncopated Improvisations,JonCooomposer,Williams,NA,rag-ragtime-classical-improv-improvision-jazz-good-nice-catchy-syncopated-intermezzo-scott-joplin-piano,cc-zero,0.0,0,0,108,2,1,0,76,1190,15.657894736842104,False,3.2723892551433016,0.8301093355761143,0.8755630630630631
QmNgwJXvh8TrwwSWiwE1ATTk2wCUy92vL6Ft377U3AUuV1,Syncopation (1),from Mikrokosmos 1,Mikrokosmos Sz.107,Béla Bartók,Bartók Béla Sz. 107,classical,bartok-bela-mikrokosmos-no,cc-zero,0.0,0,3,75,0,3,0-0-0,14,66,4.714285714285714,False,2.3513406222894577,1.0,0.9583333333333334
QmTKM53MJvzpjJpZ1Wkh3VLn5aG3rADpTKJmyqxFC3yBH3,Syncopation-Combined,NA,Syncopation-Combined,borbatar,NA,NA,NA,cc-zero,0.0,0,0,3213,1,1,0,1,14,14.0,False,1.5744174271404583,1.0,0.8333333333333334
QmNrAcQBLWoFRF7X2KSQFoedbY4MuSwdCLHkuAXkfXMohE,Syncopella Holiday '18,Arranged by Pentatonix,NA,NA,Loenard Cohen Notated by MusicHaven Productions,NA,NA,publicdomain,0.0,0,8,421,0,5,0-0-0-0-0,130,1528,11.753846153846156,True,2.755905050401989,0.9913448735019972,0.9530092592592592
QmZmeWaxchrRbsSUnPkz2fJqgVPg4WU2agHTm1GFThpwuf,Synth part,NA,Synth part,Timidminds,NA,NA,NA,cc-zero,0.0,0,0,24,2,1,0,42,725,17.261904761904763,False,2.77191451225897,0.973793103448276,0.9375
QmVZCY91ZF2rce1d3pCjPU7m8metboieTj4iHmkiVKdZhC,Syphonie n3,NA,Syphonie n3,youtannvissal,Nathan,NA,NA,cc-zero,0.0,0,0,2,0,1,0,13,93,7.153846153846154,False,2.8739090458043672,0.9565217391304348,0.78125
QmaV6DRVWuLzvfDpiMpiVrM1aCK32oqLtJzPFYmNBJ3nzY,Syracuse,Paroles: Bernard Dimey - Musique: Henri Salvador Harmonisation: Jean-Paul Finck,syracuse,Henri Salvador,NA,pop-soundtrack,NA,cc-zero,4.49,3,2,202,0,5,1-1-1-1-1,34,708,20.823529411764707,True,3.052359249849016,0.9440353460972016,0.8670343137254902
QmaiMSqsGygro3KotGo7NTLjezgWxx6aVmFE3cfbiVY332,Syria,NA,Syrian Air,Misc Traditional,NA,folk,NA,publicdomain,0.0,0,1,24,1,1,0,17,152,8.941176470588236,False,2.758402003970624,0.9539473684210528,0.9713541666666666
QmVkcMRLSS2VbAoqAMxvi9osie73wiCVZ7gWwjoqCeeP14,Szanuj starszych,NA,NA,NA,K. Niemczyk,NA,muzykawiecka-muzykawokalna-polskamuzykaw-wroclawuniversitylibrary-publicdomain-digitallibrary-polish,cc-zero,0.0,0,0,47,1,1,0,8,37,4.625,True,2.506159763014684,0.945945945945946,0.9732142857142856
QmfRXxH1Z1L7MHnZLpWN3eReBgVTGmJCPKgh1Sb1tjfyqM,Szentélek jöjj,NA,NA,NA,NA,NA,NA,publicdomain,0.0,0,0,18,0,1,0,16,54,3.375,True,2.5237904818737253,1.0,0.9458333333333332
QmV1uEL5nFY2KcXefv9dUAgQvCSzsRe9HownpaQ47o7nki,Szomorú vasárnap,NA,gloomy sunday,Rezso Seress,Seress RezsÅ,NA,NA,cc-zero,4.79,16,50,6657,1,1,0,21,85,4.047619047619048,True,2.3977260560719893,1.0,0.8819444444444444
QmYnovDAQcXj8NUgzTDYATdza5HB5x3NMfPpVtHcmXfmaa,Száz forintnak ötven a fele,NA,NA,NA,NA,NA,NA,publicdomain,0.0,0,9,284,1,1,0,8,36,4.5,True,2.4346404372080213,1.0,0.9479166666666666
Qmcfs2fzRvv8j1PWjRWs3bJkUDWd2oVQV7WJ1tMs71bn51,Szél viszi messze,NA,NA,NA,NA,NA,NA,publicdomain,0.0,0,7,681,1,1,0,32,73,2.28125,True,2.880017828811664,0.9041095890410958,0.9231770833333334
QmdZMSzM7AHBeajVxDF7KuHntJJtgHfJRZVaWtspUFrgVj,Sára Buidhe,Yellow Sara,Sára Buidhe,Misc tunes,NA,NA,NA,publicdomain,0.0,0,0,1,1,1,0,16,72,4.5,False,2.643084413493644,1.0,0.8958333333333334
QmZkcQxPFbXU55WNNHg6riePnJfGBBmiBCC4f4XMDBAV5n,Sárgul már a kukoricaszár,NA,NA,NA,NA,NA,NA,publicdomain,0.0,0,3,278,1,1,0,16,83,5.1875,True,2.736812201327262,0.9879518072289156,0.9296875
QmSZ9zZDwLx6z8vivUhRXBiaFLhARRH4CJ7k3JYqDyqi4f,São Paulo,NA,são paulo,Vincent Mango,Vincent Mango,NA,vincentmango,cc-zero,0.0,0,0,18,0,1,0,53,801,15.11320754716981,False,2.218449632027786,0.8439450686641697,0.935
QmUCxFTusSTtoBUJKchsEUGRHxgddPWXiMrmBJGKbdGqD7,Säkkijärven polkka,NA,Säkkijärven polkka,Misc Traditional,kansansävelmä,folk,finland-polka,cc-zero,4.86,128,148,8192,1,1,0,96,1056,11.0,False,3.029414316539697,0.8863636363636364,0.9029255319148936
QmQZbMKv7Hph337t4RR1992doqT2og5HYov8b3fgaYR35o,Säkkijärven Polkka,NA,Säkkijärven polkka,Misc Traditional,NA,folk,NA,publicdomain,0.0,0,2,47,1,1,0,69,357,5.173913043478261,False,2.778201917098122,0.9215686274509804,0.9508463541666666
QmTfDoHue8Z3M2LqqsUT9nk9pdF5U5TtbrG9V7GJVauFuJ,Säkkijärven Polkka,NA,Säkkijärven polkka,Misc Traditional,NA,folk,NA,publicdomain,0.0,0,1,106,1,1,0,152,905,5.953947368421052,False,3.1569158118975307,0.8662983425414365,0.9065241228070176
Qmb5QevqcwX1BYiWmArgjVDDq3HCt1twVg9mevdeqmpQrN,Säkkjärven Polkka (Piano) v2020,Finnish-Karelian polka,Säkkijärven polkka,Misc Traditional,arr. by b3cquerel,folk,NA,cc-zero,4.83,3,14,373,2,1,0,98,1393,14.214285714285714,False,2.72898363422649,0.8326149425287356,0.8962962962962963
QmUPfsTqMFfZpAtnkLwsae6r64bVBL6oDXXhv4H3uC1xcm,Sì dolc'è d'amar voi - Alessandro Striggio,NA,Sì dolc'è d'amar voi,Alessandro Striggio,NA,classical,NA,publicdomain,0.0,0,0,2,0,5,0-0-0-0-0,49,800,16.3265306122449,False,2.7754207373900868,0.9924906132665832,0.9766156462585034
QmYJScF8BEcyJThcHQLsHorDCVCyc2jQFB9fjUHUWmEVkq,Sînemde Bir Tutu?mu?...,NA,Sînemde Bir Tutu?mu?...,Misc tunes,?,NA,NA,publicdomain,0.0,0,0,19,1,1,0,96,806,8.395833333333334,True,2.7757575924142146,1.0,0.9166666666666666
QmbmC9BRdBLb6XUbyf5TqSy1P1oYdNDYTJoSpd4nXByPMD,Só Danço Samba,NA,so danco samba,Antônio Carlos Jobim,Antonio Carlos Jobim,worldmusic,tomjobim,publicdomain,4.72,47,52,3788,1,1,0,42,151,3.595238095238096,True,2.393119540412564,0.9735099337748344,0.8832070707070707
QmdoYJb9vAqPPcKK96HPwu5vw3kWbfyiRER6fRKRv9FFRo,Süßer die Glocken nie klingen,NA,süßer die glocken nie klingen,Misc Christmas,NA,soundtrack,NA,publicdomain,0.0,0,11,1248,1,1,0,16,220,13.75,False,2.74771305534795,0.9818181818181818,0.9526515151515152
QmVgemE1mW9C9qQGv8wo5QG3pLecAKeVmBAv7QCv6wGfcD,T Baines - Celebrated Set Of Quadrilles No.3. Le4.038,NA,Celebrated Set Of Quadrilles No.3. Le4.038,T Baines,T Baines,classical,NA,publicdomain,0.0,0,0,3,1,1,0,27,119,4.407407407407407,False,2.7710174998584423,0.9831932773109244,0.9444444444444444
QmZyUEESUGDxtVbmdTs55TYzLZ3HR3pS25p3mMS6rHUwFo,T H Bayley Esq - I'd be a Butterfly. CJF.034,No. 2. CJF.034,I'd be a Butterfly. CJF.034,T H Bayley Esq,T H Bayley Esq.,classical,NA,publicdomain,0.0,0,0,1,1,1,0,24,106,4.416666666666667,False,2.9316124878132714,0.9150943396226416,0.8819444444444444
Qmd7pe4rNAdXkXcRTk9qHuVsrp1vZtiKfaYt67iydvo4sB,T' akornteon - Manos Loizos (Τ' ακορντεÏν - ΜÎνος ΛοÎζος),Αrranged by Savvas,T' akornteon,Manos Loizos,ΜÎνος ΛοÏζος,NA,greek,cc-zero,4.93,13,33,2038,1,1,0,45,437,9.71111111111111,False,2.588115559567398,1.0,0.9872159090909092
QmdGFYVUUUdieCAeT7PGWUUye7Y9nt11cwU2qTvEVfsQPK,T'khies ha-Meysim,(Resurrection of the Dead),T'khies ha-Meysim,Misc tunes,NA,NA,NA,publicdomain,0.0,0,0,5,1,1,0,16,104,6.5,False,2.3304704819306536,0.9230769230769232,0.94921875
QmRZmizdvVkSH4fYZMkU6YZ9ckzZHANLtQAXj57cg2GMPQ,t-Ord Gallach An,Ord of Caithness The,t-Ord Gallach An,Misc tunes,NA,NA,NA,publicdomain,0.0,0,0,2,1,1,0,20,126,6.3,False,2.210655861526653,1.0,0.9479166666666666
QmdNKaaFYEBEHZniE8yqucd1w9jC9bhdxXi3hixJKzNwLw,T.P.Feahan's Favorite,NA,T.P.Feahan's Favorite,Misc tunes,NA,NA,NA,publicdomain,0.0,0,0,1,1,1,0,19,152,8.0,False,2.370128357849924,1.0,0.9279513888888888
QmQF9nP3Ji4HzXyiM1Z5txhbY7mPew9J9DScEhkxmqC47T,T039- Rattle the Bottles,NA,Rattle the Bottles,Misc Traditional,NA,folk,NA,publicdomain,0.0,0,0,4,1,1,0,36,192,5.333333333333333,False,2.725046756341708,1.0,0.9401041666666666
QmPQK9hRfQNDonvhTF2d17C21GWKeTQa3CM3kPrrrUbUu5,T? A Gardd,NA,T? A Gardd,Misc tunes,NA,NA,NA,publicdomain,0.0,0,0,0,1,1,0,16,67,4.1875,False,2.512791282992978,1.0,0.9236111111111112
QmRtpSHbiTrZA8dSap1Yiov24u2ioLiouu1Vaywt1xVYn9,T? A Gardd,NA,T? A Gardd,Misc tunes,NA,NA,NA,publicdomain,0.0,0,0,1,1,1,0,40,188,4.7,False,2.5999099442545246,1.0,0.9248511904761904
QmUwWtUsoU7gyzQcUNrpfbR5h8QwmNJZp9f7NPB5ZdVSdy,T?b y Brenhin Siarles,King Charless Fancy,T?b y Brenhin Siarles,Misc tunes,NA,NA,NA,publicdomain,0.0,0,0,2,1,1,0,32,224,7.0,False,2.722944074829865,1.0,0.9231770833333334
QmQm9w6mMj2zidrP2VswhtoX57V6ZzMjpwY8XMMqJHS18M,Ta Dick Veg Er Yannoo Mie,NA,Ta Dick Veg Er Yannoo Mie,Misc tunes,NA,NA,NA,publicdomain,0.0,0,0,1,1,1,0,16,76,4.75,False,2.529115073079104,1.0,0.9357638888888888
QmYPW3zpdGXKAJbr7haeETjeBJhAoK2RusXurSgALHfi2r,Ta Skelp Auld Hornie Awa',NA,Ta Skelp Auld Hornie Awa',Misc tunes,NA,NA,NA,publicdomain,0.0,0,0,1,1,1,0,35,195,5.571428571428571,False,2.8222635731401424,0.958974358974359,0.9212239583333334
QmXuPYury4GDSYSTNBuuLxCQAxHqXqQ5QXZ9VrRbsMbY7w,Ta\imse Im' Chodhladh,I am sleeping,Ta\imse Im' Chodhladh,Misc tunes,NA,NA,NA,publicdomain,0.0,0,0,5,1,1,0,33,108,3.272727272727273,False,2.6385073074945486,1.0,0.9184027777777778
QmadhLEoVjVqv8kF3VsFhKjUPh7S9qQNg61WJRSMbEjcpy,Tabhair Dom Do La/mh,Give Me Your Hand,Tabhair Dom Do La/mh,Misc tunes,Rory Dall O'Cathain,NA,NA,publicdomain,0.0,0,0,16,1,1,0,28,177,6.321428571428571,False,2.529572883124403,0.9943502824858758,0.9337606837606838
QmZ7j2gKKeN4hLD4No9WEMRweu9yRm8aP9z7BugfgVuaKo,Tabhair Domh Do Lamh,Take My Hand,Tabhair Domh Do Lamh,Misc tunes,Ruairi Dall O'Cathain c. 1570-c.1650,NA,NA,publicdomain,0.0,0,0,4,1,1,0,113,348,3.079646017699115,False,2.421998525730647,0.9942528735632185,0.9434523809523808
QmPhgADjQsK1U31Ha4RQ7PfBVhpgmh3yMJ7JcGQRwtabHa,Tachanka (TÐÑÐÐ½ÐºÐ),ÐÐÑÐÐ½ÐºÐ,TÐÑÐÐ½ÐºÐ,Konstantin Listov,Konstantin Listov,classical,piano-russian-ussr-tachanka,cc-zero,4.89,15,40,2601,2,1,0,72,673,9.34722222222222,False,2.9318141129975057,0.9433681073025336,0.9559948979591836
QmXTBhfY7d4X77R4MGj2uupZDFztLAM75QSi7itjqThVT5,Tack a peep at Meggy's Tt. LW.013,Meggy's Footaka. LW.013,Tack a peep at Meggy's Tt. LW.013,Misc tunes,NA,NA,NA,publicdomain,0.0,0,0,1,1,1,0,40,190,4.75,False,2.3706275636082137,1.0,0.9739583333333334
QmeTTRHXhSaHLw7wZxy1b8TfQfBpsMoqNUU6WZtem8D6Yh,Taco Bell Canon,NA,Taco Bell Canon,Misc tunes,NA,NA,NA,publicdomain,0.0,0,1,135,1,1,0,16,16,1.0,False,2.5,1.0,0.9986979166666666
QmcQHTz5ZdxRS8Pd5VtiW1J213yyimyFbVrzLVUwCXfQym,Tady's Wattle (reel) 1416,NA,Tady's wattle,Misc tunes,after Mr. Dunphy,NA,NA,publicdomain,0.0,0,0,2,1,1,0,18,129,7.166666666666667,False,2.6716779657577416,1.0,0.954656862745098
QmcZ2ShWdquwY7n4SDD1GyXPqXmLh8gQARmUesLsLuadwh,Taffy & Mally. BF13.108,NA,Taffy & Mally. BF13.108,Misc tunes,In hand B,NA,NA,publicdomain,0.0,0,0,1,1,1,0,71,258,3.633802816901409,False,2.6533203427607304,1.0,0.9244791666666666
QmRS2LK92DzxKkF6ecGmoix38FAezqcuzyHR69hSXyBQtw,Taflwn yr Hosan,We Throw the Stocking,Taflwn Yr Hosan,Misc tunes,NA,NA,NA,publicdomain,0.0,0,0,6,1,1,0,20,171,8.55,False,2.660088232086331,1.0,0.9801136363636364
QmY8REY3w6XSWowXxwn166QwgxMCQWqxyrys6x6uWVLW6P,Tag Game Song,NA,NA,NA,NA,NA,tag-taunt-tagsong-tune-taggame-catchme-cachme-ifyoucan,cc-zero,0.0,0,2,145,0,2,0-1,53,898,16.943396226415093,False,2.608373963478676,1.0,0.8313008130081301
Qmc9UREPbSiQwHx9qGX9h48bgqWq46f1NKgwUQSQdfhZ3M,tag tag,NA,the agnis,hirumachan,NA,NA,NA,cc-zero,0.0,0,0,11,0,1,0,81,1769,21.839506172839503,False,3.1084909370644924,0.874496257915947,0.871031746031746
QmTsnQQsxqWxvZoCvWbq6cfCDKPYWS3YAFes1FmW1MaSSL,Tagtraeumerei,NA,Tagtraeumerei,GermanPrick,NA,NA,NA,cc-zero,0.0,0,0,30,1,1,0,84,736,8.761904761904763,False,2.984201251615296,0.9266304347826086,0.9871031746031746
QmNXw3Yq6jdUTPPUsT3nCwwby9QnaJ9jrgUYHQ9mnoi7i5,Taigeis agus dealg innte,Haggis The,Taigeis Agus Dealg Innte,Misc tunes,NA,NA,NA,publicdomain,0.0,0,0,6,1,1,0,19,131,6.894736842105263,False,2.6735132445709406,0.9770992366412212,0.9674479166666666
QmVsDyYhJ7d4zB4E6B2eRrhxXyYPWipXAW3DwnKJFzkuVt,TAILTDL1- Fiddle Faddle [Tail Toddle],NA,Fiddle Faddle,Misc tunes,NA,NA,NA,publicdomain,0.0,0,0,6,1,1,0,16,140,8.75,False,2.6915045467117373,1.0,0.93359375
QmYQHvD51myAMewYkpFy3wjvN74fDRxFhaKGkAAbrrXmLQ,Taim Gan Airggad (I Have No Money),NA,I Have No Money,Misc tunes,NA,NA,NA,publicdomain,0.0,0,0,9,1,1,0,17,112,6.588235294117647,False,2.3626212987236586,1.0,0.9505208333333334
Qmf6VHgyKN6rVaqPENfMtF8Y8xrGimnCq5gnhq4VnRds9Q,Tain't Nobody's Biz-ness If I Do,NA,NA,NA,Porter Grainger & Everett Robbins - 1922,NA,copyrightfreeoldjazz-creolejazz,cc-zero,0.0,0,1,125,0,1,0,48,144,3.0,True,2.737361649696392,0.9097222222222222,0.946808510638298
QmRbS6apMiyNbk9CCckeVhtf7oN3Ua18Dq2Kh23UGBJgAj,Taint Nothin Else But Jazz,NA,NA,NA,Maceo Pinkard - 1921,NA,copyrightfreeoldjazz-creolejazz,cc-zero,0.0,0,1,210,0,1,0,56,270,4.821428571428571,True,2.249776748454258,0.974074074074074,0.9223484848484848
QmPWefZKFKhFsuKga6gxD9SFRfv9b6WpMG8VRgvNmQCx4C,Tainted Love,NA,tainted love,Soft Cell,Soft Cell,rock-electronic,NA,cc-zero,4.66,3,31,3020,0,4,0-0-0-0,91,798,8.76923076923077,True,2.330729118887606,1.0,0.9793981481481482
QmWQmsCZH2Ux2RZx2DUH9GvCBvSNJNATWS4kcwTpi2tXz9,Taita - Sarah Geraldina Stock,NA,Taita,Sarah Geraldina Stock,NA,classical,NA,publicdomain,0.0,0,0,2,1,1,0,22,243,11.045454545454543,False,2.855339882995191,0.9547325102880658,0.9829545454545454
QmTk55xvfcJefTFftmvsSME3gjdcq2c5iD5AQRhsdDibVx,Taith i Ddenmarc,Trip to Denmark,Taith i Ddenmarc,Misc tunes,NA,NA,NA,publicdomain,0.0,0,0,1,1,1,0,45,230,5.111111111111111,False,2.578710857565871,0.991304347826087,0.9659722222222222
QmQ7Mty36EinCe5TXMRmZ5oNjz89HH6f6ZHUZJBzgZffjY,Taith i Surrey,A Trip to SurreyRachel Ty Cam,Taith i Surrey,Misc tunes,NA,NA,NA,publicdomain,0.0,0,0,2,1,1,0,45,210,4.666666666666667,False,2.498632640134523,0.9904761904761904,0.9548611111111112
QmVftiebPtvRkao9CaSLa4kYgwaDAqyVpXqyjEsyMmenAW,TAK YOUR AULD CLOAK ABOUT YE,NA,TAK YOUR AULD CLOAK ABOUT YE,Misc tunes,NA,NA,NA,publicdomain,0.0,0,0,2,1,1,0,18,71,3.9444444444444446,True,2.869238233347017,0.9577464788732394,0.8368055555555556
QmY9kSGsTFnUNEbD5S3ohLqk3aJZPMijDVoDro6enYYm4k,Take a Bow - Rhianna - Accompaniment,Accompaniment,take a bow,Rihanna,Rihanna,pop-rbfunksoul,NA,cc-zero,4.73,23,113,1091,1,1,0,76,744,9.789473684210526,False,2.736244041138723,0.9717741935483872,0.9577850877192984
QmQtCm5h93SQpB3Z5Y2drXEmZ3TnmXTVfC6M9wMyybMns7,Take a Dance / Bus Stop Reel,Take a Dance,The Bus Stop,Misc tunes,NA,NA,NA,publicdomain,0.0,0,0,11,1,1,0,32,138,4.3125,False,2.755311015590832,1.0,0.9184027777777778
QmSJpPnFNatgFM8rFqprjM5H7rw9CPw9s7hzunut1jxVcY,Take a Dance. THO2.014,Irish Footmanaka. THO2.014 TheIrish Billyaka. THO2.014,Take a Dance. THO2.014,Misc tunes,NA,NA,NA,publicdomain,0.0,0,0,7,1,1,0,32,138,4.3125,False,2.7570554231783206,1.0,0.9184027777777778
QmV1gvj9LCzmsThzu7qkBTrmSZmFfLuFgjgKURUDpnEcwp,Take A Message To Julie,NA,Take A Message To Julie,Misc tunes,NA,NA,NA,publicdomain,0.0,0,0,1,1,1,0,32,218,6.8125,False,2.6449164594383525,0.981651376146789,0.9771505376344086
QmVVNWzNRgCkB9QLnqXcjFswpiWrVgmB6wRi8imscpvA5g,Take A Message To Julie,NA,Take A Message To Julie,Misc tunes,NA,NA,NA,publicdomain,0.0,0,0,2,1,1,0,40,284,7.1,False,2.933266784560272,0.9225352112676056,0.9626068376068376
QmYPs5m7kjDaCs5TiFLJKcxjwyXhvosuy3hCChPfGNJrgX,Take a stand for Jesus - Thoro Harris,NA,Take a stand for Jesus,Thoro Harris,NA,classical,NA,publicdomain,0.0,0,0,8,2,1,0,32,366,11.4375,True,3.0905471959162987,0.9344262295081968,0.9348958333333334
QmX6SzmGcFiohqk4WTy7kHYr8V1V1oYo3rCTwTXfgN7W3o,Take Back The Virgin Page (air) 0593,NA,Take Back the Virgin Page.,Misc tunes,Unattributedgracefully,NA,NA,publicdomain,0.0,0,0,6,1,1,0,17,58,3.411764705882353,False,2.609303661772628,1.0,0.9270833333333334
QmUAee9v87aGopnvaHQyF51a3dRKHCWnAmqdQdw4kCHxPh,Take Back the Virgin Page.,NA,Take Back the Virgin Page.,Misc tunes,NA,NA,NA,publicdomain,0.0,0,0,4,1,1,0,16,51,3.1875,False,2.586024384942568,1.0,0.9147727272727272
QmUMWUs9eGBjT86UGUbSxPeeSPHRnnZmidAYjCr1d3Soix,Take courage temperance workers (Sankey) - Ira D. Sankey,NA,Take courage temperance workers (Sankey),Ira D. Sankey,NA,classical,NA,publicdomain,0.0,0,0,11,1,1,0,30,404,13.466666666666669,False,2.5962741854488787,0.9851485148514852,0.8878968253968254
QmZAwSx6zudbG8AMzVVPFnxtdZm6FfVsToVvHGCc5T6RCo,Take down the rusty sickle - Chas. H. Gabriel,NA,Take down the rusty sickle,Chas. H. Gabriel,NA,classical,NA,publicdomain,0.0,0,0,2,1,1,0,26,313,12.038461538461538,False,2.64562906174464,0.939297124600639,0.900462962962963
QmX7eMzSBookLkzAakLc3RojkZWe7FsxhDKZEEjRPqRDEM,Take every sin to Jesus - George C. Stebbins,NA,Take every sin to Jesus - George C. Stebbins,George C. Stebbins,NA,classical,NA,publicdomain,0.0,0,0,2,1,1,0,16,205,12.8125,True,2.806894491831794,0.9804878048780488,0.953125
QmSd8iw4LSxdLT5B28Fv2jg9QeLdcY7BQT2zsoeNxqqSDW,Take Five,NA,Take Five,The Dave Brubeck Quartet,Paul Desmond & Dave Brubeck,jazz,piano-brubeck-easylefthand,cc-zero,4.83,26,29,776,0,2,0-0,41,664,16.195121951219512,False,2.936805439340567,0.9487951807228916,0.9056372549019608
QmcgEoXanPUEBYaeTHZNiHxKvevwZRVfzFUDH8XJTrRfXs,Take Five (as played by Terrance Shider),as played by Terrance Shider,Take Five,The Dave Brubeck Quartet,Transcribed byAlice Llosas,jazz,piano-jazz,cc-zero,4.8,131,183,3775,3,1,0,141,2608,18.49645390070922,False,2.891871732516368,0.9504227517294388,0.9127252252252251
QmZLxthXfBQHGemw3S4qLqdXkeFqm45AEK2wrrh6CqVRkV,Take heed what you sow in life's field day by day - Adam Geibel,NA,Take heed what you sow in life's field day by day,Adam Geibel,NA,classical,NA,publicdomain,0.0,0,0,5,1,1,0,20,337,16.85,False,2.84193549266238,0.9614243323442137,0.8846153846153846
QmUa5erfpjjAPaGGgfMuwotEt9MVbvsNQQ5nrYP9xP5XJk,TAKE HENCE THE BOWL,Tog uadhso an cupan,TAKE HENCE THE BOWL,Misc tunes,NA,NA,NA,publicdomain,0.0,0,0,1,1,1,0,17,70,4.117647058823529,False,2.667734601231451,0.9571428571428572,0.9153645833333334
QmPiYLgbeP8FDvr64YMiYBV2UDvwcuj9pGroX7ggGYz1VN,Take Hence The Bowl (air) 0304,NA,TAKE HENCE THE BOWL,Misc tunes,after Mrs. Cantwellmoderate,NA,NA,publicdomain,0.0,0,0,4,1,1,0,16,70,4.375,False,2.667734601231451,0.9571428571428572,0.9180555555555556
QmePEdNGkXgsPcnXxRZ7iUGrnq5DX2TpfFGxEMxtcizxaQ,Take her Out and Air Her,Tabhair Amach agus Taispe\'ain don Saol \'i,Take her out and Air her,Misc tunes,NA,NA,NA,publicdomain,0.0,0,0,2,1,1,0,43,300,6.976744186046512,False,2.649502338058063,1.0,0.9291666666666668
QmZtzFq2wxGH52paYrahjL72Xg1j4Sx2o8tCR6jLQQ4q4r,Take hold of my hand O blessed Christ - J. H. Tenney,NA,Take hold of my hand O blessed Christ,J. H. Tenney,NA,classical,NA,publicdomain,0.0,0,0,6,1,1,0,19,282,14.842105263157896,False,2.637550808008808,0.9787234042553192,0.91796875
QmYthv6daonKZ3y5UVp3V48NgT5NeqE5xVeVm3oBtmEZqL,Take hold of the promise of Jesus - W. S. Weeden,NA,Take hold of the promise of Jesus,W. S. Weeden,NA,classical,NA,publicdomain,0.0,0,0,3,1,1,0,20,290,14.5,False,2.4194835395299235,0.993103448275862,0.945
QmZ6Z3ZRMBexGY8tcpmC5HLqJR4X5UpZcXAKxodbqxUEHB,Take It Easy (doublejig) 1089,NA,Take It Easy,Misc tunes,after Chief F. O'Neill,NA,NA,publicdomain,0.0,0,0,3,1,1,0,56,254,4.535714285714286,False,2.68203762298228,1.0,0.9605855855855856
QmVH1Jog9DjpiVyPe8rmFTgBBmRGe7CnuN2FsQBaQnPK5V,Take Jesus and live - C. D. Amstutz,NA,Take Jesus and live - C. D. Amstutz,C. D. Amstutz,NA,classical,NA,publicdomain,0.0,0,0,2,1,1,0,18,341,18.944444444444443,False,2.646610812652355,0.9912023460410556,0.984375
Qmcq5JR8Jcdq7oFK4X88TiaV8GY5BtCkvzhcM2YPDL8D4G,Take Me Anywhere (To the Moon),From To the Moon,Take Me Anywhere,Kan R. Gao,Kan R. Gao Arr. by Sean Murphy,NA,tothemoon-piano-pianoarrangement-kangao,cc-zero,0.0,0,46,1376,2,1,0,26,369,14.192307692307692,False,2.636269156607235,1.0,0.9471153846153846
QmTmhiFsKppNMNycpcjsq2dzzDRMMFGME4zjky17GLerzb,Take me home country roads - John Denver,NA,Take Me Home Country Roads,John Denver,John Denver,country-folk,NA,cc-zero,0.0,0,3,153,0,3,0-0-0,109,1254,11.504587155963304,False,2.606086924424972,0.9976076555023924,0.9924603174603176
QmbvSX7gzDEVAuEhRQzAAmAMMeihAS32j4APzA2pMhKEPc,Take Me To Church - Hozier,NA,take me to church,Hozier,NA,rock-rbfunksoul,NA,cc-zero,4.47,18,71,1309,2,1,0,69,1603,23.231884057971016,False,2.800881556969909,0.9600499375780276,0.8172043010752688
QmYXzNBbccyknabSJH2sY1NGfftzDfUhp9VSDJbymWGS7g,Take Me to Church - Hozier - Accompaniment,NA,take me to church,Hozier,Hozier,rock-rbfunksoul,NA,cc-zero,4.96,22,103,1678,1,1,0,69,1116,16.17391304347826,False,2.757901085294405,0.9399641577060932,0.9660618279569892
QmYbrS4c9p3rtXjWNde4TD8mzg39oNQkfxhkXkMk6iJJuC,Take Me To the Land of Jazz,NA,NA,NA,Bert Kalmer Edgar Leslie Pete Wendling - 1919,NA,copyrightfreeoldjazz-creolejazz,cc-zero,0.0,0,3,219,0,1,0,57,236,4.140350877192983,True,2.704116901878834,0.923728813559322,0.9308035714285714
QmfRtu8pH8oKSg1DRA6t4HS9WL8zmYGgy5iYvcTGMdRojW,Take me to the precious fountain - Alfred Bierly,NA,Take me to the precious fountain,Alfred Bierly,NA,classical,NA,publicdomain,0.0,0,0,5,2,1,0,16,261,16.3125,True,2.513722203746715,0.9846743295019156,0.925
QmUJUVVRhhzDFE7NVeY9F1Z74HcHuQzKiCkBnUNqJ1F2nF,Take me to your heart,NA,take me to your heart,Michael Learns to Rock,NA,rock-pop,takemetoyourheart,cc-zero,4.28,47,116,14854,0,2,0-0,21,428,20.38095238095238,False,2.6548074037190927,1.0,0.9057539682539684
QmfGhRLhJ5CuH8hr2K6Z78KHdur42M8vfZBzDH1ARTreKr,Take my life and let it be (Howard) - W. D. Howard,NA,Take my life and let it be (Howard),W. D. Howard,NA,classical,NA,publicdomain,0.0,0,0,12,1,1,0,10,114,11.4,False,2.5315236116788045,0.9912280701754386,0.9455128205128204
QmYLaLo18HWA2W5uUzA2KthPjtXmKnqZHgxE86SmmdsbYp,Take my life and let it be - Jay H. Downs,NA,Take my life and let it be,Jay H. Downs,NA,classical,NA,publicdomain,0.0,0,1,23,1,1,0,18,239,13.27777777777778,False,2.8574980682430287,0.9497907949790796,0.92578125
QmasfHeQ2VyxzoyTrcJf3DXwrHvYLNzsn7egLfCFFedwY9,Take my little faith and hold it - E. S. Lorenz,NA,Take my little faith and hold it,E. S. Lorenz,NA,classical,NA,publicdomain,0.0,0,0,2,1,1,0,21,318,15.142857142857142,False,2.796130933655641,0.9779874213836478,0.9613095238095238
QmSHej7Lx4k4ZqPXM9wqawsPPaFjVFaNbTnknDURpbHWza,Take my moments blessed Jesus - Adam Geibel,NA,Take my moments blessed Jesus,Adam Geibel,NA,classical,NA,publicdomain,0.0,0,0,1,1,1,0,20,238,11.9,False,2.943278953767042,0.9453781512605042,0.8923611111111112
QmQhpsRTBFNiJoPFjUZogXxmE9L1puZwHdY2hsbjpYXuLk,Take my yoke upon you and learn of me - J. M. Dungan,NA,Take my yoke upon you and learn of me,J. M. Dungan,NA,classical,NA,publicdomain,0.0,0,0,10,2,1,0,16,392,24.5,True,2.7175610657056044,0.9769820971867008,0.9199561403508772
QmXLeqPN6d4rUaoooZ25UXfmjw5E1A2HtWGwBPyxktVeoA,Take not a Woman's Anger ill For if one won't another will.,NA,Take not a Woman's Anger ill For if one won't another will.,Misc tunes,NA,NA,NA,publicdomain,0.0,0,0,4,1,1,0,26,120,4.615384615384615,False,2.807679970440463,0.9916666666666668,0.9441666666666668
QmUbmfHbn59kYq7sZDK1GnTpFJdAFA9m9PN8gG8hbzSb8B,Take Not A Woman's Anger Ill. (p)1696.PLFD.368,NA,Take Not A Woman's Anger Ill. (p)1696.PLFD.368,Misc tunes,NA,NA,NA,publicdomain,0.0,0,0,6,1,1,0,38,172,4.526315789473684,False,2.814727650319227,0.9883720930232558,0.9427083333333334
QmZXyYb4MnxEYvUJpTnhbtgVAueKy26rJ75i8VXVJ2kRzi,Take not God's holy name in vain - S. W. Straub,NA,Take not God's holy name in vain,S. W. Straub,NA,classical,NA,publicdomain,0.0,0,0,4,1,1,0,20,249,12.45,False,2.417672223037558,1.0,0.9194444444444444
QmdRE1W3UnJkH2xNSGtrprq9V5LMpLhsQmnedFr75wBfEj,Take O take your stand for the Savior - Lester Price,NA,Take O take your stand for the Savior,Lester Price,NA,classical,NA,publicdomain,0.0,0,0,2,0,2,0-0,21,517,24.61904761904762,True,2.7344029729516053,0.954177897574124,0.956140350877193
QmfFA6s12bRhwL9UUdvawQXHagPZU6ZiGdXzbMCGRcSR4N,Take Off,NA,NA,NA,Patrick Noone,NA,beginner-percussion-ensemble-untuned,cc-zero,0.0,0,9,615,0,2,0-0,32,263,8.21875,False,0.8198897980878826,1.0,0.9475806451612904
QmVkVoJgvH3C5mwMgpgLZ6auqwmg15crzVB4AAvpEHNXqa,Take On Me (Lullaby Cover),NA,NA,NA,AhaArranged by Lucas KingEdited by Patrick A.,NA,aha-takeonme-lullabycover-cover-gentley-sleep-cat-youtube-youtubecover-beautiful,cc-zero,4.68,13,63,932,2,1,0,72,709,9.84722222222222,False,2.7080186262781285,1.0,0.9748263888888888
QmfNJydpwwa3xfyNrfcrKvJDMXJMDi67mAfLxHyCMNWRdf,Take On Me - Melodica Duet,NA,take on me,a-ha,NA,rock-electronic,takeonme-aha-piano-wind-windpiano-melodica-duet,cc-zero,0.0,0,52,1711,0,2,0-0,141,1106,7.843971631205674,False,2.8024338307257044,0.9837251356238698,0.9627659574468084
QmYxqfHZuw3PoKpyfPbnsfu1Dwe4u9pEoUJ5fmept2Mwrq,Take the jeers and take the mocking - M. A. Sea,NA,Take the jeers and take the mocking,M. A. Sea,NA,classical,NA,publicdomain,0.0,0,0,2,1,1,0,10,116,11.6,False,2.7697913134365946,0.956896551724138,0.9027777777777778
QmTKj8jGvyE3MHhbhmPuFiV25QYeL7RofR5jgGPZML8gv6,Take the word and sow it well - Wm. J. Kirkpatrick,NA,Take the word and sow it well,William J. Kirkpatrick,NA,classical,NA,publicdomain,0.0,0,0,6,1,1,0,25,289,11.56,True,2.5989313239544884,0.9826989619377162,0.9444444444444444
QmbV2AkuH6Hgz1c8sFPEgWV8nNJD2s9sFKLVP3Te6joNnJ,Take the world but give me Jesus (Prior) - Chas. Edw. Prior,NA,Take the world but give me Jesus (Prior) - Chas. Edw. Prior,Chas. Edw. Prior,NA,classical,NA,publicdomain,0.0,0,0,42,1,1,0,20,190,9.5,False,2.658575190639709,0.9947368421052633,0.875
QmXnCX4v8Zb92PCN2dHxXMtyPot8g4Y4veR2iBBND3nfjy,Take the world with its follies and riches - Ida Mae Campbell Dake,NA,Take the world with its follies and riches,Ida Mae Campbell Dake,NA,classical,NA,publicdomain,0.0,0,0,2,1,1,0,19,298,15.68421052631579,False,2.7098330401794075,0.9630872483221476,0.9416666666666668
QmTcpBkcDrSJqcvt6UwpY7jhf2os7McCNPWjoTW8hd2WWP,Take this hammer,NA,Take this hammer,Misc tunes,anon.,NA,NA,publicdomain,0.0,0,0,53,1,1,0,17,40,2.3529411764705883,True,2.4456387231208403,1.0,0.9319444444444444
QmQUrf8wVPvBwwZkzEHogxjkU7LCgcfPzk9A6obzSuYife,Take This Message To My Mother,NA,Take This Message To My Mother,Misc tunes,Joe Buchanan's Scottish Tome - Page 636.1,NA,NA,publicdomain,0.0,0,0,8,1,1,0,64,120,1.875,False,2.382760841242712,1.0,0.9518229166666666
QmcaiVb95ydb6AQtjqNaCYxg7742euJ3uAN2dWhMeP6Vmy,Take Thou My Hand - Fanny Crosby,NA,Take Thou My Hand,Fanny Crosby,NA,classical,NA,publicdomain,0.0,0,0,10,1,1,0,16,170,10.625,True,2.7446888489744805,0.976470588235294,0.9700520833333334
QmQhcuEs21ExcVAiVptGHtY9Jdhv6Xr4ZMCyRQJyT7VJXZ,Take thy cross and follow me - Wm. B. Bradbury,NA,Take thy cross and follow me,Wm. B. Bradbury,NA,classical,NA,publicdomain,0.0,0,0,2,1,1,0,20,274,13.7,True,2.690627709119718,0.9927007299270072,0.9645833333333332
QmQP4CZucvAhAUViXqqR45rnC8DwMMrguLttzQqfGxzTK8,Take thy staff O pilgrim (Converse) - Charles C. Converse,NA,Take thy staff O pilgrim (Converse),Charles C. Converse,NA,classical,NA,publicdomain,0.0,0,0,4,2,1,0,34,369,10.852941176470589,True,2.519483529783267,1.0,0.8932291666666666
QmeD9L7U43t5WCtf23eH3bEqf1MpQqtMP5z5X2o8K7T6CX,Take Toast To Thee.. HA.154,NA,Take Toast To Thee.. HA.154,Misc tunes,....Tippettsgood man (???),NA,NA,publicdomain,0.0,0,0,2,1,1,0,20,100,5.0,False,2.3404511049358883,1.0,0.9635416666666666
QmeCdT98ADqQ9UqbBjD7VXB92ZUYUM8krtyBHkTN95u3tZ,Take up take up thy burden - Jno. R. Sweney,NA,Take up take up thy burden,John R. Sweney,NA,classical,NA,publicdomain,0.0,0,0,4,1,1,0,20,241,12.05,False,2.641020947590545,0.9875518672199172,0.8958333333333334
Qmch4DJfpLT6KU6s972zAZSdhyZwBwoK71ADoXYMgGCCav,Take What You Want - Post Malone Feat. Ozzy Osbourne and Travis Scott (WIP),(feat. Ozzy Osbourne and Travis Scott,take what you want,Post Malone,Post Malone Ozzy OsborneTravis ScottArr. Night_fury81,hiphop,postmalone-travisscott-ozzy-osbourne-travis-scott-post-malone-rock-pianosolo-take-what-you-want-takewhatyouwant-ozzyosbourne-ozborne-ozbourne-osborne-rap-rappiano-poppiano,cc-zero,4.8,27,189,2098,2,1,0,90,853,9.477777777777778,False,2.7480750079001286,0.9648300117233294,0.9149305555555556
QmdgoidqWgJ9mUiGgt4Wav7Psn59JbBYp5Xnp7yBCzWjRD,Take Your Choice (reel) 1187,NA,Take your choice,Misc tunes,after Sg't J. O'Neill,NA,NA,publicdomain,0.0,0,0,5,1,1,0,34,256,7.529411764705882,False,2.431075643999689,1.0,0.9602864583333334
Qma3ro5feJDkDiy349NEFSvUuEbtgLUKouegZWTyYccEB1,Takeda no Komoriuta,Lullaby of Takeda,Takeda no Komoriuta,Misc tunes,NA,NA,NA,publicdomain,0.0,0,1,56,1,1,0,8,32,4.0,False,2.2098683589017414,1.0,0.9196428571428572
Qmabb4RV1hoWPgqTc4FQwGB9Ti3bjttdDDLJV4buzE4aew,Taking the hobbits to Isengard,NA,theyre taking the hobbits to isengard,Erwin Beekveld,Arranged by Mau,NA,hobbits-lotr-isengard-legolas-taking-meme,publicdomain,4.86,12,91,4295,2,1,0,42,703,16.738095238095237,False,2.716023384920487,0.8933143669985776,0.9275793650793652
QmPKMwPG2HgJMHeZ9UiTwUM8DrzpjfkGV7T3SZiqz25kS7,Talia's Song The Ballad of the Forresters,NA,NA,NA,dan1,NA,gameofthrones-forresters-hbo-telltale,cc-zero,0.0,0,10,353,1,1,0,53,470,8.867924528301886,False,2.619642429190004,1.0,0.9519230769230768
QmaUcdWh3Y6p5xu7N9r2dyeAyu3V2Nper4xBiZXfmodBc4,Talijanska,NA,talijanska,Goran Bregovic,Goran Bregovic,folk,gypsy-accordion-piano-serbian,cc-zero,4.6,12,50,2546,0,2,1-1,65,785,12.076923076923077,False,2.937894552754844,0.9222929936305732,0.9434523809523808
QmaHUh6TsmZNoGHsZtzC4wxbti6feGzvvhhUzCriCsexC4,Talisman Stallion - Bela Nemeth,NA,Talisman Stallion,Bela Nemeth,Composed by Bela NemethArranged by Jason Hemaridis,NA,NA,cc-zero,4.83,3,37,1761,2,1,0,32,310,9.6875,False,2.8115712816995937,0.9741935483870968,0.9025537634408602
QmZiLTrf1nhMaWv7Kbxs3YbSpd4cmccemTETuiTX4BhztJ,Talkin' Hawkin',Pink Floyd - The Endless River,Talkin' Hawkin',Pink Floyd,Sam Anderson,rock,NA,cc-zero,0.0,0,3,99,1,1,0,77,633,8.220779220779221,False,2.70425964454018,0.995260663507109,0.8742690058479532
QmSWuWzKLyESQWCejMYaP5ZKk2EKJGP1GHW2FcgKQMZkvm,Tallewan. +,NA,Tallewan. +,Misc tunes,Donated by John Benjamin Fifer - Co. G 80th Mich. Val. Inf.,NA,NA,publicdomain,0.0,0,0,1,1,1,0,36,160,4.444444444444445,False,2.5588693898542023,1.0,0.9338768115942028
QmNT2j5hwhxwyUFiP8xwoccd36c4P1rvAodJNDXeqzg9nR,Talleyihogh the Grynder JBut.168,Tally Ho The Grinderaka. JBut.168Tobias the Grinderaka. JBut.168Grinderaka. JBut.168 The,Talleyihogh the Grynder JBut.168,Misc tunes,NA,NA,NA,publicdomain,0.0,0,0,10,1,1,0,16,128,8.0,False,2.6344997881552668,1.0,0.9560185185185184
QmQueH8o8FqmbfYokietnt6Z7jWmdhbuY5krv4jJ694R1Q,tamako market preview,arr. by christine hye-su kim,tamako market preview,kyoani,re-transcribed by pianist 49,NA,NA,cc-zero,0.0,0,4,94,1,1,0,7,101,14.428571428571429,False,2.9351895857291783,0.9306930693069309,0.9732142857142856
QmPBkPy1wRKAtEMfiJWwK8bNqCWMC4Q42RUvAVErcWVdWq,Tambourin,NA,NA,NA,Johannes Andreas Colizzi,NA,muzykainstrumentalna-czechymuzykaw-wroclawuniversitylibrary-publicdomain-digitallibrary-polish,cc-zero,0.0,0,1,188,1,1,0,80,488,6.1,False,2.850704393741922,0.9508196721311476,0.928125
QmU5yDqYbx93RCaEofYRN3SgtDzB4TSLSrWKDsX64LAqUv,Tamlin (Glasgow Reel),Reel,NA,NA,Trad. Arr. Heather Dunn,NA,irishtrad-irishtraditional-irishcello-celticcello-cello-folkcello-cellofolk-reel-celloreel-reelcello,cc-zero,4.83,3,12,655,1,1,0,32,252,7.875,False,2.691379273337664,0.992063492063492,0.9776234567901234
QmNWLp6tT5VgarDkYEdzNGkxxw1SFBuct1XDdZYcFAMtou,Tamo Tanto. SenH.105,NA,Tamo Tanto. SenH.105,Misc tunes,Trevor Corryin Hand B (Humph. Senhouse),NA,NA,publicdomain,0.0,0,0,5,1,1,0,40,167,4.175,False,2.562399957664788,1.0,0.9486111111111112
QmZHRH5iywrTd3eiaRYtaFB3sm7UnoVbLRvtw1rVqyGJgj,Tamworth - C. Lockhart,NA,Tamworth,C. Lockhart,NA,classical,NA,publicdomain,0.0,0,0,3,1,1,0,15,141,9.4,False,2.5970924904858945,0.9929078014184396,0.9166666666666666
QmTCBQGFJvDouLtFu3mj1nDJPu21KzZvGWeU36DYexGtBo,Tan buen ganadico - Juan del Encina,NA,Tan buen ganadico,Juan del Encina,NA,classical,NA,publicdomain,0.0,0,0,56,0,5,0-0-0-0-0,32,295,9.21875,True,2.7849803050165067,0.9473684210526316,0.925595238095238
QmYfnfAQRHvioZJNSU6qP69yRsrurbrMdtMvPxd1i8CQQM,Tanburi Cemil Bey - Cecen Kizi,NA,Cecen Kizi,Tanburi Cemil Bey,Tanburi Cemil Bey(1871-1916),classical,NA,publicdomain,4.7,7,11,337,1,1,0,80,406,5.075,False,2.6109963467895803,1.0,0.892094017094017
QmecrVQpXNmn3MnULuRxh2gx8hsKLA4k8DzjxevxQvA8Cs,Tandem,NA,Tandem,Misc tunes,NA,NA,NA,publicdomain,0.0,0,0,4,1,1,0,36,224,6.222222222222222,False,2.772825748633733,1.0,0.9772135416666666
QmS9sAZcztF7GvinzdUhBoh5xvWiDWUareFtAUefhY1tXe,Tangerine Dream - Song of the whale part 2 (piano intro),NA,Song of the whale part 2,Tangerine Dream,Tangerine Dream,electronic,piano-atmospheric-paulhaslinger,cc-zero,4.53,12,18,1541,1,1,0,53,348,6.566037735849057,False,3.0829006727242274,0.9022988505747126,0.929878048780488
QmbscdPvk5c1ajvAcLmqcdYsk8BfDCMeSxTvLsiR6Fnw5N,Tango,NA,NA,NA,NA,NA,NA,publicdomain,0.0,0,3,1501,1,1,0,37,140,3.783783783783784,False,2.348928218248953,0.9714285714285714,0.9756944444444444
QmTjuW8sWKxLdsomyNkQR2yjm36a6R9W3ZwmYMTcXNVDAy,Tango from the album: Late one Night Seth Farber,NA,Tango,Seth Farber,Seth Farberfrom: Late One NightTranscription: Rüdiger Voigt,NA,NA,cc-zero,0.0,0,0,53,1,1,0,99,983,9.929292929292927,False,2.958185348787657,0.9155645981688708,0.9431818181818182
QmXRLueCMcCeFVavmPohAW9vVJe6MXUsamdGb5QLN1KS4x,Tango La Cumparsita - Piano Solo (Tutorial Parte A),NA,la cumparsita,Gerardo Matos Rodríguez,G.H.Matos Rodríguez Arr.: Javier Tucat Moreno,classical,tango-piano-tutorial,publicdomain,4.62,264,722,32082,1,1,0,15,153,10.2,False,2.6650769010245576,0.8266666666666667,0.956845238095238
QmfZco3VhadA7EzganEn6PvBhvDNghDwHgjFD1W8DEZRnT,Tango La Cumparsita - Piano Solo (Tutorial Parte B),NA,la cumparsita,Gerardo Matos Rodríguez,NA,classical,tango-piano-tutorial,publicdomain,4.59,103,273,13880,1,1,0,16,121,7.5625,False,2.901674614373222,0.8760330578512396,0.9348958333333334
QmdVUPP8RphroBWSK7FpsbWxLoyp6kQQuGA6KG9EPdDZc7,Tango Notturno,Ich hab' an dich gedacht,Tango Notturno,Hans-Otto Borgmann,Hans - Otto Borgmann,NA,NA,cc-zero,4.66,12,14,726,2,1,0,103,1435,13.932038834951456,False,2.877303169117812,0.9148639218422888,0.93218954248366
QmYqnJRWMZdHHNmxxfajGmNZT5N6J2YwhBiq7BuCnueG6o,Tango Poquito,NA,Tango Poquito (in G),Misc tunes,NA,NA,NA,publicdomain,0.0,0,0,5,1,1,0,6,26,4.333333333333333,False,2.74771279763467,0.9615384615384616,0.9375
Qmek9QbJYjeYdYh1WuhYnn8DPg7Rchvru6VerwMbS1qMoM,Tango Poquito,NA,Tango Poquito (in G),Misc tunes,NA,NA,NA,publicdomain,0.0,0,0,2,1,1,0,6,23,3.8333333333333335,False,2.772924455774821,0.9565217391304348,0.953125
QmX6h2bMsbEtsxGunS9pDhD46ZDpLwYVtoNuUnvLJLjF7m,Tango Prelude II,NA,NA,NA,Manfred Schmitz,NA,manfredschmitz,cc-zero,4.86,25,56,2285,0,2,0-0,34,769,22.61764705882353,False,2.8961612231896625,0.9354304635761588,0.9292929292929292
QmUf224YYBN8qsVZFL2nZCsfsWVeidkcwcmnCQCFjfv2HR,Tango Terzo,NA,NA,NA,NA,NA,NA,cc-zero,0.0,0,0,16,0,1,0,104,608,5.846153846153846,False,2.836220878089074,0.9226973684210528,0.9571197411003236
QmVarvhQNMM9CmRtooCmJjX3MkDT8HcP6MAoA6jWY9j2KR,Tango to Evora for Viola & Cello,Original score by Loreena McKennitt,tango to evora,Loreena McKennitt,Arr. by Stringscoven,folk-newage,viola-cello-tango-duet-strings-loreenamckennitt,cc-zero,4.85,4,15,1022,1,1,0,35,453,12.942857142857145,False,2.5977989048450145,0.9757174392935982,0.9916666666666668
QmT2znPXoATNx1qwBtZCFyZLgHwS8YkqPRhXE68vFNDuDz,Tangram Set 1 & 2 Tangerine Dream,NA,Tangram,Tangerine Dream,Tangerine Dream,electronic-classical,NA,cc-zero,4.46,10,9,826,0,4,0-0-0-0,518,564,1.0888030888030888,False,2.538624176992994,1.0,0.992816091954023
QmafCRrkFyuymYUAswJFGTiMYL7N377psfMzTrbJYyMHbP,Tanja Savic - Zlatnik,Tanja Savic,Zlatnik,Tanja Savic,NA,NA,NA,cc-zero,0.0,0,10,1121,1,1,0,41,262,6.390243902439025,False,2.841227821829935,0.9541984732824428,0.921239837398374
QmcPYmvRBrZasa6RKUqBvtn8A3y3NcfCMr6D8uDxDejUxo,Tanjobi Omedeto,A Birthday Gift,the day,Porno Graffitti,Jack Burke,rock,piano-piano-bnha-mwa-myhero-bokunohero-theday-drstone-drstone-life-gurenge-gurenge-demonslayer-demonslayer-heroes-heroes-hunterxhunter-hunterxhunter-hunterxhunter-chrollo-chrollolucifer-konosuba-konosuba-konosuba-tomorrow-tomorrow-ambiguous-ambiguous-killlakill-killlakill-imagination-imagination-haikyu-haikyu-haikyu-haikyu-promisedneverland-promisedneverland-yakusokunoneverland-yakusokunoneverland-yakusokunoneverland-isabellaslullaby-isabellaslullaby-isabellaslullabye,cc-zero,4.87,5,11,404,3,1,0,534,8198,15.352059925093632,False,3.358032885251953,0.8035827186512118,0.9481608072916666
QmfBZZeHRu9kf7xXo6hxmh3pavpFhDmBBXoQqyF7atgVbM,Tanning the Leather (136),NA,Tanning the Leather (136),Misc tunes,NA,NA,NA,publicdomain,0.0,0,0,2,1,1,0,36,187,5.194444444444445,False,2.482065420609908,1.0,0.9618055555555556
QmTLM37vnmmoRmSPjS9Mb85f4Vs4qrsGcb1Dr1RtJLqxJ5,Tant que vivray - Villate,NA,Tant que vivray,Claudin de Sermisy,NA,classical,NA,publicdomain,0.0,0,0,16,0,3,0-0-0,31,253,8.161290322580646,False,2.928507047507848,0.9203187250996016,0.9664855072463768
QmehsynndmJn5g2WRcngX64PJ5s44VwCmCxzVcy15W3CJK,Tantam gratiam,NA,Tantam gratiam,Anonymous,NA,classical,NA,publicdomain,0.0,0,0,1,0,3,0-0-0,32,213,6.65625,False,2.9553365861091776,0.9295774647887324,0.9691840277777778
QmceWfWno4eVV46W9LzWQWZj9iHoWRK5eZYpvCe4CsGfyA,Tanti Affetti (from 'La Donna del Lago') - Gioachino Rossini,NA,Tanti Affetti (from 'La Donna del Lago'),Gioacchino Rossini,Giocchino ROSSINI,classical,NA,publicdomain,4.87,5,5,471,0,5,0-0-0-0-0,173,6238,36.05780346820809,True,3.034532421179347,0.9245682632779408,0.8801782273603083
QmNyNMngz4k4FgkzgUPK3nAwpoa777XycgsS3FUYJbF78L,Tantum ergo - Déodat de Séverac,NA,Tantum ergo,Déodat de Séverac,Déodat de Sévérac(1872 - 1921),classical,NA,publicdomain,0.0,0,0,58,0,2,0-0,28,575,20.535714285714285,True,3.1375215384764985,0.9106830122591943,0.972470238095238
QmTFsiApotjtdLTBCBBHbv6R8kSKB7ik3W1hncmnvhMvti,Tantum ergo - Jef Tinel,NA,Tantum ergo,Jef Tinel,Jef Tinel (1888 - 1972),classical,NA,publicdomain,0.0,0,0,11,0,4,0-0-0-0,31,371,11.96774193548387,True,2.834853279805049,0.9832869080779943,0.9694444444444444
QmTTpJa3dB9cvkVv4r3PYUBDAV47QbBKUUkH7M3NG6jD8q,Tantum Ergo in D Major WAB 32 - Anton Bruckner,NA,Tantum Ergo in D Major WAB 32,Anton Bruckner,Anton Brucknercomposed 1843WAB 32,classical,NA,publicdomain,0.0,0,1,98,0,4,0-0-0-0,74,708,9.567567567567568,True,2.9721408376602465,0.9455587392550144,0.9695945945945946
QmQQ6uJ8YNEhZXgCyyQHspxZcnjAf51CYjKPnV7fcjhAqZ,Tantum Ergo Op. 65 No. 2 - Gabriel Fauré,Therefore we before him bending this great Sacrament revere;Types and shadows have their ending for the newer rite is here.Glory let us give and blessing to the Father and the Son;Honour might and praise addressing while eternal ages run;Ever too his love confessing who from both with both is one. Amen.,Tantum Ergo Op. 65 No. 2,Gabriel Fauré,Gabriel Fauré(1845-1924),classical,NA,publicdomain,4.85,4,6,167,0,5,0-0-0-0-0,35,1101,31.457142857142856,True,3.403382575149391,0.7425742574257426,0.986904761904762
QmeJuTTiw4NvKmm3ib1MwHVypfuWV8GGaHJYm9QoQhQkm1,Tantum ergo Sacramentum (34325),NA,tantum ergo sacramentum,Misc Praise Songs,NA,religiousmusic,NA,publicdomain,0.0,0,0,143,1,1,0,9,205,22.77777777777778,False,2.9131196910709902,0.9609756097560976,0.9756944444444444
QmdgGGBF5VFVV3EgF5wCgrFkt4A8EfNG3VH21zkvp2FQnQ,Tanuj tanuj vykrucaj,NA,Tanuj tanuj vykrucaj,Misc tunes,NA,NA,NA,publicdomain,0.0,0,0,1,0,2,0-0,24,246,10.25,False,2.9555264298515707,0.9591836734693876,0.9262152777777778
QmSkRej769HFwFnZDJDAXhgEQJTpxWA2ne9H2dRJHimjvm,Tanulószerba,NA,NA,NA,NA,NA,NA,cc-zero,0.0,0,1,122,1,1,0,16,67,4.1875,True,2.702936233662835,1.0,0.9596354166666666
QmX1Uru6DHRuGP1DKdxs8sVDeZvUdzHYJCVCWsJSyW7yTX,Tanz r\uber tanz n\uber,NA,Tanz r\uber tanz n\uber,Misc tunes,anon.,NA,NA,publicdomain,0.0,0,0,3,0,1,0,17,44,2.588235294117647,True,2.554214574111647,1.0,0.9375
QmeGiCbkRYw877jxVYDNarh47BLVZ3LbDRXZQbThSuefRj,Tanzen ja tanzen,NA,NA,NA,Satz:AD,NA,NA,cc-zero,0.0,0,3,88,0,4,0-0-0-0,16,294,18.375,True,2.6913580051637607,1.0,0.9283854166666666
QmahfouHdFanFDiSAijRi7wLxs5ojawdLWceY52sfaeRZQ,Taps,NA,Taps,Misc tunes,anon.,NA,NA,publicdomain,0.0,0,0,4,1,1,0,9,24,2.6666666666666665,True,1.5545851693377997,1.0,0.9732142857142856
QmdtWnrLHgmdhcLVcLtNbbyFK4joGtBLewhLufYpPxVhZW,Taps By Bugle 9.15 P.M. Lights Out - Regulation Fife Calls 1776-1856 13,NA,Taps By Bugle 9.15 P.M. Lights Out - Regulation Fife Calls 1776-1856 13,Misc tunes,NA,NA,NA,publicdomain,0.0,0,0,13,1,1,0,8,24,3.0,False,1.5545851693377997,1.0,0.9613095238095238
Qme21f7234BY6189hkq8gCrCRzzpZfQMPbHeQtozgpdUvC,Tar Paper Stomp,NA,NA,NA,Wingy Manone 1929 - never copyrighted,NA,copyrightfreeoldjazz-creolejazz,cc-zero,0.0,0,3,301,0,1,0,40,230,5.75,False,2.798617626546052,0.9304347826086956,0.9332264957264956
QmUBasXf1LQQ3vEBoGQgh3r6AquJHtrg1kHKYeqNM5YqN2,Tarantella in A minor,NA,Tarantella,Albert Pieczonka,A. Pieczonka,classical,tarantella-classical-dramatic-pieczonka-piano,cc-zero,4.82,138,246,11407,2,1,0,208,1619,7.783653846153846,False,3.04320768130556,0.9060568603213844,0.9620726495726496
QmTxrJhkmzRLSLbw2mjy6xJTmEShvTB25NHW3u9vmt3fn6,Tarantella Napoletana,Wedding TarantellaCicerenella,Tarantella Napoletana,Misc tunes,NA,NA,NA,publicdomain,4.83,3,5,140,1,1,0,76,302,3.973684210526316,False,2.889978640957233,0.9801324503311258,0.9229166666666666
QmRyjCYYoWNEh3U6g4CrgjwHnDSoEBCGvNZHNjrsPKauYa,Tarantella Siciliana (Em),NA,tarantella siciliana,Misc Traditional,NA,folk,NA,publicdomain,4.74,5,1,334,1,1,0,90,404,4.488888888888889,False,2.756028648291403,0.9851485148514852,0.9423611111111112
Qmcs1ffrZSrd73U52rmzQE1TF2tj2tPxyC5YxP89qBBydq,tarantella siciliana 1,NA,Tarantella Op.6,Ignaz Brüll,NA,classical,NA,cc-zero,4.88,6,9,851,1,1,0,43,243,5.651162790697675,False,3.186824875053192,0.8436213991769548,0.9579613095238096
Qmb19Y8HWAxzkVZwDBsAfV4wWc8aW71ygSX2j9U2xz8KYF,Tarantella Zuccherina,NA,Tarantella Zuccherina,Cal Ford,NA,NA,tarantella-piano-solo-fast-original-composition,cc-zero,0.0,0,0,45,2,1,0,87,738,8.482758620689655,False,2.999464075950516,0.8738127544097694,0.9635416666666666
QmY4h5TMjcdNjdix5n1sLBqrTXPzexdELVF1Q3yUE7zFvY,Tarry Trousers,boy with the red striped trousers Theboy with the Tarry blue trousers The,Tarry Trousers,Misc tunes,Mrs Marina Russell Upwey coll. HED HammondTranscibed to abc by PJHeadford,NA,NA,publicdomain,0.0,0,0,7,1,1,0,9,44,4.888888888888889,False,2.681768765863817,1.0,0.9114583333333334
QmQUqDkvpqbJQCZ9TT8u3TTXUdcbkuzkfiFD92q8NuQpWn,TARRY WITH ME (Shaw) - Knowles Shaw,NA,TARRY WITH ME (Shaw),Knowles Shaw,NA,classical,NA,publicdomain,0.0,0,0,6,1,1,0,30,379,12.633333333333333,False,2.452449911019347,1.0,0.9002192982456141
QmU486EiPpqxaxnGcZfvHE7drFme4n66HzNLAwniH7Xmye,Tarry with me O my Savior - Unknown,NA,Tarry with me O my Savior,Misc Traditional,NA,folk,NA,publicdomain,0.0,0,0,19,1,1,0,9,125,13.88888888888889,False,2.959982000164496,0.936,0.975
QmRBYYxqQdVJuAXQYVQdWAah31vFKFjnhooPm9nssyBtSE,Tartini - Sonata a tre - violino II,per due Violini e Basso continuo op. VIII/6 bis,NA,NA,Giuseppe Tartini (1692-1770),NA,tartini-sonataatre-violinoii,publicdomain,0.0,0,0,340,1,1,0,222,1186,5.342342342342342,False,3.06369584914974,0.9342327150084316,0.9133064516129032
QmQKq6ztke6qZP1CmFdBRenBBzeWN2vTUjbidVx2TAXyfx,Tasse,NA,Unknown,Misc Traditional,Composer,folk,NA,cc-zero,0.0,0,0,13,0,1,0,65,76,1.1692307692307693,False,2.892053695795779,0.9473684210526316,0.9166666666666666
QmZmEH5e9mwFmb2NXUq4pr9xu4Tn47rNdxyv5btPSRsLBS,Taste or... WCD3/6.051,Connoisseur. WCD3/6.051 The,Taste or... WCD3/6.051,Misc tunes,NA,NA,NA,publicdomain,0.0,0,0,4,1,1,0,35,122,3.4857142857142858,False,2.48464074789329,1.0,0.9791666666666666
QmUf9j3bdsDrfhBniuZfw5DUQ4ED1SQ1FiktrS3SdAAr1j,Tater Walsen - Tinker's Waltz,NA,Tater Walsen - Tinker's Waltz,Misc tunes,Joe Buchanan's Scottish Tome - Page 586.0,NA,NA,publicdomain,0.0,0,0,10,1,1,0,459,1299,2.8300653594771243,False,2.812681867979105,0.9940828402366864,0.928955078125
QmWFREhZR8NTtxvQxZWsZvdLpppiDkDBP8GjB2oMCjkqDc,Tatter The Road (jig) 0906,NA,Tatter the road,Misc tunes,Unattributed,NA,NA,publicdomain,0.0,0,0,2,1,1,0,38,158,4.157894736842105,False,2.778609579395388,0.9873417721518988,0.928661616161616
QmWuu55fNAtZ6QdD4ZRtKZwtDoxtRnq2E99PZKiyLTAhog,Tatter the Road.,NA,Tatter the road,Misc tunes,NA,NA,NA,publicdomain,0.0,0,0,3,1,1,0,28,110,3.928571428571429,False,2.630532122801289,1.0,0.9166666666666666
QmeVk9kANpLkGSQUmMyEY8WZFTEPVcxEpkYstNw45nZ1qB,Tattoo (the 1st part to be continued while the Drum rolls),NA,Tattoo (the 1st part to be continued while the Drum rolls),Misc tunes,NA,NA,NA,publicdomain,0.0,0,0,11,1,1,0,26,94,3.615384615384616,False,2.6038590020733405,0.9787234042553192,0.9013157894736842
QmVniPVebH2Pq2Rzq8iGR7H3NuqGy4DYF7zgaXwtMZjbL4,Tattoo 9-P.M. - Regulation Fife Calls 1776-1856 7 ?,NA,Tattoo 9-P.M. - Regulation Fife Calls 1776-1856 7 ?,Misc tunes,NA,NA,NA,publicdomain,0.0,0,0,2,1,1,0,13,29,2.230769230769231,False,2.3621002914170965,1.0,0.9557291666666666
QmcjGzBY5jKStPk8BiGCkrAixiyhoCNWVgVgxpErCkhoPK,TAUNTON ASSEMBLY,NA,TAUNTON ASSEMBLY,Misc tunes,NA,NA,NA,publicdomain,0.0,0,0,2,1,1,0,36,242,6.722222222222222,False,2.7256787656548296,1.0,0.9479166666666666
QmUd5fSD5cYr8KazSjLqYC4jcX7GNuuHD1sRf4F7cZbW1v,Tavallisen taajaan,NA,Tavallisen taajaan,Misc tunes,NA,NA,NA,publicdomain,0.0,0,0,0,1,1,0,16,80,5.0,True,2.471127473337188,1.0,0.9401041666666666
QmRvbY3YtizjVCsWoWy2kpfpNWXg5JefUkgeiwbfsaWbVi,Tavaszi Szél Vizet Áraszt,NA,NA,NA,Composer,NA,hungarian-folk-eminor,cc-zero,0.0,0,5,898,1,1,0,8,33,4.125,False,2.2099186266198387,1.0,0.9479166666666666
QmdrsittKxxFabUyu7XBEb7J5qP5Zn23UnFFN1SgyXDRTr,Taverner - Audivi Vocem,NA,NA,NA,John Taverner (c.1490-1545),NA,NA,cc-zero,0.0,0,1,309,0,4,0-0-0-0,48,595,12.395833333333334,False,2.899769914777419,0.9779286926994908,0.9690315315315317
QmQFPniTCpH3wn4NrT96bDtnMpKoSwLg7C1iwCqP9wzWJ5,Taxa - R. Menthal,NA,Taxa,R. Menthal,NA,classical,NA,publicdomain,0.0,0,0,5,0,2,1-1,14,185,13.214285714285714,True,2.731033630077823,0.9837837837837838,0.9666666666666668
QmPfveyRoonsTyzJXkVwijzaJiaCRRnLAcf8b3t8Y2Nh29,Taxi Cab - Twenty One Pilots,NA,Taxi Cab,Twenty One Pilots,Twenty One Pilots,rock-hiphop,NA,cc-zero,4.42,4,27,533,1,1,0,152,1408,9.263157894736842,False,2.6619570135235326,1.0,0.954358552631579
QmeaKgExmPDKpUbN76G5vTAQHWRPx2exbq5vDxLFmJLHmv,TAYLOR (Gould) - J. E. Gould,NA,TAYLOR (Gould),J. E. Gould,NA,classical,NA,publicdomain,0.0,0,0,8,1,1,0,20,236,11.8,False,2.744427638589991,0.9830508474576272,0.9519230769230768
QmTrxcAYV1JDitdTWUZWvZJnhuevJeMyCJBWQMxb5bNGpD,Taylor done over - FJ Adams,NA,Taylor done over - FJ Adams,Misc tunes,NA,NA,NA,publicdomain,0.0,0,0,6,1,1,0,21,62,2.952380952380953,False,2.721965744284102,1.0,0.9315476190476192
QmakcvBopBewHSFwu8KiE6VJ7cfAFkc9FVBrKF5PKMNDDq,TBD,Ragtime composition for Reddit Composition Challenge 2 - Sept 25 2019,NA,NA,Nick Piovesan,NA,ragtime,cc-zero,0.0,0,0,31,2,1,0,71,741,10.43661971830986,False,3.3628774067465512,0.7584345479082322,0.9637820512820512
QmXXy7z89Mwgd5vP7VoLnPy2uB8GYwTwWs7LjTrvm72acY,TBM - Rush Area 51,NA,TBM - Rush Area 51,larry55yt,NA,NA,NA,cc-zero,3.77,23,12,1117,3,1,0,144,3868,26.86111111111111,False,3.283679633776026,0.7241179872758821,0.941695601851852
QmXdgmzbQkHiGypRqg24Qz5mBfrEoEEGw8aSFXyTrosnnB,Tchaikovsky - Four Corners,NA,Four Corners,Pyotr Ilyich Tchaikovsky,Tchaikovsky,classical,NA,publicdomain,0.0,0,0,16,1,1,0,18,97,5.388888888888889,False,2.7075788123873226,0.9587628865979382,0.95703125
QmQGnEro2fNwHLZ9nmdry7ukt6GcfcVoF8x6qqqdZAkTD8,Tchaikovsky Piano Concerto No 1 2nd Mvmt (Arr. for 2 pianos),2nd Movement,Piano Concerto No.1 Op.23,Pyotr Ilyich Tchaikovsky,Peter Tchaikovsky,classical,NA,cc-zero,4.72,8,9,822,0,2,0-0,171,5020,29.35672514619883,False,3.497594210148635,0.6772085178157284,0.7910974499089254
QmUQwaxp8sn7nWnmYRAu1iVtY7tfV7kSBgrV4DNcUr5eEr,Tchaikovsky Piano Concerto No. 1 1st Mvmt (arr. for 2 pianos),1st Movement,Piano Concerto No.1 Op.23,Pyotr Ilyich Tchaikovsky,Peter Tchaikovsky,classical,NA,cc-zero,4.85,120,192,23132,0,2,0-0,674,19667,29.179525222551927,False,3.399546932456716,0.7973543797243219,0.6565755208333333
QmXKBQAJh6NvS5EDym8TozCPwBmj33F6Ugv8Kfg2TyhCc6,Tchaikovsky Romeo and Juliet Overture Fantasy (Arr. for 2 pianos),NA,Romeo and Juliet (overture-fantasia),Pyotr Ilyich Tchaikovsky,Peter Tchaikovsky,classical,NA,cc-zero,4.89,15,29,1346,0,2,0-0,522,15905,30.46934865900383,False,3.5321910327295893,0.6554395951929158,0.960603112840467
QmYn2QKJtcR4QysEtdVvZKNp6FZ6dKtV3PKJCdZQJHS7VQ,Tchaikovsky Swan Lake Suite Excerpt (Arr. for Piano 4 hands),NA,Swan Lake (suite) Op.20a,Pyotr Ilyich Tchaikovsky,Peter Tchaikovsky,classical,NA,cc-zero,4.79,50,226,6233,0,2,0-0,70,1829,26.12857142857143,False,3.1200779365004685,0.8890134529147982,0.829594017094017
Qma9BM14p2TMSLs2uVPVW6Uz8p3NpkwimTjeLgcNr9dftp,Tchaikovsky Symphony No. 5 (3rd Movement Valse) Piano solo,3rd Movement Valse,Symphony No.5 Op.64,Pyotr Ilyich Tchaikovsky,Peter Tchaikovsky,classical,NA,cc-zero,4.56,13,30,1611,3,1,0,266,3755,14.11654135338346,False,3.38999146684854,0.8021390374331551,0.9566582914572864
Qmf1sf4ceKAaPwS7MM2DX7y4X22Qa1oZWghf1jNaJKykcX,Tchaikovsky Symphony No. 6 4th Movement (Piano solo),Pathétique,Symphony No.6 Op.74,Pyotr Ilyich Tchaikovsky,P. Tchaikovsky,classical,transcription,cc-zero,4.88,30,113,7530,3,1,0,171,3337,19.514619883040936,False,3.280557288599597,0.8558153477218226,0.7878472222222223
QmaBEqUAYrb8T967PxcF6T2fDMvEfhqjxPGrZf86mH4czy,Tchaikovsky Waltz of the Flowers from The Nutcracker (Piano 4 hands),From the Ballet The Nutcracker,The Nutcracker (ballet) Op.71,Pyotr Ilyich Tchaikovsky,Peter Tchaikovsky,classical,NA,cc-zero,4.84,241,1260,54261,0,2,0-0,403,6919,17.168734491315135,False,3.239286110479984,0.8828324808184144,0.6529947916666667
QmZgQtckUmUAkbhsGKE3qD2GuQVkxJJd1pCG9ReynZbqNG,Tchaikovsky-April,NA,The Seasons Op.37a,Pyotr Ilyich Tchaikovsky,NA,classical,NA,cc-zero,4.52,16,25,983,0,1,0,87,1353,15.551724137931034,False,3.249542761420209,0.8585256887565152,0.9213888888888888
QmcTt8mzNPLZMSfxGDBMhFayNR7GifrDgR7FqMdHr4BYr3,TD25 CE - Character Select,From Terminal Delusion XXV Collector's Edition,NA,NA,Stephen MacLellan,NA,terminaldelusion-characterselect-vgm-videogame-notreal,cc-zero,0.0,0,4,214,2,1,0,32,464,14.5,False,3.2713288976903394,0.8414096916299559,0.9661458333333334
QmagLWai7SC512GBkhCbeuk9fZvc3pGoZttynreCbeYV17,TDOH,NA,TDOH,hadizoubeir,NA,NA,NA,cc-zero,0.0,0,0,2,0,4,0-0-0-0,267,1017,3.808988764044944,True,3.48517413718992,0.7414965986394558,0.9768880208333334
QmemkrGgvgE4UbxNUfMt44vVoUWgKU8Gngvih7EHycGici,Te Creo,(Te Quiero),Te Creo,Violetta,Violetta Banda Sonora,NA,music-song-songs-argentina-violetta-musics-pontuaovioleta-violettaspartito-violettascore-violettasheetmusic-violettapartitura-violettacastillo-martinastoessel-buenosaires-disneychannel-violettasoundtrack-violettatheme,publicdomain,3.73,12,114,74361,1,1,0,105,1012,9.638095238095238,False,2.876326971031109,0.8824110671936759,0.9127859477124184
QmYLhHfAMmu5eHHQ7iXd87utcdVmWRaLMgKrVsyCXjxG3K,Te Deum laudamus,NA,Te Deum laudamus,Anonymous,NA,classical,NA,publicdomain,0.0,0,1,49,0,3,0-0-0,130,1159,8.915384615384616,False,2.715826619155852,1.0,0.9555267702936096
QmPEfVWV3Gu1VhDsbrcxSx8xteksemyR1vJ9VB1SxSFz4V,TE DEUM LAUDAMUS (Barnby) - Joseph Barnby,NA,TE DEUM LAUDAMUS (Barnby) - Joseph Barnby,Joseph Barnby,NA,classical,NA,publicdomain,0.0,0,0,5,1,1,0,9,112,12.444444444444445,False,2.8303686609908287,0.9464285714285714,0.9348958333333334
QmNT35YjoiisEYWLreV3F45iBosFXBRSx2SX8TPAtQTFCT,TE DEUM LAUDAMUS (Jackson) - Wm. Jackson of Exeter,NA,TE DEUM LAUDAMUS (Jackson),Wm. Jackson of Exeter,NA,classical,NA,publicdomain,0.0,0,1,52,2,1,0,126,1583,12.563492063492063,True,3.0722656277876204,0.9027163613392292,0.9478319783197832
QmaZxiB83sLWabBzyj16cgLYsg9gZUFYkMqhpYCkwo1L3a,Te Deum laudamus - Joseph Furmanik,Hymnus S.S. Ambrosii et Augustini,Te Deum laudamus,Joseph Furmanik,Juzef Furmanik,classical,NA,publicdomain,0.0,0,0,57,0,1,0,98,1850,18.877551020408163,True,2.930152014141876,0.9619686800894854,0.9759166666666668
QmXSp6H1e2Wzx6JrUJkDf1Rgz8Zk4UpAeDoxM8T2fdmjmc,Te Deum laudamus op.10a - Franz Xaver Witt,NA,Te Deum laudamus op.10a,Franz Xaver Witt,Fr. Witt op. 10a,classical,NA,publicdomain,0.0,0,0,49,0,4,0-0-0-0,206,3199,15.529126213592232,True,3.070740189553711,0.9263508512213176,0.9600694444444444
QmdpKLd3nuxbqcK2Xc3rExdour1eMQ7DBZBN6whp9tuGJ4,Te dignitas presularis - Johannes Brassart,NA,Te dignitas presularis,Johannes Brassart,NA,classical,NA,publicdomain,0.0,0,0,5,0,3,0-0-0,132,755,5.71969696969697,False,2.8923189146574337,0.950402144772118,0.9756944444444444
QmUHmJxJ1aMLZzKUQ87wHuusCuUeubjV5fyoGchYwMoUwp,Te lucis ante terminum - Anonymous (Gregorian chant),NA,Te lucis ante terminum,Anonymous,NA,classical,NA,publicdomain,0.0,0,0,62,0,2,0-0,7,39,5.571428571428571,True,2.313705647640324,1.0,0.9541666666666668
QmTRXXLiDqVFDpyEQNNVbFGh2qJZTDE5FkWzxgSNimzd9M,Te lucis ante terminum - Francisco Valls,Hymnus ad completoriumcum 4º voces,Te lucis ante terminum,Francisco Valls,Francisco Valls (1665-1747) Edited by Jonathan Goodliffe and Mick Swithinbank,classical,NA,publicdomain,0.0,0,0,34,0,8,0-0-0-0-0-0-0-0,35,1028,29.37142857142857,True,3.0292949001745297,0.884125144843569,0.962962962962963
QmPjMi4mErVVGy7mEjYz6JHpTnQpiQ2uC5WXd2WdZPqMPH,Te va a gustar,Pendiente de arreglos pero muy chuloFalta clave de Fa título detalles de Dinámicas etc,Te va a gustar,Luis Terrados,Luis Terrados Valderas,NA,luis-terrados-piano-inspiracion-disfruta-comparte,cc-zero,0.0,0,0,5,1,1,0,129,434,3.364341085271318,False,2.581831645082816,1.0,0.9478070175438597
QmcLWyaoPBjtwgjV5BzTWcNs1yNDxgtUhYYNp2svq9XMuN,Tea in the morning,NA,Tea In The Morning,Misc tunes,anon.,NA,NA,publicdomain,0.0,0,0,3,1,1,0,12,91,7.583333333333333,False,2.6243692761858965,1.0,0.9230769230769232
QmPJTDfaofw36UJFuDrUxbv15MjqL5Fz8sZMpgqWj8KTxF,TEA IN THE MORNING -- Jig.,NA,Tea In The Morning,Misc tunes,NA,NA,NA,publicdomain,0.0,0,0,3,1,1,0,16,116,7.25,False,2.614867704475216,1.0,0.9108796296296297
QmPWMBK48Pz8UYUTDHoZ4wYyHDXKzakb73AfGdeqyNyx7K,Teach me O God that I may know - Adam Geibel,NA,Teach me O God that I may know,Adam Geibel,NA,classical,NA,publicdomain,0.0,0,0,6,1,1,0,20,247,12.35,False,2.5739578904855063,0.97165991902834,0.8854166666666666
QmdRGfoAjM7DksmF8p6iGmfVZBrcowAJpKpssH1cTMBXf6,Teach Me Thy Will - C. S. Kauffman,NA,Teach Me Thy Will - C. S. Kauffman,C. S. Kauffman,NA,classical,NA,publicdomain,0.0,0,0,3,1,1,0,16,227,14.1875,True,2.548972830442811,0.9955947136563876,0.9388888888888888
Qme63Tp9M9eZHQuGpDbSKRHH7juN5u145L4rewyEAMMfdA,Teach Solais,NA,Teach Solais,Misc tunes,NA,NA,NA,publicdomain,0.0,0,0,2,1,1,0,24,192,8.0,False,2.6063377987330565,1.0,0.9930555555555556
Qma7w3HYUT9Xip1Qggtq4Gm1XtPWXGGBgtnG4AtXLGoTM9,Team Fortress 2 - The Calm,Arranged by Bram Maurix,team fortress 2 - the calm,Misc Computer Games,NA,soundtrack,teamfortress-tf-teamfortress-thecalm-mannvsmachine-mannversusmachine-valve-videogame-tfthecalm-taioo-teamfortressthecalm-mannco-gamemusic,cc-zero,4.85,11,23,994,2,1,0,32,429,13.40625,False,2.7384033852127385,0.9463869463869464,0.9466145833333334
Qmf3fRhCECjB3jWcMrTdPBmVXaZZ956R3qJRrkiDVdx11R,Tear It to Rags,Str\'oic ina Ghiobail \'E,Tear It to Rags,Misc tunes,NA,NA,NA,publicdomain,0.0,0,0,1,1,1,0,20,192,9.6,False,2.505584911165463,1.0,0.9361111111111112
QmdSJQwwZYzq7m5VBCYDDXgvM45Qq12GUTT2c8RzERprZZ,Tear The Calico,NA,Tear The Calico,Misc tunes,NA,NA,NA,publicdomain,0.0,0,0,3,1,1,0,24,175,7.291666666666667,False,2.5684110037755703,1.0,0.9221014492753624
QmTh8wBb87qQJYd8fKNPKPqPEAg3gHhD6oWcnUU2MNhmd7,Tear The Calico,NA,Tear The Calico,Misc tunes,NA,NA,NA,publicdomain,0.0,0,0,2,1,1,0,34,242,7.117647058823529,False,2.6444088242329142,1.0,0.9205729166666666
Qma9WnCkg4SAcm83NbTU9hC9zqy9FioDe3U77ewifXryF8,Tear the Calico (1),NA,Tear The Calico,Misc tunes,NA,NA,NA,publicdomain,0.0,0,0,1,1,1,0,3,23,7.666666666666667,False,2.426221479642774,1.0,0.9236111111111112
Qmc7CPSgKRP9z6ZNAaGXM6jYb5hWit9MmJzPVdc9W5U8sy,Tear the Calico (2),NA,Tear The Calico,Misc tunes,NA,NA,NA,publicdomain,0.0,0,0,2,1,1,0,5,29,5.8,False,2.305294227677663,1.0,0.9375
Qme63ZA2FgXxeN2Fe6VDg9eSFvQLQcAVcLgoTVZEBssejy,Tear The Callies,NA,Tear The Callies,Misc tunes,NA,NA,NA,publicdomain,0.0,0,0,2,1,1,0,40,214,5.35,False,2.239637363653604,1.0,0.9680555555555556
QmPy3vXKkh2b8BreFpAXa6FBVE5aKS7vRQvVxWNUHL47CL,tears,NA,tears,heart74039612,êíë¼,NA,NA,cc-zero,0.0,0,0,6,1,1,0,32,145,4.53125,True,2.726827947089157,1.0,0.9027777777777778
QmdWEpF2j8aTVrbE8QgmreLjBJLuQq2GjDUXTFUeGU5bhF,Tears,NA,Tears,WerdnaCui,Aspect,NA,sad-piano-solo-short-emotional-tears,cc-zero,4.79,7,35,658,1,1,0,32,330,10.3125,False,2.697680790362302,1.0,0.9798177083333334
QmVeA5H8e5K9XRfjjuqkHHRQ1vhaJCbEztr6igST2CKhy8,Tech Triumph,NA,Tech Triumph,Wilfrud Maddux,Hokie Bird,classical,NA,cc-zero,0.0,0,0,244,0,1,0,35,177,5.057142857142857,False,2.938896765516604,0.9322033898305084,0.9007352941176472
QmckmojBrTAqVmHQDE4JBYkfHWPKSkofN1C1a18MrRy8KS,Tedesca,Hob. IX/22 No. 3,NA,NA,Franz Joseph HAYDN,NA,NA,cc-zero,0.0,0,3,460,0,1,0,34,212,6.235294117647059,False,2.892194901632826,0.9528301886792452,0.9691666666666666
QmZzztkQRa7nFXWXQ9HejzgJeg5W5NCCyhJhTApWXrF4DJ,Teen Idle,NA,teen idle,Marina and The Diamonds,Marina And The Diamonds,pop,marinaandthediamonds-teenidle-pianotutorial-arrangement,cc-zero,4.86,12,182,7632,1,1,0,75,570,7.6,False,2.850207881394456,0.9576719576719576,0.9192708333333334
QmbeCaeoLd9dBLFV2xfxbwfjYRcGPTkEghtocTBUvCPQz4,Teenagers - My Chemical Romance,My Chemical Romance,teenagers,My Chemical Romance,Arranged by lukas123731,rock,mychemicalromance-teenagers-pianosolo,cc-zero,4.74,69,485,8019,2,1,0,75,1400,18.666666666666668,False,2.731375162054627,0.9714285714285714,0.9402412280701754
QmbJPKPEzwWrAZXWQ5ghJunjDGbs25y37E4znzBz4quXNQ,teethin' like a baby,NA,teethin' like a baby,Littlejd2010,NA,NA,piano-teething-baby-b-minor-a,cc-zero,0.0,0,2,27,2,1,0,96,2600,27.08333333333333,False,3.170308235912467,0.9081435739096874,0.8565613026819924
Qmb4dkk4HWDXfKFwCsuFMhd3QdT5apXJXg3qKsAzf9dU1N,Teetotaller,Temperance,Teetotaller,Misc tunes,NA,NA,NA,publicdomain,0.0,0,0,1,1,1,0,45,301,6.688888888888889,False,2.73868494263358,1.0,0.9708333333333332
QmP1nDCEDJgTuHeEGnQxR2oqa8RhonuVyiMGbgC1WXM89t,Teig Maire's Daughter (air) 0017,NA,Teig Maire's Daughter,Misc tunes,after Chief F. O'Neillwith expression,NA,NA,publicdomain,0.0,0,0,1,1,1,0,17,145,8.529411764705882,False,2.681839385636404,1.0,0.9322916666666666
QmeefBNJNak21ANVczhew3HTmNP1UE1VJ5vYndoqndVFNU,Teiliwr Y,Tailor The,Teiliwr Y,Misc tunes,NA,NA,NA,publicdomain,0.0,0,0,3,1,1,0,16,68,4.25,False,2.569655723872044,1.0,0.9201388888888888
Qmbf3CpJx6sZ8vTgTnB4gC9JBNMwty2pPwEQSC2gVJQmQs,Tekeli. 2voices. Dix.21,NA,Tekeli. 2voices. Dix.21,Misc tunes,NA,NA,NA,publicdomain,0.0,0,0,2,0,2,0-0,34,288,8.470588235294118,False,2.5367801345036334,1.0,0.9210069444444444
QmNjDeFNM7kKdQ3oJXk2fetVbxfr7R9Bwtbisuz8MubwT1,Telemann - Alice,NA,Alice,Telemann,Telemann,classical,NA,publicdomain,0.0,0,0,16,1,1,0,21,52,2.4761904761904763,False,2.690557649552876,1.0,0.9180555555555556
QmcEK7C91cme1MrYf6H2AioFq9QmapDrsJ99Ek5s5WAid5,Telemann - Sonata 6,3. Soave,Sonata 6,Telemann,Telemann,classical,NA,publicdomain,0.0,0,2,20,0,2,0-0,76,601,7.907894736842105,False,3.1888813006526666,0.8833333333333333,0.9404761904761904
QmWzq9CoNJbbMKAPcnqfzcmY5PnwK1znjeGq1vGjdQaTsU,Telemann - Sonata 6,2. Presto,Sonata 6,Telemann,Telemann,classical,NA,publicdomain,0.0,0,0,16,0,2,0-0,156,917,5.878205128205129,False,3.0478363667490567,0.93224043715847,0.9965277777777778
QmRBVydquAVKWQZJdesNyLUCnnUKL78TdG6DRqeNSg95z5,Telemann - Sonata 6,1. Affetuoso,Sonata 6,Telemann,Telemann,classical,NA,publicdomain,0.0,0,0,19,0,2,0-0,34,687,20.205882352941178,False,3.082274756323908,0.927007299270073,0.9602864583333334
QmZRnTczBBFguw9BpGVSb5sfg2cFCG1vwFoBiJWiLgYvgV,Telemann - Sonata 6,4. Spirituoso,Sonata 6,Telemann,Telemann,classical,NA,publicdomain,0.0,0,2,19,0,2,0-0,186,1224,6.580645161290323,False,3.004388222569915,0.9376026272577996,0.8300925925925926
QmY3qr7kSFMGtWJyMBB9yW6NUz71JBsdpT3iKvByRCNy4E,TELEPHONE POLKA,NA,TELEPHONE POLKA,Misc tunes,NA,NA,NA,publicdomain,0.0,0,0,23,1,1,0,78,567,7.269230769230769,False,3.287652698216514,0.8324514991181657,0.9210526315789472
QmP1xrxwRVtydSK3rzuvbnY88ju26roTjVmHUu4nruxnbp,Telescope,NA,NA,NA,Christopher Berger,NA,NA,cc-zero,0.0,0,1,397,1,1,0,33,378,11.454545454545457,False,2.904707873864256,0.9413333333333334,0.9242424242424242
QmaeBp4WfDLLrBaE5iPsbr3YjHfnkWs57BfnNazo1UVB7c,Telg?raf?n Tellerine...,NA,Telg?raf?n Tellerine...,Misc tunes,(Anonim),NA,NA,publicdomain,0.0,0,0,9,1,1,0,40,420,10.5,True,2.2418909634638533,1.0,0.871875
QmVM7KMx3G2k9yVtGUp25y4z8yHD5f9FCHF6KA3bmiefGb,Tell again the wondrous story - Frank A. Simpkin,NA,Tell again the wondrous story,Frank A. Simpkin,NA,classical,NA,publicdomain,0.0,0,0,3,2,1,0,20,284,14.2,False,2.6883798493140403,0.9753521126760564,0.8298611111111112
QmUtkJ6nHXhXXN212awQi6BNUQ4Du9pVJgNsXw9D1g6sYx,Tell Her I Am,NA,Tell Her I Am,Misc tunes,Joe Buchanan's Scottish Tome - Page 256.3,NA,NA,publicdomain,0.0,0,0,2,1,1,0,45,234,5.2,False,2.617401355674554,1.0,0.9791666666666666
QmejQAUFc5TMyYySWtyjjsR2bbZ1HQFjEaRn8Xwd9YrCZb,Tell her I am,NA,Tell Her I Am,Misc tunes,anon.,NA,NA,publicdomain,0.0,0,0,1,1,1,0,27,145,5.37037037037037,False,2.6784011822763865,1.0,0.976851851851852
QmaHiuwXsmgqTRqyHcHFLs1JKzDvwKKJQZR8GxDKJzTV8C,Tell Her I Am (A56),NA,Tell Her I Am,Misc tunes,NA,NA,NA,publicdomain,0.0,0,0,1,1,1,0,62,321,5.17741935483871,False,2.62723116445237,0.9968847352024922,0.976686507936508
QmXqdT2e2UhQeFy6ZSuUd6jc2tJ6e8HEn3dZbwUpcnpp6e,Tell Her I Am (jig) 0749,O'Neill's Music Of Ireland (The 1850) Lyon & Healy Chicago 1903 edition,Tell Her I Am,Misc tunes,after Mr. Delaney,NA,NA,publicdomain,0.0,0,0,4,1,1,0,38,196,5.157894736842105,False,2.6522509806703947,1.0,0.9783333333333332
QmSUYANfQZmKEMbEYdT9tANhVv1SGWiuuJKeDHmomBd5xx,Tell Him,NA,tell him,Celine Dion,Celine Dion and Barbra Streisand Music and Words by Linda Thopmson,pop,NA,cc-zero,4.6,30,98,3600,2,1,0,89,1296,14.561797752808989,False,3.149850765423242,0.9012345679012346,0.8703183520599251
Qma46qmnKGhDbtHGFrBb2NTKmfAcwnupRgZtrKvghogeQv,Tell it again! let me hear the strange story - D. B. Towner,NA,Tell it again! let me hear the strange story,D. B. Towner,NA,classical,NA,publicdomain,0.0,0,0,6,1,1,0,25,251,10.04,True,2.3584245322727977,1.0,0.912037037037037
QmTUAtVth8P2c7FuusGgXBpKodWjy2io4UL4NKDqkuNSSR,Tell It On The Mountain,NA,NA,NA,Ng T.Y.,NA,NA,cc-zero,0.0,0,3,233,1,1,0,34,709,20.852941176470587,False,2.632139964647151,1.0,0.9292929292929292
QmVafCmtDPpycrfJsNuoKGC2hJDtyfCijY4gdWmLEBh9tX,Tell it on the mountain,NA,NA,NA,Ng T.Y.,NA,NA,cc-zero,0.0,0,5,268,1,1,0,24,296,12.333333333333334,False,2.6570537343276794,0.9932432432432432,0.9357638888888888
QmcM5E2q6SMJuqk851axXftkF9yJ5B2yfk5VKGHwbvTzcf,Tell it out among the nations that the Lord is King (Hackleman) - W. E. M. Hackleman,NA,Tell it out among the nations that the Lord is King (Hackleman),W. E. M. Hackleman,NA,classical,NA,publicdomain,0.0,0,0,6,2,1,0,23,433,18.82608695652174,False,2.549394287905046,1.0,0.8115079365079365
QmTCedsimizcBjEJAcvoTnSQjQo84dLQYUnWk6KLK2kcV8,Tell it out among the nations that the Lord is King (Keck) - E. D. Keck,NA,Tell it out among the nations that the Lord is King (Keck),E. D. Keck,NA,classical,NA,publicdomain,0.0,0,0,5,1,1,0,18,302,16.77777777777778,False,2.221917621620148,1.0,0.9401041666666666
QmRCYkyJLq3kbPJeCV78uWzRTMRSgp7tRWEAFWgLwuar2t,Tell it out among the people that the Lord is King (Hall) - J. H. Hall,NA,Tell it out among the people that the Lord is King (Hall),J. H. Hall,NA,classical,NA,publicdomain,0.0,0,0,3,2,1,0,21,405,19.285714285714285,False,2.614012507148565,0.9901234567901236,0.85
QmRr7SuD6mzNyJZJQSW9JR1rQeqsJs3WMahh7mbYu618tx,Tell it out among the people that the Lord is King (McPhail) - M. L. McPhail,NA,Tell it out among the people that the Lord is King (McPhail),M. L. McPhail,NA,classical,NA,publicdomain,0.0,0,0,2,1,1,0,17,319,18.764705882352946,False,2.734009214065986,0.9780564263322884,0.9296875
QmTsQuyZEuaG6DkjiG5jTVUSsM2pknvbopjFk75QrJ7tBD,Tell it out with loud hosannas that Jehovah reigns - Ira D. Sankey,NA,Tell it out with loud hosannas that Jehovah reigns,Ira D. Sankey,NA,classical,NA,publicdomain,0.0,0,0,8,2,1,0,17,340,20.0,False,2.5390158127527003,0.9852941176470588,0.909313725490196
QmUgGmWC4AgRND2VF6DBEfHWc4u63mcftARsdZKRmEaH62,Tell it wherever you go - C. Harold Lowden,NA,Tell it wherever you go,C. Harold Lowden,NA,classical,NA,publicdomain,0.0,0,0,5,2,1,0,17,340,20.0,False,2.836413484678463,0.9382352941176472,0.9240196078431372
QmWoL7k7XKeJPGe4z12Jhi5xUB93FQSHk9tcdw5YSqpKrV,Tell Jesus tell Him everything - Rev. Elisha A. Hoffman,NA,Tell Jesus tell Him everything,Rev. Elisha A. Hoffman,NA,classical,NA,publicdomain,0.0,0,0,4,1,1,0,20,207,10.35,False,2.5900562752370107,0.9758454106280192,0.9739583333333334
Qmf6U8KWogzgDyehJERKaMJWVkD8kegYwECUbqQEEKutiD,Tell me about the Master - Adam Geibel,NA,Tell me about the Master,Adam Geibel,NA,classical,NA,publicdomain,0.0,0,0,4,2,1,0,16,249,15.5625,True,3.1108845661395352,0.907258064516129,0.9375
QmXGV5UP3hBF2JKcKvkjru3w2cCs1NE1LdZbLdUC2v9K85,Tell me all about Jesus - Chas. Edw. Pollock,NA,Tell me all about Jesus,Chas. Edw. Pollock,NA,classical,NA,publicdomain,0.0,0,0,3,1,1,0,16,216,13.5,True,2.470648183725184,1.0,0.9204545454545454
QmSZ63Q9BMbdLYXRSMyFhLT9Ua2ENHvCvReZjfjPSdPEZn,Tell me Jesus tell me can I safely go - Will H. Garey,NA,Tell me Jesus tell me can I safely go,Will H. Garey,NA,classical,NA,publicdomain,0.0,0,0,2,2,1,0,16,350,21.875,True,2.565298976377038,0.9828571428571428,0.9140625
QmfZxdqihTN27koCxKiwuH539LScAScsAAdeHCnyQHx8sT,TELL ME MY LUTE.,Serenade from The Duenna.,TELL ME MY LUTE.,Misc tunes,NA,NA,NA,publicdomain,0.0,0,0,4,1,1,0,41,157,3.829268292682927,False,2.8584244261507408,0.961783439490446,0.913074712643678
QmXwjX5HftvYj37998A14CgwdNbKnXE6L8TxwYcKLLksjx,Tell me not my lot is sadness - Wm. J. Kirkpatrick,NA,Tell me not my lot is sadness,William J. Kirkpatrick,NA,classical,NA,publicdomain,0.0,0,0,2,2,1,0,19,279,14.68421052631579,False,2.6112512968821764,0.985663082437276,0.94140625
QmRofu1gSf7oR7LnCUR4XM8N18E5ToudWbg15DpxfdASYv,Tell me once more about Jesus - Lanta W. Smith,NA,Tell me once more about Jesus,Lanta W. Smith,NA,classical,NA,publicdomain,0.0,0,0,8,2,1,0,27,388,14.37037037037037,True,2.684893156160094,0.961340206185567,0.8726851851851851
QmbafjxXGY1PkJ4ZVvaC3kqGXrZRPVZoSXBEwDe7Ze1fWn,Tell me the old old story (Excell) - E. O. Excell,NA,Tell me the old old story (Excell),E. O. Excell,NA,classical,NA,publicdomain,0.0,0,0,27,1,1,0,26,361,13.884615384615383,False,2.5812315383656377,0.9778393351800554,0.8949652777777778
QmP3DqXY3JUit4bm5kxWSsRXqRmrAzLeUqfZ7GQp1GvSFo,Tell me the old old story - D. B. Towner,NA,Tell me the old old story,D. B. Towner,NA,classical,NA,publicdomain,0.0,0,0,12,1,1,0,16,218,13.625,True,2.5990280683188955,0.9954128440366972,0.9544270833333334
QmexJyfryZ28RwHrq8EHTuzReaN2bxptVzEronnW2RfiZd,Tell me the stories of Jesus - W. H. Doane,NA,Tell me the stories of Jesus,W. H. Doane,NA,classical,NA,publicdomain,0.0,0,0,20,1,1,0,33,372,11.272727272727272,True,2.761767386307584,0.9619565217391304,0.9626736111111112
QmNxo4Zs5mu7mvFJkmoPr3SBKxU8dXPamsb1wgHM6mb7Xs,Tell me the story of Jesus again - Chas. H. Gabriel,NA,Tell me the story of Jesus again,Chas. H. Gabriel,NA,classical,NA,publicdomain,0.0,0,0,7,1,1,0,24,444,18.5,True,2.8164304240224696,0.9572072072072072,0.9305555555555556
QmYHtYLDtGPNnKN7UzGkP4mxjs9ZwKsEgDTXVtdkuNwkKj,Tell me the story sweet - E. S. Howard,NA,Tell me the story sweet,E. S. Howard,NA,classical,NA,publicdomain,0.0,0,0,3,2,1,0,18,489,27.166666666666668,True,2.4397391119013583,1.0,0.8541666666666666
QmVukUhRMwRqUDU6Rj3K2pYgoJngHuHwxnoVQfqjVA46UN,Tell Me What the Fiddle ?Als. TCo.21,NA,Tell Me What the Fiddle ?Als. TCo.21,Misc tunes,NA,NA,NA,publicdomain,0.0,0,0,5,1,1,0,12,95,7.916666666666667,False,2.7585336464752723,1.0,0.9461805555555556
QmSE3KmBRsrkDwBXKdRbJoTotfTLjtiTBHXsbpryerzFdB,Tell me whom my soul doth love - W. F. Sherwin,NA,Tell me whom my soul doth love,W. F. Sherwin,NA,classical,NA,publicdomain,0.0,0,0,4,1,1,0,8,101,12.625,True,2.521203769102563,1.0,0.8923611111111112
QmawME94MN8EcbfEVR1Rz2CMa5oEwmEydKhcXq8GiQBeMA,Tell out the joyful tidings - Ira D. Sankey,NA,Tell out the joyful tidings,Ira D. Sankey,NA,classical,NA,publicdomain,0.0,0,0,2,1,1,0,18,226,12.555555555555555,False,2.564150698418932,0.9778761061946902,0.8878205128205128
QmRxPPsxcc32q5E8k5dzD6vvfsB5GmboWKNkW31gGjXbfR,Tell the glad story how Jesus can save - Charlie D. Tillman,NA,Tell the glad story how Jesus can save - Charlie D. Tillman,Charlie D. Tillman,NA,classical,NA,publicdomain,0.0,0,0,2,2,1,0,25,385,15.4,True,2.6847503182238976,0.9558441558441558,0.9282407407407408
QmSL2cgVjeED8B22gg1UmyLmguFhcR5NbEYBqNAdAAKjES,Tell the good news of a Saviors birth - J. T. Reese,NA,Tell the good news of a Saviors birth,J. T. Reese,NA,classical,NA,publicdomain,0.0,0,0,3,1,1,0,26,360,13.846153846153848,True,2.4271855304433263,1.0,0.8761574074074074
QmVMQfUXW15msKkgdGRmAWU48rhqRotwFFMjdVKTkXKwic,Tell the good news the wondrous story - W. A. Ogden,NA,Tell the good news the wondrous story,W. A. Ogden,NA,classical,NA,publicdomain,0.0,0,0,3,2,1,0,18,291,16.166666666666668,False,2.7123753784494182,0.9828178694158076,0.9560185185185184
QmfJeZm6MphrJ2rBUmB9oyCbu3AmwncTPEeA24BXPayo5w,Tell the love of Christ abroad - Jno. R. Bryant,NA,Tell the love of Christ abroad,Jno. R. Bryant,NA,classical,NA,publicdomain,0.0,0,0,2,1,1,0,20,399,19.95,False,2.573995738494295,0.9899749373433584,0.9153645833333334
QmUCw8TfH23E9GCEPWsPDMKnEARx5A2wwHD2YJxeVtYMcb,Tell the nations far and the nations near - L. E. Jones,NA,Tell the nations far and the nations near,L. E. Jones,NA,classical,NA,publicdomain,0.0,0,0,5,1,1,0,19,258,13.578947368421051,False,2.474199148556385,0.992248062015504,0.9544270833333334
QmRzRZ21V3u9sMK324SaiGBtDCzNmpE4CgNtEmAph5AdZt,Tell the story true of the noble band - Chas. H. Gabriel,NA,Tell the story true of the noble band,Chas. H. Gabriel,NA,classical,NA,publicdomain,0.0,0,0,3,2,1,0,18,306,17.0,False,2.865268342757407,0.9509803921568628,0.9558823529411764
QmQDvopHQPHiopYHhYFbP5bFVNjAQrqPrHK6SM9439zjRg,Tell the sweet old story - J. M. Black,NA,Tell the sweet old story,J. M. Black,NA,classical,NA,publicdomain,0.0,0,0,2,1,1,0,16,322,20.125,True,2.515205315066102,0.9875776397515528,0.9402777777777778
QmeFDx1QdCBgauuMTqguvPqfEDWKJcDqd9bH9BrKxvHZBq,Tell what the Lord has done for you - E. C. Avis,NA,Tell what the Lord has done for you,E. C. Avis,NA,classical,NA,publicdomain,0.0,0,0,2,2,1,0,16,243,15.1875,True,2.5191730766674008,0.9835390946502056,0.9472222222222222
QmYhZYvTKvnJNV3eoVYMH8BiyBNLNgnq3WAxd3A1oDyyHD,Tem Shop - Toby Fox,NA,Tem Shop,Toby Fox,Toby Fox,soundtrack,piano-tobyfox-undertale-temshop,cc-zero,0.0,0,4,183,1,1,0,18,299,16.61111111111111,False,2.702868470094527,1.0,0.945601851851852
QmNdFE8JCGFtwrBcFiGcvEKfRpnna33DFszjsk8xNqRTQG,Tema de La Creació - Haydn,NA,Tema de La Creació - Haydn,Josep_M,Haydn,NA,NA,cc-zero,0.0,0,0,7,0,1,0,17,52,3.0588235294117645,False,2.5222286451687004,1.0,0.9674479166666666
QmYwELVbs1f9j17p2NfwkfWG4q2NipHXmGU3sr6cN5rCRx,Tema de la Simfonia Pastoral - Beethoven,NA,Tema de la Simfonia Pastoral - Beethoven,Josep_M,Beethoven,NA,NA,cc-zero,0.0,0,0,14,1,1,0,16,24,1.5,False,2.5272925846689,1.0,0.9479166666666666
QmQLcJh9rQtp1rQNpud4wSwGM3d1f1L43SS6HmrDWF3RhC,Teminite - State Of Mind [Dubstep Piano],NA,Teminite - State Of Mind [Dubstep Piano],Natural Midi's,NA,NA,NA,cc-zero,0.0,0,6,286,0,5,0-0-0-0-0,222,6567,29.58108108108108,False,2.966609502199829,0.9275679050889792,0.9278273809523808
QmTWKdYFqxkTWRXRtPAvSgSKW9wasxq14aP73u7AaJepT5,Temmie Village Barbershop Quartet,hOI!!!!!,Temmie Village Barbershop Quartet,RyantheKing,by Toby Fox,NA,temmie-village-barbershop-quartet,cc-zero,0.0,0,4,122,0,4,0-0-0-0,40,325,8.125,True,2.925275334210517,0.8276923076923077,0.9208333333333334
QmUNcL8gQaEq2VbNjuLuDRYSpR87aPBmie8MJczGbQNnV7,Tempest - F. Huxtable,NA,Tempest,F. Huxtable,NA,classical,NA,publicdomain,0.0,0,0,2,1,1,0,18,163,9.055555555555555,True,2.966465271636084,0.9079754601226994,0.9464285714285714
QmcfM2stLnSabhyquj8yPd6oC5M8AQsn3ahbMJRmTYwuw9,Tempests wild may sweep about you - Ira B. Wilson,NA,Tempests wild may sweep about you,Ira B. Wilson,NA,classical,NA,publicdomain,0.0,0,0,6,2,1,0,18,355,19.72222222222222,False,2.936090544808672,0.9492957746478872,0.9427083333333334
QmWT8aJD3cBmNKmKxJiEFnY5svRfzy4b7xmB8PksRiKkeA,Temple Change. WCD3/1.139,NA,Temple Change. WCD3/1.139,Misc tunes,NA,NA,NA,publicdomain,0.0,0,0,2,1,1,0,14,86,6.142857142857143,False,2.772789096498935,1.0,0.9502314814814816
QmXkRRF3n4zSHUrK1a7JoKkbaaLheoxLgtR9xZfDyndyLq,Temple House,NA,The Templehouse,Misc tunes,NA,NA,NA,publicdomain,0.0,0,0,1,1,1,0,35,170,4.857142857142857,False,2.5953387361214646,1.0,0.9574652777777778
QmSmRWjd2W88c4oBAbqtE6Dg99M2rLRvawUMoagJwnMM7p,Temple of Light from Fable,From the video game: Fable By: Danny Elfman,fable the lost chapter - temple of light,Misc Computer Games,Arrangement by MasterD1429,soundtrack,fable-videogame-dannyelfman-piano-solo,cc-zero,4.57,23,55,2856,1,1,0,45,504,11.2,False,2.577230071143521,0.9563492063492064,0.9895833333333334
QmNqZ5mknYsuxAGqyqM6mU7bED5sN49Zi4xVwzWt6UJzSN,Temple-Barr[missing image]. PFD3.187,Masquerade Royalaka. PFD3.187,Temple-Barr[missing image]. PFD3.187,Misc tunes,NA,NA,NA,publicdomain,0.0,0,0,2,1,1,0,24,84,3.5,False,2.752924733864996,0.9761904761904762,0.9678030303030304
QmULArzAKqninZ5QNd7UD8jnBgUzgzaG4fS21rGn5A6YGF,Templeglantine (A),Teampall an Ghleannt\'ain,Templeglantine (A),Misc tunes,NA,NA,NA,publicdomain,0.0,0,0,1,1,1,0,17,126,7.411764705882353,False,2.5425192187144297,1.0,0.9270833333333334
QmUNSuo4iv7ngBW8udNaVXqtv4yGZ5FERSo4qHSJbXcksU,Templeglantine (B),Teampall an Ghleannt\'ain,Templeglantine (B),Misc tunes,NA,NA,NA,publicdomain,0.0,0,0,1,1,1,0,26,164,6.307692307692308,False,2.68471975550716,1.0,0.9678819444444444
QmWKfsKfsknimt3fH5xeJRLwaCSda8fJ26xRPbz8Lx1b7m,TempleThe. (p).1701.PLFD.473,Prince of Denmark's Marchaka. (p).1701.473,The Temple,Misc tunes,NA,NA,NA,publicdomain,0.0,0,0,43,1,1,0,64,226,3.53125,False,2.533424203991632,1.0,0.9479166666666666
QmSMJWMhZdbh3qUab2rnPYmN1m9mGbevstqqgeAtnCoTbu,Tempr'homai l'ira - Philippe de Monte,NA,Tempr'homai l'ira,Philippe de Monte,NA,classical,NA,publicdomain,0.0,0,0,5,0,7,0-0-0-0-0-0-0,45,895,19.88888888888889,False,3.0402717054646806,0.9133409350057012,0.9743055555555556
QmTtu5VA4AZVkAQaRWqyPuKE7TWfQGAzi26YC7rsp5tj5z,Temptation Rag (Simplified Version),NA,Temptation Rag,Henry Lodge,Henry Lodge,classical,temptationrag-henrylodge-simplified,cc-zero,4.66,6,7,328,2,1,0,140,2188,15.628571428571428,False,3.2608686846363453,0.8560329067641682,0.9491906474820144
QmZwajutGtt2GWCRpCuyWLkG9tbADyZCAnEcqDVNhD9dQa,Temptations are always abounding - Samuel W. Beazley,NA,Temptations are always abounding,Samuel W. Beazley,NA,classical,NA,publicdomain,0.0,0,0,3,1,1,0,19,305,16.05263157894737,False,2.6957454379049555,0.9704918032786886,0.8888888888888888
QmeZAmZEAncLjDH48MiTmWK1XkPk177oJwvMkZ3cGMFCS4,Temptations may come and threaten thy soul - W. C. Renton,NA,Temptations may come and threaten thy soul,W. C. Renton,NA,classical,NA,publicdomain,0.0,0,0,3,2,1,0,18,303,16.833333333333332,False,2.768139750291163,0.9533333333333334,0.9722222222222222
QmeC3bLrvVbMwiss6UvjjLVK1LAM7N12ev21jUWFHcHuSo,Tempted just as we are was our blessed Lord - D. B. Towner,NA,Tempted just as we are was our blessed Lord - D. B. Towner,D. B. Towner,NA,classical,NA,publicdomain,0.0,0,0,10,1,1,0,30,322,10.733333333333333,True,2.61910231259788,0.9906832298136646,0.896780303030303
QmXFVtFpLLVBsiwh5rB4neCp41orTS3Y37eZ67b5iifCsy,Ten for the Ten Commandments,NA,Ten for the Ten Commandments,Misc tunes,Bonny Sweet Robin by Holborne,NA,NA,publicdomain,0.0,0,2,7,1,1,0,25,66,2.64,False,2.783075450786522,0.9696969696969696,0.925925925925926
QmVb9CfZeijxm8iowf7LD8hRKPZDanoAk42YkdyiePsndw,Ten Months,Relationships,NA,NA,Louisa Tomasiewicz,NA,contemporary-flute-religious-slow-pianosolo-sad-depression-personal-relationships-storysong-abusive-tenmonths-louisatomasiewicz-imc-internationalmusiccamp,cc-zero,0.0,0,2,216,1,1,0,22,160,7.272727272727272,False,3.07744919368757,0.88125,0.9484126984126984
QmRLCtiksHCZ4HbMgxE58iNsWtyL3Kh3yD9qcJXb3rFrGX,Ten Pound Lass. (p)1670.PLFD.213,NA,Ten Pound Lass. (p)1670.PLFD.213,Misc tunes,NA,NA,NA,publicdomain,0.0,0,0,4,1,1,0,24,98,4.083333333333333,False,2.7382281952459966,0.9591836734693876,0.9557291666666666
Qma8YTS1MwcqdTx6pFWD9sapUz9q1BkSxWo9KtkA4CJG8e,Ten thousand times ten thousand (hall) - J. Lincoln Hall,NA,Ten thousand times ten thousand (hall),J. Lincoln Hall,NA,classical,NA,publicdomain,0.0,0,0,7,2,1,0,26,439,16.884615384615383,False,2.911403211917901,0.9316628701594531,0.9809027777777778
QmQjQwkt7oWm3Sh9HuLtZv8oRR9ZoU4oym5JFjscfrbpqG,Ten thousand times ten thousand in the city - Wm. J. Kirkpatrick,NA,Ten thousand times ten thousand in the city,William J. Kirkpatrick,NA,classical,NA,publicdomain,0.0,0,0,3,2,1,0,18,341,18.944444444444443,False,2.5125764215677804,1.0,0.9127604166666666
QmfJDE4fK518o9VshBuEPPBReCakSGWLGyjchhjUpzdUS3,Tender Shepherd (Clarinet Harmony),NA,Tender Shepherd (Clarinet Harmony),pdevans95,Mark Charlap & Morgan Thomas,NA,NA,cc-zero,0.0,0,0,11,1,1,0,8,34,4.25,False,2.640393444896283,1.0,0.9739583333333334
QmXbtTHAAuoGo56hTEaoUaJTUPiJp2FM43J2jFYZB7fxqr,Tenderly God watches o'er us - Wm. J. Kirkpatrick,NA,Tenderly God watches o'er us,William J. Kirkpatrick,NA,classical,NA,publicdomain,0.0,0,0,5,1,1,0,32,292,9.125,True,2.955462531910343,0.9212328767123288,0.9411231884057972
QmQM9G3hqe9rWDLhvwqE39RbbhZv5wEs6GWmFEP738AhWj,Tenderly graciously Jesus inviteth thee - Ernest O. Sellers,NA,Tenderly graciously Jesus inviteth thee,Ernest O. Sellers,NA,classical,NA,publicdomain,0.0,0,0,3,2,1,0,16,305,19.0625,True,2.7276127187063115,0.980327868852459,0.9027777777777778
QmZv1GYX5NhTa3UDy4YpehgUJ1H9FB9UewGFLzvZGphN8c,Tenderly lay her to rest 'neath the sod - A. S. Kieffer,NA,Tenderly lay her to rest 'neath the sod - A. S. Kieffer,A. S. Kieffer,NA,classical,NA,publicdomain,0.0,0,0,5,1,1,0,28,271,9.678571428571429,False,2.653975500682505,0.966789667896679,0.9107142857142856
QmWZp2h91aVBXkCce6UvQjeekvEnmrFGcZcYwGz56XLoTh,TENDERNESS (Hamilton) - Edward Hamilton,NA,TENDERNESS (Hamilton),Edward Hamilton,NA,classical,NA,publicdomain,0.0,0,0,30,1,1,0,10,125,12.5,False,2.39942838510958,0.992,0.9557291666666666
QmY7jky6kJb75CjorMt1FSKFoR6L9gdHP4TtUdtrqwQv8h,Tendre pays d'Armor,NA,Tendre pays d'Armor,Misc tunes,NA,NA,NA,publicdomain,0.0,0,0,14,1,1,0,17,58,3.411764705882353,True,2.0931910682015973,0.9482758620689656,0.9609375
QmTXuSkGnwYojxU3TiakjcDk9byhepaSeSrYR8qZhfQSVt,Tenebrae factae sunt,NA,Salve Regina,David Perez,NA,NA,NA,cc-zero,0.0,0,0,15,1,1,0,55,181,3.290909090909091,False,2.987240834500976,0.9171270718232044,0.9475
QmUAPcW6csgqEwf3FY3K5v9YtnDXevzwHDJ1M2Wmyc8mzy,Tengen Toppa Gurren Lagann - With your XXX...,NA,With your XXX...,Taku Iwasaki,Taku Iwasaki,NA,NA,cc-zero,4.88,6,25,1021,0,2,0-0,13,189,14.538461538461538,False,2.728976685030496,0.9787234042553192,0.9871794871794872
QmRB8j3gAQSYXL6wb6NY9C46estJMWR1e3oFXygDgtVh3h,Tennessee Shuffle,NA,Tennessee Shuffle,Misc tunes,NA,NA,NA,publicdomain,0.0,0,0,1,1,1,0,17,69,4.0588235294117645,False,2.709730805584506,0.9855072463768116,0.9635416666666666
QmY2oKwWytmPERniwJH5XJhgWy7g99hQYFamcpBgeW5fpB,Tennessee Waltz,NA,Tennessee Waltz,Pee Wee King,NA,NA,NA,publicdomain,0.0,0,0,63,1,1,0,34,98,2.8823529411764706,False,2.30974842643714,1.0,0.9027777777777778
QmRqs5kTuETRpmK6dqfBnHVCZsDkrHmbATc9CAUhXQhvvL,Tenor and Lead,Barbershop Quartet (Tenor Lead Baritone Bass),NA,NA,Billy Joel arr. Carter Stephens,NA,NA,cc-zero,0.0,0,0,32,0,1,0,39,321,8.23076923076923,True,2.788411060289844,0.98125,0.956140350877193
QmYbMU5cf2PJCTEAu9nPnz3kfbWxAnWk83zFMv3hgFCdPc,Tenor break for babes,NA,NA,NA,NA,NA,epig,cc-zero,0.0,0,0,75,0,1,7,8,124,15.5,True,0.2585854818964588,0.9907407407407408,0.8958333333333334
QmYrFoUjDdLt1J73FUydLMLNyLKdvoV4p48AYMaxAEwxdu,Tenor Part Tracks LOW ONLY IN SLEEP,NA,Tenor Part Tracks LOW ONLY IN SLEEP,Travis185,Sara Teasdale,NA,NA,cc-zero,0.0,0,0,16,1,1,0,125,222,1.776,False,2.7046322202842323,1.0,0.9500448028673836
QmNeR3zdZw6FMGUz1jBsRKq4DHgANci891PtzZ8rUwCgBT,Tenor Sax Scales 2 Octaves + Arpeggios 2,NA,saxophone scales,Lessons - Scales,Composer,NA,NA,publicdomain,3.99,3,53,5456,1,1,0,129,462,3.581395348837209,False,3.5764398813002294,0.6233766233766234,0.9307065217391304
QmPo2MMCS8Hikgfsm5GopHez45nVgTbbKr8wEWw4nszSWf,Tension,NA,NA,NA,Mike16K,NA,suspense-tension-composition,cc-zero,0.0,0,5,115,1,1,0,18,298,16.555555555555557,False,2.725594192758398,0.7953020134228188,0.9375
QmXgcgPP1w6KVbg9PqSdmJ9eNjzxop4wmZMCzodsSs4um3,Teoria Cec lia 2,Escreva os nomes das mínimas,NA,NA,NA,NA,NA,cc-zero,0.0,0,0,3,0,1,0,32,64,2.0,False,2.2194306149845087,1.0,0.9986979166666666
QmQDnuCFRPuXgmwuGVMD5B3eVYeNeEjPYq6JG7zVPW9o8T,Tera Mera Pyar Amar,NA,Tera Mera Pyar Amar,Lata Mangeshkar,NA,worldmusic,devanand-shankar-jaikishan-aslinaqali,cc-zero,0.0,0,0,131,0,1,1,67,455,6.791044776119403,False,2.3402276293134574,1.0,0.7981770833333334
QmR47edb8JX4Lg9quM6hAx88ZqaNSCATV2Tvws1RvNaw7F,Terezin,NA,Terezin,Richard Kingsmore,Kingsmore Turner,NA,NA,cc-zero,0.0,0,0,19,1,1,0,91,1119,12.296703296703296,False,2.8484809428793763,0.9686940966010732,0.9647435897435898
QmWxQduVs2KtLfi5GVv8bvy9bZpkmRwtM41RZzcAWCs3zV,Terra tremuit/Angelus Domini Op. 134 - Joseph Gruber,Nr 2. ANGELUS DOMINI (Ostermontag),Terra tremuit/Angelus Domini Op. 134,Joseph Gruber,Jos. Gruber op. 134,classical,NA,publicdomain,0.0,0,0,40,0,2,0-0,136,1897,13.948529411764708,True,3.0968196082571144,0.9187301587301588,0.9733455882352942
QmWji9nK5zzJ9q6nHZanYfdzgFzDgHj63XVh8yyFzbmaju,Terrible Kahoot mp3-MIDI file,NA,kahoot lobby theme,Misc Computer Games,NA,soundtrack,kahoot-memes-piano-mankdemes-dankmemes,cc-zero,4.73,65,106,3982,3,1,0,33,2441,73.96969696969697,False,3.398810123000149,0.7439824945295405,0.5661057692307692
QmY54QHgVsaycV1ZPpbmvVESaeEdKB4amBc749Ba7u4g4v,Terror in Resonance MEDLEY (Zankyou no Terror),Zankyou no Terror OST,Zankyou no Terror OST,Yoko Kanno,Yoko Kanno ft. Arnór Danarr. Caliko,soundtrack,piano-znt-zankyounoterror-terrorinresonance-yokokanno-von-bless-birden-nc,cc-zero,4.89,24,100,1678,2,1,0,370,4357,11.775675675675677,False,3.36406901344238,0.7862453531598513,0.9638671875
QmYBPYhvbU6ZyT8LJpVHFwrfeFtidRU5rWtxPzdczwJcvW,Terry Davis - Risen,Terry Davis,Terry Davis - Risen,Corey Martin,Arranged By: Styze Soulmaker,NA,templeos-hymn-piano-choral-terrydavis,cc-zero,4.85,4,4,661,2,1,0,9,204,22.666666666666668,False,3.134793782254389,0.896551724137931,0.9296875
QmRw6ZLdXBRocRnWmCYhygTqR233JrzQxxnkvsV1hY4C56,Terry Hiegh Ho the Grinder. 1st Setting.,NA,Terry Hiegh-Ho The Grinder,Misc tunes,NA,NA,NA,publicdomain,0.0,0,0,3,1,1,0,16,120,7.5,False,2.4286074294636744,1.0,0.9513888888888888
QmWc7fygNUFaeGM221Ku4cohkSUieTcJi1hXzZwFP51SWA,Test,NA,Test,Boris Svetiev,Composer,NA,NA,cc-zero,0.0,0,0,5,1,1,0,32,33,1.03125,False,2.199233046269644,1.0,0.9921875
QmS8Z2ELmLQY1ZEwJjpQXAxSCrU7cWEyVMQKhcpE7mvtEG,test,NA,test,laphhu,NA,NA,NA,cc-zero,0.0,0,0,1,0,1,0,32,12,0.375,False,1.2516291673878228,0.8333333333333334,0.9930555555555556
QmQ2mZ2QHTGzaWEwY8mwwiZjfS1yhvDFCBHqfvPLXpSZto,Test,English of Science,Test,ldh2747,LDH2747,NA,NA,cc-zero,0.0,0,0,17,1,1,0,33,284,8.606060606060606,False,2.756351752449,0.9823943661971832,0.9765625
QmeAhHpZsQQTX6VBPNmTVzeuiwPTX14C57MBqrx2fEDsUc,Test,NA,Test,Sandalf,Composer,NA,NA,cc-zero,0.0,0,1,3,0,1,0,32,32,1.0,False,-0.0,1.0,0.9583333333333334
QmUEwGpQ7U5WBhMSeg3cj92J2KpM1Tw4iJKCscEX9rXoBk,TEST ...,NA,TEST ...,Misc tunes,NA,NA,NA,publicdomain,0.0,0,0,3,1,1,0,2,6,3.0,False,2.584962500721156,1.0,0.875
QmUuuUngHa2MtSasojQftP1ZYFS89Jcfs39N6QUiQyWtzJ,Test 1: voice overlay with rests,NA,Test 1: voice overlay with rests,Misc tunes,NA,NA,NA,publicdomain,0.0,0,0,4,1,1,0,13,25,1.9230769230769231,False,2.161541933335928,0.96,0.9583333333333334
QmZVwRWzxtbrW1P7fgwU7pJLRAk1YETNnisQZyxMfuKh3C,Test 2 UPDATED,NA,Test 2 UPDATED,Jake Nevitt,Jake Nevitt,NA,NA,cc-zero,0.0,0,0,3,1,1,0,16,216,13.5,False,2.943963874033645,0.9583333333333334,0.9569444444444444
QmbypVnVL1mvnB8gTSH5nj8UB3MhS3Kmj5TnK7gTmsBohN,Test dynamics,NA,NA,NA,NA,NA,NA,publicdomain,0.0,0,0,196,1,1,0,5,22,4.4,False,0.9940302114769564,1.0,0.9895833333333334
QmWUsGmoswM91iTAKtiGTFifN758t1ZH5TKNbwki25Uyd7,TEST of inline V:,NA,TEST of inline V:,Misc tunes,NA,NA,NA,publicdomain,0.0,0,0,0,0,2,0-0,2,32,16.0,True,2.75,1.0,0.9166666666666666
QmaD6muQD4wvJJxPTCBKy7mbu3qUm8pfBFAANUGbxh9Jhk,TEST of inline V:,NA,TEST of inline V:,Misc tunes,NA,NA,NA,publicdomain,0.0,0,0,1,0,2,0-0,4,64,16.0,True,2.75,1.0,0.9583333333333334
QmXqbBY8ZAGbxE4X1P2pHLHbk1HMTEectQjZVCc8BLqABp,Test of w: words.,NA,Test of w: words.,Misc tunes,NA,NA,NA,publicdomain,0.0,0,0,2,1,1,0,6,24,4.0,True,2.75,1.0,0.9444444444444444
QmbotKpVXLyvmjhXL3D729ukPbzfNR6uQSTtYnfkL1avaD,TEST Quarter tones,NA,TEST Quarter tones,Misc tunes,NA,NA,NA,publicdomain,0.0,0,0,16,1,1,0,4,25,6.25,False,2.9924876891689536,0.8,0.9513888888888888
QmWjseec75WxLr4sxARJL4HVrThVFNg2oLPmgGq4gXBfCH,TEST Voice change Flute to Piccolo,NA,TEST Voice change Flute to Piccolo,Misc tunes,NA,NA,NA,publicdomain,0.0,0,0,6,0,1,0,4,32,8.0,False,2.75,1.0,0.9583333333333334
QmRzoVWHEBqV86FuLxLKcYcBL8Z6Pe5BA6jS2H5cMwQAQ2,test1,NA,NA,NA,Composer,NA,test,publicdomain,0.0,0,0,25,1,1,0,32,69,2.15625,False,2.1332333449787235,1.0,0.957427536231884
QmXYy8Jz54bAirfk96bytBYbnEJ58VEpMViEAQMLdQehMw,test2,NA,NA,NA,NA,NA,NA,cc-zero,0.0,0,1,386,0,1,0,32,704,22.0,False,2.7994808151544,1.0,0.7916666666666666
QmS8Ns79UE3Hei3qoudpUMBGXtE2QuHKos8xR2hpw952TY,test3,NA,test3,mdpmusic,NA,NA,NA,cc-zero,0.0,0,0,1054,1,1,0,8,29,3.625,False,3.0431813232968588,0.896551724137931,0.9557291666666666
QmYaQhED9qd81sWeJ99YQsxcf8BLbkc1fXMm4UHHoEsKtt,TEST: 2/4 3/4 meters,NA,TEST: 2/4 3/4 meters,Misc tunes,NA,NA,NA,publicdomain,0.0,0,0,5,1,1,0,4,15,3.75,False,2.789898095464288,1.0,0.9166666666666666
Qmca3XNLDKMLTZJLXH3NT3jiUN4qJnhnZxbhgPm7VasCUp,TEST: 2/4 meter,NA,TEST: 2/4 meter,Misc tunes,NA,NA,NA,publicdomain,0.0,0,0,2,1,1,0,2,8,4.0,False,2.75,1.0,0.8333333333333334
QmPsbQxkVgwHQasDvCm5iPcNT6xMxGUdnkELLeArFGpdFr,TEST: 8va test 1,NA,TEST: 8va test 1,Misc tunes,NA,NA,NA,publicdomain,0.0,0,0,11,1,1,0,8,64,8.0,False,2.7987949406953985,1.0,0.9791666666666666
Qmb8NJmBqHgg6FcBkBeEHCRDdQeiCMR9NChfGAYeD4eUNV,TEST: alto/viola part,NA,TEST: alto/viola part,Misc tunes,NA,NA,NA,publicdomain,0.0,0,0,1,1,1,0,4,33,8.25,False,2.203527272029532,0.9696969696969696,0.875
QmSn4YEVEoBq1mqWZdJeNREkzGp1uuf5sVzgCxD2oKuQaC,TEST: alto/viola part,NA,TEST: alto/viola part,Misc tunes,NA,NA,NA,publicdomain,0.0,0,0,3,0,1,0,2,11,5.5,False,2.231270254607576,0.9090909090909092,0.875
QmVfR1FqMgxKGuZ1WhjejUfn5W5XoW7vUXLcnrUuocqLub,TEST: Balkan rhythm,NA,TEST: Balkan rhythm,Misc tunes,NA,NA,NA,publicdomain,0.0,0,0,33,1,1,0,2,8,4.0,False,2.1556390622295662,1.0,0.8333333333333334
QmNPwYVARVAwaBJ1W7FDcU5mTory5nL5XHpdf9m9gRjZmS,TEST: Bar Label Box (5),NA,TEST: Bar Label Box (5),Misc tunes,NA,NA,NA,publicdomain,0.0,0,0,2,1,1,0,5,15,3.0,False,2.789898095464288,1.0,0.8888888888888888
QmbHrcRmxHqVKULi3v5vSbFYs1D4reGg524BDcszfLKnAA,TEST: Bass,NA,TEST: Bass,Misc tunes,NA,NA,NA,publicdomain,0.0,0,0,6,0,1,0,1,7,7.0,True,1.8423709931771084,1.0,0.8541666666666666
QmZYnb2PArBeEyJVScrUrZwCpiqrF2zKeChG7B91CKfUxP,TEST: check for sharp ( \001 ) and flat ( \002 ),NA,TEST: check for sharp ( \001 ) and flat ( \002 ),Misc tunes,NA,NA,NA,publicdomain,0.0,0,0,4,1,1,0,2,5,2.5,True,1.521928094887362,0.8,0.96875
Qmani6xbGtEGoWF8GwcTNQa7cPexG3GTQf64CWoyoFF8pV,TEST: Chord below,NA,TEST: Chord below,Misc tunes,NA,NA,NA,publicdomain,0.0,0,0,3,1,1,0,1,8,8.0,False,2.75,1.0,0.8333333333333334
QmbeSBdyZ1NSY1bPcDSiEYYA3HSgEz79ntEKgCSvJX4ouG,TEST: Chords,NA,TEST: Chords,Misc tunes,NA,NA,NA,publicdomain,0.0,0,0,2,1,1,0,14,112,8.0,False,2.0645984236419554,1.0,0.9513888888888888
QmeKta5LnAWg7468xRSSxiz2YMbJsr65ky6XykJNKDhgPS,TEST: clef=alto-8,NA,TEST: clef=alto-8,Misc tunes,NA,NA,NA,publicdomain,0.0,0,0,1,1,1,0,1,8,8.0,False,2.75,1.0,0.8333333333333334
QmWsqj9j6BimaPTwXXHMcHmj8BnSQaKSkzupBb9GQh5wQD,TEST: Continued line with continued words,NA,TEST: Continued line with continued words,Misc tunes,NA,NA,NA,publicdomain,0.0,0,0,3,1,1,0,3,28,9.333333333333334,True,2.725902245718536,1.0,0.9722222222222222
QmUqnkNMumunudu5qdjySCxnNDRbosBVEQst6iDFNBtzvm,TEST: dots,NA,TEST: dots,Misc tunes,NA,NA,NA,publicdomain,0.0,0,0,3,1,1,0,8,48,6.0,True,2.584962500721156,1.0,0.9479166666666666
QmRwc6Qp78YRDLobWWFiPQj1iK3eXhMgqbwePQFgVgwTeY,TEST: Fat bar in middle,NA,TEST: Fat bar in middle,Misc tunes,NA,NA,NA,publicdomain,0.0,0,0,1,1,1,0,7,32,4.571428571428571,False,2.75,1.0,0.9583333333333334
QmRwc7yqUX3krdG3ChsLEqbPAhFzV5yXNUAdNKdFns6WKr,TEST: fermata,NA,TEST: fermata,Misc tunes,NA,NA,NA,publicdomain,0.0,0,0,25,1,1,0,1,1,1.0,False,-0.0,1.0,NA
QmV3yq71nVXZCHcqFUV235unfmuLCy9nMccvzBw3GyhyCq,TEST: Figured bass using newline,NA,TEST: Figured bass using newline,Misc tunes,NA,NA,NA,publicdomain,0.0,0,0,6,1,1,0,2,5,2.5,False,1.521928094887362,1.0,0.9583333333333334
QmV1fPSTGqJ9Kw7sZc8WBGqKnuxzCtVmQLroPL9C3R6LsM,TEST: First Title of 2,TEST: Second Title of 2,TEST: First Title of 2,Misc tunes,NA,NA,NA,publicdomain,0.0,0,0,2,1,1,0,3,22,7.333333333333333,False,2.799007754410897,1.0,0.9916666666666668
QmdmhJpjoigp4DwCwWgGXXgnp7DvsxmJLFzCyM6jKYq563,TEST: First Title of 6,TEST: Second Title of 6TEST: Third Title of 6TEST: Fourth Title of 6TEST: Fifth Title of 6TEST: Sixth Title of 6,TEST: First Title of 6,Misc tunes,NA,NA,NA,publicdomain,0.0,0,0,2,1,1,0,3,22,7.333333333333333,False,2.799007754410897,1.0,0.9916666666666668
QmNfbSBbG1XfuHy5d9oKYPyxqKmVH5bHbAUWvzK847UjBv,TEST: French Violin Clef,NA,TEST: French Violin Clef,Misc tunes,NA,NA,NA,publicdomain,0.0,0,0,6,1,1,0,2,12,6.0,True,2.7516291673878226,1.0,0.9166666666666666
QmZKpkwWyWrwZVp4fkSEmRGQQRx3cJ9czvvsPwjJX9QK5p,TEST: Grane note after note (y),NA,TEST: Grane note after note (y),Misc tunes,NA,NA,NA,publicdomain,0.0,0,0,2,1,1,0,1,6,6.0,False,1.9182958340544896,1.0,NA
QmWuNeo5N8NgmMmnN9AxGRdkcjnPYCAnpDEeynsnY99ynF,TEST: Helle Wasser --- we squeeze this onto one page,NA,TEST: Helle Wasser --- we squeeze this onto one page,Misc tunes,NA,NA,NA,publicdomain,0.0,0,0,2,0,3,0-0-0,64,432,6.75,True,2.950476710828952,0.9625292740046838,0.9406702898550724
QmX5qvXdtd9BbhCkPPCghKgnT4sHagEZRDvjCS2bgDbnDb,TEST: Inline key changes,NA,TEST: Inline key changes,Misc tunes,NA,NA,NA,publicdomain,0.0,0,0,1,1,1,0,3,24,8.0,False,2.9795739585136225,0.9166666666666666,0.8333333333333334
Qmb7uxDvV8w6LwRWkDYHMnFyTjHz521EDcHMUUJttU5Zjq,TEST: K: C clef=none,NA,TEST: K: C clef=none,Misc tunes,NA,NA,NA,publicdomain,0.0,0,0,2,1,1,0,2,16,8.0,False,2.75,1.0,0.9166666666666666
QmRjmQBjcUQvKpGGdpSHV3oRfSU84MVCez3iTQDM19M6yT,TEST: K:G clef=alto,NA,TEST: K:G clef=alto,Misc tunes,NA,NA,NA,publicdomain,0.0,0,0,2,1,1,0,1,8,8.0,False,2.75,1.0,0.8333333333333334
QmXaUzu2P6LHLAdDkcGVuAFQZxdfhyBUjyj4Kw9kNKMkSw,TEST: K:G clef=treble middle=B,NA,TEST: K:G clef=treble middle=B,Misc tunes,NA,NA,NA,publicdomain,0.0,0,0,2,1,1,0,1,8,8.0,False,2.75,1.0,0.8333333333333334
QmfD3cCVCDQTzoxgG8vhw8FuZ82AEemsvGEDq9ouH6bsnX,TEST: Key signature: G (1 sharp),NA,TEST: Key signature: G (1 sharp),Misc tunes,NA,NA,NA,publicdomain,0.0,0,0,5,1,1,0,2,16,8.0,False,2.75,1.0,0.9166666666666666
QmRrJw3HJXWxHBnwaQbGkRFwLnUKjpuD2K9BJFihuYnBz6,TEST: Keysig change: D major to D minor.,NA,TEST: Keysig change: D major to D minor.,Misc tunes,NA,NA,NA,publicdomain,0.0,0,0,3,1,1,0,8,60,7.5,False,3.1898980954642875,0.8,0.9635416666666666
QmWg5NmTsQFPwsvbE1rSZDdFkR7eVWgypwieyCSqW3mYn7,TEST: Keysig: D freygish (Phrygian + F),NA,TEST: Keysig: D freygish (Phrygian + F),Misc tunes,NA,NA,NA,publicdomain,0.0,0,0,2,1,1,0,3,19,6.333333333333333,False,2.715326698771809,1.0,0.9479166666666666
QmTZibi2p6f3cf1Etx4kaF7DwG8CScW7CNb5f8NUWbpwVK,TEST: Keysig: D minor freygish,NA,TEST: Keysig: D minor freygish,Misc tunes,NA,NA,NA,publicdomain,0.0,0,0,6,1,1,0,4,32,8.0,False,3.2181390622295662,0.78125,0.9583333333333334
QmPhTe6unYMig13SGD35rMfP46XhEaKWp9UpZz3nPM2HR9,TEST: Keysig: D minor major,NA,TEST: Keysig: D minor major,Misc tunes,NA,NA,NA,publicdomain,0.0,0,0,2,1,1,0,4,32,8.0,False,3.2181390622295662,0.78125,0.9583333333333334
QmRNf6auMYC2h373JtkqP1TCopUjLr324mhXnTkUqhWX7x,TEST: Keysig: D to Dmin in middle of 3 lines.,K: D,TEST: Keysig: D to Dmin in middle of 3 lines.,Misc tunes,NA,NA,NA,publicdomain,0.0,0,0,1,1,1,0,6,48,8.0,False,3.125,0.8125,0.9722222222222222
QmNYCjS84sgjD8aBvy35eNYZfua5RGpQystHGVCv58JPx7,TEST: Keysig: D to Dmin in one line.,K: D,TEST: Keysig: D to Dmin in one line.,Misc tunes,NA,NA,NA,publicdomain,0.0,0,0,2,1,1,0,2,16,8.0,False,3.125,0.8125,0.9166666666666666
QmdW72eBaN4Lfet3W7Lquc3b71Q3PEyAq41RetvksMxZqz,TEST: Lengths,NA,TEST: Lengths,Misc tunes,NA,NA,NA,publicdomain,0.0,0,0,1,1,1,0,5,30,6.0,False,2.444218800720133,1.0,0.8375
QmWEPaYM78jtQJJHqcgff9sUfJsoNZRweJ8p3FBfkbYNe7,TEST: MacOS line endings.,NA,TEST: MacOS line endings.,Misc tunes,NA,NA,NA,publicdomain,0.0,0,0,8,1,1,0,9,42,4.666666666666667,False,2.584962500721156,1.0,0.9305555555555556
QmWfSTFPy3n8Fw5R1hiUBseQ4u1818PAENKYtW1F7UT5Lt,TEST: Note Lengths,NA,TEST: Note Lengths,Misc tunes,NA,NA,NA,publicdomain,0.0,0,0,3,1,1,0,3,12,4.0,False,1.0,1.0,0.9166666666666666
QmUZSfAFYV6ifjUWDeNULwtU63347mLVAKrbz57SCUihB8,TEST: Q: with 3 notes,NA,TEST: Q: with 3 notes,Misc tunes,NA,NA,NA,publicdomain,0.0,0,0,3,1,1,0,1,9,9.0,False,1.4466166676282082,1.0,0.8958333333333334
QmXMrzhwgtTnFep9eWS7gHQTWLNoDVXDPeANFJ2mJevjXN,TEST: Repeat four times,NA,TEST: Repeat four times,Misc tunes,NA,NA,NA,publicdomain,0.0,0,0,13,1,1,0,10,16,1.6,False,2.75,1.0,0.8888888888888888
QmPABLvve3zo2svvg3z5EssYqNNz86aNipFJUqyS8HqrQE,TEST: Repeat two + three times,NA,TEST: Repeat two + three times,Misc tunes,NA,NA,NA,publicdomain,0.0,0,0,1,1,1,0,8,32,4.0,False,2.75,1.0,0.8611111111111112
QmS5cLDoZ53vBU3x91kETmLrJ5VkMwQJxvosediUmedcvg,TEST: Repeats with ::,NA,TEST: Repeats with ::,Misc tunes,NA,NA,NA,publicdomain,0.0,0,0,3,1,1,0,4,32,8.0,False,2.75,1.0,0.9583333333333334
QmWEWT258ta4Hexk2Vk2UJRRZMVLZnwNEgzxRMRTD9j3CD,TEST: Rolls,NA,TEST: Rolls,Misc tunes,NA,NA,NA,publicdomain,0.0,0,0,3,1,1,0,2,12,6.0,False,1.4591479170272446,1.0,0.9375
QmNy8rG8ZRC37LTb4Rk5t42qwTKZMshwwggH6FUH9e59zm,TEST: Sarah MacArthur's,NA,TEST: Sarah MacArthur's,Misc tunes,NA,NA,NA,publicdomain,0.0,0,0,15,1,1,0,42,324,7.714285714285714,False,2.6331087172067336,1.0,0.8517156862745098
QmWMRtXZ62aAjTbdEpMemcV15c7rEDkkXvSNTgY717w2up,TEST: Scale with Treble Alto and Bass Clefs,NA,TEST: Scale with Treble Alto and Bass Clefs,Misc tunes,NA,NA,NA,publicdomain,0.0,0,0,5,1,1,0,12,84,7.0,False,2.807354922057604,1.0,0.996031746031746
QmdXtw9bbc7Dtgf4kn7aXv8VZ7WFgds12NpoULMocEjaSe,TEST: Scales in 3 notations,NA,TEST: Scales in 3 notations,Misc tunes,NA,NA,NA,publicdomain,0.0,0,0,2,1,1,0,9,72,8.0,False,2.790809526422568,1.0,0.9953703703703703
QmXy539GExbRa2WRQypWHgYKdu6T6DvJH7Ekhj2751G2wa,TEST: Segno 2,NA,TEST: Segno 2,Misc tunes,NA,NA,NA,publicdomain,0.0,0,0,12,1,1,0,4,18,4.5,False,2.7527152789797045,1.0,0.9375
QmVboNK8DPvp52CM3upUeZF1xTZJCT3ofHFB8Kwt6FEZ8h,TEST: String quartet score.,NA,TEST: String quartet score.,Misc tunes,NA,NA,NA,publicdomain,0.0,0,0,5,0,4,0-0-0-0,2,64,32.0,True,2.75,1.0,0.9166666666666666
QmdKzVwsxStHZQSeyZqAoaHQFSDE52FP6d5QT1jA5KRW6S,TEST: tempo change,NA,TEST: tempo change,Misc tunes,NA,NA,NA,publicdomain,0.0,0,0,13,1,1,0,2,4,2.0,False,-0.0,1.0,0.9583333333333334
Qmd8FU9M9APM9Hmr1Nyn7HZuAVdsmTngBcDxmp3N2gswpm,TEST: The Sweet Maid of Glendaruel,NA,TEST: The Sweet Maid of Glendaruel,Misc tunes,NA,NA,NA,publicdomain,0.0,0,0,3,1,1,0,36,132,3.6666666666666665,False,2.679771356872092,1.0,0.9270833333333334
QmbRSw9uWcg37w2AEWWpj9V3RKcfpvktMAgXBwarwTzEJq,TEST: Time Signatures,NA,TEST: Time Signatures,Misc tunes,NA,NA,NA,publicdomain,0.0,0,0,5,1,1,0,6,30,5.0,False,2.646439344671016,1.0,0.9270833333333334
QmUDo9G9djTaq1oXNw9pWcZFe1kj27G1MDjRL5ygAp5J2F,TEST: Time Signatures,NA,TEST: Time Signatures,Misc tunes,NA,NA,NA,publicdomain,0.0,0,0,3,1,1,0,4,20,5.0,False,2.646439344671016,1.0,0.9166666666666666
QmczEJgyxQfgKQRk2KEBQaUBMWxdRV5dQ6QMy4TKz8uZvb,TEST: Treble bass voices,NA,TEST: Treble bass voices,Misc tunes,NA,NA,NA,publicdomain,0.0,0,0,3,0,2,0-0,2,32,16.0,True,2.75,1.0,0.9166666666666666
QmdtAc55FtSPNxTyHurCc46qTR5PF7QP2dUjjFRUhwDjTp,TEST: Treble treble-1 bass-2 voices,NA,TEST: Treble treble-1 bass-2 voices,Misc tunes,NA,NA,NA,publicdomain,0.0,0,0,2,0,3,0-0-0,2,48,24.0,False,2.75,1.0,0.9166666666666666
QmeTU88vctFNT6Aqw8gG2HLjkwAGYKB2xokU7cFFMdmrWC,TEST: Two repeats,NA,TEST: Two repeats,Misc tunes,NA,NA,NA,publicdomain,0.0,0,0,3,1,1,0,6,16,2.6666666666666665,False,2.75,1.0,0.8333333333333334
QmQxM3j5RuYbyqGvLmJ9wtQhzS1jGTG5TjU7CurWTYNerv,TEST: Vocal SATB score.,NA,TEST: Vocal SATB score.,Misc tunes,NA,NA,NA,publicdomain,0.0,0,0,3,0,4,0-0-0-0,2,64,32.0,True,2.75,1.0,0.9166666666666666
QmRq2i4EBBbzQhmAtHcEdyo22J6HsYw8LcDrdvrZZPGiD4,TEST: Vocal SB score.,NA,TEST: Vocal SB score.,Misc tunes,NA,NA,NA,publicdomain,0.0,0,0,3,0,2,0-0,1,16,16.0,True,2.75,1.0,0.8333333333333334
Qme1EQZDcwZhr1Rk4vCa3KfVPJK4WaoUvRdxhcPwoL9eLD,Teste,NA,Teste,lenilson1001,khadyy,NA,NA,cc-zero,0.0,0,0,3,1,1,0,12,48,4.0,False,2.6543731152961887,1.0,0.9982638888888888
QmXbvtwx99Cs7fLYtwe1WzwBoKanunqFf3XkCWX21p7nS5,Teste,NA,NA,NA,NA,NA,NA,cc-zero,0.0,0,0,11,1,1,0,4,20,5.0,False,2.321928094887362,1.0,0.9791666666666666
QmUNzX1cYEvwmkNAS5YjUTXaQcbTdFQF4TPnHS6kmg8N8x,teste FM,NA,teste FM,José João Tatá,Composer,NA,NA,cc-zero,0.0,0,0,19,0,2,0-0,32,110,3.4375,False,3.180290542747189,0.8545454545454545,0.9479166666666666
QmbePJDusuYgEfVfSz5kFuNEsbMgzRsjCKqNUasS9D81cA,Testimony,NA,Testimony,FantasticJackson,Text - Loren C. Dunn b. 1930-2001Music - Jackson LaBaugh,NA,hymn-church-god-testimony-religious,cc-zero,0.0,0,0,34,2,1,0,17,243,14.294117647058824,True,2.762044169791342,0.9917695473251028,0.9642857142857144
QmXSuLkQgCohcfHRBAxx63xZDhSdwaQ11tjsoPTL4jnfF9,testing,NA,NA,NA,NA,NA,booger,publicdomain,0.0,0,0,76,1,1,0,32,86,2.6875,False,2.7357121112644283,1.0,0.9223484848484848
QmZu65P8bp6WtCzEha5hD94Kmyb8PXUma9u4xEF1owrDfA,Testing the share option,Promenade,NA,NA,Modeste Moussorgsky,NA,NA,publicdomain,0.0,0,0,43,2,1,0,24,676,28.166666666666668,False,3.1140964219114773,0.884272997032641,0.9627976190476192
QmURcEu2HgNnhbPbJ7AUUHqcXCeqA7pebmCrVapiAMbRT7,tetete,NA,Symphony No.9 Op.125,Ludwig van Beethoven,Composer,classical,NA,cc-zero,0.0,0,0,5,0,1,0,32,15,0.46875,False,2.1995812306460643,1.0,0.9791666666666666
QmXZaKKxT4puLubBhZ8KB8gxYkbSdZ8c3vMyRo18KTb7P3,Teton Sioux band - A Buffalo Said to Me,NA,A Buffalo Said to Me,Teton Sioux band,Teton Sioux band 1911-1914,classical,NA,publicdomain,0.0,0,0,6,1,1,0,18,62,3.4444444444444446,False,2.3479386484684484,0.8709677419354839,0.8916666666666666
QmWszFgebDPnNN7ovEeEAt1TiBndPXv6T8VUUbC9n95QKf,Teton Sioux band - A Night Is Different,NA,A Night Is Different,Teton Sioux band,Teton Sioux band 1911-1914,classical,NA,publicdomain,0.0,0,0,4,1,1,0,17,62,3.647058823529412,False,1.919033524833634,1.0,0.8912037037037037
QmS79Aza5yydvJBDxGH5zSzb54ESgazfiYDg6wvCb6VrTa,Teton Sioux band - A Voice I Sent,NA,A Voice I Sent,Teton Sioux band,Teton Sioux band 1911-1914,classical,NA,publicdomain,0.0,0,0,5,1,1,0,17,69,4.0588235294117645,False,2.3565670746288463,1.0,0.925
QmfH3VoyP4GgTTMQViuQAYinuXhYe6nhr2czcgFpfxMPwr,Teton Sioux band - A Wolf I Considered Myself,NA,A Wolf I Considered Myself,Teton Sioux band,Teton Sioux band 1911-1914,classical,NA,publicdomain,0.0,0,0,11,1,1,0,22,60,2.727272727272727,False,2.0360187295558103,1.0,0.9526515151515152
QmZy4SkR7YT9pQv5t1kPN6GnpP1xkYAki1NzM9KRHTSXrZ,Teton Sioux band - A Wolf Nation Called Me Father',NA,A Wolf Nation Called Me Father',Teton Sioux band,Teton Sioux band 1911-1914,classical,NA,publicdomain,0.0,0,0,4,1,1,0,50,134,2.68,False,2.190403425744456,1.0,0.9467592592592592
QmWELEqcLxUL15Me3a8kw119SkZxCLCX6trbEjV51Kt9fA,Teton Sioux band - An Eagle Nation Is Coming,NA,An Eagle Nation Is Coming,Teton Sioux band,Teton Sioux band 1911-1914,classical,NA,publicdomain,0.0,0,0,4,1,1,0,91,267,2.934065934065934,False,2.1076513805673343,1.0,0.9315476190476192
QmXfdwH4homKTTMqMXi6BSPoTbe6b27VFUA2gQcng7MSat,Teton Sioux band - At the Wind Center I Stand,NA,At the Wind Center I Stand,Teton Sioux band,Teton Sioux band 1911-1914,classical,NA,publicdomain,0.0,0,0,5,1,1,0,27,87,3.2222222222222223,False,2.20772562901607,1.0,0.8875
QmdQXaTzK8MUvehVufH53agCUJNELjccY7ezQM6BgHJ7M9,Teton Sioux band - Begging Song,NA,Begging Song,Teton Sioux band,Teton Sioux band 1911-1914,classical,NA,publicdomain,0.0,0,0,5,1,1,0,52,163,3.1346153846153846,False,1.8137628966913013,1.0,0.9320987654320988
QmQgpckW28CrNamg3ezYKnBYF4t4fbRyzW8W4q15Sh7m1b,Teton Sioux band - Begging Song of the Old Women,NA,Song of the Old Wolf,Teton Sioux band,Teton Sioux band 1911-1914,classical,NA,publicdomain,0.0,0,0,7,1,1,0,16,28,1.75,False,1.1488348542809166,1.0,0.9270833333333334
Qmeer32KuuquL4AeKHQmEktVqEsxnwCCza8wq86qakh5ay,Teton Sioux band - Behold All These Things,NA,Behold All These Things,Teton Sioux band,Teton Sioux band 1911-1914,classical,NA,publicdomain,0.0,0,0,6,1,1,0,25,107,4.28,False,1.809572028126848,1.0,0.8923611111111112
QmZfWwHoQaCQUM6pBUeoRzkmtgmJYdRSny3d9roufjr3tR,Teton Sioux band - Behold My Horse,NA,Behold My Horse,Teton Sioux band,Teton Sioux band 1911-1914,classical,NA,publicdomain,0.0,0,0,5,1,1,0,12,45,3.75,False,2.2240403214260995,1.0,0.8854166666666666
QmYRY8RyAH2oWEni3tKsL5i3RPp4eS4eZJiuKviLnWFPxd,Teton Sioux band - Behold the Dawn,NA,Behold the Dawn,Teton Sioux band,Teton Sioux band 1911-1914,classical,NA,publicdomain,0.0,0,0,4,1,1,0,40,108,2.7,False,1.9632562628851824,1.0,0.9833333333333332
QmU7vihe8aSV9RWZy5mUnhNjR6YAjEPMfLFKDBaQW81mrK,Teton Sioux band - Black Face-paint He Grants Me,NA,Black Face-paint He Grants Me,Teton Sioux band,Teton Sioux band 1911-1914,classical,NA,publicdomain,0.0,0,0,7,1,1,0,22,74,3.363636363636364,False,2.170960923572081,1.0,0.9147727272727272
QmRYmwhPTUjopYpS2w1fsXC2NRBjK9zQDMJVh1uXTaHBK2,Teton Sioux band - Captives I Am Bringing,NA,Captives I Am Bringing,Teton Sioux band,Teton Sioux band 1911-1914,classical,NA,publicdomain,0.0,0,0,3,1,1,0,27,94,3.4814814814814814,False,2.3850226635563274,0.925531914893617,0.9129901960784312
QmbqJsjdp9sBLSjb5HmtB2y5br24Bk4QvMMVBwNmsefxPr,Teton Sioux band - Ceremonial Song of the Miwatani,NA,Ceremonial Song of the Miwatani,Teton Sioux band,Teton Sioux band 1911-1914,classical,NA,publicdomain,0.0,0,0,5,1,1,0,8,29,3.625,False,2.2359430634962703,0.9655172413793104,0.9027777777777778
QmSJYQ564Y5AgvY4uRo3tdXAELExz7r8xmLmtqk14zGNQk,Teton Sioux band - Clear the Way I Come,NA,Clear the Way I Come,Teton Sioux band,Teton Sioux band 1911-1914,classical,NA,publicdomain,0.0,0,0,20,1,1,0,31,101,3.2580645161290325,False,2.2201032539696017,1.0,0.8725490196078431
QmX6FybTiwZs73U9EsGzJyxYc5FWh3LDhFfvVLwBxEFLbj,Teton Sioux band - Dancing Song (b),NA,Dancing Song (b),Teton Sioux band,Teton Sioux band 1911-1914,classical,NA,publicdomain,0.0,0,0,5,1,1,0,34,206,6.0588235294117645,False,2.3148471110338225,1.0,0.9444444444444444
QmQyiDkmbcEBqH19eFkKUf2yYV2g4AazozVh6VqTYwk2CM,Teton Sioux band - Dancing Song (g),NA,Dancing Song (g),Teton Sioux band,Teton Sioux band 1911-1914,classical,NA,publicdomain,0.0,0,0,4,1,1,0,22,90,4.090909090909091,False,2.1336916456011945,1.0,0.918560606060606
QmcSqUqHDyUmzQehhAgAEc2qprpDhKJcnZCTUiFgJsiB4n,Teton Sioux band - Even the Eagle Dies,NA,Even the Eagle Dies,Teton Sioux band,Teton Sioux band 1911-1914,classical,NA,publicdomain,0.0,0,0,4,1,1,0,24,85,3.5416666666666665,False,2.1339162220661843,0.9882352941176472,0.925595238095238
Qmd1gJTbdCxShig6QTHnCSdiFnzBzESbrw2MrGP7ryWrst,Teton Sioux band - Father Behold Me,NA,Father Behold Me,Teton Sioux band,Teton Sioux band 1911-1914,classical,NA,publicdomain,0.0,0,0,7,1,1,0,32,94,2.9375,False,2.1235629817413,1.0,0.84765625
QmRakyknCAXRhRebLDZ8qxtFuwV3XyHNEPMfDFDLNGo64v,Teton Sioux band - Father Sing to Me,NA,Father Sing to Me,Teton Sioux band,Teton Sioux band 1911-1914,classical,NA,publicdomain,0.0,0,0,4,1,1,0,29,90,3.103448275862069,False,2.044768822972802,1.0,0.8944444444444445
QmaGPDDd2auKKW3RGdXPnEyHisVRFAEJvQMVAyPous3icH,Teton Sioux band - Friends Go On,NA,Friends Go On,Teton Sioux band,Teton Sioux band 1911-1914,classical,NA,publicdomain,0.0,0,0,5,1,1,0,18,80,4.444444444444445,False,2.157741972931268,1.0,0.9128787878787878
QmQ9GpLVxwv3fY75ywHbnYJs33z7nrrDgWPgmi6NemBvGU,Teton Sioux band - From Everywhere They Come,NA,From Everywhere They Come,Teton Sioux band,Teton Sioux band 1911-1914,classical,NA,publicdomain,0.0,0,0,4,1,1,0,32,119,3.71875,False,2.3945246673848306,1.0,0.8831018518518519
QmZiTm7ayfbeA4ys9EDd36LU2YoFBxZFWBP1S1TeB3wTbD,Teton Sioux band - From Whence the Winds Blow,NA,From Whence the Winds Blow,Teton Sioux band,Teton Sioux band 1911-1914,classical,NA,publicdomain,0.0,0,0,5,1,1,0,23,74,3.217391304347826,False,1.9331907521297265,1.0,0.9330357142857144
QmbJ6DpbWfG378zbbg7LECs2ZPNkR6Tgn4qt81XHUZZ59x,Teton Sioux band - Game Song,NA,Game Song,Teton Sioux band,Teton Sioux band 1911-1914,classical,NA,publicdomain,0.0,0,0,9,1,1,0,15,36,2.4,False,2.1496780327193394,1.0,0.9434523809523808
QmVd6boJnNxDb6uhbSndgCbrYzSzvVcMeB7jXs6gSAAj5W,Teton Sioux band - He Is Returning,NA,He Is Returning,Teton Sioux band,Teton Sioux band 1911-1914,classical,NA,publicdomain,0.0,0,0,4,1,1,0,54,152,2.814814814814815,False,2.302681880311159,1.0,0.9006944444444445
QmPkZYVsHVmBMqgX8Y6w3FTYTnKUHUywJ3pxdDxgD4x8Us,Teton Sioux band - He Lies Over There,NA,He Lies Over There,Teton Sioux band,Teton Sioux band 1911-1914,classical,NA,publicdomain,0.0,0,0,3,1,1,0,30,84,2.8,False,2.4407291512001645,1.0,0.8958333333333334
QmcYJTbCShkgzJscN9xdYsKocD7n8GquXsEqm4ozWQUaNS,Teton Sioux band - His Customs I Adopted,NA,His Customs I Adopted,Teton Sioux band,Teton Sioux band 1911-1914,classical,NA,publicdomain,0.0,0,0,5,1,1,0,23,82,3.565217391304348,False,2.249715665629161,1.0,0.8697916666666666
QmSztDdhpiG7xH91SHnUEuaRScrDNGpftK4hedDR8YfZyg,Teton Sioux band - His Horses He Granted Me,NA,His Horses He Granted Me,Teton Sioux band,Teton Sioux band 1911-1914,classical,NA,publicdomain,0.0,0,0,5,1,1,0,24,104,4.333333333333333,False,2.055984052136518,1.0,0.918154761904762
QmaQrn7NM7Yw14nLKMvbqGWf2RtCqErFCbakfnhfqXFkNV,Teton Sioux band - Horses Are Coming,NA,Horses Are Coming,Teton Sioux band,Teton Sioux band 1911-1914,classical,NA,publicdomain,0.0,0,0,4,1,1,0,26,109,4.1923076923076925,False,1.9917893160423663,1.0,0.8658854166666666
QmSM2PNGkuEhSPSNhVkYDouFzkoj6Tg1qdDfLC4qZjeVUJ,Teton Sioux band - Horses I Am Bringing,NA,Horses I Am Bringing,Teton Sioux band,Teton Sioux band 1911-1914,classical,NA,publicdomain,0.0,0,0,5,1,1,0,20,87,4.35,False,2.171758403755088,1.0,0.9020833333333332
QmUnduoMVBpc7ZZmDPkCaiwWZ34iPJ9DiiavpnZWEyhfTZ,Teton Sioux band - Horses I Seek,NA,Horses I Seek,Teton Sioux band,Teton Sioux band 1911-1914,classical,NA,publicdomain,0.0,0,0,7,1,1,0,19,51,2.6842105263157894,False,2.064092592955937,1.0,0.9242424242424242
QmQpenfgHqow9CgCJsCYSTAi1c8UNDsRpzUFzg3xnZuqwG,Teton Sioux band - I Am Bringing Horses,NA,I Am Bringing Horses,Teton Sioux band,Teton Sioux band 1911-1914,classical,NA,publicdomain,0.0,0,0,8,1,1,0,20,49,2.45,False,2.317667633203396,0.9387755102040816,0.9131944444444444
QmY8Gbt8KEvU23knQ7QUuWvyXovSbu4wGmZchmYPoA1kmB,Teton Sioux band - I Am Sitting,NA,I Am Sitting,Teton Sioux band,Teton Sioux band 1911-1914,classical,NA,publicdomain,0.0,0,0,5,1,1,0,15,40,2.6666666666666665,False,1.5705767639396528,1.0,0.8993055555555556
QmaqUeuNyjpyhhcZ8XfsaqmJ5Ds3ufe1ZkqqfZfExpU7hy,Teton Sioux band - I Come After Your Horses,NA,I Come After Your Horses,Teton Sioux band,Teton Sioux band 1911-1914,classical,NA,publicdomain,0.0,0,0,3,1,1,0,17,70,4.117647058823529,False,2.1248147196757405,1.0,0.875
QmQ7Tmf71myAyKhKrD3Zd98Ck6Ykj31fp178E4PWjZD1L6,Teton Sioux band - I Donated a Horse,NA,I Donated a Horse,Teton Sioux band,Teton Sioux band 1911-1914,classical,NA,publicdomain,0.0,0,0,6,1,1,0,21,65,3.095238095238096,False,2.0687681153195863,1.0,0.8888888888888888
QmWqyKVP2CPQKUeHhumzvukYUmBjvRc1NFTibzgWuinyTz,Teton Sioux band - I Expect to Give Something,NA,I Expect to Give Something,Teton Sioux band,Teton Sioux band 1911-1914,classical,NA,publicdomain,0.0,0,0,3,1,1,0,23,82,3.565217391304348,False,2.0687768636758594,1.0,0.8894230769230769
QmeeV8ubS6Q65Mx7PymStf5bt24sc9CDCSQsgCZMHSGi6N,Teton Sioux band - I Fear Not,NA,I Fear Not,Teton Sioux band,Teton Sioux band 1911-1914,classical,NA,publicdomain,0.0,0,0,5,1,1,0,22,78,3.5454545454545454,False,2.344070380525214,0.9615384615384616,0.8863636363636364
QmYuXUF6ScG65f6Gq2SHUQXGjBWQv5kmb9kdJPmamqrS7j,Teton Sioux band - I Have Been Helping,NA,I Have Been Helping,Teton Sioux band,Teton Sioux band 1911-1914,classical,NA,publicdomain,0.0,0,0,6,1,1,0,22,77,3.5,False,1.9819460942467573,1.0,0.9166666666666666
QmfUhT2hS9vqebYnFXpWu2oW36ZapSr7q2jXMgnpHCnF2F,Teton Sioux band - I Have Caused Them to Roam,NA,I Have Caused Them to Roam,Teton Sioux band,Teton Sioux band 1911-1914,classical,NA,publicdomain,0.0,0,0,9,1,1,0,22,48,2.1818181818181817,False,1.7529691480993197,1.0,0.9034090909090908
QmUW4qbs1Z8bHnVoHorYurp1Xt8a9jke5Zv5C5HC31xhXF,Teton Sioux band - I Have Conquered Them,NA,I Have Conquered Them,Teton Sioux band,Teton Sioux band 1911-1914,classical,NA,publicdomain,0.0,0,0,6,1,1,0,43,256,5.953488372093023,False,2.106682771471447,1.0,0.8733974358974359
Qmc49L5Gu2isy7vzyzSCAYveUYrXc1QrHa7tbG6dbGvMH7,Teton Sioux band - I Intend to Take His Horses,NA,I Intend to Take His Horses,Teton Sioux band,Teton Sioux band 1911-1914,classical,NA,publicdomain,0.0,0,0,6,1,1,0,16,73,4.5625,False,1.8980009614468163,1.0,0.9041666666666668
QmW6Ycxg7S7pquq6LiDv7A6vYQsggM5qGaK4JA7aiSHttL,Teton Sioux band - I Look for Him in Vain,NA,I Look for Him in Vain,Teton Sioux band,Teton Sioux band 1911-1914,classical,NA,publicdomain,0.0,0,0,6,1,1,0,12,45,3.75,False,2.0699100536767427,1.0,0.9136904761904762
QmdM59WJvTDjRvwHYFbW2pTxaqXujcUzCzU42VebfTYPxu,Teton Sioux band - I Took Courage,NA,I Took Courage,Teton Sioux band,Teton Sioux band 1911-1914,classical,NA,publicdomain,0.0,0,0,5,1,1,0,26,89,3.423076923076923,False,1.9608653275855048,1.0,0.9201388888888888
QmWaRmT68KanEfM8aGYwgAEsc624SDgR27mZZz95DLUbUM,Teton Sioux band - I Wish To Do My Part,NA,I Wish To Do My Part,Teton Sioux band,Teton Sioux band 1911-1914,classical,NA,publicdomain,0.0,0,0,4,1,1,0,27,110,4.074074074074074,False,2.338975930648929,0.9454545454545454,0.9036458333333334
QmSwS4Qbp9o4zQgKhxV6k589rMXmCsiNG5P1gTprg1b5yf,Teton Sioux band - I Wish to Roam,NA,I Wish to Roam,Teton Sioux band,Teton Sioux band 1911-1914,classical,NA,publicdomain,0.0,0,0,7,1,1,0,28,88,3.142857142857143,False,2.310750237965319,1.0,0.9111111111111112
Qmc6Wx5i3SuwMCBsp4nKcj9tw6r6RTsNWbUGkqBMND5msL,Teton Sioux band - In a Sacred Manner I Return,NA,In a Sacred Manner I Return,Teton Sioux band,Teton Sioux band 1911-1914,classical,NA,publicdomain,0.0,0,0,4,1,1,0,23,76,3.3043478260869565,False,1.5672761157945727,1.0,0.8990384615384616
QmTy7d9SL3ZaX5s8yxYFPvvxBubMtz1KLXt6wscwA9jpPU,Teton Sioux band - In the North,NA,In the North,Teton Sioux band,Teton Sioux band 1911-1914,classical,NA,publicdomain,0.0,0,0,5,1,1,0,58,126,2.1724137931034484,False,2.42802709398336,1.0,0.9338235294117648
QmUWHgKskro44i2LscnihZAUqsqA7xs5LxTT2hvemu52p5,Teton Sioux band - It Is Difficult,NA,It Is Difficult,Teton Sioux band,Teton Sioux band 1911-1914,classical,NA,publicdomain,0.0,0,0,4,1,1,0,23,78,3.391304347826087,False,1.8470191026726408,1.0,0.908653846153846
QmYjbXUp1fRYxxiGV329uUk3VRXBHuiKLLwCFB5qD7g1E7,Teton Sioux band - Learn the Songs of Victory,NA,Learn the Songs of Victory,Teton Sioux band,Teton Sioux band 1911-1914,classical,NA,publicdomain,0.0,0,0,4,1,1,0,67,127,1.8955223880597007,False,2.4395720710835582,1.0,0.9352477477477478
QmcKNP8v6CQVekEJXLtkoWkjXpnnZpVCaybawcftb4N3YM,Teton Sioux band - Lullaby,NA,Lullaby,Teton Sioux band,Teton Sioux band 1911-1914,classical,NA,publicdomain,0.0,0,0,6,1,1,0,34,116,3.411764705882353,False,1.9167300317436755,0.9482758620689656,0.907608695652174
QmcN4aVJxPAu5bSFQ9xouck3kibYNbA2wDHGeitzAGazsU,Teton Sioux band - May I Be There,NA,May I Be There,Teton Sioux band,Teton Sioux band 1911-1914,classical,NA,publicdomain,0.0,0,0,4,1,1,0,23,81,3.5217391304347827,False,2.187227533651336,1.0,0.9201388888888888
QmPacJK6bqTSkHd1wVoewiB3B5Ha9wmdsMVxz7PRJGyp8G,Teton Sioux band - May This Be the Day,NA,May This Be the Day,Teton Sioux band,Teton Sioux band 1911-1914,classical,NA,publicdomain,0.0,0,0,4,1,1,0,46,75,1.6304347826086956,False,1.8210962318137471,1.0,0.9497126436781608
QmQwKT7aZJkoXfnZTQ2cUk4CGtFxRnDsAJ7EpABeWWuDay,Teton Sioux band - My Horse Flies like a Bird,NA,My Horse Flies like a Bird,Teton Sioux band,Teton Sioux band 1911-1914,classical,NA,publicdomain,0.0,0,0,4,1,1,0,32,107,3.34375,False,2.680054298386279,0.7757009345794392,0.9135416666666668
QmbaHvcNESnLWng1Yakk6UgyamJUgXwCg8PEWqKWhtjrG9,Teton Sioux band - My Life Is Such,NA,My Life Is Such,Teton Sioux band,Teton Sioux band 1911-1914,classical,NA,publicdomain,0.0,0,0,5,1,1,0,20,63,3.15,False,2.421369024654191,0.9047619047619048,0.9416666666666668
QmbUoBirHH6qhGXZ8GzCGuWCyjzcFQ6EkUHziQueEU618Z,Teton Sioux band - One of Them Will Be Killed,NA,One of Them Will Be Killed,Teton Sioux band,Teton Sioux band 1911-1914,classical,NA,publicdomain,0.0,0,0,4,1,1,0,38,102,2.6842105263157894,False,2.050595730300025,1.0,0.9375
QmdWpSES17npDiDW712PcvckF6LszvzwNU7BDHJpKks6yf,Teton Sioux band - Opening Prayer of the Sun Dance,NA,Opening Prayer of the Sun Dance,Teton Sioux band,Teton Sioux band 1911-1914,classical,NA,publicdomain,0.0,0,0,9,1,1,0,68,100,1.4705882352941178,False,2.454155922155281,1.0,0.934640522875817
QmNdvqoBkZzcMrY1mBjwhoRsF1KZpGebqgHMRJLM9Pg2dR,Teton Sioux band - Opening Song of the Sun Dance (b),NA,Opening Song of the Sun Dance (b),Teton Sioux band,Teton Sioux band 1911-1914,classical,NA,publicdomain,0.0,0,0,4,1,1,0,13,51,3.923076923076923,False,2.079319522970546,1.0,0.8715277777777778
QmVFbja9cNAptXGARdo94SSuGrCkAZoRSuamjSao865WFC,Teton Sioux band - Owls Hoot At Me,NA,Owls Hoot At Me,Teton Sioux band,Teton Sioux band 1911-1914,classical,NA,publicdomain,0.0,0,0,5,1,1,0,24,86,3.583333333333333,False,2.463511764133359,1.0,0.8805555555555555
QmUJHjQGwpsxf8VaYVPzzVF4t3acsphWpXyjd8TrRe1zVG,Teton Sioux band - Owls Hooting,NA,Owls Hooting,Teton Sioux band,Teton Sioux band 1911-1914,classical,NA,publicdomain,0.0,0,0,4,1,1,0,25,77,3.08,False,2.1905080931907848,0.961038961038961,0.9704861111111112
QmUJWpnha3oepJPmS32GKnGZgVbFRmZQbkZk9DhUJYMqWR,Teton Sioux band - She Stands There Smiling,NA,She Stands There Smiling,Teton Sioux band,Teton Sioux band 1911-1914,classical,NA,publicdomain,0.0,0,0,12,1,1,0,18,64,3.555555555555556,False,1.8220648354448536,1.0,0.9261363636363636
QmQctRvBXTb4YwMuitpuBT9M6cFwJatVvrMZKNhwdHxizZ,Teton Sioux band - Sister I Bring You a Horse,NA,Sister I Bring You a Horse,Teton Sioux band,Teton Sioux band 1911-1914,classical,NA,publicdomain,0.0,0,0,5,1,1,0,20,73,3.65,False,2.1457923943845896,1.0,0.8712121212121212
Qma8hdkqr51k2ryNfub27Ye6faAvForWcxk5vUXTzcHqFg,Teton Sioux band - Something Sacred I Wear,NA,Something Sacred I Wear,Teton Sioux band,Teton Sioux band 1911-1914,classical,NA,publicdomain,0.0,0,0,5,1,1,0,31,97,3.129032258064516,False,1.9380853369389248,1.0,0.8854166666666666
QmeBbcLRPgNyh9R9oxE4qj9Tf1pAuTJpx4krysuHdwQ7Rz,Teton Sioux band - Song Concerning a Dream of the Thunderbirds,NA,Song Concerning a Dream of the Thunderbirds,Teton Sioux band,Teton Sioux band 1911-1914,classical,NA,publicdomain,0.0,0,0,51,1,1,0,43,159,3.697674418604651,False,2.302180076378833,1.0,0.8777173913043478
QmUEaeM4i7M2ds55SKKijzo9uUZPyADt8PRRGKgZoEE8ck,Teton Sioux band - Song Concerning Fierce Face,NA,Song Concerning Fierce Face,Teton Sioux band,Teton Sioux band 1911-1914,classical,NA,publicdomain,0.0,0,0,3,1,1,0,12,62,5.166666666666667,False,1.9981411669374165,1.0,0.8802083333333334
QmbfQN2snbksEN4wk1pQgeLFbEBxSa54MtuFsW4LKQFC35,Teton Sioux band - Song Concerning the Sun and Moon,NA,Song Concerning the Sun and Moon,Teton Sioux band,Teton Sioux band 1911-1914,classical,NA,publicdomain,0.0,0,0,6,1,1,0,9,41,4.555555555555555,False,2.1794114552571533,1.0,0.925
QmQZT4ssxD4sZ9o6nc9HXCLch6i9dYQyrJgsLaMsi279iz,Teton Sioux band - Song Concerning White Butterfly,NA,Song Concerning White Butterfly,Teton Sioux band,Teton Sioux band 1911-1914,classical,NA,publicdomain,0.0,0,0,6,1,1,0,28,79,2.821428571428572,False,2.3402969152280466,0.9873417721518988,0.9305555555555556
QmPKUfcGmMgDiqFGpjJXidtnVnaR4CPgwZ1Tb5XFJ24ueH,Teton Sioux band - Song for Securing Fair Weather,NA,Song for Securing Fair Weather,Teton Sioux band,Teton Sioux band 1911-1914,classical,NA,publicdomain,0.0,0,0,8,1,1,0,16,43,2.6875,False,2.1735343196123407,1.0,0.8880208333333334
QmaNmUoYM6d26W6xNupiPT7xiGLgmARn4UEVVp4YyMA2He,Teton Sioux band - Song in Honor of Gabriel Renville (a),NA,Song in Honor of Gabriel Renville (a),Teton Sioux band,Teton Sioux band 1911-1914,classical,NA,publicdomain,0.0,0,0,6,1,1,0,13,37,2.8461538461538463,False,2.190071309292265,0.972972972972973,0.8958333333333334
QmPpwRzCKGBNxkpiEKDM4qupJUJbmLTzZ288vZ4HGrgbwM,Teton Sioux band - Song in Honor of Gabriel Renville (b),NA,Song in Honor of Gabriel Renville (b),Teton Sioux band,Teton Sioux band 1911-1914,classical,NA,publicdomain,0.0,0,0,6,1,1,0,22,69,3.136363636363636,False,1.934309675758104,1.0,0.8802083333333334
QmZpvk6aXDFvv58ThWpVgR2SBLyaNTiLXhfSjNnCDVMjQ8,Teton Sioux band - Song in Honor of Red Fish,NA,Song in Honor of Red Fish,Teton Sioux band,Teton Sioux band 1911-1914,classical,NA,publicdomain,0.0,0,0,8,1,1,0,19,100,5.2631578947368425,False,2.2822932317920577,1.0,0.9333333333333332
QmeqcLNuG83He6v92ked74ZG5ejy61KbmtCesUXh1JtGbk,Teton Sioux band - Song of Little Girl's Play (a),NA,Song of Little Girl's Play (a),Teton Sioux band,Teton Sioux band 1911-1914,classical,NA,publicdomain,0.0,0,0,7,1,1,0,18,75,4.166666666666667,False,2.2856246936580464,1.0,0.8958333333333334
QmaSXWwhrq9sTX1PdWvSuaGq6LNQjVj2ugy6W2R7C95CUb,Teton Sioux band - Song of Little Girl's Play (b),NA,Song of Little Girl's Play (b),Teton Sioux band,Teton Sioux band 1911-1914,classical,NA,publicdomain,0.0,0,0,4,1,1,0,4,14,3.5,False,1.8352377453121167,1.0,0.9583333333333334
QmbuCPazPLuVVdz5x9p7CjVUCZVPVB6Nsjci9CE51oZD8m,Teton Sioux band - Song of Sitting Bull (b),NA,Song of Sitting Bull (b),Teton Sioux band,Teton Sioux band 1911-1914,classical,NA,publicdomain,0.0,0,0,6,1,1,0,23,89,3.869565217391304,False,2.050654554913679,1.0,0.8894230769230769
QmP22ETJubc6zmHsYciXSrUrcbvHZ3jKrfF2RrC8z7b7Gk,Teton Sioux band - Song of the Braves' dance,NA,Song of the Braves' dance,Teton Sioux band,Teton Sioux band 1911-1914,classical,NA,publicdomain,0.0,0,0,26,1,1,0,41,128,3.1219512195121952,False,2.115483143485,0.984375,0.8630952380952381
QmQdBYEDkuEL1sFrR7sBnSHUv1DXwwNQwzYx3NEBGCtfHQ,Teton Sioux band - Song of the Buffalo Hunt (b),NA,Song of the Buffalo Hunt (b),Teton Sioux band,Teton Sioux band 1911-1914,classical,NA,publicdomain,0.0,0,0,4,1,1,0,10,31,3.1,False,1.8686645537932227,1.0,0.9125
QmQXRediKz7Zo1hcc3tWJmjLnoUYvV89M6dvNiHXVzyELb,Teton Sioux band - Song of the Buffalo Hunt (c),NA,Song of the Buffalo Hunt (c),Teton Sioux band,Teton Sioux band 1911-1914,classical,NA,publicdomain,0.0,0,0,16,1,1,0,20,58,2.9,False,1.6764409086968683,1.0,0.8770833333333333
QmWqXV2bjrdk1Tsy5MB29vvNBrgaxNbj5mFU2sjSqCFwxx,Teton Sioux band - Song of the Departure of the Young Men,NA,Song of the Departure of the Young Men,Teton Sioux band,Teton Sioux band 1911-1914,classical,NA,publicdomain,0.0,0,0,5,1,1,0,12,47,3.9166666666666665,False,1.591106281619541,1.0,0.90625
QmbtcRDL7WBmJXbAi897PKrUVuYEx9hewX8nytBz2mLzp6,Teton Sioux band - Song of the Maiden's Leap,NA,Song of the Maiden's Leap,Teton Sioux band,Teton Sioux band 1911-1914,classical,NA,publicdomain,0.0,0,0,7,1,1,0,52,96,1.8461538461538465,False,1.857784052030222,1.0,0.9402777777777778
QmSKGFTFbGoZGhtbogrcsamBPSwyNLiBzJCFxmEUvoM1LZ,Teton Sioux band - Song of the Moccasin Game (a),NA,Song of the Moccasin Game (a),Teton Sioux band,Teton Sioux band 1911-1914,classical,NA,publicdomain,0.0,0,0,6,1,1,0,25,107,4.28,False,2.302851427559818,1.0,0.8525641025641025
QmeSp6gXDCL5TnPQtSNUpFBUUcctDVCXo6PJFtyHYfY84P,Teton Sioux band - Song of the Moccasin Game (c),NA,Song of the Moccasin Game (c),Teton Sioux band,Teton Sioux band 1911-1914,classical,NA,publicdomain,0.0,0,0,4,1,1,0,24,54,2.25,False,1.4413500852156318,1.0,0.9583333333333334
QmNjjtsu4X4Ts4wC9nboVAvWELrr7GvR79tJU6zPNyhWKU,Teton Sioux band - Song of the Moccasin Game (e),NA,Song of the Moccasin Game (e),Teton Sioux band,Teton Sioux band 1911-1914,classical,NA,publicdomain,0.0,0,0,10,1,1,0,12,62,5.166666666666667,False,1.9297704784437324,1.0,0.875
Qma2fdNSPNh9i9Y7B3DbyYdxUmZDKWMXxv5AnVuNz3FdT1,Teton Sioux band - Song of the Moccasin Game (f),NA,Song of the Moccasin Game (f),Teton Sioux band,Teton Sioux band 1911-1914,classical,NA,publicdomain,0.0,0,0,7,1,1,0,18,48,2.6666666666666665,False,2.077428772913488,1.0,0.9
QmUf9BDxeFZ8j4wekdDCgcVNpuQYw8QHivuPiGLasV1MEZ,Teton Sioux band - Song of the Night Dance,NA,Song of the Night Dance,Teton Sioux band,Teton Sioux band 1911-1914,classical,NA,publicdomain,0.0,0,0,4,1,1,0,19,54,2.8421052631578947,False,1.984573246197652,1.0,0.9
QmbrVdMUobxxXgFWVYy1vx88JwcprbdAovUurXyEVjZpBv,Teton Sioux band - Song of the Shuffling-feet Dance (b),NA,Song of the Shuffling-feet Dance (b),Teton Sioux band,Teton Sioux band 1911-1914,classical,NA,publicdomain,0.0,0,0,4,1,1,0,16,61,3.8125,False,1.9098871413036016,1.0,0.8333333333333334
QmYEEmULpDQ3RzdXr6tvtjVG9aHu8YBovgnauL8FzciDpN,Teton Sioux band - Song of the Strong Heart Society (a),NA,Song of the Strong Heart Society (a),Teton Sioux band,Teton Sioux band 1911-1914,classical,NA,publicdomain,0.0,0,0,8,1,1,0,19,75,3.947368421052632,False,2.037073446514301,1.0,0.8882575757575758
QmfDcefDrNTGgtDxCZSgHVTFo63axN6ojoxKpdzj7E3B8q,Teton Sioux band - Song of the Strong Heart Society (d),NA,Song of the Strong Heart Society (d),Teton Sioux band,Teton Sioux band 1911-1914,classical,NA,publicdomain,0.0,0,0,7,1,1,0,14,47,3.357142857142857,False,1.9660849022601228,1.0,0.9226190476190476
QmZKvNGaVX9wA5Ypf1TkJjGvjvstkVJ1NHvAdrK3fahF8N,Teton Sioux band - Song of the Ticketless Society,NA,Song of the Ticketless Society,Teton Sioux band,Teton Sioux band 1911-1914,classical,NA,publicdomain,0.0,0,0,5,1,1,0,35,115,3.2857142857142856,False,2.331737398524384,1.0,0.939484126984127
QmWUSFmyjFMBr2G1a5yWZgTVWUGf5ytJuZj2VsaKqKTBo7,Teton Sioux band - Song of the White Horse Riders (b),NA,Song of the White Horse Riders (b),Teton Sioux band,Teton Sioux band 1911-1914,classical,NA,publicdomain,0.0,0,0,4,1,1,0,40,108,2.7,False,2.03053152433059,0.925925925925926,0.8977272727272727
QmY2ChknhaZirbQXUHBuxw6AT3AbM5PoU6JKRADMscBYLg,Teton Sioux band - Song of the Young Wolves,NA,Song of the Young Wolves,Teton Sioux band,Teton Sioux band 1911-1914,classical,NA,publicdomain,0.0,0,0,6,1,1,0,32,152,4.75,False,2.335271494779379,1.0,0.8394607843137255
QmQJnWyTdui6rgMNiYigLY4TpezwxxXueZW3nXDAmW1mwn,Teton Sioux band - Song Sung after Raising the Sacred Pole (b),NA,Song Sung after Raising the Sacred Pole (b),Teton Sioux band,Teton Sioux band 1911-1914,classical,NA,publicdomain,0.0,0,0,3,1,1,0,25,84,3.36,False,1.9828252059459128,1.0,0.9022435897435898
QmUnvbroPxyYTBZHRLZPzR14xiLiRbumtP3hmAmzMxtL8w,Teton Sioux band - Song To Secure Buffalo in Time of Famine,NA,Song To Secure Buffalo in Time of Famine,Teton Sioux band,Teton Sioux band 1911-1914,classical,NA,publicdomain,0.0,0,0,6,1,1,0,17,66,3.882352941176471,False,2.211492676769816,1.0,0.8865740740740741
QmTHKW38dUqX8QLoy1QmqcPVd9wF9Mfy6tY6MNgK75GmkN,Teton Sioux band - Song When a Game Is Almost Won,NA,Song When a Game Is Almost Won,Teton Sioux band,Teton Sioux band 1911-1914,classical,NA,publicdomain,0.0,0,0,4,1,1,0,21,61,2.9047619047619047,False,2.2587555954355523,1.0,0.8990384615384616
QmabBwgFLRVinUSSz9s4GvmQr4iZFZwQ6ZSxJR7DxEiWJa,Teton Sioux band - Tell Her,NA,Tell Her,Teton Sioux band,Teton Sioux band 1911-1914,classical,NA,publicdomain,0.0,0,0,5,1,1,0,35,104,2.9714285714285715,False,2.1742315594621893,1.0,0.9177631578947368
QmX1s8UEHJNHos63qMmPjUpse6SpBmRLtQ1drF82jbtoti,Teton Sioux band - The Earth Only Endures,NA,The Earth Only Endures,Teton Sioux band,Teton Sioux band 1911-1914,classical,NA,publicdomain,0.0,0,0,6,1,1,0,24,88,3.6666666666666665,False,1.7362981134573647,1.0,0.8883928571428571
QmZ1Zdrns4DMTuGYFAsdPpVQTjvVirwsBb2rs8BSsqkqid,Teton Sioux band - The Many Lands You Fear,NA,The Many Lands You Fear,Teton Sioux band,Teton Sioux band 1911-1914,classical,NA,publicdomain,0.0,0,0,3,1,1,0,16,48,3.0,False,1.822945612761119,1.0,0.9453125
QmWUi6xH26phcW6Mt9KuBgBjbUYqheEUFRtnbEPhLkSRjm,Teton Sioux band - The Poor Are Many,NA,The Poor Are Many,Teton Sioux band,Teton Sioux band 1911-1914,classical,NA,publicdomain,0.0,0,0,6,1,1,0,23,85,3.695652173913044,False,1.980949115123988,1.0,0.8974358974358975
QmY5vm2N9vHkj18GgjQZDdAat4iUaASm5iF9bbHEpEUmge,Teton Sioux band - The Sacred Stones Come to See You,NA,The Sacred Stones Come to See You,Teton Sioux band,Teton Sioux band 1911-1914,classical,NA,publicdomain,0.0,0,0,4,1,1,0,32,91,2.84375,False,2.3777450587995967,1.0,0.9097222222222222
QmdPjmxszHCvhwQ1z67wk6hMX3qF5XtdTZE3Vgnd8SMcmB,Teton Sioux band - They Are Charging Them,NA,They Are Charging Them,Teton Sioux band,Teton Sioux band 1911-1914,classical,NA,publicdomain,0.0,0,0,5,1,1,0,18,79,4.388888888888889,False,2.0112187503166994,1.0,0.8674242424242424
QmSjtHCw1rE5KYNbhUQX7BbuiRvQ3W5c5brtA3C7KEwv1Q,Teton Sioux band - They Depend Upon You,NA,They Depend Upon You,Teton Sioux band,Teton Sioux band 1911-1914,classical,NA,publicdomain,0.0,0,0,6,1,1,0,15,53,3.533333333333333,False,2.475460542706025,1.0,0.9010416666666666
QmPWuyQ2q2R8mk9rqRuGoDhU39gQ25rePrYSmLempVDjwi,Teton Sioux band - They Deserted Their Leader,NA,They Deserted Their Leader,Teton Sioux band,Teton Sioux band 1911-1914,classical,NA,publicdomain,0.0,0,0,5,1,1,0,19,61,3.210526315789474,False,2.19844972152896,1.0,0.9020833333333332
QmWEKfFL9RqeNfoKsPeZyznk8jozof5gavLvm5vifpxuBy,Teton Sioux band - Those Are Not My Interest,NA,Those Are Not My Interest,Teton Sioux band,Teton Sioux band 1911-1914,classical,NA,publicdomain,0.0,0,0,5,1,1,0,24,80,3.333333333333333,False,2.216186902051997,1.0,0.9278846153846154
QmeuMiG367jQRFpFzZa8AqrdhXyRFFZ43Cu8CB1nzqWwpU,Teton Sioux band - Those Hills I Trod Upon,NA,Those Hills I Trod Upon,Teton Sioux band,Teton Sioux band 1911-1914,classical,NA,publicdomain,0.0,0,0,11,1,1,0,25,95,3.8,False,1.9236384058182607,1.0,0.9107142857142856
QmaDAtvXkFx9ZhYjkCqRvESkwT99mzETDmhm2YJR4fy8VL,Teton Sioux band - Toward Them I Walk,NA,Toward Them I Walk,Teton Sioux band,Teton Sioux band 1911-1914,classical,NA,publicdomain,0.0,0,0,5,1,1,0,31,38,1.2258064516129032,False,2.2004971511576725,1.0,0.9418859649122808
QmSWvdYRpHVHvf6o8mPkb1KEi5qJKeJR2RPj3M4vY8Yb2N,Teton Sioux band - Tremble O Tribe of the Enemy,NA,Tremble O Tribe of the Enemy,Teton Sioux band,Teton Sioux band 1911-1914,classical,NA,publicdomain,0.0,0,0,6,1,1,0,28,106,3.7857142857142856,False,1.8645755933906325,1.0,0.8805555555555555
QmNdWbc9jZo4JavxhhiMhPLe4s1v5t8EeHsmqZaRL1KeoY,Teton Sioux band - Two White Buffalo Take Courage,NA,Two White Buffalo Take Courage,Teton Sioux band,Teton Sioux band 1911-1914,classical,NA,publicdomain,0.0,0,0,5,1,1,0,18,75,4.166666666666667,False,2.2853045680631467,0.8666666666666667,0.8854166666666666
QmdJPdYM85GbAf1GA9nsBW5oPPvqLhy3VAY3bDNfL5A7g3,Teton Sioux band - Wakangtangka Hears Me,NA,Wakangtangka Hears Me,Teton Sioux band,Teton Sioux band 1911-1914,classical,NA,publicdomain,0.0,0,0,5,1,1,0,22,78,3.5454545454545454,False,2.031170959449532,1.0,0.8636363636363636
QmPzEaDYbsdTsafkmKqEz5DXq7Ev4JdD7TFHjk4ufLE7u6,Teton Sioux band - Wakangtangka Pity Me,NA,Wakangtangka Pity Me,Teton Sioux band,Teton Sioux band 1911-1914,classical,NA,publicdomain,0.0,0,0,6,1,1,0,24,63,2.625,False,2.2711060662246747,0.873015873015873,0.9285714285714286
QmYG2NFDsHsHJGEY9FFQg3F2iBVaSEQ7cGaypmzFN9SB4d,Teton Sioux band - Watch Your Horses,NA,Watch Your Horses,Teton Sioux band,Teton Sioux band 1911-1914,classical,NA,publicdomain,0.0,0,0,5,1,1,0,46,154,3.347826086956522,False,2.081161907802356,1.0,0.9058333333333334
QmSM5biBFYQ21mgX7fTTuyzMyZMW7EXFXKgsCaS7so97Kj,Teton Sioux band - When a Horse Neighs,NA,When a Horse Neighs,Teton Sioux band,Teton Sioux band 1911-1914,classical,NA,publicdomain,0.0,0,0,9,1,1,0,36,125,3.4722222222222223,False,1.961607131657112,1.0,0.8506944444444444
QmagVqcoqDUCGyaUAc5tG1kbNWpLvXwcNPV8ufXpo8MvL2,Teton Sioux band - Where the Wind Is Blowing,NA,Where the Wind Is Blowing,Teton Sioux band,Teton Sioux band 1911-1914,classical,NA,publicdomain,0.0,0,0,4,1,1,0,18,98,5.444444444444445,False,2.368497687249481,0.9387755102040816,0.8560606060606061
QmcavtYCYLt1Q9FDoGeysAf4smSexcQWjU9StiynHbyQfP,Teton Sioux band - Worthy of Reverence,NA,Worthy of Reverence,Teton Sioux band,Teton Sioux band 1911-1914,classical,NA,publicdomain,0.0,0,0,5,1,1,0,30,88,2.933333333333333,False,2.1146420159780903,0.9318181818181818,0.8930555555555556
QmWxV7V9EX8y4CWJMeiBuYShWvCmVG65B1TnpyHDTCEJYN,Teton Sioux band - You Have Relied Upon Me,NA,You Have Relied Upon Me,Teton Sioux band,Teton Sioux band 1911-1914,classical,NA,publicdomain,0.0,0,0,5,1,1,0,26,95,3.6538461538461537,False,1.9222389663253745,0.9789473684210528,0.8944444444444445
QmNb9mj8xnVWJMQ8JBySXK1NQCUPd2u6dprA8A7jtEXdMY,Teton Sioux band - You May Go on the Warpath,NA,You May Go on the Warpath,Teton Sioux band,Teton Sioux band 1911-1914,classical,NA,publicdomain,0.0,0,0,7,1,1,0,11,49,4.454545454545454,False,1.978766100951314,1.0,0.9236111111111112
QmaUtG2QafmV555NE3oSiCtbkpeCaqRsUe5Hd92W5uuTan,Teton Sioux band - You Should Give Up the Warpath,NA,You Should Give Up the Warpath,Teton Sioux band,Teton Sioux band 1911-1914,classical,NA,publicdomain,0.0,0,0,6,1,1,0,22,82,3.727272727272727,False,2.2691844304540223,1.0,0.9047619047619048
QmeYhF6KFYSuh3ZYqSQTCtLK11RXwWbRtfPemUP2nHNcKv,Teton Sioux band - You Will Walk,NA,You Will Walk,Teton Sioux band,Teton Sioux band 1911-1914,classical,NA,publicdomain,0.0,0,0,4,1,1,0,16,57,3.5625,False,2.0681421058430542,1.0,0.875
QmXBVxxveVfb55KYa6R4tkRf1XPBYjyUAoV8Yrr7rXQtCG,Tetris,Easy,tetris theme,Misc Computer Games,Flowkey,soundtrack,tetris-easy-piano,publicdomain,0.0,0,241,10731,1,1,0,32,134,4.1875,False,2.709400109186836,0.9626865671641792,0.9625
QmVjojpzjA3dZ17523pNt5Qy4GPEAKkQykmd3RG3mS86DV,Tetris Theme,Middle C Arrangement,korobeiniki,Misc Traditional,arr. Tamara Sanyshyn Peters,folk,tetris-videogame-musiceducation-middlecposition,cc-zero,4.25,13,16,682,1,1,0,16,37,2.3125,False,2.574319422754152,1.0,0.9856770833333334
Qmai1xZMagntVPDFivZ4ZHCwbi6BEz8rDhrJPZF26W68oD,Tetris Theme (Korobeiniki),(Korobiniki),misc,Misc,Tobin Waling,electronic,NA,cc-zero,0.0,0,4,242,1,1,0,32,392,12.25,False,2.701156815081524,0.9336734693877552,0.9798177083333334
QmNvos5TdGeacHLPoRtVWJMQfNsdUuYcFccMNdNmKXvviX,Tetris Theme A,Tetris,tetris theme a gameboy,Misc Computer Games,Arranged by Aurélien Savary,soundtrack,videogame-tetris-russia,cc-zero,0.0,0,2,63,1,1,0,8,74,9.25,False,2.60829664281998,0.972972972972973,0.9635416666666666
Qmb8GHZ7RDUGtdEyD1jikePnuf7wrLCbGzy9RmDpAibZE2,Tetris Theme A Fast,The music that plays when you get to a high level in mode A,NA,NA,Tchaikovsky (1840 - 1893)Arranged by Iddo LandauWith help from musicjunky93,NA,NA,cc-zero,0.0,0,0,87,2,1,0,55,862,15.672727272727272,True,3.2998041002572096,0.8130841121495327,0.9498456790123456
QmTWzxgfrtGb43fn3QiXm1Yh88APxspfy2XKUKeHQdbEpa,Tetris Title Screen,Title Screen,Title Theme,Hirokazu Tanaka,Hirokazu Tanaka,soundtrack,tetris-titlescreen-gameboy-chiptune-piano,cc-zero,0.0,0,1,79,0,2,0-0,24,511,21.291666666666668,False,2.9513443003491737,0.8585657370517928,0.9756944444444444
QmNVM8D34ttDv8KFom3GkEtRsnSsDLdMK9X9zykhYpNFx1,Tetris Trombone duet Part 2,Trombone 2,Tetris Trombone duet Part 2,Rubyboat rusklas3407,NA,NA,gaming-tetris-trombone-duet,cc-zero,0.0,0,0,30,1,1,0,16,65,4.0625,False,2.727426717141413,0.9846153846153848,0.9635416666666666
QmUQZHWsLu9XgTqo1TCGnGNapk7r41dNkag2YcELosAWcq,Tettenhall - Richard S. Newman,NA,Tettenhall,Richard S. Newman,NA,classical,NA,publicdomain,0.0,0,0,1,1,1,0,20,248,12.4,False,2.84089696989214,0.939516129032258,0.9739583333333334
QmVu3GdTGMJ83WKZBgyNZY9XVYUhr1iz5tT3irvVocKLkc,Teufelslied,NA,Teufelslied,Misc tunes,Arranged by Ethan Swierczek,NA,ss-teufelslied-ww-wwii-germany-thirdreich-waffenss-bundeswehr-luftwaffe-wehrmacht-ssmarschiertinfeindesland,cc-zero,4.85,17,49,5499,1,1,0,61,1004,16.459016393442624,False,2.485219564327277,0.9828973843058352,0.9675141242937854
QmRMr9qLWnATMcG4tiPFSPGhcY1FxDFAopuSkS2niSEhRh,Teviot Bridge,NA,Teviot Bridge,Misc tunes,Gow's Repository 1817,NA,NA,publicdomain,0.0,0,0,2,1,1,0,26,138,5.307692307692308,False,2.644151645700912,1.0,0.9513888888888888
Qmag1ex5277Zhrj2XQEXSxvRgzB6VqhDmy6vNXUiXn1GhE,Teviot Bridge,Teviot Brig,Teviot Bridge,Misc tunes,NA,NA,NA,publicdomain,0.0,0,0,2,1,1,0,35,162,4.628571428571429,False,2.6179484860526885,1.0,0.9453125
QmSt7XiW5iuUGJEDcA5wCdBxGgbXPKYiNPNsVva2EsamLC,Teviot Brig (Teviot Bridge),NA,Teviot Brig (Teviot Bridge),Misc tunes,NA,NA,NA,publicdomain,0.0,0,0,3,1,1,0,36,169,4.694444444444445,False,2.6261529720361474,1.0,0.9479166666666666
QmSVvKEUgZsxmANZXxtTZhQbszUnLR7wAaCPqq4SMjkaPi,Texas Starvation,NA,Texas Starvation,Misc tunes,NA,NA,NA,publicdomain,0.0,0,0,6,1,1,0,28,200,7.142857142857143,False,2.167551484556717,1.0,0.9389880952380952
QmVboViietUuhWTxE4ESB1NYudUsQkDAWdSmMS34hr3eLq,Texturas - Busy Buddies,NA,NA,NA,Javier Elias Barrón López,NA,begginer,cc-zero,0.0,0,0,43,1,1,0,23,136,5.913043478260869,False,2.844891937618063,0.9705882352941176,0.9246031746031746
QmaFTrd6tjBQP9TC46JW9kCGMcvXJ9swBDkiycwxmDqqFX,TF2 Kazotsky kick,NA,team fortress 2 - Kazotsky Kick,Misc Computer Games,NA,soundtrack,russian-tf-valve-team-fortress-two-teamfortresstwo-kick-kazotsky-kazotskykick-ussr-heavy-peopleormoretoplayirl,cc-zero,4.85,44,84,4381,1,1,0,41,560,13.658536585365852,False,2.8367118987495714,0.8987341772151899,0.9666666666666668
QmSX2MYF44YmgpB56EjkRVYRU136Ay2Ar2Td3gy6QgwQ66,Th\'ainig an Taoide Isteach,the Tide Came In,Th\'ainig an Taoide Isteach,Misc tunes,NA,NA,NA,publicdomain,0.0,0,0,2,1,1,0,36,240,6.666666666666667,False,2.7352330990049603,0.9916666666666668,0.9361979166666666
QmNyeckXKtQ8Qfnse1pKgfFLjUtTAFY6hnoGJ4P4FeUToV,Th\'ainig an Taoide Isteach (The Tide Came In),NA,Th\'ainig an Taoide Isteach (The Tide Came In),Misc tunes,NA,NA,NA,publicdomain,0.0,0,0,3,1,1,0,36,240,6.666666666666667,False,2.7352330990049603,0.9916666666666668,0.9361979166666666
QmUkmzEEgBaAx37nrhj18dMetXBpuGXidDsmpG5ddyNdnf,Tha buaidh air an Uisgebhea',Charms of Whisky The,Tha buaidh air an Uisgebhea',Misc tunes,NA,NA,NA,publicdomain,0.0,0,0,3,1,1,0,18,120,6.666666666666667,False,2.5348268152041804,1.0,0.97265625
Qmd9x4LNnLJ6jMoi4LBHvFEjSrCC1pi7XpJsKYnG7mxr33,Tha Crodhaigh Mac Allan,Neil Ferguson Esquire's Favorite Air,Tha Crodhaigh Mac Allan,Misc tunes,NA,NA,NA,publicdomain,0.0,0,0,2,1,1,0,54,190,3.5185185185185186,False,2.152598116937912,1.0,0.947072072072072
QmZa3xvfNpGdqgLSVLeKsVyu1NXmRynRxkh5zJMn31vimo,Tha dì nan bròg air Donnachadh Dubh,Black DuncanEarl of Hume's Strathspey,Tha dì nan bròg air Donnachadh Dubh,Misc tunes,NA,NA,NA,publicdomain,0.0,0,0,3,1,1,0,20,140,7.0,False,2.467702659871557,1.0,0.8828125
Qmcmq6xJov5QGG4qLHFPhD6m97BVUzFgEaUbtma7vMfGp5,Tha Leann daor aig na Gillun,Ale is dear The,Tha Leann daor aig na Gillun,Misc tunes,NA,NA,NA,publicdomain,0.0,0,0,2,1,1,0,19,123,6.473684210526316,False,2.425368176404885,1.0,0.9544270833333334
QmYvQtNnDGeHQ3WbKt5TmuvfnvUHnfxk7mVeygTJiQN4BP,Tha M' Eudail Is Maighear's Mo Graidh,NA,Tha M' Eudail Is Maighear's Mo Graidh,Misc tunes,Joe Buchanan's Scottish Tome - Page 531.2,NA,NA,publicdomain,0.0,0,0,5,1,1,0,32,83,2.59375,False,2.5006388665378787,1.0,0.9166666666666666
Qmf28RZj3PRJdZxnrjvrn1411gAugu6nPXbr39qiDkHFpv,Tha me Sgith (Hah me skee),Pulling BrackenCutting Ferns,Tha me Sgith (Hah me skee),Misc tunes,NA,NA,NA,publicdomain,0.0,0,0,6,1,1,0,16,54,3.375,False,2.245832816823835,1.0,0.9622395833333334
QmSYxFfnhYH8jDiDJqgcRZxA2kLturuvDCzFu1MvTrp4NA,THA MI MO CHADAL.--I AM ASLEEP.,ANCIENT SET.,THA MI MO CHADAL.--I AM ASLEEP.,Misc tunes,NA,NA,NA,publicdomain,0.0,0,0,8,1,1,0,33,114,3.4545454545454546,False,2.868353830808049,0.9473684210526316,0.9166666666666666
QmQDd95iZAMtoJVSEVftFR84WF8Zs2uZtnTP1auHYTVsWK,Tha Mitinn Leis A Ghaol,NA,Tha Mitinn Leis A Ghaol,Misc tunes,Joe Buchanan's Scottish Tome - Page 508.0AKA The Languor of Love,NA,NA,publicdomain,0.0,0,0,6,1,1,0,32,152,4.75,False,2.651610828757044,1.0,0.9361979166666666
QmeFHuMyzffRhyfzq8B7gF9qdb1piUanrmJR1WhU5Ep9de,Tha tighiun fodham èiridh,I think of rising,Tha tighiun fodham èiridh,Misc tunes,NA,NA,NA,publicdomain,0.0,0,0,2,1,1,0,16,122,7.625,False,2.094544985444631,1.0,0.9114583333333334
QmSB7KTSxsAquUgfcaEnX3MBSqQvPGLXndoiEHcWN2oJs2,Thady Casey's Fancy,Rogha Thaidhg U\'i Chathasaigh,Thady Casey's Fancy,Misc tunes,NA,NA,NA,publicdomain,0.0,0,0,2,1,1,0,16,118,7.375,False,2.7016310808305075,1.0,0.9244791666666666
QmVQCCs8sBfutB17FeMbRG7TaQiPi3GXeptvyfWsucGsWC,ThaliaThe. (p)1801.PN.12,NA,ThaliaThe. (p)1801.PN.12,Misc tunes,NA,NA,NA,publicdomain,0.0,0,0,8,1,1,0,36,160,4.444444444444445,False,2.655867209399148,1.0,0.9192708333333334
QmYRcc4sFbMo9XbQcRfxV9ANZTu9NzyUvo6HmGNs4Bq9TY,Thanatos - Updated 2020,NA,neon genesis evangelion - a cruel angels thesis,Misc Cartoons,NA,soundtrack,thanatos-evangelion-pianosolo-piano-neongenesisevangelion-animeost-anime,cc-zero,4.84,48,127,3361,2,1,0,58,886,15.275862068965518,False,2.993220577046726,0.9367945823927766,0.9283625730994152
QmQopdNdHkHLvHAJPB4egRNGhXW6WaKvt57JMVWKgwzxci,THANET (Newman) - Richard S. Newman,NA,THANET (Newman),Richard S. Newman,NA,classical,NA,publicdomain,0.0,0,0,3,1,1,0,19,160,8.421052631578947,False,2.7335259522573034,0.975,0.9769736842105264
QmSE2QGg3vEahBqNLFRLWVSmfTnRcnHezbvFMKjmBb99wQ,Thank God for a perfect salvation - Wm. J. Kirkpatrick,NA,Thank God for a perfect salvation,William J. Kirkpatrick,NA,classical,NA,publicdomain,0.0,0,0,2,1,1,0,20,261,13.05,False,2.4235710929341847,1.0,0.9166666666666666
QmeY8prx7f3oq7pEtRaEPBYT3TXEpHxPEoHvVnDBxDvise,Thank God rilès,NA,thank god,Rilès,Rilès,hiphop,riles,cc-zero,4.62,5,50,1176,0,1,0,49,597,12.183673469387756,False,2.668709399306208,1.0,0.9965986394557824
QmcQSMiDchN79Ege5W6B4B1ZWca5DpqWsLLrFi9TFKMD28,Thank you for all of your loving,NA,thank you for all your loving,Elton John,NA,rock,eltonjohn-taronegerton-rocketman,cc-zero,0.0,0,3,213,0,1,0,61,664,10.885245901639344,False,2.8526070486765804,0.9375,0.8152173913043479
Qme4jtad9kTCTANFkvfZJm8MJsbu91GkFJFt8nHjuLHueJ,Thank You For The Music,NA,thank you for the music,ABBA,NA,pop,NA,cc-zero,4.85,4,2,310,1,1,0,39,180,4.615384615384615,True,2.8382346243197136,0.9666666666666668,0.9188034188034188
QmXtZDeFrWGXcKioDdjphGk29dfpv4GrRsQyV7ZKyrDCVy,Thankful hearts and happy voices - Tekoa S. Winey,NA,Thankful hearts and happy voices,Tekoa S. Winey,NA,classical,NA,publicdomain,0.0,0,0,3,1,1,0,20,247,12.35,False,2.5348353498421963,1.0,0.9085648148148148
QmPxaB5HptuMRwVhvuj8f61oy4jryr28MiDr6ii1yocv5y,Thankful Song Test,NA,thankful,Josh Groban,NA,pop-classical,NA,cc-zero,0.0,0,0,52,2,1,0,19,255,13.421052631578949,False,2.7117617937422827,0.9803149606299212,0.9652777777777778
QmRDqF65Wcq8RPvZ4ed4aEmJmQXJsaxooY7bfEz8i8TBqw,Thanks to God we give for the blessed word - Robert Lowry,NA,Thanks to God we give for the blessed word,Robert Lowry,NA,classical,NA,publicdomain,0.0,0,0,5,1,1,0,18,272,15.11111111111111,False,2.601769738328097,0.9926470588235294,0.9518229166666666
QmebCWEab9BqtCxjAJHzfbEk7UjqWHDEaTCTExxvAh7XrC,Thanksgiving,NA,Thanksgiving,Glenn Wonacott,NA,NA,NA,cc-zero,0.0,0,4,18,0,4,0-0-0-0,52,1128,21.692307692307693,True,3.101427054070668,0.8937048503611971,0.952724358974359
QmWxbCojD8Xc6fDSmJ8n2uLSh8jhVB1NXU8LE3o362qViU,THANKSGIVING (Bradbury) - William B. Bradbury,NA,THANKSGIVING (Bradbury),William B. Bradbury,NA,classical,NA,publicdomain,0.0,0,0,7,1,1,0,35,307,8.771428571428572,False,2.685745429523684,0.990228013029316,0.955
QmV4s17bLXr9dxRSooidXfYoASonNDg6zQQUwE36jqE5z9,Thanksgiving Pie,NA,Thanksgiving Pie,Misc tunes,Anon.Tunes: Chimes of Dunkirk,NA,NA,publicdomain,0.0,0,0,2,1,1,0,10,25,2.5,True,2.744498451560164,1.0,0.9635416666666666
QmVwYpYxAJadGfogDEJKcTCfm9ZpLyZq2fK2zhG9Pz8g8T,Thare Is Na Luck About the House JBut.903,NA,Thare Is Na Luck About the House JBut.903,Misc tunes,NA,NA,NA,publicdomain,0.0,0,0,2,1,1,0,25,153,6.12,False,2.7550858234250994,1.0,0.9625
QmYDg4Nj2JnxVAqLSwzuZVtoZj42pMKfDBk9ZSd8CQ4cGi,That blessed deed of mercy done by the way - J. C. Macy,NA,That blessed deed of mercy done by the way - J. C. Macy,J. C. Macy,NA,classical,NA,publicdomain,0.0,0,0,5,1,1,0,19,280,14.736842105263158,False,2.6196709274033227,0.9928571428571428,0.9557291666666666
QmVZSLNFq8jeFpZ3ugrF2g1Q5cu3vopDCUwT6EmQ1T3jFZ,That Da Da Strain,NA,NA,NA,Smith and Medina - 1922,NA,copyrightfreeoldjazz-creolejazz,cc-zero,0.0,0,2,294,0,1,0,49,243,4.959183673469388,False,2.9893930300926432,0.8683127572016461,0.9348958333333334
QmUDjqWkeDpko7ebKcPkBCAoRhFKgSn6SKmKKLzqJCcPD4,that dramatic song every youtuber uses,NA,that dramatic song every youtuber uses,synyee_kwan,NA,NA,NA,cc-zero,0.0,0,0,14,1,1,0,8,128,16.0,False,2.350997705283702,0.890625,0.9895833333333334
QmfK8u5LMmTUFJH5W8a7DLSp579zzv4qYaV9BBF59jCE6X,That morning gray of Easter Day - J. C. Bartlett,NA,That morning gray of Easter Day - J. C. Bartlett,J. C. Bartlett,NA,classical,NA,publicdomain,0.0,0,0,7,1,1,0,26,342,13.153846153846152,False,3.088530585928332,0.9298245614035088,0.9683333333333334
QmYN1of8ZVo2dcszAf7dzbtsFdcsJGgqwQiq2A8wjWGpmk,That One Oscar Run,Transcribed by Huber.,NA,NA,Oscar Peterson,NA,piano-jazz-oscarpeterson-lick-run-robertglasper,cc-zero,0.0,0,8,290,2,1,0,1,48,48.0,False,3.073934896284056,0.75,NA
QmbsB6cEv6caSEPnWuUvSaToWxhp2CshnrUXiH3zK9kU5F,That Werid First Dance,NA,That Werid First Dance,CrazyViolaPerson,Anwen B.,NA,piano-waltz-easy,cc-zero,0.0,0,10,158,2,1,0,61,477,7.819672131147541,False,2.9246976430281464,0.9559748427672956,0.9476851851851852
QmXWd49odfNpCwNfV6ofi8HnSXnJBVLh5woREYD2xXUetR,That's A 'Plenty,NA,That's a Plenty,Lew Pollack,Lew Pollack / Ray Gilbert 1914,classical,copyrightfreeoldjazz-creolejazz,cc-zero,4.74,5,14,1259,0,1,0,136,597,4.389705882352941,False,3.042005207175215,0.8609715242881072,0.9373456790123456
Qmf8DdyoUJv95jh3SzX4wBk1KEGG6Ss24F4oqgZdbFQb2Z,That's Christmas to Me,NA,NA,NA,NA,NA,NA,cc-zero,0.0,0,1,57,0,5,0-0-0-0-0,63,1713,27.19047619047619,True,2.694291826116045,0.9981729598051156,0.8991935483870968
QmQUX1dNzRun5NEiizGxPyKBCdBdf7FndxGtzGcwjHWhqg,That's How I Need You - Al Piantadosi,NA,That's How I Need You,Al Piantadosi,NA,classical,NA,publicdomain,0.0,0,1,12,0,2,0-0,33,253,7.666666666666667,True,3.2207527794509376,0.868,0.9600694444444444
QmQf5bP7BVkFod13HjL7y63Wyk1wvGADzzrs1x8X23MH77,That's How I Spent the Winter,Sud Mar Chuir Mi'n Geamhradh Tharum,That's How I Spent the Winter,Misc tunes,NA,NA,NA,publicdomain,0.0,0,0,8,1,1,0,16,132,8.25,False,2.3834201496350023,1.0,0.921875
QmcxHJwWsrsSBTtYXvS7gVee8PHaLDgKgpdWQt7WVj6tHx,That's Why,(You go Away),NA,NA,Michael Learn To Rock,NA,NA,cc-zero,0.0,0,12,459,1,1,0,72,456,6.333333333333333,True,2.909723038771069,0.9649122807017544,0.8046383647798743
QmUBL89GHe5EMY9zBQsZFK9eJGeTdutHKpJdo1cqg9xP7F,thats the way it goes,NA,thats the way it goes,Spoopy Slime,Thutmose Toure,NA,dreamsong-godsdreamsong-masterpiece-purepassion-beauty-wow-itdobelikethat-itdobelikethatsometimes-pleasepayrespect-pressf,cc-zero,0.0,0,0,30,1,1,0,65,274,4.215384615384616,False,1.7563389145641624,0.8905109489051095,0.9900641025641026
QmNbYgM1hzgbZ3zjVYXA7qB7xPbpmV7yrrvdHZydpZKRDV,The (Devonshire) Farmer's Daughter,Performed by Louie Hooper Lucy White Sept 1903 Hambridge Somerset,The Farmer's Daughter,Misc tunes,NA,NA,NA,publicdomain,0.0,0,0,2,1,1,0,16,38,2.375,True,2.5371451215832046,1.0,0.9708333333333332
QmY54fQgHvswj664x69m34rq6rhhfVviJ5AA4mpK6o1qzp,The -Broken Pledge,NA,The Broken Pledge,Misc tunes,NA,NA,NA,publicdomain,0.0,0,0,3,1,1,0,32,282,8.8125,False,2.7927936330875,0.9858156028368794,0.94140625
QmXGQqFT2AmG4rn481EtKG2TWUeKRa8PwVyHqkJUgvsnxJ,The -Girl Who Broke My Heart,NA,The Girl Who Broke My Heart,Misc tunes,NA,NA,NA,publicdomain,0.0,0,0,3,1,1,0,36,276,7.666666666666667,False,2.8927573427295123,0.9130434782608696,0.95703125
QmQS1sXXWvSmGhjoCMdcoNnuw33S32UaLFH91GkcsR8o6K,The -Humors of Westport,NA,The humors of Westport,Misc tunes,NA,NA,NA,publicdomain,0.0,0,0,1,1,1,0,32,284,8.875,False,2.663118517508236,1.0,0.9680989583333334
QmafZKeAFju2T7BWLMhkDzNR6b2adX5zS44ut3a4ZQK6P1,The 10th H.L.I. Crossing The Rhine,NA,The 10th H.L.I. Crossing The Rhine,Misc tunes,NA,NA,NA,publicdomain,0.0,0,0,44,1,1,0,70,604,8.628571428571428,False,2.460674039094861,1.0,0.8285590277777778
QmVTMic7tJGvv2HBwJgo7TpbbMYg5h41SYfhELVBFpqwLX,The 12 Days of Christmas - TTBB,NA,The 12 Days of Christmas,Straight No Chaser,Transcribed by C TCEdited and Adapted by Noah Whitaker,NA,NA,cc-zero,4.86,19,37,1886,0,4,0-0-0-0,102,2042,20.01960784313725,True,2.89169529833576,0.9530546623794212,0.9201754385964912
QmNh3ih24MBWgNW7kxYmVBvUdEzhWQL4jupHnDXFsBnFiU,The 12 Pains of Christmas,NA,The Twelve Pains of Christmas,Bob Rivers,Arr. J Swisher,comedy-soundtrack,NA,cc-zero,4.83,3,5,142,0,5,0-0-0-0-0,126,1777,14.103174603174605,True,2.8277676726899523,0.9607142857142856,0.9088084795321636
QmdEzUmA1z3DDzvH33GhDmoECxx1X1giUT63mVFiRscxYM,The 12th of August. MBe.106,NA,The 12th of August. MBe.106,Misc tunes,in margin 'Matthew Betham Towcett',NA,NA,publicdomain,0.0,0,0,1,1,1,0,19,67,3.526315789473684,False,2.5230089631498807,1.0,0.918560606060606
QmQwT5jNxH9J67HJ5kYpa9C8kdgFNrawLTd7PdN2JVT4B2,The 12th of August. RH.132,NA,The 12th of August. RH.132,Misc tunes,NA,NA,NA,publicdomain,0.0,0,0,1,1,1,0,45,187,4.155555555555556,False,2.5543991379044124,1.0,0.925
QmcgkpWyHQaRR7HyrfuaFU74B7ZHEXMmaq73JCfeGapw1t,The 14th of October. JBut.040,Fourteenth of October. JBut.040 The,The 14th of October. JBut.040,Misc tunes,NA,NA,NA,publicdomain,0.0,0,0,2,1,1,0,36,220,6.111111111111111,False,2.538075763351707,1.0,0.9609375
Qmb5EApuwB7xKrwpR1QnfAZCnxeLWz5r4wsyqXSVzxdX9X,The 1st Melody of the Night,NA,The 1St Melody Of The Night,Shi Jin,Composed by Shi Jin,NA,NA,cc-zero,4.86,34,118,4481,1,1,0,68,292,4.294117647058823,False,2.6514536827341177,1.0,0.9963235294117648
QmaofAzvtSmFFnbGwE8iP4AEMXg9xH44TBK1k9ob4TQiNU,THE 29TH OF MAY,Jovial Beggars,THE 29TH OF MAY,Misc tunes,NA,NA,NA,publicdomain,0.0,0,0,1,1,1,0,16,81,5.0625,False,2.7855882548700235,1.0,0.9505208333333334
QmU5kKuaoQYSc2TrycRzucnEZxgZTvNXc52NJZF7rqAH7c,The 29th of May. JWDM.04,King Enjoys His Own Againaka. JWDM.04,The 29th of May. JWDM.04,Misc tunes,NA,NA,NA,publicdomain,0.0,0,0,2,1,1,0,24,132,5.5,False,2.6906325702802976,1.0,0.9600694444444444
QmVMRngjFkPh3TCYHMeNrjwTLCUGeMmBJekRHhdkdwpJjx,The 4 Seasons. JBut.431,Four Seasons. JBut.431 The,The 4 Seasons. JBut.431,Misc tunes,NA,NA,NA,publicdomain,0.0,0,0,7,1,1,0,34,164,4.823529411764706,False,2.4310133571998778,1.0,0.9401041666666666
QmcMhX4g3oxHgaCp4bdDVdv16g393HBWc4DpbKrr3ryUCp,The 42 Pound Check,NA,The 42 Pound Check,Misc tunes,NA,NA,NA,publicdomain,0.0,0,0,2,1,1,0,32,130,4.0625,False,2.6674274302697656,1.0,0.93359375
QmRCY629yV6AWeZzWz6T6HW68xXZquyBtpKr5dADpGZ3mn,The 5 O'clock from Union Station,NA,The 5 O'clock from Union Station,Avner Finberg,Mark DeBouf,NA,piano,cc-zero,0.0,0,0,6,2,1,0,8,172,21.5,False,2.3960311574567585,0.9298245614035088,0.925595238095238
QmYGReQWv8TzwG6E3pp5dbo2rUMK9gfUmBYmtKwboTgHCP,The 51st Highland Division,NA,The 51st Highland Division,Misc tunes,NA,NA,NA,publicdomain,0.0,0,0,8,1,1,0,18,127,7.055555555555555,False,2.629961844866802,1.0,0.9166666666666666
QmUi4W14uNjSokCTdTowC71fTnp1woiCin5XvMdRA2Svte,The 6 emotions,NA,The 6 emotions,dzerger13,NA,NA,NA,cc-zero,0.0,0,0,26,2,1,0,124,1422,11.46774193548387,False,2.785212374415816,0.9894440534834624,0.973622311827957
QmTSgYf3T1kuy3hL8ne9pg1Rmj4NX7MTXniUwNHnC4vK49,the 72nd's Farewell to Aberdeen,a Boy's Lament for His Dragon,the 72nd's Farewell to Aberdeen,Misc tunes,NA,NA,NA,publicdomain,0.0,0,0,4,1,1,0,27,97,3.592592592592593,False,2.815525173269493,0.9690721649484536,0.9474206349206348
QmSFHoD5wnTfRpqkkAjRdN9j4ALnKKVzM3PWEaiokXuZt2,The 9 bars of life,NA,NA,NA,Charlotte Richardson,NA,NA,cc-zero,0.0,0,0,17,1,1,0,9,51,5.666666666666667,False,2.678014299812516,1.0,0.8923611111111112
QmTM9u2CtTVzX8rFVRTh3G76jTr3giEDgZhcXsZYf3Tn1Q,The A Fractal,Orignal Piece,NA,NA,Harper Ford,NA,NA,publicdomain,0.0,0,1,78,0,1,0,46,122,2.652173913043478,False,2.757029413676632,1.0,0.9840686274509804
QmdovKKvxSC51MH8QMn6siSaaaUcQQ72NJcQTb38KLQWpF,The Abbots Bromley Horn Dance,NA,Abbots Bromley Horn Dance,Misc tunes,NA,NA,NA,publicdomain,0.0,0,0,2,1,1,0,27,121,4.481481481481482,False,2.64075917746641,1.0,0.8912037037037037
QmV8ApF1WXsrLLgDT7dj64xTLkN8BVjgXjFrYCNXPyZoes,The ABC Notation Monster Tune,Alternate Titles in the Header Appear Here.In the Manner of Kesh Jig (Embedded title - new Staff Line),The ABC Notation Monster Tune,Misc tunes,Composer Name (C:),NA,NA,publicdomain,0.0,0,0,10,1,1,0,121,608,5.024793388429752,False,2.8111870089698936,0.976510067114094,0.9386393229166666
QmSMG2h3ceGq5MeKcR4LtbnnWftanTeMLcTwqnJGw9G6h3,The Absent Minded Man (jig) 0758,NA,The Absent Minded Man,Misc tunes,Unattributed,NA,NA,publicdomain,0.0,0,0,3,1,1,0,36,182,5.055555555555555,False,2.720792462274058,1.0,0.9774305555555556
QmdKovFuXNGPKbiVhVjUx1yui5NhsGsQZkfNDjiEmnahJX,The absent-minded man,NA,The Absent Minded Man,Misc tunes,anon.,NA,NA,publicdomain,0.0,0,0,1,1,1,0,27,141,5.222222222222222,False,2.7392900981326465,0.9929078014184396,0.9814814814814816
QmViLx2MDN26vXqsyMZ28VQbAVZGhk2uwXfYG83xEHsd9p,The Absent-minded Man,NA,The Absent Minded Man,Misc tunes,NA,NA,NA,publicdomain,0.0,0,0,1,1,1,0,36,208,5.777777777777778,False,2.785747186441056,0.9807692307692308,0.9253472222222222
QmZBnjVdVcoDpYgLaNS1qChB1m7m4nEawqkgMUVsQNMHnD,The absent-minded woman,NA,The Absent-minded Woman,Misc tunes,anon.,NA,NA,publicdomain,0.0,0,0,1,1,1,0,16,122,7.625,False,2.3966847226727914,1.0,0.97265625
Qmc8f12KCNLLjaVKP3zSuHdzB9E7t1ZBDen3Sb2NZdCWTK,The Ace and Deuce of Pipering,NA,The Ace And Deuce Of Pipering,Misc tunes,NA,NA,NA,publicdomain,0.0,0,0,2,1,1,0,104,680,6.538461538461538,False,2.997605743347177,0.9147058823529411,0.9578993055555556
QmPgKBKgJ1aVAvabCM3wyZAGpLcJ14zpmzRxARKPfJfzaX,The Ace and Deuce of Pipering,Aon 's Do Na Pipbaireacda,The Ace And Deuce Of Pipering,Misc tunes,collected by Cronin,NA,NA,publicdomain,0.0,0,0,2,1,1,0,52,342,6.576923076923077,False,2.8718697622538163,0.9473684210526316,0.96484375
QmW4TaCeieCL25mcDDMgYpRJnDuideaVxk6HnqPnLymCVy,The Ace and Deuce of Pipering (1st Setting),NA,The Ace And Deuce Of Pipering,Misc tunes,file ID: onmi.misc/001ace_deuce_1file ID: onmi.misc/B2cA BGcABdcA B2AGd2ec d2ecdfec dcBA,NA,NA,publicdomain,0.0,0,0,1,1,1,0,65,417,6.415384615384616,False,2.882858508456267,0.9544364508393284,0.9670138888888888
QmQdHGXvCYY2aXwjWdDgG5RQzjdhoZPmGEYXHCwsgNbS5r,The Acorn Stomp,NA,Acorn Stomp,Misc tunes,NA,NA,NA,publicdomain,0.0,0,0,4,1,1,0,80,529,6.6125,False,2.800172258321993,0.9565217391304348,0.9533227848101266
QmUsHxot5tiWVLCM4K8EKfKVhg81hNGf4LDVYT2d7gCGeU,The Act,NA,The Act,aspect-zero,Aspect Zero,NA,piano-solo-pop-edm,cc-zero,0.0,0,0,23,1,1,0,83,794,9.566265060240964,False,2.842021999871522,0.9836272040302269,0.93
QmXrLaBZU2wJUTFLzFHjZvR4Z23rMG1D4UB48UXW6Jyw9Y,The Active Old Man (jig) 0882,NA,The Active Old Man,Misc tunes,after Sgt. J. O'Neill,NA,NA,publicdomain,0.0,0,0,1,1,1,0,66,372,5.636363636363637,False,2.7258363974267668,0.9838709677419356,0.9641812865497076
QmUUVXaarfqamzjgqcAGh8ruypwVkdL6rHA27MmzdUxHww,The Adam's Family Recital,NA,NA,NA,VIC MIZZY,NA,NA,cc-zero,4.59,7,12,178,1,1,0,35,192,5.485714285714286,False,2.959296637771373,0.90625,0.9534313725490196
QmR2nP94rX4JyoZQGJSPA7m9UkNcDedjmytq3m1fdXFABr,The Addams Family Overture (Piano),NA,the addams family theme,Misc Soundtrack,NA,soundtrack,NA,cc-zero,4.91,9,15,881,2,1,0,85,1254,14.75294117647059,False,3.290888208962816,0.7876106194690266,0.8205845771144279
Qmcr3audssfCf9AeAs8HooSc3YF5KwF8LyzcnxCjLYgmsA,The Addams Family theme,NA,the addams family theme,Misc Soundtrack,NA,soundtrack,theaddamsfamilytheme-rhysbroome-pianocover,cc-zero,0.0,0,12,317,0,2,0-0,26,427,16.423076923076923,False,3.0976364851544336,0.9016393442622952,0.93
QmNvXpKiq1aXqTwnohfgKbrtJXKFgbtnZPhmRTkpBE5Lr9,The Addams Family Theme - Vic Mizzy,NA,The Family Addams Theme,Vic Mizzy,Vic Mizzy,soundtrack,theaddamsfamily,cc-zero,4.77,23,69,910,0,1,0,30,587,19.566666666666663,False,3.096236584139796,0.899488926746167,0.9367816091954024
Qmc3uLbN8RZD21o55DKe6gyZVhDP63jKvkU8NikAvLps8Z,The Adelynrood Grace - Elizabeth F. Lobdell,NA,The Adelynrood Grace,Elizabeth F. Lobdell,NA,classical,NA,publicdomain,0.0,0,0,5,1,1,0,20,207,10.35,False,2.736601026581113,0.9655172413793104,0.9672619047619048
QmTEppeNJsKTgFAfwbe6wV79v7YFdB4bL3wxzMgwcp8Vbk,The Adventure Zone: Pan,NA,Pan,Griffin McElroy,Composed by: Griffin McelroyArranged by: Erinn McCloskey,soundtrack,theadventurezone-taz-tazbalance-pan-piano-pianosheetmusic-dnd,cc-zero,4.83,3,22,316,1,1,0,29,392,13.517241379310343,False,2.675850759092634,1.0,0.9777298850574712
QmRXoCP1bd8RdTKvGfZ5vFgUbh1mcgD9J4ts5o9q89oajj,The Adventure Zone: Regulator Down,NA,Regulator Down,Griffin McElroy,Composed by: Griffin McelroyArranged by: Erinn McCloskey,soundtrack,theadventurezone-taz-tazbalance-regulatordown-pianosheets-dnd-crystalkingdom,cc-zero,0.0,0,7,185,1,1,0,36,349,9.694444444444445,False,1.9602537919773788,0.9510086455331412,0.9861111111111112
QmW6DUQaavWk1UzmL6YaTcyHLwquUm2uMUPwLc2bXYPCk6,The Affront Taken,NA,the Affront taken,Misc tunes,NA,NA,NA,publicdomain,0.0,0,0,1,1,1,0,34,236,6.941176470588236,False,2.726832940954789,1.0,0.9661458333333334
QmZCqrxVZYSZVUbCSTJYTGFCFY7si79s5zVQGAFWmva4Bn,The agonies of Calvary - B. D. Ackley,NA,The agonies of Calvary,B. D. Ackley,NA,classical,NA,publicdomain,0.0,0,0,6,1,1,0,13,130,10.0,False,2.750436641228689,0.9692307692307692,0.900462962962963
QmabXnU5wR9bCUnYAeuVadmq2Aewv6DcN2ZEuBc3dkL3xN,The Air Of Sunset Land,NA,The Air Of Sunset Land,Misc tunes,NA,NA,NA,publicdomain,0.0,0,0,2,1,1,0,48,174,3.625,False,2.8757047100287148,0.9248554913294798,0.910904255319149
QmVoVNHLRLir8ysRYGyiCgAJ3scYAZN2JpbVEPik4BpTyA,The Aitken Drum 2,NA,The Aitken Drum,Misc tunes,Joe Buchanan's Scottish Tome - Page 169.3,NA,NA,publicdomain,0.0,0,0,4,1,1,0,45,173,3.844444444444445,False,2.592006023855111,1.0,0.9552083333333332
QmRvSRew2pDhpztUKz6yy6VAk959b5NkHLNpXajYqsbFdX,The Ale Is Dear,NA,The Ale Is Dear,Misc tunes,Joe Buchanan's Scottish Tome - Page 159.1,NA,NA,publicdomain,0.0,0,0,2,1,1,0,19,110,5.789473684210527,False,2.52467276220058,1.0,0.9140625
QmdCxgTi1Gm5csdEm5oeAuBid1vqFmyvFCcri9dWu3pydC,The Ale Wife & her Barrel. Ru1.196,NA,The Ale Wife and Her Barrel,Misc tunes,NA,NA,NA,publicdomain,0.0,0,0,2,1,1,0,16,116,7.25,False,2.49481756933956,1.0,0.97265625
QmSwui9wo3ocMFMiRWvJu7A7dzuPEfdTqkLGf5x8KrhAgG,The Ale Wife & her Barrel. Ru1.196,NA,The Ale Wife and Her Barrel,Misc tunes,NA,NA,NA,publicdomain,0.0,0,0,3,1,1,0,12,88,7.333333333333333,False,2.496457883775852,1.0,0.9704861111111112
QmcUgcwLx9vE2DuTvaRAxHAK1VWezbvHeif6gKJ2Qyy8TD,The Alewife and her Barrel,NA,the Alewife and her Barrel,Misc Traditional,NA,folk,NA,publicdomain,0.0,0,0,1,1,1,0,34,238,7.0,False,2.4861672904075807,1.0,0.982421875
QmQJG2rNUR5Cc5mfsGb4HNt1Keu87oEoSWDCywP4XTbzk8,The Alphabet,NA,alphabet song,Misc Traditional,NA,folk,NA,publicdomain,0.0,0,3,56,1,1,0,24,44,1.8333333333333333,True,2.5337712560645573,1.0,0.96875
QmZyHyveAQoK2xbrXLNLV4p4Zv1wYhDwuRDVaZmftWLm3d,The Amaryllis Schottische,NA,Amaryllis. (p)1665.PLFD1.165,Misc tunes,NA,NA,NA,publicdomain,0.0,0,0,0,1,1,0,36,174,4.833333333333333,False,3.0470841497312007,0.9022988505747126,0.9759114583333334
QmVeAW8Zyh8iep2swM6Wci7f6xUuZh9HoYBtsPbsuxjkj1,The Amaryllis Schottische,NA,Amaryllis. (p)1665.PLFD1.165,Misc tunes,NA,NA,NA,publicdomain,0.0,0,0,2,1,1,0,36,210,5.833333333333333,False,3.0696807212207045,0.9,0.9479166666666666
QmUvyU69ybKVXtZt4T6trHPxTfMP2TLcey5Uiy1mjDyyeu,The Amateur Dentist,NA,The Amateur Dentist,Misc tunes,NA,NA,NA,publicdomain,0.0,0,0,8,1,1,0,34,222,6.529411764705882,False,2.407394191811819,0.972972972972973,0.9522058823529412
QmTQdC1gV3m4vMKDxz4WiM3cZHPHY9FyhhemDQtHqxU4pA,The Amazon - DuckTales (Piano),DuckTales,The Amazon,Yoshihiro Sakaguchi,NA,soundtrack,ducktales-disney-capcom-nes-amazon,cc-zero,4.92,10,30,777,2,1,0,53,657,12.39622641509434,False,3.249995763799025,0.8295281582952816,0.9102564102564102
QmXf8njMrz1k7b3pzLKbENU9RakveJx34cKnLukg1ieycV,The Amazons-Black Magic,NA,black magic,The Amazons,NA,NA,NA,cc-zero,4.83,3,3,173,0,1,0,125,690,5.52,False,2.262151896680505,0.9507246376811594,0.9413145539906104
QmQvcaGYSPYjLhgGY5yLLM48CnVbu5GXfkp2PU23jEXJ1o,The American,NA,America,Misc tunes,NA,NA,NA,publicdomain,0.0,0,0,1,1,1,0,34,252,7.411764705882353,False,2.479063125374066,1.0,0.9700520833333334
QmV7DKwQrJhs9kFKwVJbt2f3tqoyXoHLUBV2gczYgC5iDx,The American,NA,America,Misc tunes,NA,NA,NA,publicdomain,0.0,0,0,3,1,1,0,26,172,6.615384615384615,False,2.7523243843363385,1.0,0.9661458333333334
QmfN3xtfW5A25rKhHpDVNMMn6omY7B5Rsw2uN6kMyfpRL2,the AMERICAN,NA,America,Misc tunes,NA,NA,NA,publicdomain,0.0,0,0,1,1,1,0,19,126,6.631578947368421,False,2.454854187962184,1.0,0.9661458333333334
QmPUHH16ZtWpL4RcMmNgWMxZiCyetbJVUHytSYABKdiUFu,The Amusement of the Men of Dovey,Divyrwch Gwyr Dyvi,The Amusement of the Men of Dovey,Misc tunes,NA,NA,NA,publicdomain,0.0,0,0,2,1,1,0,28,142,5.071428571428571,False,2.8550632770930218,0.943661971830986,0.9525462962962964
QmWEBZEGBYvnMSWyCq8wcZVV6xbymgW4tQteZsAWXvCwr1,The Amusements of the Town. RH.345,Miss Brown's Hpaka. RH.345,The Amusements of the Town. RH.345,Misc tunes,NA,NA,NA,publicdomain,0.0,0,0,2,1,1,0,36,232,6.444444444444445,False,2.7765263382190635,0.9827586206896552,0.9388020833333334
QmfUfbeRLD1CHMZHnoEvNY7mL7Qq8SS6VaEcx6pkXXc6m5,The Ancient Barons of Kilravock,Barain Chill-reathaig,The Ancient Barons of Kilravock,Misc tunes,NA,NA,NA,publicdomain,0.0,0,0,12,1,1,0,28,241,8.607142857142858,False,2.720022736628048,1.0,0.8994565217391304
QmVtuCu63F2C2sDPJyiKH3jyrXXdRm1YEBHMQfZzzc8ri1,The Ancient sports of the glen,Sealg a's S\ugradh nan gleann,The Ancient sports of the glen,Misc tunes,NA,NA,NA,publicdomain,0.0,0,0,3,1,1,0,18,60,3.333333333333333,False,2.553225704925312,1.0,0.9488636363636364
QmaRtZRhpvZmBi5gZoEcHYqPUvbs1L5zR3JFZqdmLdG5Vj,The Angel's Whisper,NA,ANGEL'S WHISPER,Misc tunes,NA,NA,NA,publicdomain,0.0,0,0,1,1,1,0,9,62,6.888888888888889,False,2.659296603281076,1.0,0.9036458333333334
QmXHyVj7aWPWhsVexDf4d6PAnsiWAYyDWcEfVoQwFX7PAk,The Angel's Whisper.,cogar an aingil.,ANGEL'S WHISPER,Misc tunes,NA,NA,NA,publicdomain,0.0,0,0,2,1,1,0,9,56,6.222222222222222,False,2.6808553265373973,1.0,0.9192708333333334
QmZG88TKyWsGcqjck5VrDNx5hrvz5RCCzAzoeEZ7THCi9t,The angels sang one starry night - J. H. Fillmore,NA,The angels sang one starry night,J. H. Fillmore,NA,classical,NA,publicdomain,0.0,0,0,6,1,1,0,17,216,12.705882352941176,False,2.6684626504839084,0.9907407407407408,0.9079861111111112
QmaWX43DzExq9VGgbH8ykL7NSLpwXYa71Xd7hQm27h2BqA,The Angels Sing,NA,The Angels Sing,Misc Traditional,NA,folk,NA,publicdomain,0.0,0,0,3,1,1,0,18,235,13.055555555555555,False,2.5328637569686445,1.0,0.953125
QmUZKhZWriWYQDrAeztnKiVZXJBrM4ucKzXxwjfs2dWoUv,The Angry Peeler (doublejig) 1041,NA,The Angry Peeler,Misc tunes,after Fr. Fielding,NA,NA,publicdomain,0.0,0,0,1,1,1,0,34,192,5.647058823529412,False,2.5575879835938946,1.0,0.9652777777777778
QmRZ1vJiZzbnWfg2X3sq4z1WMSYa76tUFGfMBMTsR2c7xU,The Anthem of the Vancouvians (version two),Our Land,NA,NA,Landao,NA,NA,cc-zero,0.0,0,0,136,1,1,0,35,417,11.914285714285716,True,2.429216858207377,0.9927360774818402,0.9541666666666668
Qmc3NWDwDUxPrMbcZ1fE9qLvZzSBd35hGR6AZMSoUtHb5z,The Anti-Jew Minuet,NA,The Anti-Jew Minuet,Misc tunes,By a Brother.,NA,NA,publicdomain,0.0,0,1,16,1,1,0,40,170,4.25,False,2.760057275283046,0.9882352941176472,0.8482142857142857
QmRY6x76hrbSQcSzhFbPpJcgMh2Ftn7JkRRRH1CSoJVT6e,The Antrim lasses,NA,The Antrim Lasses,Misc tunes,anon.,NA,NA,publicdomain,0.0,0,0,1,1,1,0,27,125,4.62962962962963,False,2.864799217709523,0.96,0.9409722222222222
QmPy7mgvg1Sqo8sSJwF2PjBxUw3KowY4N9zFDuYeWEURkQ,The Antrim Lasses (jig) 0911,NA,The Antrim Lasses,Misc tunes,after Sg't. J. O'Neill,NA,NA,publicdomain,0.0,0,0,2,1,1,0,38,174,4.578947368421052,False,2.9606109128764224,0.9195402298850576,0.9425505050505052
QmQPf7L1JotfsNbaJgYojraEQWbeFZzwF49hhxQbDMMaTT,The Antrim Lasses.,NA,The Antrim Lasses,Misc tunes,NA,NA,NA,publicdomain,0.0,0,0,0,1,1,0,47,206,4.382978723404255,False,2.902808234837011,0.9320388349514565,0.9314516129032258
QmW1NYyaG7Fj9X4dG95daprkxk7LA4onpnFuFfBJ5iaGMN,The Antrim Rose,NA,Antrim Rose,Misc tunes,NA,NA,NA,publicdomain,0.0,0,0,1,1,1,0,16,95,5.9375,False,2.476188299568534,1.0,0.9458333333333332
QmVb88rfSSuEdASaZG1PniJMUKqxC2zWpVxmsRQ9hCApAM,The Apostles Op. 49 - Edward Elgar,NA,The Apostles Op. 49,Edward Elgar,NA,classical,NA,publicdomain,0.0,0,0,28,0,1,0,88,777,8.829545454545455,True,3.0586674486530465,0.912568306010929,0.9492753623188406
Qma8RXYY2di9kjg4x3DScbuwqzFZ8oDHxJwPTnM7uLH3oA,The Apprentice Boy (song) 0421,NA,The Apprentice Boy,Misc tunes,after Sg't. J. O'Neilllively,NA,NA,publicdomain,0.0,0,0,2,1,1,0,18,72,4.0,False,2.6794339035259025,1.0,0.890625
QmfCFeMzVBNm68hNkMfQqGkjLVSACcm6qhzx3dv8MoBWw3,The Arab Steed. WHG.012,NA,The Arab Steed. WHG.012,Misc tunes,NA,NA,NA,publicdomain,0.0,0,0,1,1,1,0,42,145,3.452380952380953,False,2.8597003034840944,0.9310344827586208,0.8986111111111111
QmRxDdAc23nwXCyFADrVAAhL79nXieQDEawP9wHR2wA9yK,The Arcadian Contest. Roose.0164,NA,The Arcadian Contest,Misc tunes,NA,NA,NA,publicdomain,0.0,0,0,5,1,1,0,36,184,5.111111111111111,False,2.640661634790592,1.0,0.9574652777777778
QmamFuUf8ep7RNTfnte27qi77JLKe5a62SSrZrnjx2fxyb,The Archbishop II,NA,The Archbishop II,Misc tunes,Tune is Miss Sally Surman's Delight,NA,NA,publicdomain,0.0,0,0,3,1,1,0,33,108,3.272727272727273,False,2.780295535616908,0.9814814814814816,0.9576822916666666
QmePDkGHNZnayW3fbhZzQSGwDrcbgSz6WvmDwgAtfrAWeg,The Archer Theme Song Archer,As featured in the opening title sequence,scott sims- archer theme song,Misc Cartoons,Composed by Scott Sims Arranged by Raoul Harel,soundtrack,archer-tv-scottsims,cc-zero,4.87,5,33,3890,1,1,0,21,257,12.238095238095235,False,2.871201340011632,0.7937743190661478,0.9384920634920636
Qmbz2toNThoiitZyuXZJKH5S8kacXhUpCxoCfGTdJ7PjoP,The Arkansas Traveler,NA,Arkansas Traveler,Misc Traditional,NA,folk,NA,publicdomain,0.0,0,0,4,1,1,0,18,116,6.444444444444445,False,2.713799773695848,1.0,0.9635416666666666
QmYXTAUjYqQ2PCxMWVyYJyrwLdCupJK7C4Te1qT6dyMA4R,the Arkansas Traveller,NA,Arkansas Traveler,Misc Traditional,NA,folk,NA,publicdomain,0.0,0,1,5,1,1,0,27,140,5.185185185185185,False,2.670147199932571,1.0,0.9672619047619048
QmRTmGCWc4zspRMVkeCnBWSnR3hxYrfqCRbbuxhz51Fr5X,the Arkansas Traveller,NA,Arkansas Traveler,Misc Traditional,NA,folk,NA,publicdomain,0.0,0,0,7,1,1,0,36,210,5.833333333333333,False,2.6431104237385816,1.0,0.9694010416666666
QmW4FuFoAskRVJJ7SQXfWmXJBGHQMrWzJ5S9QyffnGHzxP,The Armstrongs - First Man,NA,The Armstrongs,Justin Hurwitz,Justin Hurwitz,classical-soundtrack,NA,cc-zero,4.84,36,107,3194,1,1,0,89,706,7.932584269662922,False,2.679975222366065,1.0,0.997790404040404
QmPHqahmy5Sysg3f71m4iNamtyHgWgxGyGWXNmT41wFMQT,The Arra Mountains / Redican's Mother,NA,The Arra Mountains / Redican's Mother,Misc tunes,NA,NA,NA,publicdomain,0.0,0,0,7,1,1,0,60,529,8.816666666666666,False,2.6523756650674715,1.0,0.9760572139303484
QmWgipiqGcmJSTKvVvFUpG3fxWmRoS4UtnMTB4s2CUiY68,The Arran Boat Song,NA,The Arran Boat Song,Misc tunes,NA,NA,NA,publicdomain,0.0,0,0,62,1,1,0,36,96,2.6666666666666665,False,2.6420595678016388,0.9895833333333334,0.8914930555555556
QmSLZskvo8r98wFB6MYRqGbmEMnnE4S1eJZQFjAdYHYRMs,The Arran Boat Song,NA,The Arran Boat Song,Misc tunes,NA,NA,NA,publicdomain,0.0,0,0,10,1,1,0,8,18,2.25,False,2.710777084415067,0.8888888888888888,0.9236111111111112
QmTgAYcZZqwCKp8ASkktVmKSoMmRiV8vhprEReKgn3n59q,The Arstotzkan's Jingle,NA,The Arstotzkan's Jingle,republisk,NA,NA,NA,cc-zero,0.0,0,0,12,1,1,0,2,6,3.0,False,1.4591479170272448,1.0,0.8958333333333334
QmNnKqxQrUPJm5EyiRExBg4e81iHGsRwccGeKSYi1PgZoR,The Art of Preluding (Op. 300 - N 24) - Carl Czerny,Op.300 N24,The Art of Preluding Op.300,Carl Czerny,Carl Czerny,classical,NA,cc-zero,0.0,0,0,64,2,1,0,10,137,13.7,False,3.144463021818185,0.8248175182481752,0.9699074074074074
QmRzbbEvQmaHqVqzAawLUFk7tB8YRy2LNN6FQhU6kjptPy,The Art of Preluding (Op. 300 - N 8) - Carl Czerny,Op.300 N8,The Art of Preluding Op.300,Carl Czerny,Carl Czerny,classical,NA,cc-zero,4.85,4,0,61,2,1,0,12,204,17.0,False,2.9683150700506937,0.9068627450980392,0.8276515151515151
Qme5voLbmx8y6o5cceySQV7k6cH7EmC3wW7oaLLcWc35JG,the Artillery Rout,NA,the Artillery Rout,Misc tunes,NA,NA,NA,publicdomain,0.0,0,0,2,1,1,0,64,388,6.0625,False,3.0378356504225903,0.865979381443299,0.9709201388888888
QmTZN7NqurySxSVvyA9NxcJZybuaKAaenXGJEmSCswGAMt,The Ash Grove - click track,NA,NA,NA,NA,NA,theashgrove-clicktrack,cc-zero,0.0,0,0,281,0,3,0-0-0,46,331,7.195652173913044,False,2.495090516007936,0.9847560975609756,0.9722222222222222
QmYJ4qy75TxmW28CiRWiFNrxKkyTXERnupqKhZfVkUNWUn,The Ash Grove descant,NA,NA,NA,NA,NA,ashgrovedescant,cc-zero,0.0,0,4,691,0,1,0,34,96,2.823529411764706,False,2.219183459357047,1.0,0.9878472222222222
QmQHyJXFtsiwLbEXXBrkV4PCrieXUyZSg4Rs71EJmBTJGE,The Ash Sonata 1st Movement,Opus 51 (Tree sonata no.1) 1st Movement - The ash is planted,The Ash Sonata 1st Movement,jamesmayhew,James Mayhew,NA,NA,cc-zero,0.0,0,1,56,2,1,0,84,1536,18.285714285714285,False,3.000465445691378,0.9388770433546552,0.9339859437751004
QmbzLYPHopZW5357GYvMXUjM2mjb42wXbLakbbHznUF5op,The Ash Sonata 2nd Movement,2nd Movement - The ash is growing,The Ash Sonata 2nd Movement,jamesmayhew,James Mayhew,NA,NA,cc-zero,0.0,0,0,55,2,1,0,74,1363,18.41891891891892,False,3.1122119992289425,0.8052902277736959,0.8921232876712328
QmdKLD7bpyAokZw18EJ9UxFrrG58GzKR8x9ZP3Sp1uRycA,The Ashplant,Ash Plant The,The Ashplant,Misc tunes,NA,NA,NA,publicdomain,0.0,0,0,18,1,1,0,32,224,7.0,False,2.340460248598543,1.0,0.96875
QmVY6h4N5FGrPfj4jFSgQxLk9FTeiqpKXw6PcWi8tQ7MFg,The Ashplant,Ash Plant The,The Ashplant,Misc tunes,NA,NA,NA,publicdomain,0.0,0,1,21,1,1,0,16,109,6.8125,False,2.3764068718005418,1.0,0.9557291666666666
QmRe9uWoUohSNxMCLHNqcaAniGXzkoKfCAeCJ5YFqPB1sJ,The Ashtree Grove (song) 0420,NA,The Ashtree Grove,Misc tunes,after Sg't. J. O'Neillslow,NA,NA,publicdomain,0.0,0,0,6,1,1,0,17,59,3.4705882352941178,False,2.72685772778438,0.9661016949152542,0.9340277777777778
QmRYE5YUyMaBCwKqeQZ14T7hLD8qWT5gEVaF6kmBCxPRRg,The Assembly Drill Call - Regulation Fife Calls 1776-1856 4,NA,The Assembly Drill Call - Regulation Fife Calls 1776-1856 4,Misc tunes,NA,NA,NA,publicdomain,0.0,0,0,3,1,1,0,48,296,6.166666666666667,False,2.65769580173003,1.0,0.896780303030303
QmZVnXFmkTBUe1hea1vSXGnBpFTvznsMPX8ziBvPhfMdBk,The Assembly(missing image). PFD3.132,Merry Conclusionaka. PFD3.132 The,The Assembly(missing image). PFD3.132,Misc tunes,NA,NA,NA,publicdomain,0.0,0,0,2,1,1,0,32,268,8.375,False,2.639577986237424,0.9701492537313432,0.9526909722222222
QmWvCPVVRjFvnQkJ3o5VzZgcQFfYD8jYoyzkLajdBjixGp,The Assize Assembly,NA,The Assize Assembly,Misc tunes,NA,NA,NA,publicdomain,0.0,0,0,2,1,1,0,37,189,5.108108108108108,False,2.742432343746461,1.0,0.9600694444444444
QmZVKgL5LURd8hLoZqZHFvFRwg8kVsB3Zg7dbjs7MGMn5N,The Astrologer,NA,The Astrologer,Misc tunes,Mrs Marina Russell Upwey coll. HED HammondTranscibed to abc by PJHeadford,NA,NA,publicdomain,0.0,0,0,1,1,1,0,20,67,3.35,False,2.5521309038409075,1.0,0.9451754385964912
QmTDuugVeBVyRbYcR52uTqhwA23zQmfH4W7kbV4Qt7c9nb,The Athletes Rag,NA,super mario world - athletic theme,Misc Computer Games,Koji KondoSight-Read by Tom Brier(With Embellishments),soundtrack,tombrier-ragtime-supermarioworld-athleticrag,cc-zero,4.91,20,35,692,2,1,0,115,1648,14.330434782608696,False,3.165579692851585,0.8857493857493858,0.9364035087719298
QmVGEcjgCCR4wu2AL39bXaeMLS51gshn4seQQUNEUm7UM3,The Athole Lads,NA,Athole Lads,Misc tunes,NA,NA,NA,publicdomain,0.0,0,0,1,1,1,0,49,390,7.959183673469388,False,2.3822479000545065,1.0,0.9479166666666666
QmVEFNLukjKynGspMxgyC4J4fK3rKDH1db3HKAxeoWQHoB,The Atholl And Breadalbane Gathering,NA,The Atholl And Breadalbane Gathering,Misc tunes,NA,NA,NA,publicdomain,0.0,0,0,57,1,1,0,117,639,5.461538461538462,False,2.4861051439408657,1.0,0.9238636363636364
QmcPEXjoeezgzDxG6S4fzxkbaD9dAvY4cxZjYegRVA5v4R,The Atholl Highlanders,Atholl Highlander The,the atholl highlanders,Misc Traditional,NA,folk,NA,publicdomain,3.83,3,1,58,1,1,0,64,352,5.5,False,2.507631462904825,1.0,0.9713541666666666
QmPxxGBfVQXLQDD1pHWnbVXwVDkJBgbCDoxsbdn7Rf2i6Z,The Atholl Highlanders,NA,the atholl highlanders,Misc Traditional,NA,folk,NA,publicdomain,0.0,0,0,1,1,1,0,16,92,5.75,False,2.1546984379797407,1.0,0.9791666666666666
QmeCpWxrgQRRRQWMFDMJ9WtWK7suPzdCw3cCsuY4auFiQc,the Atholl Highlanders,NA,the atholl highlanders,Misc Traditional,NA,folk,NA,publicdomain,0.0,0,0,0,1,1,0,72,394,5.472222222222222,False,2.4943050851257538,1.0,0.970679012345679
QmQvpHbjpjHqdvr2hsKwohcwADReZFwWbkgTmpSUGW67PY,The Atholl Highlanders,NA,the atholl highlanders,Misc Traditional,NA,folk,NA,publicdomain,0.0,0,0,1,1,1,0,97,526,5.422680412371134,False,2.5325429573190688,1.0,0.9693287037037036
QmSwreAWMsdHrSUp7c5bgEQtToxFE2vb1XKVayGMvqNwXd,the Atholl Highlanders Jig,NA,the atholl highlanders,Misc Traditional,NA,folk,NA,publicdomain,0.0,0,0,7,1,1,0,45,226,5.022222222222222,False,2.4709872469228094,1.0,0.9145833333333332
QmZuDhdXy67msrnpwupTRwPAZpZyLGMvu7mBiYoeAcYAF5,The Attwood,NA,ATTWOOD,Misc tunes,NA,NA,NA,publicdomain,0.0,0,0,1,1,1,0,18,130,7.222222222222222,False,2.8224946120648893,0.9846153846153848,0.9205729166666666
QmPaQDNZkh8uAQ31ACSzep4Azjf1ez41tGnqML5UVnJrDb,The Auld Brig o' Ayr,Bob Steele; The Miller o' Dervil; New Brig o' Dee,The Auld Brig o' Ayr,Misc tunes,NA,NA,NA,publicdomain,0.0,0,0,7,1,1,0,32,252,7.875,False,2.524682469024419,1.0,0.8938802083333334
QmfGw47aB4RVMcPLuBryywmpmPTptS94v94BGcrpW3iuRn,The Auld Gad Aiver,Old Give Over The,The Auld Gad Aiver,Misc tunes,NA,NA,NA,publicdomain,0.0,0,0,4,1,1,0,80,572,7.15,False,2.731723372021808,0.9790209790209792,0.9479166666666666
Qmcd7JMpkQgnoME4ec2tWUSXWTBKct6bDGsWnpeCKf1VAA,The Auld Maid of Fife,NA,Auld Maid of Fife,Misc tunes,NA,NA,NA,publicdomain,0.0,0,0,7,1,1,0,17,89,5.235294117647059,False,2.3848279628686035,1.0,0.9652777777777778
QmWsNKpDNyrkML7c6RS5NynfHcJ127Jo7ida1M442b5CwN,The AULD MAID WAD BE MARRIED,MY MITHER'S AYE GLOWERING OWER ME.,The AULD MAID WAD BE MARRIED,Misc tunes,NA,NA,NA,publicdomain,0.0,0,0,1,1,1,0,16,78,4.875,False,2.6348796844436686,1.0,0.8940972222222222
QmdnQa5GJX9afUS2zk5xCKzqDyh9oFrC9yZquvNrwCZfXT,The Austren March. JMP.085,Austrian Marchaka. JMP.085,The Austren March. JMP.085,Misc tunes,Ret(r)eat.,NA,NA,publicdomain,0.0,0,0,1,1,1,0,2,27,13.5,False,1.8337480427828443,1.0,0.9652777777777778
QmcGCA7R4fGMvbokLHbuxcKE6S2MsRqnbdogTECaWNHpZ7,The Austrian Charge. GS.082,NA,Austrian ChargeThe. GS.082,Misc tunes,NA,NA,NA,publicdomain,0.0,0,0,1,1,1,0,32,172,5.375,False,2.726748158553184,0.9883720930232558,0.9652777777777778
QmaGYDpGTgq2e3gsVeZpmYjVRs7rufbRWepf2eQKG4WQn7,The Austrian Gallop. Le4.244,NA,The Austrian Gallop. Le4.244,Misc tunes,D'Albert,NA,NA,publicdomain,0.0,0,0,1,1,1,0,114,322,2.824561403508772,False,3.081997723736233,0.9006211180124224,0.9627976190476192
QmYkv273GAgs1SEgDtHWTGTeyHYnEKWS1tWaLX4Ju2Mewr,The Austrian's Retreat.2voices RH.431,NA,Austrian's RetreatThe.2voices RH.431,Misc tunes,NA,NA,NA,publicdomain,0.0,0,0,7,0,2,0-0,24,531,22.125,False,2.783888544698841,0.9885714285714284,0.8637152777777778
QmQydbqEm9k83w1q7CuWBABQLPyUfPA455kW2muqJ99wvq,The Avalon Quickstep,NA,Avalon Quickstep,Misc tunes,NA,NA,NA,publicdomain,0.0,0,0,6,1,1,0,40,200,5.0,False,2.610126919714188,1.0,0.9050925925925926
QmcjRsE4LZH12MskQRHyAuGJto1oHtsQuZCRZEReH8DP1b,The Avengers Theme 4 Voices Arrangement,NA,The Avengers Main Theme,Alan Silvestri,Composed by Alan Sivestri,soundtrack,avengerstheme-avengerspiano-avengersendgame-filmscore-piano-voices-disney,cc-zero,0.0,0,1,47,0,2,0-0,61,940,15.40983606557377,False,3.021088159281262,0.8229426433915212,0.9672131147540984
QmdLpNF13LTcQ1UdE2YuouFYXPG35xUUKJe5ACA2CXhBu6,The Avengers Theme- From 'The Avengers' (Piano),The ¼vengers,The Avengers Main Theme,Alan Silvestri,Alan Silvestri,soundtrack,NA,cc-zero,3.99,4,6,195,2,1,0,61,898,14.721311475409836,False,3.055749979909309,0.8151447661469933,0.971311475409836
QmPsQ6n5WizJGwYwRRjjmoDZYsU7K9MG6wGwVhMDm511uG,The Avengers-Drumline by Bradley Davis,NA,The Avengers Main Theme,Alan Silvestri,B Davis,soundtrack,NA,cc-zero,0.0,0,2,85,0,4,0-1-6-7,39,1721,44.12820512820513,False,2.048758159883956,0.9255065554231228,0.8700657894736842
QmYBFec72hvDZerjcfUuTpDZ3Z9Z9hZm9E1jKHnNG9AHEv,The Avonmore (reel) 1189,NA,The Avonmore,Misc tunes,after Cap't F. O'Neill,NA,NA,publicdomain,0.0,0,0,6,1,1,0,35,257,7.3428571428571425,False,2.6141315083412926,1.0,0.9299242424242424
QmbW2d15wTStmxaUcaEMpBTpcq14sJmNY9hseuXhgKsUv5,The Back of the Change,NA,Back Of The Change House,Misc tunes,NA,NA,NA,publicdomain,0.0,0,0,2,1,1,0,32,248,7.75,False,2.3376133477969,1.0,0.9537760416666666
Qmd89HJxy8rGpegXxLNpee5NJ62PuPHPj5mmpbNLDDArDT,The Back Of The Haggard,NA,Back of the haggard,Misc tunes,NA,NA,NA,publicdomain,0.0,0,0,2,1,1,0,43,304,7.069767441860465,False,2.852116304835209,0.9835526315789472,0.9375
QmeobN4MeW5tfTRmNvqQALDyLmGpKWtPrMJ5ZnU4m8WCGc,The Back Of The Haggard,NA,Back of the haggard,Misc tunes,NA,NA,NA,publicdomain,0.0,0,0,2,1,1,0,33,265,8.030303030303031,False,2.715235877207569,1.0,0.9134114583333334
QmZfNqe2Bm1vNckhBQhPQMhFkYu1Q6LkdVRkin7Vtg87r1,The Back Of The Haggard,NA,Back of the haggard,Misc tunes,NA,NA,NA,publicdomain,0.0,0,0,3,1,1,0,45,287,6.377777777777778,False,2.745285522399852,1.0,0.9526041666666668
QmRGYub5X3kUGhcXKX376qmta92RcPT4bCmMeEyZwQZ6X7,The Backs of Corus,Bucks(?) of Corus The,The Backs of Corus,Misc tunes,NA,NA,NA,publicdomain,0.0,0,0,3,1,1,0,48,204,4.25,False,2.57597464908789,1.0,0.913095238095238
QmRd2fqezMeCi7uFYvkmds2gEoojWBMjd8pose6mNDQhx1,The Bacon Flitch. or.. WCD3/6.008,Trip to Dunmow. WCD3/6.008 The,The Bacon Flitch. or.. WCD3/6.008,Misc tunes,NA,NA,NA,publicdomain,0.0,0,0,10,1,1,0,36,132,3.6666666666666665,False,2.8344801451510504,0.9696969696969696,0.98046875
Qmf6w2p9vF8XtUG9AFNL9mAcjMGFrMXc9NEpAtoGJzWVf4,The Bacup Coconut Tune,NA,Bacup Coconut Dance (4 parts),Misc tunes,NA,NA,NA,publicdomain,0.0,0,1,9,0,4,0-0-0-0,17,248,14.588235294117649,False,2.713458097961664,0.9957446808510638,0.9348958333333334
QmSBnvFCk7P3zshuE7Z6RQwWSMegqroHTEndRL1HwKoHSQ,The Bad Touch,NA,NA,NA,NA,NA,thebadtouch-bloodhoundgang,publicdomain,4.83,3,19,814,0,2,0-0,128,2187,17.0859375,False,2.9690920403647705,0.8358551123337918,0.9534505208333334
Qmf7Vboc9wVRruQ8v7F1CdtD3RiLi3b72ybLeaXk49GMrJ,The Baffled Knight,NA,The Baffled Knight,Misc tunes,Chappell: Popular Music of the Olden Times 1859,NA,NA,publicdomain,0.0,0,0,13,1,1,0,36,134,3.7222222222222223,False,2.692558788417628,1.0,0.8585069444444444
QmaKPKcmEZgU7bUUeGPzMJtrNXKkkqisCX1qNigiCAt127,The Baffled Knight/New Mown Hay,NA,The Baffled Knight/New Mown Hay,Misc tunes,NA,NA,NA,publicdomain,0.0,0,0,4,1,1,0,11,37,3.363636363636364,True,2.4168858714476573,1.0,0.9708333333333332
Qmdyw6ncjnX2N3iB5qXPgZ8yqP6GeWMJvrto4YxJiLnB4F,The Bag of Praties,NA,The Bag Of Praties,Misc tunes,NA,NA,NA,publicdomain,0.0,0,0,2,1,1,0,12,79,6.583333333333333,False,2.3474626896031867,1.0,0.953125
QmY9rQewsKVCGJBSaZu9ZaupTgCRodC846f7ajo3GUEgkw,The Bag Of Spuds,NA,The Bag of Spuds,Misc Traditional,NA,folk,NA,publicdomain,0.0,0,0,4,1,1,0,44,323,7.340909090909091,False,2.7423124540719503,0.9876160990712074,0.9156746031746033
QmZ3ewj75hXksBaTpCv3BHHPntrbm6rggtUGi28njcqGXp,The Bag Of Spuds,NA,The Bag of Spuds,Misc Traditional,NA,folk,NA,publicdomain,0.0,0,0,12,1,1,0,6,42,7.0,False,2.392616543745857,1.0,0.9479166666666666
QmTKbTw4b8Vj9kKQya3ujTpdTx6pvMndXPxHvmfyyYMWHC,The Bag of Spuds,NA,The Bag of Spuds,Misc Traditional,NA,folk,NA,publicdomain,0.0,0,0,3,1,1,0,40,304,7.6,False,2.6269168343914147,1.0,0.9807291666666668
Qmb27PdRbJkWA2dBZcCT2KN33ULwuUDAQtn1AxcS7h8j9s,The Bailiffs are Comeing,NA,The Bailiffs are Comeing,Misc tunes,No 255 Wm Clarke of Feltwell MS 1858,NA,NA,publicdomain,0.0,0,0,3,1,1,0,22,112,5.090909090909091,False,2.4476380434741407,1.0,0.9375
Qmc6eFKAAJbgWjPTRBYssn96BpiQ8ZyYDMv8bS3QwGJ2Sb,The Baker's Window/ããã³åãããçª - Kiki's Delivery Service/éå³ãåæä¾,Kiki's Delivery Service - éå³ãåæä¾,The Baker's Window Kiki's Delivery Service,Joe Hisaishi,Joe Hisaishi,classical-soundtrack,anime-cat-movie-film-ghibli-studioghibli-kiki-kikisdeliveryservice-animation-soundtrack-witch-baker,cc-zero,4.25,9,53,956,0,1,0,173,3367,19.46242774566474,False,3.1312218557648395,0.887897710377639,0.9523982558139534
QmTLrer3JFqHC9qXycrK4rS22iPLhfXPfksLCiHDPDHMyj,The Bala Ffestiniog Railway,NA,The Bala Ffestiniog Railway,Misc tunes,NA,NA,NA,publicdomain,0.0,0,0,2,1,1,0,10,44,4.4,False,2.629219686524097,0.9090909090909092,0.9513888888888888
Qmeo3cNAvSTjj7o5RRvxSK9DEREmtdkfrmKa14D5vHXUHU,The Baldheaded Bachelor (hornpipe) 1776,NA,The Baldheaded Bachelor,Misc tunes,Unattributed,NA,NA,publicdomain,0.0,0,0,3,1,1,0,38,244,6.421052631578948,False,2.724464294515,1.0,0.961489898989899
QmW7AUiDURwb3BzXk3nRDDpmtx5rXSyFzgiUCQ9eE2kEnW,the Balkan Hills Shottishe,NA,Balkan Hills Schottische,Misc tunes,NA,NA,NA,publicdomain,0.0,0,0,10,1,1,0,77,418,5.428571428571429,False,2.5650576403168475,1.0,0.9359903381642511
QmNh9VfYW1GZPWFnGFHmnwz7qn8keZhFA4xZRjxbbf7w5G,The Ballad Of Ellie McGee,From TSJPFEW,NA,NA,Lord Kristine,NA,NA,publicdomain,0.0,0,0,292,0,1,0,32,213,6.65625,False,2.235072626576619,1.0,0.935897435897436
QmPrJmxrB6ayBk4p6z1SY19cJDKnrYwGiyCeNufcWvN1JU,The Ballad of Mona Lisa by Panic! At The Disco Piano Accompaniment,Piano Accompaniment,the ballad of mona lisa,Panic! At the Disco,Arranged by Cassie Atkinson,rock,panicatthedisco-panicatthedisco-patd-patd-theballadofmonalisa-theballadofmonalisa-monalisa-monalisa-piano-pianoaccompaniment,cc-zero,4.66,15,318,10211,1,1,0,117,1369,11.7008547008547,False,2.8358167946550967,0.9444850255661068,0.9809472934472936
Qmcaphb3v5QZufoVsyo7Y5kbmLoW3gd3Ci6ospY3NS9qLE,The Ballinalacken Also known as Ril Bheag Bhaile Na NUan.,NA,The Ballinalacken Also known as Ril Bheag Bhaile Na NUan.,Misc tunes,NA,NA,NA,publicdomain,0.0,0,0,4,1,1,0,16,108,6.75,False,2.6456555812366203,1.0,0.9479166666666666
QmP6L1YJr12dKj6wYtFZnDBs7pj93MRUuih4MzWesKkY73,The Ballintore,NA,The Ballintore,Misc tunes,NA,NA,NA,publicdomain,0.0,0,0,4,1,1,0,338,2292,6.781065088757397,False,2.6209479244190432,1.0,0.9219563802083334
QmcXRSdTg37GHhNHr6XUgi3u6ZxK4et8atMva74iXatmnz,The Balloon,NA,Balloon,Misc tunes,NA,NA,NA,publicdomain,0.0,0,0,3,1,1,0,20,185,9.25,False,2.442179998259689,1.0,0.8958333333333334
QmbdRXsygJ5fE4Nv6NgeqmdkYGKdbdCyUiG3EqpSYbQXrY,The Ballydesmond,Ballydesmond 2Ballydesmond (3)Ballydesmond No. 1 TheBallydesmond Polka (3)Ballydesmond Polka (3) TheSpringtime,the ballydesmond polka,Misc Traditional,NA,folk,NA,publicdomain,0.0,0,0,9,1,1,0,94,332,3.5319148936170213,False,2.5313536133360386,1.0,0.9303977272727272
QmRGi4vdqLwi8jjaZBcyMrNAFQijPQxZLrfoqRMRFs6tsU,The Ballydesmond,Ballydesmond No. 2 TheMaurice Manley's,the ballydesmond polka,Misc Traditional,NA,folk,NA,publicdomain,0.0,0,0,4,1,1,0,96,366,3.8125,False,2.6120409305168906,1.0,0.9361979166666666
QmVkkqRz1ndPCPCpJrD7zyiod39KVasm1Ai5ChVugk3mgt,The Ballydesmond,NA,the ballydesmond polka,Misc Traditional,NA,folk,NA,publicdomain,0.0,0,0,0,1,1,0,15,50,3.333333333333333,False,2.498048073210957,0.9,0.8988095238095238
QmckwZKKq1JaxYN9bLic3QJmqGn471Sq2AFopufdiDZqVg,The Ballydesmond March,NA,the ballydesmond polka,Misc Traditional,NA,folk,NA,publicdomain,0.0,0,0,3,1,1,0,36,190,5.277777777777778,False,2.6810781280681657,1.0,0.9700520833333334
QmPyXB6n3vV1PJW9Nh8djti6mXQvNeg335htFHmLNYKYas,The Ballydesmond March,NA,the ballydesmond polka,Misc Traditional,NA,folk,NA,publicdomain,0.0,0,0,3,1,1,0,36,206,5.722222222222222,False,2.70797386419569,1.0,0.9557291666666666
QmSTTqPHcX4Hcnr54jgir1sAha1548DFaRT3Y8zFLRcG1A,The Ballykett,NA,Ballykett,Misc tunes,NA,NA,NA,publicdomain,0.0,0,0,3,1,1,0,96,843,8.78125,False,2.716228496686875,0.9869513641755636,0.9798177083333334
QmUBoqkMaqVQ61hoVh1LuVMXZeMLhAK5s1DpFSb19FFjaG,The Ballykett Reel,NA,Ballykett,Misc tunes,NA,NA,NA,publicdomain,0.0,0,0,2,1,1,0,96,843,8.78125,False,2.717122329946317,0.9869513641755636,0.9798177083333334
QmRL5SzEfbZxwBdHxce9tdkdkSw1Vk1VhnzB8CaCvZcayw,The Ballyoran,NA,Ballyoran,Misc tunes,NA,NA,NA,publicdomain,0.0,0,0,2,1,1,0,81,525,6.481481481481482,False,2.563815728919543,1.0,0.9542824074074074
QmUgW92U3PfxnLFFDAM13FguUYkEhDRe4d2g1DP2QYyUt8,The Ballysloughgutthery Fluter,NA,The Ballysloughgutthery Fluter,Misc tunes,Arranged by N. F. Tolman,NA,NA,publicdomain,0.0,0,0,0,1,1,0,36,242,6.722222222222222,False,2.895700871629979,0.975206611570248,0.8971354166666666
QmcorXcSourwBWvWTskf34rB3mRSyK4anFZTAT5bvZWoUf,The Balquhidder Lasses,NA,Balquhidder Lasses,Misc Traditional,NA,folk,NA,publicdomain,0.0,0,0,1,1,1,0,35,182,5.2,False,2.606870932044182,1.0,0.9498697916666666
QmfA9i2otJNbgaimkLco4oGMYSEo2Gjg9kHug3N9q5vJdX,The Baltimore Salute,NA,The Baltimore Salute,Misc tunes,NA,NA,NA,publicdomain,0.0,0,0,2,1,1,0,40,325,8.125,False,2.3234068988178502,1.0,0.9731359649122808
QmNPLUSTq57SuGwnf3HynCBZ2CfCruu8Ev9r614DsSTLJN,The Baltimore Salute,NA,The Baltimore Salute,Misc tunes,NA,NA,NA,publicdomain,0.0,0,0,4,1,1,0,33,239,7.242424242424242,False,2.2786603580795,1.0,0.9680989583333334
QmXAzKgpNgHwXDtbBaezAsAAQcauHF1UHgp9t2z3bBJZBh,The Band - The Moon Struck One,NA,NA,NA,NA,NA,rockandblues,cc-zero,0.0,0,2,529,1,1,0,107,1093,10.214953271028037,False,3.2355357677637,0.7840805123513266,0.9260545267489712
QmVauuAgsXcKMAMRoNUXiUjL2bTkEQkXrNJByP5foh8rws,The Bank Corps. WM.137,NA,The Bank Corps. WM.137,Misc tunes,NA,NA,NA,publicdomain,0.0,0,0,4,1,1,0,32,134,4.1875,False,2.7656196433304263,0.9701492537313432,0.9010416666666666
QmWCDGMrFtBPjoBqtNqnAkFzRnuhVMDLJvhpa59KNpbxug,The Banks And Braes. JaW.123,NA,Ye Banks And Braes,Misc tunes,NA,NA,NA,publicdomain,0.0,0,0,6,1,1,0,36,176,4.888888888888889,False,2.4204932124081995,1.0,0.8914930555555556
QmbpQBWnKQCsSZ7jKmZwbz1SoPNdp1WQdA7LiZbRtsMwez,The Banks of Avonmore,NA,The Avonmore,Misc tunes,NA,NA,NA,publicdomain,0.0,0,0,2,1,1,0,29,78,2.689655172413793,False,2.758055973439193,0.9743589743589745,0.933531746031746
QmUGvQHLy6LaK9SJCjaMjsWNpfVx5c7awxjuQsWBppwDAz,The Banks Of Banna (air) 0128,NA,The BANKS OF BANNA,Misc tunes,Unattributedslow,NA,NA,publicdomain,0.0,0,0,5,1,1,0,16,81,5.0625,False,2.7169967922343923,1.0,0.9388020833333334
QmZymYNkuGoUDmd8HYYMzykgmifWjYvVnSN6NUavfph7vk,The Banks of Barrow,NA,The Banks of the Barrow,Misc tunes,NA,NA,NA,publicdomain,0.0,0,0,6,1,1,0,55,387,7.036363636363636,False,2.7909441224266174,0.9483204134366924,0.912037037037037
QmZRy81nYaFitozRJLe9Y1CVEkAE7eCjrCZs1Ci8r6BWU8,The Banks Of Dunmore (air) 0542,NA,The Banks of Dunmore,Misc tunes,Unattributedwith feeling,NA,NA,publicdomain,0.0,0,0,4,1,1,0,18,106,5.888888888888889,False,2.452268936208325,1.0,0.8628472222222222
QmPFfE4x74piELNJy6jA1B5AjftgF5g2KVaj4r5PmeNM4h,The Banks of Loch Ness,Bruachan Loch Nis,The Banks of Loch Ness,Misc tunes,NA,NA,NA,publicdomain,0.0,0,1,11,1,1,0,34,246,7.235294117647059,False,2.670011911335851,0.959349593495935,0.9231770833333334
QmS9rkQTpmAkPihWnoPAy7rNPqEhuFtoKoybMQKrL6bNqJ,THE BANKS OF LOCH NESS -- Strathspey,NA,The Banks of Loch Ness,Misc tunes,NA,NA,NA,publicdomain,0.0,0,0,4,1,1,0,28,194,6.928571428571429,False,2.722842117679999,0.9690721649484536,0.9053819444444444
QmbkJZSkBw74KC5kW2G9CEv8v4yqEu43Z46YdwscQzTxHh,The banks of Lough Gowna,NA,Banks of Lough Gowna,Misc Traditional,anon.,folk,NA,publicdomain,0.0,0,0,1,1,1,0,26,126,4.846153846153846,False,2.4807735776656368,1.0,0.9353070175438596
QmPa2B6Rc9uJxkS7pKV4kNZKPKRqjkMKtrU8xLT5sRjXzd,The Banks Of Lough Gowna,NA,Banks of Lough Gowna,Misc Traditional,NA,folk,NA,publicdomain,0.0,0,0,1,1,1,0,40,212,5.3,False,2.485194762112851,1.0,0.9583333333333334
QmdEQybbNasiHgSDABr8gifcnBTuMqYHfRrFZV2Vtkojp6,the Banks Of Lough Gowna,NA,Banks of Lough Gowna,Misc Traditional,NA,folk,NA,publicdomain,0.0,0,0,15,1,1,0,36,182,5.055555555555555,False,2.658633139148173,1.0,0.9756944444444444
Qme3efKivdfL6DmRLvKesc95QQJAoxyQRsLc6Cb2aqRqBk,The Banks Of Lough Gowna,NA,Banks of Lough Gowna,Misc Traditional,NA,folk,NA,publicdomain,0.0,0,0,1,1,1,0,32,150,4.6875,False,2.347837313875051,1.0,0.9322916666666666
QmRGnrYjbFcjKV1tFN6D44Ntv5FWP3yfGifguAugggCcAL,The Banks of the Devon,NA,Banks Of The Devon,Misc tunes,NA,NA,NA,publicdomain,0.0,0,0,10,1,1,0,18,100,5.555555555555555,False,2.494722884024429,1.0,0.8409090909090909
Qme4q1Fo8CvsWDic7c1HciwckBYLKdJjqZiZ6tNwLGxi7F,The Banks of the Devon,NA,Banks Of The Devon,Misc tunes,NA,NA,NA,publicdomain,0.0,0,0,8,1,1,0,18,92,5.111111111111111,False,2.501515934557902,0.9891304347826086,0.7951388888888888
QmZHNR65gBmtuXoE3p8zibhqSNPaX12hYDN4zKmBzLbNaP,The Banks of the Lee,NA,The Banks of the Lee Arranged by Dave Rickard,Misc Traditional,NA,folk,NA,publicdomain,0.0,0,1,150,1,1,0,17,59,3.4705882352941178,False,2.4332162552150414,1.0,0.9557291666666666
QmQ1f6fk29EJxLWYjiPA7gmuDqQ6DiSCPzMu8vqC36oPUK,The Banks Of The Suir (air) 0517,NA,The Banks Of The Suir,Misc tunes,after Chief F. O'Neillslow,NA,NA,publicdomain,0.0,0,0,3,1,1,0,26,87,3.3461538461538463,False,2.5388596387078683,1.0,0.9467592592592592
QmarWePgziYSSJWDQNaWoLZqYRQ8jRc48TaF1Hyw9S4aff,The Banshee,McMahon's,The Banshee,Misc tunes,NA,NA,NA,publicdomain,0.0,0,0,8,1,1,0,32,224,7.0,False,2.466029412279258,1.0,0.9557291666666666
QmUe79tVZhmurSL2VstDx1SnjVHuZRB74AWLNnhYEdSQYw,The Banshee,NA,NA,NA,NA,NA,reel,cc-zero,0.0,0,20,1108,0,1,0,32,232,7.25,False,2.48663622455391,1.0,0.9654947916666666
QmWatqPbLZYpdeautMiP699gg5DiJ3Jf18ucZmVs3FXyuR,The Banshee's Cry (air) 0129,NA,The Banshee's Cry,Misc tunes,after Sg't. J. O'Neillslow,NA,NA,publicdomain,0.0,0,0,8,1,1,0,17,71,4.176470588235294,False,2.6730095990361,0.9859154929577464,0.9201388888888888
QmSoHpd51zFNvtDRKKwzCfk51bKba2RM3housGkKeCCfay,The Bantry Girl's Lament,NA,NA,NA,Irish Traditional Arr. for harp by Sharon Hanjian Rondeau,NA,irishtraditional-folkmusic,cc-zero,0.0,0,5,274,1,1,0,49,599,12.224489795918368,False,2.5065761509004587,1.0,0.9231770833333334
QmNcS5f6NnouH6xkWuKfVMYn5MDf3PxvaLBX6nBpearQYg,The Bantry Hornpipe,NA,The Bantry hornpipe,Misc tunes,NA,NA,NA,publicdomain,0.0,0,0,0,1,1,0,126,834,6.619047619047619,False,2.73739129718415,1.0,0.9799107142857144
QmY8ATzvUKwYC2M4QfMkeAzdgLkxHEJsgoq4Ry3FCyaR8U,The Barber of Seville Il barbiere di Siviglia ossia L'inutile precauzione,Il Barbiere di Siviglia ossia L'inutile precauzione,Il barbiere di Siviglia,Gioacchino Rossini,Gioachino Rossini,classical,the-barber-of-seville-futile-precaution-il-barbiere-di-siviglia-ossia-linutile-precauzione-gioachino-rossini,publicdomain,4.6,45,170,5224,1,1,0,27,324,12.0,False,2.5702997554795948,0.9567901234567902,0.9722222222222222
QmS142AsGLWC5oGDVds4hoJDQpnzjJukGcyQUsrSSJBWdY,The Barber Of Sevilleaka. JBs.113,Quick Step. JBs.113,Barber Of SevilleTheaka. JBs.116,Misc tunes,NA,NA,NA,publicdomain,0.0,0,0,8,1,1,0,36,180,5.0,False,2.5742576431276825,0.9888888888888888,0.921875
QmNb56SFCBaAmWarHNqRcEVZ8WKsRNiDD4fMowaTbSRWu2,The Barber's. ThoH.107,NA,The Barber's. ThoH.107,Misc tunes,NA,NA,NA,publicdomain,0.0,0,0,1,1,1,0,36,188,5.222222222222222,False,2.789928789146279,0.9893617021276596,0.9583333333333334
Qmd9GdbfyVUpyJZs168AiPvPnjv1fvNtsa52i6b5mboAxv,The Bard Of Armagh (air) 0363,NA,The Bard Of Armagh,Misc tunes,after Miss Mary (May) O'NeillPlaintinve,NA,NA,publicdomain,0.0,0,0,12,1,1,0,25,76,3.04,False,2.4391818952079096,1.0,0.8611111111111112
QmcGn9HzqwaRMBt5sNf5dYaMHezSmJcZREmuG226uAmDdF,The Bard's Whim,NA,Bard's Whim,Misc tunes,NA,NA,NA,publicdomain,0.0,0,0,1,1,1,0,36,166,4.611111111111111,False,2.6430871896504207,1.0,0.9401041666666666
QmZzR4Xircc5Py8JZY5czsPU2gcPR6LCD2e5wAqmgnj12X,The Bard's Whim,NA,Bard's Whim,Misc tunes,NA,NA,NA,publicdomain,0.0,0,0,4,1,1,0,36,144,4.0,False,2.591869447262459,1.0,0.9166666666666666
QmdRT8uye8u5q4RwQ66kGtuda6Jhdi1BU9MF4JuRYLsw4N,The Barefoot Boy (doublejig) 1074,NA,The Barefoot Boy,Misc tunes,after Mr. Kerwin,NA,NA,publicdomain,0.0,0,0,3,1,1,0,38,185,4.868421052631579,False,2.6839514429951783,1.0,0.97
QmWwXG84b5rQ1iLRTJNMN3TsLkoadkfUanZC6PUNjE2Knk,The Barn Dance Schottische,NA,Barn Dance Schottische,Misc tunes,NA,NA,NA,publicdomain,0.0,0,0,8,1,1,0,35,201,5.742857142857143,False,2.753226839866316,0.9900497512437813,0.9388020833333334
QmW8UibRXsxVgriAwiaXts2sNjA5XZQVnYSmRcRZevDLrU,The Barn Dance Schottische,NA,Barn Dance Schottische,Misc tunes,NA,NA,NA,publicdomain,0.0,0,0,2,1,1,0,18,89,4.944444444444445,False,2.5877853623959743,1.0,0.953125
QmNVtUp7QrzrDAX2VF4MnLFai7QDQCL3N8fpcTow5ZyE8b,The Barn Dance Schottische,NA,Barn Dance Schottische,Misc tunes,NA,NA,NA,publicdomain,0.0,0,0,7,1,1,0,36,220,6.111111111111111,False,2.732340066866085,0.9818181818181818,0.91015625
QmSeRC11Y4WiPDifYTbwCwnHyv4u8GS4LpDb5HJNcUGWmA,The Barns of Clyde,NA,The Barns of Clyde,Misc tunes,NA,NA,NA,publicdomain,0.0,0,0,0,1,1,0,19,128,6.7368421052631575,False,2.772547423491977,0.953125,0.9440104166666666
QmR6yWYBAQWVBDZ2MzX7qF5JqxkD9DrEA6psS76BugLGDN,The Barony,NA,The Barony,Misc tunes,NA,NA,NA,publicdomain,0.0,0,0,4,1,1,0,12,65,5.416666666666667,False,2.150764473925292,1.0,0.9166666666666666
QmfVDKkU4RSTbuDJyG1JWS8TEca36Wr2JJWAuCskeGdpci,The Barony jig,NA,The Barony jig,Misc tunes,anon.,NA,NA,publicdomain,0.0,0,0,4,1,1,0,36,254,7.055555555555555,False,2.585318405428656,1.0,0.9444444444444444
QmXLEBYtZrsydkAA97uLxrhzJKEfNVyfmzzG3ZenDERX3G,The Barrel Organ Slide,NA,The Barrel Organ Slide,Misc tunes,NA,NA,NA,publicdomain,0.0,0,0,25,1,1,0,25,185,7.4,False,2.606626343666398,1.0,0.925
Qmb33drtwnv4Jihyoh7ThPeqY6SAxKTeXSiqqRAS2aK86j,The Barren Rocks of Aden,NA,The Barren Rocks Of Aden,Misc tunes,NA,NA,NA,publicdomain,0.0,0,1,16,1,1,0,44,422,9.590909090909092,False,2.4705145340945287,1.0,0.8998842592592593
QmWEnKyCHRc4GtnJCNUTPWNfL6u1JCGjkFY8pPSAkAENGP,The Barren Rocks of Aden,NA,The Barren Rocks Of Aden,Misc tunes,NA,NA,NA,publicdomain,0.0,0,0,8,1,1,0,45,172,3.8222222222222224,False,2.57643994636215,1.0,0.8908730158730158
QmRuLikT8SajHEiBqyV1PEdgDPg9sQNX4NTaD8tJdqAt9n,The Barren Rocks of Aden,NA,The Barren Rocks Of Aden,Misc tunes,NA,NA,NA,publicdomain,0.0,0,0,7,1,1,0,32,122,3.8125,False,2.6021110267316865,1.0,0.9309895833333334
QmeHnBE45JpNC9uHhqEWAWfJHhsaSAD3PPTiocvbnk7NjR,The Barren Rocks Of Aden,NA,The Barren Rocks Of Aden,Misc tunes,NA,NA,NA,publicdomain,0.0,0,0,52,1,1,0,126,540,4.285714285714286,False,2.432982020941864,1.0,0.9270833333333334
QmaKdBuvu6GDfF6zpueAbszditBGFW2T5mSKjivjtok7CY,The Barren Rocks Of Aden,NA,The Barren Rocks Of Aden,Misc tunes,NA,NA,NA,publicdomain,0.0,0,0,9,1,1,0,54,228,4.222222222222222,False,2.465605058154752,1.0,0.9513888888888888
QmZEz7nPy3aui3E1j6vHMYumHJ5jMuMcVNXS7i3nAUSvxb,The Barren Rocks of Aden,NA,The Barren Rocks Of Aden,Misc tunes,NA,NA,NA,publicdomain,0.0,0,0,5,1,1,0,54,244,4.518518518518518,False,2.461177560922,1.0,0.9522569444444444
QmUdQJwfxxd9ZCV62dMwaZLyjEn6tv71ZU9KV3N32CvnPv,The Barren Rocks of Edan,NA,The Barren Rocks of Edan,Misc tunes,NA,NA,NA,publicdomain,0.0,0,0,9,1,1,0,71,380,5.352112676056338,False,2.440017363393892,1.0,0.9192708333333334
QmUouPVPH7YS1Fuz1xjdo9X7ZYoz1Q3SiUEEGrmaJXrspK,The Barronstown Races,NA,The Barronstown Races,Misc tunes,NA,NA,NA,publicdomain,0.0,0,0,2,1,1,0,126,663,5.261904761904762,False,2.709698240675148,1.0,0.9841269841269842
QmX3UNUwQwcmdZtqJN7wTUipZQkAg1BRPsb2HFMDAB1Dz5,The Barronstown Races (jig) 1038,NA,The Barronstown Races,Misc tunes,after Mr. Cronin,NA,NA,publicdomain,0.0,0,0,4,1,1,0,74,390,5.27027027027027,False,2.730472767026684,1.0,0.9821428571428572
QmX3zdock23JYSNMj5Kr3zE13yAXfwUf5v7fKmLJCYP7eA,The Barrowburn,NA,Barrowburn,Misc tunes,NA,NA,NA,publicdomain,0.0,0,0,4,1,1,0,33,216,6.545454545454546,False,2.715972453145059,1.0,0.978515625
QmRgQsiC5z3QXzXbTin67KXUsqk9oj55hEA1GHDPNthmgZ,The Barrowburn Reel,NA,Barrowburn,Misc tunes,Joe Buchanan's Scottish Tome - Page 156.2,NA,NA,publicdomain,0.0,0,0,14,1,1,0,45,271,6.022222222222222,False,2.615087886083248,1.0,0.9760416666666668
QmW53U2sLDSqs7YNN28tYMqRZn4ZaJsfEuXEGAPM3LxrtF,The Bashful Lover (air) 0550,NA,The Bashful Lover,Misc tunes,Unattributedslow,NA,NA,publicdomain,0.0,0,0,2,1,1,0,22,90,4.090909090909091,False,2.376580757740792,1.0,0.9097222222222222
QmWGqp39Kgv2HY4apFXERc6fbpeWmmKNWopscD2Y4tKXaH,The Bashful Swain. PFD3.090,NA,THE BASHFUL SWAIN,Misc tunes,NA,NA,NA,publicdomain,0.0,0,0,4,1,1,0,14,58,4.142857142857143,False,2.806560829278313,0.9310344827586208,0.9600694444444444
QmQndCLGzUTsNnLkNH4cXsEEFwoJVcb27bKppGQgeNcLPo,The Basilisk (Inspired by The Argus by Ween),NA,The Basilisk (Inspired by The Argus by Ween),rterry11558,Ryan Terry,NA,piano-thebasilisk-ryanterry-ween-theargus,cc-zero,0.0,0,3,105,2,1,0,104,1932,18.57692307692308,False,2.728596198692862,0.9937856033143448,0.8950320512820513
QmdCkgvFWUVpDjLmfGbu1m5GQReNoac2DM2Cp3cwoYr669,The Basket of Eggs Version 1 of 2,NA,The Basket of Eggs Version 1 of 2,Misc tunes,Mr. Spooner (c. 70) Midhurst Workhouse XII.08Transcribed by Simon Furey and Lewis Jones,NA,NA,publicdomain,0.0,0,0,3,1,1,0,45,197,4.377777777777778,False,2.8507882414339094,0.964467005076142,0.9719551282051282
QmRLA4LD9bhhDD4W1E6CGDjpthSJfhQANcwLUhHp6w662L,The Basket of Eggs Version 1 of 2,NA,The Basket of Eggs Version 1 of 2,Misc tunes,Sung by Mr. Colcombe Weobley Herefordshire IX. 06 P:Noted by FW Jekyll and GSK ButterworthTranscribed by Simon Furey and Lewis Jones,NA,NA,publicdomain,0.0,0,0,2,1,1,0,18,92,5.111111111111111,True,2.807085125527469,0.9891304347826086,0.9473039215686274
Qmd9RvDQJtZF7pB7EoEkB4rFy9HXfDXdqssogHqqa9DibS,The Basket of Oysters (152),NA,The Basket of Oysters (152),Misc tunes,NA,NA,NA,publicdomain,0.0,0,0,2,1,1,0,72,362,5.027777777777778,False,2.6823944143685665,1.0,0.9574652777777778
QmbrubATsWdE2smm9KNcLkCuhTgQGcUsQ3VxsgFt5TPLjd,The basket of Turf,NA,Basket of Turf,Misc tunes,anon.,NA,NA,publicdomain,0.0,0,0,1,1,1,0,45,230,5.111111111111111,False,2.737419910431249,0.991304347826087,0.9819444444444444
QmWmnkgvxVmQZVagm9LjhTZjt1rRuDDLKtjAfNtkkpx3v1,The basket of Turf,NA,Basket of Turf,Misc tunes,anon.,NA,NA,publicdomain,0.0,0,0,1,1,1,0,27,141,5.222222222222222,False,2.7462036065011497,0.9858156028368794,0.9814814814814816
QmPP1Nsd83BoC8kQzPKVg4Sr68Abum5BBTAK33JgKEHuqx,The Bath Medley,NA,The Bath,Misc tunes,NA,NA,NA,publicdomain,0.0,0,0,4,1,1,0,116,669,5.767241379310345,False,2.7484316161583937,0.9940209267563528,0.9777621722846442
QmSekZeQ8YyE6nM5y3GAtTwtvHkwrsAfX3r1fd2w1Z5C6C,the Bath Waltz,NA,The Bath,Misc tunes,NA,NA,NA,publicdomain,0.0,0,0,2,1,1,0,54,196,3.6296296296296298,False,2.848081172420281,0.979591836734694,0.9421296296296297
QmWpQXvET5XRLbEB69YRjkubSYAQrEQh9kMMwdJu5Dbyiy,The Battering Ram,NA,The Battering Ram,Misc tunes,NA,NA,NA,publicdomain,0.0,0,0,1,1,1,0,4,23,5.75,False,2.113739261916988,1.0,0.9375
QmNWEFWjY5D9em6P2MoEX1AUvF7tWwGxSZynh5XRqyX9a2,The Battering Ram,NA,The Battering Ram,Misc tunes,NA,NA,NA,publicdomain,0.0,0,0,1,1,1,0,81,392,4.839506172839506,False,2.2942107419072646,1.0,0.9672067901234568
Qme6s3ktTFxce1BAdNvXZ2az7uTC2XHJmBLg8tumYh4vfc,The Battle at Trafalgar. JGi.049,NA,Battle at TrafalgarThe. JGi.049,Misc tunes,NA,NA,NA,publicdomain,0.0,0,0,2,1,1,0,36,160,4.444444444444445,False,2.5502042823668822,1.0,0.9227430555555556
Qmaz3rBbjmp2EjwpsQV4uJ1UJi7pVQWDvxZJUeHS7bwuod,The Battle Cry of Freedom,NA,The Battle Cry of Freedom,George Frederick Root,NA,classical,NA,cc-zero,0.0,0,25,4205,1,1,0,46,751,16.32608695652174,False,2.409136253848819,1.0,0.9477513227513228
QmaEnmxBELGNX5oqjZWgog83w3zJFr3Fpxi5Tvy2Vpd4Ed,The Battle Eve (air) 0253,NA,The Battle Eve,Misc tunes,after Chief F. O'Neillanimated,NA,NA,publicdomain,0.0,0,0,1,1,1,0,20,60,3.0,False,2.892948069554833,0.9166666666666666,0.9671052631578948
QmaGcHUmUPsv4rcqLPNNQJW7TXnMStEwxXHFvGx26R5iBB,The Battle from Chronicles of Narnia Piano Tutorial Demo (Full in Description),From The Chronicles of Narnia,The Battle Theme,Harry Gregson-Williams,Harry Gregson-Williamsarr. Paul Enguana,soundtrack,narnia-narnia-piano-hard-advance-intermediate-thebattle-epicpiano,cc-zero,4.84,10,9,620,2,1,0,74,936,12.64864864864865,False,3.3140138603212552,0.8002136752136753,0.9335045662100456
QmNuXHnUKn18NuAMqyFZyUVcivmBTnft5B85WU9pdSaJ6f,The battle is on; with our colors flying - J. Lincoln Hall,NA,The battle is on; with our colors flying,J. Lincoln Hall,NA,classical,NA,publicdomain,0.0,0,0,1,2,1,0,34,589,17.323529411764707,False,2.704527648430426,0.9745331069609507,0.94921875
QmeX6AYeUUTiAQMKE8GGyudv7XqhrEiLCFR5Cpx7BJPUrc,The battle is waging against sin and wrong - Wm. Edie Marks,NA,The battle is waging against sin and wrong,Wm. Edie Marks,NA,classical,NA,publicdomain,0.0,0,0,2,2,1,0,18,349,19.38888888888889,False,2.4678032329621686,0.991404011461318,0.96484375
QmcBA3Wfe3jh7phFqsSb1qPHviigLZjR7SFVVz1FDyAo5L,The Battle of Argan More,NA,Battle of Argan More,Misc tunes,NA,NA,NA,publicdomain,0.0,0,0,1,1,1,0,8,43,5.375,False,2.08267318468309,1.0,0.8720238095238095
QmaSWnRrQr4LMKThZK8AFNN6YU4XHVfoinTMWrgu8P8zRJ,The Battle of Aughrim,NA,the battle of aughrim,Misc Traditional,NA,folk,NA,publicdomain,0.0,0,0,0,1,1,0,36,172,4.777777777777778,False,2.517825526430684,1.0,0.951171875
Qma9751GRwxrwX2eXQPkfvj5fF2MALFKHqAq2rmdiQ51AF,The Battle of Aughrim,NA,the battle of aughrim,Misc Traditional,NA,folk,NA,publicdomain,0.0,0,0,0,1,1,0,96,492,5.125,False,2.565290801049364,1.0,0.9014756944444444
QmYEeZ1R7GXYiT2GmRyYqbuEfj8euaN6mDuYnrF5Kjm3Nk,The Battle of Falkirk,NA,The Battle of Falkirk,Misc tunes,J. Scott Skinner,NA,NA,publicdomain,0.0,0,0,2,1,1,0,21,195,9.285714285714286,False,2.5194879646945814,1.0,0.9140625
QmZKBg4VhukSMzNWg3C6x2s8r8UFjqj8z775zr8RMUfgVd,The Battle Of Falkirk Muir's March,NA,The Battle of Falkirk,Misc tunes,NA,NA,NA,publicdomain,0.0,0,0,9,1,1,0,36,274,7.611111111111111,False,2.6520800275505096,1.0,0.9774305555555556
QmRiALR3KVsMgXPx6JycatoeWcoAaCJHe5PLoEezpv73NS,The Battle of Jerico,NA,The Battle Of Jericho,Moses Hogan,Arr. Moses Hogan,NA,gospel-hogan-alto,cc-zero,0.0,0,2,1448,0,1,0,45,274,6.088888888888889,False,2.52056382034999,0.9890510948905108,0.88125
QmRUz68QGqBFgcDsyrE65fqK2wRXj4EyVQ9mddyHTE9iFZ,The Battle Of Killiecrankie,NA,The Battle Of Killiecrankie,Misc tunes,NA,NA,NA,publicdomain,0.0,0,0,4,1,1,0,72,746,10.36111111111111,False,2.6277606299470126,1.0,0.8759765625
QmW8qFtwSjXttZwMAZdpAefcCEEvTx5HNnPR717w6aovuT,The Battle of Sherrifmuir,Here's a Health To Them Far Awa',The Battle of Sherrifmuir,Misc tunes,NA,NA,NA,publicdomain,0.0,0,0,2,1,1,0,54,236,4.37037037037037,False,2.6840012634116834,1.0,0.9097222222222222
QmR9hodfQ1MxDXETag1SzeG3PaYFAwNpbu2Ti8jvYn6ynN,The Battle of the Nile March JBut.853,NA,Battle of the NileThe.2voices RH.428,Misc tunes,NA,NA,NA,publicdomain,0.0,0,0,2,1,1,0,36,230,6.388888888888889,False,2.638616712290869,0.991304347826087,0.916015625
QmTgmfTUbyLdcgk1wZ1e36VmQQZLrDeFtaUP4waAXaHydy,The Battle Of The Nile. JBut.727,NA,Battle of the NileThe.2voices RH.428,Misc tunes,NA,NA,NA,publicdomain,0.0,0,0,8,1,1,0,34,200,5.882352941176471,False,2.665760780549391,1.0,0.922043010752688
QmTAPWFGURHp24FyXzgQjakSxsUed9cUAXkXcmtv98XHYb,The Battle of the Nile.2voices RH.428,NA,Battle of the NileThe.2voices RH.428,Misc tunes,NA,NA,NA,publicdomain,0.0,0,0,2,0,2,0-0,27,322,11.925925925925926,False,2.711416195348675,0.9935483870967742,0.9110576923076924
QmYXfEyHaKibFPW5dTL8891VuqeEvkAgi2ZjWxViTc43DX,the Battle of the Somme,NA,The Battle Of The Somme,Misc tunes,NA,NA,NA,publicdomain,0.0,0,0,9,1,1,0,52,180,3.4615384615384617,False,2.6647501264910742,1.0,0.9241898148148148
QmNTQF4cVVrGQL98A9jneVusSV36pgZjcfouFpnBwjWhKz,The Battle Of The Somme,NA,The Battle Of The Somme,Misc tunes,NA,NA,NA,publicdomain,0.0,0,0,6,1,1,0,40,243,6.075,False,2.510334098750216,1.0,0.8712121212121212
QmdNja7FJQaapeFuEymY5NYQYUUqAwxdJ1acvwJjGNZHBo,The Battle of Waterloo,NA,The Battle Of Waterloo,Misc tunes,NA,NA,NA,publicdomain,0.0,0,0,5,1,1,0,9,59,6.555555555555555,False,2.492316254457632,1.0,0.90625
QmSN7kQuYvjvJDiSXVt2MJ7Z5DquqS9m6jhEgFdb6xAR8p,The Battle of Waterloo,NA,The Battle Of Waterloo,Misc tunes,NA,NA,NA,publicdomain,0.0,0,0,3,1,1,0,17,119,7.0,False,2.5894050172238625,1.0,0.9166666666666666
QmZsrC24dTijuEWL8n9bWUy9kw2szr5D3VmgJmmhCLgNVz,The Battle of Waterloo,NA,The Battle Of Waterloo,Misc tunes,NA,NA,NA,publicdomain,0.0,0,0,20,1,1,0,21,148,7.047619047619048,False,2.5981629623078306,1.0,0.9166666666666666
QmcfRRmcTxzMNBUpZvrB1pUHxwxTiYt9RBYEamUrSMBa6C,The battles on and it must be won - Henry Russel,NA,The battles on and it must be won,Henry Russel,NA,classical,NA,publicdomain,0.0,0,0,6,2,1,0,30,455,15.166666666666666,False,2.6160968117497667,0.9824175824175824,0.9131944444444444
QmNkn8v4JJxSgC1E9mKixTfzq7CPLXzjMHBUduz9XXHZPU,The Bay Of Biscay-O (song) 0329,NA,THE BAY OF BISCAY O,Misc tunes,Unattributedquick & spirited,NA,NA,publicdomain,0.0,0,0,6,1,1,0,10,69,6.9,False,2.638342654271564,1.0,0.9047619047619048
QmWKpiVK1DPAEuHJgU8FovSLS6pc48jsYs9vr89hwQy7wT,The Bayshot March JBut.863,Bagshot? March JBut.863 The,The Bayshot March JBut.863,Misc tunes,NA,NA,NA,publicdomain,0.0,0,0,11,1,1,0,66,408,6.181818181818182,False,2.7815926251594454,0.9803921568627452,0.8914650537634409
QmV28ou7sCwgxDeWHFKrKmfYU3N8PGiBFqUyX7bEHWYgSF,The Beach Boys - Surfin' USA on Piano - Alex Sandweiss,NA,The Beach Boys - Surfin' USA on Piano,Alex Sandweiss,NA,classical,NA,cc-zero,0.0,0,5,505,2,1,0,109,1131,10.376146788990823,False,2.992291698151881,0.9142351900972592,0.8902905198776758
QmVVcQYEZYuDbTvkcUcvEZK3btDkj9wGEdKeaLwt2t8Snj,The Bearer of Burdens - Mrs. Elizabeth Wilson Wakeman,NA,The Bearer of Burdens,Mrs. Elizabeth Wilson Wakeman,NA,classical,NA,publicdomain,0.0,0,0,8,2,1,0,18,397,22.05555555555556,False,2.813478743443369,0.9455040871934604,0.796875
Qmc1kdihmhPh9AnENQghj2s25Vog78AS1SosmcATqZ7bvn,The Beat,NA,The Beat,ramiahmed123,Rami Ahmed,NA,NA,cc-zero,0.0,0,0,13,0,1,0,42,260,6.190476190476191,False,1.91845118198945,0.9576923076923076,0.9182098765432098
QmUUrGKXLnJbqgMjeV9YTZ5R995vUFH4Sfk7CecHDnG9W2,The Beau's Retreat. PFD2.305,Dearest and FairestTheaka. PFD2.305,The Beau's Retreat. PFD2.305,Misc tunes,NA,NA,NA,publicdomain,0.0,0,0,5,1,1,0,32,172,5.375,False,2.8115983683564645,0.9302325581395348,0.9657118055555556
QmYgHrcikb7ehNo8r5zSb8tfcVuzoZzCsig3xwztPfyB3f,The Beauties Of Ireland,NA,Beauties of Ireland,Misc Traditional,NA,folk,NA,publicdomain,0.0,0,0,1,1,1,0,40,244,6.1,False,2.6229398062369924,1.0,0.9698275862068966
QmebF4Jv79x7b3ALqEAgixWvDTDRcDDcYiiZnxE6Zoy94R,The Beauties of Ireland,NA,Beauties of Ireland,Misc Traditional,NA,folk,NA,publicdomain,0.0,0,0,0,1,1,0,32,171,5.34375,False,2.591749362638093,1.0,0.9644097222222222
QmXTPmkFkF3adDceHaBEaLNsSQYMH4m1FNj2RgJZR1xmMv,The beautiful heavenly kingdom - U. S. Amstutz,NA,The beautiful heavenly kingdom,U. S. Amstutz,NA,classical,NA,publicdomain,0.0,0,0,3,1,1,0,27,413,15.296296296296296,False,2.685773815683184,0.980629539951574,0.9212962962962964
QmbeHa7UNVSsoDPe4Bi92fJmKBKNesijB5o7EEty5QCuF1,The beautiful river the life-giving river - J. H. Kurzenknabe,NA,The beautiful river the life-giving river,J. H. Kurzenknabe,NA,classical,NA,publicdomain,0.0,0,0,9,1,1,0,28,346,12.357142857142858,False,2.322981286718359,1.0,0.9189814814814816
QmUBbRg3Y8DyRtiRgch1FHGw1r8G5StncoqcpJjJs7ovCP,The Beautiful Scrabmaggby G.B. (p).1701.PLFD1.414,NA,the Beautiful Scrabmagg by G. B.,Misc tunes,NA,NA,NA,publicdomain,0.0,0,0,1,1,1,0,36,160,4.444444444444445,False,2.7851577343296534,0.95,0.9327256944444444
QmWaCAnhtK6ycdGS8SqgE1jkYqSohyFP3iNgvrctPfvH42,The beautiful streams in that wonderful land - D. B. Towner,NA,The beautiful streams in that wonderful land,D. B. Towner,NA,classical,NA,publicdomain,0.0,0,0,10,1,1,0,34,361,10.617647058823527,False,2.70401104841561,0.9833795013850416,0.9466666666666668
Qmf5bzdaL87wh3pZibNMXexmkkAzVRxKtaYo1upDjPtC5u,The Beaux of London City - (stick dance) - Morris,Danced by the Morris Side of Adderbury Oxon(1st time noted incorrectly. See further [in this manuscript book]on for correct version.) See J.H.B 723 VWML JHB-16-20,BEAUX OF LONDON CITY,Misc tunes,NA,NA,NA,publicdomain,0.0,0,0,3,0,2,0-0,40,202,5.05,False,2.507895079956051,1.0,0.9201388888888888
QmaevfuCQz85xmcxjh51PWWAmxdsBnYYuxNjp7KbbMAGyQ,The Beaux of London City Stick Dance,Danced by the Morris of Adderbury Oxon. as remembered and danced by Mr. William Walton,BEAUX OF LONDON CITY,Misc tunes,NA,NA,NA,publicdomain,0.0,0,0,7,0,2,0-0,49,295,6.020408163265306,False,2.352956519658201,1.0,0.9120833333333334
QmTUcBf8hJrfJZgeWwwg6wfYJA6FDpapyyQhLnUWuNX2xD,The Beaux of London City Stick Dance,as danced at Adderbury by the Morris side to which William Walton belonged (60-70 years ago)Corrected version of VWML JHB-16-10,BEAUX OF LONDON CITY,Misc tunes,NA,NA,NA,publicdomain,0.0,0,0,5,1,1,0,50,178,3.56,False,2.347083162550801,1.0,0.8845720720720721
Qmd5zyRsiXgds1qeKjaH4ngKtVtshBn7aQKmfvrvmFkis5,The Beaux Stratagem,NA,The Beaux Stratagem. PFD2.169,Misc tunes,NA,NA,NA,publicdomain,0.0,0,0,5,1,1,0,34,194,5.705882352941177,False,2.778622605377371,0.9587628865979382,0.9319444444444444
QmSNkUMszxF6AxDPTSKHnHWq8TkEt8VYNq9se6aJ5VWjzf,The Bedfordshire March.3voices. JClw.17,NA,the Bedfordshire March,Misc tunes,NA,NA,NA,publicdomain,0.0,0,0,1,0,3,0-0-0,20,286,14.3,False,2.6071472608513586,1.0,0.9322916666666666
QmTcESgnZdvqqdy8G7SEnDnBBCAk8oC8G436NzFh9CZavx,The bee - Frank Bridge,NA,The bee,Frank Bridge,NA,classical,NA,publicdomain,0.0,0,0,25,0,5,0-0-0-0-0,64,700,10.9375,True,3.161986783588379,0.8953662182361734,0.911231884057971
QmYrwcugJSWfRGYF19xKhQyD9AoQxCVmF8aBbMMK3eKkVV,The Beeches Of Bregagh,NA,The Beeches Of Bregagh,Misc tunes,NA,NA,NA,publicdomain,0.0,0,0,0,1,1,0,5,39,7.8,False,2.370095991582028,1.0,0.9375
QmR673pHizjN9HeyjhbGjm9Toc9DgJ1uzTeN5HjVY41zso,The Beer Was Spilled on the Barroom Floor,NA,The Beer Was Spilled on the Barroom Floor,Misc tunes,NA,NA,NA,publicdomain,0.0,0,0,6,1,1,0,17,78,4.588235294117647,True,2.4712110968202743,1.0,0.9388020833333334
QmcyRhH3DSwYKkMan27hX2CYsWfwYjcvUysrZe2FzyDY7L,The bees in the heather,NA,The bees in the heather,Misc tunes,NA,NA,NA,publicdomain,0.0,0,0,6,1,1,0,45,227,5.044444444444444,False,2.482229355516324,1.0,0.9777777777777776
QmRz9pijraXyPzrZKvcQtyZHm7TpbJRwrvAar3iCFw1sDH,The Beggar Girl. TJD.70,NA,The BEGGAR GIRL,Misc tunes,NA,NA,NA,publicdomain,0.0,0,0,3,1,1,0,48,140,2.9166666666666665,False,2.6073172593291183,0.9857142857142858,0.9537037037037036
QmWuu14XmoV4ywNooUUsfgLgoBDctj1WpUo3jsANZRbp9U,The Beggarman/The Dirty Beggarman,NA,The Beggarman/The Dirty Beggarman,Misc tunes,NA,NA,NA,publicdomain,0.0,0,0,5,1,1,0,14,43,3.071428571428572,True,2.429594110996103,1.0,0.8888888888888888
QmfPbCwMQXXBPpnYaMfts5PXVmcDWDHM2i2kwx54zm5c6g,The Begger Boy,NA,The Begger Boy,Misc tunes,NA,NA,NA,publicdomain,0.0,0,0,2,1,1,0,16,73,4.5625,False,2.604821715948996,1.0,0.9184027777777778
QmXTYVhfqb21TEPhUdgwwCeqiLpuVrDvmDSksjBG75zByN,The Begger Boy,NA,The Begger Boy,Misc tunes,Playford 1st ed 1650,NA,NA,publicdomain,0.0,0,0,2,1,1,0,16,72,4.5,False,2.617559665617191,1.0,0.9010416666666666
QmXkY9SkUf1EZYoYazoEdtTZDRmeNA4PJSAaSLvb6j4NBZ,The Beginning - ONE OK ROCK,ONE OK ROCK,the beginning,ONE OK ROCK,Arr. koa,rock,thebeginning-oneokrock-japanese-rock-jrock-jinseixboku-jinseikaketebokuwa,cc-zero,4.63,32,118,2298,2,1,0,201,667,3.318407960199005,False,2.67711478599158,1.0,0.9598214285714286
QmexWcrZhNmYkpGWePUEeXWHa1LrPFMRC2suundwr65qB4,The Belfast Boat,NA,Belfast Boat,Misc tunes,NA,NA,NA,publicdomain,0.0,0,0,2,1,1,0,32,170,5.3125,False,2.369678983914983,1.0,0.9592013888888888
Qmab4kitwtpAgeSMVxsgPNYjE53CEzmyu6x6jsB7mg1GpV,The Belfast Hornpipe,Sweep's Hornpipe,The Belfast Hornpipe,Misc tunes,NA,NA,NA,publicdomain,0.0,0,0,12,1,1,0,81,604,7.45679012345679,False,2.748497035732336,1.0,0.9262152777777778
QmVmR1JAs1wMbibYxDAtAa7vrP1nbdWCavMkMenYEZ6kf6,The Belfast Lasses Reel,NA,The Belfast Lasses,Misc tunes,NA,NA,NA,publicdomain,0.0,0,0,1,1,1,0,16,116,7.25,False,2.553591752988336,1.0,0.96484375
QmTpxAm1n2CoaUJg6Fjw4aLKx6SvfnrLgZvMd3S8VyC79u,The Bell Quick Step. CJF.049,NA,Bell Quick StepThe. CJF.049,Misc tunes,NA,NA,NA,publicdomain,0.0,0,0,3,1,1,0,86,352,4.093023255813954,False,2.687510608226742,1.0,0.93125
QmWNJ2CQCMuEPZp5mDFpyLfG4zMEsgb1nJpidk9Wnm1ZfW,The Belle of the Ball,NA,Belle of the Ball,Misc tunes,NA,NA,NA,publicdomain,0.0,0,0,23,1,1,0,32,234,7.3125,False,2.815904827440073,0.9914529914529916,0.9737903225806452
QmeQcjGgqW18uAweaZHKtLMbMPa6JJFg6ZqHGJJKUwT9mQ,The Belles Of Clonallan (hornpipe) 1714,NA,The Belles Of Clonallan,Misc tunes,Unattributed,NA,NA,publicdomain,0.0,0,0,2,1,1,0,34,226,6.647058823529412,False,2.6249599927229434,0.991150442477876,0.9583333333333334
Qmc16YHyU6T3mHFdE5d1nwmnM2rxTKj3jpCHAKbwWJENZF,The Belles of Tipperary,New Policeman TheBells of Tipperary The,The Belles Of Tipperary,Misc tunes,NA,NA,NA,publicdomain,0.0,0,0,3,1,1,0,64,460,7.1875,False,2.534371050054876,1.0,0.9664713541666666
QmXzD8eVDnuMrSMrfcXLtZUP9r8c31YHL837pgE1YuNRrL,The Bellman's Song,NA,The Bellman's Song,Misc tunes,NA,NA,NA,publicdomain,0.0,0,0,1,1,1,0,10,39,3.9,False,2.644541875772058,0.9743589743589745,0.9479166666666666
QmauNbMUBWngAaWLYceVwNrCQdDxCiquFFeNLx6xB8LKVU,The bells of hope ring in my soul - J. M. Black,NA,The bells of hope ring in my soul,J. M. Black,NA,classical,NA,publicdomain,0.0,0,0,19,1,1,0,30,373,12.433333333333334,False,2.532396696683444,0.9919571045576407,0.880787037037037
QmcgYhpZ2ksC1vkvwK2sPJRKgFToKL9oFBajc16hVPrtrV,The bells of peace swell out their anthems - Haldor Lillenas,NA,The bells of peace swell out their anthems,Haldor Lillenas,NA,classical,NA,publicdomain,0.0,0,0,5,1,1,0,26,373,14.346153846153848,False,2.722399343740127,0.9731903485254692,0.9652777777777778
QmecvWsbKULuF7JTi9x9cExJYykwuhfUqacH7dGDQmtvxu,The Bells of Tipperary,NA,The Bells of Tipperary,Misc tunes,NA,NA,NA,publicdomain,0.0,0,0,2,1,1,0,65,460,7.076923076923077,False,2.534371050054876,1.0,0.9631410256410255
QmasMTsiHMt56rzUSvjXhwyuMi69pD2ZPSjYg97qqPagjz,The bells seem to say to me,NA,The bells seem to say to me,matthewbfarnsworth,Matthew Farnsworth,NA,NA,cc-zero,0.0,0,1,30,2,1,0,72,1135,15.76388888888889,False,2.7477456381141083,1.0,0.9693287037037036
QmUrUsW8RhTwMBh8t2zEJqosHU9VSFKh65VUQQyN1zRsVC,The Belted Plaid and Health to Wear It,NA,The Belted Plaid and Health to Wear It,Misc tunes,NA,NA,NA,publicdomain,0.0,0,0,3,1,1,0,19,130,6.842105263157895,False,2.75341617135241,0.9307692307692308,0.9778645833333334
QmdC49KCjY9kAFGpdZcejqZA9b4YPEY59CRH9axgS8KK9t,The Bend Of The River (air) 0597,NA,The Bend of the River,Misc tunes,Unattributedslow,NA,NA,publicdomain,0.0,0,0,4,1,1,0,19,99,5.2105263157894735,False,2.6807952149664493,0.9797979797979798,0.8458333333333333
QmNW8z5xERad2nwGbYmPFwWtQdYDxEYN7WHUELE2dszCmT,The Bend of the River.,caime na a.mne.,The Bend of the River,Misc tunes,NA,NA,NA,publicdomain,0.0,0,0,3,1,1,0,18,94,5.222222222222222,False,2.6632541059794845,0.9787234042553192,0.80625
QmRJUB3VSs6RxPuEwFQ2yQkR8Ru3Lrnth4qkK2heoZ7nUk,the Bens of Jura,the Burning Sands of Egyptthe Road to the Isles,the Bens of Jura,Misc tunes,John McLellan 1890s,NA,NA,publicdomain,0.0,0,0,5,1,1,0,42,197,4.690476190476191,False,2.678789160212581,1.0,0.9080882352941176
QmT2hKuAZV1A8mrcGXsup1vSa9XqQS74azsW5ZGorvYEDH,The Berwick Jockey,NA,Berwick Jockey,Misc tunes,NA,NA,NA,publicdomain,0.0,0,0,3,1,1,0,16,118,7.375,False,2.667193703377854,1.0,0.9386574074074074
Qmezqsb1oJv7FPFyWzrMQ2LmjuajkMVksdQCeJjvLFqfqd,The Besom in Bloom (jig) 0797,NA,The Besom In Bloom,Misc tunes,after Chief F. O'Neill.,NA,NA,publicdomain,0.0,0,0,2,1,1,0,38,182,4.789473684210527,False,2.7002078874124344,1.0,0.9591666666666668
QmbnPZHk5q6enR4RwzAjci5LdCoUYgogag2pvNFBfgfEmn,The Besom in Bloom.,NA,The Besom In Bloom,Misc tunes,F. O'Neill.,NA,NA,publicdomain,0.0,0,0,1,1,1,0,19,87,4.578947368421052,False,2.7018892501625755,1.0,0.9427083333333334
QmX3TYsP1Z1AAG4qbw7TNgC2m2eVz4Z5F6oeHkUYczriTe,the best day of my life piano,NA,The best day of my life,potters house of Denver,Potter's house of Denver,NA,pottershouseofdenver-piano-pianoaccopaniment-gospel,cc-zero,0.0,0,1,252,2,1,0,124,1399,11.28225806451613,False,2.728370327083013,0.8884917798427449,0.913978494623656
QmR6daud8ciAQcchTvtXAZ9yvDT6adYB6uy4BEdGQ6zTKu,The best in the bag,NA,The best in the bag,Misc tunes,anon.,NA,NA,publicdomain,0.0,0,0,2,1,1,0,36,190,5.277777777777778,False,2.580481396322315,1.0,0.9565972222222222
QmUf3VsBoN1FxwRnEeqLwiBy9tPvjMchn5iX9Hy3XDT8qw,The Best In The Bag (jig) 0852,NA,The best in the bag,Misc tunes,after Chief F. O'Neill,NA,NA,publicdomain,0.0,0,0,2,1,1,0,38,200,5.2631578947368425,False,2.61503042819014,1.0,0.9526515151515152
QmXt5x3DXwVXBzoQKe3p3DK1wvcs7Zq3ns79ofbBgVEfuQ,The Bible says that God loved the world - Harry Grey,NA,The Bible says that God loved the world,Harry Grey,NA,classical,NA,publicdomain,0.0,0,0,5,1,1,0,19,324,17.05263157894737,False,2.54341913018993,0.9906832298136646,0.9716666666666668
QmYFKkVRBonvtBp9DvrPDeEgpGqHuPJEXrtF3YoS5onmU5,The Bible the Bible! more precious than gold,NA,The Bible the Bible! more precious than gold,Misc Traditional,NA,folk,NA,publicdomain,0.0,0,0,7,1,1,0,27,258,9.555555555555555,False,2.5553784673481057,0.996124031007752,0.9560185185185184
QmdsxrK9EQx1JGZfJ88hEzaSDYqjYoW9AL5ySkK8GTFCXF,The Bible was given - Wm. J. Kirkpatrick,NA,The Bible was given,William J. Kirkpatrick,NA,classical,NA,publicdomain,0.0,0,0,3,1,1,0,19,304,16.0,False,2.601807689918472,0.9901315789473684,0.98
QmaGtuUrj9UYKyWZKM6wfUwZdouDgVLUTKh4yRpQg2V5LT,The Big Reel of Callightown,NA,Big Reel of Callightown,Misc tunes,NA,NA,NA,publicdomain,0.0,0,0,2,1,1,0,40,270,6.75,False,2.7264310765844777,0.9444444444444444,0.9541666666666668
Qmdy9w3VGFGoYaeX1QqiiMzpAYn5Yv9KsCTYxmUhDtDMCo,The Bird Alone (air) 0475,NA,The Bird Alone,Misc tunes,after Sg't. J. O'Neillmoderate,NA,NA,publicdomain,0.0,0,0,6,1,1,0,18,96,5.333333333333333,False,2.789248365411183,0.9166666666666666,0.94140625
QmTjkb6yjHNowQNRazPrYGzvTpqSobMz5cCiqqNnUWaBer,The Bird Cage,NA,The Bird Cage,Mimi Block,Mimi Block,NA,NA,cc-zero,0.0,0,0,52,0,2,0-0,45,118,2.6222222222222222,False,3.47197136790076,0.711864406779661,0.9479166666666666
QmdnjcnVpb44qazu36XrarLry8rkzXgKWMhHp4ykswMvaD,The birds are singing in the vale - Samuel Black,NA,The birds are singing in the vale,Samuel Black,NA,classical,NA,publicdomain,0.0,0,0,4,2,1,0,20,276,13.8,False,2.704577257090877,0.9746376811594204,0.9149305555555556
Qmb1ExXyrt1hMHeM1UuAPfQgcrwQ4PNjCueeKyNPBBo9GU,The birds are singing on the trees - M. L. McPhail,NA,The birds are singing on the trees,M. L. McPhail,NA,classical,NA,publicdomain,0.0,0,0,8,1,1,0,17,242,14.235294117647058,False,2.7764931040115064,0.962809917355372,0.955
Qme4MWSqNqB2xXwndvexWmEdFM1ZdD9KAfQZERSBEmvfDy,The birds have their nests - C. Austin Miles,NA,The birds have their nests - C. Austin Miles,C. Austin Miles,NA,classical,NA,publicdomain,0.0,0,0,2,1,1,0,17,361,21.23529411764705,False,2.707075500830653,0.969529085872576,0.93359375
QmWmqemb6JssUnTetbzGJ65tmMx4LGQUKDQuWWEimc5EzD,The birds in sweet chorus are singing away - Howard E. Smith,NA,The birds in sweet chorus are singing away,Howard E. Smith,NA,classical,NA,publicdomain,0.0,0,0,5,2,1,0,18,326,18.11111111111111,False,2.716602183824435,0.9570552147239264,0.9544270833333334
QmNgVzVfUbdtEBpmdLAKfhdd21VkJjgJjj8ijctVAu2J48,The birds upon the tree-tops sing their song,NA,The birds upon the tree-tops sing their song,Misc Traditional,NA,folk,NA,publicdomain,0.0,0,1,128,1,1,0,17,163,9.588235294117649,False,2.433112701039348,1.0,0.9010416666666666
QmYqhs1zdMB3rZag676ZqJ69qZ5p9Z72Mfkgm27rGcKKcH,The Birks of Invermay,NA,The Birks of Envermay,Misc tunes,NA,NA,NA,publicdomain,0.0,0,0,5,1,1,0,38,250,6.578947368421052,False,2.639554292678062,1.0,0.9166666666666666
QmaWgTjfkBFcKyLqbYwgbM8FU24Q2mESzEm5K221otMF1Q,The Birks of Invermay,NA,The Birks of Envermay,Misc tunes,NA,NA,NA,publicdomain,0.0,0,0,3,1,1,0,15,97,6.466666666666667,False,2.583635694536536,1.0,0.9270833333333334
QmaEfryfApwn2qhQ5pEncLHnS87kXgpGLuWWePzZtCHD6p,The Birks of Invermay,NA,The Birks of Envermay,Misc tunes,NA,NA,NA,publicdomain,0.0,0,0,1,1,1,0,20,106,5.3,False,2.5942342168233647,1.0,0.9027777777777778
QmQghpS11PxFVUG65J76CyeW1aosohZcSnkEpDtDqDQqdf,The Birks of Invermay,8x32S__,The Birks of Envermay,Misc tunes,NA,NA,NA,publicdomain,0.0,0,0,9,1,1,0,116,680,5.862068965517241,False,2.9648028876062766,0.9323529411764706,0.9164562289562288
QmZD2hnxYkLyWJPKBY5pLzvUWWyYLL3wR19e6Gyqpdxa2s,The Birks of Invermay,8x32S__,The Birks of Envermay,Misc tunes,NA,NA,NA,publicdomain,0.0,0,0,0,1,1,0,138,890,6.449275362318841,False,2.909073348286514,0.946067415730337,0.904837570621469
QmWfbpdHGa71MyZdPXETcVXur1MWgTFh7jCY2hzNqSyAKH,The Birks of Invermay.,NA,The Birks of Envermay,Misc tunes,NA,NA,NA,publicdomain,0.0,0,0,4,1,1,0,36,222,6.166666666666667,False,2.6300459935691087,1.0,0.921875
QmQ7B7oNfJUe7vqeETr7oaoZGLhcuWEcWtA7soZU5bczwz,THE BIRKS OF INVERMAY/The Ury Water 3 2X,NA,The Birks of Envermay,Misc tunes,J. Scott Skinner,NA,NA,publicdomain,0.0,0,0,0,1,1,0,18,116,6.444444444444445,False,2.5019153854741947,1.0,0.8893229166666666
QmYSrQYfXctqiyZUQ247uhoZmsbrPhfGkBqQabTT8yRL7f,The Birmingham,NA,The Trip To Birmingham,Misc tunes,NA,NA,NA,publicdomain,0.0,0,0,0,1,1,0,24,198,8.25,False,2.700758284522673,1.0,0.9348958333333334
QmSHFpWyYR6BKVDCkeQyQbDrMGfdYSjnMNvgdzqNQyKSwa,The Birthday of the Little Doctor. Car(G).13,?,Birthday of the Little DoctorThe. Car.09,Misc tunes,NA,NA,NA,publicdomain,0.0,0,0,1,1,1,0,18,74,4.111111111111111,False,2.672945170297893,1.0,0.8958333333333334
QmQp718QyB6H7jZHCmQV3B5E6wEkUjeETR3XWCiqekLebY,The Birthday of the Little Doctor. Car(L).13,NA,The Birthday of the Little Doctor. Car(L).13,Misc tunes,NA,NA,NA,publicdomain,0.0,0,0,1,1,1,0,19,79,4.157894736842105,False,2.675971934620826,1.0,0.8958333333333334
QmXyWpZuKEyuM9s9DmeoPaEoM6UdL671aGv3FbrFgB3Wyq,The Bishop,to the tune of Miss Dollands Delight,The Bishop,Misc tunes,NA,NA,NA,publicdomain,0.0,0,0,2,1,1,0,32,104,3.25,False,2.749769348123335,0.9807692307692308,0.966796875
QmT4yiHHj7e48uPa6hFxwdiGTwT4WJNSZ7u4nRmb6d7oqf,The Bishop (Round Band),NA,The Bishop (Round Band),Misc tunes,Tune is Miss Dollard's Delight,NA,NA,publicdomain,0.0,0,0,2,1,1,0,32,108,3.375,False,2.774431312436611,0.9814814814814816,0.9720052083333334
QmS8JGShbk9upUiVDFytz6cCTaCNos8xthP5jnWJRGyTqt,The Bishop Of Bangor's,NA,Bishop of Bangor's Jig,Misc Traditional,NA,folk,NA,publicdomain,0.0,0,0,1,1,1,0,17,83,4.882352941176471,False,2.874532713256857,0.927710843373494,0.9444444444444444
Qmc41NaVjNNKo611DNaxghiCsG7Lspq8bfspj35Vh6rppa,The Black and the Grey,NA,Black and Grey,Misc tunes,NA,NA,NA,publicdomain,0.0,0,0,3,1,1,0,68,324,4.764705882352941,False,2.8264537279350885,0.9444444444444444,0.9518229166666666
QmZ5VNeG36r2K6oLAMTrqAFF97dABJZvDM4rrULAfM71sW,The Black and the Grey. Roose.0522,NA,Black and Grey,Misc tunes,NA,NA,NA,publicdomain,0.0,0,0,6,1,1,0,102,564,5.529411764705882,False,2.657929962424219,1.0,0.9227430555555556
Qmc2eu23LsCAxy86x7xUFvsWKw1UJbsnVKKB5t8afPKgn3,The Black and the Grey. SenH.026,NA,Black and Grey,Misc tunes,in Hand B (Humph. Senhouse)Ed. Stanley,NA,NA,publicdomain,0.0,0,0,2,1,1,0,206,1279,6.20873786407767,False,2.68382282738211,1.0,0.9664713541666666
QmTZr2KRgAF3yWVKhcHwd2kG5bjCAvXRgqggXqcTFv9TMy,The Black Bear Hornpipe as a March,NA,The Black Bear,Misc tunes,NA,NA,NA,publicdomain,0.0,0,1,20,1,1,0,45,272,6.044444444444444,False,2.6355111715702613,1.0,0.9027777777777778
QmRtMZis9NcyA8veqGoGHJLT42CgoTQtLcquU7ooxFKCSm,The Black Eyed Sailor (reel) 1475,NA,The Black Eyed Sailor,Misc tunes,after Mr.Tobin,NA,NA,publicdomain,0.0,0,0,3,1,1,0,17,123,7.235294117647059,False,2.714819206390805,1.0,0.9817708333333334
QmNr3xPvf71T2sgqLqqHvbuX8Ry1QAxxaJ4qas99foista,The Black Haired Lass (reel) 1326,NA,The Black Haired Lass,Misc Traditional,after Chief F. O'Neill,folk,NA,publicdomain,0.0,0,0,2,1,1,0,19,132,6.947368421052632,False,2.8203878400113167,0.9924242424242424,0.9817708333333334
Qme8hYUbNNPUbpxJjDvvHcCrRaxAbUxr4U3CQ5MsBqf9Uo,The Black Headed Darling (march) 1836,NA,The Black Headed Darling,Misc tunes,Unattributed,NA,NA,publicdomain,0.0,0,0,2,1,1,0,37,230,6.216216216216216,False,2.8336797612369145,0.9869565217391304,0.8941666666666667
QmUu3V3KybefrHVvCa92nJaEKTDbTqAe8ypBejaVtsdHq7,the Black Joke,NA,Black Joke,Misc tunes,NA,NA,NA,publicdomain,0.0,0,0,1,0,2,0-0,32,230,7.1875,False,2.5331003359217266,1.0,0.9461805555555556
QmX9Tkk6QTdAvmy7jhpigiCfkTJJJAtQPUWAwpqenyU8cG,The Black Joke,NA,Black Joke,Misc tunes,NA,NA,NA,publicdomain,0.0,0,0,1,1,1,0,18,85,4.722222222222222,False,2.441359688069011,1.0,0.9409722222222222
QmPx6ob9fLKo8YKP8Fk6sSuwK4KU5BPNtVfjhncPK3mv4V,the Black Joke(r),Black Jack,Black Joke,Misc tunes,NA,NA,NA,publicdomain,0.0,0,2,15,1,1,0,25,133,5.32,False,2.729058028879398,1.0,0.91796875
QmVMLrqqaVbpvkcSLUBtiWhGaU1m4u9vHjXzVJjEetp1MF,The Black Lettered List (air) 0214,NA,the Black Lettered List,Misc tunes,after Sg't. J. O'Neillanimated,NA,NA,publicdomain,0.0,0,0,8,1,1,0,18,96,5.333333333333333,False,2.6119546971817305,1.0,0.8732638888888888
QmXoivovhUgvyUdi4oHxSCf8yz5MNjadSPAkQbTk8aKMq3,The Black Mill,NA,The Black Mill (Am Muilean Dubh),Misc Traditional,NA,folk,NA,publicdomain,0.0,0,0,7,1,1,0,18,124,6.888888888888889,False,2.5537062730318034,1.0,0.9700520833333334
QmTw3Mj5ZLgWGKzLSdpLtxYQobdkUvSDN7b2ddNfiYBMrX,The Black Mountain,NA,Black Mountain Rag,Misc Traditional,NA,folk,NA,publicdomain,0.0,0,0,4,1,1,0,36,166,4.611111111111111,False,2.4567242374867257,1.0,0.9340277777777778
QmVaEoSeSQsy1KtXZUZ8ZvZ725hcQWmQs9nsBuCuhFjLUg,The Black Road,An Bothar Dubh,The Black Road,Misc tunes,NA,NA,NA,publicdomain,0.0,0,0,1,1,1,0,23,74,3.217391304347826,False,2.572746129731374,1.0,0.9222222222222224
Qma1kV8QtTFCfprSKmST17Hx4bw9NLptKgu9xvuAM19oDd,The black rogue,NA,The Black Rogue,Misc Traditional,anon.,folk,NA,publicdomain,0.0,0,0,1,1,1,0,27,142,5.25925925925926,False,2.5036271485619306,1.0,0.9652777777777778
QmTu6cSA7irfZJZ7QQDCEQEWuMhu5ERZx5i487rwSFnaKF,The Black Rogue,NA,The Black Rogue,Misc Traditional,NA,folk,NA,publicdomain,0.0,0,0,6,1,1,0,72,384,5.333333333333333,False,2.859145613947153,0.9351351351351352,0.9487847222222222
QmVoVQx6TccobVkQp1nCbgJhqcnYuumY9xGEju1vp3v63r,The Black Slender Boy,NA,The Black Slender Boy,Misc tunes,NA,NA,NA,publicdomain,0.0,0,0,1,1,1,0,17,123,7.235294117647059,False,2.558706254042621,0.975609756097561,0.8576388888888888
QmcXvkztvKEceYRzjchjL5kcP7J6ZhDNazgjGvivbjwUUu,The Black Slender Boy [First Setting],NA,The Black Slender Boy,Misc tunes,NA,NA,NA,publicdomain,0.0,0,0,2,1,1,0,17,133,7.823529411764706,False,2.668571304900478,0.9849624060150376,0.8315972222222222
Qmc1rQzrPmLHHCeo9eEeAdMZH6J26sRKtkuS4w6xNdiA9j,The Black Velvet Band,NA,The Black Velvet Band,Misc Traditional,NA,folk,NA,publicdomain,0.0,0,1,16,1,1,0,17,34,2.0,True,2.632812491062071,1.0,0.9565972222222222
QmRtjgeEbwobGVnKdqpYqsnsftHLv1m9v2nYZhW3dJDmKP,The Black Velvet Band,NA,The Black Velvet Band,Misc Traditional,NA,folk,NA,publicdomain,0.0,0,3,36,1,1,0,17,37,2.176470588235294,False,2.6635933143211785,1.0,0.9670138888888888
QmPjVxo2dqankES11Kee46s6Y3CZGFsbWdqJBGr5yZKqx7,The Black Velvet Waltz,NA,The Black Velvet Band,Misc Traditional,as played by Sidney Baglole P.E.I.,folk,NA,publicdomain,0.0,0,1,92,1,1,0,68,280,4.117647058823529,False,2.8014090866450285,0.9571428571428572,0.9348958333333334
QmTrxGsu3bYG8L5H4Zs1mhPtQCxNTvRrh6Wcq6o5XeNAsV,The Black Watch Polka,NA,The Black Watch,Misc tunes,Joe Buchanan's Scottish Tome - Page 478.0,NA,NA,publicdomain,0.0,0,0,36,1,1,0,176,847,4.8125,False,2.725461619198019,1.0,0.8880208333333334
QmPWvjAtan13ZQzv5fx6xzCDwDdKNy4ZNgChvYxy9wwFRJ,The Black Water Fall,NA,The Black Water Fall,Misc tunes,NA,NA,NA,publicdomain,0.0,0,0,1,1,1,0,31,226,7.290322580645161,False,2.619624476471168,1.0,0.9672619047619048
QmP7xHRr5QtUpX5kDDQ8yF6kLbSr93f4y8uU2Kq5rgtbuN,The Blackberry Blossom,NA,blackberry blossom,Misc Traditional,NA,folk,NA,publicdomain,0.0,0,0,4,1,1,0,18,104,5.777777777777778,False,2.4780464931010373,1.0,0.9453125
QmcQ2k3ZR88qU8BKmXzxzRhBYHozEFG9TBW7B5qMy6ixZv,The Blackberry Blossom (reel) 1295,NA,blackberry blossom,Misc Traditional,after Chief F. O'Neill,folk,NA,publicdomain,0.0,0,0,5,1,1,0,21,131,6.238095238095238,False,2.70127904762463,0.9694656488549618,0.9705882352941176
QmaPx4QCsUtCwDszKoF3jLAa4wacyiZ1g2xTGHCc3Cc24u,The Blackberry Quadrille,NA,Blackberry Quadrille,Misc tunes,NA,NA,NA,publicdomain,0.0,0,0,0,1,1,0,36,164,4.555555555555555,False,2.77658340153384,0.975609756097561,0.9019097222222222
QmXTcqaR42zDHBzkPbpyR1fv7rvYbSwACDPe7XP4rCmxiL,The Blackberry Quadrille,NA,Blackberry Quadrille,Misc tunes,NA,NA,NA,publicdomain,0.0,0,0,0,1,1,0,36,152,4.222222222222222,False,2.8702875324133856,0.9473684210526316,0.8967013888888888
QmVbo8W8Yx8NAZYUDhmbyPChtZdXgiuhwJy7YU4NfnaCmm,The Blackbird (1st Setting) (air) 0199,NA,The Blackbird,Misc tunes,after Sg't. J. O'Neillvery slow,NA,NA,publicdomain,0.0,0,0,5,1,1,0,18,134,7.444444444444445,False,2.708146189885732,1.0,0.8902777777777777
Qmf8eBkF7sifyc6PFbGhf9Rf4DEqt3h2TdRZbci38gS8bA,The Blackbird (2nd Setting) (air) 0200,NA,The Blackbird,Misc tunes,after Sg't. J. O'Neillslow.,NA,NA,publicdomain,0.0,0,0,4,1,1,0,35,126,3.6,False,2.731146192684576,0.984126984126984,0.925
QmUK5MuXUKqcurQRUY82wZhm7fMrmkuT4pvfDZLfa3uhsq,The Blackbird (longdance) 1793,NA,The Blackbird,Misc tunes,after Sg't. J. O'Neill,NA,NA,publicdomain,0.0,0,0,2,1,1,0,52,302,5.807692307692308,False,2.7506427210093696,0.9867549668874172,0.8949652777777778
QmcjKiFKxukyvRCSzbyAooePM9wCZ4cFLpRow56gRX9GG4,The Blackbird And The Hen (march) 1837,NA,The Blackbird And The Hen,Misc tunes,Unattributed,NA,NA,publicdomain,0.0,0,0,16,1,1,0,38,236,6.2105263157894735,False,2.6530443034009226,0.9830508474576272,0.9191666666666668
QmdehovTPL6nnEZhMdtVFW35e4ZCP33NEpjcihfvThr6v2,The Blackest Crow,NA,The Blackest Crow,Misc Traditional,NA,folk,NA,publicdomain,0.0,0,3,124,1,1,0,66,130,1.9696969696969693,False,2.3102950363310306,1.0,0.948581560283688
QmdCfKY63sLTbq9JFXvtFVG4ac2s2qnqhHeG9ghfkXzKK1,The Blacksmith,NA,The Merry Blacksmith,Misc tunes,NA,NA,NA,publicdomain,0.0,0,0,10,1,1,0,34,118,3.4705882352941178,True,2.5048100309219588,1.0,0.931640625
QmVdQtZ8qHsZTKcj4d5AgcmEkHhX2dvqqEjK6XvgZDW3hq,The Blacksmith,NA,The Merry Blacksmith,Misc tunes,NA,NA,NA,publicdomain,0.0,0,0,3,1,1,0,36,152,4.222222222222222,False,2.4782828467973568,1.0,0.9279513888888888
QmXqok98DenH9EQZ2FSyGBZsJLncwyMjtvMdhcGdMdo7fX,The Blacksmith,A Blacksmith Courted Me,The Merry Blacksmith,Misc tunes,NA,NA,NA,publicdomain,0.0,0,3,16,1,1,0,17,61,3.588235294117647,False,2.538509831799147,1.0,0.9283854166666666
QmdcUYBPmi3ybPhJpvU844FehuDW58wJbMYfcKp5W4EPGR,The Blacksmith o' Botriphnie,NA,The Blacksmith o' Botriphnie,Misc tunes,J. Scott Skinner (1843-1927),NA,NA,publicdomain,0.0,0,0,2,1,1,0,19,138,7.263157894736842,False,2.8351010301087443,0.9855072463768116,0.890625
QmbmxXXT3DaWHauynjM1Tk8eokQrz8PTZadRAFbnXqk4V3,The Blacksmith's,NA,The Merry Blacksmith,Misc tunes,NA,NA,NA,publicdomain,0.0,0,0,1,1,1,0,17,130,7.647058823529412,False,2.6385561260203505,0.9923076923076924,0.9752604166666666
QmQStavZFu1ycoJKeFmyQwoWHghfN5KUWRUi1qrcPYtQ2m,The Blacksmith's,NA,The Merry Blacksmith,Misc tunes,NA,NA,NA,publicdomain,0.0,0,0,1,1,1,0,98,756,7.714285714285714,False,2.72812783151187,0.9973544973544972,0.9555697278911564
QmZgT1yaqm3CtrxVCEKvZo5yDmtM9Ztdt3kF56vnVyJ3k8,The Blacksmith's,NA,The Merry Blacksmith,Misc tunes,NA,NA,NA,publicdomain,0.0,0,0,1,1,1,0,49,378,7.714285714285714,False,2.4029580963016346,0.9947089947089948,0.9570578231292516
QmTgu2BxM9365TaPvps2tujZCsRJNhaUr3FfWuCJEDKZpi,The Blacksmith's,NA,The Merry Blacksmith,Misc tunes,NA,NA,NA,publicdomain,0.0,0,0,1,1,1,0,24,176,7.333333333333333,False,2.313230852916889,1.0,0.9835069444444444
QmTfwgARYXXuwXC53GJUNeHAD8VTrjsnVW3s3jXvESdGdK,The Blacksmith's,NA,The Merry Blacksmith,Misc tunes,NA,NA,NA,publicdomain,0.0,0,0,1,1,1,0,74,526,7.108108108108108,False,2.876164116067508,0.973384030418251,0.9800112612612611
QmaiTMzBofokFpKYy6FBMFuyw4CUK63b7v9Afa23PPvLwC,The Blacksmith's Schottische,NA,The Merry Blacksmith,Misc tunes,NA,NA,NA,publicdomain,0.0,0,0,1,1,1,0,40,237,5.925,False,2.73800207581394,1.0,0.959375
QmXdL1SKgn4bpCUfU8yS8fg6jS7RBhCShcCXzG2C1KALzV,the Blacksmith.,NA,the Blacksmith.,Misc tunes,W. A. Mozart,NA,NA,publicdomain,0.0,0,0,3,1,1,0,13,58,4.461538461538462,True,2.2100733365750496,1.0,0.9526515151515152
QmfTvLPNqDLgcLoPnuJTCETsQdXRi2osnWrcro3ikjMqcx,The Blackthorn cane with a Thong,NA,The Blackthorn Cane with a Thong,Misc tunes,NA,NA,NA,publicdomain,0.0,0,0,1,1,1,0,9,57,6.333333333333333,False,2.380838581165936,1.0,0.912037037037037
QmPS12vwQngLLeC7gKtmxvbU6i8GUY9fhxZJ8ZSfD1HntC,The Blackthorn Stick,NA,The Blackthorn Stick,Misc Traditional,NA,folk,NA,publicdomain,0.0,0,0,1,1,1,0,36,195,5.416666666666667,False,2.4707222188470777,1.0,0.9765625
QmYuQ4655Vpo7SHLsRySA1XN9iiVwfouZXwFPCqbdZyPX2,The Blackthorn Stick,NA,The Blackthorn Stick,Misc Traditional,NA,folk,NA,publicdomain,0.0,0,0,3,1,1,0,16,89,5.5625,False,2.710183901865107,1.0,0.9545454545454546
QmUem5P8uZyvyeFXwqNbZ2EMaJJ5w2jbfqnYrB3pcjHSyp,the Blackthorn Stick,an Draigean Donnthe Coach Road to Sligothe Humors of BantryFire on the Mountains,The Blackthorn Stick,Misc Traditional,NA,folk,NA,publicdomain,0.0,0,0,4,1,1,0,36,184,5.111111111111111,False,2.3294990984184065,1.0,0.9809027777777778
QmRkNufGZ7zXy8SfNgqaQB2ub4DY3GU5hNYmCcLZJmHetZ,The Blackthorn Stick,NA,The Blackthorn Stick,Misc Traditional,NA,folk,NA,publicdomain,0.0,0,0,21,1,1,0,36,212,5.888888888888889,False,2.5234565412453875,1.0,0.9791666666666666
QmNSmSNSkRha1BaDCiJ9GyBSM7ydVnwbnX2mtQAwhMjEHY,The Blackthorn Stick,NA,The Blackthorn Stick,Misc Traditional,NA,folk,NA,publicdomain,0.0,0,0,2,1,1,0,36,246,6.833333333333333,False,2.6430525264398743,1.0,0.908203125
QmNPUD5hJvaDhXomR5fhHtcQc2izYVkigz3T7AkStJrMUp,The Blackthorn Stick (air) 0458,NA,The Blackthorn Stick,Misc Traditional,after Chief F. O'Neillplayfully,folk,NA,publicdomain,0.0,0,0,5,1,1,0,27,152,5.62962962962963,False,2.8220398354719567,0.9342105263157896,0.8784722222222222
Qmc7aQsQ49k2D2rnf791eQxVmHK3J78SVS8qRQgctr69Tm,The Blarney Pilgrim,NA,Blarney Pilgrim,Misc Traditional,NA,folk,NA,publicdomain,0.0,0,0,2,1,1,0,72,347,4.819444444444445,False,2.416794763404164,1.0,0.954009433962264
QmdbFMCyjihedH4UES39wZsVFY7T1A1gJiSm9vif4RLRZ2,The Blarney Pilgrim,NA,Blarney Pilgrim,Misc Traditional,NA,folk,NA,publicdomain,0.0,0,0,4,1,1,0,40,222,5.55,False,2.3564118041017093,1.0,0.9756944444444444
Qme6n6uhfrMfpYi6RZJcrdcXrNDTazkCjqh21SBtKcpxmR,The Blarney pilgrim,NA,Blarney Pilgrim,Misc Traditional,anon.,folk,NA,publicdomain,0.0,0,0,3,1,1,0,50,264,5.28,False,2.4504928945355693,1.0,0.9671052631578948
QmQVQ1XJjp28M7HBbpwprA4ENn63DqN1F5ZmUe8zofCFN6,The Blarney Pilgrim,NA,Blarney Pilgrim,Misc Traditional,NA,folk,NA,publicdomain,0.0,0,0,9,1,1,0,48,289,6.020833333333333,False,2.51311426621197,1.0,0.8872549019607843
QmTdQ5d3kZm7oriy2cH8s4GHXUzCHRZKWwHnt6n8BpS6sf,The Blarney Pilgrim,NA,Blarney Pilgrim,Misc Traditional,NA,folk,NA,publicdomain,0.0,0,0,4,1,1,0,48,234,4.875,False,2.556538515528788,1.0,0.9427083333333334
QmRoGx9CBZHgUudd7PcTwSd7mYJSfLYcGKSBEAc4oTwQed,The Blazing Turf Fire (jig) 0780,NA,The Blazing Turf Fire,Misc tunes,after Mr. Cronin.,NA,NA,publicdomain,0.0,0,0,2,1,1,0,38,206,5.421052631578948,False,2.705198550919767,0.9902912621359224,0.9616666666666668
QmR9rRkNJ9sCGRU38k6TxbiJsFVZQKCmdLrH4HvNV38iUs,The blessed Easter comes again - I. H. Meredith,NA,The blessed Easter comes again,I. H. Meredith,NA,classical,NA,publicdomain,0.0,0,0,7,1,1,0,26,405,15.576923076923077,False,2.8161767209834343,0.965432098765432,0.9878472222222222
Qmf4YABymNDSLSi5Tb7AMvFP3QBi63bf4drrgWV28So9ve,The blessed Lord he comes to seek - Chas. Bentley,NA,The blessed Lord he comes to seek,Chas. Bentley,NA,classical,NA,publicdomain,0.0,0,0,4,2,1,0,18,341,18.944444444444443,False,2.3835951241081124,1.0,0.9136904761904762
QmNbDg714TjYsgN1XFSmTvnUZBoTYUoRK5eN9PqSvTWDLm,The Blessed Name - Joseph Barnby,NA,The Blessed Name,Joseph Barnby,NA,classical,NA,publicdomain,0.0,0,0,4,1,1,0,20,228,11.4,False,2.836195005392609,0.9649122807017544,0.97265625
QmRiwjUoMD7m24QScNYRJD2W61XChxfPH6y6kCsswKvAUo,The blessed voice of Jesus calls today - Haldor Lillenas,NA,The blessed voice of Jesus calls today,Haldor Lillenas,NA,classical,NA,publicdomain,0.0,0,0,2,1,1,0,20,260,13.0,False,2.5095075500878963,0.9884615384615384,0.9453125
QmU9ipXj69V8LP1LYWu41orKpemv49ZpijcUDXUQdiNHBN,The Bleu Ribbon,NA,The Bleu Ribbon,Misc tunes,From Gow's Repository Part II ca. 1800,NA,NA,publicdomain,0.0,0,0,4,1,1,0,36,190,5.277777777777778,False,2.68602662328548,1.0,0.9381510416666666
Qma5xXZNNwsfud7p6CXD25KLodfiHiJWHY6r5hJHXhdYCa,The Blind Beggar of Bethnal Green,NA,The Blind Beggar of Bethnal Green,Misc tunes,NA,NA,NA,publicdomain,0.0,0,0,1,1,1,0,9,46,5.111111111111111,False,2.805049458868732,0.9565217391304348,0.9296875
QmQ91WsC1jMawLbqkdeVkA6cSDrPphAy3h4RhaYG3A3znf,The Blind Child's Prayer,NA,The Blind Child's Prayer,Misc tunes,NA,NA,NA,publicdomain,0.0,0,0,6,1,1,0,15,28,1.8666666666666667,False,2.354817976948422,1.0,0.9458333333333332
QmS9aai46QtG9tEyzoeSYtYcb7aSDR9NhH1thhz1E6bYBp,The Blind Man's Ramble. JJo108,Chips n'Shavinsaka. JJo108,The Blind Man's Ramble. JJo108,Misc tunes,NA,NA,NA,publicdomain,0.0,0,0,2,1,1,0,30,198,6.6,False,2.6608345993831897,1.0,0.921875
Qmch3btnMLwu6ndnyVqRLhrMpXQ5GEnFAWTva4uhhEM4AM,The Bloggers Call,NA,The Bloggers Call,Misc tunes,NA,NA,NA,publicdomain,0.0,0,0,1,1,1,0,32,224,7.0,False,2.4590282126546894,1.0,0.955078125
QmV3dGNHf9xzBebYab9sNfuaUqHqKLNUxF6kwUFYbsrWy7,The blood of Christ for sinners shed - H. E. Smith,NA,The blood of Christ for sinners shed,H. E. Smith,NA,classical,NA,publicdomain,0.0,0,0,5,1,1,0,19,205,10.789473684210526,False,2.4339988629327265,0.9951219512195122,0.9166666666666666
QmVPqwg9wq2CsgMRoy9ZfwS3u7fGR3KgctkHfGawYK82Sk,The blood of the Lamb covers every sin - R. E. Winsett,NA,The blood of the Lamb covers every sin,R. E. Winsett,NA,classical,NA,publicdomain,0.0,0,0,5,1,1,0,18,256,14.22222222222222,False,2.242362774149837,1.0,0.9479166666666666
Qmavr1w7SWAedjJoLRNFgsCdDaa3oFPn3PgjJjVSUjhi6p,The Blood-Red Rose (air) 0383,NA,The Blood-Red Rose,Misc tunes,after Sg't. J. O'Neillslow,NA,NA,publicdomain,0.0,0,0,1,1,1,0,18,107,5.944444444444445,False,2.535474645354133,0.9813084112149532,0.9114583333333334
QmbWoRLxAxi1ZoMieurcerGfNSD8MetdEcx5tSa2CuHDcx,The Bloody Fields Of Flanders,NA,The Bloody Fields Of Flanders,Misc tunes,NA,NA,NA,publicdomain,0.0,0,1,18,1,1,0,40,205,5.125,False,2.6021068698834267,1.0,0.8909722222222223
QmYKtsiLrHxZwraDBMs9w8Z9Zcu3W5wiD1VRSMCW5dZn2P,The Bloom of Youth (reel) 1215,NA,The Bloom Of Youth,Misc tunes,After Mr. Lawson,NA,NA,publicdomain,0.0,0,0,8,1,1,0,17,124,7.294117647058823,False,2.662517066293145,1.0,0.9557291666666666
QmQbtiKxYPjbkAZnQN8aP2tunGTzdF67wY1RHPor5XPMWm,The Blooming Meadows (1st Setting) (jig) 0917,NA,The Blooming Meadows,Misc tunes,after Chief F. O'Neill,NA,NA,publicdomain,0.0,0,0,1,1,1,0,38,184,4.842105263157895,False,2.658061757433853,1.0,0.9425505050505052
Qmf1TVdchFVoD1MxbZzq1piKfcyZufR3mvngsWcWjWCTcV,The Blooming Meadows (2nd Setting) (jig) 0918,NA,The Blooming Meadows,Misc tunes,after Sg't. J. O'Neill,NA,NA,publicdomain,0.0,0,0,5,1,1,0,56,264,4.714285714285714,False,2.749487315871985,1.0,0.9412037037037037
QmPFdot9Q4wpHJdpsB9djNcuBa6zAWijHphb9QrPPZ7az7,The Blooming Meadows -- Jig,NA,The Blooming Meadows,Misc tunes,NA,NA,NA,publicdomain,0.0,0,0,1,1,1,0,32,148,4.625,False,2.642620815041449,1.0,0.9375
QmdsJk5mAATnQc64ktzVk22bGtLZ8NtHr7uvbqvHS8asxn,The Blooming Meadows. 2nd Setting.,NA,The Blooming Meadows,Misc tunes,NA,NA,NA,publicdomain,0.0,0,0,2,1,1,0,86,381,4.430232558139535,False,2.704476253640046,1.0,0.929093567251462
QmQNmbqxdhCM8XTiqXTXgS8Kq3Swau7oBpEauEy1HWN2Hm,The Blue Bell,NA,The Blue Bells of Scotland,Misc Traditional,NA,folk,NA,publicdomain,0.0,0,0,2,1,1,0,20,175,8.75,False,2.690161692351096,1.0,0.9284722222222224
QmccNCqBMxmHjopNyKZK4w94mqmPD26Hdrp7N9fwWy28E7,The BLUE BELL OF SCOTLAND,NA,The Blue Bells of Scotland,Misc Traditional,NA,folk,NA,publicdomain,0.0,0,1,34,0,2,0-0,10,165,16.5,False,3.071131294773135,0.9272727272727272,0.8385416666666666
QmNq2rkfsS72i1cww1aRZtxSU272cmckfPMUSJSpkQ3jzC,the BLUE BELL OF SCOTLAND,NA,The Blue Bells of Scotland,Misc Traditional,NA,folk,NA,publicdomain,0.0,0,0,3,1,1,0,20,134,6.7,False,2.733011020649544,0.9850746268656716,0.91796875
QmdSZipBAoc4kKjunJv3iBq6YUfLARY9nAHq29oSEKg8gU,The Blue Bells of Scotland,NA,The Blue Bells of Scotland,Misc Traditional,NA,folk,NA,publicdomain,0.0,0,0,3,1,1,0,20,116,5.8,False,2.713307462139814,0.9827586206896552,0.9322916666666666
QmQYAF5Rczq7AsTN8d6rrsVuHtC8JDbWp1bSdnuUp2bKP7,The Blue Bells of Scotland. JJo.095,NA,The Blue Bells of Scotland,Misc Traditional,NA,folk,NA,publicdomain,0.0,0,0,4,1,1,0,14,41,2.9285714285714284,False,2.733455052448756,0.975609756097561,0.9545454545454546
QmU6P5BKWCyaiRe9HXandFHUrJ3GtCjCHEwymUZv9sKgnK,The Blue Bird - Charles Villiers Stanford,NA,The Blue Bird,Charles Villiers Stanford,NA,classical,NA,publicdomain,0.0,0,0,66,0,4,0-0-0-0,45,408,9.066666666666666,True,2.8762023528520424,0.9727047146401984,0.9545454545454546
QmXpqcWmKBQkbKgPd46frkgN52iMkUmrDeRj4rvnDCE2b9,The Blue Bonnets of Bonny Dundee,NA,Bonnie Dundee,Misc tunes,NA,NA,NA,publicdomain,0.0,0,0,4,1,1,0,36,182,5.055555555555555,False,2.6889106133307985,1.0,0.9036458333333334
QmSDCAE4ZHZsh3ZxbR9fcAV4VwJvQjB9YC5G762UwQEddz,The Blue Eyed Maid (air) 0450,NA,The Blue Eyed Maid,Misc tunes,Unattributedmoderate,NA,NA,publicdomain,0.0,0,0,10,1,1,0,10,54,5.4,False,2.3495112908314177,1.0,0.9140625
QmZQJ5uqr5DrNciXd1jR9fN4EPUUes5A7Ww8dumHgUW36D,The Blue Garters,na gairteini.de gorm.,The Blue Garters,Misc tunes,NA,NA,NA,publicdomain,0.0,0,0,5,1,1,0,19,129,6.789473684210527,False,2.613990646901386,1.0,0.92578125
QmVfKekLAnkHdzQqw9VhSaNXAWwu7rPh3KSSyytvuq7u8m,The Blue Garters (reel) 1514,NA,The Blue Garters,Misc tunes,after Mr. McFadden,NA,NA,publicdomain,0.0,0,0,2,1,1,0,21,137,6.523809523809524,False,2.637580665060752,1.0,0.9264705882352942
QmZcQXi8m1tCWGNERqveSHWzE3xc8885P3kJFb3V7UXJzP,The Blue Pantaloons,Pantalúin Ghorma Na,The Blue Pantaloons,Misc tunes,NA,NA,NA,publicdomain,0.0,0,0,1,1,1,0,16,110,6.875,False,2.302247508415741,1.0,0.9583333333333334
QmapVDVDkhGTHcGpDTrCNNGHTzqNGxqbsAeqLJXYxjenob,The Blue Riband,NA,Blue Riband,Misc tunes,NA,NA,NA,publicdomain,0.0,0,0,13,1,1,0,27,114,4.222222222222222,False,2.6919276833156287,0.9736842105263158,0.8583333333333334
QmWjXXTqtaJCK472uvPofodMYfJRVWvaDkztpXLNzCB4M6,The Blue Ribon. Alex50.31,Hot Punch. Alex50.31 The,The Blue Ribon. Alex50.31,Misc tunes,NA,NA,NA,publicdomain,0.0,0,1,3,1,1,0,36,304,8.444444444444445,False,2.7671571143264724,0.986842105263158,0.904296875
QmU8YbCQNawv8NrWZpkVCJQRig4L3ufwRPfXxcCHV37kPL,The Blue-Bell of Scotland,NA,The Blue Bells of Scotland,Misc Traditional,NA,folk,NA,publicdomain,0.0,0,0,1,1,1,0,10,62,6.2,False,2.8247607101575984,0.967741935483871,0.9077380952380952
QmPsRLnJutB3rdTxQM6ZWro4MbSSS4pbzVGxaTPN12X88z,THE BLUE-EYED STRANGER,NA,Blue Eyed Stranger,Misc Traditional,NA,folk,NA,publicdomain,0.0,0,0,1,1,1,0,28,134,4.785714285714286,False,2.730759239866537,1.0,0.9496527777777778
QmeSJC8FBxr7eDvsq5bwmyBQT3RxYL5KN8z4A9MmxqAeE6,The Blue-Eyed Stranger (Field Town),NA,Blue Eyed Stranger,Misc Traditional,NA,folk,NA,publicdomain,0.0,0,0,5,1,1,0,19,92,4.842105263157895,False,2.7438223595218347,1.0,0.95703125
QmYMQg6veQDMww7pHU63AGEou19mDGvBpohvYef9mgKX8G,The Blue-Eyed Stranger (Winster Stick),NA,Blue Eyed Stranger,Misc Traditional,NA,folk,NA,publicdomain,0.0,0,0,5,1,1,0,18,50,2.7777777777777777,False,2.63211256129571,1.0,0.9763888888888888
QmfZoB1T1se1qsa8EwtaAjpxgEJkNsC2JRpMj4EtCqPXmE,The Bluebells Are Blooming,NA,The Bluebells Are Blooming,Misc tunes,NA,NA,NA,publicdomain,0.0,0,0,10,1,1,0,48,273,5.6875,False,2.5857331985619085,1.0,0.953125
QmQRYQ2x51imA47NC95d4NJAq4DcQdt2HwU2SgW2RZmR1R,the BLYTHSOME BRIDAL,NA,Blythsome Bridal The (Old Scotch),Misc tunes,NA,NA,NA,publicdomain,0.0,0,0,2,1,1,0,10,71,7.1,True,2.4679868857932785,1.0,0.949074074074074
QmS2iqqb45SsH9Yy8EpnEGEcwz3kEjAXxdAHEF9ssEdFVR,The boar?s head in hand bring I,NA,The boar?s head in hand bring I,Misc Traditional,NA,folk,NA,publicdomain,0.0,0,0,8,0,4,0-0-0-0,13,275,21.15384615384616,True,2.6090324958155686,0.989071038251366,0.9409722222222222
QmeyqBghihW4ZN8nwZHTTwmwgE74JEFmV63bdz9BEkHdUv,The Boare Is Dead,NA,The Boare Is Dead,Misc Traditional,NA,folk,NA,publicdomain,0.0,0,0,1,0,2,0-0,17,212,12.470588235294118,True,2.7448018711702247,0.9952830188679244,0.9440104166666666
QmbMXdaoYAyPMYGvETVS6CLH1yUTSmgsJyi8LDfMKHChCS,The Boatie Rows. Le4.227,NA,the BOATIE ROWS,Misc tunes,NA,NA,NA,publicdomain,0.0,0,0,4,1,1,0,18,70,3.888888888888889,False,2.598547333398114,1.0,0.8809523809523809
QmRdUpc6JZe2iCT6RfUUf9bvvcbvTBGRkUqdkrAHxRXyM8,The Boatie Rows. WHL.[062],NA,the BOATIE ROWS,Misc tunes,NA,NA,NA,publicdomain,0.0,0,0,1,1,1,0,54,182,3.3703703703703702,False,2.532596464740362,1.0,0.9392361111111112
QmUREa7yqsSDx7RMjSws9XAYPga6D58DqWp8x3h2WhMv9C,The Boatman,Fir a bhàtd,The Boatman,Misc tunes,NA,NA,NA,publicdomain,0.0,0,0,3,1,1,0,8,39,4.875,False,2.4026269559572606,1.0,0.9131944444444444
QmUuQWbhvg76GQAvRDsumsevgkKHUi7Ua4Vi4rBJwCNJu1,the Bob o' Dowally,Salmond tail up the waterBainis choinichCarlin is your daughter ready?,the Bob o' Dowally,Misc tunes,NA,NA,NA,publicdomain,0.0,0,0,5,1,1,0,16,122,7.625,False,2.355422379110116,1.0,0.94921875
QmYGPQBvfPrBtNUpBwGC2qnEaWzyFPoDdBM3ztR7VcKnRT,The Bob of Dunblane,NA,Bob of Dunblane,Misc tunes,NA,NA,NA,publicdomain,0.0,0,0,2,1,1,0,10,48,4.8,False,2.73288533706896,0.9791666666666666,0.9131944444444444
QmYfiAk22sd2FCLm3qyPsr66hqfg8Le8hPTLqxhPzWevDZ,The Bob Wi' The One Horn,NA,The Bob Wi' The One Horn,Misc tunes,NA,NA,NA,publicdomain,0.0,0,0,1,1,1,0,16,136,8.5,False,2.520510243277055,0.9852941176470588,0.8722222222222222
QmR3YjZgaVvXMojDi8GXasEmXxn2aGXGc1Nu7uaPqfGPD1,The Bob Wi' Two Horns,NA,The Bob Wi' Two Horns,Misc tunes,NA,NA,NA,publicdomain,0.0,0,0,1,1,1,0,16,135,8.4375,False,2.551845445308861,0.9925925925925926,0.9453125
QmdQFqCqM5mviqjBP1N7bjrkdgojim9VL6MVBYCSSSoC4J,The Bog Blossom (air) 0074,NA,THE BOG BLOSSOM,Misc tunes,after Sg't. J. O'Neillgaily,NA,NA,publicdomain,0.0,0,0,2,1,1,0,18,118,6.555555555555555,False,2.6193602844720307,1.0,0.9427083333333334
QmRY437hzm8L8iPBmomRsmD1WmP5KbS8TjkLV5TkoYLsn8,The Bold Deserter (air) 0291,NA,The Bold Deserter,Misc tunes,after Mrs. Cantwellmoderate,NA,NA,publicdomain,0.0,0,0,4,1,1,0,18,86,4.777777777777778,False,2.353153262675104,1.0,0.9440104166666666
QmdG4iKZzyNrpfYeE78uNHp5jQmEbCVGe26Jf761RLjr7k,The Bold Deserter (longdance) 1791,NA,The Bold Deserter,Misc tunes,after Mrs. Cantwell,NA,NA,publicdomain,0.0,0,0,1,1,1,0,46,278,6.043478260869565,False,2.4924405556868816,1.0,0.8617424242424243
QmZKSP9B6w5hhcS9oygeyuKEMwLrGShvXWsdYXN3GBAohm,The Bold Dragoon - Crossing,NA,The Bold Dragoon - Crossing,Misc tunes,Taken down from a man on Dartmoor by W. Crossing 1878.,NA,NA,publicdomain,0.0,0,0,2,1,1,0,34,122,3.588235294117647,False,3.027854594705985,0.9344262295081968,0.9382716049382716
QmNvTXiGvb1HbpW6FDbfeYzhbWwJRtkwswBtjqt5ynuMBY,The Bold Fisherman Version 1 of 3,NA,The Bold Fisherman,Misc tunes,Sung by an inmate (aged about 80) Headington Workhouse Oxon. October 1906Transcribed by Simon Furey and Lewis Jones,NA,NA,publicdomain,0.0,0,0,6,1,1,0,45,167,3.7111111111111112,False,2.6361657015070006,1.0,0.9671296296296296
QmYFdFyDpVku9KNwwnuv6grRiwJythswSfH5cyQU3K2BDT,The Bold Soldier Boy (air) 0079,NA,The Bold Soldier Boy,Misc tunes,after Cap't. F. O'Neillmoderate,NA,NA,publicdomain,0.0,0,0,9,1,1,0,35,108,3.085714285714286,False,2.5019156644298595,1.0,0.9544270833333334
QmSAeJuhPWirhSLEXMV75vGb9VPPayfomutmA7foUyuo23,The Bonanza Two Step,NA,The Bonanza Two Step,Misc tunes,Joe Buchanan's Scottish Tome - Page 468.0,NA,NA,publicdomain,0.0,0,0,6,1,1,0,85,392,4.6117647058823525,False,3.1156770518645884,0.9081632653061223,0.9431497175141244
QmadyJAhhWBWX7Mp6zrmdFhDozjePjkzao77nrT7UrE86M,The Bonnet makers of Dundee,NA,Bonnet Makers of DundeeThe. JMP.019,Misc tunes,NA,NA,NA,publicdomain,0.0,0,0,0,0,2,0-0,16,192,12.0,False,2.159752264840918,1.0,0.9361979166666666
QmbujSi9Zrm85ov9PvXPpcnyGanZQ4Dg2HeNKAqSFv3Hff,The Bonnets of Bonnie Dundee,Bonnie Dundee [2],Bonnie Dundee,Misc tunes,NA,NA,NA,publicdomain,0.0,0,0,0,1,1,0,17,92,5.411764705882353,False,2.4929891609518173,1.0,0.9288194444444444
QmS21cAMnMjtTcSLBRRn6rYcW2ZcfjdYMzugyy9MkSmddu,The Bonnie Ann 2,NA,Bonnie Annie,Misc tunes,Joe Buchanan's Scottish Tome - Page 514.1,NA,NA,publicdomain,0.0,0,0,3,1,1,0,26,99,3.807692307692308,False,2.688201750098343,1.0,0.9230072463768116
QmT8toPdftvDmHT24EKH26rhRfVrHKZ9vvuw9Z3yX2g7Tw,The Bonnie Auld Music Lesson,NA,The Bonnie Auld Music Lesson,Misc tunes,NA,NA,NA,publicdomain,0.0,0,0,3,1,1,0,58,283,4.879310344827586,False,2.7030503602971807,1.0,0.940406976744186
QmNvnxyJ6A8XogPAR9fxCPz3d3sUYpPRCKP6XWfm9i7Pwk,The Bonnie Blue Flag,NA,the bonnie blue flag,Harry McCarthy,Harry Macarthey,classical,civilwar-bonnyblueflag-allonsallons-theirishvolunteers,cc-zero,4.71,4,17,1856,1,1,0,72,820,11.38888888888889,False,2.587263889048008,1.0,0.9246323529411764
Qme3JsHw2SpG9QSNGqbbZ1PcYytLXUcb6mdKxs3DK89Bnr,The Bonnie Blue Flag +,NA,The Bonnie Blue Flag,Misc tunes,NA,NA,NA,publicdomain,0.0,0,0,70,1,1,0,36,116,3.2222222222222223,False,2.631003257039372,1.0,0.8888888888888888
QmZwsL8RtNvQD4byzSbrS2NU7jPECi7NXrgC5Ca8FaDcEQ,The Bonnie Boy (reel) 1438,NA,The bonnie boy,Misc tunes,after Sg't. J. O'Neill,NA,NA,publicdomain,0.0,0,0,2,1,1,0,18,133,7.388888888888889,False,2.765580027184318,0.9924812030075189,0.9544270833333334
QmU92mvkCp3NhEDm4Y5bqoYvEmBSE7RpMvmdyMjAgC1uvD,The Bonnie Brier Bush,NA,The BONNIE BRIER-BUSH,Misc tunes,NA,NA,NA,publicdomain,0.0,0,0,1,1,1,0,10,58,5.8,False,2.465568976935509,1.0,0.8720238095238095
QmdZHXdfo14eDY2HPCF23JcE3qEaqbAZcK1D6wozxu9ieW,The Bonnie hawthorn that blooms in the vale,Hawthorn that blooms in the vale [2],The BONNIE HAWTHORN THAT BLOOMS IN THE VALE,Misc tunes,NA,NA,NA,publicdomain,0.0,0,0,5,1,1,0,13,90,6.923076923076923,False,2.64071245216185,1.0,0.9431818181818182
QmU47sZLki2am4zziz21FshTg2kDt5eqPppZ8rB2JDB6Da,The Bonnie Lass O' Bonaccord Variation majore,NA,The Bonnie Lass O' Bonaccord Variation majore,Misc tunes,J. Scott Skinner,NA,NA,publicdomain,0.0,0,0,2,1,1,0,32,221,6.90625,False,2.7338891853436,0.9819004524886876,0.9422043010752688
QmNNjv15mw4SqPDFoBkCG1L2KrGYQcoe2TaQ27yp7pcm1Y,The Bonnie Thackit Hoosie,NA,The Bonnie Thackit Hoosie,Misc tunes,J. Scott Skinner (1843-1927),NA,NA,publicdomain,0.0,0,0,2,1,1,0,14,87,6.214285714285714,False,2.9119601635377546,0.9655172413793104,0.9513888888888888
QmSsaQMYpzpu7GfM4XDyFQBTEENc884QbYdGsEvvjtx3oP,The Bonniest Wife this side of Lord Reay's Country,'S ann agam tha bheanag is Maisiche S\uil,The Bonniest Wife this side of Lord Reay's Country,Misc tunes,NA,NA,NA,publicdomain,0.0,0,0,4,1,1,0,35,181,5.171428571428572,False,2.4568404631144283,1.0,0.9239130434782608
QmP14Gu4sPviHF6TST3jY5sjiSLNHaCZfYe2QG5BqTAufE,The Bonny Banks of Clyde,NA,The Banks of Clyde,Misc tunes,NA,NA,NA,publicdomain,0.0,0,0,4,1,1,0,16,122,7.625,False,2.618791780167743,1.0,0.9583333333333334
QmYQgbqweH1YjhtptFRShmgB12GP1UUnT6dUVrGykTYK8p,The Bonny Blue Handkerchief,NA,The Bonny Blue Handkerchief,Misc tunes,NA,NA,NA,publicdomain,0.0,0,0,3,1,1,0,9,33,3.6666666666666665,True,2.711251135731455,1.0,0.9083333333333332
QmZwce1dYoUZ9NiQX4bSF8V22m5wpcXw7a9sJJkewD1oBF,The Bonny Boat Man. JJo2.043,NA,the Bonny Boat Man,Misc tunes,NA,NA,NA,publicdomain,0.0,0,0,2,1,1,0,36,210,5.833333333333333,False,2.744107868683153,1.0,0.9296875
QmRXVyyZVUE5SXT4LecetjQkYVVatHerZazFYRtWaw4dYn,the Bonny Bonny Broome,the Broom of the Cowdenknows,BROOME THE BONNY BONNY BROOME,Misc tunes,NA,NA,NA,publicdomain,0.0,0,0,3,1,1,0,18,74,4.111111111111111,False,2.6189541377380228,1.0,0.9440104166666666
QmUBScS5AD774HPXRcYABPYEEur5XSvVa3783amS8qPYZW,The Bonny Breastknots (Sussex),NA,The Bonny Breastknots (Sussex),Misc tunes,NA,NA,NA,publicdomain,0.0,0,0,1,1,1,0,32,152,4.75,False,2.6557509319812223,1.0,0.9446614583333334
QmdNsgTfSggFS9RGcHwpSoYkDyWqUqB31gZMfvK39dPNTs,The Bonny Broom,NA,BROOME THE BONNY BONNY BROOME,Misc tunes,NA,NA,NA,publicdomain,0.0,0,0,5,1,1,0,32,252,7.875,False,2.566941785493091,0.9761904761904762,0.9029947916666666
QmbyaimzP4amUq1cDoUdw4hAMMfmXbdRiaV5XuB9ewEVri,The Bonny Bush aboon Traquair. SenH.058,NA,The BUSH ABOON TRAQUAIR,Misc tunes,in Hand B (Humph. Senhouse),NA,NA,publicdomain,0.0,0,0,7,1,1,0,14,69,4.928571428571429,False,2.702985260545075,1.0,0.9270833333333334
Qmb8y68WBkDEufm6N3GgCsSz7b6YisTCLbtjnmWnPyCrjD,The Bonny Cuckoo,NA,The Bonny Cuckoo,Misc tunes,O'Carolan,NA,NA,publicdomain,0.0,0,0,13,1,1,0,34,86,2.5294117647058822,False,2.462204217899652,1.0,0.9322916666666666
QmSCErrJ89LA2nm3FCtHfURvur3P3YREVb4i6TP9neVZR5,The Bonny Cuckoo,Si beag si mhor,The Bonny Cuckoo,Misc tunes,Dance: Gail TicknorMusic: Carolan,NA,NA,publicdomain,0.0,0,0,11,1,1,0,36,90,2.5,False,2.4925609653114043,1.0,0.9270833333333334
QmQhvXDjVcUVd3DpbxnVoybVuA3e1r8nXF5Vj8tjaGw4nv,The Bonny Green of Glasgow,NA,Bonny Green Garters,Misc Traditional,NA,folk,NA,publicdomain,0.0,0,0,1,1,1,0,28,198,7.071428571428571,False,2.8586248018275207,0.9797979797979798,0.9565972222222222
QmS6k4KQVs81CYjZ498znhRc2fuLWxNDSGvSuGW1mQAHr9,The Bonny Grey-Ey'd Morn. WCD3/1.167,NA,The Bonny grey-ey'd Morn,Misc tunes,NA,NA,NA,publicdomain,0.0,0,0,5,1,1,0,18,102,5.666666666666667,False,2.8634104233530544,0.9803921568627452,0.97265625
QmaQ48G3Co8aR8taV9pjyPLx3XwrZyCny1Z7nTnBRkn4Pe,The Bonny Labouring Boy,NA,Bonny Labouring Boy,Misc tunes,NA,NA,NA,publicdomain,0.0,0,0,3,1,1,0,33,82,2.484848484848485,False,2.696768360498943,0.975609756097561,0.9288194444444444
QmQya78gk2jxeAcR34hPEvWDNSNM6iECoTmV712yaUQsjr,the Bonny Lass,Under the Water,The Bonny Lass,Misc tunes,NA,NA,NA,publicdomain,0.0,0,0,2,0,2,0-0,16,168,10.5,False,2.571527666938364,1.0,0.9479166666666666
QmWJYqku1oEyigxhQYoe7BKDXFkLo3x5WToGaqqXR5wQAx,The Bonny Lass of Livingston. HSJJ.034,Highland Laddieaka. HSJJ.034Cockleshellsaka. HSJJ.034,The Bonny Lass of Livingston,Misc tunes,NA,NA,NA,publicdomain,0.0,0,0,2,1,1,0,18,97,5.388888888888889,False,2.361988967068845,1.0,0.9466145833333334
QmawAhnh9QmYz9XbHFAzP8fe6xy7qSJ69X8eSca1QNwnBx,The Bonny Light Horseman,Broken-Hearted I'll Wander,The Bonny Light Horseman,Misc tunes,NA,NA,NA,publicdomain,0.0,0,0,69,1,1,0,30,102,3.4,False,2.222075252939695,1.0,0.9166666666666666
QmRSz5eYJUwoBdFUMn6Yiy1LAbcL1TS2JwUjDwxfsWJUaX,The BONNY TOUN O' KENMORE,NA,The Bonny Toun o' Kenmore,Misc tunes,NA,NA,NA,publicdomain,0.0,0,0,0,1,1,0,20,126,6.3,False,2.5203516427128405,1.0,0.8619791666666666
QmR8eceRDo9U9uoLv95GY8rGy1HKAJ8dHLTrQJqHtCoExx,the Bonny wi thing,NA,The Bonny wi thing,Misc tunes,NA,NA,NA,publicdomain,0.0,0,0,0,0,2,0-0,24,194,8.083333333333334,False,2.616215790676111,1.0,0.949074074074074
QmbdZFyqvWDxh5YuqsCn7B5Skfj8nvdB4Lgdt6WviobhsZ,The Boogie,NA,boogie on three,Misc Traditional,NA,folk,NA,publicdomain,0.0,0,0,1,1,1,0,40,271,6.775,False,2.687331163585213,0.988929889298893,0.9528508771929824
QmabzoWtmRY2dfb2iaLUqGY4LiNWC9aGkmudxiTXXTNV2N,The Boogie,NA,boogie on three,Misc Traditional,NA,folk,NA,publicdomain,0.0,0,0,6,1,1,0,36,286,7.944444444444445,False,2.7576941009076408,0.986013986013986,0.8763020833333334
QmVjY4vHWD4qVWYQvUCigmeqjT6CS7Eayrcb8nSjXMsx1A,The Book of Rights (jig) 0783,NA,Book Of Rights,Misc tunes,after Mr. Cronin,NA,NA,publicdomain,0.0,0,0,1,1,1,0,38,190,5.0,False,2.580046726866378,0.9894736842105264,0.9783333333333332
QmYzJFxEZr6K5dGRgK9Z6Zb5uDrX2XZCbFCMZ4gY6jmGW8,The Boozehound,NA,The Boozehound,Misc tunes,NA,NA,NA,publicdomain,0.0,0,0,0,1,1,0,4,13,3.25,False,2.133937566094917,0.8461538461538461,0.9444444444444444
QmPrFTj5HGdmzCLCmpPoTAdGRYrrjftQGXxegpgu44eQtD,The Borys Hede That We Bryng Here - Attributed to Richard Smert Devonshire circa 15th Century.,NA,The Borys Hede That We Bryng Here,Attributed to Richard Smert Devonshire circa 15th Century.,NA,classical,NA,publicdomain,0.0,0,0,11,0,2,0-0,25,133,5.32,True,2.6754273477870965,1.0,0.956644144144144
QmZVFruEQjfKoXd22mUus1S6n9tksUdFTdwKvR9A7ubWWd,The Boston Boys' Reel,NA,Boston Boy,Misc tunes,NA,NA,NA,publicdomain,0.0,0,0,2,1,1,0,32,242,7.5625,False,2.256886138537377,1.0,0.9778645833333334
QmeENcPHMQbe5qcG9i8samHjbyDpMASCgdTKi2RQ4cZA7N,THE BOTTLE BANK,NA,The Bottle Bank,Misc tunes,Composed by James Hill NewcastleArranged by W. B. Laybourn,NA,NA,publicdomain,0.0,0,0,2,1,1,0,38,256,6.7368421052631575,False,2.824885740224638,0.9765625,0.94921875
QmazivQKKnGA6uZPFwU9D6G3x5XDMY2D84eQyWn5vywg31,The Bottle of Porter (reel) 1336,NA,The Bottle of Porter,Misc tunes,after Mrs. Cantwell,NA,NA,publicdomain,0.0,0,0,3,1,1,0,21,136,6.476190476190476,False,2.727660587103016,1.0,0.9730392156862744
Qmd8kJR7Vb4iwfo3s9tY8b6G2TeiadQwM4799Pvuf1QEXD,The Bouncing Boy (reel) 1506,NA,The Bouncing Boy,Misc tunes,after Mr. O'Reilly,NA,NA,publicdomain,0.0,0,0,1,1,1,0,19,115,6.052631578947368,False,2.749686023153356,1.0,0.9283854166666666
QmZdHQ6mkrQY5nTYZMGAdaW8KfzSRMj3xXWZCL8yGtH31t,The Bounding Roe,NA,The Bounding Roe,Misc tunes,NA,NA,NA,publicdomain,0.0,0,0,1,1,1,0,72,372,5.166666666666667,False,2.838555262246905,0.9623655913978496,0.9596354166666666
QmUKzW3U7JHmKP9SwD3KsaTqopFH2hvrKMWCmjUyDvYVzF,The Bowlegged Tailor,NA,Bowlegged Tailor The (A45),Misc tunes,NA,NA,NA,publicdomain,0.0,0,0,5,1,1,0,45,234,5.2,False,2.653243391897014,1.0,0.9819444444444444
QmPVHtmsP26oJedtaahZ5oJcPsrzVCq4wQQXicjhd1iXJ8,THE BOY FROM THE TOP OF THE WORLD,Buacaillua uachdar an domhain,The Boy from the Top of the World,Misc tunes,NA,NA,NA,publicdomain,0.0,0,0,3,1,1,0,35,140,4.0,False,2.798857681360565,0.9642857142857144,0.9114583333333334
QmSExJ9ChqKDY1mEuovVkHSDBf9ajNVpK1qtNCPdjUJgJd,The Boy from the Top of the World,NA,The Boy from the Top of the World,Misc tunes,NA,NA,NA,publicdomain,0.0,0,0,8,1,1,0,34,140,4.117647058823529,False,2.805135324040668,0.9642857142857144,0.9094202898550724
Qmdi2cM6nMTrR1yeMWbYL2oUoycc79ARsc4PrjDeYHW7Bt,The Boy From The Top Of The World (air) 0345,NA,The Boy from the Top of the World,Misc tunes,after Chief F. O'Neillslow,NA,NA,publicdomain,0.0,0,0,3,1,1,0,34,140,4.117647058823529,False,2.798857681360565,0.9642857142857144,0.9123263888888888
QmS5tfFkc7AgppRmgFd9a25vAtWhUzyXsis4Y7hLYDaXJQ,The Boy in the Bush,NA,The Boy in the Bush,Misc tunes,NA,NA,NA,publicdomain,0.0,0,0,8,1,1,0,40,312,7.8,False,2.708658946656592,0.9807692307692308,0.9523148148148148
QmTupdWdKpaG3rkcG1utNoDUd1FrenegYqD8uHCs5fiNMS,The Boy in the Gap,Boy in the Gaf The,The Boy In The Gap,Misc tunes,NA,NA,NA,publicdomain,0.0,0,1,28,1,1,0,80,550,6.875,False,2.6240514883696164,1.0,0.9619791666666668
QmUnTs22MDY9DiystqnM5QzjagAEa6xoYqxdfC5dtP84Qz,The Boy in the Gap. Roose.0644,NA,The Boy In The Gap,Misc tunes,NA,NA,NA,publicdomain,0.0,0,0,3,1,1,0,32,222,6.9375,False,2.459062899192463,1.0,0.9615885416666666
Qmcgm1k11DB3jujPS9tmhRQ58tydRe2M9BSp5cWwznKZMw,The Boy Of My Heart (air) 0261,NA,The Boy of My Heart,Misc tunes,after Sg't. J. O'NeillGaily,NA,NA,publicdomain,0.0,0,0,3,1,1,0,18,85,4.722222222222222,False,2.634618827974867,1.0,0.9097222222222222
QmQg6vn6rSEPhZDU5MFrQZk1wsUZd5ZSL58qm7RPm4c9H1,The Boy's Lament for his Dragon,The 72nd's Farewell to Aberdeen,The Boy's Lament for his Dragon,Misc tunes,NA,NA,NA,publicdomain,0.0,0,0,7,1,1,0,32,152,4.75,False,2.810444056450756,0.9736842105263158,0.9205729166666666
QmSJWoCBNsQQ7CwEZhYFVCrcQJHkkHAd8kcCHFrx6vuXeT,The Boyan Water. Le4.257,Boyne Wateraka. Le4.257Idbury Hillaka. Le4.257,The Boyan Water. Le4.257,Misc tunes,NA,NA,NA,publicdomain,0.0,0,0,2,1,1,0,43,227,5.27906976744186,False,2.8150909225387446,0.973568281938326,0.9484375
QmWdNuTbkAtd6HRDk2qXG4Zio8ZGqLzBaeZyQDhwpccALe,The Boyne Water (air) 0260,NA,The Boyne Water,Misc tunes,after Chief F. O'Neillmoderate,NA,NA,publicdomain,0.0,0,0,4,1,1,0,18,96,5.333333333333333,False,2.923873259970915,0.9270833333333334,0.9427083333333334
QmRWH1QpeiSSndYprh4sLYjRVU9mUgwEn4r3RB3Pv2bNxQ,The Boys From Mullingar (air) 0589,NA,The Boys from Mullingar,Misc tunes,after Sg't. J. O'Neillspirited,NA,NA,publicdomain,0.0,0,0,6,1,1,0,27,114,4.222222222222222,False,2.707034846469533,0.956140350877193,0.9109848484848484
QmNcguU8Nf9xeFuKdjn1NzsjoqS9p9uKSu41xjJJa8L9JF,The Boys From Mullingar.,na buacailli.de as .muileann-cearr.,The Boys from Mullingar,Misc tunes,NA,NA,NA,publicdomain,0.0,0,0,4,1,1,0,26,109,4.1923076923076925,False,2.628788409294014,0.963302752293578,0.9131944444444444
QmcdWtfXDRgNfT7rXyAJSXXVbeKXBGiH2GDWUhKAhW3nsC,The Boys From Scart (hornpipe) 1574,NA,The boys from Scart,Misc tunes,after Chief F. O'Neill,NA,NA,publicdomain,0.0,0,0,4,1,1,0,38,272,7.157894736842105,False,2.668061536814532,1.0,0.9356060606060606
QmZ6EzRH3sbzwDuLN4Vd3md7EacMV9UJmeMeGVdmsq5xoV,The Boys from the East,NA,The Boys from the East,Misc tunes,NA,NA,NA,publicdomain,0.0,0,0,3,1,1,0,36,246,6.833333333333333,False,2.737400929988324,0.983739837398374,0.9231770833333334
QmVhv2RbEc3NETJ7hRSsgWsUh9RDikVcUyZdj5v9e3Z72q,The Boys From The East (hornpipe) 1664,NA,The Boys from the East,Misc tunes,after John Martin Brennan (My Gran-da!),NA,NA,publicdomain,0.0,0,0,5,1,1,0,38,254,6.684210526315789,False,2.776392051760811,0.9763779527559056,0.9154411764705882
QmZYp9k8HkwjUNCVDVcuRDZxm1mmfYvZVS7k7fvdC4qNu3,The Boys From Wexford,Boys Of Ireland TheBoys Of Wexford TheFlight Of The EarlsIn Comes The Captain's DaughterMarch For The Boys From Wexford,The Boys From Wexford,Misc tunes,NA,NA,NA,publicdomain,0.0,0,0,4,1,1,0,17,71,4.176470588235294,False,2.7014688851209794,1.0,0.9361979166666666
QmNnjKR7GdXnopguAhLXaE8QSbdGYgyMBiHqJukj5zMHhw,The Boys in the Gap (air) 0157,NA,The Boys in the Gap,Misc tunes,after Chief F. O'Neillwith spirit,NA,NA,publicdomain,0.0,0,0,5,1,1,0,18,88,4.888888888888889,False,2.854524468560424,0.9545454545454546,0.8940972222222222
QmcWYnZ4XWTuW11tWSYgA5aAisqfPiS5QR3NpZWZtBsyog,The Boys of Ballinamore (jig) 0937,NA,The Boys Of Ballinamore,Misc tunes,after Mr. West,NA,NA,publicdomain,0.0,0,0,4,1,1,0,28,146,5.214285714285714,False,2.838929647422896,0.9863013698630136,0.9548611111111112
QmSjQGPrHqVPTvjZeNNFL8zKaUqtPvq94PXUvDhg5yRcta,The Boys of Ballinamore.,NA,The Boys Of Ballinamore,Misc tunes,NA,NA,NA,publicdomain,0.0,0,0,1,1,1,0,19,95,5.0,False,2.738041012254309,1.0,0.9548611111111112
QmTrBZv9CkT3ka8S5SWeamt6L8GsG8zxKhbe6dZT2vVVq2,The Boys of Ballinchalla (reel) 1227,NA,The boys of Ballinchalla,Misc tunes,after Mr. Dunlap,NA,NA,publicdomain,0.0,0,0,2,1,1,0,37,269,7.27027027027027,False,2.678320641954347,0.9851301115241636,0.9741161616161615
QmWmEtUdpvdq9jsc1BZCJ1w7L7xz6re9p9fkdU3sv1jG1D,The Boys Of Ballysimon,NA,The boys of Ballysimon,Misc tunes,NA,NA,NA,publicdomain,0.0,0,0,1,1,1,0,126,828,6.571428571428571,False,2.751294477798045,1.0,0.9739583333333334
QmPKZiMaNrn31LbdVvn5XH2W5gx3WpuREvMUN6McLWyBth,The Boys of Ballysimon (hornpipe) 1594,NA,The boys of Ballysimon,Misc tunes,Unattributed,NA,NA,publicdomain,0.0,0,0,2,1,1,0,74,488,6.594594594594595,False,2.775011992736548,0.9959016393442623,0.967948717948718
QmbLiumSCp2kY4D318SiE2LZpAfssY339JZWkm5a7ivg7U,the Boys of Bluehill,the Beaux of Oak Hill,the boys of bluehill,Misc Traditional,NA,folk,NA,publicdomain,0.0,0,0,3,1,1,0,18,115,6.388888888888889,False,2.538620207752826,1.0,0.96875
QmbGpmexnBTeXVEdpHyteZCVgZg852a738PEPXsPV2zy32,The Boys Of Bluehill,Beaux Of Oak HillBeaux Of Oak Hill TheBeaux Of OakhillBeaux Of Oakhill TheBoys From The Blue Hill TheBoys Of Blue Hill TheBoys Of BluehillBoys Of The Blue HillLad Of Bluehill TheLads Of North Tyne The,the boys of bluehill,Misc Traditional,NA,folk,NA,publicdomain,0.0,0,0,7,1,1,0,85,520,6.117647058823529,False,2.6263218895232106,1.0,0.9520285087719298
QmWJEF9PKuViJH2JcThNuy7h3KYp3NVTByPVt3BQ7WgMWK,The boys of Bluehill,NA,the boys of bluehill,Misc Traditional,anon.,folk,NA,publicdomain,0.0,0,0,6,1,1,0,27,174,6.444444444444445,False,2.5526029034018287,1.0,0.9513888888888888
QmWLRmKLGE3HAEx5qp8RH4Dc2msPHAX2VdBkwDorGWgjdn,The Boys of Carrigallen (air) 0210,NA,the Boys of Carrigallen,Misc tunes,after Sg't. J. O'Neillcheerfully,NA,NA,publicdomain,0.0,0,0,1,1,1,0,36,166,4.611111111111111,False,2.8324388069028745,0.963855421686747,0.9010416666666666
QmNyyU1rACAhz3CsX1XLFt2gyaYu3WGwFpm2D9JAULvQ1u,The Boys Of Glanlough (air) 0356,NA,The Boys of Glanlough,Misc tunes,after Chief F. O'Neillspirited,NA,NA,publicdomain,0.0,0,0,2,1,1,0,18,126,7.0,False,2.6988777275103715,0.984126984126984,0.9263888888888888
QmXNyaJopPt6aaLmvt5W41XoHvffuUBwMbf6EoQor3QKMN,The Boys of Portaferry (reel 1249,NA,The Boys Of Portaferry,Misc tunes,after Mr. O'Reilly,NA,NA,publicdomain,0.0,0,0,2,1,1,0,29,180,6.206896551724138,False,2.5556882379432664,1.0,0.9775
QmXPAyxspD9jTzQmGLcy4NkYVGZvsHVya69LqphUtrtP55,The Boys of the Lough,NA,The Boys Of The Lough,Misc tunes,NA,NA,NA,publicdomain,0.0,0,0,13,1,1,0,97,814,8.391752577319588,False,2.48708814188392,1.0,0.9073350694444444
QmTJvjXhgEQanE4agKTeNGr3MzNXXYbTWpMahFbTiSrxum,The Boys Of The Town,NA,The Boys Of The Town,Misc tunes,NA,NA,NA,publicdomain,0.0,0,0,0,1,1,0,4,19,4.75,False,2.478999067420596,1.0,0.9097222222222222
QmbndLo6Kz1A8iXgexqVb6Gk96xgK5wftyuZjhXWuJUnvo,The Boys Of Wexford (air) 0081,NA,the boys of wexford,Misc Traditional,Unattributedspirited,folk,NA,publicdomain,0.0,0,0,5,1,1,0,17,69,4.0588235294117645,False,2.7396344923334848,1.0,0.9305555555555556
QmZm4Fvb6KaFUnguYJ4p58WTrj6aQjTJYkQKvZBz9UHcYt,the Braemar gathering,NA,The Braemar Gathering March,Misc tunes,P.M. G.S. McLennan,NA,NA,publicdomain,0.0,0,0,2,1,1,0,72,334,4.638888888888889,False,2.406241674831632,1.0,0.8216145833333334
QmNft7rP4WPXDtHgkUe8WZuSzMiPpBYyjSKkJJvRoxPu3h,The Braemar Gathering,NA,The Braemar Gathering March,Misc tunes,P.M. George S. MacLennan,NA,NA,publicdomain,0.0,0,0,4,1,1,0,72,334,4.638888888888889,False,2.4073402476108328,1.0,0.8268229166666666
QmTtgJYYkXA9UfwkvK4oPjfBwFWGdCiSCUNN9kszGWJy1D,The Braes Aboon Bonaw,NA,BRAES ABOON BONAW,Misc tunes,NA,NA,NA,publicdomain,0.0,0,0,1,1,1,0,17,67,3.941176470588236,False,2.240849871592004,1.0,0.8802083333333334
QmdJwFGqHzqwGCmEY7MP742BX9pvixXvsS2ZHpf2rXiE9v,The Braes o' Balquhidder,NA,The Braes o' Balquhidder,Misc tunes,Words written by Robert Tannahill 1774-1810.,NA,NA,publicdomain,0.0,0,0,9,1,1,0,27,88,3.259259259259259,False,2.3549561719856253,1.0,0.9444444444444444
QmVjYiMyCit1iogPP41h3vA8MiJPkuhXd2V6HqnFhUETTn,The BRAES O' MARR,NA,the BRAES O' MAR,Misc tunes,NA,NA,NA,publicdomain,0.0,0,0,1,1,1,0,47,372,7.914893617021277,False,2.675950048204759,1.0,0.9401041666666666
QmabNbNPrQn95e6ywquD6ruedPVvcUzU8M2CmVtMbvSggB,the Braes of Angus,NA,The Braes of Angus,Misc tunes,NA,NA,NA,publicdomain,0.0,0,0,1,1,1,0,48,188,3.9166666666666665,False,2.2765488050614464,1.0,0.9253472222222222
QmaE21cWUKdqAr6X2Ap7MGWZf77yVbPq1Qomh7zpJziy9V,The Braes of Angus,NA,The Braes of Angus,Misc tunes,NA,NA,NA,publicdomain,0.0,0,0,2,1,1,0,32,121,3.78125,False,2.2369364496384536,1.0,0.9322916666666666
QmUf33WdLz5ZUiEUqvr985iLEK8ycUHRbtED42gv1kMsqK,The Braes of Angus. RH.276,NA,The Braes of Angus,Misc tunes,NA,NA,NA,publicdomain,0.0,0,0,1,1,1,0,48,188,3.9166666666666665,False,2.2201616771324963,1.0,0.9322916666666666
QmYr96g8g3ZS71kAXWzG67XuHEQBZvU2uagQq2Eo34qesh,The Braes of Auchtertyre,Braes of Auchentyre The,The Braes Of Auchtertyre,Misc tunes,attr. James Crockat 1723,NA,NA,publicdomain,0.0,0,0,3,1,1,0,40,293,7.325,False,2.5640678441830302,1.0,0.95
QmUakfZoXzWnYY784b7bbrghE9osvVgasj4MDnfN3eju8p,The Braes of Auchtertyre,NA,The Braes Of Auchtertyre,Misc tunes,NA,NA,NA,publicdomain,0.0,0,0,7,1,1,0,36,383,10.63888888888889,False,2.6577502386814422,1.0,0.87890625
Qma7x1wZ4iuN35vzF8h5XoLkgCry82vxNjVkANSFMJQJQZ,the BRAES OF AUCHTERTYRE,NA,The Braes Of Auchtertyre,Misc tunes,NA,NA,NA,publicdomain,0.0,0,0,0,1,1,0,18,131,7.277777777777778,False,2.595326553893062,1.0,0.91015625
QmagwWPFCTn3oJS9cmhN8vFQ3HaFKLYPQZceDpw6L6AfKS,The Braes Of Auchtertyre,NA,The Braes Of Auchtertyre,Misc tunes,NA,NA,NA,publicdomain,0.0,0,0,1,1,1,0,18,106,5.888888888888889,False,2.663014026040122,0.9905660377358492,0.95703125
QmWZxrCdpb6xWGewehLRuDEmtnzjaKp9nyTQj545xiiivR,The Braes of Balquhidder,NA,Braes of Balquhidder,Misc tunes,NA,NA,NA,publicdomain,0.0,0,0,1,1,1,0,40,260,6.5,False,2.546572749152473,1.0,0.9283854166666666
QmYpDdBJc5GjwbmUsiE2Kad8JmYQiA3KQEeid2Un7zLi6E,The BRAES OF BALQUHITHER,NA,The BRAES OF BALQUHITHER,Misc tunes,NA,NA,NA,publicdomain,0.0,0,0,0,1,1,0,29,192,6.620689655172414,False,2.523943800819493,1.0,0.9296875
Qmamxvx6TxVA3uz8PReGRyQtQRPzSkPYmFnpCfCWoPKjui,The Braes of Balquithin,NA,The Braes of Balquithin,Misc tunes,NA,NA,NA,publicdomain,0.0,0,0,2,1,1,0,24,154,6.416666666666667,False,2.5855953343650686,1.0,0.9640151515151516
QmSB4y1kTqcX9NGwtj5EnnyVMdu9ErmDQhhodSjJ3pmmNW,The Braes of Balwhedar,NA,The Braes of Balwhedar,Misc tunes,NA,NA,NA,publicdomain,0.0,0,0,2,1,1,0,19,135,7.105263157894737,False,2.446989539032264,1.0,0.9453125
QmRSk5dKkCmWWRyy6LZe5x3fDw3UEZ7Rz6UkDzyNFw2PYZ,The Braes of Balwhither,NA,The Braes of Balwhither,Misc tunes,NA,NA,NA,publicdomain,0.0,0,0,2,1,1,0,52,440,8.461538461538462,False,2.708286478778994,1.0,0.8929924242424242
QmNZygKDRC6G7bfd1hJHa4Jacv4Fu7bjLWLnLmAvqgV4sF,The Braes of Balwhither,NA,The Braes of Balwhither,Misc tunes,NA,NA,NA,publicdomain,0.0,0,0,2,1,1,0,39,323,8.282051282051283,False,2.7109985262527765,1.0,0.8860677083333334
QmdUcqbHAb76bmtPcTniC56tx1Q4GMZof3j1oRCsZNmT2U,The Braes of Barmey Glinholm. JBut.814,NA,The Braes of Barmey Glinholm. JBut.814,Misc tunes,NA,NA,NA,publicdomain,0.0,0,0,2,1,1,0,28,190,6.785714285714286,False,2.6358945054612444,0.9894736842105264,0.9713541666666666
QmQugqhkd6fTjJRHFvqH3kzgJK4XQJT4qU4gW8srB8poz3,The Braes of Blandine,Braes of Ballenden (1) (The),The Braes of Blandine,Misc tunes,NA,NA,NA,publicdomain,0.0,0,0,3,1,1,0,94,460,4.893617021276596,False,2.651743915813811,0.9956521739130436,0.8705808080808081
QmZj4JHnCR1M5iJ8T6EGZ32zXi1tQNW9b2zMtgq2DZewZU,The Braes of Busbie . JBut.837,NA,the BRAES OF BUSBIE,Misc tunes,'twice 923',NA,NA,publicdomain,0.0,0,0,3,1,1,0,48,342,7.125,False,2.5553255127255743,1.0,0.971875
QmZiu29n3QvWxWKSuUpV6p6wSdCHMzCZJWz1CHSQKTrf3u,The Braes of Castle Grant,NA,The Braes Of Castle Grant,Misc tunes,Duncan MacDonald Castle Grant 18633rd & 4th parts by Geo. S. McLennan,NA,NA,publicdomain,0.0,0,0,119,1,1,0,117,1393,11.905982905982906,False,2.6722861317579283,1.0,0.9383503401360545
QmTA57NSKkLawZDzJpgVi2tZvMTDvFeWzgx9xn25g3APLd,The Braes of Castle Grant,NA,The Braes Of Castle Grant,Misc tunes,Joe Buchanan's Scottish Tome - Page 365.0Duncan MacDonald 1863,NA,NA,publicdomain,0.0,0,0,22,1,1,0,96,659,6.864583333333333,False,2.528324514223266,1.0,0.8158143939393939
QmZuUMb8MsnZC5beznQuHJKUzzdDAx1Qw5SdeMM7dbUrCh,The Braes Of Elchies,NA,The Braes Of Elchies,Misc tunes,NA,NA,NA,publicdomain,0.0,0,0,0,1,1,0,36,166,4.611111111111111,False,2.645084318865515,0.9879518072289156,0.9279513888888888
QmbRWd1fbbEsX44yViX1HFgwX6nkYBbYp1GVszMgvR8SVe,The Braes of Elchles,NA,The Braes of Elchles,Misc tunes,Joe Buchanan's Scottish Tome - Page 269.1,NA,NA,publicdomain,0.0,0,0,0,1,1,0,61,295,4.836065573770492,False,2.547670013885726,1.0,0.9542682926829268
QmXH5UTFavpTmhgzJA8Y7PaXgdhbsq89aPmM2XVwP7XRed,The BRAES OF LOCHEIL,NA,The Braes Of Locheil,Misc tunes,NA,NA,NA,publicdomain,0.0,0,0,2,1,1,0,35,95,2.7142857142857144,False,2.853758083534643,0.936842105263158,0.9244791666666666
QmWKzX8bmoyW4gk4K82WoBo6sWjaTwPUPnvz9szThzbiDc,The Braes of Lochiel,Braighe Lochiall,the Braes of Lochiel,Misc tunes,NA,NA,NA,publicdomain,0.0,0,0,3,1,1,0,33,80,2.4242424242424243,False,2.6617077187575453,0.925,0.9242424242424242
Qma3Y2Mzon1zasAjAUVMiuPX19ZGdAXv2oTTz2KqbF9KL9,the Braes of Lochiel,Braigh Loch Iall,the Braes of Lochiel,Misc tunes,NA,NA,NA,publicdomain,0.0,0,0,13,1,1,0,36,174,4.833333333333333,False,2.259389064695513,1.0,0.8307291666666666
QmXErre9eFt3eEArBiFGwVoKWLsK3FZhjQApx9b3ocSaXA,The Braes of Mar,NA,Braes of Mar,Misc tunes,NA,NA,NA,publicdomain,0.0,0,0,5,1,1,0,17,137,8.058823529411764,False,2.53321757650944,1.0,0.9153645833333334
QmXEguMqf3y1McjieW1jogh7Uy72qL3eUx7JBhw9LXEZkQ,The Braes of Mar,NA,Braes of Mar,Misc tunes,NA,NA,NA,publicdomain,0.0,0,1,17,1,1,0,44,326,7.409090909090909,False,2.533864253626925,1.0,0.9431818181818182
QmP9AShgz14urPQyam9XyxppmPGPjvNZQteUqUemdrUCdr,The Braes of Marr,NA,Braes of Mar,Misc tunes,NA,NA,NA,publicdomain,0.0,0,0,0,0,2,0-0,39,378,9.692307692307692,False,2.318688260789912,1.0,0.9479166666666666
QmXZdrSfAWRxX9oBGKqpXqrqnMrB9mxNk6QUzXQdHmvZo2,The Braes Of Mellinish,NA,The Braes Of Mellinish,Misc tunes,NA,NA,NA,publicdomain,0.0,0,0,1,1,1,0,64,326,5.09375,False,2.626403805488486,1.0,0.9535590277777778
Qme3C1iMtdk2TX6zHDVBrLLp2QwtUkChVZrueZuwoxdwkc,the Braes of Tulliemet 2,the Braes of Tullymet,The Braes Of Tulliemet,Misc tunes,NA,NA,NA,publicdomain,0.0,0,0,0,1,1,0,20,138,6.9,False,2.446687476553348,1.0,0.8841145833333334
QmNPPXW1NxoGKRFgEj7dA2UYNmq3K29MKBkE9QW539wyRy,The Braes of Tullymet,NA,The Braes Of Tulliemet,Misc tunes,NA,NA,NA,publicdomain,0.0,0,0,2,1,1,0,36,348,9.666666666666666,False,2.6544304085941253,0.9971264367816092,0.92002688172043
QmdzKVYcFhLnCcQLdUn2ALsVvnUu9wH9DhLrFV6Pa2oUy9,The Branch of the Willow,NA,The Branch of the Willow,Misc tunes,NA,NA,NA,publicdomain,0.0,0,0,3,1,1,0,9,47,5.222222222222222,False,2.6491156331876766,0.9787234042553192,0.8611111111111112
QmZyT2u5qxKDk2se3AybpzgJefq9aqEHw1CtY8x5rN2FKS,The Brave Corsicans,NA,The Brave Corsicans,Misc tunes,NA,NA,NA,publicdomain,0.0,0,0,1,1,1,0,36,178,4.944444444444445,False,2.889197167819889,0.9550561797752808,0.9704861111111112
QmXR6fD9kiQVBjeqabPTZbp5kaGgPPUyR3w4hA21BwEuTg,THE BRAVE VOLUNTEERS,NA,The Brave Volunteers,Misc tunes,NA,NA,NA,publicdomain,0.0,0,0,1,1,1,0,17,67,3.941176470588236,False,2.510105979468281,1.0,0.9166666666666666
QmXSjTzzJSnjHAzFPiikF3xw45rUioJ9w58bHQfJyJsT1w,The Brave Volunteers (air) 0080,NA,The Brave Volunteers,Misc tunes,after Chief F. O'Neillslow,NA,NA,publicdomain,0.0,0,0,2,1,1,0,17,67,3.941176470588236,False,2.510105979468281,1.0,0.9166666666666666
QmV856ZuBpFnV4XsbuwvetwKiVpt9YM1JzttCkb3MEt44A,The Brays of Angus. JJo2.053,NA,The Brays of Angus. JJo2.053,Misc tunes,NA,NA,NA,publicdomain,0.0,0,0,8,1,1,0,48,186,3.875,False,2.364816630337591,0.989247311827957,0.9483506944444444
Qme7UEkav3QxDgZ97wKVayZGghKSCzUkwopF9ckmAk8tsH,The Breach of Killiecranky,Barrack Hill,Breach of KilliecrankyThe. FTB.035,Misc tunes,NA,NA,NA,publicdomain,0.0,0,0,3,1,1,0,16,116,7.25,False,2.4773223738410977,1.0,0.96484375
QmTXXXXSFMuRraD12bEzyhFG52kVMLy8ZumHdQvgShiSin,The Breeze from Scotland will bring my love,NA,The Breeze from Scotland Will Bring My Love,Misc tunes,NA,NA,NA,publicdomain,0.0,0,0,3,1,1,0,17,62,3.647058823529412,False,2.705446935556572,1.0,0.9184027777777778
QmVxJp1q7HUn844qjZenw7S7UaTotVJZy1mBhiWFqAf26Q,The Bremen Waltz. CJF.216,NA,Bremen WaltzThe. CJF.216,Misc tunes,NA,NA,NA,publicdomain,0.0,0,0,2,1,1,0,72,280,3.888888888888889,False,2.777018192585278,0.9785714285714284,0.9444444444444444
QmUppc2MdiZtQF1pq1iYqXE5cMd9ifXzfApcevkbLm3zB3,The Brick Makers. Ru2.093,NA,The Brick Makers,Misc tunes,NA,NA,NA,publicdomain,0.0,0,0,2,1,1,0,90,394,4.377777777777778,False,2.811698385049226,0.964467005076142,0.9356398809523808
QmTXimcK9EXuMCK9RT9oPx83Kg4j2TLyiHNjPXmtBoS7ZN,The Brick Makers. Ru2.093,NA,The Brick Makers,Misc tunes,NA,NA,NA,publicdomain,0.0,0,0,3,1,1,0,41,121,2.951219512195122,False,2.838863249452176,0.950413223140496,0.9322916666666666
QmXAsBcCQ4AW2zkUtE6hZBLts7BNHmQmw5Jpnb1Q1SkRSq,The Brickmakers. JJo8.079,NA,The Brickmakers,Misc tunes,NA,NA,NA,publicdomain,0.0,0,0,2,1,1,0,84,338,4.023809523809524,False,3.0475025865768304,0.8698224852071006,0.9431423611111112
QmfD56VMCNQjkX5ju9d1gEMjfAa7Nau6KjzApUFMJbRx3U,The Bride is a bonny thing,NA,the Bride is a bonny thing,Misc tunes,NA,NA,NA,publicdomain,0.0,0,0,0,0,2,0-0,40,321,8.025,False,2.582005203779069,1.0,0.9637096774193548
QmacpExkpLEwfPAkxVcp3bTQxp81bgi6qSgyEvWwWtBRXu,The Bride of Malahide (air) 0249,NA,The Bride of Malahide,Misc tunes,Unattributedmoderate,NA,NA,publicdomain,0.0,0,0,3,1,1,0,35,145,4.142857142857143,False,2.722697414812843,1.0,0.904891304347826
QmbeuLCxawoNty7M1AmHgBSH1RWyoieG36A3hfj1ZHo9k5,The Bride that was married last Night. JJo3.174,O As I was Kissed Yest'reenaka. JJ03.174As I was Kissed Yest'reenaka. JJ03.174,The Bride that was married last Night. JJo3.174,Misc tunes,NA,NA,NA,publicdomain,0.0,0,0,2,1,1,0,32,168,5.25,False,2.486753196376122,1.0,0.9487847222222222
QmSQfbYxcfypd9cSE95bF3X7jrE3t1eJMQ8Hpw4VixwNfG,The Bride's Favourite,NA,The Bride's Favourite,Misc tunes,NA,NA,NA,publicdomain,0.0,0,0,3,1,1,0,79,606,7.670886075949367,False,2.7050423646636537,1.0,0.9351415094339622
QmRJCJYtBE4AnhwwLHMigmvvm9xrwcB2zjx4isYHcoLrWJ,the BRIDESMAIDS' CHORUS. in Der Freisch\utz,NA,The Bridesmaid,John Hill Hewitt,NA,NA,NA,publicdomain,0.0,0,0,0,1,1,0,19,91,4.789473684210527,False,2.5676770883278954,1.0,0.84375
QmcQVbCSKFrxsZSafYrSds4kvAjT5EHXXUcrr6wi53Z8EX,The Bridge of Athlone (3),NA,The Bridge Of Athlone,Misc tunes,NA,NA,NA,publicdomain,0.0,0,0,2,1,1,0,267,1512,5.662921348314606,False,2.72923543085396,0.988095238095238,0.9611784140969164
QmS2BfTGE2YSdzHiUGQCm71VjkDcuCr1WqNNWaRPtJ2Eje,The Bridge Of Athlone (hornpipe)1721,NA,The Bridge Of Athlone,Misc tunes,after Sg't. J. O'Neill,NA,NA,publicdomain,0.0,0,0,1,1,1,0,38,274,7.2105263157894735,False,2.798255552512467,0.9927007299270072,0.9015151515151516
QmVGZKq3951ZxAWCG7Zh4jLp7w49vzbVunrGkmJJTZkbFu,THE BRIDGE OF BALLATER,NA,THE BRIDGE OF BALLATER,Misc tunes,N. GOW,NA,NA,publicdomain,0.0,0,0,1,0,2,0-0,19,263,13.842105263157896,False,2.394276921533635,1.0,0.8919270833333334
QmWRxj41yGRnMoTgWcoEJYV3pWr7yhCou5CzG5tEC4TvBB,The bright eternal day is breaking - J. M. Whyte,NA,The bright eternal day is breaking,J. M. Whyte,NA,classical,NA,publicdomain,0.0,0,0,5,1,1,0,20,260,13.0,False,2.5765176145130377,0.9923076923076924,0.9467592592592592
QmVShecokXLUtVHSeSnkdX4q5LMx2jiVcHxnbTvd9V5RKK,The Bright Love of My Heart (air) 0043,NA,The Bright Love Of My Heart,Misc tunes,After Sgt. J. O'Neillgracefully,NA,NA,publicdomain,0.0,0,0,3,1,1,0,34,112,3.294117647058824,False,2.836263102881249,0.9553571428571428,0.9279513888888888
QmWDf1YB89V9LUwyi3cTNoL4KmqoVmVPZmHsdDJPmnFb3m,The bright summer days have been fleeting - H. L. Gilmour,NA,The bright summer days have been fleeting,H. L. Gilmour,NA,classical,NA,publicdomain,0.0,0,0,5,1,1,0,26,379,14.576923076923077,False,2.595881195380429,0.992084432717678,0.8888888888888888
QmcGcVfJFp8gpwcTuhvMYdsNRLP9qa995bzqLQBvfPrdr6,The brightest and best is for Jesus my Lord - J. H. Hall,NA,The brightest and best is for Jesus my Lord,J. H. Hall,NA,classical,NA,publicdomain,0.0,0,0,9,1,1,0,18,296,16.444444444444443,False,2.267846304358165,1.0,0.9583333333333334
QmeEtSU1wyrzisCRrdajCYSLS9AacvzwVnMbaNn9RqX9s4,The Brightest Star,NA,The Brightest Star,Dubstep Unicorn,Ryan Neff,NA,piano,cc-zero,0.0,0,4,363,2,1,0,58,1384,23.86206896551724,False,2.7534861062252904,0.9978292329956584,0.930316091954023
QmRoDQUHwRoRfz72RkhkC1oZuyE3FLn3yUXKKqq694bUKf,The Brink of the White Rocks,NA,The Brink of the White Rocks,Misc tunes,NA,NA,NA,publicdomain,0.0,0,0,5,1,1,0,19,96,5.052631578947368,False,2.718720616514924,1.0,0.8559027777777778
QmRFsdWdUEMAWW74LKAhz3yqEWo6xGpj8dStoPmXHgoUE9,THE BRINK OF THE WHITE ROCKS,NA,The Brink of the White Rocks,Misc tunes,NA,NA,NA,publicdomain,0.0,0,0,4,1,1,0,14,75,5.357142857142857,False,2.6544830837868654,1.0,0.8402777777777778
QmUTeJtrLa7Khnd3V6EjW318wJsP3uXGhm5BU4wY4DCPtQ,The Brink Of The White Rocks (air) 0083,NA,The Brink of the White Rocks,Misc tunes,Unattributedgaily,NA,NA,publicdomain,0.0,0,0,2,1,1,0,15,75,5.0,False,2.6544830837868654,1.0,0.8449074074074074
QmUndF446MrHA1xEiAW1CL56AhGXw2W1W9CeL8BEf7SPD1,The Brisk Young Lads,NA,Brisk Young Lads,Misc tunes,NA,NA,NA,publicdomain,0.0,0,0,2,1,1,0,32,168,5.25,False,2.7956767320393374,0.9642857142857144,0.9210069444444444
QmWEYo6CYNUbb5RMAi1Wozv9jN5VpB7zJiG9UeNq8QxhX7,The Britches Full Of Stitches,NA,The Britches Full Of Stitches,Misc tunes,NA,NA,NA,publicdomain,0.0,0,0,2,1,1,0,35,138,3.942857142857143,False,2.370722424068379,0.9927536231884058,0.9388020833333334
QmVWTGWsPZeZVXvgTVYCL4HEjofaPwVNqG9BtLQg2iHVVZ,The Britches Full Of Stitches,Breeches Full Of Stitches TheBritches Full Of StitchesO The Britches Full Of StitchesOh The Breeches Full Of StitchesOh! The Breeches Full Of StitchesOh! The Britches Full Of StitchesWitches' Britches,The Britches Full Of Stitches,Misc tunes,NA,NA,NA,publicdomain,0.0,0,0,15,1,1,0,136,529,3.889705882352941,False,2.755336050039846,0.9886578449905482,0.9542910447761194
QmdRjnjWwQP6y8LdsY1v5R6VDeqs18H4phszo4jvC9KrzY,The British Fishery. JJo8.103,Britifh Fifhery. JJo8.103 The,The British Fishery. JJo8.103,Misc tunes,NA,NA,NA,publicdomain,0.0,0,0,6,1,1,0,52,270,5.1923076923076925,False,3.104331183058962,0.8962962962962963,0.9536458333333332
QmZEEDwL886LhsKaHSjZXvF2jX1z98pvXkzNFEiDdPejam,The British Fishery. JJo8.103,Britifh Fifhery. JJo8.103 The,The British Fishery. JJo8.103,Misc tunes,NA,NA,NA,publicdomain,0.0,0,0,1,1,1,0,20,118,5.9,False,2.8094569538208924,0.9830508474576272,0.9674479166666666
QmTBdcUj8nk7GgRXspJK2DZKkcxffvMngMQVoR3TygGuad,The BRITISH GRENADIERS,NA,the british grenadiers,Misc Traditional,NA,folk,NA,publicdomain,0.0,0,0,7,1,1,0,27,96,3.555555555555556,False,2.624949806038012,1.0,0.9348958333333334
QmdRgLzEG95QmZZ2c4eRkecgUsEs3t2eT1SVRnGCMiwZbD,The British Grenadiers. WES.045,NA,the british grenadiers,Misc Traditional,NA,folk,NA,publicdomain,0.0,0,0,5,1,1,0,28,119,4.25,False,2.615702021276837,1.0,0.890625
QmV1cSfGu8oi7om6XsQ9m586ARSZGqtMe41SsCd3zxTQHP,The British Hero (missing image). PFD3.130,British Toperaka. PFD3.130 TheWright's Wisdomaka. PFD3.130,The British Hero (missing image). PFD3.130,Misc tunes,NA,NA,NA,publicdomain,0.0,0,0,2,1,1,0,45,215,4.777777777777778,False,2.5585748164608013,1.0,0.9317708333333332
QmTJ1BpJDL8kLjGVDeHkfFpWQxo1N5jHQSoTVBpZAYoY8E,The British Leageants. JBut.073,British Legions?. JBut.073 The,The British Leageants. JBut.073,Misc tunes,NA,NA,NA,publicdomain,0.0,0,0,5,1,1,0,36,148,4.111111111111111,False,2.660484198577154,1.0,0.953125
QmUs4gUQQLaSw6zBnUFKeQVbNUKToWwzPVmJ68KuD5MC9L,THE BROKEN LANTERN -- JIG,NA,The Broken Lantern,Misc tunes,NA,NA,NA,publicdomain,0.0,0,0,3,1,1,0,36,184,5.111111111111111,False,2.6798740958628136,0.9782608695652174,0.9670138888888888
QmRLHd7GsM3wUExtwmcDrfNETzPanJLstuSSb7AE2YnYat,The Broken Panel,NA,The Broken Panel,Misc tunes,NA,NA,NA,publicdomain,0.0,0,0,5,1,1,0,17,125,7.352941176470588,False,2.6237101628920008,1.0,0.9348958333333334
QmT95DBv9toFk3LqA6Hb8JSe1JZB9oXaWpBJPJTJBfU2RJ,The Broken Pledge,NA,The Broken Pledge,Misc tunes,NA,NA,NA,publicdomain,0.0,0,0,10,1,1,0,65,545,8.384615384615385,False,3.014260283925289,0.9174311926605504,0.9525641025641024
QmP42F9in99J7SEZaov6Agt6T7s3bGGHbHK153Wr7ES4tf,The Broken Pledge (reel) 1178,NA,The Broken Pledge,Misc tunes,after Mr. McFadden,NA,NA,publicdomain,0.0,0,0,11,1,1,0,19,136,7.157894736842105,False,2.741476621474096,0.9926470588235294,0.9544270833333334
QmaKywXRR6QvL1C51TNTZsGhimeyyQ9z5So6qax2bVTCZx,The Broken Sixpence -- Reel,NA,Broken Sixpence,Misc tunes,NA,NA,NA,publicdomain,0.0,0,0,4,1,1,0,32,242,7.5625,False,2.845725090492763,0.9669421487603306,0.9635416666666666
QmTuRk3XNFbLLUV9LCvhsdHAyiRh7HpZUKLr2QMfRPDsNF,The Broken Token/I Have a Sweetheart of My Own Sir,NA,The Broken Token,Misc tunes,NA,NA,NA,publicdomain,0.0,0,0,6,1,1,0,10,50,5.0,True,2.532293071355064,1.0,0.9340277777777778
QmPpwdkwQF57qzo9vHMVL2QLRyMaTz6vRzGzd49M4GYPY4,The Brolum,NA,The Brolum CYMRU,Misc Traditional,Joe Buchanan's Scottish Tome - Page 156.1,folk,NA,publicdomain,0.0,0,0,19,1,1,0,129,784,6.077519379844961,False,2.261324200338791,1.0,0.9778761061946902
QmYmgRBzkB6fj9ukWGsCq4eRspnBbCMYgYP93vvoGKKuiy,The Bromfield Wager,The Yon Green Woods,The Bromfield Wager,Misc tunes,NA,NA,NA,publicdomain,0.0,0,0,1,1,1,0,12,39,3.25,True,2.4662140931680385,1.0,0.9322916666666666
QmWcEoBnPHXZ5osP1qPEEYR1HcM5aaQKxtE189y65afxYt,The Broom of Cowdon Knows,NA,The Broom of Cowdon Knows,Misc tunes,NA,NA,NA,publicdomain,0.0,0,0,2,1,1,0,34,206,6.0588235294117645,False,2.562763370884013,1.0,0.8904569892473119
QmSVeSv9ky6Me7hhaKwWbvYSfCwfbwYHxkctN3L4cWN2hR,The Broom of the Cowdon knows,NA,The Broom of the Cowdon knows,Misc tunes,NA,NA,NA,publicdomain,0.0,0,0,3,1,1,0,16,82,5.125,False,2.4427762301768183,1.0,0.9140625
QmWn3kUbDPBzkNRbi3CHBMtGhwV74shXWPgrnGG4nNogcu,The Broomfield Wager,NA,The Broomfield Wager,Misc tunes,Mrs Marina Russell Upwey c1906 coll. HED HammondTranscibed to abc by PJHeadford 2010,NA,NA,publicdomain,0.0,0,0,5,1,1,0,15,64,4.266666666666667,True,2.7330628539198187,1.0,0.9198717948717948
Qmc5RdeN8mbVWqctAiDtixTpPCT4Rd1FxCUz3jJ1erJbY2,The Broomfield Wager/The Merry Broomfield,NA,The Broomfield Wager/The Merry Broomfield,Misc tunes,NA,NA,NA,publicdomain,0.0,0,0,1,1,1,0,15,48,3.2,True,2.786633855829455,0.9791666666666666,0.9613095238095238
QmbsEpQMbzmaw7fYnLc75RUbiLTGU95P51efnsKPbanUgU,The Brosna Polkas No. 2,Ned Connor's Set No. 2,The Brosna Polkas No. 1,Misc tunes,NA,NA,NA,publicdomain,0.0,0,0,1,1,1,0,40,172,4.3,False,2.650185959758074,1.0,0.9552083333333332
QmPysGKq1sPWzN9WHA6BLAgr7QiTa7FLSpakXqrhf2xwiw,The Brosna Slide,NA,Brosna Slide,Misc tunes,NA,NA,NA,publicdomain,0.0,0,0,5,1,1,0,20,140,7.0,False,2.707168828668137,1.0,0.9149305555555556
QmZPRUigJfssNfSkobaVzv7uAkjaAr198yGhwKRZGsgw3o,The Brosna Slide,NA,Brosna Slide,Misc tunes,NA,NA,NA,publicdomain,0.0,0,0,2,1,1,0,16,132,8.25,False,2.545446661174818,1.0,0.9071180555555556
QmdZncP1dCQax3ix2fipYkjFdENWyUveLAy9vYWZVktraH,The Brosna Slide 2,NA,Brosna Slide,Misc tunes,NA,NA,NA,publicdomain,0.0,0,0,1,1,1,0,25,187,7.48,False,2.6364986621303363,1.0,0.9263888888888888
QmWJDJwzYH9uSzG4XbkcGmxZoUwEyeoqkaXUMpmd6jmwXe,The Brown Haired Boy,NA,The Brown Haired Boy,Misc tunes,NA,NA,NA,publicdomain,0.0,0,0,2,1,1,0,18,69,3.8333333333333335,False,2.667311751618912,1.0,0.90625
QmRyLGe93PgjPsKFyAABEh2BgdkBsmfRYpwzYTY9uZ2UkU,The Brown Haired Boy (air) 0155,NA,The Brown Haired Boy,Misc tunes,after Chief F. O.Neillmoderate,NA,NA,publicdomain,0.0,0,0,2,1,1,0,18,72,4.0,False,2.653064392311797,1.0,0.8993055555555556
QmUbk2wziN8D7Wz3EfJj7oYv3KAkfVP6cptY8H138uWhzf,The Brown Maid (air) 0154,NA,The Brown Maid,Misc tunes,after Sg't. J. O'Neillwith expression,NA,NA,publicdomain,0.0,0,0,4,1,1,0,18,118,6.555555555555555,False,2.6958301907881586,1.0,0.921875
QmTs4h926oZkkdmdMDyxw6RjVa2K5c1oDDXgyD21K6tZQq,The Brown Thorn (1st setting ) (air) 0031,NA,The Brown Thorn,Misc tunes,after Chief F. O'Neillslow,NA,NA,publicdomain,0.0,0,0,3,1,1,0,18,83,4.611111111111111,False,2.6589906562977896,1.0,0.8975694444444444
QmNrVZYwk9ucoa2FjaS7h4dABEeMes99t446a3zwTMnBqi,The Brown Thorn (3rd Setting) (air) 0033,NA,The Brown Thorn,Misc tunes,after Mrs. Lavinslow,NA,NA,publicdomain,0.0,0,0,2,1,1,0,18,87,4.833333333333333,False,2.625875744815999,1.0,0.8628472222222222
QmeKWmgioHRvnHeobAxThuLy8xbBjoNGDpeVohHjA7CR29,The Brussels Waltz. CJF.133,NA,The Brussels Waltz,Misc tunes,NA,NA,NA,publicdomain,0.0,0,0,5,1,1,0,36,140,3.888888888888889,False,2.79162333964316,0.9571428571428572,0.7986111111111112
QmTRoWjYrMGWPxu5UemKsCze8pTQqnPARbaf8N3j8nKJ7b,The Bucket. WCD3/2.006,NA,The Bucket,Misc tunes,NA,NA,NA,publicdomain,0.0,0,0,6,1,1,0,28,128,4.571428571428571,False,2.77819120800024,1.0,0.9560185185185184
QmUJ7vspH5cRiHDsnSJWWMoXqADt7WmecbfhcvSWphhdBw,the Bucks Motto,NA,The Bucks Motto,Misc tunes,NA,NA,NA,publicdomain,0.0,0,0,2,1,1,0,16,132,8.25,False,2.7424980323265555,1.0,0.9675925925925926
QmUraxuxZ3btpF5Hiw7Cf1QBgkHQXWVfSdQKHWkRf9TZyQ,The Bucks Of Dublin,NA,The Bucks Of Dublin,Misc tunes,NA,NA,NA,publicdomain,0.0,0,0,2,1,1,0,110,606,5.509090909090909,False,2.6068152081146416,0.9884488448844884,0.966209349593496
QmcF8G2BknnLv2RrbZaY5kKArF9uB1UNptWWpHEheE5MxB,The Bucks of Oranmore,2nd setting,the bucks of oranmore,Misc Traditional,NA,folk,NA,publicdomain,0.0,0,0,1,1,1,0,34,244,7.176470588235294,False,2.6011979801161376,1.0,0.94921875
QmW91fYZfmTkSKJG3VKPDS1qCQGygsbZEeuMSG4s7iFRy6,The Bucks Of Oranmore,NA,the bucks of oranmore,Misc Traditional,NA,folk,NA,publicdomain,0.0,0,0,2,1,1,0,122,896,7.344262295081967,False,2.5362122874712933,1.0,0.946969696969697
QmW2bvtJMDb13UPMCFBvjXqPYNYjnAjAzguD46UCop8GwU,The Bucks of Oranmore,1st setting,the bucks of oranmore,Misc Traditional,NA,folk,NA,publicdomain,0.0,0,0,3,1,1,0,33,263,7.96969696969697,False,2.540268050882563,1.0,0.9375
QmThHr361ipDijVT9Y6sMibT2Zf2T7A4nNwDhtddLeGfiQ,The Bucks Of Oranmore,NA,the bucks of oranmore,Misc Traditional,NA,folk,NA,publicdomain,0.0,0,0,27,1,1,0,81,629,7.765432098765432,False,2.613230333893189,0.972972972972973,0.9158854166666668
QmYLirDqHvSBoGRrEZaJJ4A9rXVEsaXUTBrvMaqJSsccte,The Bucks Of Oranmore (reel) 1199,NA,the bucks of oranmore,Misc Traditional,after Mr. McFadden,folk,NA,publicdomain,0.0,0,0,3,1,1,0,67,541,8.074626865671641,False,2.5804688888524563,0.9963031423290204,0.9371794871794872
QmUqgjDPsyUziaxa7ddsVqRGGPi5EzncEJCFWkW54PtsFf,The Bucks of Westmeath (jig) 0979,NA,The Bucks Of Westmeath,Misc tunes,after Mr. Delaney,NA,NA,publicdomain,0.0,0,0,1,1,1,0,56,244,4.357142857142857,False,2.737111130500692,0.9918032786885246,0.9481981981981982
QmUYZFG3ksnJK2WYcbgh6VtwZU7qfdegC3ijNBCW1pdXj5,The buds are bursting on the trees (Fairbank) - H. W. Fairbank,NA,The buds are bursting on the trees (Fairbank),H. W. Fairbank,NA,classical,NA,publicdomain,0.0,0,0,3,2,1,0,24,327,13.625,False,2.707400999307932,0.9785276073619632,0.925189393939394
QmcC8CmW9mdYtBNeaKGEV7XrVo8tACorLjuKycAJpttArH,The Buff Coat Has No Fellow. HA.048,She Wants A Fellowaka. HA.048Retreataka. HA.048 The,Buff-Coat,Misc tunes,NA,NA,NA,publicdomain,0.0,0,0,3,1,1,0,14,61,4.357142857142857,False,2.4652771282437747,1.0,0.9513888888888888
QmRb3HMzYZ2PLxV2uRmL1byTwvdCTSem48Y46krVQeNH8w,The Buffoon - A Clap Dance (Morris),Danced by William Walton and the Side of Adderbury Oxon,THE BUFFOON,Misc tunes,NA,NA,NA,publicdomain,0.0,0,0,4,0,2,0-0,112,459,4.098214285714286,True,2.722003464931057,1.0,0.9234649122807016
QmWKN8yKJ6WohCsSEuUUJqvuy5nUnWXcooPnCGvme5qbJb,The Buffoon - Morris Dance,NA,THE BUFFOON,Misc tunes,NA,NA,NA,publicdomain,0.0,0,0,17,1,1,0,42,165,3.928571428571429,False,2.590618691114917,1.0,0.9285714285714286
QmdTqSzdZABJqpF1F1zr4A3omRqsPXhsxAeRcccMBHUmsp,The Buffoon Handkerchief Dance,William Walton Adderbury,THE BUFFOON,Misc tunes,NA,NA,NA,publicdomain,0.0,0,0,3,1,1,0,104,440,4.230769230769231,False,2.4523403641586143,1.0,0.921474358974359
Qma9j7fm49PkPq2HbN8eYRiTy4EQwJbhJwC4FmQ3j6kZZG,The Bugle Call,NA,The Bugle Call,Misc tunes,Joe Buchanan's Scottish Tome - Page 418.0,NA,NA,publicdomain,0.0,0,0,17,1,1,0,80,253,3.1625,False,2.708629899791597,0.932806324110672,0.8933189655172413
QmevQqFC3gmmsfFgEZyKuQv6xEVGG3ohCAhDyEu6XTQ5sf,The Bugle March Quick. RH.031,Quick Bugle March. RH.031 The,Bugle MarchThe. JaW.114,Misc tunes,NA,NA,NA,publicdomain,0.0,0,0,2,1,1,0,106,442,4.169811320754717,False,2.7239573481134056,1.0,0.8807624113475178
QmfUMzbzYneuRJ8sVZwdxBCXFR6XpVDw4HLBqDNauwxso3,The Bugle Quickstep,Lady in the Boat,Bugle Quickstep,Misc tunes,NA,NA,NA,publicdomain,0.0,0,0,2,1,1,0,36,152,4.222222222222222,False,2.4170618905977976,1.0,0.9348958333333334
Qmb4XWpoSiP5eo3PXadvZXHSHePD3W2nZ8NYjKQtu5HRtc,THE BUNCH OF CURRANTS,NA,The Bunch Of Currants,Misc tunes,NA,NA,NA,publicdomain,0.0,0,0,7,1,1,0,36,136,3.7777777777777777,False,2.872084592952068,0.9411764705882352,0.8949652777777778
QmdbxsU2DHat9MXQ7eYq1hqYtTQLChNfJ3ZwvdFJHSyMuT,The Bunch of Keys,Flowers of Limerick The,The Bunch Of Keys,Misc tunes,NA,NA,NA,publicdomain,0.0,0,0,2,1,1,0,48,348,7.25,False,2.7993177048414988,0.9022988505747126,0.9453125
Qmc3P8HD9inKMpwMucZ6DcKrJYUpDMSQVwtgJVadFTH62t,The bunch of roses,NA,The Bunch Of Roses,Misc tunes,anon.,NA,NA,publicdomain,0.0,0,0,1,1,1,0,47,214,4.553191489361702,False,2.8785869047800774,0.9532710280373832,0.9375
QmRcp7kAbVwWgqbtQesoLyjNZmLUG4iKgXjzapS6zbnvi8,The Bunch of Roses (jig) 1054,NA,The Bunch Of Roses,Misc tunes,after Chief F. O'Neill,NA,NA,publicdomain,0.0,0,0,4,1,1,0,38,176,4.631578947368421,False,2.986254116055405,0.9318181818181818,0.94
QmYT6bVVQJk1zfUKgweTtYyeUPFXP8W9ez4V42D5ajzxT2,The Bunters Joke. JJo3.009,NA,The Bunters Joke,Misc tunes,NA,NA,NA,publicdomain,0.0,0,0,2,1,1,0,48,220,4.583333333333333,False,2.831976993210429,0.9818181818181818,0.8922619047619047
QmWD3czkcr9k1Bv51N3XbJv2k8VfmEke9TC3SKtubDxbEx,The burden of my life has rolled - Thoro Harris,NA,The burden of my life has rolled,Thoro Harris,NA,classical,NA,publicdomain,0.0,0,0,3,1,1,0,20,227,11.35,False,2.8384616246098084,0.9295154185022028,0.9375
QmWLKuEUoW3sBfRyUqZ9dQjebFZwJpmaRYgh1ntaiv9To1,The burdens of life may be many,NA,The burdens of life may be many,Misc Traditional,NA,folk,NA,publicdomain,0.0,0,0,5,2,1,0,30,420,14.0,False,2.7999542000563533,0.9642857142857144,0.9131944444444444
Qmcg27FfNL5LRmYpqd8pNH1GeXVj9NfqHJzS6US4hKb4JW,The Burn of Carnie,NA,The Burn of Carnie,Misc tunes,NA,NA,NA,publicdomain,0.0,0,0,0,0,2,0-0,16,195,12.1875,False,2.4801210155300164,0.9897435897435898,0.94921875
QmSqNrY26QLGKHNVPzgTdi1uiAgfUrR1YBu2RvkRfgRegb,The Burn of Forgue,NA,The Burn of Forgue,Misc tunes,J. Scott Skinner,NA,NA,publicdomain,0.0,0,0,2,1,1,0,36,262,7.277777777777778,False,2.651204400774421,1.0,0.9869791666666666
QmQ6nLS21CAjMiN4Gr27BWrJBUeTXFbrn6G2GXgzgtZw7Q,The Burning House,NA,The Burning House,Misc tunes,NA,NA,NA,publicdomain,0.0,0,0,20,1,1,0,45,355,7.888888888888889,False,2.4624510527513546,1.0,0.9598958333333332
QmREi5jMuaAEQzr4YcHXvyCK7zCPcf3wrSo4x34A9jSFck,The Burning of The Piper's Hut,NA,The Burning Of The Piper's Hut,Misc tunes,Joe Buchanan's Scottish Tome - Page 013.0,NA,NA,publicdomain,0.0,0,0,16,1,1,0,238,663,2.7857142857142856,False,2.538058086975002,1.0,0.9059633027522936
QmXy5maKT1MqGdh1eUq25CiELRW6RMBpq7zfG5KZCKuXAJ,The Burning Of The Piper's Hut,NA,The Burning Of The Piper's Hut,Misc tunes,NA,NA,NA,publicdomain,0.0,0,0,8,1,1,0,112,600,5.357142857142857,False,2.5440645243381605,1.0,0.953311011904762
QmQRRBKanWq3CBiSzKzs2NqhAXGGL6za2Lnp2nwnNbZp1e,The Burnt Old Man (3rd Setting) (air) 0092,NA,The Burnt Old Man,Misc tunes,Unattributedmoderate,NA,NA,publicdomain,0.0,0,0,8,1,1,0,16,109,6.8125,False,2.650544785580113,1.0,0.9079861111111112
QmVMgAGxJQgKSsRvYVVGkGmZRwJN2HinRqFNWfVGtEUecR,The Burren / The Temperance,NA,The Burren,Misc tunes,NA,NA,NA,publicdomain,0.0,0,0,3,1,1,0,72,498,6.916666666666667,False,2.748647271614321,0.9839357429718876,0.960648148148148
QmVr1h5T7CtaUdPN52jfrM56nSrso9keomnzAt2eFCbpcb,The Bus To Mullahoran,NA,The Bus To Mullahoran,Misc tunes,NA,NA,NA,publicdomain,0.0,0,0,1,1,1,0,33,229,6.9393939393939394,False,2.379295074492588,1.0,0.9720052083333334
QmYqxnZjgzUQLKhfc5KU6dUdBm6ozANzKVzaXMAYwFnGxx,The Busy Mill,NA,NA,NA,Belwin Music,NA,NA,cc-zero,0.0,0,6,243,1,1,0,32,91,2.84375,False,2.05363319422235,1.0,0.9947916666666666
QmdQbQTXcR6gGr2a5CQFWqAzfGXDhYKZf5JywgM6N5b3sX,THE BUTCHER BOY -- JIG,NA,the BUTCHER BOY,Misc tunes,NA,NA,NA,publicdomain,0.0,0,0,15,1,1,0,17,104,6.117647058823529,False,2.432586713932716,1.0,0.9732142857142856
QmamzdoCSCHpQ7VYTZSio24uQBLC7ieehGcYYkrRPgaUhk,The Butcher's Apron,praiscin m-busteoir.,The Butcher's Apron,Misc tunes,NA,NA,NA,publicdomain,0.0,0,0,3,1,1,0,16,117,7.3125,False,2.70361532164202,1.0,0.9739583333333334
QmX4XdcvxPdt1YpCTfB22VqWYxDJguAQYAojtwrrSKVvdv,The Butcher's Apron (reel) 1483,NA,The Butcher's Apron,Misc tunes,after Sg't. J. O'Neill,NA,NA,publicdomain,0.0,0,0,3,1,1,0,17,121,7.117647058823529,False,2.7493738417905424,0.9917355371900828,0.9765625
QmTYCgUe4QUuSeCL24cy7iRCMJ33iQHeFXZsb3GHyRtQEr,The Butcher's Cave (jig) 1067,NA,The Butcher's Cave,Misc tunes,after Sg't. J. O'Neill,NA,NA,publicdomain,0.0,0,0,1,1,1,0,38,202,5.315789473684211,False,2.573739055494732,0.99009900990099,0.9791666666666666
QmZVRDwYS8ck5VQxmyLdFyKk8ejiWgJYaNxGrrU6obajVC,The Butcher's March (jig) 0867,NA,Butcher's March,Misc tunes,after Mr. Hartnett,NA,NA,publicdomain,0.0,0,0,3,1,1,0,38,176,4.631578947368421,False,2.620843515893751,1.0,0.9450757575757576
QmUUgvz6MvW7ZYheQsm6pf1TBhpHJ32QkB7JQzU9nbraR8,The Butterfly,Red Monarch Butterfly TheRed Admiral Butterfly The,The Butterfly,Misc tunes,NA,NA,NA,publicdomain,0.0,0,0,5,1,1,0,24,146,6.083333333333333,False,2.490833163571577,1.0,0.900462962962963
QmTsm3VSpWyF1opsNsCSS1AkMqa91M9a8RFSRd3aWaxheB,The Butterfly,ButterflyButterfly Gig TheFionaKick The PeelerRed Admiral Butterfly TheRed Monarch Butterfly The,The Butterfly,Misc tunes,NA,NA,NA,publicdomain,0.0,0,1,8,1,1,0,24,146,6.083333333333333,False,2.490833163571577,1.0,0.900462962962963
QmSzU27VT84VyscASBeKKcZvSh74HiPQNVVxQsFbCbKC82,The Butterfly(for Piano),NA,NA,NA,irish Traditional music,NA,irish-irishmusic-irishtraditionalmusic-traditionalmusic-celtic-celticmusic-traditional-piano,cc-zero,4.83,3,10,166,1,1,0,25,327,13.08,False,2.7488481957295945,1.0,0.9030172413793104
QmfQ68o2pEp2NLYni3232a8BYvdNB8gEa6Z8t5wcRVCVoK,The Button Hole,NA,Button Hole,Misc tunes,NA,NA,NA,publicdomain,0.0,0,0,3,1,1,0,18,87,4.833333333333333,False,2.822219143253317,0.9770114942528736,0.9192708333333334
QmZguhwKEKZYVmgn8ApWBrR5TmQ4kdSbqU37XP7FpuBvk1,The Button that Suits the Cloth,NA,The Button that Suits the Cloth,Misc tunes,NA,NA,NA,publicdomain,0.0,0,0,4,1,1,0,32,168,5.25,False,2.6095538951408463,1.0,0.9565972222222222
Qme62RnfPWw8MoTbPHTjXrKSBf9QLTQJ5BEMcrAKf5AMor,The C\'uil Aodha Slide,NA,The C\'uil Aodha Slide,Misc tunes,NA,NA,NA,publicdomain,0.0,0,0,1,2,1,0,38,431,11.342105263157896,False,2.656771456730077,1.0,0.9539650537634408
Qma7n8h1KcSveATMPwXx3spv38sJcb4CK31LSquhMV1khB,The Cabinet Of Love. WM.087,NA,Cabinet Of LoveThe. WM087,Misc tunes,NA,NA,NA,publicdomain,0.0,0,0,2,1,1,0,32,120,3.75,False,2.4717896158892856,1.0,0.953125
QmTcizAvktQqpatg4na1GZ2RtAULfcwt83tE7BmEUtvEvb,The Cabinet. JJo5.079,NA,The Cabinet,Misc tunes,NA,NA,NA,publicdomain,0.0,0,0,1,1,1,0,24,115,4.791666666666667,False,2.828985277977903,0.982608695652174,0.9340277777777778
Qmdu6acNY68fpKWk2jbsdgZYqL3vzGjts5iEjcyUM7ZzNA,The Cachoucha. WES.119,NA,CachouchaThe. WES.119,Misc tunes,NA,NA,NA,publicdomain,0.0,0,0,3,1,1,0,32,97,3.03125,False,2.816871670313283,0.9587628865979382,0.9147727272727272
QmdBvMRcFoHDdPgPWwpxChJaqjNJrRcoPc5aCGLH8oyFBK,The Cadge. WHL.[099],Cadge by Jas Hill WHL.[099] TheNo6 The Cadge by Jas Hill WHL.[099]Cage Hpaka. WHL.[099] The,The Cadge. WHL.[099],Misc tunes,by Jas Hill,NA,NA,publicdomain,0.0,0,0,2,1,1,0,36,228,6.333333333333333,False,2.749007384719843,0.9912280701754386,0.9622395833333334
QmQxJnUbzbsERb2iXHEMpQ2TPpgXNpUgki8JejPX79xRxK,The CADGERS OF THE CANONGATE,NA,Cadgers in the Canongate,Misc tunes,NA,NA,NA,publicdomain,0.0,0,0,0,1,1,0,20,144,7.2,False,2.3214577471380844,1.0,0.8971354166666666
QmRx2oADYTfrUkMrBVAXoyNezpGeryDy6KPtEhXRBSPnWv,the CAIRNEY MOUNT,NA,Cairney Mount,Misc tunes,NA,NA,NA,publicdomain,0.0,0,0,1,1,1,0,36,166,4.611111111111111,False,2.5433524823446194,1.0,0.935546875
QmRiuQC2ej6xieN7UYm5KdcCjy2XL5JyYH6RuwZveazmH4,The Caithness Reel,NA,The Caithness Rant,Misc tunes,NA,NA,NA,publicdomain,0.0,0,0,0,1,1,0,23,136,5.913043478260869,False,2.5233654462619137,1.0,0.981359649122807
QmXmRD564pnxxRCpjBByoKPRwgJvzPmmb6K8ZsXurUFkLF,The Caithness Reel,NA,The Caithness Rant,Misc tunes,NA,NA,NA,publicdomain,0.0,0,0,7,1,1,0,34,228,6.705882352941177,False,2.522193131480689,1.0,0.9817708333333334
QmcsjWgoAveeAb2BFZZ7jqY4yUESHZhHJPCXJFtpdkNxUK,the Caledonian Hunt's Delight. Irish,NA,The Caledonian Hunt,Misc tunes,NA,NA,NA,publicdomain,0.0,0,0,5,1,1,0,110,657,5.972727272727273,False,2.687977238092464,0.9939117199391172,0.9525193798449612
QmagzZpYAbR1yLrFMZNur8A9cWWK9L8wQZGXbbyh6znzTr,the Caledonian Laddie,NA,CALEDONIAN LADDIE,Misc tunes,NA,NA,NA,publicdomain,0.0,0,0,2,1,1,0,53,339,6.39622641509434,False,2.955784136942325,0.943952802359882,0.9508333333333332
QmPP2iRDNjrzANzhnkEgT3RBhu8FopoyC8EZC3TU7FiV4S,The Call,NA,the call,Regina Spektor,Regina Spektor,folk,acappella-ssa-reginaspektor,cc-zero,4.74,5,43,819,0,3,0-0-0,63,760,12.063492063492063,True,2.6497608572186,1.0,0.9129704301075268
QmZwtmCTidBXErDsaqNbCuTgJX7xykSBWr22aeoeymHgHP,THE CALL (Arabic),NA,THE CALL (Arabic),Misc Traditional,NA,folk,NA,publicdomain,0.0,0,0,6,1,1,0,17,178,10.470588235294118,False,2.460914943415828,0.9887640449438202,0.9765625
QmQxHwBXXBtuYf97bVnkt7GmBKXM98PTDwh45575Wx2ZpL,The call come up higher is ringing out still - Grant Colfax Tullar,NA,The call come up higher is ringing out still,Grant Colfax Tullar,NA,classical,NA,publicdomain,0.0,0,0,2,1,1,0,33,342,10.363636363636363,False,2.8880474299510035,0.9444444444444444,0.9652777777777778
QmUidocM2MvuRTeLgZcKf9jBfvFH4Ftqv4rqrUh7M7jEX7,THE call of God is sounding clear - James McGranahan,NA,THE call of God is sounding clear,James McGranahan,NA,classical,NA,publicdomain,0.0,0,0,6,2,1,0,22,305,13.863636363636363,False,2.6454799243534626,0.9934426229508196,0.9156746031746033
QmewKeHh78RuwGHUrRzmSSserRM5RbeQoYF4TPkye7dqXi,The call to arms is sounding today - W. Stillman Martin,NA,The call to arms is sounding today,W. Stillman Martin,NA,classical,NA,publicdomain,0.0,0,0,6,1,1,0,29,326,11.241379310344827,False,2.937809556391574,0.9355828220858896,0.9461805555555556
QmRtFhv9bvCGPz5MWnfjtfqxqzbK62J8o2jMNzBwVjQSE8,The Cambeltown Kiltie Ball,NA,The Cambeltown Kiltie Ball,Misc tunes,Joe Buchanan's Scottish Tome - Page 401.1,NA,NA,publicdomain,0.0,0,0,0,1,1,0,42,290,6.904761904761905,False,2.575289329505295,1.0,0.9439102564102564
QmYGeDiaGNKQTX9ut1YwbevdBpGgerBxGXNJpefJWW8zdr,The Cambrian Lyrist,NA,The Cambrian Lyrist,Misc tunes,NA,NA,NA,publicdomain,0.0,0,0,1,1,1,0,36,152,4.222222222222222,False,2.5651214971827585,1.0,0.9236111111111112
QmUH14k38WNj7gwmBs3U6UKvWBd9Nmnk9KVzMe63XHrwVE,The Cambro Britons 3,NA,The Cambro Britons,Misc Traditional,NA,folk,NA,publicdomain,0.0,0,0,0,1,1,0,32,114,3.5625,False,2.215096040827884,1.0,0.9166666666666666
QmTGgToGzny7YbkQvNoL1rJ43ddBwQzSFjEda3cJse9wnS,The Cameron Highlander 1st part harmony on repeat of tune,NA,The Cameron Highlander 1st part harmony on repeat of tune,Misc tunes,NA,NA,NA,publicdomain,0.0,0,0,4,1,1,0,8,44,5.5,False,2.389576999397246,1.0,0.9375
QmP3TbwnwT352vwJRGmiDhNBKM8dBdzLyALELKm2smEK5M,The Campbells are Coming,Tá na Caimbéalaigh ag Teacht,The Campbells Are Coming,Misc tunes,NA,NA,NA,publicdomain,0.0,0,0,2,1,1,0,16,142,8.875,False,2.4662516606974565,1.0,0.9632352941176472
QmdSPsHByAHTSdxE8ZAbxGTcpp4WDpXjeLPnaFiZmKjPbh,The Campbells are Coming - Baille Ionara,NA,Baille Ionara,The Campbells are Coming,The Campbells are Coming,classical,NA,publicdomain,0.0,0,0,1,1,1,0,33,337,10.212121212121213,False,2.471873103155541,1.0,0.8315972222222222
QmV7QuyZNkfZsxcjqbrzQmffzeqY3L1PSJnhLXWNYR61Cj,The Campbelltown Kiltie Ball,NA,Campbelltown Kiltie Ball,Misc tunes,NA,NA,NA,publicdomain,0.0,0,0,3,1,1,0,32,216,6.75,False,2.5406601240862017,1.0,0.9388020833333334
Qmd126bsDbtz4QphVvX4H39bbAfXH8qmnMszdHSfhhwAHy,The Camronanens Reel or Rant JBut.151,Cameronian's Reel or Rantaka. JBut.151,The Camronanens Reel or Rant JBut.151,Misc tunes,NA,NA,NA,publicdomain,0.0,0,0,1,1,1,0,36,256,7.111111111111111,False,2.827063410108263,0.96875,0.91796875
QmZLg38WcJyKcV1N8tLDUqk6i4oABxNEPxZLYCuXNknBfM,The Canadian Club,NA,Canadian Club,Misc tunes,NA,NA,NA,publicdomain,0.0,0,0,1,1,1,0,35,198,5.6571428571428575,False,2.761550613008416,0.9893617021276596,0.9583333333333334
Qma7XeFLgmGgBfb4qFRjpb6VmdFih6SapiSmV1EAGbkS8q,The Canal in October,NA,The Canal in October,Misc tunes,NA,NA,NA,publicdomain,0.0,0,0,16,1,1,0,36,198,5.5,False,2.6434365037015275,1.0,0.95703125
QmbyUUMGLTTNYb35ATD39iuT4KzD6vsdTZ6ekLqn8756hk,The Canongate Twitch,NA,The Canongate Twitch,Misc tunes,NA,NA,NA,publicdomain,0.0,0,0,2,1,1,0,7,64,9.142857142857142,False,2.3777516100837857,1.0,0.949404761904762
Qmb8hZr5nfyBJboKaihDw3WiwQUPsLtjVH6ziAUYcFUTPL,The Canongate Twitch,NA,The Canongate Twitch,Misc tunes,NA,NA,NA,publicdomain,0.0,0,0,3,1,1,0,32,226,7.0625,False,2.4864301958797617,1.0,0.9680989583333334
QmWnhMfsaRteE2Lqsp9Yk7AZfmWGVc6zpWY4uMxp2wePn1,The Canongate Twitch,NA,The Canongate Twitch,Misc tunes,NA,NA,NA,publicdomain,0.0,0,0,2,1,1,0,4,27,6.75,False,2.364912501682698,1.0,0.953125
QmckGoj28izxvQPUsKg1L1geyZVSEYGtCSFfGoFv3F6XFh,The Cape Breton Fiddlers' Society's Welcome To The Shetland Islands,NA,Cape Breton,Misc tunes,NA,NA,NA,publicdomain,0.0,0,0,21,1,1,0,36,230,6.388888888888889,False,2.62267162999106,1.0,0.9733072916666666
QmRw4czhwFDWXTeUMXPJRe9JqNJMPCMXhzDqw4fA9KevK4,The Cape Breton Fiddlers' Society's Welcome To The Shetland Islands,NA,Cape Breton,Misc tunes,NA,NA,NA,publicdomain,0.0,0,0,19,1,1,0,65,470,7.230769230769231,False,2.653821163750072,1.0,0.971474358974359
QmQCZVdYBrERumSdPZqBYMV6eRXjt2fupnG582NRmLv4QZ,The Cape Breton Fiddlers' Society's Welcome To The Shetland Islands,NA,Cape Breton,Misc tunes,NA,NA,NA,publicdomain,0.0,0,0,11,1,1,0,65,530,8.153846153846153,False,2.6142740505600326,1.0,0.9453125
QmYeUpzDXMPxJDuyGuzVnambj7GBszVTkCkYybd893awZb,The Cappuchine. JJo.110,NA,CappuchineThe. JJo.110,Misc tunes,NA,NA,NA,publicdomain,0.0,0,0,0,1,1,0,24,71,2.958333333333333,False,2.7086328138817604,1.0,0.9409722222222222
QmbTPBABtAhjacbhC3MVkRUbKN6frUgDFtBAzc1AZqSLzx,The Capt.ns Rambales. JBut.398,Captain's Ramblesaka JBut.398 The,The Capt.ns Rambales. JBut.398,Misc tunes,A Quick Step,NA,NA,publicdomain,0.0,0,0,2,1,1,0,24,124,5.166666666666667,False,2.708320694853185,0.9838709677419356,0.9537037037037036
QmUCTNZAwxF5X5qBxmsV2uGBKkRADcqHvTdPUHAHS1GMWr,The Captain With His Whiskers. WES.051,NA,The Captain with his Whiskers,Misc tunes,NA,NA,NA,publicdomain,0.0,0,0,2,1,1,0,28,166,5.928571428571429,False,2.4802847802970414,1.0,0.953125
QmPcXWggL1TttSgF5jtmD7L4sKMYz4pczuBSVDRNs2LQ33,The Captive Waltz2voices. JNu.31,NA,Captive WaltzThe. RH.107,Misc tunes,NA,NA,NA,publicdomain,0.0,0,0,2,0,2,0-0,36,186,5.166666666666667,False,2.669766770521167,0.989247311827957,0.9393939393939394
QmRQMZfi83Jw8DSxcfGGdWN2syKDH7uteTBBWq5n1YQFF9,The Capton and The Prity Girl of Darby. JBut.271,Captain and The Pretty Girl of Derby. JBut.271 The,The Capton and The Prity Girl of Darby. JBut.271,Misc tunes,NA,NA,NA,publicdomain,0.0,0,0,6,1,1,0,20,110,5.5,False,2.605410117595546,1.0,0.9430555555555556
QmVm8yGaW5MAQnnYrxui7LKHmpgJhWowAijSxTCstiAywQ,The Capuchin,NA,The Capuchin. Ru1.109,Misc tunes,NA,NA,NA,publicdomain,0.0,0,0,5,1,1,0,20,84,4.2,False,2.3195912390513165,1.0,0.9496527777777778
Qmd8PKSr3q1voXhQrUkUTgH4nWUFP68TboGQo2RKSiZrXj,The Caravat and Shanavest,NA,Shanavest and Caravat,Misc tunes,NA,NA,NA,publicdomain,0.0,0,0,1,1,1,0,36,234,6.5,False,2.791368425596983,0.9658119658119658,0.9778645833333334
QmSmFktPo5538snD9AB7eqXBzj7isEfAAne4EPakmu22Ws,The Cardinal. WCD3/6.189,NA,The Cardinal. WCD3/6.189,Misc tunes,NA,NA,NA,publicdomain,0.0,0,0,2,1,1,0,24,172,7.166666666666667,False,2.718562796142478,1.0,0.9189814814814816
QmY8qnh3CcRdTsMTASrVUPSTCx5vx4Pk5jCMwGRLYcZrNb,The Carle he came o'er the craft,NA,the Carle he came o'er the Craft.,Misc tunes,NA,NA,NA,publicdomain,0.0,0,0,1,1,1,0,16,120,7.5,False,2.946835989032835,0.8916666666666667,0.9661458333333334
QmRj6dJ4sGsMT3sx89H8o7PHMHdj8diCDbGK5YacpMk23X,The Carle he came o'er the craft,NA,the Carle he came o'er the Craft.,Misc tunes,NA,NA,NA,publicdomain,0.0,0,0,3,1,1,0,28,211,7.535714285714286,False,2.934125135572027,0.8957345971563981,0.9717261904761904
QmXZ5ihMCvM26y9QzRsbWr5qNimg1MMC4CXkQ1mSMPXj8P,The Carle he came o'er the Craft,NA,the Carle he came o'er the Craft.,Misc tunes,NA,NA,NA,publicdomain,0.0,0,0,1,1,1,0,32,246,7.6875,False,2.9623105009934894,0.91869918699187,0.9283854166666666
QmQdVavQFqFyfYDmdVqMCoCqXyiyhhzmQiRgB7YrXH9V7m,The Carle he came oer the Craft,NA,the Carle he came o'er the Craft.,Misc tunes,NA,NA,NA,publicdomain,0.0,0,0,2,1,1,0,40,168,4.2,False,2.554433431017518,1.0,0.9354166666666668
Qmewui471VaihxNnSfXgnsZTP5zSJuJjkGkriwtyaaqYT6,The Cashmere shawl,NA,The Cashmere Shawl,Misc tunes,anon.,NA,NA,publicdomain,0.0,0,0,6,1,1,0,14,93,6.642857142857143,False,2.60024817474159,1.0,0.9670138888888888
QmR2sV6WZufj6dMYdwoePpySWsmTPxhiXY72T2HetWNE8F,The Cashmere Shawl (reel) 1344,NA,The Cashmere Shawl,Misc tunes,after Mr. Kennedy,NA,NA,publicdomain,0.0,0,0,4,1,1,0,21,129,6.142857142857143,False,2.6217551426730283,1.0,0.9693627450980392
QmcT12n4PJaaKJr1Nzx2XbX19nkKu1HPtm5nAtaETE8tFi,The Cassano. JC.032,NA,The Cassano. JC.038,Misc tunes,NA,NA,NA,publicdomain,0.0,0,0,1,1,1,0,48,210,4.375,False,2.6125504896304803,1.0,0.921875
QmdcxJxkXbm2JasH5CtEGX3UhaqbUNHBkTznNKLhSAnovv,The Castle Of Dromore,NA,castle of dromore,Misc Traditional,NA,folk,NA,publicdomain,0.0,0,1,26,1,1,0,33,73,2.212121212121212,False,2.731840150257518,1.0,0.9375
QmPUTpFsFz1TVEPN6ms6aUw9bw7DNGtx2VC1YP1mtE6VEx,The Cat Came Back,NA,The Cat Came Back,Misc tunes,NA,NA,NA,publicdomain,0.0,0,0,21,1,1,0,44,268,6.090909090909091,False,2.6693054430049163,1.0,0.9260416666666668
QmQ1C3A58rKc19z84yqC4Gv6nZD4ut2edfb6EBhAsqqvM2,The Cat that Kittled in Jamie's Wig,NA,The Cat that Kittled in Jamie's Wig,Misc tunes,NA,NA,NA,publicdomain,0.0,0,0,9,2,1,0,23,429,18.65217391304348,False,2.669635648994229,0.9906759906759908,0.9583333333333334
QmYyo6eUVZL3dtqBZ1Y2M3XQyvKBp3QdoBQnVsyAKRmtGA,The Catching of Fleas,NA,Catching Of Fleas,Misc tunes,NA,NA,NA,publicdomain,0.0,0,0,2,1,1,0,27,148,5.481481481481482,False,2.736813974317551,0.972972972972973,0.8854166666666666
QmXDuVMBics9kM1WpN7mpfSEQJk36VNg9SfLr8eCTs8mN7,The Cave Of Many Colours,NA,The Cave Of Many Colours,Misc tunes,NA,NA,NA,publicdomain,0.0,0,0,7,1,1,0,31,194,6.258064516129032,False,2.779993750675944,0.9351351351351352,0.9375
QmdJQrtYKW6GiS6cH1ktzmqFxPcHYrZi7nnocSxJ9CqNdi,The Caves of Cong (air) 0161,NA,The Caves of Cong,Misc tunes,Unattributedwith feeling,NA,NA,publicdomain,0.0,0,0,2,1,1,0,22,86,3.909090909090909,False,2.79327370776598,0.9883720930232558,0.9097222222222222
QmXvtLBUtg6Kgdw9XfwnhnRUrvzgBHD2zDk2LjfN6V13hV,The Celebrated Chop Waltz,NA,The Celebrated Chop Waltz,Euphemia Allen,Euphemia Allen,classical,waltz-piano-solo,cc-zero,4.61,20,44,1567,1,1,0,80,913,11.4125,False,2.627004649655856,1.0,0.9916666666666668
QmVUs3Ujyd2KZbBfkSz84bjixxNGnmgvFvWtjkFvfPMrFK,the CELEBRATED HUNTER'S CHORUS in Der Freisch\utz.,NA,the CELEBRATED HUNTER'S CHORUS in Der Freisch\utz.,Misc tunes,NA,NA,NA,publicdomain,0.0,0,0,5,1,1,0,49,173,3.53061224489796,False,2.401351672305475,1.0,0.9094202898550724
Qme5pFRaDReT7ksAEFgLyhzN7t7Xo7qvGZtxDmDMRCbyPf,The CELEBRATED SPANISH CACHUCHA DANCE,NA,The CELEBRATED SPANISH CACHUCHA DANCE,Misc tunes,NA,NA,NA,publicdomain,0.0,0,0,3,0,2,0-0,35,284,8.114285714285714,False,2.825929668992304,0.9575971731448764,0.9487179487179488
QmerxwKMoHp4qNKfwryrxkv8fPENqHH4jHNMTVxtXp6ofa,The CELEBRATED SPANISH CACHUCHA DANCE,NA,The CELEBRATED SPANISH CACHUCHA DANCE,Misc tunes,NA,NA,NA,publicdomain,0.0,0,0,7,0,3,0-0-0,35,284,8.114285714285714,False,2.808669138456553,0.9646643109540636,0.9487179487179488
QmeEcirHZyyBGeAcofatRyPwWQoza3X59LoPWzEYEyBP1E,The Chain Gang,Work Song Traditionnel Arrangement: Jean-Paul Finck,The Chain Gang,Misc Traditional,NA,folk,NA,cc-zero,0.0,0,1,106,0,4,0-0-0-1,32,568,17.75,True,2.8104714822534187,0.946153846153846,0.92002688172043
QmdCGXYGrX3DPgKRxih6Er7BdAQmv3zkT6Q4SqsLKG2Eax,The Chainsmokers - See The Way feat. Sabrina Claudio (Instrumental w/ Vocals),NA,See The Way,The Chainsmokers,Zakura,pop-electronic,seetheway-thechainsmokers-chainsmokers-sabrinaclaudio,cc-zero,0.0,0,29,1231,0,2,0-0,140,1500,10.714285714285714,True,2.30261367928335,1.0,0.9483630952380953
QmWLcvwRjwNpGD1xGE5hQAAL9kDfyqw2vZUduapJD7gCkD,The Champion. WHL.[128],No. 2. WHL.[128],The Champion,Misc tunes,by Jas Hill,NA,NA,publicdomain,0.0,0,0,2,1,1,0,36,238,6.611111111111111,False,2.6054319893683235,1.0,0.9811197916666666
QmXtjuft7b674mY9vj669NHfXuBGXYF5EzWZK6G6YJQsvQ,The Chanter's Tune,Song of the Chanter The,The Chanter's Song,Misc tunes,NA,NA,NA,publicdomain,0.0,0,0,13,1,1,0,72,352,4.888888888888889,False,2.69388527067722,1.0,0.9386574074074074
QmV3EdGypYhoVPFmSjbsq6MYn9z7prirk6LB4paoh1hnZA,The Chanter's Tune (air) 0143,NA,The Chanter's Song,Misc tunes,Unattributedslow,NA,NA,publicdomain,0.0,0,0,2,1,1,0,18,82,4.555555555555555,False,2.591706852113869,1.0,0.953125
QmYYtMn46gHeVjBrphjK9y5eHprWdBUjTcQKsn2doDghYm,The Chanters Tune,NA,The Chanter's Song,Misc tunes,NA,NA,NA,publicdomain,0.0,0,0,3,1,1,0,19,95,5.0,False,2.746119495866373,0.936842105263158,0.9635416666666666
QmbTb9PmHMVYhcu9nKXX9L9dDcQC5GcHGmyMzyYfqQEiUF,The Chantreuse,NA,The Chanter's Song,Misc tunes,NA,NA,NA,publicdomain,0.0,0,0,3,1,1,0,35,143,4.085714285714285,False,2.563209469953798,1.0,0.9123263888888888
QmTQiPkF1sM3fgo8jnoXW7p4cGz4byx2BhF4j78BuKhuJQ,The Chantreuse,NA,The Chanter's Song,Misc tunes,NA,NA,NA,publicdomain,0.0,0,0,2,1,1,0,52,218,4.1923076923076925,False,2.581340630301104,1.0,0.9126157407407408
QmaA7FsygsLN1H2FYaqwMgmw21vPC9Lh1edXhxgKLwPKro,the CHAPTER OF FASHIONS,NA,The CHAPTER OF FASHIONS,Misc tunes,NA,NA,NA,publicdomain,0.0,0,0,1,1,1,0,12,63,5.25,False,2.586021265145084,1.0,0.9479166666666666
QmRMndV56jxmJbheCUhH6K9wgbihbd4jUk7X9dZc74EnvK,The Chapter of Kings. VWMLa.258,NA,The Chapter of Kings. VWMLa.258,Misc tunes,NA,NA,NA,publicdomain,0.0,0,0,2,1,1,0,28,124,4.428571428571429,False,2.562372169536456,1.0,0.9513888888888888
QmVWDsQi99SDV8h85FyHRqJNEusVLiyPLK2TgbY5HA4De4,The Charming Fair Maid (air) 0241,NA,The Charming Fair Maid,Misc tunes,after Sg't J. O'Neillslow,NA,NA,publicdomain,0.0,0,0,2,1,1,0,17,55,3.235294117647059,False,2.5982564912204835,1.0,0.921875
QmZsfBmc3YiNXUZZ67kjTBYDiuBPbyMxLBwRLciorEi9PY,The cheery robin sings Be glad! - Howard E. Smith,NA,The cheery robin sings Be glad!,Howard E. Smith,NA,classical,NA,publicdomain,0.0,0,1,8,1,1,0,19,218,11.473684210526317,False,2.422565757053593,0.9954128440366972,0.94921875
Qme1i1Fc8n1hhVqWoA1QTZ5EvWZGZPS3EKCvqj4MXGmLB7,The Cherping of the Larke,NA,the CHERPING OF THE LARKE,Misc tunes,NA,NA,NA,publicdomain,0.0,0,0,1,1,1,0,8,33,4.125,False,2.5354854066472043,1.0,0.9479166666666666
QmVUMQKct7dUxx1eDhmZXKVJjL87oZoUAR4jSpkEjtFMzJ,The Cherping of the Larke,NA,the CHERPING OF THE LARKE,Misc tunes,NA,NA,NA,publicdomain,0.0,0,0,0,1,1,0,5,19,3.8,False,2.3531906713383224,1.0,0.9416666666666668
QmUEusgeXTc9PuL6CW1fVrwKp1a4AST34xYtUUBeWZ2g7K,The Chevy Chase,NA,NA,NA,Eubie Blake,NA,thechevychase-chevychase-chevy-chase-eubieblake-eubie-blake-ragetime,cc-zero,4.85,4,13,578,2,1,0,152,2347,15.44078947368421,False,3.2296230953694134,0.8683425649765658,0.9088024282560706
QmSBK42bbUTD7EG2n9Ri6gMoevsM3UzGMu8qs13JfrGHxq,The Chieftain (air) 0206,NA,The Chieftain,Misc tunes,after Chief F. O'Neillmoderate,NA,NA,publicdomain,0.0,0,0,2,1,1,0,18,87,4.833333333333333,False,2.556838356546055,1.0,0.9388888888888888
QmUwtj6J8VXHzkSSCg2XGPWtUKeCQ1Z1rKqz69woy9rVfX,The Chieftain's Frolic,NA,The Chieftain,Misc tunes,NA,NA,NA,publicdomain,0.0,0,0,1,1,1,0,34,260,7.647058823529412,False,2.508144326841323,1.0,0.9596354166666666
QmU2b3pqx2hKjRp8kvPx1sRgCP88km7T49aPNqu8a7Lyh5,The Chieftain's Lament,Do chinneadh bhi gun cheann,The Chieftain,Misc tunes,NA,NA,NA,publicdomain,0.0,0,0,4,1,1,0,19,124,6.526315789473684,False,2.646793040712278,0.9032258064516128,0.9166666666666666
QmesD3imZTzhQ4RX3niTqfyRDswQkV88ak3GijEv64XZdA,The children are coming to Jesus today - Victor H. Benke,NA,The children are coming to Jesus today,Victor H. Benke,NA,classical,NA,publicdomain,0.0,0,0,3,2,1,0,18,324,18.0,False,2.7850247854845755,0.9783950617283952,0.8940972222222222
QmNWhkNgpjTK7ES7TGuNwzjnrTfiK7fedi6dW7CsPMydnM,The children of earth are the light of our eyes - Howard Clare,NA,The children of earth are the light of our eyes,Howard Clare,NA,classical,NA,publicdomain,0.0,0,0,5,2,1,0,19,348,18.31578947368421,False,2.751043249925094,0.9827586206896552,0.9392361111111112
QmYYuqU12hXunUNsPNChwJumv4maFjn32VYBASNdCh9FEu,The children to Jesus may come - Jno. R. Sweney,NA,The children to Jesus may come,John R. Sweney,NA,classical,NA,publicdomain,0.0,0,0,5,1,1,0,18,236,13.11111111111111,False,2.500048543080992,0.9957627118644068,0.9348958333333334
QmTcUqfCBUVPA5Rifd6oVCLMmBwYS93Dxw8SGrs7doknEX,The children's Friend is Jesus - Robert Harkness,NA,The children's Friend is Jesus,Robert Harkness,NA,classical,NA,publicdomain,0.0,0,0,4,1,1,0,19,232,12.210526315789474,False,2.397893285967457,0.9913419913419912,0.9461805555555556
QmbDS4AT8jrANiun8stFa7y6jpWCbcxDMSjPaqjsMNq6nV,The Chimes of Dunkirk,NA,The Chimes of Dunkirk,Misc tunes,NA,NA,NA,publicdomain,0.0,0,0,3,1,1,0,22,90,4.090909090909091,False,2.8534332991290743,0.9777777777777776,0.9453125
QmPjmpxTUGxvNdMPUpLYT4ASP8AHemBzJJbmGmEB3uJnB3,The Chinese Festival,NA,The Chinese Festival,Misc tunes,NA,NA,NA,publicdomain,0.0,0,0,7,1,1,0,16,112,7.0,False,2.772639507469372,1.0,0.8958333333333334
QmTM2karjKSmNNt8zhV6g8kNf2uUSPL2WfdvBXVA6myc1W,The Chirping Of The Lark. (p)1651.PLFD1.015,Bonny Kate. (p)1651.PLFD1.015,The Chirping Of The Lark. (p)1651.PLFD1.015,Misc tunes,NA,NA,NA,publicdomain,0.0,0,0,6,1,1,0,16,66,4.125,False,2.656697527859326,0.9393939393939394,0.9583333333333334
QmSSFafMQV4YLuXKV5X2sY2a5P7VXrNjQsJNihxMckw4Zo,The Choice Wife,Perfect Wife TheVirgin MaryO'Farrell's Welcome to LimerickBoy in the Bush The,The Choice Wife,Misc tunes,NA,NA,NA,publicdomain,0.0,0,0,2,1,1,0,40,312,7.8,False,2.708658946656592,0.9807692307692308,0.9523148148148148
QmPTeLffhDbgTNYBgUJQkMvWvJAMecqFfGomFXM3fEzR2P,the Chorus Jig,NA,CHORUS JIG,Misc tunes,NA,NA,NA,publicdomain,0.0,0,0,1,0,2,0-0,52,535,10.288461538461538,False,2.70811372044823,0.955140186915888,0.9513888888888888
QmVRG9sDiEDK4PRbTrURYiMTuz6gptrWo3pq1weZvFWB5S,The chorus jig,NA,CHORUS JIG,Misc tunes,anon.,NA,NA,publicdomain,0.0,0,0,1,1,1,0,72,373,5.180555555555555,False,2.6438214558392508,1.0,0.945216049382716
QmeHrkydnLGq3canKM1fAVZy3HCgMRjdqiqcayeKaEduRn,The Chorus Reel 1223,NA,The chorus reel,Misc tunes,after Mr. Kennedy,NA,NA,publicdomain,0.0,0,0,2,1,1,0,41,273,6.658536585365853,False,2.800442891356308,0.9633699633699634,0.9324494949494948
Qme6auDwniVu9o8uYS7kDJtPafhvqHR2oVTNj3HbiuZN34,The Christ is found weve waited long - Wm. J. Kirkpatrick,NA,The Christ is found weve waited long,William J. Kirkpatrick,NA,classical,NA,publicdomain,0.0,0,0,7,1,1,0,20,261,13.05,False,2.526757886688371,0.9885057471264368,0.8836805555555556
QmbFEdo16ZiV1N3aWwVZZ2JWwJhg7en1pshLdhHHtLwNMX,The Christ is King over all the world - Carrie E. Koch,NA,The Christ is King over all the world,Carrie E. Koch,NA,classical,NA,publicdomain,0.0,0,0,4,2,1,0,19,247,13.0,False,2.8181390806042965,0.9392712550607288,0.9166666666666666
QmZRZWRSXHtNkmpcFwrEBZZSgxPTCsMr4gdYd5mRQza834,The christening,NA,The Christening,Misc tunes,anon.,NA,NA,publicdomain,0.0,0,0,0,1,1,0,19,122,6.421052631578948,False,2.749227530977122,0.9918032786885246,0.9479166666666666
QmNwiPVNwrRYiWWAXYry6PHUizFxiFNGiUZwA8aQ2T3Qaq,The Christening (reel) 1286,NA,The Christening,Misc tunes,after Mr. Cronin,NA,NA,publicdomain,0.0,0,0,4,1,1,0,37,243,6.567567567567568,False,2.7396624816082005,0.9917695473251028,0.9438131313131312
QmUk1B72fK1CRrrCxNwDvG8BDn3ywqMdYNYJZJFwH2kBa5,The Christian Warfare,NA,The Christian Warfare,Misc Traditional,NA,folk,NA,publicdomain,0.0,0,0,1,0,3,0-0-0,24,283,11.791666666666666,False,2.378307614020233,1.0,0.9534313725490196
QmV5AuBSjv63uuhPhVv6TwH7c23RA8Fds4cKBiJz7qLoXx,The Christian's Conflicts,NA,The Christian's Conflicts,Misc Traditional,NA,folk,NA,publicdomain,0.0,0,0,1,0,3,0-0-0,19,158,8.31578947368421,False,2.4448248557882484,1.0,0.961622807017544
Qmb14HrhsVbbPkWsj5X7t7ckQxeep4VLD8myZ8Ew535awM,The Christian's Hope,NA,The Christian's Hope,Misc Traditional,NA,folk,NA,publicdomain,0.0,0,0,1,0,3,0-0-0,19,195,10.263157894736842,False,2.435950926845597,1.0,0.9002976190476191
QmXVtQKN5rfsfFMTZgxut8cp7kinrHWhvdsu26gThvWwtu,The Christian's hope O how it cheers (Morris) - Mrs. C. H. Morris,NA,The Christian's hope O how it cheers (Morris),Mrs. C. H. Morris,Mrs. C. H. Morris,classical,NA,publicdomain,0.0,0,0,2,1,1,0,21,336,16.0,True,2.908759737260897,0.9539877300613496,0.9402777777777778
QmSjzgcSYVMpEe5Y4bHiENCjvx4jM33WC8kM6MWWva9YPE,The Christians life is born of faith - Adam Geibel,NA,The Christians life is born of faith,Adam Geibel,NA,classical,NA,publicdomain,0.0,0,0,3,1,1,0,19,303,15.947368421052632,False,2.8834888107322088,0.9471947194719472,0.9401041666666666
QmVu2m8Epgjj5QtzrqxkHQYS2Z411RzExGmtY6PijS72TY,The Circle,Am Porst CròmRattling Roaring Willie/Rantin Roarin Willie,The Circle,Misc tunes,NA,NA,NA,publicdomain,0.0,0,0,3,1,1,0,36,278,7.722222222222222,False,2.6248268943833875,1.0,0.9733796296296297
QmWe1MFukTBxkP2faCzQdrRWRHGCn59weKNu5kwe9rc1w9,The Circle Dance from Abram,NA,The Abram Circle Dance,Misc tunes,NA,NA,NA,publicdomain,0.0,0,0,1,1,1,0,75,302,4.026666666666666,False,2.645732818383576,1.0,0.9280598958333334
QmWHYEAX4AmV1nJiSsabYUip5QYg6WcnRFB1b912dU2yEp,The Circle of Life,NA,circle of life,Elton John,NA,rock,NA,cc-zero,4.13,36,117,6349,1,1,0,46,83,1.8043478260869563,False,2.49462088545688,1.0,0.962037037037037
QmXL1tAXu8WwRDn7Sy95iNX7kbPvPxupQMvPDpSJRfT5eU,The Circus is Here,NA,The Circus Is Here,Rosenshontz,NA,NA,noregrets-forevah-forever-circus-dramatic-wierd-clown-fun-frozen-drama-scary-happy-smile-dance-music-red-face-no-insane-hard-silly-school,cc-zero,4.95,19,117,4186,0,1,0,378,34026,90.01587301587301,False,3.485090117043515,0.7042002923047594,0.9260311447811448
QmVmwt1KNdSNayffqAM7GZNChYaxsr75f24uDtTipfnjJ3,The City of Paris.2voices RH.064,Mountaka. RH.064 TheGreen Boxaka. RH.064 TheRobinson Crusoeaka. RH.064,The City of Paris.2voices RH.064,Misc tunes,NA,NA,NA,publicdomain,0.0,0,0,1,0,2,0-0,68,622,9.147058823529411,False,2.7160608063613707,1.0,0.9457465277777778
QmR6aBdnEJg2TRUBqhr1zsWhbCHdyZeti3vQmMLxANYFwS,The Cleaver Lad or,Gin I was a bonny Lad,The Cleaver Lad or,Misc tunes,NA,NA,NA,publicdomain,0.0,0,0,0,0,2,0-0,16,230,14.375,False,2.56081694411918,1.0,0.94921875
QmcPFKWkazSuMwsxk42AZcdiqT8RyedgfHkHu3zmzYWJDi,The Clever Lad. JBs.077,Because He Was A Bonnie Ladaka. JBs.077,The Clever Lad. JBs.077,Misc tunes,NA,NA,NA,publicdomain,0.0,0,0,1,1,1,0,36,114,3.1666666666666665,False,2.6224373270283308,1.0,0.9557291666666666
QmWBWE5wADBeDXdSgX2jKeFf2BMSALjRWC4RQvE8N2XhYc,The Cliffs Of Dooneen,NA,The Cliffs Of Dooneen,Misc tunes,NA,NA,NA,publicdomain,0.0,0,0,2,1,1,0,34,116,3.411764705882353,False,2.485136277026432,0.9827586206896552,0.9175347222222222
QmY168UaWd7nTLyNQLt4LomH1pafcgiKw96YJbkK2UWcfx,The Cliffs Of Dooneen,NA,The Cliffs Of Dooneen,Misc tunes,NA,NA,NA,publicdomain,0.0,0,0,6,1,1,0,17,51,3.0,False,2.510580101166629,1.0,0.9045138888888888
QmR3w6mg927efSNXRXUmFgFvmvHYqbPhVCQJkiYZB2JLE7,The Cliffs Of Dooneen,NA,The Cliffs Of Dooneen,Misc tunes,NA,NA,NA,publicdomain,0.0,0,0,8,1,1,0,34,106,3.117647058823529,False,2.4005248904880627,1.0,0.917572463768116
QmYLnbSRfrSF8CEmcbfJsZt5qY5ZzWMYcoXdGuFvXHurNG,The Cliffs Of Moher,NA,Cliffs of Moher,Misc Traditional,NA,folk,NA,publicdomain,0.0,0,0,0,1,1,0,68,379,5.573529411764706,False,2.6245314800656536,0.9947229551451188,0.9754901960784312
QmQAHRrgSVery2bTpvrDcAjjEhMZroVZHN8onpCsWVjqQM,The Cliffs of Moher,NA,Cliffs of Moher,Misc Traditional,NA,folk,NA,publicdomain,0.0,0,0,0,1,1,0,45,245,5.444444444444445,False,2.445180666659672,1.0,0.9694444444444444
QmV84u7T6kuXTBSbkGUDbfxXYtubGsAUb8MznsmZCnPpDM,The Cliffs Of Moher,NA,Cliffs of Moher,Misc Traditional,NA,folk,NA,publicdomain,0.0,0,0,0,1,1,0,16,84,5.25,False,2.7243385549618258,1.0,0.9696969696969696
QmNvcYV9phtoqxxz8UFKcpijQMTUzuh1WyySq5o8YZ8353,The Cliffs Of Moher,NA,Cliffs of Moher,Misc Traditional,NA,folk,NA,publicdomain,0.0,0,0,1,1,1,0,40,224,5.6,False,2.690833630401313,0.9866071428571428,0.975
QmNV7qjxQm1GMRE3tH9sR3yPV3pcvTJTPhjjjFFTLtwgtL,The Cliffs Of Moher,NA,Cliffs of Moher,Misc Traditional,NA,folk,NA,publicdomain,0.0,0,0,6,1,1,0,108,566,5.2407407407407405,False,2.595971017638399,1.0,0.9686147186147186
QmXx1RShEj3HXSdPVV9a5QRfG3uT1Qrc3kkupwCwuPWic2,The Cliffs Of Moher (jig) 0861,NA,Cliffs of Moher,Misc Traditional,after Chief F. O'Neill,folk,NA,publicdomain,0.0,0,0,15,1,1,0,38,206,5.421052631578948,False,2.554987306709061,1.0,0.9602272727272728
QmUooBRfg2diwFrRmoMFE7TMsoF8J7vBK1Upk6TXX5E6Eg,The Clock In The Steeple (reel) 1248,NA,The clock in the steeple,Misc tunes,Unattributed,NA,NA,publicdomain,0.0,0,0,3,1,1,0,19,127,6.684210526315789,False,2.786054367162085,0.9921259842519684,0.9518229166666666
QmNo5tbasGz5a3xLEignyWm36guGshPH2RWTvfAhCnMVJ9,The Cloud and Fire - C. Austin Miles,NA,The cloud and fire,C. Austin Miles,NA,classical,NA,publicdomain,0.0,0,0,7,1,1,0,26,459,17.653846153846153,False,2.7313461919676665,0.9803921568627452,0.9661458333333334
QmPL5HnYcmks6Tk67EfCDRGoB1oCYM5WkJDDaz41fFkkJQ,The clouds may hover over me - C. Austin Miles,NA,The clouds may hover over me,C. Austin Miles,NA,classical,NA,publicdomain,0.0,0,0,3,2,1,0,30,398,13.266666666666667,False,2.643324672392575,0.984924623115578,0.8877314814814815
QmdmHRt2fbLQ6CBVr6LovGz6DukFukMyhg24zDXtd6ZJQp,The clover blossoms sweet - Florence W. Williams,NA,The clover blossoms sweet,Florence W. Williams,NA,classical,NA,publicdomain,0.0,0,0,3,2,1,0,25,290,11.6,False,2.6330917991421376,0.9689655172413794,0.9847222222222224
QmUuYqJQdCg7z9wiR8WM4Q3UMVb7wZi9JJ19d7JJeRCPkd,The Clumsy Lover CYMRU,NA,The Clumsy Lover,Misc tunes,NA,NA,NA,publicdomain,0.0,0,0,9,1,1,0,72,592,8.222222222222221,False,2.6135329132565026,1.0,0.9865451388888888
QmZRJDABiZue4vwfWCHDZ2PPCTUFB1J7ERJXsACxrFez6K,The Clumsy Lover Jig,NA,The Clumsy Lover,Misc tunes,NA,NA,NA,publicdomain,0.0,0,1,26,1,1,0,112,640,5.714285714285714,False,2.628901853301486,1.0,0.9826388888888888
QmVgg5sVsAuASgwWiDit6jtQA5WFKaCGiEgFSwwEiroi8d,The Clumsy Lover Jig,NA,The Clumsy Lover,Misc tunes,NA,NA,NA,publicdomain,0.0,0,0,9,1,1,0,64,374,5.84375,False,2.648672485820792,0.9786096256684492,0.9887152777777778
QmfFrze2aNGTpUU8UsBeWhR1yWrNt1r4MFGYiCUGFhNZfu,The Co-operative H'pipeaka. RDO.03,Miss Green's Hpaka. RDO.03,The Co-operative H'pipeaka. RDO.03,Misc tunes,untitled in ms my title.,NA,NA,publicdomain,0.0,0,0,4,1,1,0,36,222,6.166666666666667,False,2.790402244939385,0.963963963963964,0.9518229166666666
QmdU3irF6m9dSkT8Vh55bvChMeLcdhsqkKAnWYrCmUW7vh,The Cobbler and the Butcher/The Cunning Cobbler,NA,The Cobbler and the Butcher/The Cunning Cobbler,Misc tunes,NA,NA,NA,publicdomain,0.0,0,0,5,1,1,0,12,61,5.083333333333333,True,2.058646485724017,1.0,0.95625
QmP58j6QLpoRuf857FErjd321nzD8bwsRExEDDbWmqtoXJ,The Cobblers Ends,NA,The Cobblers Ends,Misc tunes,NA,NA,NA,publicdomain,0.0,0,0,0,1,1,0,11,53,4.818181818181818,False,2.5083849112399013,1.0,0.9553571428571428
QmcNSCbPCkDPo4kRWkYsorvcfEC7afxXr7mSuU8v8rW8uj,The Cock and Hen.,coilea.c agus an cear.c an,The Cock And The Hen,Misc tunes,NA,NA,NA,publicdomain,0.0,0,0,3,1,1,0,18,90,5.0,False,2.5269537237047155,1.0,0.9461805555555556
QmPqdgXP1mdQjcR48ThR1DH4qUU7jqE5CNz97LXxUsezPH,the Cock o' the North,NA,Cock O' The North,Misc tunes,NA,NA,NA,publicdomain,0.0,0,0,6,1,1,0,33,142,4.303030303030303,False,2.6999051428158136,0.971830985915493,0.9221014492753624
QmbkQ7kWUj28cyw7JauDN9LQKrkg9xQ75qpqspZMQaZwif,The Cock of the North,Cock o' the NorthChase me Charlie,Cock of the North,Misc tunes,NA,NA,NA,publicdomain,0.0,0,1,43,1,1,0,33,293,8.878787878787879,False,2.186381921864005,1.0,0.9253472222222222
QmebzUryxWADEXrf47ZPYtUt5zRK6EKwUcqfqmUpmtrTDz,the COCK OF THE NORTH,(An honorary title of the Duke of Gordon.),Cock of the North,Misc tunes,NA,NA,NA,publicdomain,0.0,0,0,6,1,1,0,20,132,6.6,False,2.2363357417239973,1.0,0.8854166666666666
QmX8EifjFoJC9kReEjyzszAjSdpoZPbe3pTT8cThDpuKDT,THE COCK OF THE NORTH -- Strathspey,NA,Cock of the North,Misc tunes,NA,NA,NA,publicdomain,0.0,0,0,20,1,1,0,35,230,6.571428571428571,False,2.250267111186089,1.0,0.8854166666666666
QmUJgme6zvxYEYoAJXDz8xepeZYy85Pn5hGVofGNJDstQG,The Cockold Comes Out Of The Amery.,NA,The Cockold Comes Out Of The Amery.,Misc tunes,NA,NA,NA,publicdomain,0.0,0,2,81,1,1,0,160,1001,6.25625,False,2.740505035272768,1.0,0.921875
QmPFVHsofnTmeYoWHMhkMqMXdLp7Kv5hPA9d4KJoC4ir5p,The Cocktail,Manglam An,The Cocktail,Misc tunes,NA,NA,NA,publicdomain,0.0,0,0,10,1,1,0,48,309,6.4375,False,2.60183891666506,0.9870550161812298,0.9557291666666666
QmWgveWyNGWaRNxJJuDud92KcDZDwFDCwurJkPxr4REbni,the Coleraine,NA,Coleraine,Misc tunes,NA,NA,NA,publicdomain,0.0,0,0,2,1,1,0,36,170,4.722222222222222,False,2.7161300473647296,0.8941176470588236,0.9600694444444444
QmTPeX2SR5bXQqa7EoXrWKkDmyyRkDv6vuVmNrvTfdZQxn,The Coleraine,NA,Coleraine,Misc tunes,NA,NA,NA,publicdomain,0.0,0,0,0,1,1,0,40,210,5.25,False,2.668628859853009,0.9142857142857144,0.9597222222222224
QmYUo1pMxxmMb9MnZBF1vwZUAYGRNApWotfdMUJM8Wt21L,The College Groves,NA,The College Groves,Misc tunes,NA,NA,NA,publicdomain,0.0,0,1,9,1,1,0,65,467,7.184615384615385,False,2.679579619107925,0.9914346895074948,0.9371408045977012
QmZCTHW2MdeC37HNJX3ACEMiBcwX83z9fmDeo4ZStyRD6K,The Collier's Daughter,The Nine Pint Coggie,The Collier's Daughter,Misc tunes,NA,NA,NA,publicdomain,0.0,0,0,2,1,1,0,34,240,7.0588235294117645,False,2.696100988734436,0.9666666666666668,0.9361979166666666
QmdS8mx1NyAX4WW4JBT8M6tpgN5AisBzrMrLEshny2SCGh,The Colosseum,NA,The Colosseum,Misc tunes,NA,NA,NA,publicdomain,0.0,0,0,0,1,1,0,45,272,6.044444444444444,False,2.679374034580156,1.0,0.9671875
Qmf2GjP21yr3iGJgGT2ThUgZfhmMKHoSivvgJNZuezwR7y,The COLOSSEUM,NA,The Colosseum,Misc tunes,NA,NA,NA,publicdomain,0.0,0,0,4,1,1,0,36,240,6.666666666666667,False,2.697310927432752,0.9915966386554622,0.9596354166666666
QmRefA1Gh2xHfA9ychHN8WeBM6QdMDDXYC3yTps23TGc28,The Comforter is here today - Wm. J. Kirkpatrick,NA,The Comforter is here today,William J. Kirkpatrick,NA,classical,NA,publicdomain,0.0,0,0,3,2,1,0,19,272,14.31578947368421,False,2.595753757991551,0.9925925925925926,0.9201388888888888
QmcR7Z9a9yj3XNxwWw3BXcyE9t4FWDJQrdwQvHpV2sXPMq,the Congress Reel,NA,the Congress Reel,Misc tunes,NA,NA,NA,publicdomain,4.83,3,3,116,1,1,0,36,236,6.555555555555555,False,2.558706303083538,1.0,0.9720052083333334
Qmdu5LnHwCQFKFEJ86hi6cnBpKfhAHNjTBZAXxwZN2hNbH,The Connacht Mother's Slumber Song,NA,The Connacht Mother's Slumber Song,Misc tunes,NA,NA,NA,publicdomain,0.0,0,0,4,1,1,0,36,152,4.222222222222222,False,2.4418848636581987,1.0,0.9537760416666666
QmdLkCHZoS7b5C9QZhsxexVoYDiEjZvuvwfrkiv45ernNg,The Connacht Outcry (march) 1848,NA,The Connacht Outcry,Misc tunes,Unattributed,NA,NA,publicdomain,0.0,0,0,6,1,1,0,28,181,6.464285714285714,False,2.448304200134894,1.0,0.8774038461538461
QmexMkr36a8K6Zh2Dgrqsmt7J1xrmaq9anxpnkH2ZyejqG,The Connachtman's Rambles,NA,The Connachtman's Rambles,Misc Traditional,NA,folk,NA,publicdomain,0.0,0,0,0,1,1,0,39,225,5.769230769230769,False,2.458720077289333,1.0,0.9841954022988506
QmNeWK6cZPEAn6pHLzvhA6LXZATQTCZbt7GEat7Kocryox,The Connachtman's Rambles,NA,The Connachtman's Rambles,Misc Traditional,NA,folk,NA,publicdomain,0.0,0,0,2,1,1,0,45,246,5.466666666666667,False,2.5697960014140184,1.0,0.9791666666666666
QmcoUsWfCfE7817WSAFu7E2dMmrCbMokpeeCzBn3vZjD2m,The Connachtman's Rambles (jig) 1003,NA,The Connachtman's Rambles,Misc Traditional,Unattributed,folk,NA,publicdomain,0.0,0,0,1,1,1,0,38,204,5.368421052631579,False,2.626984463854249,0.9901960784313726,0.98
QmQoGEF6AuwLZUNYVmub9GobQ7b3cDJR82bhj9i37HXQhi,The Connaughtman's Rambles,Connachtman's RamblesConnachtman's Rambles TheConnachtmann's Rambles TheConnaght Man's RamblesConnaught Man's Rambles TheConnaughtman's RambleConnaughtman's Ramble TheConnaughtman's Rambles,The Connaughtman's Rambles,Misc tunes,NA,NA,NA,publicdomain,0.0,0,0,2,1,1,0,185,1008,5.448648648648649,False,2.543401580092016,0.9910714285714286,0.9692234848484848
QmSsdcfpxXpdQwFR5vTLbcVDq4AQvCiAzNcz8MQoPh8kKu,The Connemara Stocking,Galway Reel TheWinter Apples,The Connemara Stocking,Misc tunes,NA,NA,NA,publicdomain,0.0,0,0,5,1,1,0,32,241,7.53125,False,2.557911882221225,1.0,0.982421875
QmRmtTkUQYV2vg6o38FXGLuMyphRojqugGwc6jw8nKRUMR,The Connemara Stocking,Galway Reel TheWinter Apples,The Connemara Stocking,Misc tunes,NA,NA,NA,publicdomain,0.0,0,0,3,1,1,0,16,121,7.5625,False,2.572593788226814,1.0,0.9778645833333334
QmQjeLbPCRtqYJ7iM3T8V3nBccykBzmjcCN7BiEfcezwMT,The Connundrum,NA,The Connundrum,Misc tunes,Joe Buchanan's Scottish Tome - Page 333.0,NA,NA,publicdomain,0.0,0,0,1,1,1,0,96,569,5.927083333333333,False,2.408044140951145,1.0,0.9045542635658914
QmagwHH4icGytuoTkcJaKQZzJpuDgn6aWF33KfisuK2gXS,The conscience of childhood is speaking in whispers - J. M. Dungan,NA,The conscience of childhood is speaking in whispers,J. M. Dungan,NA,classical,NA,publicdomain,0.0,0,0,5,1,1,0,18,311,17.27777777777778,False,2.5939818659342446,0.9581993569131833,0.8802083333333334
QmUt3ztpNLqMCPe4Hm4o6bNGeWUaRRvNtijBQCwpMQx1Ky,The Constant Farmer's Son,NA,The Constant Farmer's Son,Misc tunes,Sung by Billy Jordan (born 8th November 1828 at Brigg) 7 May 1906 Kirton-in-Lindsey Lincolnshire,NA,NA,publicdomain,0.0,0,0,7,1,1,0,18,108,6.0,False,2.5367995504655045,0.9814814814814816,0.9479166666666666
QmZoneyX3hhWXwBssRTKVVjwawxqfuQWFa2f4iXwNaLajE,The Contending Parsons,NA,The Contending Parsons,Misc tunes,NA,NA,NA,publicdomain,0.0,0,0,2,1,1,0,20,126,6.3,False,2.9582496599209955,0.9047619047619048,0.9309895833333334
QmQM8mEw2crBv3sQ3oGBY6q44uqpmwK5jHr4kZNyi3KVgj,The Contradiction,NA,The Contradiction,Misc tunes,NA,NA,NA,publicdomain,0.0,0,0,0,1,1,0,58,426,7.344827586206897,False,2.5949285221485745,1.0,0.9597701149425288
QmVbUXqGsHCfAXghsYxw5q1LYG3SCKczhmaL8SaiR5fVSP,The Contradiction,an frio.trai.dea.cd.,The Contradiction,Misc tunes,NA,NA,NA,publicdomain,0.0,0,0,1,1,1,0,34,260,7.647058823529412,False,2.60696365923953,1.0,0.9602864583333334
QmYqqw33ZxjoVQkwJVxo4QU3peEffHCkajGkcqgoSC6zaE,The Contradiction (215),NA,The Contradiction (215),Misc tunes,Miss Gunning's Delight Variant,NA,NA,publicdomain,0.0,0,0,2,1,1,0,35,260,7.428571428571429,False,2.615002393877772,1.0,0.9602864583333334
Qmcb7aBeu8qtRpjzPczu9uoyZ7dxmueE2fkC6GPETbfg38,The Contradiction (reel) 1503,NA,The Contradiction (reel) 1503,Misc tunes,after Sg't. J. O'Neill,NA,NA,publicdomain,0.0,0,0,1,1,1,0,70,523,7.4714285714285715,False,2.622345046177692,0.9980879541108988,0.9619140625
QmYNF6e1BqXXJyWRFxotvKWFa87i89VFhaY3bcvnrNk8L7,The contradiction reel,NA,The contradiction reel,Misc tunes,anon.,NA,NA,publicdomain,0.0,0,0,27,1,1,0,35,263,7.514285714285714,False,2.636977403027563,0.9961977186311788,0.9622395833333334
QmaeaXp1xham8TzYtHY2JpAmJA4LSTe9eD437ZursXM6wW,The Contradiction Reel,Miss Gunning's Fancy,The contradiction reel,Misc tunes,NA,NA,NA,publicdomain,0.0,0,0,2,1,1,0,64,460,7.1875,False,2.5912642288758896,1.0,0.9635416666666666
QmeDm6sgjsWwmbM5KpUFYtCdfwRP1QN4Xegaq5q3BjB4nm,The Converted Thief - Wiliam Moore,NA,The Converted Thief,Misc Traditional,NA,folk,NA,publicdomain,0.0,0,0,2,0,3,0-0-0,18,176,9.77777777777778,False,2.412400995062045,1.0,0.9503205128205128
QmahC485x2hfv1RsWNQMigBiqm6R7EoRpQ5gy1mhAvwdUd,The Cook In The Kitchen (doublejig) 1042,NA,The Cook In The Kitchen,Misc tunes,after Sgt. Early,NA,NA,publicdomain,0.0,0,0,2,1,1,0,56,274,4.892857142857143,False,2.525834731790795,1.0,0.9436936936936936
QmPB9gY4Qeg7q6gk9hC1SSPQSKpniWerfGi6mZNnf6ATPS,The Cooler. WCD3/6.193,NA,The Cooler. WCD3/6.193,Misc tunes,NA,NA,NA,publicdomain,0.0,0,0,2,1,1,0,40,294,7.35,False,2.790543390738116,0.9727891156462584,0.9700520833333334
Qmbegq1RNzcaCm5ceF87ZR9w7kUSV9FVoELDsMnLNjKkJ2,The Coolin (variations) 0089,NA,The Coolin,Misc tunes,after Sg't. J. O'NeillPART TWO OF THREE,NA,NA,publicdomain,0.0,0,0,2,1,1,0,36,182,5.055555555555555,False,2.5422547406050264,1.0,0.9108796296296297
QmYpAACjznnKWKepmsRpF1ivLPvsLypELUT8ZNXRoEFhjs,The Coolin (with variations) (air) 0089,NA,The Coolin,Misc tunes,after Sg't. J. O'Neillslow (PART ONE OF THREE),NA,NA,publicdomain,0.0,0,0,51,1,1,0,51,259,5.078431372549019,False,2.811382000869349,0.9691119691119692,0.90625
QmS1F7qMRTQ837MMHHh9F6k71wjrwKL4vu4hvd3rWmFn43,THE COOLIN. With Variations,NA,The Coolin,Misc tunes,NA,NA,NA,publicdomain,0.0,0,0,18,1,1,0,127,591,4.653543307086614,False,2.7383755441345894,0.9864636209813876,0.8966666666666667
Qmb9V7ukGAipoQBE7jRa61Ssr7hEm7BtrxeXj9yLNMFMpn,the Cordwainer's March.,Mr Nairne's Strathspey [Daniel MacLaren]the Revd. Patrick Macdonald of Kilmore [Alexander Campbell]Lord Balgonie's Favorite [Niel and Nathaniel Gow]Gloomy Winter [Robert Tannahill]the theme from The Piano [Michael Nyman],the Cordwainer's March.,Misc tunes,NA,NA,NA,publicdomain,0.0,0,0,3,1,1,0,20,148,7.4,False,2.6807260503708683,1.0,0.9075520833333334
QmZkUBsASAg7uxJmmpwPohCoggZtbCctx7Gd2UMk9UrWEM,The Cork Lasses,Little Pig Lamenting the Empty Trough TheSally on the Shore,The Cork Lasses,Misc tunes,NA,NA,NA,publicdomain,0.0,0,0,3,1,1,0,16,116,7.25,False,2.6977242356342668,1.0,0.98046875
QmQ3qaweja9hfTE1qvPMNWSfPzPiDALoLFLXyovq8HQC7o,The Corn Riggs with Variations. JHa.58,NA,The Corn Riggs with Variations. JHa.58,Misc tunes,NA,NA,NA,publicdomain,0.0,0,0,6,1,1,0,142,982,6.915492957746479,False,2.718526295932976,1.0,0.918
QmQPHnSHKkuj4RF9fBXAUeUDiTtdcHvobvdbimCZtMb29U,The Corner House Jig 2,NA,The Corner House Jig 2,Misc tunes,Joe Buchanan's Scottish Tome - Page 322.2,NA,NA,publicdomain,0.0,0,0,5,1,1,0,43,209,4.8604651162790695,False,2.609467893206698,1.0,0.9760802469135802
QmRSD1RfjBDSCJm2UH9Hh1isTiBTiS4WG3smVCqUpmsEcy,The Cornish Quickstep,NA,Cornish Quickstep,Misc Traditional,NA,folk,NA,publicdomain,0.0,0,0,14,1,1,0,36,154,4.277777777777778,False,2.8556704373563235,0.948051948051948,0.96875
QmTV35v6JCGGYbNaxYJdDHwqjZVcb9bszB49KSCJcKLXo5,The Coronation Day. WCD3/1.158,NA,The Coronation Day. WCD3/1.158,Misc tunes,NA,NA,NA,publicdomain,0.0,0,0,3,1,1,0,14,49,3.5,False,2.609523981236674,1.0,0.9548611111111112
QmUEz3iypoLEXsJSTj1o6MhsVMhWhkNtESPMo1TYhVHBYg,The Coronation. THO2.110,NA,The Coronation. THO2.110,Misc tunes,NA,NA,NA,publicdomain,0.0,0,0,6,1,1,0,32,142,4.4375,False,2.83020007008141,0.943661971830986,0.9192708333333334
QmWUrrwWSKSMtdkyDTShmjLzA7iCN3wBsKkNCbsCA44UHi,The Cottage adjoining the Fall,Bothan an easan,The Cottage adjoining the Fall,Misc tunes,NA,NA,NA,publicdomain,0.0,0,0,4,1,1,0,18,77,4.277777777777778,False,2.355254498756451,1.0,0.9097222222222222
QmRXTb28ycR2uNa3U8Ra2bRchoHRsrFDFwRPXrvgQ6rBy4,The Cottage Fly,NA,The Cottage Fly,bruce.robinson.5458,Bruce Robinson 2015Transcribed 10/29/2019,NA,dancemelody,cc-zero,0.0,0,0,15,1,1,0,183,1116,6.098360655737705,False,2.96357637995414,0.9587073608617596,0.9863387978142076
QmetNEur1aENWvrLq6U2M7SWfshzxngWLpCCTvRQNqSBtd,The COUNTRY SHEEP-SHEARING,The WATERMAN'S DANCE,The County Sheep-Shearing,Misc tunes,NA,NA,NA,publicdomain,0.0,0,0,1,1,1,0,36,78,2.1666666666666665,False,2.718024579366738,0.9615384615384616,0.9583333333333334
Qmd8QrWDrEm8kTwgHeb28kVzcAMjrNRFWsXpzFqESv1zAZ,The County Limerick Duck Hunt,NA,The County Limerick Duck Hunt,Misc tunes,NA,NA,NA,publicdomain,0.0,0,0,4,1,1,0,17,90,5.294117647058823,False,2.5914506434011164,1.0,0.9670138888888888
QmbsVRZYvySYNZSMWbGqxtpVngw5Av4D6smhHSAD2bpvdU,the Coventry Carol,NA,coventry carol,Misc Christmas,NA,soundtrack,NA,publicdomain,0.0,0,0,60,1,1,0,16,28,1.75,False,2.4932839392193467,0.8571428571428571,0.9545454545454546
QmQYwvSgox8YATYtWQ8w6iwnGrR5jY3dLmm2Jxd6remcEC,The Coventry Carol,NA,coventry carol,Misc Christmas,NA,soundtrack,NA,cc-zero,4.42,11,19,182,1,1,0,32,165,5.15625,False,2.7969353830550787,0.9151515151515152,0.9444444444444444
QmTowLUPbAgi6VLWxtsuX8tGgrjL1wynp1XBKaRNXQUvkK,The Cow That Ate The Blanket,NA,The Cow That Ate The Blanket,Misc tunes,NA,NA,NA,publicdomain,0.0,0,0,6,1,1,0,32,236,7.375,False,2.597759240387244,1.0,0.9388020833333334
QmXG7z1GjMmCzAFhy9qWFZAh6Tz7iTRUsJCWEnqP5HkSaQ,The Cow That Ate The Blanket,NA,The Cow That Ate The Blanket,Misc tunes,NA,NA,NA,publicdomain,0.0,0,0,5,1,1,0,38,284,7.473684210526316,False,2.304826955106241,1.0,0.9649122807017544
QmbHNxmE7YxnHbYL4cLYejCmek3j6VGRzcCpQmSqAvrus4,The Cows Are a-Milking,Mistress TheWoman of the House TheLady of the House The,The Cows are a-milking,Misc tunes,NA,NA,NA,publicdomain,0.0,0,0,2,1,1,0,96,684,7.125,False,2.649195906519197,1.0,0.9518229166666666
QmRXu2dpsuRHCmk6jdaeLn57SF6LFtSHnEjocUT86HHnZa,The Crab's Canon,NA,The Crab's Canon,PlonkerOfScotland,Nicholas Sarmiento,NA,NA,cc-zero,0.0,0,0,9,1,1,0,32,162,5.0625,False,2.7222272389585345,1.0,0.9114583333333334
QmP8R5uvD1GQyB7xvx1LrjruJJUuTATZXa21z8KKfFHKRF,The Crack was Ninety in the Isle of Man,NA,The Crack was Ninety in the Isle of Man,Misc tunes,NA,NA,NA,publicdomain,0.0,0,0,12,1,1,0,22,78,3.5454545454545454,False,2.30580689253803,1.0,0.9573863636363636
QmfLn3YqApd7pnJtxZWGDDFZRvbi4Na2WEmBE8XZPhsdAA,The Cracovienne. WES.117,NA,Ethiopian Cracovienne,Misc tunes,NA,NA,NA,publicdomain,0.0,0,0,2,1,1,0,36,140,3.888888888888889,False,2.6500873882127847,1.0,0.9388020833333334
QmXQdZoQGCm66ZVfyhf2ZW2LGUupmh2PAT3qnzyyiHccaU,The Cradle Song,NA,The Cradle Song,Misc tunes,J.S.Skinner,NA,NA,publicdomain,0.0,0,0,8,1,1,0,16,87,5.4375,False,2.441539417901309,1.0,0.9152777777777776
Qmd2p18QMoNZJBsRrHZoDFfR39ft1HNs2AmwFNupnFrx7D,The Cradle Will Rock and the Baby Will Fall,NA,The Cradle Will Rock and the Baby Will Fall,Misc tunes,NA,NA,NA,publicdomain,0.0,0,0,4,1,1,0,9,45,5.0,False,2.2770021963208205,1.0,0.9444444444444444
QmSPttPCqXikEcPBZhxtbDyZsMwmSJT5pv1LveRzozzNvi,the Craftsman,Longways for as many as will.,The Craftsman,Misc tunes,NA,NA,NA,publicdomain,0.0,0,0,2,1,1,0,16,94,5.875,False,2.639363707924046,1.0,0.9583333333333334
QmQ6vA9LARrm1JijJTpLARVBxfNiNmJoUNp2wxay6MgLP9,The Crash,NA,NA,NA,Jonathan Sheehy,NA,piano-solo,cc-zero,0.0,0,0,41,1,1,0,70,768,10.971428571428572,False,1.7332696648186412,0.9205729166666666,0.9840823970037452
Qme2NAD8io4nVHU8tFnzKoDYT6aT4VUHCNviporkt9Tgqe,The Crave,NA,The Crave,Jelly Roll Morton,NA,jazz,NA,cc-zero,4.8,204,783,56010,2,1,0,68,1478,21.73529411764705,False,3.003422632580235,0.8964817320703654,0.8048406862745098
QmQPWBKvqbS9aJcFnrrkmuAWe9GZA2e3NYr5Dciw9CoTf6,The Crib Of Perches(m),NA,The Crib Of Perches,Misc tunes,NA,NA,NA,publicdomain,0.0,0,0,7,1,1,0,32,240,7.5,False,2.9283513400643417,0.925,0.9348958333333334
QmYbXrBWymWJSiBrz22Uez9pc5ThhuJnnxZaaTd6wfzUas,The Cricket's March over the Salt Box,Idlewild Jig The,The Cricket's March Over The Salt Box,Misc tunes,NA,NA,NA,publicdomain,0.0,0,0,4,1,1,0,64,301,4.703125,False,2.535210994234222,1.0,0.9301215277777778
QmU5CMMjh5EWTaqDUTMy1r26bYSrvVH1bFhGTPxLvLPxKP,The Cricket's March Over The Salt Box,NA,The Cricket's March Over The Salt Box,Misc tunes,NA,NA,NA,publicdomain,0.0,0,0,5,1,1,0,36,158,4.388888888888889,False,2.4961339227779384,1.0,0.9427083333333334
QmUF5UD28hUKEdDi1T7TEt2sfnVz5MEzsQCdwzimjZt31T,The Cricket's March Over The Salt Box,NA,The Cricket's March Over The Salt Box,Misc tunes,NA,NA,NA,publicdomain,0.0,0,0,40,1,1,0,5,21,4.2,False,2.307820398454125,1.0,0.8472222222222222
Qmaqc7vS298hMteQdu3iT4jvraY5qcrW3iXCw75uzPbXja,The Crooked Road,Crooked Road to Dublin The,The Crooked Road,Misc tunes,NA,NA,NA,publicdomain,0.0,0,0,14,1,1,0,32,230,7.1875,False,2.480500950917951,1.0,0.9778645833333334
Qmd5Mrn6h9aT3NcyEEWdfCyzDmGcK8BAvyAebcXKs1HJRJ,The Crooked Yew. JBa.03,Crooked Eweaka. JBa.03 TheEwe Wi' The Crooked Hornaka. JBa.03,The Crooked Yew. JBa.03,Misc tunes,NA,NA,NA,publicdomain,0.0,0,0,1,1,1,0,16,123,7.6875,False,2.5279376480651417,1.0,0.9791666666666666
QmNn7dJMB9BY6wyEdahnqfkDu19uEkzu6CxJiaZq6ebiUX,The cross and the Bible how precious their worth - Wm. J. Kirkpatrick,NA,The cross and the Bible how precious their worth,William J. Kirkpatrick,NA,classical,NA,publicdomain,0.0,0,0,2,1,1,0,18,337,18.72222222222222,False,2.5361410473135515,0.973293768545994,0.9433333333333334
Qmewne6csXx78b8ukLoEreWfptoU3d2Xr4DgG6j5GixM6k,The Cross Hands,Squire's FrolicHarper's Frollick,The Cross Hands,Misc tunes,NA,NA,NA,publicdomain,0.0,0,0,4,1,1,0,26,118,4.538461538461538,False,2.513796585973556,1.0,0.9539930555555556
QmV5WzUPXfwWLdjb9xeaQ1V2uquz8BPcBiYWKARr3z3Y53,The cross is heavy this I know - H. H. Ryland,NA,The cross is heavy this I know,H. H. Ryland,NA,classical,NA,publicdomain,0.0,0,0,11,1,1,0,20,252,12.6,False,2.596500020336624,0.984126984126984,0.8940972222222222
QmbToCQxxnNDGz6VD7quUqzWvF2txcNCo3Em8f6FnePiZ2,The cross it standeth fast (Dunham) - J. R. Dunham,NA,The cross it standeth fast (Dunham),J. R. Dunham,NA,classical,NA,publicdomain,0.0,0,0,11,1,1,0,27,286,10.592592592592592,False,2.583578355467411,0.9895104895104896,0.9565972222222222
QmSdPeTzhgictT95EXgPQkUdoN82h2T9ZEbW8RW4hGWtVt,The cross that stood on Calvary - Roger M. Hickman,NA,The cross that stood on Calvary,Roger M. Hickman,NA,classical,NA,publicdomain,0.0,0,0,5,1,1,0,26,309,11.884615384615383,False,2.954729375023552,0.948220064724919,0.9039351851851852
QmRyEc2bCEaP54PVr3hMGFoctptYLqXXw4rzTwDbmET2nm,The cross the blood-stained cross behold - Gibbey,NA,The cross the blood-stained cross behold,Gibbey,NA,classical,NA,publicdomain,0.0,0,0,12,2,1,0,45,602,13.377777777777778,False,2.804219795676965,0.96843853820598,0.9397522522522522
QmWj6qfxP3npY12g6WXssk8chGnBnA8DhpBjybFywAPsTe,The Crossroads Ceili,The Stack of Oats,The Crossroads Ceili,Misc tunes,NA,NA,NA,publicdomain,0.0,0,0,4,1,1,0,34,190,5.588235294117647,False,2.780589834651964,0.9947368421052633,0.9453125
QmabujnH5aDVA3MUv5oqKRzLyRd148EoQpq4Kh5REh11Xi,The Crossroads Dance (hornpipe) 1568,NA,The Crossroads Dance,Misc tunes,Unattributed,NA,NA,publicdomain,0.0,0,0,4,1,1,0,38,204,5.368421052631579,False,2.7724103475389765,0.9901960784313726,0.9350490196078431
QmaKCi1YNMwtQJs4BCXAgnWrvegoXWmuVo5swDEzRxpuKp,The Crow's Nest (slipjig) 1167,NA,Crow's Nest,Misc tunes,after Mr. McFadden.,NA,NA,publicdomain,0.0,0,0,3,1,1,0,18,117,6.5,False,2.794152799912706,0.9829059829059827,0.9199561403508772
QmaRqEaJDYBww68p253tgKHymLxpDm35XG1zSouGWn2nhM,The Cruel Father and Affectionate Lovers Version 1 of 3,NA,The Cruel Father and Affectionate Lovers Version 1 of 3,Misc tunes,Mr. George Knight (c. 60) Horsham IV. 07Transcribed by Simon Furey and Lewis Jones,NA,NA,publicdomain,0.0,0,0,4,1,1,0,62,260,4.193548387096774,False,2.592288948969933,1.0,0.9705882352941176
Qma7oALxSjFG4dsrzH9d3wgdD3dFuB1MdKaM5PkX9Aow68,The Cruel Mother,NA,The Cruel Mother,Misc tunes,Mrs Marina Russell Upwey coll. HED HammondTranscibed to abc by PJHeadford,NA,NA,publicdomain,0.0,0,0,25,1,1,0,9,37,4.111111111111111,True,2.735783434944344,1.0,0.9285714285714286
QmV4qU7waWEYJHveJ82Wd9N6L9FLEF68gDEUfStWJZj5eL,The Cruiskeen Lawn (air) 0254,NA,The Cruiskeen Lawn,Misc tunes,after Sg't. J. O'Neillwith expression,NA,NA,publicdomain,0.0,0,0,8,1,1,0,18,92,5.111111111111111,False,2.601860270974404,0.9891304347826086,0.9192708333333334
QmZMNJsVjedjpuJ9jbWSPd764ZocaXF4UvoAmy3MQwDcuF,The Cry of Israel,A Good Night,The Cry of Israel,Misc tunes,NA,NA,NA,publicdomain,0.0,0,0,4,1,1,0,68,290,4.264705882352941,False,2.884700476149187,0.9517241379310344,0.8936631944444444
QmRurqC55qvL4L7upgKouT42stDcgxZdWDbXSFtd3xKjJ9,The Cry Of The Joyce,NA,The Cry Of The Joyce,Misc tunes,NA,NA,NA,publicdomain,0.0,0,0,5,1,1,0,70,358,5.114285714285714,False,2.4221627706488995,1.0,0.8439625850340136
QmW5vGnykzc6eJwXdERtJrZUYVo6QuXpc3JUvy6FMUs3dp,The cry rings out oer all the land today - E. S. Lorenz,NA,The cry rings out oer all the land today,E. S. Lorenz,NA,classical,NA,publicdomain,0.0,0,0,3,1,1,0,18,202,11.22222222222222,False,2.6742863441300297,0.99009900990099,0.9150641025641024
QmWb2Bn1rWWimyERMbx9gLZGx7aJr6LpU6KqGCC4wgoUwR,The cry To arms! to arms! has sounded - Adam Geibel,NA,The cry To arms! to arms! has sounded,Adam Geibel,NA,classical,NA,publicdomain,0.0,0,0,2,2,1,0,26,433,16.653846153846153,False,3.0779642169934163,0.9137529137529138,0.9208333333333334
QmbaV2As4YqkS1acfSTKsitmPmTvzNbVfGrmSXHHhTvLCZ,The Crystal,Dancing Line,The Crystal,Dancing Line,Arr. nguyen,NA,NA,cc-zero,4.66,3,3,183,2,1,0,52,736,14.153846153846152,False,3.091352215538302,0.9198369565217392,0.9799679487179488
QmZzJxwWe7Sg2oWRjWBPNNh4qAnMYWGEM4qqfBCdfPDNyQ,The Crystal Ground,Grisial Ground,The Crystal Ground,Misc tunes,NA,NA,NA,publicdomain,0.0,0,0,4,1,1,0,52,186,3.576923076923077,False,2.792357571017193,0.989247311827957,0.9224537037037036
QmNMuMWRFFuXk9h5fW11WeTqYvR33FCrD4t9VUcBPeHfxf,The Crystal Ship,NA,the crystal ship,The Doors,The Doors,rock,NA,cc-zero,4.28,11,41,1180,1,1,0,55,453,8.236363636363636,False,3.011521864752072,0.9050772626931568,0.9609848484848484
QmZxsJb8EnsmiKz6Cq8voqAJtp9yDjj9mrjTHoCasL9MsY,The Cuckoo,NA,The Cuckoo,Misc tunes,No 26 Pages 10-11 William Clarke of Feltwell MS 1858,NA,NA,publicdomain,0.0,0,0,3,1,1,0,56,224,4.0,False,2.5318000189313072,1.0,0.9450757575757576
QmUESdhFm231JPCNnGxKkJ2aEVrH4j4VpNJyRqw7Z1YemU,The Cuckoo (3),NA,The Cuckoo,Misc tunes,NA,NA,NA,publicdomain,0.0,0,0,2,1,1,0,18,56,3.111111111111111,False,2.4086830324053543,1.0,0.9496527777777778
QmSQELvXyM9ArPJTXEY36WZ9zrZup6vMx8pQcjoaH3VkG8,The Cuckoo Minuet. SenH.072,NA,The Cuckoo Minuet. SenH.072,Misc tunes,Ed. Stanleyin Hand B (Humph. Senhouse),NA,NA,publicdomain,0.0,0,0,2,1,1,0,92,318,3.4565217391304346,False,2.866784271145725,0.9622641509433962,0.9087009803921569
QmRxTV3WigM8E9egWRcSirCUDH11j15LsPgVhtPGNkREgq,The Cuckoo's Nest,An Spealad\'oir (The Mower),The Cuckoo's Nest,Misc tunes,NA,NA,NA,publicdomain,0.0,0,0,5,1,1,0,108,710,6.574074074074074,False,2.763371031191036,0.9830985915492958,0.9587673611111112
QmZ6a5UGRasGd7v3St4Wi2EwLxz9vR1KfAiQHuHGQE2Mwk,The Cuckoo's Nest (1st setting),NA,The Cuckoo's Nest,Misc tunes,NA,NA,NA,publicdomain,0.0,0,0,2,1,1,0,45,267,5.933333333333334,False,2.6353449875741943,1.0,0.9625
QmaEwGat51XE3h2zxt7hEH63mCd4Kju9tujbegC1HUw5ki,The Cuckoo's Nest (2nd setting),NA,The Cuckoo's Nest,Misc tunes,NA,NA,NA,publicdomain,0.0,0,0,3,1,1,0,81,523,6.45679012345679,False,2.719162921987609,0.9923518164435946,0.9704861111111112
QmYWjUG5sSLrTounRVGppebraWgqvkDyG2eXzpZk3TGY9h,The Cuckoo's Nest (2nd Setting) (hornpipe) 1734,NA,The Cuckoo's Nest,Misc tunes,after Chief O'Neill,NA,NA,publicdomain,0.0,0,0,3,1,1,0,56,358,6.392857142857143,False,2.762914170290673,0.988826815642458,0.935
QmYit3ou3ZpPbzYkPAj1ke4zZGhpWZ91jequ3RVpQCercM,The Cuckows Nest Hornpipe. JBut.108,Cuckoo's Nest Hornpipe aka. JBut.108 The,The Cuckows Nest Hornpipe. JBut.108,Misc tunes,NA,NA,NA,publicdomain,0.0,0,0,3,1,1,0,54,340,6.296296296296297,False,2.770788523980505,0.976470588235294,0.9392361111111112
QmVEDschQQHrNKpD9LWVpKEAZ8WFTQGhVda4UvGPwYmdjE,The Cullen Jig,Padraig O'Keeffe'sCuileann U\'i Chaoimh,The Cullen Jig,Misc tunes,NA,NA,NA,publicdomain,0.0,0,0,3,1,1,0,64,321,5.015625,False,2.5993111534974176,1.0,0.9487847222222222
QmTfKRyd8PLCk46bZgBQJE2WV5B3uLjJVrgnF8g2rxAHb3,The Cup of Gold (air) 0460,NA,The Cup of Gold,Misc tunes,after Sg't. J. O'Neillmoderate,NA,NA,publicdomain,0.0,0,0,3,1,1,0,20,73,3.65,False,2.507609483460872,1.0,0.8733974358974359
QmWS6gqud1ZZP9f94ZePTazCxU9YC8AjhPM89MqaTYmJph,The cup of salvation is offered to thee - G. F. Root,NA,The cup of salvation is offered to thee,G. F. Root,NA,classical,NA,publicdomain,0.0,0,0,2,1,1,0,19,316,16.63157894736842,False,2.4373041657339427,0.9968354430379748,0.9479166666666666
QmTBskpPJU4bjyjJ8JavKLSuAmbpEryjhtmowVPaKeTiaQ,The Cup Of Tea,Cup O' Tea TheCup Of Tea,The Cup Of Tea,Misc tunes,NA,NA,NA,publicdomain,0.0,0,1,16,1,1,0,48,356,7.416666666666667,False,2.698436863684192,1.0,0.9765625
QmdV2aojqpJPoQdXkFBN3GqCnK5KkYn3dGyt1dGEwbKe44,The Cure - Boys Don't Cry,NA,Boys Don't Cry,The Cure,The Cure,rock,NA,cc-zero,4.0,7,51,1879,1,1,0,105,1331,12.676190476190476,False,2.752707733986273,1.0,0.9719551282051282
QmWZKSWEFFt56xnp1nz71tUYx6LQEFya95B8BCaf77sj7x,The Curious Halfling,Godphrey's Theme,NA,NA,MidnightChipmunk,NA,dd-midnightchipmunk-originals,cc-zero,0.0,0,1,93,2,1,0,30,346,11.533333333333331,False,3.068655490387413,0.8815028901734104,0.9359567901234568
QmeGngMZNdStcrLFRwSJo8roq89ky3tyQWkwYy8GdgyhAy,The Curly Headed Ploughboy (Old Twanger),NA,The Curly-headed Ploughboy,Misc Traditional,NA,folk,NA,publicdomain,0.0,0,0,3,1,1,0,33,152,4.606060606060606,False,2.8333281608801903,0.9144736842105264,0.9459635416666666
QmPQB5c5NsoiGemeXXPUtWCGdde2Jea5eQT9J188UZ21pM,The Curly Locks,NA,Curly Locks,Misc tunes,NA,NA,NA,publicdomain,0.0,0,0,4,1,1,0,20,84,4.2,False,2.714212520928435,1.0,0.9375
QmWP7gVpbk7oHmH1hpyjNQaduHLqN5XEJTZgMFLHZn6mny,The Curly-Headed Plough Boy,The Curly-Headed,The Curly-Headed Plough Boy,Misc tunes,NA,NA,NA,publicdomain,0.0,0,0,3,1,1,0,36,144,4.0,False,2.8444984233792288,0.9305555555555556,0.9537760416666666
QmU67TTEFYeDMA6WNBg7bSFpwbSoohCg7pvhK7JjAJTmmC,The Curragh of Kildare,Winter Is Past The,The Curragh of Kildare,Misc tunes,Words by Robert Burns (1759-1796) Scotland,NA,NA,publicdomain,0.0,0,1,33,1,1,0,23,78,3.391304347826087,False,2.5837209283457736,1.0,0.9104166666666668
QmbkcXeKxmWeqcFWAzYxFARtN4aKmyt1xZQao5DL1pKQN8,The Curragh Races (268),NA,The Curragh Races,Misc tunes,NA,NA,NA,publicdomain,0.0,0,0,1,1,1,0,16,114,7.125,False,2.695565641809454,1.0,0.9544270833333334
QmbnmtxKGSH7qj1wu8qzJkUyNXjRx14k5gqME8tqS4SXXG,The Curragh Races (reel) 1276,NA,The Curragh Races,Misc tunes,after Mr. McFadden,NA,NA,publicdomain,0.0,0,0,3,1,1,0,19,138,7.263157894736842,False,2.598912818458164,1.0,0.9322916666666666
QmV9GZnqCPGoTvByeFTX86ayjEmhiWJPUepBMusRh1y8Zu,The Curse of an Aching Heart - Al Piantadosi,NA,The Curse of an Aching Heart,Al Piantadosi,NA,classical,NA,publicdomain,0.0,0,0,21,0,2,0-0,35,254,7.257142857142857,True,3.281466467796108,0.8130081300813008,0.9525
QmdssCWGhvQiNkudWnNaAXWo9eLtjGTvsZHquhXUWVcB74,The Curtain - Bill Laurance Solo,Bill Laurance Piano Solo,The Curtain Solo,Micheal League,NA,NA,sylva-thecurtain-piano-snarkypuppy-metropoleorkest,cc-zero,4.55,33,45,3287,2,1,0,90,1372,15.244444444444444,False,3.0001777187894376,0.9292487235594457,0.8831521739130435
QmTowXqp9j7aeqJUEJK1FXgfoM2QVVrzHqSqMi1tuKPHXm,The curtain drawn - Giles Farnaby,NA,The curtain drawn,Giles Farnaby,NA,classical,NA,publicdomain,0.0,0,0,5,0,4,0-0-0-0,38,467,12.289473684210526,True,2.9250627884967906,0.9521739130434784,0.9588815789473684
QmZCHZKUTBnYzDM8Ee67gDEQHUqkG7zvBqSLDqonDJWAHN,The Cypress Wreath. Roose.0714,NA,The Cypress Wreath. Roose.0714,Misc tunes,NA,NA,NA,publicdomain,0.0,0,0,4,1,1,0,36,192,5.333333333333333,False,2.475276403621843,1.0,0.9774305555555556
QmeoBTK1kCnNka7jpaRtBHe2yFC5TrPs1SLQW8VsDMyXHC,The Dainty Beesom Maker. RH.256,Rose Treeaka. RH256 The,The Dainty Beesom Maker. RH.256,Misc tunes,NA,NA,NA,publicdomain,0.0,0,0,1,1,1,0,20,122,6.1,False,2.5214347763146345,1.0,0.9453125
QmQ3R93XQMdiQdp3eS7qm7sPkfQD6eWRrx76SPmuG4CRiB,the Dairy Maid,Bhanarach dhonn a'chruidh,The Dairy Maid,Misc tunes,NA,NA,NA,publicdomain,0.0,0,0,5,0,2,0-0,27,155,5.7407407407407405,False,2.4692993523792524,0.9612903225806452,0.8912037037037037
Qmec7VAyNDFQtbkwGB4pyyjjVnd71yQtCrZ3pZzwwANLhs,The Dairyman's Daughter,Horrin ho air nighean an àirich,The Dairyman's Daughter,Misc tunes,NA,NA,NA,publicdomain,0.0,0,0,2,1,1,0,16,107,6.6875,False,2.4430436093597625,1.0,0.9544270833333334
QmfVh7N2r7RA88kNE2HGg8gYurgH13tJq1TXDm1KNk5taZ,The Daisy Field (reel) 1270,NA,The daisy field,Misc tunes,after Mr. McFadden,NA,NA,publicdomain,0.0,0,0,5,1,1,0,37,281,7.594594594594595,False,2.736230768903672,0.99288256227758,0.9412878787878788
QmVCcDJvvXPvJQ7hjEoJ2WUMxukjZKwzBDXFv5f7x3JVAJ,The Damascus Drum,NA,The Damascus Drum,Misc tunes,NA,NA,NA,publicdomain,0.0,0,0,4,1,1,0,64,492,7.6875,False,2.479285879087567,0.8922764227642277,0.9013671875
QmUASwxb7n1r9cxL5t25ebDinsh9pdd7BoBY4u4YSMN9zg,The Dancer's Delight (reel) 1318,NA,the Dancer's Delight,Misc tunes,after S'gt. J. O'Neill,NA,NA,publicdomain,0.0,0,0,5,1,1,0,18,134,7.444444444444445,False,2.39885919520092,0.9850746268656716,0.9350490196078431
QmRG9JMFaUHr4hVCmNXeCeaQ8PCjC321xgWbfvzbFPTtyK,The Dancing Wife,NA,The Dancing Wife,Misc tunes,Tune is Pell Mell,NA,NA,publicdomain,0.0,0,0,1,1,1,0,33,158,4.787878787878788,False,2.857379434161514,0.9746835443037974,0.94921875
QmQx9DXCwmGzfu4sTqGiD7e4Gizk61H7Ea63iQJwnvBq4F,The Dandy Dancer 1,NA,The Dandy Dancer 1,Misc tunes,Joe Buchanan's Scottish Tome - Page 266.3,NA,NA,publicdomain,0.0,0,0,1,1,1,0,45,221,4.911111111111111,False,2.695828362779379,1.0,0.9652777777777778
Qmet47wpiJwXxeQhW7igaAhxkVooHKD5SF6sS91pfuS8Ys,The Danish Girl (theme),NA,The Danish Girl Theme,Alexandre Desplat,Alexandre Desplat,soundtrack,thedanishgirl-piano-music-film-filmpiano-ost-soundtrack-thedanishgirlpiano-thedanishgirlost-filmsoundtrack,cc-zero,4.8,37,316,15954,2,1,0,62,460,7.419354838709677,False,2.7206194353522664,0.991304347826087,0.9822695035460992
QmeDMHE6ytA1kwPDaWxk31pcDPQKVwW7aXHerGUD7fVkxo,The Danish Girl Theme - Alexandre Desplat,NA,The Danish Girl Theme,Alexandre Desplat,NA,soundtrack,NA,publicdomain,4.7,7,11,243,0,1,0,78,630,8.076923076923077,False,2.672351292751046,0.9936507936507936,0.9558823529411764
QmZDUfwY5V6cn7VaTui97kKGXQpz32riGFxPBAJCfYBT9P,The Dark Girl Dressed In Blue (air?) 0403,NA,The Dark Girl Dressed in Blue,Misc tunes,after Sg't. J. O'Neillmoderate,NA,NA,publicdomain,0.0,0,0,3,1,1,0,9,65,7.222222222222222,False,2.771348776456896,0.9692307692307692,0.9192708333333334
QmaFg3ZMuF4optgc8kU9ch5TvWL6Yj6YsrqyfnWPVjshgD,The Dark Island 2,NA,The Dark Island,Misc tunes,Joe Buchanan's Scottish Tome - Page 520.1,NA,NA,publicdomain,0.0,0,0,7,1,1,0,29,83,2.862068965517241,False,2.444770775328358,1.0,0.8968253968253969
Qmf4KZoYE11tefL9hbuPSQhwUb57ZoFPde1fwqzwuba8Zi,The Dark Maiden Of The Valley (air) 0368,NA,The Dark Maiden of the Valley,Misc tunes,after Sg't. J. O'Neillmoderate,NA,NA,publicdomain,0.0,0,0,4,1,1,0,17,90,5.294117647058823,False,2.709180440405597,1.0,0.8611111111111112
QmchYnzdxWUEh7HGkryr3WJZxAuC7393Y4QtHjWhGSp1nx,The DARK PHANTOM,Arranged as a solo or duet.,the DARK PHANTOM,Misc tunes,NA,NA,NA,publicdomain,0.0,0,0,2,0,2,0-0,17,118,6.941176470588236,False,2.733021740232868,0.991150442477876,0.9427083333333334
QmVTQXuku1PoJmMJ1vPux5D2R1cZ6eQPWGVoafPhKLT8si,The Dark Tower.2voices RH.437,NA,The Dark Tower.2voices RH.437,Misc tunes,NA,NA,NA,publicdomain,0.0,0,0,2,0,2,0-0,32,193,6.03125,False,2.7738553474157204,0.9736842105263158,0.924342105263158
QmdxLaDwWj6kx43JQbWtNuNp74WHsfHdSq9T7K5Viwcxvd,The Dark-Eyed Sailor Version 1 of 3,NA,The Dark-Eyed Sailor Version 1 of 3,Misc tunes,Mr. Knight (c. 60) Horsham IV. 07Transcribed by Simon Furey and Lewis Jones,NA,NA,publicdomain,0.0,0,0,63,1,1,0,33,141,4.2727272727272725,False,2.802472421222659,0.9787234042553192,0.9363738738738738
QmSyYB7nFq19kLBEKo8dd839svJ3iynj75pGbhtsEdb2xx,The darkness around seems more thick than of yore - Robert Harkness,NA,The darkness around seems more thick than of yore,Robert Harkness,NA,classical,NA,publicdomain,0.0,0,0,3,1,1,0,20,174,8.7,False,2.745523891851067,0.9655172413793104,0.9809027777777778
QmWMTehrhXBLRfajj1C1aibifxuQF2fY52sKQbYu4sfUyc,The darkness is passed and the true light is shining - May Whittle Moody,NA,The darkness is passed and the true light is shining,May Whittle Moody,NA,classical,NA,publicdomain,0.0,0,0,3,1,1,0,18,379,21.05555555555556,False,3.00761653406343,0.9525065963060686,0.9388020833333334
QmfHHYCffJZTYNBFHJacRt2kYsAz9ePQRL4U7eSLcUwPXS,The Dawn is Sprinkling in the East,Aurora jam spargit polum,The dawn is sprinkling in the east,St. Ambrose,Tune: WHITEHALL (by Henry Lawes),classical,hymn-lauds-breviary,publicdomain,0.0,0,1,1039,0,1,0,18,64,3.555555555555556,False,2.7487781244591325,1.0,0.9934895833333334
QmctV4EmLUESvjbjXuN7CH1K6L55aEUok9zVzbpHVmPaL7,The Dawning of the Day,NA,The Dawning of the Day,Misc Traditional,NA,folk,NA,publicdomain,0.0,0,0,2,1,1,0,17,110,6.470588235294118,False,2.639735531705516,1.0,0.9097222222222222
Qmdf79oeSWb4ze8oLjYhhmvafLPyR7amHYoGDaAegLu4qh,The Dawning Of The Day,NA,The Dawning of the Day,Misc Traditional,NA,folk,NA,publicdomain,0.0,0,0,4,1,1,0,33,80,2.4242424242424243,False,2.505432092471971,0.9875,0.9340277777777778
QmVtQbjXzYLyawy3XsvyHtAmXFGVmkWQ9CHC9qofQyD6ev,The Dawning of The Day,NA,The Dawning of the Day,Misc Traditional,NA,folk,NA,cc-zero,4.77,6,1,219,1,1,0,17,62,3.647058823529412,False,2.231498633164036,1.0,0.9700520833333334
QmWL4pUqriXd5L1bq7mKW4DtX1heE8uBusaTwn6Z2HZ1yB,The Dawning of the Day (air),NA,The Dawning of the Day,Misc Traditional,NA,folk,NA,publicdomain,0.0,0,0,5,1,1,0,19,131,6.894736842105263,False,2.6645976782614262,1.0,0.9049479166666666
QmaTtaHwRw1xNUxtoRtYUk9QGZY96jSFcgYPhMtngjqgiz,The Dawning Of The Day CYMRU,NA,The Dawning of the Day,Misc Traditional,NA,folk,NA,publicdomain,0.0,0,0,9,1,1,0,17,180,10.588235294117649,False,2.6669898867660646,1.0,0.9674479166666666
QmSj3233Do4UeRYCQZjRSyDicBUgjBRCvPJQVXt4yVcQap,The Dawning Of The Day/Fainne Geal an Lae,NA,The Dawning of the Day,Misc Traditional,NA,folk,NA,publicdomain,0.0,0,0,20,1,1,0,66,344,5.212121212121212,False,2.4842231063716467,1.0,0.9274088541666666
QmbUGxx1hc4SR6EM4XR2KLYJqXEH2s9Gt6DVJzPEo5ze4y,The Day After The Fair (jig) 0868,NA,The Day After the Fair,Misc tunes,after Sg't J. O'Neill,NA,NA,publicdomain,0.0,0,0,2,1,1,0,38,186,4.894736842105263,False,2.819385572348483,0.967741935483871,0.9375
QmYTZyCtu5KUH4uLzdnsuVtURBhTahJ1J5FSKAqFqQ3uSX,The Day of Resurrection - St. John of Damascus,NA,The Day of Resurrection,St. John of Damascus,NA,classical,NA,publicdomain,0.0,0,0,14,0,2,0-0,20,213,10.65,True,2.855512419975508,0.9383886255924172,0.9661458333333334
QmPqZU5VUcRi2DtMrn97g1uw69LMtYXWxQo7vnX8HhVa6J,the DAY RETURNS MY BOSOM BURNS,NA,the DAY RETURNS MY BOSOM BURNS,Misc tunes,NA,NA,NA,publicdomain,0.0,0,0,1,1,1,0,18,91,5.055555555555555,True,2.4300130180952886,1.0,0.9622395833333334
QmPYrxc6dgxqycUjoHG8X86XrsNhjCpVfwNj9FgobHkjGp,The Day returns my bosom burns,NA,The Day returns my bosom burns,Misc tunes,NA,NA,NA,publicdomain,0.0,0,0,2,1,1,0,18,110,6.111111111111111,False,2.4757670140884054,1.0,0.9283854166666666
QmWdSt2Aqh5LfdmYi8aSvoSENDmuVUWrvSkPjrK8LPb6Q5,The Day that Thou Gavest,NA,The Day that Thou Gavest,Misc tunes,NA,NA,NA,publicdomain,0.0,0,0,14,1,1,0,17,101,5.941176470588236,False,2.7036934307563207,1.0,0.9826388888888888
QmZWbn32ou3jU5a6ptdbMW4skScLV2qyRHyJq3rfpdnxRs,The Day The Pub Burned Down,NA,The Day The Pub Burned Down,Misc tunes,NA,NA,NA,publicdomain,0.0,0,0,2,1,1,0,17,55,3.235294117647059,False,2.286400905221108,1.0,0.9479166666666666
Qmb4yTpqmXBuGH4weM5v8jPZsjUkharDgwFYJaLHvpJUxR,The day thou gavest Lord is ended - Herbert Hall Woodward,Inscribed to the Cathedral choirs of Worcester Hereford and Gloucester.,The day thou gavest Lord is ended,Herbert Hall Woodward,Herbert Hall Woodward (1847-1908),classical,NA,publicdomain,0.0,0,0,43,0,5,0-0-0-0-0,102,1819,17.833333333333332,True,3.003915216078678,0.9404052443384984,0.9767156862745098
QmRftE5ecVksHn3MREw4M4fAogNpfxjatPWVJtsHQGFrDQ,The day we paid the rent,NA,The day we paid the rent,Misc tunes,anon.,NA,NA,publicdomain,0.0,0,0,3,1,1,0,14,103,7.357142857142857,False,2.537299269954421,1.0,0.9807692307692308
QmVpUso9LeeYWiDaRfyEV5S2Ws3paD6GHGxXWDZf6whNxP,The Day We Paid The Rent (reel) 1232,NA,The day we paid the rent,Misc tunes,Unattributed,NA,NA,publicdomain,0.0,0,0,3,1,1,0,20,134,6.7,False,2.5257171291460443,1.0,0.9840686274509804
QmdNmhnQoeZQvMj6seKCVJdYYa7aEv4cs2R7p6nsR48SxJ,The days for play are past,NA,The days for play are past,Misc Traditional,NA,folk,NA,publicdomain,0.0,0,0,2,1,1,0,17,280,16.470588235294116,False,2.7901560193998685,0.9857142857142858,0.9505208333333334
QmXFeyv9UW9L4zhs9aHLdZ5saHim2oaz7bEgTS7TnCXgt7,The De'il amang the Tailors,Devil among the Tailors The,The De'il Amang the Tailors,Misc tunes,NA,NA,NA,publicdomain,0.0,0,0,2,1,1,0,36,240,6.666666666666667,False,2.6919583006640924,1.0,0.9830729166666666
QmcXvF1Hv3V28bh8oWu6n4tftDdkSoAgKdJx8Sfuj2778i,The De'il Among The Tailors,NA,The De'il Among The Tailors,Misc tunes,Joe Buchanan's Scottish Tome - Page 203.1,NA,NA,publicdomain,0.0,0,0,14,1,1,0,45,282,6.266666666666667,False,2.703213792306732,1.0,0.9716880341880342
QmVqKngjivubrUTgs78qzUZNxhDdS5ypt2xtedh8SVpR5h,The Dead Horse,Sometimes used as a pulling chanty,The Dead Horse,Misc tunes,NA,NA,NA,publicdomain,0.0,0,3,85,1,1,0,9,30,3.333333333333333,True,2.31248079821561,1.0,0.9583333333333334
QmWfxx6FofjB7pwypCWLeQNBE2garmiVvEECuhHaeprR41,THE DEAD MARCH IN SAUL,NA,THE DEAD MARCH IN SAUL,Misc tunes,NA,NA,NA,publicdomain,0.0,0,1,94,1,1,0,96,536,5.583333333333333,False,2.7580333020611074,0.9589552238805972,0.91140350877193
QmckqZ7HJQxBMKdaFJ84EGnTUYhVGLYBvuvTic6RHcKryL,The Dead March to the 26th Reg. JBut.948,26th Reg Dead March. JBut.948 TheTwentysixth Reg Dead March. JBut.948 The,The Dead March to the 26th Reg. JBut.948,Misc tunes,'or A Retreat',NA,NA,publicdomain,0.0,0,0,4,1,1,0,35,116,3.3142857142857145,False,2.403446456541102,1.0,0.9365079365079364
Qmbf3vC61puPt2fj8AeTcwm9RwsauxREwPq2kT1tvxofFn,The deadly cup while others drink,NA,The deadly cup while others drink,Misc Traditional,NA,folk,NA,publicdomain,0.0,0,0,2,2,1,0,20,265,13.25,False,2.532894913154403,0.9886792452830188,0.84375
QmcKSE9Gn2nAo9gm2Y68GtZZbWWpafJTPqVoNq6sHkwCyH,The Dear Black Cow (air) 0130,NA,Dear Black Cow,Misc tunes,Unattributedvery slow,NA,NA,publicdomain,0.0,0,0,9,1,1,0,17,53,3.117647058823529,False,2.579737255206029,0.9622641509433962,0.8402777777777778
QmW4QoPTcQZZg2n5TAvMnbhxcdnKUpqiSDojYQ2DTwn5ak,The Dear Irish Boy (air) 0073,NA,The Dear Irish Boy,Misc tunes,After Sg't. J. O'Neillslow and tender,NA,NA,publicdomain,0.0,0,0,49,1,1,0,34,128,3.764705882352941,False,2.549697030559381,0.9765625,0.9236111111111112
Qme56P32oRt3fuZ7x8LzHhcDjXfkmnABS3Rk851ZxSXjtz,The dear little birds are as glad as can be - Jno. R. Sweney,NA,The dear little birds are as glad as can be,John R. Sweney,NA,classical,NA,publicdomain,0.0,0,0,4,1,1,0,18,345,19.166666666666668,False,2.5741127885890323,0.991304347826087,0.9618055555555556
QmNkZ3dnihuwfFCqedR9T3cwmSN5ehxTtDupLmwCwK8Gtr,The Dear Little Island (march) 1831,NA,The Dear Little Island,Misc tunes,Unattributed,NA,NA,publicdomain,0.0,0,0,2,1,1,0,36,182,5.055555555555555,False,2.758271636906565,1.0,0.9418402777777778
QmQR3qussy32dq4VPKYzeG2zeZkNYEPXqQ2pZKTPHb8AHY,The dear loving Savior was taken - Benjamin F. Butts,NA,The dear loving Savior was taken,Benjamin F. Butts,NA,classical,NA,publicdomain,0.0,0,0,2,2,1,0,18,333,18.5,False,2.7223800978372243,0.972972972972973,0.9288194444444444
QmRdk7NmseG5ZnfzsZpnLoqVLVwkdEaXEj5qKSa5Xhi813,The dear loving Saviour has found me - W. S. Weeden,NA,The dear loving Saviour has found me,W. S. Weeden,NA,classical,NA,publicdomain,0.0,0,0,3,2,1,0,42,519,12.357142857142858,False,2.5351377641320028,0.9942196531791908,0.9236111111111112
QmSFbCnJpYghaFo2BxiCTXnncLCPtiPYJeU6tDPpQT6eir,The Dear Meal is Cheap Again,NA,The Dear Meal is Cheap Again,Misc tunes,NA,NA,NA,publicdomain,0.0,0,0,2,1,1,0,34,256,7.529411764705882,False,2.4452885458287708,1.0,0.9947916666666666
QmPEXmVaEwzPByv2X3xPqHTFhDWmKQx3sNfnX35qvjc6WR,The Dearest and Fairest(missing image). PFD3.138,Beau's RetreatTheaka. PFD3.138,The Dearest and Fairest(missing image). PFD3.138,Misc tunes,NA,NA,NA,publicdomain,0.0,0,0,4,1,1,0,32,172,5.375,False,2.8115983683564645,0.9302325581395348,0.9657118055555556
QmReBe87XLvaa33AyAExiwHt1sbPsSjWFnhbgohen71VgD,The Death and Burial of Poor Cock Robin,NA,NA,NA,J. W. Elliott,NA,mothergoose-poorcockrobin,publicdomain,4.83,3,5,526,2,1,0,71,845,11.901408450704226,True,3.2722935548678977,0.8317535545023697,0.8529761904761904
QmUxC8eT8Fcx4zFN5GVZiz2kB8jx5LVVbhkM24ghyYQAim,The Death of General Wolfe,NA,The Death of General Wolfe,Misc tunes,NA,NA,NA,publicdomain,0.0,0,0,8,1,1,0,33,100,3.0303030303030303,False,2.818425075259585,0.97,0.8298611111111112
QmaHzRe17n32xucFoZPtZTGkTUJYB6zCp3HprTrKBcUJda,The Death of my friend is what afflicts me,NA,The Death of my friend is what afflicts me,Misc tunes,NA,NA,NA,publicdomain,0.0,0,0,4,1,1,0,16,57,3.5625,False,2.6002943950139223,1.0,0.9201388888888888
QmasG5qxGB4rKnLRKPVwzSeBqpRKz8Br4BiVQRqishcGoW,The Death of Xuan Wu,NA,the Death of Xuan Wu back ground music of <14 Blades>,Henry Lai Wan-man,By: Henry Lai Wan-mansheet: Chen,NA,NA,cc-zero,0.0,0,1,53,0,1,0,32,252,7.875,False,2.583998814082031,0.992063492063492,0.962890625
QmQ3Qx6ukdtFDkQdgbg5W9JujRUBk9W4vxoWruGs6YYqdv,The Death Waltz,Little Nightmares,Little Nightmares OST - The Death Waltz,Tobias Lilja,NA,electronic-soundtrack,NA,cc-zero,0.0,0,14,409,1,1,0,42,296,7.047619047619048,False,3.086850679767656,0.7702702702702703,0.965029761904762
QmNUwmRhP3bDSga8pqJ6Co193kKAjMuvuv48PRucvhUBWv,THE DECEPTION,An cluaineorachd,The Deception,Misc tunes,NA,NA,NA,publicdomain,0.0,0,0,3,1,1,0,29,112,3.8620689655172415,False,2.5741014014148904,1.0,0.8837719298245614
QmRksW41a4UpzrtevcBFDDhFDGiM8EnC16dioTSZLBDQcM,The Deel assist the plotting Whigs,NA,The Deel assist the plotting Whigs,Misc tunes,NA,NA,NA,publicdomain,0.0,0,0,7,1,1,0,18,89,4.944444444444445,False,2.6289517952405346,1.0,0.93359375
QmdoM9zodQrVHomRDFY59ERzB7Ze1v3K3JTEAeSH1gc4mJ,The Den of Lions,Bold Lieutenant,The Den of Lions,Misc tunes,Mrs Marina Russell Upwey coll. HED HammondTranscibed to abc by PJHeadford,NA,NA,publicdomain,0.0,0,0,2,1,1,0,11,52,4.727272727272728,True,2.788094825906013,1.0,0.9635416666666666
QmcMxqijjR6M9Jevxz1ZcwLqJA39CVYLvycFJX9JLzutpn,The Designing Woman,NA,The Designing Woman,Misc tunes,Vivace by Vivaldi,NA,NA,publicdomain,0.0,0,0,3,1,1,0,39,153,3.923076923076923,False,2.8703075487615246,0.954248366013072,0.9479166666666666
QmQmrSYWrKVY9qryqFevrzbi8KqYjPzPWAWBS9ivH9u45s,The Deuks Dang O'er Ma Daddie,NA,The Deuks Dang O'er Ma Daddie,Misc tunes,Joe Buchanan's Scottish Tome - Page 273.1,NA,NA,publicdomain,0.0,0,0,3,1,1,0,45,225,5.0,False,2.586822466412508,1.0,0.9375
QmUPFFiAu89AaqDCJjyogz5CMmyC2wWuenHBJjX9NPfsMU,The Devil Among the Tailors,NA,The Devil Among The Tailors,Misc tunes,NA,NA,NA,publicdomain,0.0,0,0,1,1,1,0,52,276,5.307692307692308,False,2.638512948833946,1.0,0.9837962962962964
QmWo1zZTRXEzWR2DSHRwngWhMzt8nGZMP55nZJnVKqUsrA,The Devil and the Deep Blue Sea introduction,Introduction,between the devil and the deep blue sea,George Harrison,Koehler & Arlen,rock,NA,cc-zero,0.0,0,1,129,0,1,0,33,119,3.606060606060606,True,2.5771910425021125,0.957983193277311,0.9267676767676768
QmTjpqjoGv428aG7t4FHwTSJ9gnXDi1a9VoudwvuEW1rD8,The Devil and the Dirk,NA,The Devil And The Dirk,Misc tunes,J. Scott Skinner,NA,NA,publicdomain,0.0,0,0,6,1,1,0,36,256,7.111111111111111,False,2.5707720336860262,1.0,0.974609375
QmQ7UsEeRoxUdhMjbCjCp4CvuUuLLqCvgxKsyXkseou6QC,The Devil In Dublin (march) 1827,NA,The Devil in Dublin,Misc tunes,Unattributed,NA,NA,publicdomain,0.0,0,0,8,1,1,0,34,166,4.882352941176471,False,2.7177970476669806,1.0,0.9418402777777778
QmT8ZajhtyVAZT5WTZgQHS4y7sQc5Nji3kp9L4sRvm2wor,The Devil In The Kitchen,NA,The Devil In The Kitchen,Misc tunes,Joe Buchanan's Scottish Tome - Page 217.1,NA,NA,publicdomain,0.0,0,0,6,1,1,0,43,361,8.395348837209303,False,2.21713965447051,1.0,0.89375
QmWjXC4HQ29RGobfNHCzgNGrrzPnesPL8DrAwe87msvusL,The Devil is among the taylors,NA,The Devil is among the taylors,Misc tunes,No 251 Wm Clarke of Feltwell,NA,NA,publicdomain,0.0,0,0,1,1,1,0,32,236,7.375,False,2.7243555809079014,1.0,0.9752604166666666
QmdeE539VFVeauSfeRqSWFkE5WoUVEnqPe7AQM9LMaCEkW,The Devil's Dream.,NA,The Devil's Dream,Misc tunes,NA,NA,NA,publicdomain,0.0,0,0,2,1,1,0,55,369,6.709090909090909,False,2.6837114327536646,1.0,0.8834876543209876
QmUsWZJHsZnwxWp8uc6ye9khLhYREnVVMiS72zxJANec5Y,The Devil's Dream.,aisling an dia.bail.,The Devil's Dream,Misc tunes,NA,NA,NA,publicdomain,0.0,0,0,1,1,1,0,81,540,6.666666666666667,False,2.676453844567494,1.0,0.9788773148148148
Qmb1tbGMzs8zxq5ZbXM6w3drt2AaPTaxzvDk4EtboQhUTC,The Devonshire Lass. (p)1703.PLFD1.508,Scotch Air. (p)1703.PLFD1.508,Devonshire LassThe. (p)1703.PLFD.508,Misc tunes,NA,NA,NA,publicdomain,0.0,0,0,3,1,1,0,32,142,4.4375,False,2.481651703606862,1.0,0.943359375
QmbBfdHpVU7N4TP4rjm7y7FNp5kduABXUAeLMpydGfn25s,The Diamond Parlour,NA,The Diamond Parlour,Sammie Hoover,Sammie Hoover,NA,jazz-originalsong-original-piano-originalpianopiece,cc-zero,0.0,0,1,33,2,1,0,66,603,9.136363636363637,False,2.935230594992071,0.9402985074626866,0.9747474747474748
Qmd93ez1uogejb11sRFUrUdd1qWnoVXhRSnVe3TJzV4AEc,The Digger's Song,NA,The Digger's Song,Misc tunes,NA,NA,NA,publicdomain,0.0,0,0,10,1,1,0,16,46,2.875,False,2.6188386818320675,0.9347826086956522,0.975
QmS2zbPmJ1mEekBDP2dN2LnexiexaS6wZakbuJ9g5p4Udy,The Dilly Song - Coussemaker,De Twaelf Getallen,The Dilly Song - Coussemaker,Misc tunes,TNo. xliii De Twaelf Getallen Flemish air fr. Coussemaker : Chants popul. des Flammands. Gand 1850,NA,NA,publicdomain,0.0,0,0,11,1,1,0,68,217,3.1911764705882355,True,2.785075738715583,0.967741935483871,0.9507575757575758
Qma2B8By4wXhSFGT5bZLweJGm567bq3y8V9KUvWYuERegu,The Dilly Song - Parsons,NA,The Dilly Song - Parsons,Misc tunes,Taken down from Jas. Parsons Mch. 1891 by F.W.B.,NA,NA,publicdomain,0.0,0,0,5,0,2,0-0,119,686,5.764705882352941,True,2.810465983174216,0.933920704845815,0.9299645390070922
QmNbGXeNMfFSao7RKZ9Sag5i1pZd1GPLHgMiHqqkZSzx3b,The dim soft light of early morn - Howard Clare,NA,The dim soft light of early morn,Howard Clare,NA,classical,NA,publicdomain,0.0,0,0,5,2,1,0,20,258,12.9,False,2.7251884423934016,0.9806201550387597,0.9596354166666666
Qmby4HgT3Gp89QQCy4k49Z6VTeMkjw8isXehMNLHvF5GnQ,The Dingle Dance,Albert Falmer's Bonfire Tune,The Dingle Dance,Misc tunes,NA,NA,NA,publicdomain,0.0,0,0,3,1,1,0,45,223,4.955555555555556,False,2.5990697461164194,1.0,0.9546875
QmagD7mNdP3AV5SY5Sm3NMgHwdhjvNwps6hdKDyq5eKEoe,The Dingle Regatta,Dingle RegattaSlattery's GroveTom Billy'sTom Billy's FavoriteTom Billy's Favourite,The Dingle Regatta,Misc tunes,NA,NA,NA,publicdomain,0.0,0,1,20,1,1,0,48,184,3.8333333333333335,False,2.6139651346619592,1.0,0.9068287037037036
QmfTvcyeDqteJVbfDEzBFvjpcC99CCXmDDbJjSuBMJMwSr,the Directors,NA,The Directors,Misc tunes,unknown,NA,NA,publicdomain,0.0,0,0,4,1,1,0,35,112,3.2,False,3.178828113676009,0.875,0.9045138888888888
QmYW5bFdh28xiTsmDoBGDnANyNK4u1Mapa7bJijXeQs7sj,The Dirge at the Funeral of the Chief,NA,The Dirge at the Funeral of the Chief,Misc tunes,NA,NA,NA,publicdomain,0.0,0,0,7,1,1,0,36,82,2.2777777777777777,False,2.686653608079752,1.0,0.9322916666666666
QmW3GWnq1FiDKmpG713PHbaQGRsYRC4tkS21xP6L8yYwSE,The Dirge of Carolan,Fair Maid of Wicklow The,The Dirge of Carolan,Misc tunes,NA,NA,NA,publicdomain,0.0,0,0,2,1,1,0,19,82,4.315789473684211,False,2.702234215773012,0.951219512195122,0.9236111111111112
QmazNkgqmLf7KUcDUkESiorgF6T7RDBzmrNQEGnZZhnrYf,The Dirge of Mull,An Crònan Muileach,The Dirge of Mull,Misc tunes,NA,NA,NA,publicdomain,0.0,0,0,3,1,1,0,32,118,3.6875,False,2.777844358591367,0.864406779661017,0.9485677083333334
QmUS8cxxDgRCgHZideKBqnfWYeMr66QCJYHBhd4Ldbq2rd,The Dirty Lough Composed by Tim Farrelly,NA,The Dirty Lough Composed by Tim Farrelly,Misc tunes,NA,NA,NA,publicdomain,0.0,0,0,7,1,1,0,36,320,8.88888888888889,False,2.4979714089674787,1.0,0.9878472222222222
QmaiTW6AgJ6KRH4fd8JK8H5FNmFbY75UvsoN4TEYEmWm3Q,The Dis(s)appointed Rakes,NA,The Dis(s)appointed Rakes,Misc tunes,No 215 Page 105 William Clarke of Feltwell,NA,NA,publicdomain,0.0,0,0,4,1,1,0,45,163,3.6222222222222222,False,2.6292619755510858,1.0,0.915625
QmZGSDRfi6QCfEYcDUoCiQLswbnknwMrfESD7B45jgi1YS,The Disappointment. SenH.044,NA,The Disappointment. SenH.044,Misc tunes,in Hand B (Humph. Senhouse)Gentleman's Magazine,NA,NA,publicdomain,0.0,0,0,1,1,1,0,14,80,5.714285714285714,False,2.839964642514179,0.975,0.9270833333333334
QmVfxsMEf4XhKdujbS8Uce1ewEn2F3GaJssAqMr4jGfP4a,The Disbanded Officer,NA,The Disbanded Officer,Misc tunes,NA,NA,NA,publicdomain,0.0,0,0,4,1,1,0,32,168,5.25,False,2.645505813906869,1.0,0.9322916666666666
QmPaSjxDtX3LzGDykvdhN7PRJP9JRKB96tgEzGjfVmVc87,The Dismissal,NA,The Dismissal,Misc tunes,NA,NA,NA,publicdomain,0.0,0,0,2,1,1,0,32,226,7.0625,False,2.541749762405958,1.0,0.9602864583333334
QmRwKq2LqMS1GuWgPK6AfUsHP5TQcyAm846kr6UDGoFzp3,The Disponding Negro. Ya.28,Desponding Negro. Ya.28 The,The Disponding Negro. Ya.28,Misc tunes,John Collins (1742-1808) pub 1804,NA,NA,publicdomain,0.0,0,0,3,1,1,0,84,350,4.166666666666667,False,2.679471670175817,1.0,0.915625
QmUfeiK4jdpfQ25wPuKNcbFXaHoSWxTZfKqJ4EMeZ1R5fk,The Dissipated Youth (air?) 0508,NA,The Dissipated Youth,Misc tunes,after Chief F. O'Neill,NA,NA,publicdomain,0.0,0,0,2,1,1,0,18,78,4.333333333333333,False,2.705757817566328,1.0,0.9045138888888888
QmPvTwEGauR1DF9ntQSd6nHqvV6vAz7Bhrt18cNCgK5QZp,The Divel in Ireland. JGi.140,Devil in Ireland. JGi.140 The,The Divel in Ireland. JGi.140,Misc tunes,NA,NA,NA,publicdomain,0.0,0,0,1,1,1,0,36,156,4.333333333333333,False,2.528384498415164,1.0,0.9348958333333334
QmXWgorTA9zupbDdhqMbWw8u1t3PnLKhu1fyB1AG563DFo,The Divels Dream,NA,The Divels Dream,Misc tunes,No 244 William Clarke of Feltwell,NA,NA,publicdomain,0.0,0,0,4,1,1,0,32,236,7.375,False,2.6875537367040154,1.0,0.9752604166666666
QmNiJMHBFYsY7FS2kBgAa3cjGv4Fh425qQdzh3JXTsEX2f,The Divels Dream. JBut.115,Devils Dreamaka. JBut.115 The,The Divels Dream. JBut.115,Misc tunes,'A Hornpipe',NA,NA,publicdomain,0.0,0,1,17,1,1,0,54,350,6.481481481481482,False,2.625092368864944,1.0,0.9105902777777778
QmZkZE3i6qzay9iH4u6Zei3ecvVof7huMvaNZuohChRJ59,The Dogs Among The Bushes,Dog Among The BushesDog Among The Bushes TheDogs Among The BushesDogs Among The RushesDown Among The Bushes,The Dogs Among The Bushes,Misc tunes,NA,NA,NA,publicdomain,0.0,0,0,15,1,1,0,138,980,7.101449275362318,False,2.8747544433599024,0.953061224489796,0.9534671532846716
QmVrzfGCpNGaqPRmNjVEoDPmGFdw4A722PjPRCejBhZrL3,The Dogs Among The Bushes (reel) 1274,NA,The Dogs Among The Bushes,Misc tunes,after Mr. Ennis,NA,NA,publicdomain,0.0,0,0,5,1,1,0,17,144,8.470588235294118,False,2.789696833763643,0.9305555555555556,0.9231770833333334
QmZmij3nPNw6V238k7jKqWdoyk3g3zMsWTm5yoeQwzbB4A,The Donkey Ate My Old Straw Hat,NA,The Donkey Ate My Old Straw Hat,Misc tunes,NA,NA,NA,publicdomain,0.0,0,2,55,1,1,0,17,132,7.764705882352941,False,2.739417113315797,1.0,0.93359375
QmeW1xTPYQBq3NxwmrfotCT2ZuHDdM36GibXDeqeWVhg7o,The door of his mercy is open - B. E. Warren,NA,The door of his mercy is open,B. E. Warren,NA,classical,NA,publicdomain,0.0,0,0,3,1,1,0,24,224,9.333333333333334,False,2.5548329837401296,0.9955357142857144,0.9192708333333334
QmS6STzBx8bFgFXSgGtseNxdyVGYy6PxfnK7apY3w3iL56,The door of hope stands open wide - I. H. Meredith,NA,The door of hope stands open wide,I. H. Meredith,NA,classical,NA,publicdomain,0.0,0,0,3,2,1,0,26,378,14.538461538461538,False,2.831926007260236,0.9704301075268816,0.9675925925925926
QmTdAnSp8a5yRVASE94FBxFbs7KDRboMdRxkWZ5pNE9GFU,The Double Lead-through.,A 4-handed reel. Handkerchief DanceAdderbury - from Mrs. Jacob Woodfield January 1913,Double Lead Through,Misc tunes,NA,NA,NA,publicdomain,0.0,0,0,5,1,1,0,36,136,3.7777777777777777,False,2.4080879727696938,1.0,0.9646464646464646
QmRgwK41Jdo82mUaUweozPjfymhQLca5pkbddsFGFbyXk2,The downfall of Paris,NA,The Downfall Of Paris,Misc tunes,anon.,NA,NA,publicdomain,0.0,0,0,1,1,1,0,104,630,6.057692307692308,False,2.6225495013833746,1.0,0.9127604166666666
QmR1ACrDAMB71eNkJNJaJfHZGpLnbZmRbtqWnryGFjFsGs,The downfall of Paris,NA,The Downfall Of Paris,Misc tunes,anon.,NA,NA,publicdomain,0.0,0,0,1,1,1,0,83,522,6.289156626506024,False,2.647229923783182,1.0,0.9088541666666666
QmX4aaFgbHQeGnsrT621xrZRt8jXHru2tDVCL9ePJ4Ttur,The Downfall of Paris ( hornpipe(?)) 1562,NA,The Downfall Of Paris,Misc tunes,after Mr. Cronin,NA,NA,publicdomain,0.0,0,0,15,1,1,0,106,646,6.09433962264151,False,2.6265414308219346,1.0,0.9306972789115646
QmQvMyHTzJ1iK9yHqAcZqZAjah3vEUA3BiLyE12hJBqNsW,The Downfall of Paris.,scrios b-paris.,The Downfall Of Paris,Misc tunes,NA,NA,NA,publicdomain,0.0,0,0,7,1,1,0,132,794,6.015151515151516,False,2.622575386416204,1.0,0.9347222222222222
QmPmkFM1RvfghEg4dANPJm7GNEASux7625m3mThg8T7GxP,The Downfall of the Rebells. ThoH.114,NA,The Downfall of the Rebells. ThoH.114,Misc tunes,NA,NA,NA,publicdomain,0.0,0,0,1,1,1,0,32,304,9.5,False,2.9411775910583464,0.9539473684210528,0.9622395833333334
QmNp3vn3WsKv16sTF4isAiKmQ4x1TFWNDo2rnvajKxUuXg,The Downhill Of Life (air) 0490,NA,THE DOWNHILL OF LIFE,Misc tunes,after Chief F. O'Neillslow,NA,NA,publicdomain,0.0,0,0,0,1,1,0,18,89,4.944444444444445,False,2.5518437719816283,1.0,0.90625
QmZcZcpBAJRD2YdXT3xWRtSXZBy6hdnw3SfhReMdiAZ6Rk,The Doxology,NA,doxology,Misc Praise Songs,from Genevan Psalter 1551,religiousmusic,hymn-god-lord-jesus-christ-christian,publicdomain,4.6,40,72,2707,1,1,0,10,128,12.8,True,2.608761866937864,1.0,0.975
QmcP5ngbDA7QhtPFntV9nxBohSR2m5CPR8KMjWCCQt1kyS,The Dragon Prince - Last Sunset (Piano),NA,Last Sunset,Frederik Wiedmann,NA,soundtrack,NA,cc-zero,4.65,37,125,4205,1,1,0,22,329,14.954545454545457,False,2.7617099128307125,0.9753846153846154,0.978219696969697
QmeKPPX5cDwnw82R1qu2ZeiEpT58jvaYWP4pwNTEMbo92m,The Dragon Prince - Mirror Motif,NA,The Dragon Prince - Mirror Motif,Misc Soundtrack,Composer,soundtrack,NA,cc-zero,0.0,0,7,1120,1,1,0,4,7,1.75,False,2.521640636343318,0.8571428571428571,0.96875
QmXZ3uL1fdFmEhF2LqrTEP7m1sAXmjXJHV5bWm87H3Ltiz,The Dragon Prince - Silvergrove,NA,Silvergrove,Frederik Wiedmann,Frederik Wiedmann,soundtrack,NA,cc-zero,4.85,24,81,3176,1,1,0,67,496,7.402985074626866,False,3.152892771441693,0.8620689655172413,0.9403044871794872
QmWEAfZHuycBkFPRnYcM159WuNgXAd8DwSuFGo2xBAkBiN,The Dram Shell,Am Botal dubh 's an t-slige chreachann,The Dram Shell,Misc tunes,NA,NA,NA,publicdomain,0.0,0,0,1,1,1,0,19,120,6.315789473684211,False,2.666621492442766,0.9833333333333332,0.9713541666666666
QmX4YLk5MpJb5znsdVS7t3uzgf6BVrR1CV9AMSmy3H1HRR,The Draw - Bastille,NA,the draw,Bastille,Bastille,rock,bastille-thedraw,cc-zero,4.63,8,95,1884,2,1,0,62,1290,20.806451612903224,False,2.669617572541122,1.0,0.8800403225806451
QmZ2d54mNYHPcQU85ScD6dY4HSZaLbKKyrLdGb7Pqw37pp,The Dreadnought,NA,The Dreadnought,Misc tunes,NA,NA,NA,publicdomain,0.0,0,0,28,1,1,0,10,45,4.5,True,2.775529601387579,0.9777777777777776,0.9097222222222222
QmSarCz8x1vF7uW9bqG2aTxw4uwwPeK4vfDCEi2uvkiCvW,The Dreydl Song - Anonymous (Traditional),NA,the dreidel song,Misc Traditional,NA,folk,NA,publicdomain,4.66,3,3,175,0,2,0-0,16,190,11.875,True,2.7759751812833784,0.9,0.9479166666666666
QmX5jxZtz1fPSGi3pZh3d5nf2x6vgkyqN18MbE1KR3DXKH,The drink I'll use will not be wine,NA,The drink I'll use will not be wine,Misc Traditional,NA,folk,NA,publicdomain,0.0,0,0,37,1,1,0,16,274,17.125,False,2.4678894675223857,1.0,0.9342948717948718
QmecWECKSEpfkpFmghVCVMjXfqguHws8k8tho66JuEvoqX,The Drogheda Lasses,Mary of the GroveEddie Moloney's FavouritePaddy Doorhy's,The Drogheda lasses,Misc tunes,NA,NA,NA,publicdomain,0.0,0,0,7,1,1,0,32,236,7.375,False,2.706950960129848,1.0,0.9524739583333334
QmbEvcDff7SrTanS1bNs8Vq686KqHqBnaF1ntTEU4ZqXJZ,The Drops Of Brandy,NA,Drops of Brandy,Misc tunes,NA,NA,NA,publicdomain,0.0,0,0,7,1,1,0,16,144,9.0,False,2.3390430528241257,1.0,0.9652777777777778
QmVP6a5rjiTCKbKWia1crCS16vJffp9Af8XStpcyKtg6s9,The Drops Of Brandy,NA,Drops of Brandy,Misc tunes,NA,NA,NA,publicdomain,0.0,0,0,7,1,1,0,40,350,8.75,False,2.320108309836854,1.0,0.9879629629629628
QmcC24MkzVC1QMZ2zgJEcorwVezhCrpL5KVNKVhWb8f9HX,The Drover Lads,Gillan An Drover,The DROVER LADS,Misc tunes,NA,NA,NA,publicdomain,0.0,0,0,2,1,1,0,36,168,4.666666666666667,False,2.343416686859749,1.0,0.9557291666666666
QmRSpK3dXChBsKHniccPtbFrbzsCqkpxgizGmirYgmVbP6,The Druid Girl,Nak's Theme,NA,NA,MidnightChipmunk,NA,dd-midnighthchipmunk-originals,cc-zero,0.0,0,4,101,2,1,0,16,279,17.4375,False,2.92207819426396,0.956989247311828,0.9075520833333334
QmeaNt4MZ4tVSqCykhCVCMucpR9g6nV5bbKwxnr8e28Pbw,The Drummagors Frollicks. JBut.077,Drum Major's Frollicks?. JBut.077 The,The Drummagors Frollicks. JBut.077,Misc tunes,NA,NA,NA,publicdomain,0.0,0,0,5,1,1,0,44,218,4.954545454545454,False,2.903629252788608,0.963302752293578,0.8916666666666666
QmWMChLnCLd8HiWKuN1NDTyzKrPvSFSSpru92NeMcLaAvM,The DRUMMERS,NA,The Drummer,Misc tunes,NA,NA,NA,publicdomain,0.0,0,0,2,1,1,0,20,116,5.8,False,2.703485218939188,0.9827586206896552,0.9791666666666666
QmYceXmN3ZuHt3hsE68JTL2n5fDBDfzTtUdqDbJYEaSprX,The Drums are Beating,NA,The Drums are Beating,Misc tunes,NA,NA,NA,publicdomain,0.0,0,0,3,1,1,0,14,69,4.928571428571429,False,2.442364523786796,1.0,0.8671875
QmUr7ShpmzPvT7vZxMrDvDkEXa9SHYNJ1NknZgBSbzUtG6,The Drunken Guager,Drunken Ganger's The (parts reversed),The Drunken Guager,Misc tunes,NA,NA,NA,publicdomain,0.0,0,0,2,1,1,0,18,136,7.555555555555555,False,2.419446699625739,1.0,0.9745370370370372
QmUoa8i4wZALmd165mH2uXNohdeC5zTTomKWaPv92GJTdt,The Drunken Maidens - Fry,NA,The Drunken Maidens - Fry,Misc tunes,Taken down from Edm. Fry by F.W.B. 1890.,NA,NA,publicdomain,0.0,0,0,5,1,1,0,17,46,2.7058823529411766,False,2.4764558311990785,1.0,0.9453125
QmakGLQnZahSen1xw1CXdEiZNx2HwgehxWFpR53um76R1Q,The Drunken Mason. JBut.951,Slashersaka. JBut.951Kinnegad Slashersaka. JBut.951Scotch Bambleaka. JBut.951Molly Maloneyaka. JBut.951,The Drunken Mason. JBut.951,Misc tunes,NA,NA,NA,publicdomain,0.0,0,0,3,1,1,0,36,188,5.222222222222222,False,2.4677826242542107,1.0,0.921875
QmR8p51i9WpBiAq3tAgDNbkjf1NuuxsJrMUBjNveU4Nwi5,the Drunken Piper,Highland Rory,The Drunken Piper,Misc tunes,NA,NA,NA,publicdomain,0.0,0,0,24,1,1,0,46,211,4.586956521739131,False,2.441966951547629,1.0,0.9351325757575758
QmbYnQwMt57vWSpyotUVxhEBPYwC1hYhmGppv9jeEaWhVa,The Drunken Sailor,NA,drunken sailor,Misc Traditional,NA,folk,NA,publicdomain,0.0,0,0,14,1,1,0,188,1284,6.829787234042553,False,2.758964336726482,0.9945482866043612,0.949404761904762
QmWkCVg9p8vSTFiXJHGUHksiJNs6RuRSi16fjJiPxSkjAZ,The Drunken Sailor,NA,drunken sailor,Misc Traditional,NA,folk,NA,publicdomain,0.0,0,0,13,1,1,0,90,634,7.044444444444444,False,2.7855493995804705,0.9905362776025236,0.9434895833333332
QmYKLtDaN2w5RNbwcfBJhEYa2QothgCGVjf1hPoxKvh3Ma,The Drunken Sailor,NA,drunken sailor,Misc Traditional,NA,folk,NA,publicdomain,0.0,0,0,10,1,1,0,179,1219,6.810055865921788,False,2.757352163940059,0.9950779327317474,0.95
QmSfeiHQYRreszFRxeW7rsjrW88tDtR2FWXMHtLFiRf2u5,The Drunken Sailor,NA,drunken sailor,Misc Traditional,NA,folk,NA,publicdomain,0.0,0,0,3,1,1,0,81,335,4.135802469135802,False,2.609362776466817,1.0,0.949074074074074
QmTM9PEW7ktZ26RVAM3gSKFALihzok4k76VuXwaDzhEP4V,the Drunken Sailor,NA,drunken sailor,Misc Traditional,NA,folk,NA,publicdomain,0.0,0,0,12,1,1,0,107,740,6.91588785046729,False,2.759346513217056,0.995945945945946,0.9684466019417476
QmXYkKjo2ffzYiqfEhktUvSgN3Ka7Lc5WjegbpuGKqBf6p,The drunken sailor Cello 2 voices,Violinen,drunken sailor,Misc Traditional,NA,folk,NA,cc-zero,4.49,3,4,117,1,1,0,20,152,7.6,False,2.343222369372034,1.0,0.9645833333333332
QmWQSYejjxgensVZLeTbH59mq2mSKbQmywaDPJrDLx6C6Z,The Drunken Sailor's,NA,drunken sailor,Misc Traditional,NA,folk,NA,publicdomain,0.0,0,0,2,1,1,0,141,1049,7.439716312056738,False,2.809163860099102,0.9752144899904672,0.9517857142857142
QmdvQ6Gxssswe7ECxGXbJ9mqAbtU2ncxgNCjY9yTz5B9y7,The Drunken Sailor's,NA,drunken sailor,Misc Traditional,NA,folk,NA,publicdomain,0.0,0,0,2,1,1,0,112,817,7.294642857142857,False,2.7152101037750622,1.0,0.9627976190476192
QmXHdF3fweZ83cAk92X1j9LCC3LjnoiNm2iBX8r8M5jUwv,The Drunken Sailor's,NA,drunken sailor,Misc Traditional,NA,folk,NA,publicdomain,0.0,0,0,12,1,1,0,124,896,7.225806451612903,False,2.761096934383261,0.9944196428571428,0.9559027777777778
Qmdw3yPy7bUTyNBjQkADkcfZ5MaoRu4c5gtK6hV4bhTyBo,The Drunken Tinker,Yellow Tinker The,The Drunken Tinker,Misc tunes,NA,NA,NA,publicdomain,0.0,0,0,5,1,1,0,52,373,7.173076923076923,False,2.555498531607255,0.9946380697050938,0.9775641025641024
QmeNmJRwJYKA9DQ7nVVzYUPjjud89nN17arbCQoLRRL3jQ,The Drunken Wife,The Drunken Wifie,The Drunken Wife,Misc tunes,NA,NA,NA,publicdomain,0.0,0,0,0,0,2,0-0,20,208,10.4,False,2.36696405108498,1.0,0.9296875
QmQPha4CPbPVNMhEN41hB8DMaLhQtEUt5gFxPhbp8ETcMe,The Drunken Wife of Galloway,NA,The Drunken Wife of Galloway,Misc tunes,NA,NA,NA,publicdomain,0.0,0,0,3,1,1,0,32,186,5.8125,False,2.672877235907874,1.0,0.9370567375886524
Qmd78UXpTPrxgPxfKLNTPmr3DRE9tcsZm4vB6WHxsMDsZJ,The Drunken Wives of Fachabers. Roose.0354,Drunken Wives of Fochabers. Roose.0354 The,The Drunken Wives of Fachabers. Roose.0354,Misc tunes,NA,NA,NA,publicdomain,0.0,0,0,3,1,1,0,28,212,7.571428571428571,False,2.476830228225257,1.0,0.9288194444444444
Qmb6ovBtNHCm7mZ1L4enddLZVqo4u62gpkcZtvsvcu4zNN,The Duchess Tree,NA,The Duchess Tree,Misc tunes,J.S.Skinner,NA,NA,publicdomain,0.0,0,0,3,1,1,0,20,75,3.75,True,2.629942687261087,1.0,0.9544270833333334
QmZaXAWxeAZu97a1AQ7dxcJkPsqqkyLKnn7h7oRimfAnUk,The Duchess Tree,NA,The Duchess Tree,Misc tunes,J.S.Skinner,NA,NA,publicdomain,0.0,0,0,4,0,2,0-0,18,153,8.5,False,2.7675041782226635,0.9869281045751634,0.9622395833333334
QmZGTifVPtgQxBqBL6EoNF6Dvz35rj8BZAoA93e8Njp9iz,The Duck Chewed Tobacco,NA,The Duck Chewed Tobacco,Misc tunes,NA,NA,NA,publicdomain,0.0,0,0,2,1,1,0,32,190,5.9375,False,2.675434186019069,1.0,0.9290364583333334
QmUfHqvBAUtNBu1mzSYLqQbYxYjxQbvhktnuafWL3aJZVt,The Ducks Dang O'er My Daddy. TWC.077,She Wants a Fellowaka. TWC.077 TheBuff Coat Hath No Fellow aka The. TWC.077 The,The Ducks Dang O'er My Daddy. TWC.077,Misc tunes,Old Scotch,NA,NA,publicdomain,0.0,0,0,7,1,1,0,19,86,4.526315789473684,False,2.588674199385323,1.0,0.9305555555555556
QmbZkz9jPLT1hacFwc9iUaNNykGS9bvvq9DhSMaZ5wgcWa,The Ducks dang over me Daddie. Roose.0251,She Wants a Fellowaka. Roose.0251Buff Coat Hath No Fellowaka. Roose.0251 The,The Ducks dang over me Daddie. Roose.0251,Misc tunes,NA,NA,NA,publicdomain,0.0,0,0,6,1,1,0,28,134,4.785714285714286,False,2.639333390017294,1.0,0.962962962962963
QmPct5gnboPxiv8qX2s294hGPkXN6DmJzqCZG5zsXiKscu,The Duke of Cumberland,NA,The Duke of Cumberland,Misc tunes,NA,NA,NA,publicdomain,0.0,0,0,1,1,1,0,34,224,6.588235294117647,False,2.5097540028814347,1.0,0.9225260416666666
QmZbSj87GwCPmJSLrn2GVLNhCDiU4iMo3w1z7AkAmeLAXs,The Duke of Cumberland's March. BC.26,NA,The Duke of Cumberland's March. BC.26,Misc tunes,NA,NA,NA,publicdomain,0.0,0,0,3,1,1,0,62,322,5.193548387096774,False,2.7582855086643256,1.0,0.9647988505747126
QmPrjvkUgwmhW46DBh9aQTb4d9w3W2YxfCNXKM7KRnWGUJ,The Duke Of Fife's Welcome To Deeside,NA,The Duke Of Fife's Welcome To Deeside,Misc tunes,NA,NA,NA,publicdomain,0.0,0,0,8,1,1,0,65,453,6.969230769230769,False,2.6267194565783605,1.0,0.9459635416666666
QmU5RPSFFpuf6GjnzurMfY9XrQagRwvho6mVhFcqh4VzkP,The Duke of Fife's Welcome To Deeside,NA,The Duke Of Fife's Welcome To Deeside,Misc tunes,Joe Buchanan's Scottish Tome - Page 034.0,NA,NA,publicdomain,0.0,0,0,16,1,1,0,39,396,10.153846153846152,False,2.578349314254764,1.0,0.9129901960784312
QmR1NXLxUn1YUYiZF74AM4oZf9D5jqt4i4WWphuYK3NCj3,The Duke of Fifes welcome to Deeside,NA,The Duke of Fifes welcome to Deeside,Misc tunes,J. Scott Skinner,NA,NA,publicdomain,0.0,0,0,5,1,1,0,19,188,9.894736842105264,False,2.509910019441633,1.0,0.9075520833333334
QmcsdEpuTDgoh9YYbJVWosBptM9wdesp895Fs7Hrsbzqjw,The Duke of Gloucester's March,NA,Duke of Gloucester's MarchThe. (p).1701.PLFD.432,Misc tunes,NA,NA,NA,publicdomain,0.0,0,0,2,1,1,0,16,62,3.875,False,2.5299618227381373,1.0,0.9404761904761904
Qmev97kTJmaArfFvrsk1PxQVQsgXwVFmP6CADSpgYt6RLf,the Duke of Kent's Waltz (A),NA,the Duke of Kent's Waltz (A),Misc tunes,NA,NA,NA,publicdomain,0.0,0,0,4,1,1,0,33,123,3.727272727272727,False,2.858399463769985,0.975609756097561,0.9739583333333334
QmYpqK92e7Hc4gbchwBhTProCgT5GywQmGL9s5YKQvDPn3,The Duke of Kingston's March. SenH.094,NA,The Duke of Kingston's March. SenH.094,Misc tunes,in Hand B (Humph. Senhouse)Gentleman's Magazine,NA,NA,publicdomain,0.0,0,0,4,1,1,0,52,248,4.769230769230769,False,2.7392469609919985,1.0,0.9357638888888888
QmTgg3ddquA1qicFGybPgnsBdNi59hWxBXJfqB4M8qjuHc,The Duke of Rutland's Delight,NA,The Duke of Rutland's Delight,Misc tunes,NA,NA,NA,publicdomain,0.0,0,0,4,1,1,0,33,138,4.181818181818182,False,2.6907446597278804,1.0,0.931640625
QmYxakCvrMLkijf5E7JtiZ5JbP7utFKYyuadyGhSndtz2X,The Duke of York's New March.2voices RH.430,Here's Goodbye Lads...aka. RH.430,DUKE OF YORK'S MARCH,Misc tunes,MozartFigaro,NA,NA,publicdomain,0.0,0,0,30,0,2,0-0,56,732,13.071428571428571,False,2.6250270385443613,0.9972602739726028,0.9375
QmQE5hinxCSRud34hc5XXqxPsfDybDjy1diA889hdWvPiu,The Duke's Hunt - Olver,NA,The Duke's Hunt - Olver,Misc tunes,Taken down from Jas. Olver by F.W.B. 1888.,NA,NA,publicdomain,0.0,0,0,1,1,1,0,26,103,3.9615384615384617,False,2.6152202046574486,1.0,0.8969298245614035
Qmc7LNFhoeAqcpZ2zWhP93gFHx4FShQSVVAsVSQpMQPiqs,The Dunboyne Straw Plaiters,NA,The Dunboyne Straw Plaiters,Misc tunes,NA,NA,NA,publicdomain,0.0,0,0,4,1,1,0,16,124,7.75,False,2.7103613124863712,1.0,0.9518229166666666
QmTkr3EaEmQQzg61iS5xp6CJxuNsHyahspXngwME6STy6r,The Dunkeld Volunteers,NA,The Dunkeld Volunteers,Misc tunes,R-79Niel Gow,NA,NA,publicdomain,0.0,0,0,0,1,1,0,36,150,4.166666666666667,False,2.6046865341864165,1.0,0.9498697916666666
QmahMvRd22KX185HidmLKLbwsW8BB2xJsWYYwxgVtceiRH,The Duran Ranger,NA,The Duran Rangers,Misc tunes,NA,NA,NA,publicdomain,0.0,0,0,3,1,1,0,34,210,6.176470588235294,False,2.705785600776449,1.0,0.9596354166666666
QmVPcsA1qLgNFsTzdkAvHofnSsh8fNjbHfmLQqiws6PEm4,The Durham Rangersaka. JBut.783,Hornpipe. JBut.783 A,Durham Rangers,Misc tunes,NA,NA,NA,publicdomain,0.0,0,0,1,1,1,0,36,200,5.555555555555555,False,2.552313900303289,1.0,0.9563802083333334
QmP1H2zoVsCUrQFLvQPE68YadiCjGoWUnuvVS32m3ErFhu,The Dusky Night. JGi.102,A Hunting We will Go aka.,The Dusky Night. JGi.102,Misc tunes,NA,NA,NA,publicdomain,0.0,0,0,6,1,1,0,21,87,4.142857142857143,False,2.59017848249082,1.0,0.8511904761904762
QmRpMfP7h3xHXdpMCtRbQ8PgCbYBtUSPJyGPd5TnNW8okx,The Dusty Miller's Jig,NA,The Dusty Miller,Misc tunes,NA,NA,NA,publicdomain,0.0,0,0,1,1,1,0,16,108,6.75,False,2.6178996048745984,1.0,0.914351851851852
QmcVsiQwSG6AbPsZx4LCKSioFErouW9ad9iy9dcLPWFy7J,The Dutchess [sic] of Brunswick's Waltz,NA,The Duchess of Brunswick's Waltz. (p)G1808.14,Misc tunes,NA,NA,NA,publicdomain,0.0,0,0,1,1,1,0,29,111,3.827586206896552,False,2.726415785418236,1.0,0.8518518518518519
QmSmgk1FUq4a1hhkXraX5SJKJ1vVpJtHSd3LS26Ws55sFL,The Dutchess [sic] of Brunswick's Waltz,The Duchess of Brunswick's Waltz,The Duchess of Brunswick's Waltz. (p)G1808.14,Misc tunes,NA,NA,NA,publicdomain,0.0,0,0,2,1,1,0,44,170,3.863636363636364,False,2.729212888453985,1.0,0.8430555555555556
QmV3R1pdD3mGrVuhyPdw6qkqgq8LyZM9173W3Q1nvQHHTi,THE EARL OF DALHOUSIE'S WELCOME FROM THE PYRENEES,NA,THE EARL OF DALHOUSIE'S WELCOME FROM THE PYRENEES,Misc tunes,By Nath. Gow,NA,NA,publicdomain,0.0,0,0,3,1,1,0,34,336,9.882352941176473,False,3.097970767283913,0.9226190476190476,0.8216145833333334
QmaMDAmBCajo5XJtzmtsBtpZPVe6BiBy6ZV5Am9mLhvNC5,The Earl of Mansfield,NA,The Earl Of Mansfield's March,Misc tunes,NA,NA,NA,publicdomain,0.0,0,0,6,1,1,0,70,310,4.428571428571429,False,2.564412176990105,1.0,0.9251302083333334
QmTmVDtFqbNE9rje9Xb5asDVTPwE9tSHLyB8yXYDA4Uwk9,The Earl Of Mansfield's March,NA,The Earl Of Mansfield's March,Misc tunes,NA,NA,NA,publicdomain,0.0,0,0,1,1,1,0,54,255,4.722222222222222,False,2.530761044425939,1.0,0.9548611111111112
QmRsw3tDNbnN15nUPBe5VsTvhBNPhopLUZCxH1fdES4uL7,The Earl's Chair 2x,NA,The Earl's Chair,Misc tunes,NA,NA,NA,publicdomain,0.0,0,0,2,1,1,0,40,297,7.425,False,2.499717023498478,1.0,0.9390625
QmcA76iq86WxNXEwTBgsZdV7trYK57AD8xybBuwF1SFqJS,The earth and the fulness - Chas. H. Gabriel,NA,The earth and the fulness,Chas. H. Gabriel,NA,classical,NA,publicdomain,0.0,0,0,3,2,1,0,18,360,20.0,False,2.603775702068295,0.9749303621169916,0.9375
QmNNj8wDg2i8EzndnuS5j8RcyvB3t4gcVmCFq9pc3YzvF1,The earth and the fulness with which it is stored (Harris) - Thoro Harris,NA,The earth and the fulness with which it is stored (Harris),Thoro Harris,NA,classical,NA,publicdomain,0.0,0,0,5,2,1,0,18,386,21.444444444444443,False,2.852254051410067,0.9445910290237468,0.9502314814814816
QmYw8wNQiRAzRWfD3ac7L1o142bjeD4UkyeaRJoKGp8gHM,the East India Volunteers,NA,The East India Volunteers,Misc tunes,NA,NA,NA,publicdomain,0.0,0,0,2,0,2,0-0,28,246,8.785714285714286,False,2.763925014674764,0.951219512195122,0.9340277777777778
QmWBMeJdsmrWoCvgHWbjr9T2AoP1Mg3XxXjGvEdDV4iKYv,The East Neuk of Fife,NA,EAST NEUK OF FIFE,Misc tunes,NA,NA,NA,publicdomain,0.0,0,0,6,1,1,0,36,194,5.388888888888889,False,2.670109437408624,1.0,0.9650537634408602
QmePS5oWZ9VZgLgGsRykWASKCcXQ6421ozyJtvqLnxL9WH,THE EAST NEUK OF FIFE -- Variations,NA,EAST NEUK OF FIFE,Misc tunes,NA,NA,NA,publicdomain,0.0,0,0,7,1,1,0,215,1406,6.53953488372093,False,2.6881677384519254,0.9943100995732574,0.9652412280701754
QmagDnPDap2Ze9MwYfZCaEfR9Q11qj6Ftq5f8Janp8fD35,The East Nook of Fife,NA,The East Nook of Fife,Misc tunes,NA,NA,NA,publicdomain,0.0,0,0,2,1,1,0,164,999,6.091463414634147,False,2.7242714569670143,0.985985985985986,0.956741898148148
QmdZcMsAMQqTryUdUmGZqUEnhMVZUAJwbpwSBoM2vzS8Ff,The East Nook of Fife. WHL.[148],NA,The East Nook of Fife. WHL.[148],Misc tunes,NA,NA,NA,publicdomain,0.0,0,0,5,1,1,0,216,1448,6.703703703703703,False,2.702382835734124,0.9875690607734806,0.9662543402777778
QmZRZaHg3dyjdPtZxpJENRF674dLrWkxLWA7cenn18777z,The East Nook of Five. JBut.549,East Nook of Fife. JBut.549 The,The East Nook of Five. JBut.549,Misc tunes,NA,NA,NA,publicdomain,0.0,0,0,5,1,1,0,36,192,5.333333333333333,False,2.645991765843795,1.0,0.9654947916666666
QmRSJAHNrEEaYZvZQVtVJfjfNCRYXoNvKFfaRx9hbdjXbf,The Eavesdropper (doublejig) 0715,NA,The Eavesdropper,Misc tunes,Unattributed,NA,NA,publicdomain,0.0,0,0,5,1,1,0,38,194,5.105263157894737,False,2.647239753686732,1.0,0.9703282828282828
QmYgjWbwDZW3gTcLVCutxrxPYwvVNvXsBgWystxARSvxmQ,The Eavesdropper CYMRU,NA,The Eavesdropper,Misc tunes,NA,NA,NA,publicdomain,0.0,0,0,1,1,1,0,36,318,8.833333333333334,False,2.6945963432860904,1.0,0.9817708333333334
QmPQv6tVJer2r1zhr9SSj8FYR1rqUZrMeDpwirWcbBpbML,The Ebb Tide,Neap Tide The,The Ebb Tide,Misc tunes,NA,NA,NA,publicdomain,0.0,0,0,9,1,1,0,36,238,6.611111111111111,False,2.7899942278286107,0.9495798319327732,0.953125
Qmdt2LvLqr3zTmExbzccaeDcoNZkrpC4YS9aMT4C8Ag9eR,The Ecstasy of Gold,Piano solo,the ecstacy of gold,Ennio Morricone,Ennio MorriconeArr: Anders Thue,classical-soundtrack,piano,cc-zero,4.72,259,612,18350,2,1,0,42,951,22.642857142857142,False,2.766230344725284,0.9872611464968152,0.953125
QmdCCSe2HWHCXtFKH7aMQGb79Z13Q8HVD8HCy7k6Px8FdK,The Edge Of Night,From The Lord Of The Rings: The Return Of The King,edge of night pippin song,Misc Soundtrack,Billy Boyd,soundtrack,pippin-thelordoftherings-edge-night-soundtrack,cc-zero,4.5,19,237,28997,1,1,0,20,243,12.15,False,2.534599413553524,0.9742489270386266,0.8263888888888888
QmWUFS3bhAtW96YTjtF5549HAFrVKDgNfYg6DzU1A6gD6C,The Edinburgh Ladies Pipe Band,NA,The Edinburgh Ladies Pipe Band,Misc tunes,Joe Buchanan's Scottish Tome - Page 132.0,NA,NA,publicdomain,0.0,0,0,6,1,1,0,96,502,5.229166666666667,False,2.737918444046918,1.0,0.7996794871794872
QmPsWYPuHN8HUrGr22zr9aFvqdG6nLsPBzoVd9tdSG8xrq,The Edinburgh Train Band's March,NA,The Edinburgh Train Band's March,Misc tunes,NA,NA,NA,publicdomain,0.0,0,0,2,1,1,0,2,7,3.5,False,0.5916727785823275,1.0,0.9479166666666666
QmXwiGkysvRghZM21sQdGHpmWqcJdrDvKuWGvvq5TvnQvj,The Eighth of January,Battle of New Orleans The,Eighth Of January,Misc tunes,NA,NA,NA,publicdomain,0.0,0,0,36,1,1,0,25,131,5.24,False,2.273953724381484,1.0,0.9385416666666668
QmdRKSVNLQMtnze93qksBHYboNQBGQPwuXBU6GFwZ4a8QL,The Elder Scrolls V Skyrim - Dragonborn Theme,NA,Dragonborn,Jeremy Soule,NA,classical-soundtrack,skyrim-v-skyrimv-dragonborn-elderscrolls-theelderscrolls-theelderscrollsv-elderscrollsv-elderscrolls-dragonborntheme-theelderscrollsvskyrimdragonborntheme-elderscrollsvskyrim-bethesda,cc-zero,0.0,0,0,86,2,1,0,107,1453,13.57943925233645,False,2.6628889294044646,0.9923237962316818,0.9354166666666668
QmXj9v7y9T5XAoDgLfoii9ee14jjmuecmRFLfu5wn463Mh,The Elder Scrolls V: Skyrim.,The Elder Scrolls V.,Dragonborn,Jeremy Soule,Jeremy Soule.,classical-soundtrack,skyrim-dragonborn-jeremysoule-sonsofskyrim-dovahkiin-elderscrollsv,cc-zero,0.0,0,42,8320,2,1,0,46,1363,29.63043478260869,False,2.6701198566272137,0.9896983075791024,0.909313725490196
QmYTk3FKSyrtMvPDjD7gquURmJUi5F29YEyDFWoxZ4hGzG,The Elders of the People Took Counsel - Marco Antonio Ingegneri,NA,The Elders of the People Took Counsel,Marco Antonio Ingegneri,MARCO-ANTONIO INGEGNERI(1535?-1592),classical,NA,publicdomain,0.0,0,0,1,0,6,0-0-0-0-0-0,69,1373,19.89855072463768,True,2.96714498389791,0.9448441247002398,0.9555759803921569
QmfZv2TtwVZgLAz1gv8znDVWM23SFhCiXsBMvmjGeKr8nX,The Elector of Hanover's March. PFD2.160,NA,The Elector of Hanover's March. PFD2.160,Misc tunes,NA,NA,NA,publicdomain,0.0,0,0,4,1,1,0,31,101,3.2580645161290325,False,2.856384474063184,0.9801980198019802,0.9516129032258064
QmQ2eYPMNPRi2dDN4tyz14Pic8KXgxQ27LmfH6h45nKGjL,The Elephant Song - please identify this song,NA,The Elephant Song - please identify this song,Stoney439,NA,NA,NA,cc-zero,0.0,0,1,157,1,1,0,40,101,2.525,False,2.755975893352812,0.9801980198019802,0.9442708333333332
QmdfDGDwpeNQwTyBuYJJMQLfdtQGYHgjUEhhoiKNHgbnnv,The Elevation,NA,The Elevation,Misc tunes,Turlough O'Carolan (1670-1738)LARGO then POCO PIU MOSSO,NA,NA,publicdomain,0.0,0,0,13,1,1,0,48,185,3.8541666666666665,False,2.7268125733886097,1.0,0.9300213675213675
QmauWume6gHFU1T937ZtWeRM9YP2vhQashEtayM69172Md,The Elizabethan Serenade,NA,Elizabethan Serenade,Ronald Binge,NA,NA,NA,publicdomain,4.39,7,3,423,1,1,0,50,146,2.92,False,2.5078049652586643,1.0,0.9565972222222222
Qmb23KDJFikvE1ufQNq9aEvzManiAonJZE8pTvsSg3YNHR,The Elks Festival CYMRU,NA,The Elks Festival CYMRU,Misc tunes,NA,NA,NA,publicdomain,0.0,0,0,1,1,1,0,36,474,13.166666666666666,False,2.5523703791078955,1.0,0.95703125
QmardixtZPEMTC2S5bUhw6rSXaSNy5BxFYLWYZcRqtBd8f,The Emblem Of Faith (air) 0501,NA,The Emblem of Faith,Misc tunes,after Mr. Dunlapslow,NA,NA,publicdomain,0.0,0,0,4,1,1,0,17,64,3.764705882352941,False,2.73159703343872,1.0,0.9357638888888888
QmYFqzkK33FWumfLZnDFwRZGDDB4BcLXVLerMDZ9A8nwds,The Emerald Isle.,inis ealga.,The Emerald Isle,Misc tunes,NA,NA,NA,publicdomain,0.0,0,0,2,1,1,0,38,132,3.473684210526316,False,2.6313210760840926,1.0,0.9212962962962964
QmVGAHLNqomqFBcNDJ6foJCHxB93xw11BU1VKZqU1uiVWN,The Emigrant's Farewell,NA,The Emigrant's Farewell,Misc tunes,NA,NA,NA,publicdomain,0.0,0,0,32,1,1,0,33,104,3.1515151515151514,False,2.62404158550254,1.0,0.9071180555555556
QmYfR18LRZtB8gUNgptCYdiNKHCKM2Jt2qwnwhjHAQVhin,The Emperor's Arrival,Music Theory Final,The Emperor's Arrival,Daniel H. Bautista,Daniel H Bautista,NA,NA,cc-zero,0.0,0,0,89,2,1,0,39,714,18.307692307692307,False,2.7337680490202025,0.9943977591036416,0.9524739583333334
QmRS3TGXNDmKgtpUCbg1VYpvhdyBxPiKvi5oE9JtLFDuX6,The end,NA,The end,Long Äáºng,Composer: Dang Tung Long,NA,theend-piano-happy-new-year-labtime-firstlove-yiruma-kisstherain-free-music,cc-zero,0.0,0,1,53,1,1,0,33,170,5.151515151515151,False,2.7423571522504195,1.0,0.9747474747474748
QmNWvGCUL4hRm8Hq7bKrAb1oZnMMbTe3XD2za8t3kdKmUq,The End Of All Things,Panic! At The Disco,NA,NA,NA,NA,theendofallthings-panicatthedisco-piano-voice-tooweirdtolivetooraretodie,cc-zero,0.0,0,2,82,0,1,0,88,706,8.022727272727273,True,2.662834472694932,1.0,0.952001633986928
QmciLg6fY3fmL5ioLfcd6ZLsX6kiqUsEHEQapGYDNg438M,The End Of All Things (easy),NA,NA,NA,Panic! At The Disco,NA,panicatthedisco-theendofallthings-piano-brendonurie-tooweirdtolivetooraretodie-tooweirdtolive-tooraretodie-beautifulpiano,cc-zero,0.0,0,6,244,0,2,0-0,114,570,5.0,False,2.669199153729941,1.0,0.9259803921568628
QmbHJjJUr3Nn58uaH1Hyc81qGMQJQjxahaoR3mNNHDssam,The End. - My Chemical Romance [Piano Score],NA,the end,My Chemical Romance,My Chemical Romance,rock,theend-mychemicalromance-dead-pianoscore-mychemicalromancepiano,cc-zero,4.87,13,96,1134,2,1,0,150,1270,8.466666666666667,False,2.879697678556918,0.8251968503937008,0.949032738095238
QmZHFLGVwDyVs4SdTCb1bEgtquXvTsYmYuXdewf5WZqePT,The English bring to Gratney green the Lasses that hae Siller,NA,The English bring to Gratney green the Lasses that hae Siller,Misc tunes,NA,NA,NA,publicdomain,0.0,0,0,5,1,1,0,66,471,7.136363636363637,False,2.683746829542183,1.0,0.9495442708333334
QmdQuCe5ML6ziFTuF67LNhYCgXV1hJvm2BoSPkk2EH4hKv,The Enniskillen Dragoons (song) 0411,NA,The Enniskillen Dragoons,Misc tunes,after Chief F. O'Neillmoderate,NA,NA,publicdomain,0.0,0,0,2,1,1,0,17,62,3.647058823529412,False,2.638746797405483,1.0,0.8619791666666666
QmR3MekV7PHcnJBhPimFYjCyef6r518bRwX53G5WNNzfnu,The Entertainer,NA,The Entertainer,Misc tunes,Scott Joplin 1902 arranged Colin Hume,NA,NA,publicdomain,0.0,0,0,16,1,1,0,72,415,5.763888888888889,False,2.879903781543282,0.9397590361445785,0.9371890547263682
QmbJXNcUfabd1RNA4zq9VbxhLEUkgdJxTAzjZMPugdho5X,The Entertainer,NA,NA,NA,Scott Joplin,NA,beginner-joplin,cc-zero,0.0,0,3,165,1,1,0,37,288,7.783783783783784,False,2.94007652867851,0.9270833333333334,0.9498873873873874
QmRbzKhmjYeoxdEVnMKNZhWUYntbdvKNR1jnx8ctmTUtj8,The Entertainer,NA,the entertainer,Scott Joplin,Scott Joplin,jazz-classical,NA,cc-zero,0.0,0,4,40,2,1,0,156,1823,11.685897435897436,False,3.046977405017387,0.9105869445968184,0.9577956989247312
Qme4jxoeRn3pSjY8e4t1fv6xvVTnL3VzWztgcWCFMdyaYE,The Entertainer - Slightly simplified,A rag-time two step,the entertainer,Scott Joplin,Scott Joplin,jazz-classical,scotjoplin-theentertainer-entertainer-simplified,cc-zero,0.0,0,69,1159,2,1,0,86,1059,12.313953488372093,False,2.888692022656161,0.9244570349386212,0.9389204545454546
QmUrYwFqwicfpN8W6MriQNvqwapJNT5hN8PxLTWXdXerSQ,The Entertainer 2020,(edit),the entertainer,Scott Joplin,by Scott Joplin,jazz-classical,NA,cc-zero,4.85,4,5,525,2,1,0,106,1515,14.29245283018868,False,3.0642147171094085,0.8996699669966997,0.9598082595870208
QmaNXdAwKwtgakWES67cU9QbrvnCz311cpYxgTwFjF1x1b,The Erl King - John Wall Callcott,A glee,The Erl King,John Wall Callcott,John Wall Callcott (1766-1821),classical,NA,publicdomain,0.0,0,1,62,0,4,0-0-0-0,149,1671,11.21476510067114,True,2.879248692056253,0.9691577698695136,0.9263117283950616
QmXa7vMuHdn4HDQM4rLuKXytu9Ld4HDEr4y787T6oid8nv,The Essacks Dance,NA,The Essacks Dance,Misc tunes,No 219 Page 108 William Clarke of Feltwell,NA,NA,publicdomain,0.0,0,0,2,1,1,0,40,236,5.9,False,2.5161877240706243,1.0,0.9197916666666668
QmRZGE79TMXsrZ2dyMvLkAjLZLQ89wc8PcTeAzJEtK5toq,The Estuary Of The Shannon,NA,The Estuary Of The Shannon,Misc tunes,NA,NA,NA,publicdomain,0.0,0,0,4,1,1,0,34,212,6.235294117647059,False,2.445489161931884,1.0,0.9284722222222224
Qmf2zaXP72eUBFNaAehdiQ5MGiQPsYD9FqQDSKaogoop1P,The Eternal Prototype,NA,NA,NA,NA,NA,piano,cc-zero,0.0,0,0,16,1,1,0,107,1003,9.373831775700934,False,2.785033778079403,0.9800598205383848,0.9635416666666666
QmPXGMBJh6Xhd3E6icqYww44XW6Z281L6uDiSUeHvg465h,The Europa(missing image). PFD3.143,Ever Pleasantaka. PFD3.143,The Europa(missing image). PFD3.143,Misc tunes,NA,NA,NA,publicdomain,0.0,0,0,2,1,1,0,57,238,4.175438596491228,False,2.805027502412829,0.9705882352941176,0.9567307692307692
QmVRCnTksv3FP2H9orcjeWM2aLLiMx2oq5bqXyjGXTaEw1,The evening bells were ringing - C. Austin Miles,NA,The evening bells were ringing,C. Austin Miles,NA,classical,NA,publicdomain,0.0,0,0,12,1,1,0,17,184,10.823529411764708,False,2.7889420356714925,0.9456521739130436,0.9609375
QmRgLh1tH2S86zgK2ZX9QEXj95Suuc8kKAPzvtWtYAFS2u,The evergreen shore - William Hunter,NA,The evergreen shore,William Hunter,NA,classical,NA,publicdomain,0.0,0,0,12,1,1,0,19,275,14.473684210526317,False,2.650190405261164,0.9963636363636365,0.9097222222222222
QmeGMk773bwa1dMihWHWH46uBzujWwXuWsFeiPvwiMthWB,The Ewie wi the Crooked Horn,NA,The Ewie wi the Crooked Horn,Misc tunes,NA,NA,NA,publicdomain,0.0,0,0,2,1,1,0,11,90,8.181818181818182,False,2.56679009871209,1.0,0.875
QmTgapcV43oHHV2oXjV1RGpxiW2TWoYMoLrYPyR665bRnH,the EWIE WI' THE CROOKED HORN,NA,the EWIE WI' THE CROOKED HORN,Misc tunes,NA,NA,NA,publicdomain,0.0,0,0,4,1,1,0,10,61,6.1,True,2.572524786689585,1.0,0.8984375
QmYQCqXf5gHyRzepWci9ncigBG68xSKX6sjYPiL3Dcd3qf,The Ewie wi' the Crookit Horn,NA,the EWIE WI' THE CROOKIT HORN,Misc tunes,NA,NA,NA,publicdomain,0.0,0,0,2,1,1,0,18,63,3.5,False,2.7740027429788947,0.9523809523809524,0.9322916666666666
QmZ3Zxd1db53EeaU9ZsjoRFE4zNziCSYCzLZKkBeT5goAU,The Exile of Erin,Savourneen Deelish,The Exile Of Erin,Misc tunes,NA,NA,NA,publicdomain,0.0,0,0,1,1,1,0,28,186,6.642857142857143,False,2.819109490009528,0.967391304347826,0.9103260869565216
QmZwzsWoV4uNnfRDqoch4GbLU5jwyY2RkfmN33Yo3K5fa7,The Exonian Finale. JNu.60,NA,The Exonian Finale. JNu.60,Misc tunes,Hart's 8th Set,NA,NA,publicdomain,0.0,0,0,3,1,1,0,31,151,4.870967741935484,False,2.740542086911984,0.9801324503311258,0.8916666666666666
QmPrFofWgbxzwc17vQNfaLGHKwNA8Uuc9XSw4pSFayGeA8,The Expert Dancer,NA,The Expert Dancer,Misc tunes,Joe Buchanan's Scottish Tome - Page 406.3,NA,NA,publicdomain,0.0,0,0,5,1,1,0,18,124,6.888888888888889,False,2.5438462507247186,1.0,0.9114583333333334
QmV4jM5TsdwtJ6J9ADXqads6FGaX5nKJfQtpZF88tZgyAx,The Exponential Curve,NA,The Exponential Curve,Misc tunes,NA,NA,NA,publicdomain,0.0,0,0,2,1,1,0,32,146,4.5625,False,2.771906051849278,1.0,0.9279513888888888
QmRcYnqvSZGLKVersgHZVZqqXAbT8AEgu5SyjfX78XeEU5,The External World,NA,NA,NA,NA,NA,NA,cc-zero,0.0,0,4,581,1,1,0,32,254,7.9375,False,3.090303942916309,0.8779527559055118,0.9909420289855072
QmPX5gmMpQ69Kj2xuJpuDTK3MczvsiF8v42WFb59EdL5p4,The face of earth is smiling - Powell G. Fithian,NA,The face of earth is smiling,Powell G. Fithian,NA,classical,NA,publicdomain,0.0,0,0,3,2,1,0,27,353,13.074074074074074,False,2.9971640482203705,0.9178470254957508,0.9819444444444444
QmUvFoVsTpUWJRixbpbaqN6X3fnAaBUyF59Lk8PzTx5Zxv,The Failed Fugue,NA,NA,NA,NA,NA,NA,cc-zero,0.0,0,0,99,0,1,0,24,206,8.583333333333334,False,2.709706786071993,1.0,0.9827898550724636
QmZm6cS5YAsjwhGAg1Ef7wQ6tbkSY3PNrMSSe7hofHM5ZT,The Fair At Dungarvan (air) 0099,NA,The Fair at Dungarvan,Misc tunes,after Chief F. O'Neillmoderate,NA,NA,publicdomain,0.0,0,0,2,1,1,0,34,74,2.176470588235294,False,2.4808662574955704,1.0,0.9661458333333334
QmRSdazGNfqytakFtyWNrT2AW7SAA2UXZxntmfsBQV3D3m,The Fair Branch (air) 0536,NA,The Fair Branch,Misc tunes,after Sg't. J. O'Neilldistinctly,NA,NA,publicdomain,0.0,0,0,5,1,1,0,18,100,5.555555555555555,False,2.6682702910884264,0.97,0.9348958333333334
QmPKe2kJMWFm13rpeeDdFLVxHwsz9zwjaA15XshY7gp6rG,The FAIR LAND OF POLAND. (Bohemian Girl.),NA,the FAIR LAND OF POLAND. (Bohemian Girl.),Misc tunes,NA,NA,NA,publicdomain,0.0,0,0,1,1,1,0,35,170,4.857142857142857,False,2.8859735969330624,0.9529411764705882,0.933080808080808
QmZnmg3hqyEeta2kHrdGHzy2su9PVNoYv1uZmseCBCLexr,The Fair Maid Of Cavan (air) 0578,NA,Fair Maid of Cavan,Misc tunes,after Mr. Ryanslow,NA,NA,publicdomain,0.0,0,0,3,1,1,0,64,174,2.71875,False,2.7897012613009946,0.9827586206896552,0.9325396825396826
QmVjfWn3swX87A13YxXAuZAqvLevuXCfr7g4B2MriB4ACW,The Fair Maid of Cavan.,aindear .deas ua ca.bain. an,Fair Maid of Cavan,Misc tunes,NA,NA,NA,publicdomain,0.0,0,0,6,1,1,0,61,153,2.508196721311476,False,2.700928475204503,1.0,0.925595238095238
QmWA7sqo7zk1uYSmr5PC4nQTqryQiRy66PmQxNwStd5fsh,The Fair Maid Of Kinsale (air) 0610,NA,The Fair Maid of Kinsale,Misc tunes,Unattributedslow,NA,NA,publicdomain,0.0,0,0,3,1,1,0,19,99,5.2105263157894735,False,2.714511216927901,1.0,0.9231770833333334
QmUYxXiguSka3KpoqRfyeQZhq5rDnPzpeMPUhgK5smMCw1,The Fair Maid of Kinsale.,an cailin ban ua ceann-saile.,The Fair Maid of Kinsale,Misc tunes,NA,NA,NA,publicdomain,0.0,0,0,3,1,1,0,18,94,5.222222222222222,False,2.676704989171121,1.0,0.9223484848484848
QmYG9cGHzupcrfd7rgFcHvPWG7ctxtuhCUHYJM9RhKxZAy,The fairest flag beneath the sun - Chas. H. Gabriel,NA,The fairest flag beneath the sun,Chas. H. Gabriel,NA,classical,NA,publicdomain,0.0,0,0,2,2,1,0,18,414,23.0,False,2.6046645724689577,0.9637681159420288,0.9401041666666666
QmPcyPAmNUuQ6vgXSNhDPdyfPscKw4St3eLRewTuesVeHw,The Fairhaired Boy,Micho Russell's,The Fairhaired Boy,Misc tunes,NA,NA,NA,publicdomain,0.0,0,0,3,1,1,0,16,117,7.3125,False,2.836381770129881,0.9658119658119658,0.9713541666666666
QmdM7oHcC4NWeqsHeu7vh3tvnUh54MGSnG7kN3yahFyM7m,The Fairhaired Boy,An Buachaill\'in Fionn,The Fairhaired Boy,Misc tunes,NA,NA,NA,publicdomain,0.0,0,0,1,1,1,0,16,121,7.5625,False,2.8205058478295406,0.950413223140496,0.9440104166666666
QmaNLsKxnLSYwmi98Ef8z9UoV66pcfvKS9wWUaqNrUh69g,The Fairhaired Boy (jig) 0924,NA,The Fairhaired Boy,Misc tunes,after Mr. Beamish,NA,NA,publicdomain,0.0,0,0,5,1,1,0,34,192,5.647058823529412,False,2.3544473343523777,0.9895833333333334,0.9878472222222222
QmTHH5L4HtkF42inT67p3oBjEmvr1jefiyn1Q12sdfyTyJ,The Fairies,An Leanbh Sidhe (The Fairy Boy)Faeries' TheFairies' TheFairies' TheFairy's TheOther Fairy TheOther Fairy The,THE FAIRIES,Misc tunes,NA,NA,NA,publicdomain,0.0,0,0,7,1,1,0,126,766,6.079365079365079,False,2.754615091198751,0.9934725848563968,0.961123511904762
QmbiNUPyg8zJhzYbxYzyMBecRhdm6nL35RFYcUCJpCGxve,The Fairies Advance. 2voices RH.043,NA,The Fairies Advance. 2voices RH.043,Misc tunes,NA,NA,NA,publicdomain,0.0,0,0,7,0,2,0-0,36,514,14.27777777777778,False,2.7061935152004954,1.0,0.8756510416666666
QmaewUfgDnhJxoAkJW8p2FNtKqQkyqXw2ke4gkSzKXWGtc,The Fairies' Hornpipe,NA,The Fairies Hornpipe,Misc Traditional,NA,folk,NA,publicdomain,0.0,0,0,4,1,1,0,36,236,6.555555555555555,False,2.802752238954972,0.9915254237288136,0.9557291666666666
QmVhniVU7QU2mkY6H8r3V5odzhubrt6RtnvF1RWgUZMGvv,The fairies' hornpipe,NA,The Fairies Hornpipe,Misc Traditional,anon.,folk,NA,publicdomain,0.0,0,0,1,1,1,0,27,172,6.37037037037037,False,2.748465221246035,1.0,0.9444444444444444
QmSRtxZXkVgXtbKTouWJxgNYrzssmvQAwvJjR7R4N3KNai,The Fairies' Well (air) 0478,NA,The Fairies' Well,Misc tunes,after Chief F. O'Neillmoderate,NA,NA,publicdomain,0.0,0,0,2,1,1,0,34,94,2.764705882352941,False,2.600312392551076,0.9680851063829788,0.9510869565217392
QmUtNRaBcJA7F4hEZPuqF3Dw2AV9ES8A82cBQYGP1ucDaV,The Fairy Cobbler (air) 0252,NA,the Fairy Cobbler,Misc tunes,after Chief F. O'Neillwith SPIRIT,NA,NA,publicdomain,0.0,0,0,3,1,1,0,22,84,3.8181818181818175,False,2.874495436534292,0.9166666666666666,0.9013888888888888
QmdvSxEF5dFLpjtueo45v3Z3uNx2KNjLToDA8qHfzooWZc,The Fairy Hurlers,Walsh's Favorite,The Fairy Hurlers,Misc tunes,NA,NA,NA,publicdomain,0.0,0,0,3,1,1,0,49,410,8.36734693877551,False,2.793622266261859,0.9853658536585366,0.9499113475177304
QmYm8co5pCMBMXhdN8HjM1Tq43nWUB6p1mXqpwFfgTfNxM,The Fairy Hurlers (228),Walsh's Favorite,The Fairy Hurlers (228),Misc tunes,NA,NA,NA,publicdomain,0.0,0,0,5,1,1,0,49,410,8.36734693877551,False,2.793622266261859,0.9853658536585366,0.9499113475177304
QmYew8W1C876vm6Ei7NK2y1rx5niVrHbis4B2qB5H27Kq6,The Fairytale Of New York,NA,Fairytale of New York,The Pogues,Shane Mac-Gowen and Jem Finer,rock,christmas-thepogues-kirstmccoll-thefairytalefonewyork-fairytalefonewyork,cc-zero,4.57,295,1302,73203,1,1,0,78,1530,19.615384615384617,False,2.634762738284248,1.0,0.8996621621621621
Qmbki5dFq3yzeawb12gHCy5QHAZzF8EqNCddPPKdmcD58n,The Faithful Friend (hornpipe) 1763,NA,The Faithful Friend (hornpipe) 1763,Misc tunes,after Mr. Cronin,NA,NA,publicdomain,0.0,0,0,6,1,1,0,56,394,7.035714285714286,False,2.777431481626861,0.9847715736040608,0.971938775510204
QmQct43vxPPHs5VxSeygTmRbfCchwdB4SwrgRLHS9AgbmC,The Faithful Shepherdess. SenH.054,NA,The Faithful Shepherdess. SenH.054,Misc tunes,Ed. Stanleyin Hand B (Humph. Senhouse)Lively but not too fast,NA,NA,publicdomain,0.0,0,0,2,1,1,0,18,101,5.611111111111111,False,2.882359826517414,0.9702970297029704,0.9152777777777776
QmbjD2t5i4YYrppjtKtyp7THzmU7Np1ixhHnqbzV8eENbK,The Fall of Foyers,Eas-na-Sm\uid,The Fall Of Foyers,Misc tunes,NA,NA,NA,publicdomain,0.0,0,0,11,1,1,0,19,176,9.263157894736842,False,2.586095256740396,1.0,0.890625
QmQXCaBXctGpjZ1j3F3JHscorLmrRm6FVjELFGogjvV4dN,the Fall of Paris,the Downfall of Paris,the Fall of Paris,Misc tunes,NA,NA,NA,publicdomain,0.0,0,0,9,1,1,0,69,359,5.202898550724638,False,2.6301502182471976,1.0,0.8799019607843137
QmVpKNmJwsX1AxYPeQKnVv9eBESc1227dRNzDqzy89iHBv,The Family Bible (135653),NA,The Family Bible (135653),Misc Traditional,NA,folk,NA,publicdomain,0.0,0,0,104,0,4,0-0-0-0,49,573,11.693877551020408,False,2.575706953275501,1.0,0.9730902777777778
QmRbYSFUjz9zU3Q3Gv9VprPz9BMbKQ45U2sQoBrJ5irAwP,The Famous Ballymote,NA,The Famous Ballymote,Misc tunes,NA,NA,NA,publicdomain,0.0,0,0,6,1,1,0,16,117,7.3125,False,2.598352752790307,1.0,0.9713541666666666
QmU5aoNwN6B6KrdHa7kNRGFN4fNznGHiixDVwmYvXNyTsE,The Fantocini. ASH.05,NA,The Fantocini. ASH.05,Misc tunes,NA,NA,NA,publicdomain,0.0,0,0,7,1,1,0,32,138,4.3125,False,2.6043269842118923,0.9855072463768116,0.9166666666666666
QmQJYZoFLu49px4Hp3FG7JyRSRxLZrarHLFcM123DR4HST,The Farm,Destiny 2,The Farm,Michael Salvatori,Michael Salvatori Skye Lewin C Paul Johnson Rotem Moav and Pieter Schlosser,soundtrack,destiny-destiny,cc-zero,4.93,25,51,1688,2,1,0,184,1432,7.782608695652174,False,3.4545344765772708,0.7318435754189944,0.9490427927927928
QmVBaS5cKYxeJMXyfLVNLz68yEkqtYmH5zfVYp3r4eWEMK,The Farmer Killed His Ox Today,NA,The Farmer Killed His Ox Today,Misc tunes,NA,NA,NA,publicdomain,0.0,0,0,4,1,1,0,16,124,7.75,False,2.516300636848379,1.0,0.9830729166666666
QmR3mLAa4eQ5oBYiNPNCCV1gyaShV2PeXLxAj3cSUQQtxh,The Fat Man's Fancy.,NA,The Fat Man's Fancy,Misc tunes,NA,NA,NA,publicdomain,0.0,0,0,4,1,1,0,38,178,4.684210526315789,False,2.632022821827253,1.0,0.9325
QmPv9wHzdB9PfLW1Pxp2SKACBKDKrcKXKTPJKGbuAW1rxW,The favor that could neer be bought - Robert Harkness,NA,The favor that could neer be bought,Robert Harkness,NA,classical,NA,publicdomain,0.0,0,0,2,1,1,0,18,247,13.72222222222222,False,3.0392930105838314,0.9230769230769232,0.9114583333333334
QmekV51pb3y3hWJ5iwWyJNyU93gxXu8AWC5ADQDySYxCd6,The Favorite Dram,Ho rò mo bhoban an dràm,The Favorite Dram,Misc tunes,NA,NA,NA,publicdomain,0.0,0,0,4,1,1,0,46,300,6.521739130434782,False,2.550638283284824,1.0,0.9171296296296296
QmafTSPXXaaSvUkA1kuteJXg86A9kX5ikHm9kdJykyBZjB,The Favourite Dram,NA,The Favourite Dram,Misc tunes,NA,NA,NA,publicdomain,0.0,0,0,2,1,1,0,8,56,7.0,False,2.4547012441673464,1.0,0.8619791666666666
QmXVgZuA6QdhDCShFTP8Dj6AfwKQJwkjUkeuPTgGK8d8Fd,The Favourite Dram,NA,The Favourite Dram,Misc tunes,NA,NA,NA,publicdomain,0.0,0,0,2,1,1,0,24,178,7.416666666666667,False,2.5389489708565574,1.0,0.9238782051282052
QmeWPUjoiMeu2z9CexwueyRLiJv7oZAiQCyJPbxyqttgSe,The Fearless Boys (march ?) 1811,NA,The Fearless Boys,Misc tunes,after Sg't. J. O'Neill,NA,NA,publicdomain,0.0,0,0,1,1,1,0,38,212,5.578947368421052,False,2.9551982573580737,0.9528301886792452,0.9482323232323232
QmcpgUUvARbNm6MRvQCNSTTnuJrroUxLpwY3bS8VM7yhk3,the Female Saylor,Masters in This Hall,The Female Saylor,Misc tunes,NA,NA,NA,publicdomain,0.0,0,0,1,1,1,0,32,103,3.21875,False,2.700484515804554,0.9223300970873788,0.8914930555555556
QmdtYfzmsjbY1tfencNgkkrAk4unmAKF6giAteMzic4j6t,The Fenian Stronghold (air ?) 0539,NA,Fenian Stronghold,Misc Traditional,after Sg't. J. O'Neillwith feeling,folk,NA,publicdomain,0.0,0,0,4,1,1,0,18,59,3.2777777777777777,False,2.7941879599671138,0.9661016949152542,0.9444444444444444
QmTrLLkHqHE7gQCoYJdWqvjrdbZH4Z26hTRTAuiUbtNN22,The festal morn my God is come - Thomas Clark,NA,The festal morn my God is come,Thomas Clark,Thomas Clark,classical,NA,publicdomain,0.0,0,0,2,0,5,0-0-0-0-0,37,363,9.81081081081081,True,2.7628996016450533,0.984375,0.976851851851852
QmX3sMcoQGGoHpGDfPmc6z3yexBnVd4im4N9PP3WXVTZ1j,The festal morn my God is come - Thomas Clark,NA,The festal morn my God is come,Thomas Clark,Thomas Clark,classical,NA,publicdomain,0.0,0,0,4,0,4,0-0-0-0,25,327,13.08,True,2.8876904208281746,0.9611650485436892,0.9384920634920636
QmbfnTrbBLTuJkmR9R7AifzPYHvFetvaPtZaakYjEcLoVY,The Fiddler's Settle,NA,The Fiddler's Settle,Misc tunes,NA,NA,NA,publicdomain,0.0,0,0,2,1,1,0,36,258,7.166666666666667,False,2.6078529137598254,1.0,0.9779761904761904
QmXsuodQUZ7ymFrjYNZ4pNjJdnXUTqY1bFP9e5XCaxj2ey,The Fidget,NA,Fidget,Misc tunes,NA,NA,NA,publicdomain,0.0,0,0,1,1,1,0,34,184,5.411764705882353,False,2.6562374753136178,1.0,0.95497311827957
Qmd1nJXY1RamRjMLoxtvoot8XVaexAUWBPodycsifugo1d,The field of flowers,NA,The field of flowers,Misc tunes,anon.,NA,NA,publicdomain,0.0,0,0,1,1,1,0,47,233,4.957446808510638,False,2.6189344002220816,1.0,0.9509408602150538
QmUPgjq8AsVzfGmS3NkEvWkrWGXJtpWCYizAgoGWMdmoVR,The Field of Flowers (jig) 1065,NA,The field of flowers,Misc tunes,Unattributed,NA,NA,publicdomain,0.0,0,0,1,1,1,0,38,196,5.157894736842105,False,2.70373786641426,0.9897959183673468,0.9616666666666668
QmNVecjGFS16WjS46oVrF2jfdDekMJrwebnvb3phLQAkVR,The Field of Hopes and Dreams - Piano solo arrangement,Deltarune OST,Hopes and Dreams,Toby Fox,Toby Fox Arr: Lucas Rubio,soundtrack,deltarune-videogame-tobyfox,cc-zero,0.0,0,8,394,2,1,0,168,1883,11.208333333333334,False,2.857426788563989,0.984599044078598,0.972842261904762
QmTJSiraSPWUWo5ujKLLFmudzTWBioKbpb56kihXbs11eK,The Field Of Oats (reel) 1523,NA,The field of oats,Misc tunes,after Chief F. O'Neill,NA,NA,publicdomain,0.0,0,0,2,1,1,0,18,119,6.611111111111111,False,2.583149765602478,0.9747899159663864,0.9739583333333334
QmeEU9osRXWQMFrXUEHfepR2xwNrJoAFUedWHSbRbCBEiX,The Field White with Daisies,NA,The Field White with Daisies,Misc tunes,NA,NA,NA,publicdomain,0.0,0,0,3,1,1,0,18,67,3.7222222222222223,False,2.7284027180717114,1.0,0.9027777777777778
QmPorS1NFArqWcf3XPqjgus4SztcxQwPdiZPifoYzZS2V1,The fields are all white (Stone) - Alonzo Stone,NA,The fields are all white (Stone),Alonzo Stone,NA,classical,NA,publicdomain,0.0,0,0,5,1,1,0,35,300,8.571428571428571,False,2.846794300647131,0.96,0.9366319444444444
QmSNaeRgio8RdEoTVP1Bg3bFHPCgzBy6L2552zH4NFcn8X,The fields are white 'tis harvest time - James McGranahan,NA,The fields are white 'tis harvest time,James McGranahan,NA,classical,NA,publicdomain,0.0,0,0,13,1,1,0,22,319,14.5,False,2.5916792271069435,0.987460815047022,0.9510416666666668
QmW1eQGmp636AYZuruDMRsgyueUVYCXDV921nsS1SSYiHt,The Fields of Athenry,NA,fields of athenry,Misc Traditional,NA,folk,NA,publicdomain,4.74,5,3,122,1,1,0,37,98,2.6486486486486487,False,2.433703453226647,1.0,0.9425505050505052
QmVeeRXuYnUw1RiU3s4i5URkNRVAR6Ej8hL6g8yCVQWCND,The Fiery Clock Fyece,NA,Fiery Clock Face,Misc Traditional,NA,folk,NA,publicdomain,0.0,0,0,4,1,1,0,36,134,3.7222222222222223,False,2.8821490278788744,0.9552238805970148,0.8958333333333334
QmbH6f9xnepn2R8WUDzzW2fAfLZZMgP6M7VtDVcEgLYz2S,The fighter - In This Moment,NA,the fighter,In This Moment,NA,metal,NA,cc-zero,0.0,0,10,539,1,1,0,9,155,17.22222222222222,False,2.542661783471357,0.832258064516129,0.9305555555555556
QmSi5FhouXhndvVWoXwJ1FxJdzz6LexRx7xppoJkRfWYDi,The File-bek is ay ready,NA,the File-bek is ay ready,Misc tunes,NA,NA,NA,publicdomain,0.0,0,0,0,0,2,0-0,28,304,10.857142857142858,False,2.4549846021224724,0.993421052631579,0.9661458333333334
Qmb675yQVvsVwfioiHRoA6GijRXC8WNaHaeePoAgtTSQqg,The Final Battle Vs. Dragorren,NA,The Final Battle Vs. Dragorren,Toby Fox,Composed by: Toby Fox and Hitomi Sato,soundtrack,ost-videogame-littletownhero-tobyfox-hitomisato-composition-battle-boss-last-final-dragorren-soundtrack-piano-nintendoswitch-gamefreak,cc-zero,0.0,0,1,51,2,1,0,60,1198,19.966666666666665,False,2.727119869726897,1.0,0.9781073446327684
QmcjpnCyRGPLvGbXUe58kDBzoSdKLostZNvXujt5SUoxfa,THE FINE OLD MAN versus GLADSTONE'S HORNPIPE,NA,The Fine Old Man versus Gladstone's Hornpipe,Misc tunes,Composed by W.B. Laybourn Edinburgh 1884,NA,NA,publicdomain,0.0,0,0,4,1,1,0,32,148,4.625,False,2.8359916445244333,0.9594594594594594,0.9442204301075268
QmV4x4NgqViYEj2uNVe3ckgDb9ogPFJYtWWoyP5abBtp35,The Finest Lad in Town,NA,The Finest Lad in Town,Misc tunes,No 89 Wm Clarke MS Feltwell Norfolk,NA,NA,publicdomain,0.0,0,0,3,1,1,0,17,105,6.176470588235294,False,2.545696486697976,1.0,0.9361979166666666
QmXLv3rAgjrvyzL3xS1LP6msxuvZbMe5WxbMyc3RLgo3vT,the Fir Tree,NA,The Fir Tree,Misc tunes,NA,NA,NA,publicdomain,0.0,0,0,1,0,2,0-0,36,406,11.27777777777778,False,2.728972885080972,0.9458128078817734,0.8990885416666666
QmPLDF8uoQuUSHGLnPcnPFJ2P1CFjjsRhZ86KEgLGHzPvt,The Fir Tree. Roose.0363,NA,The Fir Tree,Misc tunes,NA,NA,NA,publicdomain,0.0,0,0,5,1,1,0,36,284,7.888888888888889,False,2.738383416077096,0.9788732394366196,0.9303385416666666
QmT8muzaUWzBUF6xudhUnfP7Emgbv2PwFkPDQGK71gCBTM,The Fire-Cross Song,An Crann-tàra,The Fire-Cross Song,Misc tunes,NA,NA,NA,publicdomain,0.0,0,0,5,1,1,0,35,173,4.942857142857143,False,2.615378087439431,0.9884393063583816,0.9331597222222222
QmQzKZNVc6LSwmgyXQQvgVmVxztU6Y14k1bbqLKMgCrXj2,The First Day in Spring,NA,The First Day in Spring,Misc tunes,NA,NA,NA,publicdomain,0.0,0,0,6,1,1,0,70,518,7.4,False,2.445973156406866,1.0,0.930654761904762
QmYAaFEJyykR8uhDGGcsgFGY9WdzrMCePfUBdtXPLR5GSK,The first good joy that Mary had,NA,The First Good Joy That Mary Had,Misc Traditional,NA,folk,NA,publicdomain,0.0,0,0,3,1,1,0,17,232,13.647058823529411,False,2.779130760378801,0.9913793103448276,0.9166666666666666
QmZWyHLZeCjuqzrzipL3fEMozcfpprmmihmxmtFzz1R1Yu,The First Month Of Summer,NA,The First Month Of Summer,Misc tunes,NA,NA,NA,publicdomain,0.0,0,0,10,1,1,0,92,675,7.336956521739131,False,2.692848166688495,1.0,0.9633152173913044
QmQwkYPcx3ikbgAYss2M4mdoowTeoXx2M4pVrcs8aRCLHy,The First Month of Summer (reel) 1214,NA,The First Month Of Summer,Misc tunes,After Chief F. O'Neill,NA,NA,publicdomain,0.0,0,0,11,1,1,0,28,203,7.25,False,2.707635324647657,0.9901477832512317,0.9756944444444444
QmYPJWWpUPAH9yapWAs9or6gepg7HNLS1vNR11FEchgSX2,The First New Dutch Skipper,NA,The First New Dutch Skipper,Misc tunes,NA,NA,NA,publicdomain,0.0,0,0,7,1,1,0,116,598,5.155172413793103,False,2.985030416267353,0.9264214046822744,0.9686561561561562
QmTwkTnAHATPpjBAmkN3Ln38wJRpUweyhPxdUfKkkvStSE,The First Night In America (jig) 0851,NA,The First Night In America,Misc tunes,after Sg't. J. O'Neill,NA,NA,publicdomain,0.0,0,0,3,1,1,0,38,198,5.2105263157894735,False,2.654788593170423,1.0,0.9753787878787878
QmNbBdPJJgVNL3iRHwxYbCJbg5CPg23tU2opa65mbdiPFx,The First Noel,From Christmas Carols Ancient & Modern by Wm Sandys FSA,the first noel,Misc Christmas,NA,soundtrack,NA,publicdomain,0.0,0,2,30,0,2,0-0,26,126,4.846153846153846,True,2.5868912202501053,1.0,0.8958333333333334
QmNoxfFCWxHafb4wpQCUqZ9XbhACXo5QWpgp4UpeQFi7BS,The First Noel,NA,the first noel,Misc Christmas,17th Cenury Carol,soundtrack,NA,cc-zero,0.0,0,0,24,0,1,0,52,150,2.8846153846153846,True,2.7517099351728733,1.0,0.944627192982456
QmRpJwjk8w2bZhmmi5BY9wreSsyqpCVhHsh1YAgeao9ydN,The First Noel the Angel Did Say,NA,the first noel,Misc Christmas,NA,soundtrack,NA,publicdomain,4.66,3,1,93,0,2,0-0,26,254,9.76923076923077,True,2.7419657285865298,1.0,0.9328703703703703
QmR5UDHt8g6XrXGNSM2gi1zkDRvb4GSaRhEkE9oTKnnDhC,The First of August,Y Dydd Cyntav o Aust,The First Of August,Misc tunes,NA,NA,NA,publicdomain,0.0,0,0,1,1,1,0,32,192,6.0,False,2.7328318690616644,1.0,0.9274193548387096
QmavnpY4LEQFmbTG2Cn2nf3a9URYmXpzhVyWu7MDf2ci5M,The First of August. JClw.29,Weavers Marchaka. JClw.29 The,The First of August. JClw.29,Misc tunes,NA,NA,NA,publicdomain,0.0,0,0,1,1,1,0,81,398,4.91358024691358,False,2.794158465574,1.0,0.9345619658119658
QmeRbtg8Lr1bYw2uT4XuBQ2ErM1eZXFeM8DRh1AqFxMCuB,The First of December,NA,the First of December,Misc tunes,NA,NA,NA,publicdomain,0.0,0,0,0,0,2,0-0,28,311,11.107142857142858,False,2.6354043058211327,1.0,0.9732142857142856
QmVYaCqcDZj3qaY85bZrR1K9LYjDi5bcnpCG2hXocXvVSB,The First of June (hornpipe) 1600,NA,The First of June (hornpipe) 1600,Misc tunes,after Chief F. O'Neill,NA,NA,publicdomain,0.0,0,0,2,1,1,0,38,250,6.578947368421052,False,2.67855325096938,1.0,0.941919191919192
QmcHSXGGUPEkGvQ5ZJ7J7ahwVNaYb2Mtq3psM8GH3r42uA,The First of May,Four Provinces Fling,The First Of May,Misc tunes,NA,NA,NA,publicdomain,0.0,0,0,36,1,1,0,72,470,6.527777777777778,False,2.881298901516063,0.948936170212766,0.9576822916666666
QmVvqyg7umBobMDBWYhtGUffG1nzuGuW3Fd9ZmMi1Wvpnx,The Fisherman's Song (air) 0604,NA,The Fisherman's Song (air) 0604,Misc tunes,Unattributedtenderly,NA,NA,publicdomain,0.0,0,0,6,1,1,0,19,70,3.684210526315789,False,2.863523104731334,0.9428571428571428,0.8791666666666667
QmZBaLpB5rJ4WuUBDDtaEpCrHcPPxUUbWAGVG3RS6qH9ax,The Five Pound Jig,Dia Luain 's Dia Máirt (Monday and Tuesday),The Five Pound Jig,Misc tunes,NA,NA,NA,publicdomain,0.0,0,0,1,1,1,0,36,158,4.388888888888889,False,2.4726969526313343,1.0,0.9375
QmcTFXSfSgyqBmsGaqSLw8uqdfervADyGMR4hXVfrbPRYZ,The five-leaved clover,NA,The Five Leaved Clover,Misc tunes,anon.,NA,NA,publicdomain,0.0,0,0,1,1,1,0,18,129,7.166666666666667,False,2.6932175032644787,1.0,0.98828125
QmVvEa16pLFekAzUmMyiM2Jcdtej2917jEUXBJVGBYVQrR,The Flanders Merchant,NA,The Flanders Merchant,Misc tunes,NA,NA,NA,publicdomain,0.0,0,0,1,1,1,0,16,75,4.6875,False,2.809862355402601,0.9866666666666668,0.9088541666666666
QmV5WPF8qT3jjdx9NGrStRmuRkBDL1Kp2CCBCPuAbzVrx3,The Flannel Jacket,Peeler's Jacket [2] The,The Flannel Jacket,Misc tunes,NA,NA,NA,publicdomain,0.0,0,0,1,1,1,0,18,119,6.611111111111111,False,2.716614462156944,1.0,0.97265625
QmQrcqSXDeYR8tsz1m3KdTtwRFYjnqB6NrKzkVijDqegbu,The Flax In Bloom,NA,The Flax in Bloom,Misc Traditional,NA,folk,NA,publicdomain,0.0,0,0,3,1,1,0,91,623,6.846153846153846,False,2.562567649546942,1.0,0.96875
QmVR7vZNLbFUZ6qyZPxM1H7MkvDD65zuUroY8B8JPALSgw,The Flax in Bloom (A76),NA,The Flax in Bloom,Misc Traditional,NA,folk,NA,publicdomain,0.0,0,0,2,1,1,0,34,256,7.529411764705882,False,2.5591366826804904,1.0,0.9453125
QmX7cFwc9kqnUoMgNRvTUZd4ZWbaf9R6bMykKj46P2Sej6,The Flax In Bloom (reel) 1389,NA,The Flax in Bloom,Misc Traditional,after Sg't J. O'Neill,folk,NA,publicdomain,0.0,0,0,3,1,1,0,17,141,8.294117647058824,False,2.63455035836537,0.9929078014184396,0.92578125
QmP9p3abhm6eHyErvDsRHsjrVpsz18gUdAwxGQYaRGH2zr,The Flaxdresser (jig) 0835,NA,The flaxdresser,Misc tunes,after Sg't. J O'Neill,NA,NA,publicdomain,0.0,0,0,3,1,1,0,56,294,5.25,False,2.6266212569662195,1.0,0.97240990990991
QmURw8UDmxqVwoPZbyt57otnTSAHozzGS9NjkhTyJna4m6,The Flight Of The Bumblebee,NA,Flight of the Bumblebee,Nikolay Rimsky-Korsakov,NA,classical,NA,publicdomain,0.0,0,0,38,1,1,0,52,388,7.461538461538462,False,3.4898340637432264,0.6804123711340206,0.9933333333333332
QmV8YfpRMCUBaBakcZXZNuwVP2EGshngii93p9eV9QaGBx,The Flight of the BumbleBee (Hummelflug),NA,Flight of the Bumblebee,Nikolay Rimsky-Korsakov,Nikolai Andreyevitch Rimsky-Korsakov,classical,NA,cc-zero,4.73,23,79,1550,2,1,0,101,1143,11.316831683168315,False,3.4857079023619035,0.6768826619964974,0.9434523809523808
QmSAeM4vUamZv146ejgbH6Fk3gPLMgYWxfnsHvVgY8DLVs,The Flitch Of Bacon (jig) 1039,NA,The Flitch Of Bacon,Misc tunes,after Mr. Fielding,NA,NA,publicdomain,0.0,0,0,6,1,1,0,34,182,5.352941176470588,False,2.7034580147004674,1.0,0.9713541666666666
QmVmA6EHhufUPnrnEhRrevW7bpduKArVsqiMgGboPYzbfh,The Flop-Eared Mule,NA,Flop-Eared Mule,Misc tunes,NA,NA,NA,publicdomain,0.0,0,0,3,1,1,0,36,210,5.833333333333333,False,2.653638040861551,1.0,0.9328703703703703
QmaM8axjbDE8ejnq5pqangP3qbSaYrCDTfnYr8H1zfaiNw,the Flower o' the Quern,NA,the Flower o' the Quern,Misc tunes,J.S.Skinner,NA,NA,publicdomain,0.0,0,0,8,1,1,0,18,76,4.222222222222222,False,2.7215840856653752,1.0,0.9479166666666666
QmfMTJcR3hwLUdEAARtd1zM9YfNDGKwKwEDbLPWPiT65K4,The Flower of Edingburgh,Set for the German Flute,The Flower of Edingburgh,Misc tunes,NA,NA,NA,publicdomain,0.0,0,0,1,0,2,0-0,18,158,8.777777777777779,False,2.7577762424016696,0.9873417721518988,0.95703125
QmTdzMg1gsoYZQPfo14R8bkmUD5nbmn5scr1AXEy4UXLvW,The Flower Of The Flock (reel) 1238,NA,The Flower Of The Flock,Misc tunes,after Chief F. O'Neill,NA,NA,publicdomain,0.0,0,0,2,1,1,0,21,129,6.142857142857143,False,2.5854393170703536,1.0,0.9681372549019608
QmVUpdAmctkR52HrNH8hMQSeDZ2sbDjgZJWX88Z2HDXa63,The Flower Of Yarrow. HA.030,Mary Scottthe...aka. HA.030Sir John Fenwickaka. HA.030,The Flower Of Yarrow. HA.030,Misc tunes,NA,NA,NA,publicdomain,0.0,0,0,21,1,1,0,24,128,5.333333333333333,False,2.356197796891468,1.0,0.945023148148148
QmZVT7E8DYkkBfj9RcaYynbhEGo8xxUcv6z3y3JLnTybMy,The flowers and birds are Thine O God - Haldor Lillenas,NA,The flowers and birds are Thine O God,Haldor Lillenas,NA,classical,NA,publicdomain,0.0,0,0,6,1,1,0,20,313,15.65,False,2.9785945632535915,0.9297124600638976,0.9595588235294118
Qmb7Fvt6BDHwKtxDDvAbumkgqG9GXSTY9Dn3DkNrBB3Drk,The Flowers In The Valley (air) 0612,NA,The Flowers in the Valley,Misc tunes,Unattributedmoderate,NA,NA,publicdomain,0.0,0,0,4,1,1,0,23,136,5.913043478260869,False,2.7940512958396897,0.9926470588235294,0.8969298245614035
QmUYkQjP2DT5qk76Jquvcqw7u8m1bCbnyPpjUWLL8vTiHk,The Flowers Of Antrim,NA,The Flowers of Antrim,Misc tunes,NA,NA,NA,publicdomain,0.0,0,0,1,1,1,0,126,796,6.317460317460317,False,2.916148121095788,0.9535175879396984,0.9741443452380952
QmQqbDVMwo4fS9YChD8yDGayUxcVoxoD8bNMMxL1Rb9vZ3,The Flowers of Antrim,NA,The Flowers of Antrim,Misc tunes,NA,NA,NA,publicdomain,0.0,0,0,2,1,1,0,45,284,6.311111111111111,False,2.770409162032532,0.9929577464788732,0.95625
QmbL63QXNw9GJBYnNxtfUdvUSqxXX4VrmSkrvDzFU9r9Dj,The Flowers Of Antrim (hornpipe) 1655,NA,The Flowers of Antrim,Misc tunes,after Sg't. J. O'Neill,NA,NA,publicdomain,0.0,0,0,6,1,1,0,38,236,6.2105263157894735,False,2.7642254176707577,0.9915254237288136,0.9473039215686274
QmToDdLLSN1yLE8adwtXFGwCTytuvHzAsTRqwbgqj9ArEa,The Flowers of Edinborough. JGi.025,NA,The Flowers of Edinborough. JGi.025,Misc tunes,NA,NA,NA,publicdomain,0.0,0,0,6,1,1,0,34,210,6.176470588235294,False,2.667749031237161,1.0,0.9623655913978496
QmPB9JRFudJzXTNDQjyMPgAHhymKYTbXy8HS1sur9nBfxH,the Flowers of Edinburgh,NA,Flowers of Edinburgh,Misc Traditional,NA,folk,NA,publicdomain,0.0,0,0,3,1,1,0,18,107,5.944444444444445,False,2.619236764929239,1.0,0.9635416666666666
QmR4bvyGUoTqVSiNE4sunLMXH14BH2yyDQzn4CcuA9wf9G,The Flowers of Edinburgh,NA,Flowers of Edinburgh,Misc Traditional,NA,folk,NA,publicdomain,0.0,0,1,29,1,1,0,36,238,6.611111111111111,False,2.645577793622286,1.0,0.9713541666666666
QmRpdaVjodzo9KtKnbp1anCEa3mBrVJN9ic3Jap87nDi3o,The Flowers Of Edinburgh,NA,Flowers of Edinburgh,Misc Traditional,NA,folk,NA,publicdomain,0.0,0,0,10,1,1,0,18,81,4.5,False,2.4578301733572734,1.0,0.9544270833333334
Qma68ZWZMhxSy6Xe8kiex4n1vUfmAE9PnbT9P3Hn94oN7v,The flowers of Edinburgh,NA,Flowers of Edinburgh,Misc Traditional,anon.,folk,NA,publicdomain,0.0,0,0,1,1,1,0,27,169,6.25925925925926,False,2.630613916432968,1.0,0.8836805555555556
QmfKL6W4igbmHQ4iaZFP4sQNgScHiiSdq4fdrgZESbQMtB,The Flowers Of Edinburgh,NA,Flowers of Edinburgh,Misc Traditional,NA,folk,NA,publicdomain,0.0,0,0,1,1,1,0,16,90,5.625,False,2.64760305212218,1.0,0.9322916666666666
QmfNpcbSZkAnBkf9EQSWX8NSLAYaToFnDh31yrYC7cZG3v,The Flowers Of Edinburgh,NA,Flowers of Edinburgh,Misc Traditional,NA,folk,NA,publicdomain,0.0,0,0,0,1,1,0,99,452,4.565656565656566,False,2.607284455611757,0.9823008849557522,0.9434523809523808
QmX1y3jgVhWp8gxdV1U58x5chVBJVES4cuPi3NdDiUqWfo,The Flowers of Edinburgh,NA,Flowers of Edinburgh,Misc Traditional,NA,folk,NA,publicdomain,0.0,0,0,3,1,1,0,45,284,6.311111111111111,False,2.692492548055431,1.0,0.9614583333333332
QmeGWfQA4hCpvYrdfeJDZ8cDXZtLjQgoypNCam8TRCjsig,the Flowers of Edinburgh 2,NA,Flowers of Edinburgh,Misc Traditional,NA,folk,NA,publicdomain,0.0,0,0,5,1,1,0,28,136,4.857142857142857,False,2.459148743185584,1.0,0.9421296296296297
QmV7eem4XRRpr93s3afgxdoR9v8ytPBjwYwumxwE8JVs2x,THE FLOWERS OF EDINBURGH JIG (KNUCKLE DOWN),NA,Flowers of Edinburgh,Misc Traditional,NA,folk,NA,publicdomain,0.0,0,0,1,1,1,0,74,386,5.216216216216216,False,2.656329315140838,1.0,0.9462274774774776
QmTGkUfgk1EKZTYhGwfpQFnPukHFpV4LXZnP7V6N3gYFHG,The Flowers of Edinburgh variation,NA,The Flowers of Edinburgh. Ya.31,Misc tunes,NA,NA,NA,publicdomain,0.0,0,0,3,1,1,0,45,311,6.911111111111111,False,2.699536271436952,1.0,0.9791666666666666
QmSaN1jZnMy58Jek4XsYKaFbtjZsHc3unMmyp3NN6qAaDr,The Flowers of Erin's Green Shore (air) 0486,NA,The Flowers of Erin's Green Shore,Misc tunes,after Chief F. O'Neillslow,NA,NA,publicdomain,0.0,0,0,25,1,1,0,26,102,3.923076923076923,False,2.839395037881171,0.9509803921568628,0.9270833333333334
QmV9pX7HkdkdE29hdccov98k5HPRHN4S8McMaPTxuzQXeB,The Flowers Of Spring,NA,The Flowers Of Spring,Misc tunes,NA,NA,NA,publicdomain,0.0,0,0,1,1,1,0,16,92,5.75,False,2.318103385217681,1.0,0.9513888888888888
Qmbq1kdaiAP8a86mG6VtbGh12qoJQaoiEuQceVFW9jypBT,The Flowers of the Forest,NA,The Flowers Of The Forest,Misc Traditional,NA,folk,NA,publicdomain,0.0,0,0,4,1,1,0,31,245,7.903225806451613,False,2.7099356139196376,1.0,0.8773148148148148
Qmc155tLfGXQEUSBG4UEbEvD2HV3pLasFp4ZxjNz6jsm8n,The Flowers of the Forest,NA,The Flowers Of The Forest,Misc Traditional,NA,folk,NA,publicdomain,0.0,0,0,18,1,1,0,40,340,8.5,False,2.665407699467932,1.0,0.8604166666666666
QmRQXSc8nPCbiqutineHQA8KEdKPyLF6HnA1JYRGdquHvQ,The Flowers Of The Forest,NA,The Flowers Of The Forest,Misc Traditional,NA,folk,NA,publicdomain,0.0,0,0,2,1,1,0,32,62,1.9375,False,2.4980534745686978,1.0,0.927536231884058
QmeFt7X5gkqfcmzuU5NGjBK5qzufsYW6TyEWPzmfVF2ZBY,The Flowing Bowl,A Clapping Song (& Dance?),The Flowing Bowl,Misc tunes,NA,NA,NA,publicdomain,0.0,0,0,7,0,3,0-0-0,18,158,8.777777777777779,True,2.3353654931954964,1.0,0.9440104166666666
QmNdFmbGRHuojHGX99b1MNnbFwtjJvZHcZWN3jZWJv2vcJ,The Flowing Bowl,Liscannor Bay,The Flowing Bowl,Misc tunes,NA,NA,NA,publicdomain,0.0,0,0,1,1,1,0,34,218,6.411764705882353,False,2.593957114627236,1.0,0.9622395833333334
QmPeGMFcXdk6tjNKreqHY5dp5MYQaDo6XNxxapyuZA2HvW,The Flowing Bowl (reel) 1297,NA,The Flowing Bowl,Misc tunes,after Mr. Denny Cronin,NA,NA,publicdomain,0.0,0,0,7,1,1,0,21,119,5.666666666666667,False,2.7571249410026493,0.9831932773109244,0.9681372549019608
QmeAQNdyogysZbkgvz3ekpzB7KdY4getDTvEXLx4pEgEW1,The flush of morn is on the mountains - Jno. R. Sweney,NA,The flush of morn is on the mountains,John R. Sweney,NA,classical,NA,publicdomain,0.0,0,0,2,2,1,0,18,344,19.11111111111111,False,2.6108396912940863,0.9738372093023256,0.9105392156862744
QmNRFZ1jUPHuDQ199uBie356pxMeGK224iMd5mfhBwpfJb,The Flute Tune Soulpride Remix,NA,The Flute Tune Soulpride Remix,Barbatuques,Barbatuques,pop-worldmusic,flute-barbatuques-baiodestemperado,cc-zero,4.64,14,46,7625,0,1,0,23,159,6.913043478260869,False,2.641272860305778,1.0,0.9005681818181819
QmU4goEAHWNeeT9oVJKbpKcs1HAvpy1CF4MwGuXs7ADMDU,THE FLYING DUTCHMAN GALOP.,NA,The Flying Dutchman Galop,Henry Eikmeier,1871 HENRY EIKMEIER Op. 43.,classical,NA,cc-zero,0.0,0,1,90,2,1,0,125,1744,13.952,False,3.1085844527238784,0.9117647058823528,0.9330601092896176
QmcmgmydNCGS2D8j6hmWwz3CmdcbMraQLR6yMUAB8hdfyG,The Flying Statue,NA,The Flying Statue,Misc tunes,NA,NA,NA,publicdomain,0.0,0,0,2,1,1,0,72,410,5.694444444444445,False,2.2850794672500574,1.0,0.9810956790123456
QmeKhfvt8HBS4YQ4Djm8LNDWr3MauWnEejLS8bjbPhiRYt,The Foggy Dew,NA,the foggy dew,Misc Traditional,NA,folk,NA,publicdomain,0.0,0,0,5,1,1,0,38,178,4.684210526315789,False,2.8208239354332894,0.9550561797752808,0.9018817204301076
Qmei4stTK55vtUM9nX5tUABABPLamr1C73pVs5rcjv96qD,The Foggy Dew,NA,the foggy dew,Misc Traditional,NA,folk,NA,publicdomain,0.0,0,0,5,1,1,0,16,69,4.3125,True,2.5683671260602776,1.0,0.9508928571428572
QmZq95NVyScHbWixNRCfAKgHu1JAqBRYRrFPdEiNxsaLSs,The Foggy Dew,NA,the foggy dew,Misc Traditional,NA,folk,NA,publicdomain,0.0,0,0,12,1,1,0,19,104,5.473684210526316,False,2.4371246785107954,1.0,0.9713541666666666
QmNV6XpDVr7dinWSnLLBVii3NbZb4LwTAtNXh7ECHvKUUi,The Foggy Dew,NA,the foggy dew,Misc Traditional,NA,folk,NA,publicdomain,0.0,0,0,5,1,1,0,26,152,5.846153846153846,False,2.6202642999313985,0.9736842105263158,0.9618055555555556
QmbJo47mgPVtpfCNqPUsmkAgN3FWMfEGKiTaxz63fhvCcQ,The Foggy Dew (1st Setting) (air) 0185,NA,the foggy dew,Misc Traditional,Unattributedmoderate,folk,NA,publicdomain,0.0,0,0,4,1,1,0,27,63,2.333333333333333,False,2.6201813215362835,1.0,0.9565972222222222
QmRaP2L6uLbdbBTFQ3encUAGh5ZxfQdy6L4aFPoQ7hSipZ,The Foggy Dew (A6),NA,the foggy dew,Misc Traditional,NA,folk,NA,publicdomain,4.37,5,4,53,1,1,0,20,81,4.05,False,2.501873148816286,1.0,0.9427083333333334
Qmc68yb6BYzS4KzSrZs6xWqv8JUfgYDnb3Gt21Z2xwvErQ,The Foot-guard's March. Or.... PFD2.221,Boatswain Williams's Delight.,The Foot-guard's March. Or.... PFD2.221,Misc tunes,NA,NA,NA,publicdomain,0.0,0,0,2,1,1,0,21,94,4.476190476190476,False,2.6351281669284936,1.0,0.9503968253968254
QmeNFtHA6sLNuWThFcauJchnEAhyz6cXJZA66Rnx5v6t4G,The Forest,NA,The Forest,AcousticRenegade,Shannon Price,NA,NA,cc-zero,0.0,0,1,35,1,1,0,18,171,9.5,False,2.7051160806550607,1.0,0.9212962962962964
QmZs5egKjH5AshLfxWTdXMAqBGvDZF8CrVb3GY2N1vYfFH,The Forest Dies - Wynncraft,(Dark Forest) Wynncraft,The Forest Dies (Dark Forest),Needlr,NeedlrArranged by Henry Grant,classical,minecraft-game-games-gamemusic-wynncraft-music-score-musicscore-pianoarrangement-piano,cc-zero,0.0,0,3,96,2,1,0,80,1251,15.6375,False,2.7462987043112417,0.9646586345381526,0.9572916666666668
Qmb2QRf7s761fqVSmgduKXrzdrUXQu46NrErdWf8tv69mb,The Forest where the Deer resort,Sud an gleann 'sam be na feidh,The Forest where the Deer resort,Misc tunes,NA,NA,NA,publicdomain,0.0,0,0,2,1,1,0,17,131,7.705882352941177,False,2.518412089137627,1.0,0.8880208333333334
QmNRHGdJ27jLhNjo3Gh7jTEGZ1ioDrGk3v1RibkVB2neV3,The Forgotten (Abyss Theme) - Fire Emblem: Three Houses Piano Arrangement,Fire Emblem: Three Houses,the forgotten,Takeru Kanazaki,Original composition by Takeru Kanazaki,NA,feh-fireemblem-dlc-threehouses-cinderedshadows-theforgotten-ashenwolves,cc-zero,4.88,6,20,540,2,1,0,109,1033,9.477064220183486,False,2.9894004299813703,0.9079457364341084,0.9546682098765432
QmTMndmRFkTGJn6oYWqwUGATddRLkovx1KAuRi2htcJAaw,The Forlorn Lover (air) 0275,NA,the Forlorn Lover,Misc tunes,after Sg't. J. O'Neillmoderate,NA,NA,publicdomain,0.0,0,0,1,1,1,0,35,111,3.171428571428572,False,2.556641748929457,0.990990990990991,0.9305555555555556
QmdSS22qobcqDr1aQBPuRpN95KAx6TydEhnNEZF6KhoEtg,The Forlorn Stranger (air) 0326,NA,THE FORLORN STRANGER,Misc tunes,after Chief F. O'Neillslow,NA,NA,publicdomain,0.0,0,0,5,1,1,0,17,63,3.7058823529411766,False,2.498542858039878,1.0,0.921875
QmNuj2ueAbvwvXUTsqZ2HXgou8npZgZtA1tfNNkPktooXp,The Foundering of the boat in Lough Dearg Sunday the 12th of July 1795,NA,The Foundering of the boat in Lough Dearg Sunday the 12th of July 1795,Misc tunes,NA,NA,NA,publicdomain,0.0,0,0,3,1,1,0,26,73,2.8076923076923075,False,2.503349171703716,1.0,0.9571078431372548
QmW8YyoAs77XP55XD6EtCVyNoQcu7vrR7xbj5rWbe4Dkgb,The fountain of healing is open - J. Howard Entwisle,NA,The fountain of healing is open - J. Howard Entwisle,J. Howard Entwisle,NA,classical,NA,publicdomain,0.0,0,0,6,1,1,0,18,295,16.38888888888889,False,2.518180432397028,0.9830508474576272,0.9079861111111112
QmcryBe2QDUEVNxNhbhDu7NxnZywmkFPjisMe7K43JiU5c,The Four Courts,NA,The Four Courts,Misc tunes,NA,NA,NA,publicdomain,0.0,0,0,2,1,1,0,4,30,7.5,False,1.831401845392172,1.0,0.9027777777777778
QmcDteVdoKq9cQdir6mW42oyr8f8tv1afamZiLEjBGcMg3,The Four Courts,NA,The Four Courts,Misc tunes,NA,NA,NA,publicdomain,0.0,0,0,2,1,1,0,50,394,7.88,False,2.798756141010565,0.9898477157360406,0.9418402777777778
QmWzwtQqqDU5UdHVgFKuG79sJrJgZHg6YAsoxuEXPm1cz1,The Four Courts,NA,The Four Courts,Misc tunes,NA,NA,NA,publicdomain,0.0,0,0,5,1,1,0,32,212,6.625,False,2.828354806225218,0.9622641509433962,0.9147135416666666
QmeNXKQQYyGAPzeFkpFpmxsGvQmdnjtLuzdxHYi8qt3N4b,The Four Courts,NA,The Four Courts,Misc tunes,NA,NA,NA,publicdomain,0.0,0,0,1,1,1,0,48,300,6.25,False,2.7520255366230724,1.0,0.9461805555555556
QmZMBbPvTeeueHKVD5qhgg2wYKVSL9tgEfH8HVCjEz2Cvk,The Four Courts,NA,The Four Courts,Misc tunes,NA,NA,NA,publicdomain,0.0,0,0,3,1,1,0,24,154,6.416666666666667,False,2.8173870240938035,0.961038961038961,0.9487847222222222
QmTusv8aPUndHBtK7FYA9HMhSC3Ssv2svyymJeLDRGUaF3,The Four Courts,NA,The Four Courts,Misc tunes,NA,NA,NA,publicdomain,0.0,0,0,3,1,1,0,34,265,7.794117647058823,False,2.700345144123505,1.0,0.9453125
QmfWEQ2V5Kz8qVaboUbRgSipBtdCQJAUCAKaQNkCRngaKt,The Four Courts,NA,The Four Courts,Misc tunes,NA,NA,NA,publicdomain,0.0,0,0,1,1,1,0,16,103,6.4375,False,2.6900394703411794,1.0,0.9453125
Qmdt4fmZdviED1eWyGr18mZuvoqU1goZD7vLoBriQUoQKN,The Four Courts (1st Setting) (reel) 1396,NA,The Four Courts,Misc tunes,after Mr. Sean Ennis,NA,NA,publicdomain,0.0,0,0,2,1,1,0,28,180,6.428571428571429,False,2.8095289464233986,0.9555555555555556,0.9592013888888888
QmTisrCJ1aVHyTivrVxdxgm2rvEmg5H88DRXXNdDv5zXYC,The Four Courts (2nd Setting),NA,The Four Courts,Misc tunes,NA,NA,NA,publicdomain,0.0,0,0,2,1,1,0,46,327,7.108695652173913,False,2.699684187754094,1.0,0.9601851851851853
QmavpBpt8LEneb4oAygFZyZGwvNsP8LXjvfmjswmBPAQYo,The Four Courts (2nd Setting) (reel) 1397,NA,The Four Courts,Misc tunes,after Mr. Cronin,NA,NA,publicdomain,0.0,0,0,2,1,1,0,59,457,7.745762711864407,False,2.7557414879106874,0.9956236323851204,0.9484649122807016
QmXUeF3AZy6W84vkmzjL8Wdu6kt5AuQWCzriFdtVHVZUtr,The four courts (No. 2),NA,The Four Courts,Misc tunes,anon.,NA,NA,publicdomain,0.0,0,0,1,1,1,0,32,234,7.3125,False,2.715569999094722,0.9957264957264956,0.9700520833333334
QmX8drRcQwv8narzpKFEgrmuQXr7jSNi76vnASvpYGHgB8,The Four Courts Highland,NA,The Four Courts,Misc tunes,NA,NA,NA,publicdomain,0.0,0,0,3,1,1,0,147,1211,8.238095238095237,False,2.6613852154201165,1.0,0.921730324074074
QmSx2zYwrVy3GFeMAb7KZf7orGwq76cDyaaxcLtzv57wUJ,The Four Jacks,with ornamentation,The Four Jacks,Misc tunes,NA,NA,NA,publicdomain,0.0,0,0,4,1,1,0,83,364,4.385542168674699,False,2.9943302394401687,0.9478021978021978,0.915625
QmbvC1EAEgPHJ1EQd2DoUX5epp3Sh8nqgHuhowCNFnTf8f,The Four Poster Bed,NA,The Four Poster Bed,Misc tunes,NA,NA,NA,publicdomain,0.0,0,0,3,1,1,0,28,98,3.5,False,2.593198553545649,1.0,0.9333333333333332
QmaaGNemFmgxNB9kWfxv9J5iLrg5gPcEWwJiGfU1qNj3Sr,The Four Poster Bed,NA,The Four Poster Bed,Misc tunes,NA,NA,NA,publicdomain,0.0,0,0,7,1,1,0,25,104,4.16,False,2.4990433444942206,1.0,0.9453125
Qme4DuASgnDKb3UKXJtRdfH4iTZEMvMM1MT1TzJU3kgwo4,The Four Witnesses (Darkness) - Carlos Viola,NA,Memories,Carlos Viola,NA,NA,NA,cc-zero,0.0,0,3,87,0,2,0-0,44,514,11.681818181818182,False,2.75497033965797,0.9142300194931774,0.9095052083333334
QmbDtUwD3gBqxhc5DHmJR1x6gWokJev3P2NDy2yasoSXmW,The Four-Hand Reel 1554,NA,The Four Hand Reel,Misc tunes,after Mr. Bernard Delaney,NA,NA,publicdomain,0.0,0,0,5,1,1,0,27,189,7.0,False,2.6099690919194414,1.0,0.9666666666666668
QmW1JcfYVDnQ65DZDGZYB7FoRt7kDjjRzZwktXooRts9Fd,The Four-Leaved Shamrock (air) 0135,NA,The Four-Leaved Shamrock,Misc tunes,Unattributedspirited,NA,NA,publicdomain,0.0,0,0,3,1,1,0,16,106,6.625,False,2.725625116784005,1.0,0.939102564102564
QmdHdkZeSHnz88fxrnSVCmjdzvH4oeLHBnztV2HKrmvQFQ,The Fourpenny Bit,an tuisduin.,The fourpenny bit,Misc tunes,NA,NA,NA,publicdomain,0.0,0,0,0,1,1,0,32,264,8.25,False,2.558751030217076,0.9924242424242424,0.9309895833333334
QmQ4uVY8pCgaNUKKY6do21wq8moWygZ7d8uhxvWBUAkSb7,The Fourpenny Bit (reel) 1541,NA,The fourpenny bit,Misc tunes,after Fr. Fielding,NA,NA,publicdomain,0.0,0,0,5,1,1,0,26,204,7.846153846153846,False,2.6309498137823217,0.9901960784313726,0.95
QmXAc9vvfPPJihnYXiQL8tQGTF9FDMq9vbZSkmC4KhqD3q,The Fourth Floor,NA,The Fourth Floor,Misc tunes,NA,NA,NA,publicdomain,0.0,0,0,5,1,1,0,64,438,6.84375,False,2.35620116987589,1.0,0.9586588541666666
QmYN1RNQKWC8L3UzphCPV7tHsb6xB3EPsGp5rwVDEGkR2m,the Fourth of June,NA,the Fourth of June,Misc tunes,NA,NA,NA,publicdomain,0.0,0,0,0,0,2,0-0,20,200,10.0,False,2.5374688332951774,0.99,0.9466145833333334
QmUsZ3w1CDkdF2yLprd68RYAGFNtHdaTJo4c9gBT6httWg,The Fowler. JC.178,NA,The Fowler. JC.178,Misc tunes,W.A.Mozart (The Magic Flute),NA,NA,publicdomain,0.0,0,0,3,1,1,0,17,87,5.117647058823529,False,2.5271905185280152,1.0,0.9088541666666666
QmQrXQebkYeMNiH4UP1CVE1JvEKNUyNTFhc28q377x6RqM,The Fox And His Wife (air) 0271,NA,The Fox And His Wife (air) 0271,Misc tunes,after Mr. M.O'Brienwith spirit,NA,NA,publicdomain,0.0,0,0,5,1,1,0,11,49,4.454545454545454,False,2.854421940420348,0.9591836734693876,0.9136904761904762
QmURPzE4FaF4V4PcmdqJhkA8v7DH68jWrLS3JPv9mY4u9c,The Fox Chase (LONG march) PART ONE of TWO 1850,NA,The Fox Chase (LONG march) PART ONE of TWO 1850,Misc tunes,after Mr. Patrick Tuohy Piper,NA,NA,publicdomain,0.0,0,0,11,1,1,0,62,397,6.403225806451613,False,2.7965440731373064,0.9546599496221664,0.9346264367816092
Qmemw1eqsXZ5Ub3nFdo27KAwYy2uqZfoxT2o63vJtD4EjN,The Fox Chase (LONG march) PART TWO of TWO 1850,NA,The Fox Chase (LONG march) PART TWO of TWO 1850,Misc tunes,after Mr. Patrick Tuohy Piper,NA,NA,publicdomain,0.0,0,0,6,1,1,0,101,550,5.445544554455446,False,2.742900729797241,0.9854545454545456,0.9465277777777776
QmR1gEMpp4KssD6n8T4Npx92aHxZiQRNe796kTAEwL3KxD,The Fox Chased,NA,The FOX CHASED,Misc tunes,NA,NA,NA,publicdomain,0.0,0,0,2,1,1,0,34,244,7.176470588235294,False,2.6355456619834934,1.0,0.9759114583333334
QmPkzfShRKXePLLMB3xVscA3Ea1ykXbRK9J5wmHpdVtPwY,The Fox Hunter's Reel [in A],NA,The fox hunters' jig,Misc tunes,NA,NA,NA,publicdomain,0.0,0,0,6,1,1,0,40,290,7.25,False,2.3534812573351087,1.0,0.9651041666666668
QmYeu33Tzw6c37jNdYGFjiktogSdBXFKtFJQc9TWwTZXqc,The Fox On The Prowl,NA,The Fox On The Prowl,Misc tunes,NA,NA,NA,publicdomain,0.0,0,0,4,1,1,0,8,54,6.75,False,2.2214197986853934,1.0,0.9642857142857144
QmTA11Njijxz2Km2bcdkdmC5aeX9s3ysCdvhSka1D4E981,The Fox went out of a moonlight night,NA,The Fox went out of a moonlight night,Misc tunes,NA,NA,NA,publicdomain,0.0,0,0,23,1,1,0,18,71,3.9444444444444446,False,2.622443208211629,1.0,0.8940972222222222
QmabSt6rb8oFjYTJu2U9KNAKm4MFy3fvK7pM6AujsW4T53,THE FOX'S SLEEP,Codhladh an sionnaigh,Fox's Sleep,Misc tunes,NA,NA,NA,publicdomain,0.0,0,0,2,1,1,0,19,98,5.157894736842105,False,2.6273214806845164,1.0,0.9049479166666666
QmTur55XnQUEGSQaBHNwCz6LVe2uPi4S4eQZnYae1PLogD,The Fox's Sleep (air) 0335,NA,Fox's Sleep,Misc tunes,Unattributedslow,NA,NA,publicdomain,0.0,0,0,7,1,1,0,18,98,5.444444444444445,False,2.6273214806845164,1.0,0.9041666666666668
QmWLDPGjjWmLWT4mF1JbQWkZYTHwC1AMmTJaxJS1H3Gtnq,The Foxhunter Reel,NA,NA,NA,Trad.,NA,celticcello-irish-irishtraditional-cello-folk-irishcello,cc-zero,0.0,0,4,153,1,1,0,40,298,7.45,False,2.402524611546132,1.0,0.978125
QmTTXyhb6jd3sXxiZYtpN3DLmUddsZcJUZporwG4YJRrTE,The Foxhunter's,Fox Hunter's TheFox Hunters' TheFoxhunt TheFoxhunter's Jig TheFoxhunter TheFoxhunters TheNead A Lachan Sa Mhuta,The Foxhunter's,Misc tunes,NA,NA,NA,publicdomain,0.0,0,2,59,1,1,0,125,875,7.0,False,2.838119058329728,0.9748571428571428,0.9379496402877698
QmYLnPv7qfwq56Qmc1RVHavonzCVPTtxwfH2UVkAC6XpKc,The Foxhunter's Jig,NA,The Foxhunter's Jig,Misc tunes,Joe Buchanan's Scottish Tome - Page 260.2,NA,NA,publicdomain,0.0,0,0,0,1,1,0,56,404,7.214285714285714,False,2.651030686291112,1.0,0.9338624338624338
QmQyCFRUz9UqKqQFBVjM2WdqFMzbcMVP2t7pk6A2cjqa1i,The Fray - How to save Life (only Drums),NA,The Fray - How to save Life (only Drums),KrausigArt,The Fray,NA,thefray-scrubs-rock-drums,cc-zero,0.0,0,1,117,0,1,0,136,984,7.235294117647059,False,1.448063158131517,0.9876543209876544,0.9464518229166666
QmNkUKmqQioPTxaW1tBT8aVNdyZyKTmcQAhWpcGDxeBinS,The Free Masons March,NA,The Free Masons March,Misc tunes,NA,NA,NA,publicdomain,0.0,0,0,1,1,1,0,20,98,4.9,False,2.557518950913888,1.0,0.8836805555555556
Qmbz5wxNFnLSC3aCHYH7HrpfEjgGBFkTcCtPn8ijBsYUS8,The Free Software Song,NA,NA,NA,Tradititional Bulgarian (Sadi Moma),NA,freesoftware-gnu-freesoftwarefoundation-richardstallman-filk,cc-zero,0.0,0,4,636,1,1,0,12,41,3.4166666666666665,True,2.177396119902764,1.0,0.8958333333333334
QmSJUADry7BCbhXEeQMwPgjARo9H1TC9tDkoTNHfTNW8MH,The French Rigaudon. (p)1689.PLFD1.305,Rigaudon. (p)1689.PLFD1.305 The,The French Rigaudon. (p)1689.PLFD1.305,Misc tunes,NA,NA,NA,publicdomain,0.0,0,1,4,1,1,0,37,202,5.45945945945946,False,2.7314923700934832,0.9801980198019802,0.9305555555555556
QmXC49a7AypJTNZ6t3bu8s7oAKTXh3v4tEEchvwQ4Wrsv9,The Friar's Hill (air) 0010,NA,The Friar's Hill,Misc tunes,after Chief F. O'Neillmoderate,NA,NA,publicdomain,0.0,0,0,4,1,1,0,34,95,2.794117647058824,False,2.6813972949978626,1.0,0.980072463768116
QmTonTgnpPnWxFiLFTFDrc5BgpvBiXezorANz9dtzKvmVM,The Friendly Beasts,NA,Friendly Beasts,Misc Traditional,NA,folk,NA,publicdomain,0.0,0,0,6,1,1,0,16,34,2.125,True,2.6152536515941263,1.0,0.9431818181818182
QmcGK2X54xGR4zsCA82NubG9Jm9s7SFLxCz96q38xqaMpW,The friendly visit,NA,The Friendly Visit,Misc Traditional,anon.,folk,NA,publicdomain,0.0,0,0,1,1,1,0,27,193,7.148148148148148,False,2.7154057887583245,1.0,0.9444444444444444
QmW7QXS6KnU1xWuPFmoYj5B35a1fu7moCVc3pjvGnQUwro,The Friendly Visit,NA,The Friendly Visit,Misc Traditional,NA,folk,NA,publicdomain,0.0,0,0,2,1,1,0,45,318,7.066666666666666,False,2.710480526567604,1.0,0.9515625
QmPkXMNNZQ1CeEEAjxA1cTGDYVXLdPAht1i4XSjre4AzPG,The Friendly Visit,NA,The Friendly Visit,Misc Traditional,NA,folk,NA,publicdomain,0.0,0,0,3,1,1,0,36,240,6.666666666666667,False,2.7898191155954866,0.9916666666666668,0.9303385416666666
QmP85qEXcA7vg8cV5BHabTjSBW1JzKKRmfhuBYcBhKPHdG,The Friendly Visit,NA,The Friendly Visit,Misc Traditional,NA,folk,NA,publicdomain,0.0,0,0,1,1,1,0,40,295,7.375,False,2.82428859363619,0.9864406779661016,0.9797149122807016
QmRDwgD8kbTYB4zYG4AtdFDxkxmqyyKnfgSspNyfWtFCEf,the Friendly Visit,NA,The Friendly Visit,Misc Traditional,NA,folk,NA,publicdomain,0.0,0,0,1,1,1,0,32,148,4.625,False,2.82741399634458,0.972972972972973,0.8971354166666666
QmVPQG84zeytUXhRbVgAUCrKQbBgEkhWmvnDQ4wx8XHkkC,The Friendly Visit,NA,The Friendly Visit,Misc Traditional,NA,folk,NA,publicdomain,0.0,0,0,1,1,1,0,16,110,6.875,False,2.827298109344264,0.9636363636363636,0.9513888888888888
QmSZE8f3fzg68FMVxRkYHzRu2iHLLaAk9DBZNYdAETy1yc,The Friendly Visit (hornpipe) 1696,NA,The Friendly Visit,Misc Traditional,after Fr. Dollard,folk,NA,publicdomain,0.0,0,0,2,1,1,0,38,262,6.894736842105263,False,2.72679701639584,1.0,0.9450757575757576
QmV5iXg2riJosYxPwECJFQwbWvYKSdcF4diFFxAW9KZUPf,The Frieze Breeches arr. Kent Hiestand,NA,The Frieze Breeches,Misc tunes,'The Friar's Britches' or 'Cunla',NA,NA,publicdomain,0.0,0,0,2,1,1,0,180,1523,8.46111111111111,False,2.643340236528987,1.0,0.9756944444444444
QmNWaV6aTU77Po3NEcxMTdZ8ECb8kAtviDQ9TTaUiFU1JS,The Frieze Breeches(doublejig) 1051,NA,The Frieze Breeches,Misc tunes,after Chief F. O'Neill,NA,NA,publicdomain,0.0,0,0,2,1,1,0,108,543,5.027777777777778,False,2.730452208582246,0.996316758747698,0.9643264840182648
QmajNPRHYdTLpzhjgWSq4BJhr9xyz2h5Bqo2LzwWjjV8Hx,The Frieze Knee Breeches,Connaught Rangers (The),The Frieze Breeches,Misc tunes,NA,NA,NA,publicdomain,0.0,0,0,6,1,1,0,16,114,7.125,False,2.432207163844013,1.0,0.9805555555555556
QmWjcQkMhfxFdVgdGgrGJv8ooEFC3SNmvCktwRohjAnRAQ,THE FROG AND THE MOUSE,Amo Amas I Love a Lass,THE FROG AND THE MOUSE,Misc tunes,NA,NA,NA,publicdomain,0.0,0,0,11,1,1,0,50,108,2.16,False,2.365700663591022,1.0,0.9401041666666666
QmciV6jJCKKbrfEr5JxS4RWhKU5jCu2QBFWzKoQR4y7eX5,The Frost Is All Over,NA,The Frost Is All Over,Misc tunes,Joe Buchanan's Scottish Tome - Page 262.3,NA,NA,publicdomain,0.0,0,0,3,1,1,0,45,227,5.044444444444444,False,2.471315642428822,1.0,0.9777777777777776
Qma4K3aMMLSBGQqCA9F2RDaBTYCjnzBLDhUNaefMR9wDLY,The Frost Is All Over / The Mist Of Clonmel,NA,The Frost Is All Over,Misc tunes,NA,NA,NA,publicdomain,0.0,0,0,10,1,1,0,32,165,5.15625,False,2.59678179492838,1.0,0.9487847222222222
QmYn4BVZiWgx9wMuxe6TuBERKhQeeghdnrYmr22qSKVh72,The Frost is all over 1,Kitty Lie Over,The Frost Is All Over,Misc tunes,NA,NA,NA,publicdomain,0.0,0,0,2,1,1,0,252,1179,4.678571428571429,False,2.496862651794798,1.0,0.9627976190476192
QmaoYV4sBpoPocU1UMH53rDeSog7edgpbr2TzYKLf9qFQV,The Frost's On The Pumpkin And Fodder's In The Shock,NA,The Frost's On The Pumpkin And Fodder's In The Shock,Misc tunes,NA,NA,NA,publicdomain,0.0,0,0,2,1,1,0,20,108,5.4,False,2.6724461990876893,1.0,0.9661458333333334
QmWtinYQuu8PZAm1QxatGmFDoP5iKLnFz4ABYaUoueFXwa,the Fryar and the Nun,the Frier and the Nun,The Fryar and the Nun,Misc tunes,NA,NA,NA,publicdomain,0.0,0,0,1,1,1,0,17,54,3.176470588235294,False,2.6342869329093817,0.9444444444444444,0.9609375
QmV29Fm6ZezVFECyo1GAYk4MLAdENdDPeGoXfiprjxPXpt,The Full Hunt,NA,The Full Hunt,Misc tunes,No 134 Page 64 William Clarke of Feltwell,NA,NA,publicdomain,0.0,0,0,1,1,1,0,32,201,6.28125,False,2.502028888228633,1.0,0.9598214285714286
QmdFmjijirkpDi7Xwwc5Uahamry6CYsJifDPZiaF93Kr7H,The full moon,NA,The Full Moon,Misc tunes,anon.,NA,NA,publicdomain,0.0,0,0,1,1,1,0,36,186,5.166666666666667,False,2.606663567561704,1.0,0.9045138888888888
QmS9JAEue8S9itU73gERmythvXbS9DTsTF5HbUvw1GRKzp,The Full Of The Bag (hornpipe) 1651,NA,The Full Of The Bag,Misc tunes,after Mr. Cronin,NA,NA,publicdomain,0.0,0,0,6,1,1,0,56,382,6.821428571428571,False,2.922149947019586,0.9633507853403142,0.9889455782312924
QmW8neYGqj9ZVxm1xv97q6xvXSFHMPmnWiVYFcPkfAD1ye,The Fun At Donnybrook (air) 0005,NA,The Fun at Donnybrook,Misc tunes,after Mr. Hartnettcheerfully,NA,NA,publicdomain,0.0,0,0,1,1,1,0,10,51,5.1,False,2.775133686477392,0.9607843137254902,0.8452380952380952
QmQZoRTeZWWJzpyZd5FLy1vu4cN1zVyzncK9sVqpVmoy4U,The Funny Mistake (slipjig) 1146,NA,The Funny Mistake,Misc tunes,Unattributed,NA,NA,publicdomain,0.0,0,0,2,1,1,0,22,136,6.181818181818182,False,2.694699782503174,1.0,0.950657894736842
QmPvK6kCcLkU7iWirNra4utVxDUREdycgQiaDQTTe6P9eZ,The Furrows End,NA,The Furrows End,Misc tunes,Joe Buchanan's Scottish Tome - Page 646.0,NA,NA,publicdomain,0.0,0,0,246,1,1,0,67,234,3.492537313432836,False,2.549535416059084,1.0,0.9110243055555556
QmfQhV8BoYV8RrQVM7KBQZvZtdPcLstadEz5atx5NQovJp,The future is calling for service sincere - Chas. H. Gabriel,NA,The future is calling for service sincere - Chas. H. Gabriel,Chas. H. Gabriel,NA,classical,NA,publicdomain,0.0,0,0,8,2,1,0,18,338,18.77777777777778,False,2.7590091185438927,0.9437869822485208,0.9674479166666666
Qma2jdx17Sohw13YH9MWGB8tsKcZWExknbmeaJSt5hQb8w,The Gallant Huzzar,NA,The Gallant Huzzar,Misc tunes,Sung by Thomas Beedham 7 May 1906 Thornton Curtis and Barrow Lincolnshire,NA,NA,publicdomain,0.0,0,0,6,1,1,0,18,72,4.0,False,2.74342655706999,1.0,0.9131944444444444
QmdVDPwymSpGePjCGiGZW19wN9aFeQfcWTKHVqCVWHjLzj,The Galtee or Mount Phoebus Hunt,NA,The Galtee or Mount Phoebus Hunt,Misc tunes,NA,NA,NA,publicdomain,0.0,0,0,4,1,1,0,44,304,6.909090909090909,False,2.71057930915415,1.0,0.9536458333333332
QmS9F2tbydY89JV2oZoV741EdZZuicZTBRNkwTMLzLmtMt,The Galway Girl,NA,galway girl,Ed Sheeran,NA,folk,folk-irish-abc,cc-zero,3.72,8,42,8206,0,1,0,36,194,5.388888888888889,False,2.597571130255075,1.0,0.962890625
QmVMXrpghjYzqDsvxwprAPFJ3qwRuzU7mWR3RrVmKVU73f,The Galway Piper Part 1,Irish Folk Tune,NA,NA,NA,NA,irish-pianocourse,publicdomain,0.0,0,3,512,0,1,0,8,71,8.875,False,2.4596937129662444,1.0,0.9479166666666666
Qme1QryZZnrFF2Wne33jdc8Rs4mxQsHTyRoXFboQKJ6pP7,The Game - Bass Feature,NA,The Game - Bass Feature,nbean98,Natalia Seitzer,NA,NA,cc-zero,0.0,0,0,81,0,1,0,13,209,16.076923076923077,False,2.308368002689318,0.8277511961722488,0.7632575757575757
Qma6aMdpVbtps7s736H1yNbNE2LDah4egg6oqRTNxMS6Jr,The Gaming Device,Eva St. Polen,NA,NA,NA,NA,the-little-song-fast-going-fastgoing-goingfast-thelittlesong-thesong-littlesong-songlittle-eva-stpolen-evastpolen-rollaround-roll-around-rollaround-gaming-game-device,cc-zero,0.0,0,2,278,1,1,0,34,143,4.205882352941177,False,1.7577812048002923,0.9928057553956836,0.8888888888888888
QmbFh1S1A9xbPYhUx3KaxuitMhxpHBCmcom8kUeCRbLAmF,The Gander in the Pratie Hole,NA,The Gander In The Pratie Hole,Misc tunes,NA,NA,NA,publicdomain,0.0,0,0,4,1,1,0,102,568,5.568627450980392,False,2.706091063381265,0.9841549295774648,0.9673793859649122
QmPSLZfLnA4rFLCRbVSrfKQHYuQgiBbMvhGKRoB69WAGiD,The Gander in the Pratie Hole,NA,The Gander In The Pratie Hole,Misc tunes,NA,NA,NA,publicdomain,0.0,0,0,3,1,1,0,91,494,5.428571428571429,False,2.679512704136914,0.9898785425101214,0.9629289215686274
QmYwkHYh6nhAYweCfesRXnk53wLbneeFAZvcz5UeDDGB1W,The Gander In The Pratie Hole,Friar'sFriar's TheGander At The Pratie HoleGander At The Pratie Hole TheGander In The Pratie HoleHe Gandor,The Gander In The Pratie Hole,Misc tunes,NA,NA,NA,publicdomain,0.0,0,0,5,1,1,0,150,861,5.74,False,2.7165817128152705,0.967479674796748,0.9707207207207208
QmUtmcuC4gkfpYX4bVmYQsKM39b2ZwHeRe81T497xhAJ1p,The Gaol of Clonmell,NA,The Gaol of Clonmell,Misc tunes,NA,NA,NA,publicdomain,0.0,0,0,0,1,1,0,18,58,3.2222222222222223,False,2.445152318973417,0.9827586206896552,0.8958333333333334
QmaJEjVsNSC8t6tYiP233g1kwrZ53um9FJpNWKdR9RZSWU,The Garden of Butterflies,NA,The Garden of Butterflies,Misc tunes,NA,NA,NA,publicdomain,0.0,0,0,4,1,1,0,45,285,6.333333333333333,False,2.784496296148576,0.9719298245614036,0.9223958333333332
QmXA4DxubhHkf9oQuKhUEzJT1poTu5GCDSnqJbBpvh3AKG,The Garden of Daisies,Gort Na Noininead,The Garden Of Daisies,Misc tunes,collected by Hartnett,NA,NA,publicdomain,0.0,0,0,1,1,1,0,52,308,5.923076923076923,False,2.755686856050925,1.0,0.9453125
QmYPuF8sKC9ZKUu9egavC3boss22VNWwgDAZPMb3jV7Wha,The Garden Of Daisies (1st setting,NA,The Garden Of Daisies,Misc tunes,file ID: onmi.misc/023gard_d_1,NA,NA,publicdomain,0.0,0,0,4,1,1,0,52,308,5.923076923076923,False,2.755686856050925,1.0,0.9626736111111112
QmacG1bXuaeQfU52BVhCYyNCp8HXW91xFAJPrUxURRogyk,The Garden Of Dasies (1st setting) (longdance) 1797,NA,The Garden Of Daisies,Misc tunes,after Mr. Hartnett,NA,NA,publicdomain,0.0,0,0,4,1,1,0,52,306,5.884615384615385,False,2.7944418556398127,0.9934640522875816,0.9428191489361702
QmVAqFiudgDzyoJSHRWmUqPtFusdEW4G2NGFPPCb3Pk2WC,The Garden Walk,NA,NA,NA,The Spicy Tom Brier (1996),NA,ragtime-spicy-addatag,cc-zero,4.66,6,13,711,2,1,0,142,2691,18.950704225352112,False,3.182227278676689,0.8950892857142857,0.9294642857142856
QmRzyXvQyTwhGjV19q6Jzz4qZhQyZm3Bg1Pg4seJFTdWBc,The Garden Where The Praties Grow,NA,The Garden Where The Praties Grow,Misc tunes,Joe Buchanan's Scottish Tome - Page 431.2,NA,NA,publicdomain,0.0,0,0,6,1,1,0,17,58,3.411764705882353,False,2.5719591652821383,0.9827586206896552,0.890625
QmcW7CgEgWrfLEivLJtf1hJe2nJXHcZEVW4zDzyCAxYmCQ,The GARDENER WI' HIS PAIDLE.,the Fardener's March.,The GARDENER WI' HIS PAIDLE.,Misc tunes,NA,NA,NA,publicdomain,0.0,0,0,5,1,1,0,36,160,4.444444444444445,False,2.5917687679768138,1.0,0.9544270833333334
QmfMumAbCL59MXAsjn37XWVKFuwGYGTbszKvBfV8db8CqA,The Garland of Love. JGi.108,NA,The Garland of Love. JGi.108,Misc tunes,NA,NA,NA,publicdomain,0.0,0,0,1,1,1,0,91,256,2.8131868131868134,False,2.469065585152257,1.0,0.9573567708333334
QmTw7n7SvFsVWgHubRPGFjcQyQyRHyTFoxTvpCk3a6NFJt,The Garter. (p)1688.PLFD1.294,King James's March. (p)1688.PLFD1.294,The Garter. (p)1688.PLFD1.294,Misc tunes,NA,NA,NA,publicdomain,0.0,0,0,1,1,1,0,32,148,4.625,False,2.5363881586933914,1.0,0.9420572916666666
QmRYsdGgSMYzzjipHWVodhZvLGa2qmzRRmP1AfyYqHVwQc,The Gates of Edinburgh. Ru1.002,NA,The Gates of Edinburgh,Misc tunes,NA,NA,NA,publicdomain,0.0,0,0,7,1,1,0,27,158,5.851851851851852,False,2.5676310961657025,1.0,0.953125
QmaFQ4QweHVDZpK2m1ra8m4G2kiDG8KDnE5kEWjzzYLpjH,The Gates of Edinburgh. Ru1.002,NA,The Gates of Edinburgh,Misc tunes,NA,NA,NA,publicdomain,0.0,0,0,2,1,1,0,36,200,5.555555555555555,False,2.581302352803882,1.0,0.9485677083333334
QmPbXDgC4vHdwdieg7HqrnZkYAi3feqAug8G4ufNbkp2vH,The Gathering of the Clans (air) 0352,NA,The Gathering of the Clans,Misc tunes,after Chief F. O'Neill,NA,NA,publicdomain,0.0,0,0,5,1,1,0,18,126,7.0,False,2.693707444115782,1.0,0.9192708333333334
Qme9SVKLbmibHRa1gRmaVWPaQHnBEP9ch9iJH1QzGRERD2,The Gay Gordons,NA,The Gay Gordons,Misc tunes,NA,NA,NA,publicdomain,0.0,0,0,34,1,1,0,541,2531,4.678373382624769,False,2.6603173199069863,1.0,0.9287923177083334
QmYeShz6AogByj7Zj1KjZYUtrvgL4Y8GtHN6cB2fq9gUVs,The GB/7a/28 Banks of Sweet Primroses,Version 1 of 2,Banks Of The Sweet PrimrosesThe,Misc tunes,Battle Workhouse Sussex IV. 07Transcribed by Simon Furey and Lewis Jones,NA,NA,publicdomain,0.0,0,0,5,1,1,0,10,51,5.1,False,2.6169439702238764,1.0,0.935897435897436
QmZfqiHZMrN6XSTRjKgFDJdyaHQVe7dpspdYUTxHsCGmoU,The GB/7a/29 Banks of Sweet Primroses,Version 2 of 2,Banks Of The Sweet PrimrosesThe,Misc tunes,Shoreham Workhouse Sussex I. 09Transcribed by Simon Furey and Lewis Jones,NA,NA,publicdomain,0.0,0,1,8,1,1,0,10,42,4.2,False,2.669036555041972,1.0,0.9507575757575758
QmPpEHZwxXtFPcFnJbagUFEjhP9CNtczCr5UxSXs1ykq54,The GB/7a/3 American King,NA,The GB/7a/3 American King,Misc tunes,Mrs. Cranstone (c.50) Wood Dale Billingshurst VII. 07.Transcribed by Simon Furey and Lewis Jones,NA,NA,publicdomain,0.0,0,0,2,1,1,0,19,58,3.0526315789473686,False,2.547808308871243,1.0,0.9409722222222222
QmUQEDALnAqoiwovRPKkaN8U1sDrBDG8WHZFN66WrPs4JR,The Geese in the Bog,Lad O'Beirne's Favourite,The Geese In The Bog,Misc tunes,NA,NA,NA,publicdomain,0.0,0,0,6,1,1,0,32,228,7.125,False,2.523153977720096,1.0,0.951171875
QmXQxNDmfvjjUWMdye3j9eH4MHjvHAJJTVuKsNz6Pfanhd,The Geese In The Bog,Geese In The BogGeese In The BogsOld Geese In The Bog TheRooms Of Doogh The,The Geese In The Bog,Misc tunes,NA,NA,NA,publicdomain,0.0,0,0,12,1,1,0,135,756,5.6,False,2.3122412347589387,1.0,0.9835858585858586
QmciTwWavbYxyyf55RfSDHyiqP5MQHNULL6PMDY5jxgje9,The Gelding of the Devil,NA,Gelding of the Devil. (p)1657.PLFD1.120,Misc tunes,NA,NA,NA,publicdomain,0.0,0,0,2,1,1,0,9,162,18.0,False,2.663759255193744,0.8395061728395061,0.8298611111111112
QmYUKuks1iqCtajBFiBqaQQTFsVNwQ9XwARuWx3w9BBdJB,The Gen'l Election. VWMLa.165,NA,The Gen'l Election. VWMLa.165,Misc tunes,NA,NA,NA,publicdomain,0.0,0,0,3,1,1,0,36,176,4.888888888888889,False,2.764782410390038,0.9886363636363636,0.9704861111111112
QmQ8tSyYqdBnatvaCu5yiJ1nisL4JqxuzbaGnvkfkUdHJ3,The Gen'l Election. VWMLa.165,NA,The Gen'l Election. VWMLa.165,Misc tunes,NA,NA,NA,publicdomain,0.0,0,0,5,1,1,0,81,390,4.814814814814815,False,2.7641059057724884,0.9871794871794872,0.9652777777777778
QmbiXvQYaQHnoB1wtEXH8eEDfCW5AJGCAwgmuDWu4KMomo,The General Toast,NA,The General Toast,Misc tunes,NA,NA,NA,publicdomain,0.0,0,0,1,0,2,0-0,16,140,8.75,False,2.61016425154469,1.0,0.9479166666666666
QmUpqZpWm6JdY7MWfwTUZy3wksUnqUrtrFmPpUvrwMddXZ,The Gentle Light That Wakes Me,NA,The Gentle Light That Wakes Me,Misc tunes,NA,NA,NA,publicdomain,4.85,4,2,412,1,1,0,32,160,5.0,False,2.5493931170473294,1.0,0.962890625
QmVLuzbBmQqq631AgznEXKK55YzvbzZ692WAPxqjtvPETi,The Gentle Light That Wakes Me,NA,The Gentle Light That Wakes Me,Misc tunes,NA,NA,NA,publicdomain,4.83,3,0,149,1,1,0,34,219,6.441176470588236,False,2.6837084413644017,1.0,0.9576822916666666
QmbAuiTvAzkHX5gQMuL6ZuxniFoEWb4mrCfE2TXBpGPKoJ,The Gentle Maiden,NA,Gentle Maiden,Misc Traditional,NA,folk,NA,publicdomain,0.0,0,0,1,1,1,0,36,158,4.388888888888889,False,2.6655585684600576,1.0,0.9305555555555556
QmdHSUT7sjSPMVJkJtXqbjEDxhZUMUPEFNizzDvq6rWMtu,The Gentle Maiden,NA,Gentle Maiden,Misc Traditional,NA,folk,NA,publicdomain,0.0,0,0,2,1,1,0,32,86,2.6875,False,2.6176503655237777,1.0,0.9356884057971014
QmUG2FLuScyoiJi3rYrnMof3qufAoNSyKuGoRPc5FqxHZ6,The Gentle Maiden,NA,Gentle Maiden,Misc Traditional,NA,folk,NA,publicdomain,0.0,0,0,3,1,1,0,80,171,2.1375,False,2.621370470383289,1.0,0.9640804597701148
QmU8mntL8PXff3tjU5poALfYSezJ5JgSJE79443p1H1k3R,The Gentle Maiden,NA,Gentle Maiden,Misc Traditional,NA,folk,NA,publicdomain,0.0,0,0,8,1,1,0,32,63,1.96875,False,2.635811856083574,1.0,0.9384920634920636
QmXf3JZqsGTmJUB8ptpaqyK4WpsZ8qY94wegpUczGU7gVC,The Gentle Maiden,NA,Gentle Maiden,Misc Traditional,NA,folk,NA,publicdomain,0.0,0,0,3,1,1,0,36,144,4.0,False,2.62002724269909,1.0,0.8454861111111112
QmTvJ624R5UsNqyzfFFnRXsK5CSUB3yctyyCZd8EgjqYb3,The Gentle Recruit,(To be sung to the air of Lincolnshire Poacher),The Gentle Recruit,Misc tunes,NA,NA,NA,publicdomain,0.0,0,0,4,1,1,0,17,63,3.7058823529411766,False,2.5111654137713924,1.0,0.9015151515151516
QmPbnn2bHS4V1pZihtxCGEoxgyYUZ6HYvzqqgCHmoQsyc9,the Gentle Shepherd,NA,the Gentle Shepherd,Misc tunes,Joshua Campbell (????-1801),NA,NA,publicdomain,0.0,0,0,1,1,1,0,18,93,5.166666666666667,False,2.6271178234680947,1.0,0.9600694444444444
QmPFDkdKJ3AWSpMdsuUXaJb5NfAuCBYiqFRcEvJ5nYQN6b,the Gentle Shepherd,NA,the Gentle Shepherd,Misc tunes,Joshua Campbell (????-1801),NA,NA,publicdomain,0.0,0,0,2,1,1,0,36,186,5.166666666666667,False,2.6271178234680947,1.0,0.9644097222222222
QmZey4wFFzMFc186EwPZp7RQwcd5SkBVw434RU3t884tv8,The gentle Shepherd wandered - E. S. Lorenz,NA,The gentle Shepherd wandered,E. S. Lorenz,NA,classical,NA,publicdomain,0.0,0,0,4,1,1,0,14,288,20.571428571428573,False,2.992258851179302,0.9444444444444444,0.9150641025641024
QmUw23AqiKKQwnSFisG91R8CF4w5rAxmZumhHgBS2jYzK4,The Geud Man of Ballangigh,To a New Scotch Jigg,The Geud Man of Ballangigh,Misc tunes,NA,NA,NA,publicdomain,0.0,0,0,1,1,1,0,27,133,4.925925925925926,False,2.574292420956167,1.0,0.9273809523809524
QmPupLfgMDqvRcpTuDJNsp78NjVov3Cm5W2A6kwaUrHSvk,The Ghost Of Ballybrolly,NA,The Ghost Of Ballybrolly,Misc tunes,NA,NA,NA,publicdomain,0.0,0,0,1,1,1,0,64,306,4.78125,False,2.623983795503119,1.0,0.9348958333333334
QmfXo7zqDyLpcsiEGCVT6sBCyrrHFyg1b6b6aiD1DE1jno,The Ghost Of Ballybrolly,NA,The Ghost Of Ballybrolly,Misc tunes,NA,NA,NA,publicdomain,0.0,0,0,3,1,1,0,32,153,4.78125,False,2.623983795503119,1.0,0.9340277777777778
QmZThiY1YGX62hDEB9mXbasVHyMiSjxJB5htwT2jPH8KWL,the giant ENEMY spider,he can sus,the giant ENEMY spider,Green_BIRD,jerma,NA,the-giant-enemy-spider-nrr-nrr-rnrnrn-r-nrnrn-jerma-he-can-sus-hazbinhotel-angeldust,cc-zero,4.72,8,15,1185,0,2,0-0,11,84,7.636363636363637,False,2.465537889872204,0.8809523809523809,0.9609375
Qmdtk4STzRBMQfxCMP7UqcB7r5gcrw4dy4hmbP4emN2gVG,The Gipsies Came to Lord M---'s Gate,NA,The Gipsies Came to Lord M---'s Gate,Misc tunes,NA,NA,NA,publicdomain,0.0,0,0,2,1,1,0,9,41,4.555555555555555,False,2.683822518208775,1.0,0.953125
QmdwZjdNdAfd5D9H8tFegGVxBtYWdKfADP3hnkW8zSkzTm,The Gipsy Countess -Parsons,NA,The Gipsy Countess -Parsons,Misc tunes,Taken down from Jas. Parsons by F.W.B. Dec. 1888.,NA,NA,publicdomain,0.0,0,0,21,1,1,0,84,380,4.523809523809524,False,3.1928193304228585,0.8473684210526315,0.920343137254902
QmcXmhTeX4vUn6YPqNH9Ncp1VHPRiw1VkwTyjvaLgAKBAG,The Girl from the Big House,Cailín an Tí Mór,The Girl from the Big House,Misc tunes,NA,NA,NA,publicdomain,0.0,0,0,12,1,1,0,71,328,4.619718309859155,False,2.547631457009168,1.0,0.9518229166666666
QmZLx7wHMkbTY3UZ1R65qmAynEWgqaNBLXx5LyqnkJXVso,the Girl I Left Behind Me,Brighton Camp,The Girl I Left Behind Me,Misc tunes,NA,NA,NA,publicdomain,0.0,0,0,3,1,1,0,18,71,3.9444444444444446,False,2.7230703485488568,1.0,0.953125
QmfUvNwizKhRM5c4jrC7tcNtXfA472SLoevyNVc132CkCK,The Girl I Left Behind Me,NA,The Girl I Left Behind Me,Misc tunes,Joe Buchanan's Scottish Tome - Page 177.1Trad.,NA,NA,publicdomain,0.0,0,0,3,1,1,0,45,205,4.555555555555555,False,2.626481159511183,1.0,0.8958333333333334
QmawNmnpNv72Z5qxRKRDEq4nRCuD9FWEkc6ctJiEdUbdtA,The Girl I Left Behind Me. JBs.025,NA,The Girl I Left Behind Me,Misc tunes,NA,NA,NA,publicdomain,0.0,0,0,2,1,1,0,36,120,3.333333333333333,False,2.5800688553626463,1.0,0.9140625
QmWJawHL8W6P6zBVawNn5a1DWMVv53nf1tQjNFTK8vM7Tx,The Girl I Left Behind Me. WES.042,NA,The Girl I Left Behind Me,Misc tunes,NA,NA,NA,publicdomain,0.0,0,0,2,1,1,0,36,144,4.0,False,2.673643647676111,1.0,0.9231770833333334
QmUd7wGEySCAhSZjnTAwPwP44ERdEkDrBFy6bGnwRDqjZx,The Girl I Love (air) 0423,NA,The Girl I Love,Misc tunes,after Chief F. O'Neillplayful,NA,NA,publicdomain,0.0,0,0,3,1,1,0,18,106,5.888888888888889,False,2.4922410232751213,1.0,0.9283854166666666
QmPJTVmYTxG6cjoMqeuMVYACxW7uBu68BVsrrDoKUdCaPA,the Girl of my Heart,NA,The Girl Who Broke My Heart,Misc tunes,NA,NA,NA,publicdomain,0.0,0,0,5,1,1,0,18,113,6.277777777777778,False,2.760081193823571,1.0,0.96875
QmTwDK4MLyBxsUtHjzRtEgncY1xzMeYdEc1jayXKbsGTy8,The Girl Of The Big House (air) 0196,NA,The girl of the big house,Misc tunes,after Mr. Croninmoderate,NA,NA,publicdomain,0.0,0,0,2,1,1,0,32,194,6.0625,False,2.5827637195921187,0.9896907216494846,0.9635416666666666
QmZLt8Na31obpRoa7rSxzzKWqdLzaApXYREFJhW7piR2Lx,The Girl Who Broke My Heart (reel) 1176,NA,The Girl Who Broke My Heart,Misc tunes,after Chief F. O'Neill,NA,NA,publicdomain,0.0,0,0,6,1,1,0,19,127,6.684210526315789,False,2.9525570489173054,0.9291338582677166,0.9778645833333334
Qmed85Hrb8VLudsQgyBsnWwqAhEhpHnbvFzMd1jFWj7Vhm,The Girl With the Laughing Eyes (reel) 1528,NA,The Girl With The Laughing Eyes,Misc tunes,after Chief F. O'Neill,NA,NA,publicdomain,0.0,0,0,3,1,1,0,19,126,6.631578947368421,False,2.65960171962876,0.992063492063492,0.94921875
Qma1wjFa5KyozgmhzCXboSWS8BPAcDyczEWCkutAEb7Lb5,The Girls I Have Courted (song) 0439,NA,The Girls I Have Courted,Misc tunes,after Sg't. J. O'Neill,NA,NA,publicdomain,0.0,0,0,2,1,1,0,18,89,4.944444444444445,False,2.772863416639591,1.0,0.890625
QmcXANhxf8j1wKQhqdDSJC2RThEedh9dwb328aPAUufUTZ,The Girls of Banbridge,Galbally Jig The,The Girls Of Banbridge,Misc tunes,NA,NA,NA,publicdomain,0.0,0,0,0,1,1,0,96,516,5.375,False,2.7257538610899825,1.0,0.9586226851851852
QmdbEuheoyVNZz7ZGAGHiTLDJrtRqGpMzB5GGtwtZVxL1U,The Girls Of Banbridge (jig) 0812,NA,The Girls Of Banbridge,Misc tunes,after Sgt. J. O'Neill,NA,NA,publicdomain,0.0,0,0,4,1,1,0,38,196,5.157894736842105,False,2.741454748599997,0.9897959183673468,0.9577020202020202
QmWoNFq3A5EauhEyU2VJ1eb4QEQVN32SMxTkkqMty7o65d,The Girls Of Our Town (air) 0574,NA,The GIRLS OF OUR TOWN,Misc tunes,after Sg't. J. O'Neillwith spirit,NA,NA,publicdomain,0.0,0,0,1,1,1,0,19,87,4.578947368421052,False,2.559860259070297,0.9885057471264368,0.9036458333333334
QmZdSDMhNohLDGNhaGbcomjSthTYUkLThkZUCGBDNMhcQx,The Girls of Our Town.,caillini.de ar .bailesa. na,The GIRLS OF OUR TOWN,Misc tunes,NA,NA,NA,publicdomain,0.0,0,0,2,1,1,0,18,82,4.555555555555555,False,2.486249028089888,1.0,0.8888888888888888
QmbJTRt2GhJAvr7D5UNcvNYhWJpm61eXXrLBQfLp8zMmfS,the GLAD TRUMPET SOUNDS A VICTORY,NA,the GLAD TRUMPET SOUNDS A VICTORY,Misc tunes,NA,NA,NA,publicdomain,0.0,0,0,3,1,1,0,31,101,3.2580645161290325,False,2.751215015372194,0.99009900990099,0.8697916666666666
QmYzcTKMNFDWgHzqDeJMRPG9G1FXwCrz5wyhKeSY2Qz4cg,The Gladness of Thy Motherhood,Te gestientem gaudiis,NA,NA,Cantarium S. Galli 1845,NA,hymn-catholic-mary-rosary,cc-zero,0.0,0,1,713,1,1,0,49,193,3.938775510204082,True,2.483541729826549,1.0,0.9973958333333334
QmdVVMR3nsarwh1xu1Z1SiBuus7f4GEqB9qQtbe6UiH6o1,the Glass house,NA,The Glass house,Misc tunes,NA,NA,NA,publicdomain,0.0,0,0,3,1,1,0,60,394,6.566666666666666,False,3.1067060426195257,0.8857868020304569,0.947463768115942
QmSyNHTt9LKLZ1NADrrXcMaG3jtxQ7hxvsTXn5nwYq5XfD,The glens of Mayo,NA,The Glens Of Mayo,Misc tunes,anon.,NA,NA,publicdomain,0.0,0,0,1,1,1,0,47,225,4.787234042553192,False,2.633511738414382,0.9911111111111112,0.9563172043010753
QmQ4YDvyCfk4ora3oAJ2h41463eyjuxAMDKwuNohdxA9in,The glens of Mayo,NA,The Glens Of Mayo,Misc tunes,anon.,NA,NA,publicdomain,0.0,0,0,1,1,1,0,28,141,5.035714285714286,False,2.6362943020776823,0.9929078014184396,0.9594298245614036
QmcY1CqRZBF9q3ZckKDP75d3y1q8FfHZXU3qZN1x591J1p,The Glens Of Mayo (jig) 1078,NA,The Glens Of Mayo,Misc tunes,after Chief F. O'Neill,NA,NA,publicdomain,0.0,0,0,3,1,1,0,38,188,4.947368421052632,False,2.7570615796758484,0.9680851063829788,0.9683333333333334
QmeZeuiqceV9hK8Wvtod6fo5QWt5NCLCVPNvbrhCEDPSrb,The Glentown Reel,GlentownDenis Murphy's?Geoghan's?,The Glentown Reel,Misc tunes,NA,NA,NA,publicdomain,0.0,0,0,5,1,1,0,20,169,8.45,False,2.527980729326154,0.9881656804733728,0.9646739130434784
QmbS97JiEUoGgSemVxW7Q9xHwQ2pwEsaMFPcbzXq6ZCJv6,The gliss,NA,NA,NA,NA,NA,NA,cc-zero,0.0,0,0,34,2,1,0,83,877,10.566265060240964,False,3.1310655189088434,0.82212086659065,0.9480421686746988
QmYje24u2otH6kw5KNEeMVyqUkR98Xt67Xk2gA78CnwDs5,The Glitch Mob - Bad Wings (WIP),NA,NA,NA,The Glitch Mob Arr. Anders Skog,NA,theglitchmob-glitchmob-glitchmusic-dubstep-electronic-electronicmusic,cc-zero,4.66,6,20,797,1,1,0,16,168,10.5,False,2.4599718157294386,1.0,0.9479166666666666
Qma5MdhU3WRNE7egcMoioYNzBcBTWg8uRkeGZ2XbsP9uor,The Glories of Spring,NA,The Glories of Spring,Misc tunes,NA,NA,NA,publicdomain,0.0,0,0,1,1,1,0,36,236,6.555555555555555,False,2.8971136045179984,0.9491525423728814,0.9479166666666666
QmZ2jpvsSgLZXQAivXmG3NN3nrZqNDNoWrD5nNVQy2P1Sk,The Glories Of Spring,NA,The Glories of Spring,Misc tunes,NA,NA,NA,publicdomain,0.0,0,0,0,1,1,0,45,283,6.288888888888889,False,2.895239614661275,0.950530035335689,0.9583333333333334
QmRMoShvqQM4ARA77x7FyoperiTwYTzLC6PkK4QsNYbw2d,The glorious gospel of the Son of God - Roger M. Hickman,NA,The glorious gospel of the Son of God,Roger M. Hickman,NA,classical,NA,publicdomain,0.0,0,0,5,1,1,0,19,240,12.63157894736842,False,2.7549714600265176,0.975,0.9427083333333334
QmZUC3y3hrAzSQwFLUXy7PbdTWCg2VgX4H3nn3munLRD82,The Glorious State Anthem of the Soviet Union (solo piano),NA,State Anthem of the Soviet Union,Alexander Alexandrov,Alexander Vasilyevich Alexandrov,classical,anthem-ussr-russia-nationalanthem-sovietunion-soviet,cc-zero,4.84,357,947,34161,2,1,0,43,823,19.13953488372093,False,2.7888539730782296,0.9951397326852977,0.9585843373493976
QmdzJn3SXpnaEbM49fYz2E8yfbMiTqwv8BABAyRpPY61Td,The Glory Days (From The Incredibles),Piano Arrangement,The Glory Days,Michael Giacchino,Michael Giacchino,classical-soundtrack,theincredibles-piano-michaelgiacchino-pixar-disney,cc-zero,4.77,19,121,2730,2,1,0,52,499,9.596153846153848,False,3.227924312995164,0.7635270541082164,0.9333333333333332
QmUe3F5zEP1LWkBKnoepVUYCFkahe61jQSxNeY28bY3sBJ,The glory He had with the Father - J. H. Rosecrans,NA,The glory He had with the Father,J. H. Rosecrans,NA,classical,NA,publicdomain,0.0,0,0,2,2,1,0,30,432,14.4,False,2.465995408169109,1.0,0.8842592592592593
QmeQRzjLEG4K6DSqQy2vZf1pAv5ifaQhou5fgr7b8Xd9A8,The glory of conquest! be valiant my brothers - Ira B. Wilson,NA,The glory of conquest! be valiant my brothers - Ira B. Wilson,Ira B. Wilson,NA,classical,NA,publicdomain,0.0,0,0,5,1,1,0,18,310,17.22222222222222,False,2.609612278445249,0.9741935483870968,0.9309895833333334
QmW1sdiuvbbsG2kwtyWAFrVa1rjJg31uQzoxG97iHpmLr6,The Gneevgullia Reel,Gneeveguilla Reel ThePride of Rathmore The,The Gneevgullia Reel,Misc tunes,NA,NA,NA,publicdomain,0.0,0,0,7,1,1,0,48,340,7.083333333333333,False,2.752373373880144,0.9823529411764704,0.953125
QmQHYMexMZWoDxfNUBvCixqVrKG49QfxkrN1ThdeS6Fqnv,The Gneevgullia Reel,Pride of Rathmore The,The Gneevgullia Reel,Misc tunes,NA,NA,NA,publicdomain,0.0,0,0,3,1,1,0,52,371,7.134615384615385,False,2.7494114526607465,0.9838274932614556,0.953525641025641
QmcK8tjVg5goWhJ7MFxDoBFniFjQjAJzu8cCzKhoGYTXLH,The Goat Pen,Cr\o nan Gobhar,The Goat Pen,Misc tunes,NA,NA,NA,publicdomain,0.0,0,0,1,1,1,0,36,187,5.194444444444445,False,2.50032713205112,0.9893048128342246,0.9288194444444444
QmYVHrtWmiHjKejNHuQsfu6NGSbh1dnB5bgZwVzRfMAwGP,The Goat Pen,Crò nan Gobhar,The Goat Pen,Misc tunes,NA,NA,NA,publicdomain,0.0,0,0,2,1,1,0,33,168,5.090909090909091,False,2.4706022934216034,0.988095238095238,0.9325396825396826
QmSGL3az2vtdz6jN2NLstDfW6kPo2BpRtbA53qunBawYHx,The Goat's Song (air) 0480,NA,The Goat's Song,Misc tunes,Unattributedmoderate,NA,NA,publicdomain,0.0,0,0,1,1,1,0,36,208,5.777777777777778,False,2.5747978271700136,0.9903846153846154,0.9383680555555556
QmVyjMhgpMfqDnqtPGsy8BuW67V8TzQUmJpbLSWL2TW6ka,The Gobby O. TWC.189,NA,The Gobby O,Misc tunes,NA,NA,NA,publicdomain,0.0,0,0,1,1,1,0,16,71,4.4375,False,2.8060150548073635,0.943661971830986,0.9201388888888888
QmUrHXUQxaHDxducgg441T3y9QDJkpRNjTjxNsH6CiKe92,The Gobby-O (jig) 0844,NA,The Gobby O,Misc tunes,after Chief F. O'Neill,NA,NA,publicdomain,0.0,0,0,3,1,1,0,38,182,4.789473684210527,False,2.6783567123988044,0.989010989010989,0.9400252525252524
QmbfFwabze9T132wPyJrb14qcHTUwJ3ZeDswLyuYYrLSvn,The goblin,From Album for the Young,The goblin,Ferry,Gerard Farré,NA,NA,cc-zero,0.0,0,8,221,2,1,0,28,563,20.107142857142858,False,3.118308349490266,0.9253996447602132,0.9382716049382716
QmSk7EMPrTHMqb4KzPw2vzpUW6XiWGi73fsgC3MXMRqmjV,The God of Abraham Praise,NA,The god of abraham praise,John Stainer,NA,classical,NA,publicdomain,0.0,0,2,63,0,2,0-0,20,198,9.9,True,2.913929901913318,0.9444444444444444,0.9479166666666666
QmUFanM4MPtt84aNa6iAaoisBfkJYkSvJB4mWD5jnVDom6,The God Of Abraham Praise,NA,NA,NA,Daniel ben Judah,NA,piano-hymns-sacredmusic-hebrewmelodies,cc-zero,4.56,4,6,567,1,1,0,18,212,11.77777777777778,False,2.912850952249858,0.9433962264150944,0.9730392156862744
QmUUABvA7rMXtZrsm6iQKLfuASyJngF7APdFSUvQcsf1r4,The God who led His people through the parted sea - B. D. Ackley,NA,The God who led His people through the parted sea,B. D. Ackley,NA,classical,NA,publicdomain,0.0,0,0,114,2,1,0,18,382,21.22222222222222,False,2.51787338387327,0.9895287958115184,0.9301470588235294
QmPoXAgi28FQ8PphExkmCLPfR3CX5uV26vT6AUQXaEFM4u,The Goddesses,NA,GODDESSES,Misc tunes,NA,NA,NA,publicdomain,0.0,0,0,0,1,1,0,8,38,4.75,False,2.408395428260044,1.0,0.9739583333333334
QmecxUSuAn6NM7QZZWo2Q66nALppbewP2xjiSgRsmp4qyG,The Goddesses,NA,GODDESSES,Misc tunes,NA,NA,NA,publicdomain,0.0,0,0,5,1,1,0,64,288,4.5,False,2.7390462707932293,1.0,0.9440104166666666
QmTfCzuJfch3Q55pyYWWWa9Qpw1M9JsTxA6UkgizCVwS68,the Goddesses,NA,GODDESSES,Misc tunes,NA,NA,NA,publicdomain,0.0,0,0,1,1,1,0,9,42,4.666666666666667,False,2.4687780269707806,0.9285714285714286,0.9583333333333334
QmWTujtmqWXwR8npobCHMkyULxMwj7kTbbSfQ4xeNjCzHM,The Goddesses. (p)1651.PLFD1.029,NA,GODDESSES,Misc tunes,NA,NA,NA,publicdomain,0.0,0,0,1,1,1,0,16,66,4.125,False,2.40216837996722,1.0,0.9830729166666666
QmSdHqsHJD491auyaajpyJotZqSxiRFsmPYZiiDZrtRj43,The Gol-ding the Tune of a new Theater Song.,NA,The Gol-ding the Tune of a new Theater Song.,Misc tunes,NA,NA,NA,publicdomain,0.0,0,0,1,1,1,0,22,70,3.1818181818181817,False,2.8034112248427334,0.9428571428571428,0.934375
QmRVWVBdkrQkvFifDgQ89YVJMKL25yUAAdw5hdegoxG2Te,The Gold Ring,NA,The Gold Ring,Misc tunes,Joe Buchanan's Scottish Tome - Page 259.2,NA,NA,publicdomain,0.0,0,0,1,1,1,0,315,1578,5.0095238095238095,False,2.682837118388252,0.9619771863117872,0.9541666666666668
QmX7dGBCCb6sYJJ29HKtXaHQKuGKRhyFx4hSN2VBymPtca,The gold ring,NA,The Gold Ring,Misc tunes,anon.,NA,NA,publicdomain,0.0,0,0,1,1,1,0,269,1319,4.903345724907063,False,2.680773897146787,0.962092494313874,0.9515423572744016
QmXY5vwJehYQQ83DRjBKwDoZLZQLgoYa6FqNizjidxy1Yz,the Gold Ring,Fa\'inne O\'ir Ortthe old Gold Ring,The Gold Ring,Misc tunes,NA,NA,NA,publicdomain,0.0,0,0,1,1,1,0,72,380,5.277777777777778,False,2.355559364091294,1.0,0.9874131944444444
QmWJcApzQYmUaBD3aaFTx8fjqVNPXEkNrCRVgNnwGJYepq,The Golden Fleece,NA,The Golden Fleece,Misc tunes,NA,NA,NA,publicdomain,0.0,0,0,4,1,1,0,15,74,4.933333333333334,False,2.903574428482801,0.945945945945946,0.9226190476190476
QmaBrGf2bAjpRPhNxyjDjx1MvDQj7tAkM2B5DdWdvn8Xbf,The Golden Glove,NA,The Golden Glove,Misc tunes,NA,NA,NA,publicdomain,0.0,0,0,3,1,1,0,9,49,5.444444444444445,False,2.723919221834707,1.0,0.953125
QmVn2qp39vM5sXu7xy3VPqTpTGK16H2wYSoGdgVmZctybk,The Golden Glove,NA,The Golden Glove,Misc tunes,NA,NA,NA,publicdomain,0.0,0,0,8,1,1,0,17,53,3.117647058823529,False,2.456814406660169,1.0,0.97265625
QmeABYsR8fx2zcCzN9HEYAzZBf1joRmYfy9KLhZViQ1nep,The golden light of Easter day - Florence Williams Falconer,NA,The golden light of Easter day,Florence Williams Falconer,NA,classical,NA,publicdomain,0.0,0,0,7,2,1,0,23,321,13.956521739130435,False,2.819689266078829,0.9813084112149532,0.9631410256410255
QmTK1ukn4N8MYdW3GhQfUsXiPZ5nNiCvrqXqbNezFh5xWy,The Golden Rule,NA,The Golden Rule,Misc Traditional,Worship in Song,folk,NA,publicdomain,0.0,0,0,57,0,3,0-0-0,12,72,6.0,False,2.2535532089563515,1.0,0.9467592592592592
Qmdf5d2PCNQva26Dcb46K19DdZdgJ3imxNsbAXCpXwctEo,The golden spires are gleaming - A. T. Gorham,NA,The golden spires are gleaming,A. T. Gorham,NA,classical,NA,publicdomain,0.0,0,0,4,1,1,0,25,353,14.12,False,2.529834719732696,0.9943019943019944,0.9513888888888888
QmQeQPTiEdKmi7PZrgGMhizux2swsT7BZRcNnwxwsFAHtg,The Golden Vanity,NA,The Golden Vanity,Misc tunes,NA,NA,NA,publicdomain,0.0,0,0,38,1,1,0,17,85,5.0,False,2.625650041995652,0.9882352941176472,0.9453125
Qmf2ErmHJ5VfCG71g53jrzNagQG7ShNbhhe4rrJHyNhihN,The Golden Vanity,NA,The Golden Vanity,Misc tunes,NA,NA,NA,publicdomain,0.0,0,0,57,1,1,0,21,68,3.238095238095238,True,2.668858729735532,1.0,0.8888888888888888
QmTiv3TjNKPvb6G8z66WNRhtUNSpbAvUaitNJLJcwfdTUc,The Goldfinch (reel) 1280,NA,The Goldfinch,Misc tunes,after Mr. O'Reilly,NA,NA,publicdomain,0.0,0,0,9,1,1,0,19,116,6.105263157894737,False,2.5026171263080954,0.9913793103448276,0.96875
QmaWED8vsA1FAbtxmnGCMy9BuVo3tGai8ZabZN5eLgvsVd,The Good Old Way,NA,The Good Old Way,Misc tunes,NA,NA,NA,publicdomain,0.0,0,0,10,0,3,0-0-0,20,229,11.45,False,2.354271583861746,1.0,0.9635416666666666
QmZR2U1SZ9eimV8aK1W5ACRmqPQimpKHovwegx4ZTw5tMU,The Good Ship Kangaroo,NA,The Good Ship Kangaroo,Misc tunes,NA,NA,NA,publicdomain,0.0,0,0,12,1,1,0,32,200,6.25,False,2.660424638672632,1.0,0.961925287356322
QmcTxSkhyi1Rb7XGPo5CGR5VJ6sfQ76nhVzpj1wCa5D1bo,The Goodbey O. JBut.641,Gobby Oaka. JBut.641 The,The Goodbey O. JBut.641,Misc tunes,'A Quick Step',NA,NA,publicdomain,0.0,0,0,1,1,1,0,36,170,4.722222222222222,False,2.685234597068847,1.0,0.9510869565217392
Qmak75J5w8nHJv8LgnKDBMaP2a3McCDcMPqa5iSq1nqcyb,The Goodnatured Man (hornpipe) 1620,NA,The Goodnatured Man,Misc tunes,Unattributed,NA,NA,publicdomain,0.0,0,0,1,1,1,0,38,228,6.0,False,2.69348358892082,1.0,0.9178921568627452
QmPRHkPEdnDQtR8nz5QagntgrfrTHWwChH1KNFBSn9nxgL,The Gooseberry Bush (reel) 1252,NA,The Gooseberry Bush,Misc tunes,after Mr. Edward Dennis Cronin,NA,NA,publicdomain,0.0,0,0,4,1,1,0,28,180,6.428571428571429,False,2.8023035304235675,0.9944444444444444,0.9730902777777778
Qmd925BLtkYhzKEi3n2ZaVjEiRdp4DenTDRKw1fVkfozeL,the Gooseberry Bush or Epping Forest,NA,The Gooseberry Bush,Misc tunes,NA,NA,NA,publicdomain,0.0,0,0,2,1,1,0,30,226,7.533333333333333,False,2.505725501169956,0.991150442477876,0.8827160493827161
QmbM7381fmoFpFVX57jDT1SuTcrWt9edxoh9r6Y6uv7V7K,The Gosford Beach - Luxton,NA,The Gosford Beach - Luxton,Misc tunes,Taken down from Roger Luxton by H.Fl.S.,NA,NA,publicdomain,0.0,0,0,2,1,1,0,34,161,4.735294117647059,False,2.740856032608937,0.9875776397515528,0.931640625
QmXnH9Q8buNayUEJC8mfstWKWqQDNqd9GX6KU8wScjWLvZ,The gospel ark is builded,NA,The gospel ark is builded,Misc Traditional,NA,folk,NA,publicdomain,0.0,0,0,3,1,1,0,17,216,12.705882352941176,False,2.65681652485711,0.9814814814814816,0.9622395833333334
QmSQ68aekgJV5CmS8MTrYLuMtdEoVFynisJY4cY7XQhqtb,The gospel ship is coming - A. M. Ball,NA,The gospel ship is coming,A. M. Ball,NA,classical,NA,publicdomain,0.0,0,0,6,1,1,0,20,213,10.65,False,2.331300228216306,1.0,0.9583333333333334
QmX1PiPNWAjs95BYHeEECxmGsfiHhoMEg1Z3SKxnuBp3Jx,The gospel ship is sailing sailing sailing (51133),NA,The gospel ship is sailing sailing sailing (51133),Misc Traditional,NA,folk,NA,publicdomain,0.0,0,0,12,1,1,0,25,285,11.4,False,2.493657360753187,1.0,0.953125
QmZvfaevwM4ewV6XphhCTnFkuF1CxqQerJBJsw7JJ54Ucb,The gospel trump is sounding - D. B. Towner,NA,The gospel trump is sounding,D. B. Towner,NA,classical,NA,publicdomain,0.0,0,0,8,1,1,0,20,198,9.9,False,2.639418245745241,0.9949494949494948,0.9557291666666666
QmTckBNnpgTUQw3Hy6QL1BcnxLeF5gLuuMLbNvqT7vJfDS,The gospel trumpet sounds (Main) - Hubert P. Main,NA,The gospel trumpet sounds (Main),Hubert P. Main,NA,classical,NA,publicdomain,0.0,0,0,4,1,1,0,18,197,10.944444444444445,False,3.034285891458852,0.9289340101522844,0.953125
QmNdNydCXxzUSExeVvQqHXgYqNVgK4Jz2mdDPra95ZVXK7,The gospel word so freely given - Jno. R. Sweney,NA,The gospel word so freely given,John R. Sweney,NA,classical,NA,publicdomain,0.0,0,0,2,1,1,0,19,316,16.63157894736842,False,2.5833114279534266,0.981012658227848,0.8993055555555556
QmYCbyLCUzkXPpzDUh8AbTDoui88XF9mv76bt6FMniKpP1,the Gossips Frolick,NA,The Gossips Frolick,Misc tunes,NA,NA,NA,publicdomain,0.0,0,0,1,1,1,0,13,55,4.230769230769231,False,2.616430170264392,1.0,0.9652777777777778
QmdcwCWhFsiRevp5txyNAAzCDG27JmNBuNk2V7GDwex27Q,The Gothenburg City Pipeband,NA,The Gothenburg City Pipeband,Misc tunes,NA,NA,NA,publicdomain,0.0,0,0,3,1,1,0,33,340,10.303030303030305,False,2.636713499595229,1.0,0.9420572916666666
QmVki2E5G1oDnHS2xb6JnCFJe69K6Jq1PaT1CdRCkkeuxa,The grace of our Lord Jesus Christ and the love of God - Robert Lowry,NA,The grace of our Lord Jesus Christ and the love of God,Robert Lowry,NA,classical,NA,publicdomain,0.0,0,1,6,1,1,0,9,152,16.88888888888889,False,2.833729536706681,0.9736842105263158,0.8932291666666666
QmeRrM6E17g2ZbrJAMYYxZmKkQyq9s6E3SohjNu9NGeSCN,the Grand Old Duke of York,NA,The Grand Old Duke of York,Misc tunes,NA,NA,NA,publicdomain,4.49,3,3,119,1,1,0,20,62,3.1,True,2.305779674074557,1.0,0.9244791666666666
QmU89MYYoNErM9NJSpubNumvLGL9HZJEgKLuJnqsB1Rxzw,The Grand Summum Bonum's a bumper of Wine. Roose.0570,NA,The Grand Summum Bonum's a bumper of Wine. Roose.0570,Misc tunes,NA,NA,NA,publicdomain,0.0,0,0,1,1,1,0,89,401,4.50561797752809,False,2.763453265841967,0.9775561097256856,0.9456380208333334
Qmci8QpB1qV4uDfZVpc3NbAUAUdy4EVezFUS1QZTCFCrXQ,The Grant's Rant,NA,The Grant's Rant,Misc tunes,NA,NA,NA,publicdomain,0.0,0,0,2,0,2,0-0,20,206,10.3,False,2.375967618018016,1.0,0.9205729166666666
QmWgL5PJpzh3odebMEwx7kUcLAFcox7VmygDq2Kg6F3ioE,The Grassy Green Pillow (air) 0463,NA,The Grassy Green Pillow,Misc tunes,after Sg't. J. O'Neillmoderate,NA,NA,publicdomain,0.0,0,0,3,1,1,0,18,110,6.111111111111111,False,2.810190805437323,0.9727272727272728,0.9180555555555556
QmUVmRE61BnzJv4DSU6X4MTFUQqCMHvf3pbLDqkjQxKF3A,The Grave Of Wolfe Tone (air) 0456,NA,The Grave of Wolfe Tone,Misc tunes,after Sg't. J. O'Neillplaintive,NA,NA,publicdomain,0.0,0,0,2,1,1,0,17,50,2.9411764705882355,False,2.415909260702745,1.0,0.9635416666666666
QmbQvvG3sXj4MKXQPKo6ViFX3xjPqd3YEFQSWuSPLC3pdF,The Great Chief of Ormidale,NA,The Great Chief of Ormidale,Misc tunes,Joe Buchanan's Scottish Tome - Page 383.0,NA,NA,publicdomain,0.0,0,0,2,1,1,0,69,414,6.0,False,2.569208270541825,1.0,0.8932291666666666
QmbkaVa2u97JP4NFZN5JDuMMi7ZCLkAkE6bxxHPZ1nypEf,The Great Deku Tree,Legend of Zelda: Ocarina of Time,The Great Deku Tree,Koji Kondo,arranged by Charles Middlebrooke,soundtrack,legendofzelda-arrangement,cc-zero,0.0,0,1,149,1,1,0,16,122,7.625,False,2.8453710030698742,0.819672131147541,0.9427083333333334
QmTMmGL7vNAbte8CKt95bmiVQ2zBYF9hTWpYLfsBm73Jwc,The Great Exhibition,NA,The Great Exhibition,Misc tunes,NA,NA,NA,publicdomain,0.0,0,0,2,1,1,0,84,591,7.035714285714286,False,2.7860612871648334,0.9898477157360406,0.9454495614035088
QmcYdBwjW9jvwXgQ651aDqqvVPDaNNf2VHqGCTvZNLhJVc,The great pretender,NA,the great pretender,The Platters,Buck Ram,pop,NA,cc-zero,4.75,37,152,5116,1,1,0,107,978,9.14018691588785,False,3.237687032522194,0.7730061349693251,0.909375
Qmb1FDu8BpXL6NzjxUvdwTr1W4VCoUGk7ChVPSiXCKTUjt,The Great Silkie Of Sule Skerry,NA,The Great Silkie Of Sule Skerry,Misc tunes,NA,NA,NA,publicdomain,0.0,0,0,9,1,1,0,10,35,3.5,False,2.532975433994199,1.0,0.8690476190476191
QmTsJBSnq1i63qJxazKrYmyt71TFeN7Wpkx32oP9QotMZW,The Great Silkie Of Sule Skerry,NA,The Great Silkie Of Sule Skerry,Misc tunes,NA,NA,NA,publicdomain,0.0,0,1,129,1,1,0,17,37,2.176470588235294,False,2.6508509196722354,1.0,0.9223484848484848
QmVQLmmYF8WYTCaxDG4S83rBmR4QdKevCZcadXPCUtZac6,The Great Silkie Of Sule Skerry,NA,The Great Silkie Of Sule Skerry,Misc tunes,NA,NA,NA,publicdomain,0.0,0,0,19,1,1,0,16,40,2.5,False,2.5139337210173207,1.0,0.9464285714285714
QmNzudp6BYoZzZqS2KZP4uVYyNspGSFJeNjsCpvLmSxCT9,The greatest thing on earth below - James McGranahan,NA,The greatest thing on earth below,James McGranahan,NA,classical,NA,publicdomain,0.0,0,0,4,2,1,0,30,366,12.2,False,2.7389258302691792,0.9726775956284152,0.8993055555555556
QmcZm7A1gMaLsDy7WJ4wii6unL3r5t9qYLVwtp57fWmjfT,The Green Cockade,O'Neill's March,The Green Cockade,Misc tunes,NA,NA,NA,publicdomain,0.0,0,0,12,1,1,0,64,348,5.4375,False,2.506339524333417,1.0,0.888671875
QmPJfr2Ht1qgqqCRWLZuqKGpk7zAjppN87ZFsk6GsoJJKd,The Green Fields Of America,NA,The Green Fields Of America,Misc tunes,NA,NA,NA,publicdomain,0.0,0,0,2,1,1,0,56,400,7.142857142857143,False,2.593915802669392,1.0,0.9486607142857144
QmSRCjBAusFbwMrsCQ1qUDpBV6yjZqw7vezNC6iVHzc9Fd,The Green Fields of America,Molly BranniganPretty Molly BranniganPurty Molly Brannigan,The Green Fields Of America,Misc tunes,NA,NA,NA,publicdomain,0.0,0,0,9,1,1,0,64,453,7.078125,False,2.6847880076696984,1.0,0.9641927083333334
QmSgdYDxyYed8yNKznhXfPLLzmQg75HWa297igVQFA9zn3,The Green Fields of Glentown,NA,The Green Fields Of Glentown,Misc tunes,NA,NA,NA,publicdomain,0.0,0,0,9,1,1,0,72,517,7.180555555555555,False,2.347787646413108,1.0,0.9675925925925926
QmV5PVfWtPYeVqULHR96dCU4waffmhNQnShXgV6Wt52NQG,The Green Fields Of Glentown,NA,The Green Fields Of Glentown,Misc tunes,NA,NA,NA,publicdomain,0.0,0,1,2,1,1,0,48,334,6.958333333333333,False,2.405245259151904,1.0,0.96875
QmUJrqrgF7jxfoQ4nS6SasD1jEbY1BVZcwD7sUeAY8ZoyG,The Green Flag (hornpipe) 1650,NA,The Green Flag,Misc tunes,after Chief O'Neill,NA,NA,publicdomain,0.0,0,0,1,1,1,0,38,242,6.368421052631579,False,2.639287467713669,0.9917355371900828,0.966540404040404
QmVzdJCqhdaCjMD3mokGaVuEVLXWudduCrLUaMd3PAXqCG,The Green Flag Flying (march) 1804,NA,The Green Flag is Flying,Misc tunes,after Chief F. O'Neill,NA,NA,publicdomain,0.0,0,0,3,1,1,0,38,188,4.947368421052632,False,2.635325848975843,1.0,0.9191176470588236
QmSUEe89k4EJKdH79Yt4NKZW4CyWVkJ5WnKQQQmM7M9NBK,The Green Flag is Flying,NA,The Green Flag is Flying,Misc tunes,NA,NA,NA,publicdomain,0.0,0,0,2,1,1,0,36,204,5.666666666666667,False,2.6482085930752883,1.0,0.9635416666666666
QmYxmMbKRzQgbWXqG6PruLwgjCzJXdjivB8UNBwoSHPCc5,The Green Flag is Flying -- Reel,NA,The Green Flag is Flying,Misc tunes,NA,NA,NA,publicdomain,0.0,0,0,7,1,1,0,36,204,5.666666666666667,False,2.6482085930752883,1.0,0.91796875
QmYBr35PRrXTGGqq8Xz4NVBMQh4KyLpADenpa6GJj9gmKY,The Green Garters,NA,Bonny Green Garters,Misc Traditional,NA,folk,NA,publicdomain,0.0,0,0,2,1,1,0,20,100,5.0,False,2.646104760789284,1.0,0.8697916666666666
QmeenjaaeJz7PVCwQ9b8zmmKWqhXScAqGtaXPncjAS6BEc,The Green Gates,Trealock LauderRedican's MotherThe Barony Jig,The Green Gates,Misc tunes,NA,NA,NA,publicdomain,0.0,0,2,32,1,1,0,32,258,8.0625,False,2.167103771938564,1.0,0.962962962962963
QmeTmqDDJmQcD53CGv2tLFXZT5CPS5d8p4d3fxXgAJViVL,The Green Gowned Lass,NA,NA,NA,NA,NA,NA,publicdomain,0.0,0,2,139,0,1,0,33,236,7.151515151515151,False,2.306504326658611,1.0,0.9609375
Qmcn6dEe6U4X3gVK8EGTDAZNQ85BTgvHyMMeejV2xdY79j,The Green Groves of Erin,NA,The Green Groves Of Erin,Misc tunes,NA,NA,NA,publicdomain,0.0,0,0,2,1,1,0,32,244,7.625,False,2.615878985321673,1.0,0.9798177083333334
QmSka4zsvYpPFhxqghqKVC5b1oyYC5Yh3W9f31JC6EHS4T,The Green Groves Of Erin,NA,The Green Groves Of Erin,Misc tunes,NA,NA,NA,publicdomain,0.0,0,0,2,1,1,0,16,129,8.0625,False,2.6925763446061586,0.9844961240310076,0.9388020833333334
QmVkdEV1d73XhSuSV5Gzt6Ns5Vk2fZZMtbRTpT3QH1RPjq,The Green Groves Of Erin,NA,The Green Groves Of Erin,Misc tunes,NA,NA,NA,publicdomain,0.0,0,0,2,1,1,0,32,260,8.125,False,2.60888441526452,1.0,0.939453125
QmaMnGe7513gRh8AZH27zN9wCKYr9FBJJLyMcuk4F5fddY,The Green Groves Of Erin (reel) 1429,NA,The Green Groves Of Erin,Misc tunes,after Chief F. O'Neill,NA,NA,publicdomain,0.0,0,0,5,1,1,0,17,133,7.823529411764706,False,2.728247541043612,0.9774436090225564,0.9401041666666666
QmSNvk4myxwUn6sKN9edVSPHYtLcS1ZFaWPn2Q7upk8asW,The Green Island,NA,The Green Island,Misc tunes,NA,NA,NA,publicdomain,0.0,0,0,8,1,1,0,2,14,7.0,False,2.6455933144511468,1.0,0.9583333333333334
QmX3m4kCpe4fMR6Yttaot61R5972L9dWPHXaxGKetXtVGC,The Green Island (hornpipe) 1774,NA,The Green Island,Misc tunes,Unattributed,NA,NA,publicdomain,0.0,0,0,6,1,1,0,38,244,6.421052631578948,False,2.7981183093960675,0.9918032786885246,0.9753787878787878
QmayL9HTmX99C58AMtVUpY5QrASoPR3be4kiVAQxgT9FPM,The Green Jacket (reel) 1490,NA,The Green Jacket,Misc tunes,after Mr. Cronin,NA,NA,publicdomain,0.0,0,0,2,1,1,0,17,131,7.705882352941177,False,2.5476149229810687,0.9923664122137404,0.9140625
QmNR1kWS16uZ4XitPM6NgpCMK4wxtBE2nYtktrLNL7cNRL,The Green leaves were us between,NA,The Green leaves were us between,Misc tunes,NA,NA,NA,publicdomain,0.0,0,0,1,1,1,0,9,42,4.666666666666667,False,2.662669734347946,1.0,0.8958333333333334
QmeRFPkrasXrp15dzywqtkorFEAqC1gqCEciV4aoQ8UVpX,The Green Meadow (jig) 1062,NA,The Green Meadow,Misc tunes,after Mr. O'Reilly,NA,NA,publicdomain,0.0,0,0,3,1,1,0,38,194,5.105263157894737,False,2.6406699688062383,0.9896907216494846,0.9816666666666668
QmTCvwNVMeWtMeLsmsfGupVUuL578Rfy3yx2R4K9o7LXbA,The Green Mountain (reel) 1205,NA,The Green Mountain,Misc tunes,after Mr. McFadden,NA,NA,publicdomain,0.0,0,0,4,1,1,0,19,138,7.263157894736842,False,2.684595328184347,0.9927536231884058,0.9674479166666666
Qmdj7q6FrbxLmdTnjVtGY9J2fKu3GQqHRSdGT8dDcUmwsj,The Green Woods Of Truigha (air) 0276,NA,The Green Woods of Truigha,Misc tunes,Unattributedslow,NA,NA,publicdomain,0.0,0,0,6,1,1,0,18,89,4.944444444444445,False,2.669342510017373,1.0,0.8731060606060606
QmSc6qWiTbVhBYFvicS8p6WyMwsamFUjDdLFunm6V2RwdB,The Greencastle Hornpipe.,crannciuil caislean-glais.,The Greencastle hornpipe,Misc tunes,NA,NA,NA,publicdomain,0.0,0,0,8,1,1,0,45,303,6.733333333333333,False,2.620390115639584,1.0,0.9489583333333332
QmPVXDoqUqnsmJJV5VEQTTRUp9MTiK6ruP61dfwJgsn7Wr,The Greenitch Farr. JBut.953,Greenwich Fair. JBut.953 The,The Greenitch Farr. JBut.953,Misc tunes,NA,NA,NA,publicdomain,0.0,0,0,2,1,1,0,24,102,4.25,False,2.6836902186256943,1.0,0.9166666666666666
QmfUdmaiLXTZ8r1UwUnHL5r9BF1MQ1S8TRDxzn7yhxGTgM,The Greenland Man's Tune,NA,da Greenland Mans Tune,Misc tunes,NA,NA,NA,publicdomain,0.0,0,0,2,1,1,0,19,123,6.473684210526316,False,2.853418559101988,0.967479674796748,0.90234375
QmPGPMaN6jGgBV36TSNSJ33jS59aZb9bb7C9navmegmjyK,The Greenwood Tree,NA,Under the Greenwood Tree,Misc tunes,NA,NA,NA,publicdomain,0.0,0,0,7,1,1,0,35,124,3.5428571428571427,False,2.709952275120458,1.0,0.9305555555555556
QmNYb1VkB7nPcv9acneNRGbovvGnhzhny1Wcw9iAEuCkVG,The Greenwood Tree,NA,Under the Greenwood Tree,Misc tunes,W-3,NA,NA,publicdomain,0.0,0,0,4,1,1,0,35,106,3.0285714285714285,False,2.6853885495373144,1.0,0.9270833333333334
QmR2XqS48NtPnRFGkkViwpJKKAwZpz3YLxC9FqsMcp7UcW,The Grey Daylight (reel) 1372,NA,The Grey Daylight,Misc tunes,after Mr. McNamara,NA,NA,publicdomain,0.0,0,0,1,1,1,0,32,250,7.8125,False,2.7388626758230994,0.992,0.9486111111111112
QmSBpgH3Yj9r8Sf6yUen1Zy9CQpw346iioG8KrN3zgUtWA,The Grey Plover (reel) 1544,NA,The grey plover,Misc tunes,after Mr. Carey,NA,NA,publicdomain,0.0,0,0,3,1,1,0,17,114,6.705882352941177,False,2.6513381242974354,0.9912280701754386,0.9375
QmPUC5inTH7P5EMAwJoomJpyQKyngCyASfrvgHXc1qGf25,The Grinders. RH.416,Our Bride is No Maidaka. RH.416Hexhamshire Lassaka. RH.416,The Grinders. RH.416,Misc tunes,NA,NA,NA,publicdomain,0.0,0,0,3,1,1,0,16,126,7.875,False,2.5725856409330445,1.0,0.9513888888888888
Qmd6qHnQsr8sQmbfAmWWAgHbszR2YrAZdQJmjGQoroH8Bu,The Groves Hornpipe,NA,Groves Hornpipe,Misc tunes,NA,NA,NA,publicdomain,0.0,0,0,8,1,1,0,180,1166,6.477777777777778,False,2.933790877903926,0.9468267581475128,0.959375
QmYLAnji13Kvu4wD3DezHRt31fnRf8KApFJchEEbadPTV7,The Groves Hornpipe,NA,Groves Hornpipe,Misc tunes,NA,NA,NA,publicdomain,0.0,0,0,0,1,1,0,180,1277,7.094444444444444,False,2.814950148579072,0.9843382928739232,0.9438802083333332
QmXc8xDQPUu7wzV7LxqfeKaUe8eQMiY5tfPvEq2jDtFzgj,The Groves of Blackpool (air) 0021,NA,The Groves Of Blackpool,Misc tunes,after Chief F. O'Neillmoderate,NA,NA,publicdomain,0.0,0,0,5,1,1,0,18,74,4.111111111111111,False,2.8584627291172247,0.9594594594594594,0.8958333333333334
QmNuwn4zf9w1StbtTtJMo49RDnEdJ7C7k5cUG6MMXPgg4j,The Groves Of Dromore (air) 0358,NA,The Groves of Dromore,Misc tunes,after Sg't. J. O'Neilltenderly,NA,NA,publicdomain,0.0,0,0,4,1,1,0,26,98,3.769230769230769,False,2.81831423734874,0.9591836734693876,0.925925925925926
QmSiWw6gCizhKX8bV8SJAPMjbo4ogqEqh8YZXbsv31SH9d,The Growling Old Man and the Cackling Old Lady,Le bonhomme et la bonne femme chicaneux,The Growling Old Man and the Cackling Old Lady,Misc tunes,NA,NA,NA,publicdomain,0.0,0,0,6,1,1,0,16,118,7.375,False,2.8629379524075453,0.9576271186440678,0.9713541666666666
QmdMr9VM4MXoi4ZzKUN4embcuh2T3opNFT18SuMY2Zt37b,The Grumbling Old Man and Woman,Growling Old Man and the Cackling Old Lady TheLe bonhomme et la bonne femme chicaneuxGrowling Old Man and Grumbling Old WomanLa Chicaneuse,The Grumbling Old Man And Woman,Misc tunes,NA,NA,NA,publicdomain,0.0,0,0,6,1,1,0,47,300,6.382978723404255,False,2.9071025472684666,0.95,0.978125
Qme8u2nNsH9vbi5FDTXmFXN6CDWGRbJwxCiH3yAjTtAFSP,The Grumbling Rustic (jig) 0809,NA,The Grumbling Rustic,Misc tunes,after Chief F. O'Neill.,NA,NA,publicdomain,0.0,0,0,1,1,1,0,38,180,4.7368421052631575,False,2.645250195597969,0.9888888888888888,0.9539141414141414
QmSofHPhNfume4zvDBaJA8Xiykn572oJiWxbAhkitYvX6P,The Grumpy Sailor,NA,The Grumpy Sailor,itzparadoxer,K. S.,NA,NA,cc-zero,0.0,0,3,58,2,1,0,48,399,8.3125,False,2.7315390487831817,0.9093198992443324,0.9710648148148148
QmPT6PxwX1XaKEvckeF5RGREEwFGiyqQw29ecanwE2NbWo,The Guardian Angel,Tune: SONG 67 (CM),guardian angel,John McLaughlin,Melody: Orlando Gibbons (+1625),NA,hymn-guardianangel-newman,publicdomain,0.0,0,3,6231,1,1,0,18,236,13.11111111111111,False,2.728810094831886,0.9915254237288136,0.978515625
QmWFbccVrr8yGVpmhGnj5w3bbA5mMSBh7BA1tRxGzLnniG,The Gued Man of Ballangigh,to the tune of Hunt the Squirrel,The Gued Man of Ballangigh,Misc tunes,NA,NA,NA,publicdomain,0.0,0,0,2,1,1,0,32,122,3.8125,False,2.5823422650076022,1.0,0.9105902777777778
QmStSq98d2VPKT1EoERR2vYaUJtFKpDZ6VzHpHfTwhympe,The Hag With No Money,NA,The Hag With The Money,Misc tunes,NA,NA,NA,publicdomain,0.0,0,0,4,1,1,0,40,209,5.225,False,2.340730909002458,1.0,0.9513888888888888
QmPkAorLfNoVpw1GGnghPysiRVxmvazAWiHcT3Ma4HSTkU,The Hag with the Money,Cailleach an Airgid,The Hag With The Money,Misc tunes,NA,NA,NA,publicdomain,0.0,0,1,7,1,1,0,32,172,5.375,False,2.7216287281460168,0.9302325581395348,0.9592013888888888
QmeGZHhxL7FpoYfAWqbAnqds9kfjRN6gw2RcSQGB2oDKHe,The Hag With The Money (jig) 0721,NA,The Hag With The Money,Misc tunes,after Mr. McFadden,NA,NA,publicdomain,0.0,0,0,8,1,1,0,34,194,5.705882352941177,False,2.778265367738574,0.9896907216494846,0.9558080808080808
QmWbEPEke69sGz4DTF119EC2buVQji8rdGkAgsuSr1j9hv,The Hair In The Corn. JBut.441,Hare In The Corn. JBut.441 The,The Hair In The Corn. JBut.441,Misc tunes,NA,NA,NA,publicdomain,0.0,0,0,3,1,1,0,36,188,5.222222222222222,False,2.750621336771561,1.0,0.9809027777777778
QmW2mHrryrBUAYEijAJP4xvPZHSAsafjpwwMEGTpTgqHA9,The Hairy Chested Frog,NA,The Hairy Chested Frog,Misc tunes,NA,NA,NA,publicdomain,0.0,0,0,1,1,1,0,16,118,7.375,False,2.5731594818922217,1.0,0.9661458333333334
QmTMxZpaV3jbEnbZJJ8qJTXf2sX6qzfchA32CYTW7UYwzj,The Hairy Chested Frog,NA,The Hairy Chested Frog,Misc tunes,NA,NA,NA,publicdomain,0.0,0,0,1,1,1,0,24,174,7.25,False,2.4756095865743983,1.0,0.9652777777777778
QmQKbcRuVNzTGRN5B2Nj91iHMSPGZTjcuS8nKMS2QbyVF1,The half has never been told - C. E. Leslie,NA,The half has never been told,C. E. Leslie,NA,classical,NA,publicdomain,0.0,0,0,19,1,1,0,27,375,13.88888888888889,False,2.519114211825107,0.9893333333333332,0.8981481481481481
QmTCJThBS4Tm8snzUY9WAuxaH92XRDwjdXpTgoaWY4dDSZ,The Halfway House (hornpipe) 1569,NA,The Halfway House,Misc tunes,Unattributed,NA,NA,publicdomain,0.0,0,0,1,1,1,0,38,256,6.7368421052631575,False,2.731745410301548,0.9921875,0.9678030303030304
QmNfNuHuDawASQYfoBGS2QBTL8hJDZQHvvjNLzud4Vxdtz,The Halfway House.,tea.c an mea.don-.bo.tair.,The Halfway House,Misc tunes,NA,NA,NA,publicdomain,0.0,0,0,2,1,1,0,43,306,7.116279069767442,False,2.6891430050761795,1.0,0.9764957264957264
QmPUVHipHjBSaabyH6fBo9RUcHgeYrwznsQPPpR8L8uacm,The Hamilton Rant,NA,The Hamilton Rant,Misc tunes,Joe Buchanan's Scottish Tome - Page 162.2,NA,NA,publicdomain,0.0,0,0,3,1,1,0,45,289,6.422222222222223,False,2.627957035568203,1.0,0.9708333333333332
QmUorur43N3ciKCEW5AQpm1nzjgfMxQz7RCTLkARY37TjQ,The Hamlet where my lover dwells,Am baile 'm beil mo leannan fein,The Hamlet where my lover dwells,Misc tunes,NA,NA,NA,publicdomain,0.0,0,0,11,1,1,0,20,126,6.3,False,2.5576780703501987,1.0,0.9205729166666666
QmePSapF7VFsKEtFNgUJT4UokMc4EcxbY8QM5a6DU5HtJq,The Hamlet where my lover dwells,Am baile 'm beil mo leannan fein,The Hamlet where my lover dwells,Misc tunes,NA,NA,NA,publicdomain,0.0,0,1,3,1,1,0,20,136,6.8,False,2.624562381831659,1.0,0.9127604166666666
QmQST1KcqJLZXJ1BscxDFfPc9gtzefrWUMvqPjVmgE96yw,The Hammersmith Flyover,NA,The Hammersmith Flyover,Misc tunes,NA,NA,NA,publicdomain,0.0,0,0,3,1,1,0,32,146,4.5625,False,2.6880220276401605,0.9726027397260274,0.9227430555555556
QmcNZENTN5k3cmQgS9RUaw9weMQAPuPaStFDVdyeXCtUx9,The Handsome Mild Young Girl,Cailín Deas Mín An,The Handsome Mild Young Girl,Misc tunes,NA,NA,NA,publicdomain,0.0,0,0,1,1,1,0,13,51,3.923076923076923,False,2.535724406985845,0.9215686274509804,0.925925925925926
QmdVHcNFowd922Hg5hyUVd23K9zeN8RVnP2XmnKaJcLthZ,The Handy Man (hornpipe) 1659,NA,The Handy Man,Misc tunes,Unattributed,NA,NA,publicdomain,0.0,0,0,6,1,1,0,38,230,6.052631578947368,False,2.7928183988848283,0.9565217391304348,0.9227941176470588
QmUs5uuyKvXEGSWzkQb6uyWzoarmXLTfjsEBKY5rVJ6SHk,The Hanged Man's Reel,NA,The Hanged Man's Reel,Misc tunes,NA,NA,NA,publicdomain,0.0,0,0,7,1,1,0,132,808,6.121212121212121,False,2.137201386230456,1.0,0.958994708994709
QmPtNy19qJXo2vEBZmMSkEytTh7juortjHnxV67bJh84eh,The Happiest day of the Year. - Steve Draper,NA,The Happiest day of the Year.,Steve Draper,S.Draper,classical,NA,publicdomain,0.0,0,3,180,0,2,0-0,58,1722,29.6896551724138,True,2.754813653428448,0.9763313609467456,0.9407327586206896
QmdBrZ5eJDrksJVWw1pA2bvM19nPSvrHJj6gcy7hw1A2wb,The Happiest One,NA,The Happiest One,deyronit19,Composer,NA,piano-happy,cc-zero,0.0,0,0,20,2,1,0,53,972,18.33962264150944,False,2.776946966133995,0.9958847736625516,0.8255718954248366
QmawzUE8M5PMaT5XmFX71kfvYPMEa6ifbVkN5gnyMfewGw,The Happy Bloom Of Youth,NA,The Bloom Of Youth,Misc tunes,NA,NA,NA,publicdomain,0.0,0,0,1,1,1,0,34,236,6.941176470588236,False,2.725098473313878,1.0,0.9453125
Qmf3JWANrqXZxKXQMhWsvq1Yub7Dm3vuPXYic5U7o999ML,The Happy Bloom Of Youth,NA,The Bloom Of Youth,Misc tunes,NA,NA,NA,publicdomain,0.0,0,0,9,1,1,0,16,110,6.875,False,2.5387651522550967,1.0,0.9557291666666666
QmNfvzRrKjG9uzHDHwsizNqMX5wRf2W3y9nYiCaKBnKfjk,The Happy Bloom Of Youth,NA,The Bloom Of Youth,Misc tunes,NA,NA,NA,publicdomain,0.0,0,0,3,1,1,0,34,220,6.470588235294118,False,2.675931279193957,1.0,0.90625
QmZTQ9Z1Kchtyjg6vT6fwEXkEoBG4XcHRfZUydkqjZhiGR,The Happy Captive,The Dusky Night,The Happy Captive,Misc tunes,Apted Book (Thompson 1774-1779),NA,NA,publicdomain,0.0,0,1,3,1,1,0,44,176,4.0,False,2.614855793395507,1.0,0.8527777777777777
QmS9gUQQNLzyYnMppFnCSEmnnoHuqNoZioSXUG8vdDtsnh,The Happy Days Of Youth (reel) 1311,NA,The happy days of youth,Misc tunes,after Chief F. O'Neill,NA,NA,publicdomain,0.0,0,0,6,1,1,0,23,155,6.739130434782608,False,2.701438593348592,1.0,0.9523809523809524
QmbeDbEqX6JPTMYmNkCZXeHKWC1PRXf15D9HBEymtk21mT,The Happy Home Above,NA,The Happy Home Above,Misc Traditional,NA,folk,NA,publicdomain,0.0,0,0,2,1,1,0,19,266,14.0,False,2.5785452471718244,0.9736842105263158,0.8932291666666666
QmQj14ij7YZ6dFuDCrBgbtixJjcEvFvWv5pJSRzz6fQXJk,The Happy Man,A Morris Dancers Clap-songused (& composed?) at Adderbury - Oxon,The Happy Man,Misc tunes,NA,NA,NA,publicdomain,0.0,0,0,1,0,2,0-0,40,326,8.15,True,2.5141794155103088,0.9877300613496932,0.9615384615384616
QmNTRq9RVkxTJiGLzUri2Ta7xWP8sumTpsJMPqN51MCvMX,The Happy Meeting [2]. (p)1696.PLFD1.357,NA,The Happy Meeting,Misc tunes,NA,NA,NA,publicdomain,0.0,0,0,4,1,1,0,32,150,4.6875,False,2.743015728078144,0.9866666666666668,0.9509548611111112
QmWBTMF75th9rmFwVnfTUiuRByjRyt582V2ghBbpRX9UMX,The Happy Meeting. (p)1696.PLFD1.357,NA,The Happy Meeting,Misc tunes,NA,NA,NA,publicdomain,0.0,0,0,3,1,1,0,32,150,4.6875,False,2.743015728078144,0.9866666666666668,0.9509548611111112
QmNXVSDHWo2bmQzahdFWyPk68tJ8upnuG2kZ4sdjAj6o3n,The Happy Meeting. Roose.0256,NA,The Happy Meeting,Misc tunes,NA,NA,NA,publicdomain,0.0,0,0,4,1,1,0,32,122,3.8125,False,2.5481548843568227,1.0,0.9083333333333332
QmaNg8B2e8jYUUs7xVeXBvXLhMnAHFR71TsJVj72hJ2udo,The Happy Procrastinator,NA,The Happy Procrastinator,Aaron Ferolino,Aaron Ralph F. Cruz,NA,piano-classical-short-original-composition,cc-zero,0.0,0,3,59,2,1,0,25,427,17.08,False,2.516004070454917,0.990632318501171,0.9739583333333334
QmRZ1pdgJoqvWxhda7HmjxgqxDALFW7AsAZoM12t1pMF21,The Hare Among the Heather,NA,the ROSE AMONG THE HEATHER,Misc tunes,NA,NA,NA,publicdomain,0.0,0,0,2,1,1,0,24,178,7.416666666666667,False,2.3755236560017314,1.0,0.9644097222222222
QmTrv21f4cuQxLpqEjBAwSUpvYm33ccwc2jprggzMBqUdR,the HARE AMONG THE HEATHER,NA,the ROSE AMONG THE HEATHER,Misc tunes,NA,NA,NA,publicdomain,0.0,0,0,5,1,1,0,20,154,7.7,False,2.4084981750839307,1.0,0.9614583333333332
QmVAMt267VRk62V7C8zphnATN8ZxWBCaZehfxhYCGwBG72,The Hare In The Corn,NA,The Hare In The Corn,Misc tunes,NA,NA,NA,publicdomain,0.0,0,0,2,1,1,0,4,17,4.25,False,2.565445018842856,1.0,0.9097222222222222
QmfCPc4U393hW6FY9zqgdRbDyniyU3qGkcyotst9cMgz7E,The Hare in the Corn (1st setting) (jig) 0766,NA,The Hare In The Corn,Misc tunes,Unattributed,NA,NA,publicdomain,0.0,0,0,2,1,1,0,38,214,5.631578947368421,False,2.821146218189576,0.9813084112149532,0.9299242424242424
QmaVNBT1ezfE1BPWiPrHCdZttHBma2hAygxggUK7HkwY4h,The Hare in the Corn (2nd setting) (jig) 0767,NA,The Hare In The Corn,Misc tunes,Unattributed,NA,NA,publicdomain,0.0,0,0,11,1,1,0,56,272,4.857142857142857,False,2.618987126942278,1.0,0.963425925925926
QmPkru84sKu4LJW1BSSgyai64d29zjYvCvyZkhGiXGA44B,The Hare in the Corn. No. 1.,NA,The Hare In The Corn,Misc tunes,NA,NA,NA,publicdomain,0.0,0,0,2,1,1,0,47,248,5.276595744680851,False,2.828912855905176,0.9758064516129032,0.9106182795698924
QmeZNMt63LAQh6VJVR5CXFHNABFGqVdf6HQSiYh9qq5rez,The Harmonic Convergence,NA,The Harmonic Convergence,Misc tunes,NA,NA,NA,publicdomain,0.0,0,0,3,1,1,0,42,331,7.880952380952381,False,2.6306558837632394,1.0,0.953760162601626
QmZD2kvWYZF2aA3wJr7UAQAZP6SLyUKQJGSL8Pt1nWWVhx,The Harmonica,NA,The Harmonica,Misc tunes,Joe Buchanan's Scottish Tome - Page 270.3,NA,NA,publicdomain,0.0,0,0,3,1,1,0,35,155,4.428571428571429,False,2.7399129220788776,0.9935483870967742,0.9357638888888888
QmTRLbCfDf9dc1eGFf3osgtUVDFvHYzZoHNEK1RzTVVVAg,The Harp that once through Tara's halls,NA,The Harp That Once Through Tara's Halls,Misc tunes,NA,NA,NA,publicdomain,0.0,0,1,11,1,1,0,9,57,6.333333333333333,False,2.621276874283509,1.0,0.9114583333333334
QmcgFyF8BupBaa5AtxmkD9E2qXGK4rJtGgXNBrLb3EGA87,The Harvest Home,CincinattiCorkCork TheCork TheFred WIlson's ClogHarvest HomeHarvest Homes,Harvest Home,Misc tunes,NA,NA,NA,publicdomain,0.0,0,0,13,1,1,0,69,521,7.550724637681159,False,2.575922791937772,1.0,0.951171875
QmaVSSS9GJRAzh8CHk7DUExz6BtkxRFpizAveFxwFGtqiB,The Harvest Home,NA,Harvest Home,Misc tunes,NA,NA,NA,publicdomain,0.0,0,0,3,1,1,0,36,308,8.555555555555555,False,2.337620553718791,1.0,0.8782552083333334
QmfBaLpVYA271e4J8A9PGQt16tYtaRPx5qviE8Wsuyov2b,The harvest home,NA,Harvest Home,Misc tunes,anon.,NA,NA,publicdomain,0.0,0,0,1,1,1,0,27,202,7.481481481481482,False,2.465335765835832,0.995049504950495,0.9175347222222222
QmccFubhQ3SYKAA4ExrCZYYcfX1EjDz2TMuXJYagjC4uWW,the Haunt of the Gnomes,NA,The Haunt Of The Gnomes,Misc tunes,J.S.Skinner,NA,NA,publicdomain,0.0,0,0,2,1,1,0,18,80,4.444444444444445,False,3.11749629764402,0.9,0.8958333333333334
QmRcchVoVLn39mimWQtsvd4k3pmGcE96kk6CwxKdqQ2JJ9,The Haunting Flag of Liberty (?). Le4.171,NA,The Haunting Flag of Liberty (?). Le4.171,Misc tunes,NA,NA,NA,publicdomain,0.0,0,0,3,1,1,0,18,69,3.8333333333333335,False,2.748636139071108,0.9855072463768116,0.9458333333333332
QmQfSZ97dPEaPftuaZWnuBBxWPJ94Rz6XvoGkb5HWM4G6a,The Haven - Charles Villiers Stanford,NA,The Haven,Charles Villiers Stanford,NA,classical,NA,publicdomain,0.0,0,0,16,0,4,0-0-0-0,44,391,8.886363636363637,True,3.14642361919016,0.8717948717948718,0.9568798449612403
QmYfRi8FyqxywrQs4T7LdAFZykq3cV4n5iusVVGMGyVHGz,The Hawk of Ballyshannon,NA,The Hawk of Ballyshannon,Misc tunes,Rory Dal O Caghan in 1640,NA,NA,publicdomain,0.0,0,0,12,1,1,0,68,414,6.088235294117647,False,2.6353797921828424,0.985,0.8606770833333334
QmQUfKxH54i6kzBctsVd25QX5uUth4nMzsDE6TnLf83AgQ,The Hawthorn,Bunch of Haws A,The Hawthorn,Misc tunes,NA,NA,NA,publicdomain,0.0,0,0,2,1,1,0,16,126,7.875,False,2.512817211241981,1.0,0.9583333333333334
Qmehqj98xn2f8YvagAci285h43b1AbtZmWfRh6sLEgSrAv,The Hawthorn that blooms in the Vale,NA,The Hawthorn that blooms in the Vale,Misc tunes,NA,NA,NA,publicdomain,0.0,0,0,1,1,1,0,25,79,3.16,False,2.7294498185511,0.9873417721518988,0.921875
QmQ7d3fF51sYCKxbdhLhqMtCmkfKaJz8xnsf7noMUNW6eK,The Haymakers,NA,The HAYMAKERS,Misc tunes,Gow's Repository,NA,NA,publicdomain,0.0,0,0,3,1,1,0,2,7,3.5,False,2.235926350629033,1.0,NA
QmYdvTUvh2RcXeikMUtiCphWpP43BBa5VeLsQ8sfqwVqFB,The Health,The Merry Wassail,The Health,Misc tunes,NA,NA,NA,publicdomain,0.0,0,0,2,1,1,0,9,29,3.2222222222222223,False,2.5000313258998554,1.0,0.9505208333333334
QmS6K2i4jbwhWTiNstD8zMhVBSmjjC4vxCAWbyu7kQMmhw,the Health,the Merry Wasel,The Health,Misc tunes,NA,NA,NA,publicdomain,0.0,0,0,2,1,1,0,9,29,3.2222222222222223,False,2.5000313258998554,1.0,0.9270833333333334
QmUbgwEKpoGmizfum6qJ8NGic7evQDtWTNPD1gffpLUhFK,The Health,Merry Wassail The,The Health,Misc tunes,NA,NA,NA,publicdomain,0.0,0,0,2,1,1,0,18,58,3.2222222222222223,False,2.5000313258998554,1.0,0.94921875
Qme6PPJDKHWUsvsvdtaLFHZfnfKxUW5N7yGjVUpgKBtspL,The Health,or The Merry Wassail,The Health,Misc tunes,NA,NA,NA,publicdomain,0.0,0,0,2,1,1,0,18,66,3.6666666666666665,False,2.60411154320752,1.0,0.9513888888888888
QmTLVA9vSktwr1JmgKhiTdaTTv6enMYPH5qNLT4kHkaY52,The Health of Sporting,NA,The Health of Sporting,Misc tunes,NA,NA,NA,publicdomain,0.0,0,0,1,1,1,0,15,73,4.866666666666666,False,2.312270106853097,1.0,0.88125
QmUtCFHdouVCRsuwCZjngSYuZjNTTSTsQf3BtbTSnPd2PV,The Healths. (p)1651.PLFD1.036,Merry Wassail. (p)1651.PLFD1.036 The,The Healths. (p)1651.PLFD1.036,Misc tunes,NA,NA,NA,publicdomain,0.0,0,0,0,1,1,0,18,58,3.2222222222222223,False,2.5000313258998554,1.0,0.94921875
QmdD7zHhFsk1eDEV1wiKWjatSf1VUQ8F9tYnaEs1ixhJjN,The Heart of Worship,NA,the heart of worship,Matt Redman,Matt Redman,religiousmusic,NA,cc-zero,0.0,0,9,243,1,1,0,29,410,14.137931034482758,True,2.5129488265501823,1.0,0.9043427230046948
QmTFd4JMUCvxQUVeoueh27HGLiVHXHQPow4LrmNnUnTPKt,The Heart Should Be Happy & Merry. HSJJ.194,NA,The Heart Should Be Happy & Merry. HSJJ.194,Misc tunes,NA,NA,NA,publicdomain,0.0,0,0,5,1,1,0,13,63,4.846153846153846,False,2.7365357688417418,0.984126984126984,0.9296875
QmUgKMbLucnzrCFg2yvpVRyTtiJQQ5Sy9M7jdTRcVfyPFz,The Heather Breeze,Heathery Breeze,The Heather Breeze,Misc tunes,NA,NA,NA,publicdomain,0.0,0,0,2,1,1,0,16,119,7.4375,False,2.552311937935832,1.0,0.9791666666666666
QmeurmEhDVu1iXthPAjcBa4ESVCYewMAk9xgdvPNtdti4f,The Heather Breeze,Heathery Breeze,The Heather Breeze,Misc tunes,NA,NA,NA,publicdomain,0.0,0,0,6,1,1,0,48,360,7.5,False,2.56026149193744,1.0,0.9730902777777778
QmQe8uR1CVagBuCGj7XN6AsRSbodntLig7nvTieo6KrPGs,The heather glen,NA,The heather glen,Misc tunes,anon.,NA,NA,publicdomain,0.0,0,0,4,1,1,0,27,169,6.25925925925926,False,2.802737106295233,0.9940828402366864,0.9557291666666666
QmNbXhxuzT5c5Wf4BfZKrgdmyEBVxTitcXvz2Ut8sDSJq4,The Heavenly March,NA,The Heavenly March,Misc Traditional,NA,folk,NA,publicdomain,0.0,0,0,28,0,3,0-0-7,25,312,12.48,False,2.4313998856964627,1.0,0.945
QmXbpfE6Xx7kHQ2rAUavHMTMnPH7KtJXLqgyMiGzcCKtih,The Heavens Declare Thy Glory Lord; SATB,NA,NA,NA,Ralph Harrison 1748-1810,NA,NA,publicdomain,0.0,0,1,134,0,2,0-0,11,156,14.181818181818182,False,2.703194790617241,0.9935897435897436,0.9678819444444444
QmVWK9iUNFtJ5HmWUVQGMSJdGfPDHrvbQgEkeg21DrQhAH,The Heavens Declare Thy Glory Lord; Tenor & Bass,NA,NA,NA,Ralph Harrison 1748-1810,NA,NA,publicdomain,0.0,0,0,42,0,1,0,10,79,7.9,False,2.610849250530741,1.0,0.9574652777777778
QmSUQrVc7BK3EoCusarh7MEiafhhgHLuqwY6VjqXp5xNjd,The Heavy Boolthaun,An Buailteán Mór,The Heavy Boolthaun,Misc tunes,NA,NA,NA,publicdomain,0.0,0,0,3,1,1,0,18,94,5.222222222222222,False,2.5781471814530263,1.0,0.9045138888888888
QmXtxg8Ls1K76ALc3GTqx87s8c4h3Vo1MKrN1ZPM91DVEp,the Heights of Caethiwed,Allt y Caethiwed,the Heights of Caethiwed,Misc tunes,NA,NA,NA,publicdomain,0.0,0,0,0,1,1,0,36,236,6.555555555555555,False,2.6304309756618176,1.0,0.970703125
Qme5PLG3TnSgAbgQDMq5DDw21jZWXdFdDFJoQBfv8prEb9,The Helston Furry,NA,The Helston Furry Dance,Misc tunes,NA,NA,NA,publicdomain,0.0,0,0,9,1,1,0,17,76,4.470588235294118,False,2.5921519100141124,1.0,0.943627450980392
QmNhc5iA2mZGhFsUwfitvEBAHFau9pQ36qf4okUxFPSLsE,the HELSTON FURRY,NA,The Helston Furry Dance,Misc tunes,NA,NA,NA,publicdomain,0.0,0,0,2,1,1,0,16,72,4.5,False,2.4127477523817182,1.0,0.953125
QmS3csCP1DzoEyDi1zLxzQAnAfPeVFeBMFMZmBTbuenX2h,The Hemp Drefsers. JBut.673,NA,The Hemp Drefsers. JBut.673,Misc tunes,NA,NA,NA,publicdomain,0.0,0,0,3,1,1,0,36,142,3.9444444444444446,False,2.44306595263283,1.0,0.9140625
QmYBjXvbRu4rQyrgSCDAmq5B4BLjUauYsrBij9C5is6oba,The Hen and cock that strayed away together,NA,The Cock And The Hen,Misc tunes,NA,NA,NA,publicdomain,0.0,0,0,3,1,1,0,36,194,5.388888888888889,False,2.725148907490398,0.979381443298969,0.9609375
Qme6tU1juXTahy3PmR7v9dxGd3nnnYZyB6E11i86qg4PaD,The Hen's March Through The Midden,NA,The Hen's March Through The Midden,Misc tunes,Joe Buchanan's Scottish Tome - Page 069.0,NA,NA,publicdomain,0.0,0,0,11,1,1,0,80,519,6.4875,False,2.6092108440350663,1.0,0.8459429824561404
QmdGX3vewSnGteMZaV7He2FM7JzDcu1owcoyeuTvsfku9W,The Hens March Through the Midden,Hens March To the Midden The,The Hens March Through the Midden,Misc tunes,NA,NA,NA,publicdomain,0.0,0,0,14,1,1,0,50,279,5.58,False,2.4889948138546445,0.989247311827957,0.9414893617021276
QmSx3wTffgPqEA5jFQPVBdAEw4sxZsAPnpt1WjHB7U1DxB,The herald is calling is calling from far - Wm. J. Kirkpatrick,NA,The herald is calling is calling from far,William J. Kirkpatrick,NA,classical,NA,publicdomain,0.0,0,0,4,2,1,0,34,510,15.0,False,2.7744607210144574,0.9522821576763484,0.9722222222222222
QmWxcrqYQ4TntehK463SgpT8wP4cYS1hmwq94LKxaZxv6Q,The Hereditary Hall of Macleod,An tall'am bu gn\a do Mhac Leoid,The Hereditary Hall of Macleod,Misc tunes,NA,NA,NA,publicdomain,0.0,0,0,8,1,1,0,40,118,2.95,False,2.2613787890657586,1.0,0.9533333333333334
QmWEMw1GH4Yhm8BrXVNTHJ6eWV9aoZ6zbTsSNzaNUdaigE,The Hermit of Killarney (air) 0116,NA,The Hermit of Killarney,Misc tunes,Unattributedmoderate,NA,NA,publicdomain,0.0,0,0,3,1,1,0,20,134,6.7,False,2.449908230937185,1.0,0.8763020833333334
QmNaBR243sqszHiPdZgqV1NzicScLaegpcJWUfcuRhAi3k,The Hero p2,One Punch Man first opening,misc,Misc,Arr.Flute Cool Made by JAM Project,electronic,NA,cc-zero,0.0,0,3,124,3,1,0,119,3314,27.84873949579832,False,3.007938420696725,0.9054951690821256,0.9355742296918768
QmYk5LWEvGi2cXucAbV8pRsRbJTPfozkvSVF2AeequxPza,The Hessian Dance. JJo8.001,Swab. JJo8.001 The,The Hessian Dance. JJo8.001,Misc tunes,NA,NA,NA,publicdomain,0.0,0,0,2,1,1,0,64,206,3.21875,False,2.6617318190827097,1.0,0.8836805555555556
QmPa8ryRKZyaApMFeyzyjwqQee4EDhLtrKYJcUKT1VPwY4,The Hey-Makers Dance in Faustus or.... PFD3.001,Wing's Maggot. PFD3.001Hey-Makers Dance in FaustusThe:Or Wing's Maggot. PFD3.001,The Hey-Makers Dance in Faustus or.... PFD3.001,Misc tunes,NA,NA,NA,publicdomain,0.0,0,0,1,1,1,0,32,144,4.5,False,2.585319119043123,1.0,0.9407552083333334
QmQPNrmnCA37wxUevgsF4WYbSMEAxTMxus53qL9aFNJQcj,The Hieland Man Came Over The Hill. BF14.01,NA,The Hieland Man Came Over The Hill. BF14.01,Misc tunes,NA,NA,NA,publicdomain,0.0,0,0,3,1,1,0,22,124,5.636363636363637,False,2.438436467242856,1.0,0.9817708333333334
QmVdQsPzaEy53xNuM1oKWot21uKAer8zcjUtoursJ7LN1s,The High Cauled Cap,NA,The High Cauled Cap,Misc tunes,file ID: onmi.misc/028high_cc,NA,NA,publicdomain,0.0,0,0,5,1,1,0,126,612,4.857142857142857,False,2.779248624588544,0.9558823529411764,0.9577752976190476
QmTPzoXPapitABMMwa4qz6d5ifkPJVZTKB9F8QycCrb7i6,The High Cauled Cap (march) 1807,NA,The High Cauled Cap,Misc tunes,after Chief O'Neill,NA,NA,publicdomain,0.0,0,0,10,1,1,0,38,182,4.789473684210527,False,2.484266184150371,1.0,0.9570707070707072
QmWVL1H5ZqLnQC2vSrmxVoXMm1WwhGfEbua7MHTqo6ktD6,The High Hills of Tara,Ard Cnoic Na Teamhrach,The High Hills Of Tara,Misc tunes,NA,NA,NA,publicdomain,0.0,0,0,11,1,1,0,32,160,5.0,False,2.5088739831180185,1.0,0.9407552083333334
QmV6ZZrrJwkpjdnYkii6TySuaNXPcUqQqDmoHzqcC2atBF,The High Level. JBAT8.041,NA,The High Level. JBAT8.041,Misc tunes,by James Hillcelebrated public house fiddler about 1850,NA,NA,publicdomain,0.0,0,0,2,1,1,0,72,510,7.083333333333333,False,2.8446697372502703,0.9450980392156862,0.9947916666666666
QmcaVjuKgwLpP9exaXwgYJs2tq8ooPbAGzeUUm3i4x9NoL,the High road to Dublin,NA,the High road to Dublin,Misc tunes,NA,NA,NA,publicdomain,0.0,0,0,6,0,2,0-0,36,224,6.222222222222222,False,2.6266735665117853,1.0,0.9739583333333334
QmaXxJx7uwRi242jR3Qoao69ToVqiaD6zq7egWeAXxF4oh,The High Road to Gallaway. JWDM.02,Gallway Girlsaka. JWDM.02All The Way To Galwayaka. JWDM.02,The High Road to Gallaway. JWDM.02,Misc tunes,NA,NA,NA,publicdomain,0.0,0,0,2,1,1,0,16,112,7.0,False,2.6814829415575643,1.0,0.9739583333333334
QmQyZPKLL5waATt4gM3t7QZv9cp2XZrJfHSncNc7P7LZMh,The High Way to Dublin. TCo.02,NA,The High Way to Dublin. TCo.02,Misc tunes,NA,NA,NA,publicdomain,0.0,0,0,4,1,1,0,52,340,6.538461538461538,False,2.512547547101831,1.0,0.9681122448979592
Qmb3hLB86VrLHSAcUYGSb2o4sHGxwEevobnM3TGqtzfswz,The Highland Cradle Song - seconds,NA,Highland Cradle Song,Misc tunes,NA,NA,NA,publicdomain,0.0,0,0,10,1,1,0,32,300,9.375,False,2.516322723249832,1.0,0.8715277777777778
QmQbNP9ix1SbfCheDb7TxXaRqJXSuxP9hJa9XnxHzZ7Eeb,The Highland Fair (Lasses),NA,the Highland Fair,Misc tunes,NA,NA,NA,publicdomain,0.0,0,0,3,1,1,0,19,133,7.0,False,2.6226406161490905,1.0,0.9596354166666666
QmfLyPbyAiDQqr1TNFBVS5rDKWSiVJHTVSrzZGvbbmTcjZ,The Highland Troop,An Trupa Ghaidhealach,The Highland Troop,Misc tunes,NA,NA,NA,publicdomain,0.0,0,0,2,1,1,0,68,426,6.264705882352941,False,2.646562291942494,1.0,0.8897569444444444
QmPDqy3qkn5qav7hjNFiaNPrZfPYzunsGg8pGmvBmV6VZR,The Highlander's Farewell to Ireland,The Highland Watch's Farewell to Ireland,the HIGHLANDERS FAREWELL TO IRELAND,Misc tunes,NA,NA,NA,publicdomain,0.0,0,0,5,1,1,0,36,264,7.333333333333333,False,2.2606711358435216,1.0,0.91015625
QmNsWZqeopX15xxarhTnyR4VxhxBP45nwpgnyy2o18ka89,The Highlander's Knee Buckle,NA,The Highlander's Knee Buckle,Misc tunes,NA,NA,NA,publicdomain,0.0,0,0,3,1,1,0,34,238,7.0,False,2.691742554593216,1.0,0.9694010416666666
QmZu1ZptjTEmeRZBivJVHPFHFgKEW92CeqjruviBSGJQp5,The Highlander's Kneebuckle,NA,The Highlander's Kneebuckle,Misc tunes,NA,NA,NA,publicdomain,0.0,0,0,3,1,1,0,17,107,6.294117647058823,False,2.3163227823084145,1.0,0.9440104166666666
QmcfzuR9zKAHyYWJ6aLudsPiVrGStRWwHzphgSytu58MNb,The Highlandman Kiss'd his Mother,NA,The Highlandman Kissed His Mother,Misc tunes,NA,NA,NA,publicdomain,0.0,0,0,0,0,2,0-0,16,196,12.25,False,2.4863742152230994,1.0,0.9791666666666666
QmXJpKCmJD5unq4GGiRqGu83L6hhz4N2xwvXBrsG6jjWn3,The Highlandman Kissed his Mother,NA,The Highlandman Kissed His Mother,Misc tunes,NA,NA,NA,publicdomain,0.0,0,0,8,1,1,0,34,256,7.529411764705882,False,2.556911973366678,1.0,0.9947916666666666
Qmd3dsjZ9vvs1Z73xs7ojxNtwgdWysRXL6Yp2AjynZ5yqc,The Highlandman That Kissed His Granny,Highlandman Who Kissed His Granny The,The Highlandman Who Kissed His Granny,Misc tunes,NA,NA,NA,publicdomain,0.0,0,0,5,1,1,0,64,478,7.46875,False,2.66282798666209,1.0,0.970703125
QmcouqjjEQpgxu8WMHjBxBB3sch8MYcUWGtbNpSPb5ARTf,The Highlandman Who Kissed his Grannie,NA,The Highlandman Who Kissed His Granny,Misc tunes,NA,NA,NA,publicdomain,0.0,0,0,2,1,1,0,20,164,8.2,False,2.5635016316979065,1.0,0.9833333333333332
QmQExoig4GouSa3TEE5DhUdyigmZQevTzeDqaf1izuUZN5,The highway of the King is free - J. H. Hall,NA,The highway of the King is free,J. H. Hall,NA,classical,NA,publicdomain,0.0,0,0,3,1,1,0,30,409,13.633333333333333,False,2.8575556466376617,0.9584352078239609,0.9583333333333334
QmaoGmXucAuB4a1WZYmR2zaMvhkqcSXqCb8fLXEGHp7e5R,The highway of the Lord prepare - Robert Lowry,NA,The highway of the Lord prepare,Robert Lowry,NA,classical,NA,publicdomain,0.0,0,0,3,1,1,0,18,265,14.72222222222222,False,2.41145066519325,1.0,0.9557291666666666
QmZttbA5BcB2nSQ8fh45WLukvMq7gxUFGw7boECWoqoe8Z,The Highway to Coolam Retreat JBut.874,Rakes of Westmeathaka. JBut.874 The,The Highway to Coolam Retreat JBut.874,Misc tunes,NA,NA,NA,publicdomain,0.0,0,0,6,1,1,0,28,212,7.571428571428571,False,2.752059219235752,1.0,0.9652777777777778
QmV6Aax5TZsvkVztKbvVJQLBhu7wnFsY9EM4xQYVS1MfuJ,The Hiland Wheding JBut.367,Highland Wedding JBut.367 The,The Hiland Wheding JBut.367,Misc tunes,'A Quick Step',NA,NA,publicdomain,0.0,0,0,2,1,1,0,24,174,7.25,False,2.335458107475172,1.0,0.9764492753623188
QmWGb2NY4fp9McATJraS88Saf57JxmvGMfiZNSdEuAQbDU,The Hill of Skreen,Mullach Skríne,The Hill of Skreen,Misc tunes,NA,NA,NA,publicdomain,0.0,0,0,4,1,1,0,22,72,3.272727272727273,False,2.2729359296129283,1.0,0.9138888888888888
QmTUvo47WQf77SBzE8s5YxTC9VJcatsrU5XMU6dUSrgpB5,The Hills of Alva,NA,The Hills Of Alva,Misc tunes,Joe Buchanan's Scottish Tome - Page 043.0,NA,NA,publicdomain,0.0,0,0,10,1,1,0,126,737,5.849206349206349,False,2.6049370302143875,1.0,0.9301136363636364
QmYrRWUemmWvbMjdz6FrjDcrpLi8sLQzPEMGwu6EG9cNbq,The Hills of Glenorchy. WTG.[008],NA,The Hills Of Glenorchy,Misc tunes,NA,NA,NA,publicdomain,0.0,0,0,1,1,1,0,35,174,4.971428571428572,False,2.3960591821029014,1.0,0.9644097222222222
Qmb2U2ykB71qrn4UqXx99ZZ5RVarr3WMBcUsE5VbxqF87f,The Hobbit : Bilbo Planting His Acorn (deleted scene soundtrack),Deleted scene from The Hobbit: the Battle of the Five Armies,Courage and Wisdom ; Gollum,Howard Shore,Composed Howard Shore,classical-soundtrack,hobbit-deleted-scene-soundtrack-shire-shire-bilbo-bilbo-courage-and-wisdom-the-theme-music-dale,cc-zero,4.72,8,20,911,1,1,0,26,205,7.884615384615385,True,3.245025159892206,0.7609756097560976,0.9658333333333332
QmNzg5FNTharMnBLNLeH41xE53j9bbPvUpAEKAzGj6MXha,The Hole In The Bathroom Floor,NA,The Hole In The Bathroom Floor,Misc tunes,NA,NA,NA,publicdomain,0.0,0,0,1,1,1,0,32,138,4.3125,False,2.7591724906731043,0.9710144927536232,0.9322916666666666
QmZkPVFs9tCNGXeEEDhkTQ7rpCiPS3VFgtDcb71778nyRV,The Hole in the Wall,NA,Hole in the Wall,Misc tunes,NA,NA,NA,publicdomain,0.0,0,0,29,1,1,0,36,240,6.666666666666667,False,2.621242554241849,1.0,0.98046875
QmfB5CBXk1WcFvcaypNtv7fjTxMJKAFhVto7ABzkBAZFog,The Hole in the Wall,NA,Hole in the Wall,Misc tunes,NA,NA,NA,publicdomain,0.0,0,0,3,1,1,0,46,99,2.152173913043478,False,2.81990615614824,0.9797979797979798,0.9244791666666666
QmPueB7wjof8zfmoiywo4uYTSBriPM4RdxsFaf61474uDd,The Hole In The Wall. (p)1698.PLFD1.377,NA,Hole in the Wall,Misc tunes,NA,NA,NA,publicdomain,0.0,0,0,5,1,1,0,24,150,6.25,False,2.8445556126136253,0.96,0.84375
QmPatqPcbdBGNQDySySxi9AD1htbB3dYczQ3rXTYeiKaTJ,The Holly and the Ivy George Winston,NA,the holly and the ivy,Misc Christmas,Ethan Barton,soundtrack,christmas-georgewinston-piano-hollyandtheivy-holiday,cc-zero,4.81,108,182,4883,2,1,0,230,2552,11.095652173913043,False,2.5247379258577025,0.999602859412232,0.9617857142857142
QmQoZT4amruekLuenoeHTrRbCz3qZvQGdpDnux5fznN3cf,The holy Ghost is here (Moyer) - Fred. C. Moyer,NA,The holy Ghost is here (Moyer),Fred. C. Moyer,NA,classical,NA,publicdomain,0.0,0,0,3,1,1,0,10,108,10.8,False,2.7854846840429786,0.9537037037037036,0.9479166666666666
QmaLHkpq1mRXnwPwHq58143E7L4pWe1dzBCmAcsjxJrVM8,The home where changes never come - J. P. Truitt,NA,The home where changes never come,J. P. Truitt,NA,classical,NA,publicdomain,0.0,0,0,8,1,1,0,21,260,12.38095238095238,False,2.450098965712415,0.9923076923076924,0.9127604166666666
QmRMmr44yrgzLx9YXZTrdr5JX6YDSijVZeVE37YCWGgfuj,The Homeland! O the Homeland! (Ogden) - W. A. Ogden,NA,The Homeland! O the Homeland! (Ogden),W. A. Ogden,NA,classical,NA,publicdomain,0.0,0,0,4,1,1,0,20,232,11.6,False,2.687528143323077,0.9870689655172412,0.9375
QmQQaKwfr5fhi6q5szzjXQgKgQoxCMtbDmCqWCc9bjkfV5,THE HON. MISS DRUMMOND OF PERTH -- Strathspey,NA,The Honourable Miss Drummond Of Perth's Delight,Misc tunes,NA,NA,NA,publicdomain,0.0,0,0,2,1,1,0,33,212,6.424242424242424,False,2.245711336265577,1.0,0.8816964285714286
QmcDEcbcMaKPXawLLKoGhLQS9BfJEVXFxPh2kUUsQZxeXU,The Honorable Miss Drummond of Perth,NA,The Honourable Miss Drummond Of Perth's Delight,Misc tunes,NA,NA,NA,publicdomain,0.0,0,0,2,1,1,0,28,214,7.642857142857143,False,2.4778932087195,1.0,0.9139492753623188
QmdssAy8xE78kNUPxYa9aqAVosHHFFTccgcJfKdu2XLK3d,The Horologist's,NA,The Horologist's,Misc tunes,NA,NA,NA,publicdomain,0.0,0,0,1,1,1,0,4,21,5.25,False,2.081397184065388,1.0,0.8680555555555556
QmY4muBmCDXnqt7Y4TaLMnwGLwsEHF62ahXtfNXtVojb3v,The Horologist's,NA,The Horologist's,Misc tunes,NA,NA,NA,publicdomain,0.0,0,0,1,1,1,0,12,40,3.333333333333333,False,2.680989176625258,0.85,0.8567708333333334
QmNVYU6GaquJsfX65H8XhccgWZPWtkx23NwFq1q3C2XMMM,The Hostess' Daughter - Masters,NA,The Hostess' Daughter - Masters,Misc tunes,Taken down from J. Masters by H.Fl.S.,NA,NA,publicdomain,0.0,0,0,1,1,1,0,17,68,4.0,False,2.6717149615513023,1.0,0.9027777777777778
QmeLZQDPe1zpKiCRUCGxngneyqoiFCt69SnCMwFM9vrfhd,The Hound And The Hare,NA,The Hound And The Hare,Misc tunes,NA,NA,NA,publicdomain,0.0,0,0,15,1,1,0,98,1298,13.244897959183673,False,2.570815110281252,1.0,0.9238053613053612
QmZwA4LMBodnV5wve6Mcz2AaSLtZ9hGRepj5uYRdfbraCT,The house of God built by his hands - C. E. Hunter,NA,The house of God built by his hands,C. E. Hunter,NA,classical,NA,publicdomain,0.0,0,0,4,1,1,0,19,263,13.842105263157896,False,2.611791575490211,0.9923954372623576,0.9322916666666666
QmZgrKx2QdNpwxu1zhg5NQ6BZ7JbmfS3kTwV5seBXYg7Nx,The House of Gray - a Jigg,NA,The House of Gray - a Jigg,Misc tunes,NA,NA,NA,publicdomain,0.0,0,0,0,0,2,0-0,32,218,6.8125,False,2.722386240424764,0.9724770642201837,0.9375
QmX3ZkCxTY2AxPnMcfpuuXDgSgR4awYaWYMaJfNGqhRu9J,The House Of Letterfourie,NA,The House Of Letterfourie,Misc tunes,NA,NA,NA,publicdomain,0.0,0,0,3,1,1,0,17,124,7.294117647058823,False,2.5783361192705296,1.0,0.9609375
QmVdTMNyYdTqLsjGCHepLaoMBJ9h8FUJQxjsUUtHJjAgVU,The House of the Rising Sun,NA,NA,NA,Alan Price,NA,piano,cc-zero,4.83,3,7,266,1,1,0,30,462,15.4,False,2.848877914721187,0.9090909090909092,0.9431818181818182
QmW8C8Ld5ECKr9MvHidoff1mf3F85NpcjkNAa696mkJFcn,The Howboy (Hawboy?),NA,The Howboy (Hawboy?),Misc tunes,No 200 Page 99 William Clarke of Feltwell,NA,NA,publicdomain,0.0,0,0,0,1,1,0,32,112,3.5,False,2.717609505598712,1.0,0.9544270833333334
QmWdu1vvZyz7gH1Gevb7HGrg9UPhXQGsYGQcB7D2H9HdAW,The Humaurs of Graignamanock JBut.489,NA,The Humaurs of Graignamanock JBut.489,Misc tunes,NA,NA,NA,publicdomain,0.0,0,0,2,1,1,0,64,334,5.21875,False,2.5590413719325573,1.0,0.9565972222222222
QmRwi69vM7ohniwa8D2EFe3RHLAtQzfYmpJHgpGouTF4zi,The Humers Of Cork. JBut.387,Humours Of Cork aka. JBut.387 TheHumors Of Cork aka. JBut.387 The,The Humers Of Cork. JBut.387,Misc tunes,'A Quickstep',NA,NA,publicdomain,0.0,0,0,5,1,1,0,48,236,4.916666666666667,False,2.4914570583288853,1.0,0.9461805555555556
QmWBH4Na65bpwLHpwprv7GdCZfaY4132MkEmu7DnHmsfCK,The Humors Of Dublin. JBut.391,Carolan's Favourite Jigaka. JBut.391Horse In The Poundaka. JBut.391Planxty Mary O'Neillaka. JBut.391 The,The Humors Of Dublin. JBut.391,Misc tunes,'A Quickstep',NA,NA,publicdomain,0.0,0,0,3,1,1,0,64,362,5.65625,False,2.5840978029954047,1.0,0.9709201388888888
QmPJ2K1BcuPRmZNzcubjxMntMuREHfd9My6Qxjv73rA1FT,The Humors Of Trim (jig) 0949,NA,The humors of Trim,Misc tunes,after Chief F. O'Neill,NA,NA,publicdomain,0.0,0,0,4,1,1,0,34,184,5.411764705882353,False,2.70442460196708,0.9891304347826086,0.9570707070707072
QmQEDr6o6Dg4rSXQHZJ7nscNAHbjciZJ1ToRhhKmsn5Q9Y,The Humors Of Trim.,NA,The humors of Trim,Misc tunes,NA,NA,NA,publicdomain,0.0,0,0,2,1,1,0,40,218,5.45,False,2.6023017238236625,1.0,0.9659722222222222
QmPZZ6F1pYvUHGcvQQQoauNYViak54NuEEaNaj9oTkGLvc,The Humours of Ballinafauna (jig) 1081,NA,The Humours Of Ballinahulla,Misc tunes,after Chief F. O'Neill,NA,NA,publicdomain,0.0,0,0,3,1,1,0,38,166,4.368421052631579,False,2.7460115692288496,0.9397590361445785,0.9458333333333332
QmfLfob7eg77wsXkQJnwt5zWTSPmNx79Ee5itymEurFwSu,The Humours Of Castlecomer,NA,The Humours Of Castlecomer,Misc tunes,NA,NA,NA,publicdomain,0.0,0,0,0,1,1,0,5,32,6.4,False,2.228658178496845,1.0,0.9583333333333334
QmQCxXQma5bTBmYPBYeGzVGXt2UWUtZXrHdpJf4oxiej1Z,The Humours of Cavan (jig) 1056,NA,Humours of Cavan,Misc tunes,after Mr. O'Reilly,NA,NA,publicdomain,0.0,0,0,2,1,1,0,38,190,5.0,False,2.718954179904548,0.9789473684210528,0.9341666666666668
QmcaKDhwV8qAXMGvNUnKWdjjCqqSzSZBdsjV9VRciQevTd,The Humours of Drinagh (jig) 1022,NA,The Humours Of Drinagh,Misc tunes,after Mr. Cronin,NA,NA,publicdomain,0.0,0,0,10,1,1,0,74,394,5.324324324324325,False,2.746775129534529,0.9949238578680204,0.9791666666666666
QmdGYj33QVtpxpgPY3TBqSQ2YKNMBp2u5hKs8VhC6FWfo3,The Humours of Glendart,East of GlendartEast at Glandart,The Humours Of Glendart,Misc tunes,NA,NA,NA,publicdomain,0.0,0,0,5,1,1,0,112,627,5.598214285714286,False,2.3560754696349013,1.0,0.9779265873015872
Qme5qZLcv7nY9EBNs9SrQB16FxuD9LYg9dNs6ovUxPtWcz,The Humours Of Glendart,NA,The Humours Of Glendart,Misc tunes,NA,NA,NA,publicdomain,0.0,0,1,1,1,1,0,65,501,7.707692307692308,False,2.5170878564054417,1.0,0.9969618055555556
QmVDN14xk9nVCCegdMCh4U8pgkUgV8anaVrhepLpAoHkhC,The Humours of Glendart,East of GlendartEast at Glandart,The Humours Of Glendart,Misc tunes,NA,NA,NA,publicdomain,0.0,0,0,5,1,1,0,64,358,5.59375,False,2.373016367949205,1.0,0.9761284722222222
QmarXBAf7vMRmCovPvSKZ96Ytbp1iRQZGSjbqhraptbSs1,The Humours of Glin,NA,The Humours of Glin,Misc tunes,NA,NA,NA,publicdomain,0.0,0,0,2,1,1,0,5,18,3.6,False,1.9887513942845323,1.0,0.9236111111111112
QmYLh4A2CVzwfsiKi8dn1pnhQfRNYx8pxNi7LHztAYsCdA,the Humours of Glyn,NA,The Humours Of Glynn,Misc tunes,NA,NA,NA,publicdomain,0.0,0,0,2,1,1,0,48,150,3.125,False,2.7157842380380983,1.0,0.9497549019607844
QmXNjqTYNTcoz4YoqXvkmFybPaM1T3UPpiV32feQTC1APz,The Humours of Glyn (air) 0176,NA,The Humours Of Glynn,Misc tunes,after Chief O'Neillcheerfully,NA,NA,publicdomain,0.0,0,0,4,1,1,0,18,100,5.555555555555555,False,2.522814054833902,1.0,0.9236111111111112
QmQpJNaBF6x97ZHNG9trEx1efWj3a6u2rSJuRqVqGd5JLR,The Humours of Milltown Malbay,Humors of Milltown [1],The Humours of Milltown Malbay,Misc tunes,NA,NA,NA,publicdomain,0.0,0,0,2,1,1,0,48,226,4.708333333333333,False,2.6503201517914063,1.0,0.916087962962963
QmQ6XNwePgUnheKKzDLteaUaTbrevVT5hqbsDM1he9mgMV,The Humours of Mullin-a-faunia,NA,The Humours of Mullin-a-fauna,Misc tunes,NA,NA,NA,publicdomain,0.0,0,0,0,1,1,0,36,158,4.388888888888889,False,2.624452885751173,0.9873417721518988,0.9461805555555556
QmXXTyfgyyjLduLgn4uhYotUPgvUwrS6Htzyi9iH4VTKQ5,The Humours Of Mullinafauna (jig) 0845,NA,The Humours of Mullin-a-fauna,Misc tunes,after Chief F. O'Neill,NA,NA,publicdomain,0.0,0,0,2,1,1,0,38,192,5.052631578947368,False,2.728274920959961,0.9895833333333334,0.94760101010101
QmSeQpbLvCV6HqcTXyX7UjpB5S6cfGcfKdoRZx9Yo1wH1X,The Humours of Shannon,NA,The Humours of Shannon,Misc tunes,NA,NA,NA,publicdomain,0.0,0,0,3,1,1,0,3,7,2.333333333333333,False,2.235926350629033,1.0,0.8541666666666666
QmdEDCPCPMW8xJjNxr1SAq78S9eSSSPDaBRXQi7LEx4Sr2,The Humours of Whiskey (jig) 0784,NA,The Humours Of Whiskey,Misc tunes,after Mr. Tobin,NA,NA,publicdomain,0.0,0,0,24,1,1,0,38,194,5.105263157894737,False,2.789707742528845,0.9896907216494846,0.985
QmT6toHP1mGvuuBgoMi9aQxufnpX4RAdgNgTX5skyiGaus,The Hundred Haymakers,NA,The Hundred Haymakers,Misc tunes,NA,NA,NA,publicdomain,0.0,0,0,4,1,1,0,20,55,2.75,False,2.366771463218029,1.0,0.8932291666666666
QmfRgg9eWqvPxrXMjzXsjweepcYK26iEWvSDbVSx8XaAoc,The Hunt (1st setting),NA,The Hunt (1st setting),Misc tunes,file ID: onmi.misc/037hunt_1,NA,NA,publicdomain,0.0,0,0,2,1,1,0,53,347,6.547169811320755,False,2.6002609114027027,0.9884726224783862,0.9292534722222222
Qme2eiL8xNshN6RCtHwCF6WrMy7CPw4uxxAqVyn3f7YqXt,The Hunter in his Career,Basse's Career,The Hunter in his Career,Misc tunes,NA,NA,NA,publicdomain,0.0,0,0,3,1,1,0,17,77,4.529411764705882,False,2.6891734362210173,1.0,0.9777298850574712
