cid,title,subtitle,song_name,artist_name,composer_name,genres,tags,license,rating,n_ratings,n_favorites,n_views,complexity,n_tracks,tracks,song_length.bars,n_notes,notes_per_bar,has_lyrics,pitch_class_entropy,scale_consistency,groove_consistency
QmcTwPTCfRyXv83re6Ek1ASCEVCJjDzSdLMQbgjxQ53Ntv,Niel Gow - Dunkeld Hermitage,NA,Dunkeld Hermitage,Niel Gow,Niel Gow,classical,NA,publicdomain,0.0,0,0,6,1,1,0,19,134,7.052631578947368,False,2.358213960612655,1.0,0.9479166666666666
QmWpyhJa8dBszaXryfFnjfeKWCg1SAhg1LVtvyqt4XbYuB,Niel Gow - Dunkeld Steeple,NA,Dunkeld Steeple,Niel Gow,Niel Gow,classical,NA,publicdomain,0.0,0,0,1,1,1,0,32,236,7.375,False,2.757715569876343,1.0,0.97265625
QmUyTFRX81fwTZ8aNVfnHyJ4iyG2N5cty46mZqXvqszyqP,Niel Gow - Earl of Breadalbane,NA,Earl of Breadalbane,Niel Gow,Niel Gow,classical,NA,publicdomain,0.0,0,0,6,1,1,0,17,117,6.882352941176471,False,2.6386611092611054,0.9658119658119658,0.9635416666666666
QmdusRtLtvFG8EkG6jw5siMeanj3hBbnkYfNz4edq173zt,Niel Gow - Farewell to Whisk(e)y 2,NA,Farewell to Whisk(e)y 2,Niel Gow,Niel Gow,classical,NA,publicdomain,0.0,0,0,6,1,1,0,36,166,4.611111111111111,False,2.498864428167535,1.0,0.953125
QmWc1V32kX468CSxi1KVz2vH5mzgaxxfG8cmMc5EWyix4T,Niel Gow - George Baillie,NA,George Baillie,Niel Gow,Niel Gow,classical,NA,publicdomain,0.0,0,0,4,1,1,0,34,238,7.0,False,2.1852870548072567,1.0,0.9322916666666666
QmdxA3P7xJqyQy4Tj7bee94eS1jWyPYh88hmqamxHv1NDg,Niel Gow - Gipsy Hornpipe,Master Erskine,Gipsy Hornpipe,Niel Gow,Niel Gow,classical,NA,publicdomain,0.0,0,0,25,1,1,0,36,226,6.277777777777778,False,2.6188724189866948,1.0,0.9602864583333334
QmV7t77JVibRwG53hRgLRkZZ6dUtn2m9jTyshMY1oK7vmf,Niel Gow - Gipsy Hornpipe (Master Erskine),NA,Gipsy Hornpipe (Master Erskine),Niel Gow,Niel Gow,classical,NA,publicdomain,0.0,0,0,3,1,1,0,36,226,6.277777777777778,False,2.6188724189866948,1.0,0.9602864583333334
QmQFGF5fjwZjNmCjP8ib8zm5f5a23q2AnYHsXCaX2XDfMk,Niel Gow - Gothenburg's Welcome,NA,Gothenburg's Welcome,Niel Gow,Niel Gow,classical,NA,publicdomain,0.0,0,0,5,1,1,0,35,183,5.228571428571429,False,2.6107628017494675,1.0,0.9157986111111112
QmaRrSY3S4d31h86UuxJCTZ1mggQJ7Hzz95FoWVPMmDbjP,Niel Gow - Highland Whisky,NA,Highland Whisky,Niel Gow,Niel Gow,classical,NA,publicdomain,0.0,0,0,12,1,1,0,34,268,7.882352941176471,False,2.531633036428415,1.0,0.916015625
QmQX8ozvsqU8VArTtGCBS6LSHVromCu6b4g394xFv7exme,Niel Gow - Hilton Lodge,NA,Hilton Lodge,Niel Gow,Niel Gow,classical,NA,publicdomain,0.0,0,0,1,1,1,0,34,250,7.352941176470588,False,2.2433973419637177,1.0,0.9016927083333334
QmbSfuegxeaBgmvzjXNVmnhEjBubBmQSa1wa8XU1p8m3YE,Niel Gow - Honorable John Leslie Melville,NA,Honorable John Leslie Melville,Niel Gow,Niel Gow (1727-1807),classical,NA,publicdomain,0.0,0,0,1,1,1,0,19,127,6.684210526315789,False,2.831002005109429,0.9448818897637796,0.9140625
QmcnpqEQcus6p8JYdyTKFxmykVuTaewentXk1V12HksTAt,Niel Gow - Honourable Mr. Ramsay Maule's Strathspey,NA,Honourable Mr. Ramsay Maule's Strathspey,Niel Gow,Niel Gow (1727-1807),classical,NA,publicdomain,0.0,0,0,8,1,1,0,18,135,7.5,False,2.5014818536484222,1.0,0.9166666666666666
QmUtezMdKbiVy64eHT9si5c79xBbLGKqDs1LfZRusAz28D,Niel Gow - John Leslie Melville,NA,John Leslie Melville,Niel Gow,Niel Gow,classical,NA,publicdomain,0.0,0,0,1,1,1,0,34,262,7.705882352941177,False,2.883574441846164,0.9389312977099236,0.91015625
QmXBuM9n1AvEQirTLooQkSq6yPUBuniq7Ucjfme2eVqvQ3,Niel Gow - Johnny Groat's House,NA,Johnny Groat's House,Niel Gow,Niel Gow,classical,NA,publicdomain,0.0,0,0,1,1,1,0,56,361,6.446428571428571,False,2.919041272743016,0.8781163434903048,0.9865451388888888
QmdtNETXbJ3dZkbWsojXnvmHPpn3hGBYKpPWUt4Rd9GAjn,Niel Gow - Lady Amelia Murray,NA,Lady Amelia Murray,Niel Gow,Niel Gow,classical,NA,publicdomain,0.0,0,0,1,1,1,0,19,150,7.894736842105263,False,2.616291018715286,1.0,0.9361979166666666
QmZs168SQxCuKeQuMdx5phnihD2N14YFBWqZQP8289xm5m,Niel Gow - Lady Amelia Murray,NA,Lady Amelia Murray,Niel Gow,Niel Gow,classical,NA,publicdomain,0.0,0,0,1,1,1,0,34,300,8.823529411764707,False,2.616291018715286,1.0,0.9342447916666666
QmQJCu9WdvxU1875Yf1mkYPDvkskxk2Wx7trtD9cmkoXec,Niel Gow - Lady Ann Hope's Favourite,NA,Lady Ann Hope's Favourite,Niel Gow,Niel Gow,classical,NA,publicdomain,0.0,0,0,3,1,1,0,34,320,9.411764705882351,False,2.644623937325368,1.0,0.8971354166666666
QmbFW87enZMX1vLywdhMbR8gS4LGwpS8RKEGmRx1wYscbP,Niel Gow - Lady Charlotte Murray,NA,LADY CHARLOTTE MURRAY,Niel Gow,Niel Gow,classical,NA,publicdomain,0.0,0,0,2,1,1,0,36,185,5.138888888888889,False,2.750447484569312,0.9513513513513514,0.9670138888888888
QmPqidsjpeDzJztUhjhGbDtqU5rQoG4MVFiSMiZAX8t9q5,Niel Gow - Lady Grace Douglas's Reel,NA,Lady Grace Douglas's Reel,Niel Gow,Niel Gow (1727-1807),classical,NA,publicdomain,0.0,0,0,9,1,1,0,21,121,5.761904761904762,False,2.6225090408869387,1.0,0.9635416666666666
QmdiaDbik7ttD7kRfjRKpwnUxczbkg8Kfo55V6Cdxnzupn,Niel Gow - Lady Madelina Sinclair,NA,Lady Madelina Sinclair,Niel Gow,Niel Gow,classical,NA,publicdomain,0.0,0,0,2,1,1,0,20,135,6.75,False,2.719485979041312,1.0,0.8569444444444445
QmcsGJrojEaBSoQD5Z9oymbD7tbYjTRujscYJCyGU1rT6p,Niel Gow - Lady Muir McKenzie's Favourite,NA,Lady Muir McKenzie's Favourite,Niel Gow,Niel Gow,classical,NA,publicdomain,0.0,0,0,2,1,1,0,35,219,6.257142857142857,False,2.6836407156551143,1.0,0.9401881720430108
QmRzAPSMTmtHzcHedtcKxG6p4SDo1sEvQJvPBgKfngHG6z,Niel Gow - Lamentation for James Moray of Abercairney,NA,Lamentation for James Moray of Abercairney,Niel Gow,Niel Gow,classical,NA,publicdomain,0.0,0,0,3,1,1,0,34,308,9.058823529411764,False,2.588634631932095,1.0,0.8971354166666666
QmcKN1wfPKzL1ABi8iLei2qvZ2UTckRAZoB4Yb4SZcY6o6,Niel Gow - Lawer's House,NA,Lawer's House,Niel Gow,Niel Gow,classical,NA,publicdomain,0.0,0,0,1,1,1,0,35,209,5.971428571428572,False,2.617050035436668,0.971291866028708,0.951171875
QmY27Xe2Lt1coieBHLuo4Jb7ohUpJaeCnpYDWpeeow6Dw9,Niel Gow - Leith Country Dance,NA,Leith Country Dance,Niel Gow,Niel Gow,classical,NA,publicdomain,0.0,0,0,3,1,1,0,60,272,4.533333333333333,False,2.898929651897616,0.8786764705882353,0.9528508771929824
QmNt8H7ByU57M81b9haBRmXSqnLLNuhCUQz7hBgHfWoVzx,Niel Gow - Leith Country Dance,NA,Leith Country Dance,Niel Gow,Niel Gow,classical,NA,publicdomain,0.0,0,0,5,1,1,0,18,84,4.666666666666667,False,2.603870804699106,0.9761904761904762,0.9427083333333334
QmUiZqhX9EyGPAHqH6Xgi16bX7quZs6TCRjbREoJriuQna,Niel Gow - Lord Blantyre,NA,Lord Blantyre,Niel Gow,Niel Gow,classical,NA,publicdomain,0.0,0,0,6,1,1,0,15,91,6.066666666666666,False,2.737543856100148,0.989010989010989,0.9236111111111112
QmUeCz62HCsacuvLne4oJhfgJBZWKKDHUiREbPoEEA8GCN,Niel Gow - Lord Gregory,NA,Lord Gregory,Niel Gow,Niel Gow,classical,NA,publicdomain,0.0,0,0,3,1,1,0,75,305,4.066666666666666,False,2.784770042271488,0.9603960396039604,0.8954326923076923
QmRZEdB6giKcjCci3zaAUzyStWh5YeTPLUBknGM5jLjYmv,Niel Gow - MacDonald,NA,MacDonald,Niel Gow,Niel Gow,classical,NA,publicdomain,0.0,0,0,1,1,1,0,34,286,8.411764705882353,False,2.6029306493759354,0.986013986013986,0.8756510416666666
QmUhmhEC7XF8JZCgbd3DJ9tgGo1Gwwrsrcykr7hfumvab4,Niel Gow - MacGregor Murray in the Celtic Chair,NA,MacGregor Murray in the Celtic Chair,Niel Gow,Niel Gow (1727-1807),classical,NA,publicdomain,0.0,0,0,3,1,1,0,17,160,9.411764705882351,False,2.739063004987968,0.9625,0.9140625
QmRrVtNjccHLTzEoyVRow24NMSW7iM5VnYyA6VDQhcp8Fi,Niel Gow - Major Graham,NA,Major Graham,Niel Gow,Niel Gow,classical,NA,publicdomain,0.0,0,0,4,1,1,0,22,113,5.136363636363637,False,2.3898056770336336,1.0,0.914351851851852
Qmeg4maSGvRhfGYYApZnh1aDzwpaS5MvKtNJFri7dtoLsG,Niel Gow - Major Graham,Major Graham of Inchbrakie,Major Graham,Niel Gow,Niel Gow,classical,NA,publicdomain,0.0,0,0,2,1,1,0,32,234,7.3125,False,2.335399020845919,1.0,0.9401041666666666
QmQBUVnBWEgXSHFaCAhkLeabsdL4br7ZZEEY5VR2wokhYr,Niel Gow - Major Graham of Inchbrakie,NA,Major Graham of Inchbrakie,Niel Gow,Niel Gow,classical,NA,publicdomain,0.0,0,0,7,1,1,0,19,132,6.947368421052632,False,2.44436523106204,1.0,0.8997395833333334
QmV89VcuAexS5sqjfvDN2RbQF6oz9U3zovfuNWu3Lp27RA,Niel Gow - Miss Coulston,NA,Miss Coulston,Niel Gow,Niel Gow,classical,NA,publicdomain,0.0,0,0,3,1,1,0,35,147,4.2,False,2.5705891773202083,0.9863945578231292,0.94921875
QmXtCSd8G16i6aKXNJckSE6tJgSt3kDMEnj2x5YGSKFPLg,Niel Gow - Miss Erskine of Torry,NA,Miss Erskine of Torry,Niel Gow,Niel Gow,classical,NA,publicdomain,0.0,0,0,0,1,1,0,40,282,7.05,False,2.528798632803458,0.9397163120567376,0.9108072916666666
QmRiiD1hQJhy2zpLAdKSCx3AFjTrgBPU3QyjGNDRNrmU8k,Niel Gow - Miss Margaret Graeme of Inchbrakie,NA,Miss Margaret Graeme of Inchbrakie,Niel Gow,Niel Gow,classical,NA,publicdomain,0.0,0,0,0,1,1,0,19,124,6.526315789473684,False,2.536525617099868,0.9758064516129032,0.92578125
QmZhcJn5jVYjCmRBYcuYCNnTPa49YpSd2jm4CBUpzEr2LG,Niel Gow - Miss Ross,NA,Miss Ross,Niel Gow,Niel Gow,classical,NA,publicdomain,0.0,0,0,0,1,1,0,19,123,6.473684210526316,False,2.5636689376300565,1.0,0.9075520833333334
QmWjF157sUuQS3NVV4oYgJetQ5ayjf2tEUPi2HEums5ZpQ,Niel Gow - Miss Sarah Drummond of Perth,Calum Crubach,Miss Sarah Drummond of Perth,Niel Gow,Niel Gow,classical,NA,publicdomain,0.0,0,1,9,1,1,0,20,118,5.9,False,2.548509233881176,0.9830508474576272,0.9296875
QmPJE83YDN5pEtbjMkAyqpxCtUHXQsPtPCES7wpthgyX99,NIEL GOW - MISS STEWART,NA,MISS STEWART,Niel Gow,NIEL GOW,classical,NA,publicdomain,0.0,0,0,3,0,2,0-0,19,298,15.68421052631579,False,2.627061678158889,0.953020134228188,0.9765625
QmaDpHmiX9gb3u1PDr1G3TSSgQ7vpjMHtgVdaKj45Uisyu,Niel Gow - Mr. Graham of Orchill,NA,Mr. Graham of Orchill,Niel Gow,Niel Gow,classical,NA,publicdomain,0.0,0,0,2,1,1,0,34,256,7.529411764705882,False,2.3022803549945667,1.0,0.9173177083333334
QmaZ5KmLpwWEf9rZJuyKTB8z2xGBLaYgUAbcdVHC2AL5Dm,Niel Gow - Mr. Graham of Orchills,NA,Mr. Graham of Orchills,Niel Gow,Niel Gow,classical,NA,publicdomain,0.0,0,0,5,1,1,0,19,144,7.578947368421052,False,2.330282721297817,1.0,0.9205729166666666
QmURLgJwa4m8FBt2EAGMTDvJHptQsbn1x4tdUCjjE4iRrT,Niel Gow - Mr. Moray of Abercairny,NA,Mr. Moray of Abercairny,Niel Gow,Niel Gow,classical,NA,publicdomain,0.0,0,0,1,1,1,0,19,128,6.7368421052631575,False,2.4480752163504995,1.0,0.9075520833333334
QmYN8Xnd9HJmMpT6QawfgVcgCmd2vXhya8SXkbXxPhTbZV,Niel Gow - Mr. Moray of Abercarney,NA,Mr. Moray of Abercarney,Niel Gow,Niel Gow,classical,NA,publicdomain,0.0,0,0,0,1,1,0,34,256,7.529411764705882,False,2.4480752163504995,1.0,0.955078125
QmVkFCxctN9BX2aoKB18bSsHLkzz72KmpVU3NxHQWFq2R7,Niel Gow - Mr. Ramsay Maule,NA,Mr. Ramsay Maule,Niel Gow,Niel Gow,classical,NA,publicdomain,0.0,0,0,5,1,1,0,34,262,7.705882352941177,False,2.4961317463126065,1.0,0.9244791666666666
QmPWgjaLeAyhqsq7xSUa6r4teTVtD8kbt76wrLjZ2GwMrq,Niel Gow - Mrs MacDouall Grant,NA,Mrs MacDouall Grant,Niel Gow,Niel Gow,classical,NA,publicdomain,0.0,0,0,2,1,1,0,36,132,3.6666666666666665,False,2.720349479086665,1.0,0.9283854166666666
QmdemWyMpFQvitG9gFuh7wUCVAqtWTqk8qrZW1i8bM61Ww,Niel Gow - Mrs MacDouall Grant (G),NA,Mrs MacDouall Grant (G),Niel Gow,Niel Gow,classical,NA,publicdomain,0.0,0,0,1,1,1,0,27,97,3.592592592592593,False,2.6701082603603097,1.0,0.9253472222222222
QmZdYVRHLisdAJ5EDWcyKDSdnKffw1iuRgg1wXfWfgyh7N,Niel Gow - Mrs MacDouall Grant [AABCC],NA,Mrs MacDouall Grant [AABCC],Niel Gow,Niel Gow,classical,NA,publicdomain,0.0,0,0,1,1,1,0,45,165,3.6666666666666665,False,2.6958913171720105,1.0,0.9661458333333334
QmdQ3RwwhQJN1E7DDjEudx7hgNPukbQoKfMByRpe1nWqyv,Niel Gow - Mrs. Baird of New Blyth,NA,Mrs. Baird of New Blyth,Niel Gow,Niel Gow,classical,NA,publicdomain,0.0,0,0,1,1,1,0,34,282,8.294117647058824,False,2.7596711651866297,0.9858156028368794,0.927734375
QmYTxbrXZcK1ZUTh55SAnuHmQXuU4pequaf7TKr3EM49dS,Niel Gow - Mrs. Baird of New Byth,NA,Mrs. Baird of New Byth,Niel Gow,Niel Gow,classical,NA,publicdomain,0.0,0,0,7,1,1,0,19,146,7.684210526315789,False,2.794832622354337,0.9863013698630136,0.9231770833333334
QmeXKqt7gkEkKrfdGPyhuMcFar71hi18aYVuxz6QWHRkui,Niel Gow - Mrs. Carmichael of Skirling' s Strathspey,NA,Mrs. Carmichael of Skirling' s Strathspey,Niel Gow,Niel Gow,classical,NA,publicdomain,0.0,0,0,1,1,1,0,32,298,9.3125,False,2.3522099783786468,1.0,0.9127604166666666
QmZS8m4G7GNY28U1oa94RKbVw3RYYHQiKS6Jrj34yDFkSb,Niel Gow - Mrs. Chisholm,NA,Mrs. Chisholm,Niel Gow,Niel Gow,classical,NA,publicdomain,0.0,0,0,0,1,1,0,34,260,7.647058823529412,False,2.480943431677807,1.0,0.9095052083333334
QmQaNmLk16dTudG4VEzLGNLytUr37583kKM6uQBSkFDeXN,Niel Gow - Mrs. Menzies of Culdares,NA,Mrs. Menzies of Culdares,Niel Gow,Niel Gow,classical,NA,publicdomain,0.0,0,0,0,1,1,0,34,286,8.411764705882353,False,2.5435438182867607,1.0,0.90234375
QmeCVrJR9642bdDKTcaqHSPQxPJNiZdpvC7YUYDjB5jUMi,Niel Gow - Niel Gow's Compliments to Mr. Marshall,NA,Niel Gow's Compliments to Mr. Marshall,Niel Gow,Niel Gow,classical,NA,publicdomain,0.0,0,0,1,1,1,0,16,150,9.375,False,2.4241925651326994,1.0,0.8932291666666666
QmQ2mch5xXGo6fg6d6yPU46YoCYPUhAgjT6hr8QEtJvvom,Niel Gow - Niel Gow's Lament for the Death of His Second Wife,NA,Niel Gow's Lament for the Death of His Second Wife,Niel Gow,Niel Gow,classical,NA,publicdomain,0.0,0,0,13,1,1,0,40,230,5.75,False,2.592298718008983,0.9869565217391304,0.8246527777777778
QmZXGR46EYjuboeULC4a4FZQyU77tXeMGuFtEi34F112sS,Niel Gow - Niel Gow's Lament for the Death of His Second Wife,NA,Niel Gow's Lament for the Death of His Second Wife,Niel Gow,Niel Gow,classical,NA,publicdomain,0.0,0,0,10,1,1,0,31,196,6.32258064516129,False,2.5589279355319148,0.9846938775510204,0.8779761904761905
QmTCS1XCQgBdsPTa7zbFKwQauwdsrvyKrBngfyj6NDcBKa,Niel Gow - Niel Gow's Lamentation for Dr. James Moray of Abercairney,NA,Niel Gow's Lamentation for Dr. James Moray of Abercairney,Niel Gow,Niel Gow,classical,NA,publicdomain,0.0,0,0,4,1,1,0,20,162,8.1,False,2.646439493096714,1.0,0.8811274509803921
QmcfS1J5VCB4tznXLF2BY1Haf618x6YTNDTHXAr8EECmKc,Niel Gow - Niel Gow's Quickstep,The Reverend John MacFarlane,Niel Gow's Quickstep,Niel Gow,Niel Gow,classical,NA,publicdomain,0.0,0,0,2,1,1,0,36,174,4.833333333333333,False,2.631281426626099,1.0,0.953125
QmSaxUnSVYnGRXc1cGT1CUDEt6QUH7EGCR4LoCBSYMQhMs,Niel Gow - Niel Gow's Quickstep,NA,Niel Gow's Quickstep,Niel Gow,Niel Gow,classical,NA,publicdomain,0.0,0,0,1,1,1,0,36,174,4.833333333333333,False,2.631281426626099,1.0,0.8828125
QmacQpGRURWFmo1J8ecfJH6Xv6NA8rcaYzoK6SPca2Huaf,Niel Gow - None so Pretty,NA,None so Pretty,Niel Gow,Niel Gow,classical,NA,publicdomain,0.0,0,0,6,1,1,0,18,85,4.722222222222222,False,2.6038108747184348,1.0,0.9322916666666666
Qmb84eU377zn4LzBqdFpDg8GZQ89QLsfNj6kL4jLMkaYzS,Niel Gow - Prince of Wales,NA,Prince of Wales,Niel Gow,Niel Gow,classical,NA,publicdomain,0.0,0,0,0,1,1,0,79,634,8.025316455696203,False,2.7522061989934605,0.9589905362776026,0.9191176470588236
QmUDqcebktiPohZpyxbupkCJfc6238Vay2R51mCcWNWjjv,Niel Gow - Prince of Wales,NA,Prince of Wales,Niel Gow,Niel Gow,classical,NA,publicdomain,0.0,0,0,0,1,1,0,20,153,7.65,False,2.5737214798789747,1.0,0.9140625
QmeTrBRjZ9tNNmm4y31F53zoDjWaQrqavuh7wtdr5SC5f4,Niel Gow - Quickstep,NA,Quickstep,Niel Gow,Niel Gow,classical,NA,publicdomain,0.0,0,0,1,1,1,0,52,258,4.961538461538462,False,2.6345627275642647,1.0,0.8810763888888888
QmX8Ee9qntD55JzCUPQZTMxBjHkzfpbY3xcqFD4AYKLzGa,Niel Gow - Sir George MacKenzie,NA,Sir George MacKenzie,Niel Gow,Niel Gow,classical,NA,publicdomain,0.0,0,0,1,1,1,0,19,110,5.789473684210527,False,2.82530384410664,0.9636363636363636,0.9401041666666666
Qmdbzx9nKQE5yxvnPdjCLXanydsqkiweZLUSqDDcLy24NX,Niel Gow - Susie Brodie,NA,Susie Brodie,Niel Gow,Niel Gow,classical,NA,publicdomain,0.0,0,0,4,1,1,0,33,261,7.909090909090909,False,2.453043883607786,0.9846743295019156,0.9134114583333334
Qmaz9CdUxWoGsk9mit67iVkTSH2FUKWx28eTp4v6VvdSCg,Niel Gow - The Athole Volunteers Quickstep,NA,The Athole Volunteers Quickstep,Niel Gow,Niel Gow (1727-1831),classical,NA,publicdomain,0.0,0,0,2,1,1,0,36,187,5.194444444444445,False,2.4592921514703048,1.0,0.9348958333333334
Qmc3VCnbjHrUeqfA3u27sN2qPMSPDJsXeHFCZ4qZqDVZes,Niel Gow - the Countess of Eglinton's Delight,NA,the Countess of Eglinton's Delight,Niel Gow,Niel Gow,classical,NA,publicdomain,0.0,0,0,5,1,1,0,45,233,5.177777777777778,False,2.678205679961984,0.9742489270386266,0.9409722222222222
QmRQaDNFA2eKuAoY3AqnskDaauT95nXfDNGpyq556zefWD,Niel Gow - The Duchess of Atholl's Slipper,NA,The Duchess of Atholl's Slipper,Niel Gow,Niel Gow 1788,classical,NA,publicdomain,0.0,0,0,2,1,1,0,27,124,4.592592592592593,False,2.157802482600766,1.0,0.9284420289855072
QmXRVLUCNRGVBA85eHsvnnX7T7Es9J7azBfW5WkzSe36mr,Niel Gow - The Duchess of Atholl's Slipper,NA,The Duchess of Atholl's Slipper,Niel Gow,Niel Gow 1788,classical,NA,publicdomain,0.0,0,0,5,1,1,0,18,133,7.388888888888889,False,2.1849480350677504,1.0,0.9010416666666666
QmYDm6JzrBYPfnc9MWaKm1i8SyTyzRFcgns2p8L7emafEw,Niel Gow - The Dunkeld Volunteers,NA,The Dunkeld Volunteers,Niel Gow,Niel Gow,classical,NA,publicdomain,0.0,0,0,6,1,1,0,36,150,4.166666666666667,False,2.6046865341864165,1.0,0.9498697916666666
QmRyNVH7nMutMULxmsgiXMadSKsLDDwX6kmtVoacB22VrS,NIEL GOW - THE DUTCHESS OF ATHOLE'S SLIPPER,NA,THE DUTCHESS OF ATHOLE'S SLIPPER,Niel Gow,NIEL GOW,classical,NA,publicdomain,0.0,0,0,5,0,2,0-0,16,281,17.5625,False,2.240687762100912,1.0,0.9140625
Qmesev4fdZu533jwYnsqNphRE52uCAYEgzEkn674996C3H,Niel Gow - the Earl of Breadalbane's Hermitage,NA,the Earl of Breadalbane's Hermitage,Niel Gow,Niel Gow,classical,NA,publicdomain,0.0,0,0,2,1,1,0,20,108,5.4,False,2.760102567279238,0.925925925925926,0.9622395833333334
QmU25NHoiJ2fYcNqNezNaydmpFMAAZG4fraXUCArqPJCu4,Niel Gow - The Earl of Dalhousie's Happy Return to Scotland,NA,The Earl of Dalhousie's Happy Return to Scotland,Niel Gow,Niel Gow,classical,NA,publicdomain,0.0,0,0,16,1,1,0,32,183,5.71875,False,2.762335211341358,1.0,0.91796875
QmZno51Bc9tc7oNSrSE7gbATX4Eh7wgwmk3Nsd8WgreMEc,Niel Gow - The Earl of Dalhousie's Happy Return to Scotland,NA,The Earl of Dalhousie's Happy Return to Scotland,Niel Gow,Niel Gow,classical,NA,publicdomain,0.0,0,0,9,1,1,0,24,134,5.583333333333333,False,2.7432922655075784,1.0,0.921875
QmeNdVYVzzzu3tx8NkWut33irwSNrLVD8UUptXnwDhr7ZQ,Niel Gow - The Gallowglass,NA,The Gallowglass,Niel Gow,Niel Gow,classical,NA,publicdomain,0.0,0,0,8,1,1,0,36,176,4.888888888888889,False,2.613158891370938,1.0,0.9670138888888888
QmbcZsEZJ4vxKuNhF8k7rkYkroobLGGX4Yec4rN9HyMgbj,Niel Gow - The Hermitage Bridge,NA,The Hermitage Bridge,Niel Gow,Niel Gow (1727-1807),classical,NA,publicdomain,0.0,0,0,0,1,1,0,36,217,6.027777777777778,False,2.7119727183409936,0.9631336405529954,0.8802083333333334
QmQwMbhDuQgyuiWXE7NhTTBRQuLqoqsXX2pKmKhKtQspnb,Niel Gow - the Hon. Mrs Maule's Favourite,NA,the Hon. Mrs Maule's Favourite,Niel Gow,Niel Gow,classical,NA,publicdomain,0.0,0,0,2,1,1,0,19,117,6.157894736842105,False,2.794675689867881,1.0,0.9661458333333334
QmSGjK2CxLdtKnPnGAbU3Fv1BwhMqNPx3f3bdm1CWYoALY,Niel Gow - The Ladies of Dunse,NA,The Ladies of Dunse,Niel Gow,Niel Gow,classical,NA,publicdomain,0.0,0,0,15,1,1,0,43,196,4.558139534883721,False,2.798819526732089,0.9897959183673468,0.9104166666666668
Qmek5yU8WL3oD2Msq3PKxh6hw68ozGGGnZoXod2gH9mPbZ,Niel Gow - The Nether Bow Has Vanished,NA,The Nether Bow Has Vanished,Niel Gow,Niel Gow,classical,NA,publicdomain,0.0,0,0,1,1,1,0,18,128,7.111111111111111,False,2.420665890032873,1.0,0.9244791666666666
QmWhnUTnDFREWguxtjYwXAxdY9ArMHoB8iNENQYitQZ7pi,Niel Gow - the Sailor's Wife,NA,the Sailor's Wife,Niel Gow,Niel Gow,classical,NA,publicdomain,0.0,0,0,3,1,1,0,35,166,4.742857142857143,False,2.6090449350912084,0.9759036144578314,0.9600694444444444
QmZq3A644W22QLZ4CUNGT5LJZ7HA4MUenniacYFc7Q9ShA,Niel Gow - The Sailor's Wife,NA,the Sailor's Wife,Niel Gow,Niel Gow,classical,NA,publicdomain,0.0,0,4,89,1,1,0,18,84,4.666666666666667,False,2.603870804699106,0.9761904761904762,0.9427083333333334
QmWY4mep6pcFZYfW3jtsWzebkfT82tcriVaYbcWyyreP3b,Niel Gow - The Shepherd's Crook,NA,The Shepherd's Crook,Niel Gow,Niel Gow,classical,NA,publicdomain,0.0,0,0,6,1,1,0,18,118,6.555555555555555,False,2.593081670336341,1.0,0.9401041666666666
QmRhiFPd6wF2u1G8q31V6zcPxDrCd8epjhGSraLEJbQ8bK,Niel Gow - Tweedside,NA,Tweedside,Niel Gow,Niel Gow,classical,NA,publicdomain,0.0,0,0,3,1,1,0,26,101,3.8846153846153846,False,2.6339763887636747,1.0,0.9247685185185184
QmRSAn7NgnBebPbRKiHWd3Y8oyLFsgnNCDjSJSVD6nBrHz,Niel Gow - Wearmouth Lads,Col. Robertson of Strewan's Welcome Home,Wearmouth Lads,Niel Gow,Niel Gow,classical,NA,publicdomain,0.0,0,0,1,1,1,0,36,166,4.611111111111111,False,2.5613312559736983,1.0,0.9557291666666666
QmPoEkBt5BsEoudAMop48nX2ujNsvpcxVAogJoTbsRNo5p,Niel Gow - Welcome Whiskey Back Again,NA,Welcome Whiskey Back Again,Niel Gow,Niel Gow,classical,NA,publicdomain,0.0,0,0,3,1,1,0,16,121,7.5625,False,2.321836918102901,1.0,0.9427083333333334
QmU1xYpe4eembyyPuyMCJcqnYAyStV5hvFjRDu8xSQoEKD,Niel Gow - Wha Can Help It,NA,Wha can help it,Niel Gow,Niel Gow,classical,NA,publicdomain,0.0,0,0,5,1,1,0,35,183,5.228571428571429,False,2.6107628017494675,1.0,0.9123263888888888
QmaU5uHEWxJZ343LRn3LmAGSAMhft91kFXWbbcGSDAo1nK,Niel Gow - Wha can help it,NA,Wha can help it,Niel Gow,Niel Gow (1727-1807),classical,NA,publicdomain,0.0,0,0,2,1,1,0,35,199,5.685714285714286,False,2.59252146984736,1.0,0.9227430555555556
QmUyMm6BZf83i77p7EzrUH1jwP3hcrzbMzAtW9vWTAQcon,Niel Gow - Whisky Welcome back again,NA,Whisky Welcome back again,Niel Gow,Niel Gow,classical,NA,publicdomain,0.0,0,0,6,1,1,0,32,242,7.5625,False,2.283866660538126,1.0,0.8984375
QmTbGnHT2i3ubnLVAShMsGhm9Cp85nhM6tuxNzg7gL9D3n,Niel Gow - Yester House,NA,Yester House,Niel Gow,Niel Gow,classical,NA,publicdomain,0.0,0,0,10,1,1,0,18,128,7.111111111111111,False,2.7224250113110777,0.953125,0.9479166666666666
QmYmvxwEizUwq7jBqf6oex9GxTYMmThPGLqC87KGkGPuQy,Niel Gow Jr - Fonab House,NA,Fonab House,Niel Gow Jr,Niel Gow Jr.,classical,NA,publicdomain,0.0,0,0,4,1,1,0,36,186,5.166666666666667,False,2.830129523887836,0.946236559139785,0.9453125
QmW3ZWhVe8ymWn8z7uibXNtP4h3pShYno7qABeiaRC2J9z,Niel Gow Jr - Lord Ramsay's Favorite,NA,Lord Ramsay's Favorite,Niel Gow Jr,Niel Gow Jr.,classical,NA,publicdomain,0.0,0,0,1,1,1,0,18,121,6.722222222222222,False,2.906278327171008,0.950413223140496,0.9752604166666666
QmNgf8utjhLhC44v7h9NLX5DzukyVb59SUdiJzXuscjzMN,Niel Gow Jr - The New Road to Brechin Castle,NA,The New Road to Brechin Castle,Niel Gow Jr,Niel Gow Jr.,classical,NA,publicdomain,0.0,0,0,2,1,1,0,18,126,7.0,False,2.8602834346562136,0.9047619047619048,0.9752604166666666
QmXhakG6dBRnFC9UmYBvBzxV7bX95xZgbJcwWP8EQakGFb,Niel Gow's Highland,Neil Gow's Second Wife,Niel Gow's Highland,Misc tunes,NA,NA,NA,publicdomain,0.0,0,0,1,1,1,0,16,128,8.0,False,2.644811834248529,0.9921875,0.9453125
QmSTbdo4qffdRNt24qyiM1SZafHQ5MNYjmVh3hEGRbJMzD,Niel Gow's Lament For His Second Wife,NA,Niel Gow's Lament For His Second Wife,Misc tunes,NA,NA,NA,publicdomain,0.0,0,0,8,1,1,0,117,390,3.333333333333333,False,2.7047574228411446,0.9692307692307692,0.9308035714285714
QmNxJG9x1FGtiHM9BdPGero4XS3npJyxc4f6xxT7s599nw,Niel Gow's Lament For His Second Wife,NA,Niel Gow's Lament For His Second Wife,Misc tunes,NA,NA,NA,publicdomain,0.0,0,0,5,1,1,0,41,275,6.7073170731707314,False,2.6034288100556,0.9854545454545456,0.841820987654321
QmbGDDnwodnm8v9yguKFL69wTgDFAXG1mUyEmxBbWujvNZ,Niel Gow's Recovery,Neil Gow's Recovery1st setting,Niel Gow's Recovery,Misc tunes,NA,NA,NA,publicdomain,0.0,0,0,4,1,1,0,34,280,8.235294117647058,False,2.743626526059632,0.9785714285714284,0.912109375
QmYnYDABrCiHKfgm7GRsEjm6cZ9pgdFNPPqyWiUfUjkrXw,NieR Automata - A Beautiful Song,NA,misc soundtrack,Misc Soundtrack,rit. _,soundtrack,NA,cc-zero,4.82,20,85,4167,2,1,0,43,616,14.325581395348838,False,3.038988606995714,0.9333333333333332,0.9283854166666666
QmcAWnk2w9sEeWFnP14QPNwgVZzQkiZhTw2istRQocfzUC,Nier Automata - Vague Hope (Cold Rain),NA,Vague Hope,Keigo Hoashi,Composer: Keigo Hoashi,soundtrack,nier-paino-videogame,cc-zero,4.72,8,46,1067,1,1,0,76,871,11.460526315789474,False,2.946236877387275,0.9540757749712974,0.9013157894736842
QmPXAHwS9DVc2Jzf1MPHskRySMzVjo43LxoLZWgtWxeoMK,Nigel Gatherer - Air for America [An],NA,Air for America [An],Nigel Gatherer,Nigel Gatherer,classical,NA,publicdomain,0.0,0,1,10,1,1,0,18,113,6.277777777777778,False,2.7523812374426893,1.0,0.9127604166666666
QmPogG3kf37cTo2NfBJTdvGoYGM7Uwb6dCvvJQQQrNbMZh,Nigel Gatherer - Air for Linda,NA,Air for Linda,Nigel Gatherer,Nigel Gatherer,classical,NA,publicdomain,0.0,0,0,3,0,2,0-0,45,497,11.044444444444444,False,2.824815017470699,0.979633401221996,0.971875
QmVvHezdHqvkF9oqzSL5NCD3YyaquNYosFNsy8UoDhwoVT,Nigel Gatherer - Air for Linda,NA,Air for Linda,Nigel Gatherer,Nigel Gatherer,classical,NA,publicdomain,0.0,0,0,10,1,1,0,45,299,6.644444444444445,False,2.703994642294968,1.0,0.971875
QmZ3G3S7CebAyisrg8Lpw2RYiwiEBE15Dr4XKsKW7r9PEZ,Nigel Gatherer - Air for Linda (Harmony),NA,Air for Linda (Harmony),Nigel Gatherer,Nigel Gatherer,classical,NA,publicdomain,0.0,0,0,7,1,1,0,45,198,4.4,False,2.896014126610263,0.9494949494949496,0.9625
QmP2jqFaaUHGCHw8BcQwXmEgb2UVMitrkhzjGYZSqip7As,Nigel Gatherer - Anna-Wendy's Jig,NA,Anna-Wendy's Jig,Nigel Gatherer,Nigel Gatherer,classical,NA,publicdomain,0.0,0,1,3,1,1,0,45,227,5.044444444444444,False,2.2388424905431994,1.0,0.9784722222222222
QmarQVmro3EQBdzYGKqzcKzgqTRGeaPF2et9UGEEXQshny,Nigel Gatherer - Auchindrain,NA,Auchindrain,Nigel Gatherer,Nigel Gatherer,classical,NA,publicdomain,0.0,0,0,2,1,1,0,45,308,6.844444444444444,False,2.6911593556857776,0.9642857142857144,0.9385416666666668
Qmb358SRrE623dUf38HoEUe3UfcopvLFaMmd17DGVYqk6a,Nigel Gatherer - Big Rory,NA,Big Rory,Nigel Gatherer,Nigel Gatherer,classical,NA,publicdomain,0.0,0,0,3,1,1,0,45,278,6.177777777777778,False,2.7176706148965004,1.0,0.9296875
QmTAEqhJYiiVUjkKxrzgwrPQnSw7i9FXUM6ogStCC6XsYS,Nigel Gatherer - Big Rory,NA,Big Rory,Nigel Gatherer,Nigel Gatherer,classical,NA,publicdomain,0.0,0,0,2,1,1,0,17,111,6.529411764705882,False,2.722967513118171,1.0,0.9444444444444444
QmbcutgqrHpfy9rKRxh6wH2EQ8k1p5FR3RcWqtQ2HS6xTD,Nigel Gatherer - Bill & Morag's Wedding Waltz,NA,Bill & Morag's Wedding Waltz,Nigel Gatherer,Nigel Gatherer,classical,NA,publicdomain,0.0,0,0,7,1,1,0,67,231,3.4477611940298507,False,2.5525095380427434,0.9956709956709956,0.92578125
QmZUaKPSu2kr3ELnsy65b8dEBi3nh7JCr15AApQSf9dGQm,Nigel Gatherer - East Parkside,NA,East Parkside,Nigel Gatherer,Nigel Gatherer,classical,NA,publicdomain,0.0,0,0,17,1,1,0,85,254,2.988235294117647,False,2.7008661797207387,1.0,0.9163194444444444
QmNVdUkB8dietFnt4ty1f3xnkcYEuNtbbmKfB4vJH2Qqi9,Nigel Gatherer - Gorgie Farm,NA,Gorgie Farm,Nigel Gatherer,Nigel Gatherer,classical,NA,publicdomain,0.0,0,0,3,1,1,0,35,177,5.057142857142857,False,2.731501483475032,1.0,0.9626736111111112
QmZ6bu296nqA9zbqVJQyne3htRhrLu2TGCLLmvaAUnqUFw,Nigel Gatherer - Home Farm Waltz,NA,Home Farm Waltz,Nigel Gatherer,Nigel Gatherer 1983,classical,NA,publicdomain,0.0,0,0,7,1,1,0,45,188,4.177777777777778,False,2.712117681447578,1.0,0.9222222222222224
QmXJSA5hGWMt5TribX5fbs8Aqi6oKbKHuiAnnMgiLtjdML,Nigel Gatherer - Irregular Rhythm Exercise,NA,Irregular Rhythm Exercise,Nigel Gatherer,Nigel Gatherer,classical,NA,publicdomain,0.0,0,0,6,1,1,0,16,80,5.0,False,1.5709505944546684,1.0,0.9765625
QmX1RZkyhS2c71Tnk1wYTWHdfJNLrxSZoMYnuYn3RZzRWw,Nigel Gatherer - Jamie Laval's Welcome to Glasgow,NA,Jamie Laval's Welcome to Glasgow,Nigel Gatherer,Nigel Gatherer,classical,NA,publicdomain,0.0,0,0,4,1,1,0,20,126,6.3,False,2.748946186412851,1.0,0.8658854166666666
QmRw3Y4RHPxGR8Jgf5bMNGWXsqhJSkYzGznr3KSgmCY2P6,Nigel Gatherer - Jenny Long Legs,NA,Jenny Long Legs,Nigel Gatherer,Nigel Gatherer,classical,NA,publicdomain,0.0,0,0,3,1,1,0,20,87,4.35,False,2.337031449777852,1.0,0.9666666666666668
QmS49UCscj5N1eVLucW4dPcpB6ehqqyDmditMeG3TBsina,Nigel Gatherer - June's Reel,NA,June's Reel,Nigel Gatherer,Nigel Gatherer,classical,NA,publicdomain,0.0,0,0,2,1,1,0,45,296,6.5777777777777775,False,2.7138884943443045,1.0,0.9458333333333332
QmWp38T2kppqh7FEcWEWzPnfXP4VXr861L8AfXxmoViZxJ,Nigel Gatherer - Monroesque,NA,Monroesque,Nigel Gatherer,Nigel Gatherer,classical,NA,publicdomain,0.0,0,0,1,1,1,0,13,76,5.846153846153846,False,3.0534350866165703,0.8947368421052632,0.9479166666666666
Qmcuk1Tu9BvJ3EwY3zJuMFxuZdSyBikKBifgQrotZ46caK,Nigel Gatherer - My Darling's Awake,NA,My Darling's Awake,Nigel Gatherer,Nigel Gatherer,classical,NA,publicdomain,0.0,0,0,3,1,1,0,45,299,6.644444444444445,False,2.698392936267293,1.0,0.9598958333333332
Qmej7NKLD2y39xCs6wuET4dRZg1tL1ZwCxbquTiDHruuEA,Nigel Gatherer - Nigel's Compliments to Manuel,NA,Nigel's Compliments to Manuel,Nigel Gatherer,Nigel Gatherer,classical,NA,publicdomain,0.0,0,0,1,1,1,0,16,62,3.875,False,2.1465975220108304,1.0,0.9348958333333334
QmPfpJGj7YWRasxeiacNtghPCx2eYRFuDod6RTNBZmUs6M,Nigel Gatherer - Nuala's Jig,NA,Nuala's Jig,Nigel Gatherer,Nigel Gatherer,classical,NA,publicdomain,0.0,0,0,2,1,1,0,40,195,4.875,False,2.724700510115892,1.0,0.9423611111111112
Qmcbtiw7KZk9mRWJd3ms5K9e259gA6Nz4vZ7Dbk7ZB4Xdq,Nigel Gatherer - Seonaid's Reel,NA,Seonaid's Reel,Nigel Gatherer,Nigel Gatherer,classical,NA,publicdomain,0.0,0,0,4,1,1,0,36,230,6.388888888888889,False,2.8058457522033327,0.982608695652174,0.9563802083333334
QmayFmccwiTRoyE3jK62MN8dRDcVWUsnFzhjubc38bsQDJ,Nigel Gatherer - The Bear With a Sore Head,NA,The Bear With a Sore Head,Nigel Gatherer,Nigel Gatherer,classical,NA,publicdomain,0.0,0,0,4,1,1,0,30,161,5.366666666666666,False,2.38555610003152,1.0,0.9043560606060606
QmT6Wqsnu2R85BXcoqeiaUNoRt5xtvNVBM9iVJkZy7U5v1,Nigel Gatherer - The Clock Tower,NA,The Clock Tower,Nigel Gatherer,Nigel Gatherer,classical,NA,publicdomain,0.0,0,0,9,1,1,0,20,72,3.6,False,1.9212629890864727,1.0,0.98125
QmfZtB2kqXsiUf5bVBViap5K46VBB28kGQUPrAHHeYVap7,Nigel Gatherer - The First of October,NA,The First of October,Nigel Gatherer,Nigel Gatherer,classical,NA,publicdomain,0.0,0,0,3,1,1,0,40,130,3.25,False,2.422775066261337,1.0,0.9880208333333332
QmPetx3iyYwkE4UL9RykH6dfyrCtbyR8UPZZRBGjW5U1mJ,Nigel Gatherer - the Five Stringed Fiddle,NA,The Five Stringed Fiddle,Nigel Gatherer,Nigel Gatherer,classical,NA,publicdomain,0.0,0,0,2,0,2,0-0,36,203,5.638888888888889,False,2.8415855152753497,0.9850746268656716,0.9158333333333332
QmdZohaJJPjVBVtYpFokvmbd83LGykfxkcoz5kkNcSuah5,Nigel Gatherer - the Five Stringed Fiddle,NA,The Five Stringed Fiddle,Nigel Gatherer,Nigel Gatherer,classical,NA,publicdomain,0.0,0,0,4,1,1,0,34,102,3.0,False,2.754034828118121,1.0,0.9131944444444444
QmZ29NXd8YCQ49iQr4P7E1bkoPjFAVDH7nd6XeDTtPj2hv,Nigel Gatherer - The Five Stringed Fiddle,NA,The Five Stringed Fiddle,Nigel Gatherer,Nigel Gatherer,classical,NA,publicdomain,0.0,0,0,10,1,1,0,85,252,2.9647058823529413,False,2.734313015767156,1.0,0.9180555555555556
QmfSdgchrwAjxUHKeibc9xdHEAe6ayt2Ya8Dud9eVF5MSR,Nigel Gatherer - the Five Stringed Fiddle,NA,The Five Stringed Fiddle,Nigel Gatherer,Nigel Gatherer,classical,NA,publicdomain,0.0,0,0,19,0,2,0-0,72,406,5.638888888888889,False,2.8415855152753497,0.9850746268656716,0.9166666666666666
QmfKiWSja3cwthth1vkdhnmFUxe7Zw1vs6nMQUmpz44yjb,Nigel Gatherer - The Frisky Frog,NA,The Frisky Frog,Nigel Gatherer,Nigel Gatherer,classical,NA,publicdomain,0.0,0,0,7,1,1,0,16,51,3.1875,False,2.502727472217204,1.0,0.9700520833333334
QmfAYvqzffgQxDVB4KPXwPmhJWvbD4yHpT5aph5hKifBw1,Nigel Gatherer - The Knock,NA,The Knock,Nigel Gatherer,Nigel Gatherer,classical,NA,publicdomain,0.0,0,0,5,1,1,0,20,141,7.05,False,2.591077024045521,1.0,0.9541666666666668
QmTezPFwfK9w8bZXBrZpARVn8SoeoZtrvDmMpwgyzbpi4Y,Nigel Gatherer - the Soggy Path,NA,the Soggy Path,Nigel Gatherer,Nigel Gatherer,classical,NA,publicdomain,0.0,0,0,6,1,1,0,32,140,4.375,False,2.66977583945772,1.0,0.9140625
QmVUGJZvqVCN9EhEGiqMH68CTUqRSj2a8tqrFD5mNBTXPh,Nigel Gatherer - The Soggy Path,NA,the Soggy Path,Nigel Gatherer,Nigel Gatherer,classical,NA,publicdomain,0.0,0,0,4,1,1,0,40,176,4.4,False,2.661394191649277,1.0,0.9104166666666668
QmWARcMxPFdBcN4JeG5xfpYvT1aKz5QqYc6scRKy9fnZZ4,Nigel Gatherer - The Star of the Lothians,NA,The Star of the Lothians,Nigel Gatherer,Nigel Gatherer,classical,NA,publicdomain,0.0,0,0,6,1,1,0,36,242,6.722222222222222,False,2.61693504019156,1.0,0.9576822916666666
QmZQsAVLhsQmXm5swjZBvgTRHdeVAhDUPgSuE2UwEy9sJT,Nigel Gatherer - The Tailor Made,NA,The Tailor Made,Nigel Gatherer,Nigel Gatherer,classical,NA,publicdomain,0.0,0,0,10,1,1,0,52,258,4.961538461538462,False,2.6649041438416337,1.0,0.960648148148148
QmXdUkkd9aBNa5sgoB6YMt1PtMupodsYsugwjgH8X2GG1C,Nigel Gatherer - The Wedgwood March,NA,The Wedgwood March,Nigel Gatherer,Nigel Gatherer,classical,NA,publicdomain,0.0,0,0,6,1,1,0,40,130,3.25,False,2.176361130851696,1.0,0.89375
QmNfhyDxJ3rs5nWops7dD9hpDen4qFPwdpu5Mf923M4VZL,Nigel Gatherer - Tumshie's Jig,NA,Tumshie's Jig,Nigel Gatherer,Nigel Gatherer,classical,NA,publicdomain,0.0,0,0,3,1,1,0,36,180,5.0,False,2.6041706943395324,1.0,0.9748263888888888
QmRqbp2SJ2SNiJPUhi4pv3ypzKWu1KHd2pkoFViLFxCA8m,Nigel Gatherer - Water Wynd,NA,Water Wynd,Nigel Gatherer,Nigel Gatherer,classical,NA,publicdomain,0.0,0,0,2,1,1,0,45,303,6.733333333333333,False,2.706167506051381,0.9933993399339934,0.9791666666666666
QmUKdfHPhc3MpiYaQB7ES3VA7P4FMhdkyZ4xpfJvoXj7AU,Nigel Gatherer - Wee Morag,NA,Wee Morag,Nigel Gatherer,Nigel Gatherer,classical,NA,publicdomain,0.0,0,0,2,1,1,0,19,109,5.7368421052631575,False,2.539417143103156,1.0,0.9375
QmPjCgJ1L3WriYyJ43HYS5ZHDV2wbdjCbTeU5r1pBRCQV3,Nigel Gatherer - Wee Morag II,NA,Wee Morag II,Nigel Gatherer,Nigel Gatherer,classical,NA,publicdomain,0.0,0,0,1,1,1,0,19,111,5.842105263157895,False,2.545551421931568,1.0,0.90625
QmPgr4QM1bfYV1aCNrpqFX3DMC96mxsVc2HN6G4BQVqtdV,Nigel Gatherer Nov - The Sheet of Ice,NA,The Sheet of Ice,Nigel Gatherer Nov,Nigel Gatherer Nov 2004,classical,NA,publicdomain,0.0,0,0,6,1,1,0,16,94,5.875,False,2.7004890376033104,0.8829787234042553,0.9861111111111112
QmQxipqEU3xZJJ7UiX8C1Q2ckXQQihSB2ybpbhw9dFVCWd,Nigel's Compliments Returned to Manuel,NA,Nigel's Compliments Returned to Manuel,Misc tunes,Nigel Gatherer scots-l 2002-4-15,NA,NA,publicdomain,0.0,0,0,2,1,1,0,16,62,3.875,False,2.1465975220108304,1.0,0.9700520833333334
QmeQnjrctneCEzsqAsm4dMhwNumeqQcwBd32xVEqD8pfoT,Nigger and the White Man,Seven Up,Nigger and the White Man,Misc tunes,NA,NA,NA,publicdomain,0.0,0,0,59,1,1,0,4,28,7.0,False,2.0634648712250887,1.0,0.9583333333333334
QmNzcFMWecW3U7vThPXMbKJHPvznNATyzyQKGc6Lq4vBLZ,Nigger Jim,Jimmy King,Nigger Jim,Misc tunes,NA,NA,NA,publicdomain,0.0,0,0,27,1,1,0,8,59,7.375,False,2.4953102096087423,1.0,0.9661458333333334
QmWqNCFC6QbPVh4kCTGTrJK5L7nSnzBrvVYLDK9MTA2WtA,Nigger Sick,NA,Nigger Sick,Misc tunes,NA,NA,NA,publicdomain,0.0,0,0,8,1,1,0,8,57,7.125,False,2.5674172450485,1.0,0.9635416666666666
QmYtcvgm8nwt5p6ycMLsNw9nD2esXQaD6Ne2dvZsSYdLws,Nighan bhuidh an Tàiller,Tailor's Daughter TheJenny Nettles [1],Nighan bhuidh an Tàiller,Misc tunes,NA,NA,NA,publicdomain,0.0,0,0,2,1,1,0,30,178,5.933333333333334,False,2.6863875855647263,1.0,0.9644097222222222
QmWbccno6mpXVbTy3tdDbNKPZkoMj2HmsWtbT8coWjZKyr,Nighan Bhàn a Mhùiller,Millers fair daughterWillie Davy,Nighan Bhàn a Mhùiller,Misc tunes,NA,NA,NA,publicdomain,0.0,0,0,2,1,1,0,19,115,6.052631578947368,False,2.257857884393882,1.0,0.9661458333333334
QmTS8esEkXPpNPEpzu8oYMnXgQmT3s4GfSzmoPxdbxFvXN,Nighan nan Gamhnach,Mountain Dairymaid TheCameleon The,Nighan nan Gamhnach,Misc tunes,NA,NA,NA,publicdomain,0.0,0,1,12,1,1,0,18,135,7.5,False,2.346923275554968,1.0,0.9363425925925926
QmdMBvy4UnBori2cZ5SKQLryHt4oHmDnf8rL2kLTSCmSba,Nighean Donn A Chuitein Riomhaich,NA,Nighean Donn A Chuitein Riomhaich,Misc tunes,Joe Buchanan's Scottish Tome - Page 527.1,NA,NA,publicdomain,0.0,0,0,10,1,1,0,32,57,1.78125,False,2.4326979335463608,1.0,0.9465579710144928
QmUvFp3U5vraZQHhBYjetEfAGH8oJkRyeBeg1knVyBzKKk,Nighean Donn a' Chuailein Riomhaich,NA,Nighean Donn a' Chuailein Riomhaich,Misc tunes,Joe Buchanan's Scottish Tome - Page 506.0AKA Lassie With The Golden Hair,NA,NA,publicdomain,0.0,0,0,8,1,1,0,32,60,1.875,False,2.4001351197714627,1.0,0.9496527777777778
QmNv9gWCJbUsziTNrmLuaLz89C4pNwnrQPkyGzp8Vuzmiq,Night and day for many many years - R. M. McIntosh Mus. Doc.,NA,Night and day for many many years,R. M. McIntosh Mus. Doc.,NA,classical,NA,publicdomain,0.0,0,0,6,1,1,0,16,278,17.375,True,2.488570377604598,1.0,0.9348958333333334
QmUZ5vbniX4S4d9UGDodMLhqoiQ9fjvPmBUMkGuJ2YCiqB,Night is at hand the day draws to its close - Alfred L. Field,NA,Night is at hand the day draws to its close,Alfred L. Field,NA,classical,NA,publicdomain,0.0,0,0,3,1,1,0,18,199,11.055555555555555,True,3.04432430931074,0.9095477386934674,0.9660087719298246
QmYz4R8uDf1Y2TeETG5TqB8aBXpY2CW5LTEbZdQLFo6P5i,Night Light,Pink Floyd - The Endless River,Night Light,Pink Floyd,Sam Anderson,rock,NA,cc-zero,0.0,0,2,70,1,1,0,36,177,4.916666666666667,False,3.3366484725181915,0.751412429378531,0.9107142857142856
QmdeChVgtfg23JR9LCiYDv6dWJiwc5cBmQzst2suPb8k4c,Night PieceThe. (p)1651.PLFD.070,Shaking Of The SheetsThe. (p)1651.PLFD.070,Night PieceThe. (p)1651.PLFD.070,Misc tunes,NA,NA,NA,publicdomain,0.0,0,0,2,1,1,0,16,78,4.875,False,2.5771617260338604,1.0,0.9574652777777778
QmUSrMkTRLGSAvfCbQuxcqWyPAVcd6RyqjtKeE4UbMb1Ad,Night Terror,NA,Night Terror,anthonygreen0,Anthony Green,NA,spook,cc-zero,0.0,0,6,369,2,1,0,62,1423,22.951612903225808,False,3.046669232287625,0.8229093464511595,0.9310109289617486
QmdFvo8EY6U1gtB8BkKCGB3vZaMgENU87SwhdpeVuWWTAE,Night Time Meldoy 2.0,NA,NA,NA,NA,NA,NA,cc-zero,0.0,0,0,147,0,2,0-0,32,238,7.4375,False,2.7967986314852262,0.9915966386554622,0.939516129032258
QmaGhdaS9jaXLpEjmhWhWt9ko5NjejBL6RbaNufB22YGJM,Night Train - Philip Glass (arr. for solo piano),from Einstein on the Beach,Night Train,Philip Glass,Philip Glass arr. Bradley Pittman,classical,minimal-minimalism-piano-solo-glass-reich-modern-opera-keyboard-experimental-simple-easy-beginner-energetic-fast-rhythm-philipglass-koyaanisqatsi-glassworks-metamorphosis-nighttrain-night-cool-meditation-epic-dance-s-contemporary-masterpiece-arrangement-pianosolo-keys-organ-practice-filmscore-film-zimmer-candyman-satyagraha-einsteinonthebeach-experiment-lesson-phase-phasing-pianophase,cc-zero,4.84,23,34,2504,2,1,0,246,7694,31.276422764227643,False,2.305224527078552,1.0,0.9993489583333334
QmYkh6mCXGECsMdxNhDBqHbLBxAJKDUuj55AG95ZnGvrv3,Night's End,NA,NA,NA,Ashton Roman,NA,night-sad-soothing,cc-zero,0.0,0,1,42,2,1,0,44,484,11.0,False,2.8145673724955715,0.9834710743801652,0.9597701149425288
QmaXMTQ1AymU2GSPx5Q9pJQG8EYjY8AmvFU24k5wd8EVZh,Nightcall Reverie,NA,NA,NA,NA,NA,NA,cc-zero,4.83,3,10,974,2,1,0,116,2093,18.04310344827586,False,2.7359899784101,1.0,0.9728107344632768
QmV2yE3mynXkuT7JinBUDPnXqrR717rKGbTGNCrBP4C6Wj,Nighthawks,NA,NA,NA,Michael Schubert,NA,NA,cc-zero,0.0,0,1,96,2,1,0,81,772,9.530864197530864,False,2.7521494184234,0.9948119325551232,0.959375
QmaGaPMfYTXzP3ZCP44YaXaQ4ep3E1VNQJUmJqeXXgEFPf,Nightingale,NA,Nightingale,Misc tunes,No 37 Pages 14-15 William Clarke of Feltwell MS 1858,NA,NA,publicdomain,0.0,0,0,3,1,1,0,36,113,3.138888888888889,False,2.780094789858923,0.9469026548672568,0.9557291666666666
QmYMwuVDWaUifsjW8KyvZeBoAtwZ7dtSZh5yaTaWsNfFin,Nightmare,NA,Nightmare,anni.brauer,Anne Brauer,NA,composition-piano,cc-zero,0.0,0,11,183,2,1,0,55,590,10.727272727272728,False,2.607784112717682,0.9779661016949152,0.9731060606060606
QmRQcp1oF8PgRi4zyzZDEpZXJU4HzhgvYkcuetZSpFE6W1,Nightmare No.2,Eternal Ballet,Nightmare No.2,cs-26610,Cameron Spruce,NA,NA,cc-zero,0.0,0,0,16,2,1,0,58,764,13.172413793103448,False,2.967548791608273,0.9484126984126984,0.930717054263566
QmcPczbRi1nHDXMrJbmAe1P3dD9fgyvzwRtr2RnXQa4wwm,Nightmare on Ringhaddy Avenue Composed by Richard Parkes,NA,Nightmare on Ringhaddy Avenue Composed by Richard Parkes,Misc tunes,NA,NA,NA,publicdomain,0.0,0,0,4,1,1,0,62,593,9.564516129032258,False,2.603035694862065,1.0,0.9972222222222222
Qmb4SwsUbRfoK8sZAbJc7ampCeYVxMLmCK4BxVR88XoC8L,Nights In White Satin,Vocal in A Minor,nights in white satin,The Moody Blues,Moody Blues Arr. By Jerry Robinson Time Conversion by AJ Hanmer,rock-pop,NA,publicdomain,4.66,3,11,3418,0,1,0,57,427,7.491228070175438,False,1.5158191695154035,1.0,0.8615056818181819
QmWNWrn29dvsCp2BssXc91Bj4yi1ZiQd6LCCnTML8oBndj,Nights of Nights,NA,NA,NA,NA,NA,NA,publicdomain,0.0,0,5,440,0,15,0-0-0-0-0-0-0-0-0-0-0-0-0-0-0,105,44906,427.67619047619047,False,3.4508228890967065,0.7420501194779732,0.4847756410256411
QmVpd3PQV86sT8LsXQhv29dsu6g6LJhzVcDnrkiShVkV1D,Nigun 13,NA,Niguno,Misc Traditional,NA,folk,NA,publicdomain,0.0,0,0,4,1,1,0,17,120,7.0588235294117645,False,2.299878255959646,1.0,0.9192708333333334
Qmc8J7KpsUGYR1EQowveVfuimcZm6m827PyHwBWoAdKRdu,Nigun4,NA,Niguno,Misc Traditional,NA,folk,NA,publicdomain,0.0,0,1,25,1,1,0,48,232,4.833333333333333,False,2.478250647786424,0.9655172413793104,0.9479166666666666
QmZhsPeKdTxKd9rLj5bLd8fYYZkcZUqfL9cGRQPaCtpTpw,Nihavend Pe?rev (Refik Fersan),NA,NA,NA,Beste: Refik Fersan,NA,NA,cc-zero,0.0,0,9,513,0,1,0,72,431,5.986111111111111,False,3.158313660393399,0.8700696055684455,0.865234375
QmRJAgchcAH4QiF3bdjjbFJP6Fvtc92CwWv96Y9NHUeKWF,Nihavend Saz Semaisi (Erzurumlu Hasib Dede),NA,Nihavend Saz Semaisi,Erzurumlu Hasib Dede,Beste: Erzurumlu Hasib Dede,NA,NA,cc-zero,0.0,0,16,2810,1,1,0,56,294,5.25,False,2.830283586585097,0.9319727891156464,0.9219858156028368
QmR6jBUGSWKEiTg2WS4QCiHLdiZkJkGjVgHwXXQmrDJ1Hk,NIKI - Pools [WIP],NIKI,Pools,Niki,NA,NA,pools-niki-nicolezefanya-rising-zephyr-wip-nikipoolspianosheetmusic-solo-piano-arrangement-alyssatruongg-alyssatruong,cc-zero,0.0,0,16,395,1,1,0,32,330,10.3125,False,2.585339088230189,1.0,0.9623655913978496
QmefLsqLrwcy3LfoZ8P9szkE7o7ehrPQKNHQuu57Ca1wyC,Nikolai Myaskovsky - The Yellowed Leaves op. 31 â 2,ÐÐÐÐÐÐÐÐÐÐÐÐ ÐÐÐÐÐÐ,ÐÐ¾ÐÐµÐÑÐµÐ²ÑÐÐµ ÑÑÑÐÐ½ÐÑÑ op. 31 â 2,Nikolay Myaskovsky,ÐÐÐºÐ¾ÐÐÐ¹ ÐÑÑÐºÐ¾Ð²ÑÐºÐÐ¹ÐÐ¾Ñ. 31,classical,piano-solo-russianmusic-myaskovsky-publicdomain,cc-zero,4.85,4,10,188,2,1,6,28,539,19.25,False,3.073375582108399,0.8886827458256029,0.9386415525114156
QmZru1XqLEpseesgfYchqWXu2Jr2jC15QuP74PCUTLp6x2,Nikolaj Kedrov Sr - ???? ??? - Otce Nash,(Pater Noster),???? ??? - Otce Nash,Nikolaj Kedrov Sr,Nikolaj Kedrov Sr. (1871 - 1940),classical,NA,publicdomain,4.49,3,1,104,0,4,0-0-0-0,14,410,29.285714285714285,True,2.6629402221355933,0.9898477157360406,0.9682291666666668
QmWjxzaZvDtKX5svFuKdLQQwGWm2QgE88bU4cRYKriKMa8,Nikos,Dungeons and Dragons,Nikos,LiterallyReal,Nicolas Mason,NA,NA,cc-zero,0.0,0,1,34,3,1,0,40,1041,26.025,False,2.63442530903965,1.0,0.9150219298245614
QmZUo6jYpm2Gm2oArgBXgmhjd41ZkpueYR5bToywFBXLVz,NILE (Antes) - John Antes,NA,NILE (Antes),John Antes,NA,classical,NA,publicdomain,0.0,0,0,3,1,1,0,14,158,11.285714285714286,False,2.9995573256828663,0.9367088607594936,0.9375
QmVrS5AyNiLh98pztgZ1t1pPAs8ymyKdpq7x98V7xs2jmT,Nillen (51232),NA,Nillen (51232),Misc Traditional,NA,folk,NA,publicdomain,0.0,0,0,1,1,1,0,12,96,8.0,False,2.5376099084598427,1.0,0.9557291666666666
Qmc5ZeVWxxsomppRTmGRM5X2fz4aejogdg5fYjoejo1XaQ,Nimbasa City (Piano Duet),NA,Nimbasa City,Shota Kageyama,NA,NA,pokemon-pokemonwhite-pokemonblack-duet,cc-zero,0.0,0,5,81,0,2,0-0,48,912,19.0,False,3.4927162744726328,0.7112597547380156,0.9636524822695036
QmTSjUYDn7QhX7zNhpgBkAYjmqDJXyNcCTPpuYTcHz6NqF,Nimrod,Simplified,Variations on an Original Theme 'Enigma' Op.36,Edward Elgar,Edward Elgar,classical,NA,cc-zero,4.65,17,29,941,2,1,0,44,503,11.431818181818182,False,2.928239240720284,0.9681908548707754,0.9446614583333334
QmWTNmsuT8eucobTWqyAYW5C6tWVhdzYQoDCxEvH4avHv6,Nincsen kedvem mert elvitte a fecske,NA,NA,NA,NA,NA,NA,cc-zero,0.0,0,0,54,1,1,0,19,48,2.526315789473684,True,2.328745216799029,1.0,0.9027777777777778
QmbUDZBbr7JRF8YqW443nxLnrJ8dG8o8KmUK7raomenULu,Nincsen kenyér nincsen só,NA,NA,NA,NA,NA,NA,publicdomain,0.0,0,0,20,1,1,0,6,36,6.0,True,2.4710773487736595,1.0,0.9333333333333332
QmZS8YkdNGHAFbseamqErB3u6DMxm3wrk6QHE16tEm37Hq,Nincsen rózsa mert lehullott a földre,NA,NA,NA,NA,NA,NA,publicdomain,0.0,0,1,114,1,1,0,12,44,3.6666666666666665,True,2.7350817563851377,0.9772727272727272,0.9488636363636364
QmQdHVxyzDPfoeDvowy9ZoxGXaiDLCPn2Ah5yA2XUov5Wf,Nine Elms. PFD3.162,NA,Nine Elms. PFD3.162,Misc tunes,NA,NA,NA,publicdomain,0.0,0,0,2,1,1,0,19,80,4.2105263157894735,False,2.75900256213855,0.975,0.9375
QmUWnxdKqK6yJii2GU319xqEyrgRFChVBwJgQR4V15dZvj,Nine hundred miles,NA,Nine hundred miles,Misc tunes,anon.,NA,NA,publicdomain,0.0,0,1,30,1,1,0,11,61,5.545454545454546,True,2.502518729256744,1.0,0.93125
QmePto4fF7uQynq6shebXhtA7N6YFQNRieDxo57ZBRphKi,Nine Points of Roguery,NA,Nine Points of Roguery,Misc tunes,NA,NA,NA,publicdomain,0.0,0,0,4,1,1,0,126,773,6.134920634920635,False,2.816500781236156,0.9689521345407504,0.9704241071428572
QmdzFtLLtNrizKUfmLA9qC3SnorWynFFagg8r5ppSVbRxR,Nine Points of Roguery (r) cre2<bb,NA,Nine Points of Roguery (r) cre2<bb,Misc tunes,NA,NA,NA,publicdomain,0.0,0,0,1,1,1,0,81,562,6.938271604938271,False,2.725957918804239,0.9644128113879004,0.9563078703703703
Qmaqrymc28DgfoB4uuaVx99kbvP4nunWZi1HV1yt88d8CQ,Ninety-Fifth - Colton,NA,Ninety-Fifth,Colton,NA,classical,NA,publicdomain,0.0,0,0,1,0,4,0-0-0-0,23,212,9.217391304347826,False,2.618047701687617,1.0,0.9682971014492754
QmcAwbXf6tfhZAzeZvYBgSmp7ftJ4UyHZBABUE7pDb75CR,Ninety-Third Psalm,NA,Ninety-Third,Misc Traditional,NA,folk,NA,publicdomain,0.0,0,0,1,0,3,0-0-0,14,98,7.0,False,2.59149947391001,1.0,0.9444444444444444
QmTNAHcXmT85sPPdwA6MPvtuagEJEurxqR82s9tLtTzQP2,Ningen shikkaku,NA,NA,NA,NA,NA,NA,cc-zero,4.85,4,7,186,2,1,0,155,1050,6.774193548387097,False,2.985352905305588,0.9257142857142856,0.9516882183908046
QmXEJq1vPw8V2m5XxpY36SFRmC9F2rXFu75mkHL5AQCQnB,Nintendo Labo Toy Con Garage Theme,NA,NA,NA,arrange: miso_soup3/thebiblobiblo,NA,nintendolabo,cc-zero,0.0,0,4,242,1,1,0,15,170,11.333333333333334,False,2.5393599698029963,0.9580838323353292,0.9402777777777778
QmQKJtJumghRAzhd87GHieo8bk8SVgiBfdT69EWyep2gdf,Nisi dominus - Alessandro Grandi,NA,Nisi dominus,Alessandro Grandi,NA,classical,NA,publicdomain,0.0,0,0,9,0,12,0-0-0-0-0-0-0-0-0-0-0-0,178,2693,15.129213483146067,True,3.129056157158691,0.8972972972972973,0.9815985732814526
QmUwBdMii6gv8vz3Fw1TKaHY4RgSLQ4nq1AohjJtA4UNtu,Nisi Dominus - Giovanni Giacomo Arrigoni,NA,Nisi Dominus,Giovanni Giacomo Arrigoni,NA,classical,NA,publicdomain,0.0,0,0,6,0,6,0-0-0-0-0-0,194,2157,11.118556701030927,False,2.968557729542238,0.9384,0.9775390625
QmZ5VmwsSLk6NDGg2mGETmj49muaoWCTPqAQhxjfhMuU2b,Niska Banja,NA,Niska Banja,Misc tunes,NA,NA,NA,publicdomain,0.0,0,2,58,1,1,1,17,69,4.0588235294117645,False,1.974175432174836,1.0,0.9632936507936508
QmNhxpLCQHaNsCzFsg5VC5QLKaCe3fjDtWxm9NyPL9HUv4,Niski'gwun's dream song,NA,Niski'gwun's dream song,Misc tunes,Chippewa Songs 1910,NA,NA,publicdomain,0.0,0,0,4,1,1,0,19,51,2.6842105263157894,False,2.357631229882228,0.9803921568627452,0.9034090909090908
QmYLrxY8mgQwGfGpjDcHX6RpVMWqaM1HB8h8zCcWDBzyYR,Nit my Dolly Palls Frake away. WHG.061,NA,Nit my Dolly Palls Frake away. WHG.061,Misc tunes,NA,NA,NA,publicdomain,0.0,0,0,2,1,1,0,21,85,4.047619047619048,False,2.7927108960956253,0.9882352941176472,0.9083333333333332
QmX1RDxyuaxxomD58cUnjTxYw72LdhycFWepdXvC1yo2gc,NitÄi Guá¹a Maá¹i,NA,NA,NA,NA,NA,vaisnava-bhajan-kirtan-krishna,cc-zero,0.0,0,0,19,1,1,0,40,322,8.05,True,2.726347994359223,1.0,0.9479166666666666
QmRrpqgTRpQ6kzbrSafa2njG6HBqZTd82ku9oahaQkBPJF,Niña A Bailar,NA,NA,NA,Julius Spengel(1853-1936),NA,canon,publicdomain,0.0,0,0,150,0,1,0,10,30,3.0,False,2.2419460322060454,1.0,0.9635416666666666
QmXWiFYkg7EGzdCesZnTJWWvXLCgp5V2KTyyxPv55ARZTM,NJEGA GAMBIA SOLO,NA,NJEGA GAMBIA SOLO,rhythm120,NA,NA,NA,cc-zero,4.71,4,4,137,0,2,0-0,42,475,11.30952380952381,False,1.7944946954603165,0.6989247311827957,0.825
QmYKT114coGjex1fCtcYcrSq3iU91biHDuZcUSa4qVhtUU,NMC 1 - Minuet in A Major,Minuet in A Major,NMC 1 - Minuet in A Major,sn9250500,Sean N. Nabari,NA,NA,cc-zero,0.0,0,0,26,1,1,0,64,400,6.25,False,2.815670306449781,0.97,0.9444444444444444
QmNpvQpmfGMx9E1rZR1MsUSEheZySuJyP5o4EsfUNzYCD9,NMC 2 - 8 Variations on La Folia for Harpsichord,8 Variations on La Folia for Harpsichord,NMC 2 - 8 Variations on La Folia for Harpsichord,sn9250500,Sean N. Nabari,NA,NA,cc-zero,0.0,0,0,31,0,1,6,133,1250,9.398496240601505,False,2.8663138858837067,0.9384,0.9507575757575758
QmXxMsYEnEHts8kHT9ALiAM653MLxcAMJqVLRSusJTKaKc,No 1,NA,NA,NA,Spencer Tanenholtz,NA,NA,cc-zero,0.0,0,0,28,1,1,0,32,195,6.09375,False,2.44163220952879,1.0,0.9053030303030304
QmZbLXiXB7QXQUK8W3s2jr4fbWT7coFikudQ2nXhBtC3bJ,No 10,NA,No 10,dragonriptide,NA,NA,NA,cc-zero,0.0,0,0,18,1,1,0,49,473,9.653061224489797,False,3.1173666061450604,0.9069767441860463,0.8984929078014184
QmYmMU6BNYBupssS98fq3SUUJTxYWibN6jCs1Rf63urGZa,No 10,Tuba Audition Piece,NA,NA,Cameron Korving,NA,NA,cc-zero,0.0,0,0,38,1,1,0,67,301,4.492537313432836,False,3.164078676964365,0.83,0.8854166666666666
QmYLFPJDg4Z2BRJyaEgLZErrwaCvLbcsNX9LeSuDMoegdB,No 133. TTa.12,Go to the Devil and Shake Yourselfaka. TTa.12Sylphaka. TTa.12 The,No 133. TTa.12,Misc tunes,NA,NA,NA,publicdomain,0.0,0,0,1,1,1,0,34,172,5.0588235294117645,False,2.58652206970489,1.0,0.9548611111111112
QmTBNuoMMFCxe3cPSxKRh1Uv2KNUfyHa8ZTLG6cbKGUK6j,No 18 Vedrai carino solo,Aria,VEDRAI CARINO,Misc tunes,NA,NA,NA,cc-zero,4.83,3,4,145,1,1,0,89,193,2.168539325842697,False,2.7635099123809472,0.9689119170984456,0.8850806451612904
Qme1qnbK8EMXqVoKJMMzgVAcwbzcezWEg6cd7LY9hXwoR5,No 86. TTa10,Brown Haired Boyaka. TTa10 TheYellow Haired Laddieaka. TTa10 The,No 86. TTa10,Misc tunes,NA,NA,NA,publicdomain,0.0,0,0,3,1,1,0,36,148,4.111111111111111,False,2.688544486279014,1.0,0.9288194444444444
QmdK7kUessjhqMgCprD9LBz5RWePXQXitpwkMmDyZkYvMh,No Adrenaline,NA,NA,NA,Ian Livingstone,NA,valianthearts-noadrenaline-piano-ianlivingstone,cc-zero,4.86,34,138,5601,2,1,0,67,1192,17.791044776119403,False,2.672653071898325,0.985738255033557,0.9619883040935672
QmVdF3g6oyc9enaLv7FxzRqgcjPZZFoY1gjZkm6neThoxX,No blossom needs the light - Chas. H. Gabriel,NA,No blossom needs the light,Chas. H. Gabriel,NA,classical,NA,publicdomain,0.0,0,0,2,1,1,0,19,214,11.263157894736842,False,2.767413160347264,0.97196261682243,0.9453125
QmbcfKsf9TczHCSWhzsmPsun535kBJdERFtiLo9Sr4jRgF,No book like the Bible - W. H. Doane,NA,No book like the Bible,W. H. Doane,NA,classical,NA,publicdomain,0.0,0,0,5,1,1,0,36,311,8.63888888888889,False,2.553111991343668,0.9935691318327974,0.9704861111111112
QmS8fdKqHxVWzCx3cQtpQmcSspLaPHef92MQnzDJRJiBvT,No Christ means no salvation - W. Stillman Martin,NA,No Christ means no salvation,W. Stillman Martin,NA,classical,NA,publicdomain,0.0,0,0,3,1,1,0,20,200,10.0,False,2.740856620374948,0.975,0.9045138888888888
QmdTU6D28du8xABwpKKpNZb7U4S7HFnPzsxZKGykzADF9g,No cloud can hide the heaven's blue the rainbow must appear - B. D. Ackley,NA,No cloud can hide the heaven's blue the rainbow must appear,B. D. Ackley,NA,classical,NA,publicdomain,0.0,0,0,7,2,1,0,19,413,21.73684210526316,False,2.723010683967672,0.9709443099273608,0.8860294117647058
QmV3SERZz8YuDeHTPZ9NybkW9hxmdLRzzbyqPSuB1gTffR,No doubt my dear friends you have heard people say - Arthur F. Ingler,NA,No doubt my dear friends you have heard people say,Arthur F. Ingler,NA,classical,NA,publicdomain,0.0,0,0,9,1,1,0,20,320,16.0,False,2.598369953102582,0.96875,0.921875
QmS4J6arWZpajsNWF61TpxJv8hDVctJN17ZuLTLpKo8GBd,No Friction (Guitar),NA,No Friction (Guitar),JacobWilhelm,Jacob Wilhelm,NA,guitar-jazz-funk-jazz,cc-zero,0.0,0,0,37,1,1,0,140,710,5.071428571428571,False,3.062049106997519,0.8760563380281691,0.959375
QmXAW2pWRiLttMmyXtDmh9q4Dp8G5HqLednMF1dTBqmB18,No home! no home! O hapless one - Jno. R. Sweney,NA,No home! no home! O hapless one,John R. Sweney,NA,classical,NA,publicdomain,0.0,0,0,4,1,1,0,18,210,11.666666666666666,False,2.5484150941524626,1.0,0.94140625
QmagaT26ujfbCTMtBm3NnngzbP8og1hau8ggoKYZH1KghU,No hope had I no light within - D. B. Towner,NA,No hope had I no light within,D. B. Towner,NA,classical,NA,publicdomain,0.0,0,0,3,2,1,0,19,283,14.894736842105264,False,2.446368505041764,0.9893992932862192,0.9534313725490196
QmaTpSk9DZ1dyKq4bRMS9SbSXF6TabrxfqggtSDhTCPqAL,No human tongue can ever tell how sweet - Clinton Dudley Lowden,NA,No human tongue can ever tell how sweet,Clinton Dudley Lowden,NA,classical,NA,publicdomain,0.0,0,0,2,2,1,0,27,416,15.407407407407408,False,2.8596750974010217,0.96875,0.9427083333333334
QmaGF7fFEFRKVCVoRQpWKWZhdLMRP8a3G3MyTfSw67ugZm,No idea - The Anvil,NA,The Anvil,No idea,No idea,classical,NA,publicdomain,0.0,0,0,9,1,1,0,40,229,5.725,False,2.394157591245414,1.0,0.9678571428571427
QmVD1dZW5oMzD7w7X9LEcE4ip2ZKy997WLeZhBYt63YS7W,No longer delay your returning - R. C. Ward,NA,No longer delay your returning,R. C. Ward,NA,classical,NA,publicdomain,0.0,0,0,2,2,1,0,20,344,17.2,False,2.599917522302497,0.981012658227848,0.8663194444444444
QmU7CqvpXgE3f6MCKEg9wL88ndbEQaCPi4t7pDuCbWw9Dj,No longer doth fair Galilee - Ira B. Wilson,NA,No longer doth fair Galilee - Ira B. Wilson,Ira B. Wilson,NA,classical,NA,publicdomain,0.0,0,0,2,1,1,0,19,226,11.894736842105264,False,2.89512481441105,0.9557522123893806,0.9027777777777778
QmYWuYBBPkghE58bZKHaPu39QccYmGBtHjPrfMQv6W39XD,No Master,NA,NA,NA,Arr. from Ludwig Spohr,NA,williammorris-socialism,publicdomain,0.0,0,0,104,1,1,0,18,235,13.055555555555555,False,2.564374678140815,0.9914893617021276,0.8888888888888888
QmNYMPESYhXYy8g3x74PGAntB24qktyAXPXLcjXkw7FUbH,No matter how far from the fold you have wandered - A. A. Baldwin,NA,No matter how far from the fold you have wandered,A. A. Baldwin,NA,classical,NA,publicdomain,0.0,0,0,10,1,1,0,17,312,18.352941176470587,False,2.6898153652464147,0.9839743589743588,0.9201388888888888
QmUcPcp9tvaWJXxUfyFr9LzATePvmoEi2cUw9pWPy46eHp,No matter how hard goes the battle of life - Fred A. Fillmore,NA,No matter how hard goes the battle of life,Fred A. Fillmore,NA,classical,NA,publicdomain,0.0,0,0,3,2,1,0,18,295,16.38888888888889,False,2.553885021526459,0.9830508474576272,0.9045138888888888
QmSYeu5vESh1GBnQnRijaVC9NGCSFvop7RKbejQv9vVqFz,No Matter The Wreckage,NA,No Matter The Wreckage,Misc tunes,NA,NA,NA,publicdomain,0.0,0,0,3,1,1,0,33,236,7.151515151515151,False,2.8469940330214483,0.9745762711864406,0.96875
QmVPkRxxgTyb6yNhP5hoNGJ6VFnvnHEQYsVSuhMvEkFsHC,No matter what the trials we may bear - R. Frank Lehman,NA,No matter what the trials we may bear,R. Frank Lehman,NA,classical,NA,publicdomain,0.0,0,0,16,2,1,0,16,299,18.6875,False,2.6348268604572604,0.979933110367893,0.8675595238095238
QmQujjCecA8H6CwVQd7MnxNx5HWmxUg49KfuYBJFxoYGKe,no me dejaras,Cerca De Ti,no me dejaras,Alex Cadena,Alex cadena,NA,NA,cc-zero,0.0,0,0,1,1,1,0,75,774,10.32,False,2.633634656347528,1.0,0.9474885844748858
QmbHKgUK7cvRTG2atJqYkkMchMqJDJzGmUUCo1SpVK2NnH,No more a slave in Satan's power - Chas. Edw. Pollock,NA,No more a slave in Satan's power - Chas. Edw. Pollock,Chas. Edw. Pollock,NA,classical,NA,publicdomain,0.0,0,0,3,1,1,0,20,238,11.9,False,2.388680267797088,1.0,0.9045138888888888
QmXXxgVHNNqCDPhYBDx64eZSihsETQ58VhpkiCymqCc1Qw,No more can the worlds fleeting pleasure allure - W. F. Fowler,NA,No more can the worlds fleeting pleasure allure,W. F. Fowler,NA,classical,NA,publicdomain,0.0,0,0,2,2,1,0,28,457,16.321428571428573,False,2.792062106541629,0.953846153846154,0.9351851851851852
QmaQLoN4Yjv88fujAKebSVm7H5fnUHpuwpQJQYskusUn8C,No more I fear the longest night - D. B. Towner,NA,No more I fear the longest night,D. B. Towner,NA,classical,NA,publicdomain,0.0,0,0,9,1,1,0,26,285,10.961538461538462,False,2.639147078697972,0.9894736842105264,0.9155092592592592
Qmebvb2QJQ9MGvHBjogQsEznpyW9MyNdfXBeXAX5XR1AWH,No motivation,NA,No motivation,iankyle1189,Ian Granada,NA,NA,cc-zero,0.0,0,0,29,1,1,0,105,365,3.4761904761904763,False,3.3159223141070684,0.8273972602739726,0.9176829268292684
QmU7jY8jSGxLiwMvBSDDKfLVBEcpdpCx18Z2cjiFF9WGFV,no name,gan ainmRebekka's Tune,no name,Misc tunes,NA,NA,NA,publicdomain,0.0,0,0,4,1,1,0,27,139,5.148148148148148,False,2.52544067060905,1.0,0.9366319444444444
QmRmdHbrZMa3pRCv7TiTXgC7FLsPqvwQocUAKNHVBAyKyk,NO NAME from Joanie Madden with ornaments,NA,NO NAME from Joanie Madden with ornaments,Misc tunes,NA,NA,NA,publicdomain,0.0,0,0,9,1,1,0,27,240,8.88888888888889,False,2.792605159737731,0.9833333333333332,0.9439102564102564
QmdoUveeRDaUW5Qo8agSZgEePcAgrmo5tjGk2jWsLPsumo,No No Not I My Love. JBut.024,NA,No No Not I My Love. JBut.024,Misc tunes,'A Retreat',NA,NA,publicdomain,0.0,0,0,2,1,1,0,36,136,3.7777777777777777,False,2.789891330878392,0.9705882352941176,0.9348958333333334
QmQ9zFh7VwyiX2Q48ejbCZiq1XX5c876TWwRSYxLu6BmzB,No not despairingly come I to thee (Sweney) - Jno. R. Sweney,NA,No not despairingly come I to thee (Sweney),John R. Sweney,NA,classical,NA,publicdomain,0.0,0,0,2,1,1,0,16,167,10.4375,True,2.5157374445583685,0.9820359281437124,0.9622395833333334
QmQrQG1RCjWmLbiPLxBwbxfbs2CwCCmzNrKAEGXdrgukfZ,No not despairingly Come I to Thee - Anon.,NA,No not despairingly Come I to Thee,Anonymous,NA,classical,NA,publicdomain,0.0,0,0,10,1,1,0,14,149,10.642857142857142,False,2.883073811954035,0.959731543624161,0.94375
QmaeTvyC23UpGenGSVSXNuL52JeQDUcsFj5J4Auw7wqoHP,No Oh Oh-CLC,NA,No Oh Oh,CLC,Arranged by: Stephy Loo,NA,clc-kpop,publicdomain,0.0,0,33,1197,2,1,0,27,468,17.333333333333332,False,2.3914064366618293,0.9444444444444444,0.9089506172839508
QmfTHPa4ot35PTiGeLyNUdobeiPoyrfgSEe8R5UrqnF48s,No One,NA,NA,NA,NA,NA,NA,cc-zero,0.0,0,9,876,0,1,0,36,719,19.97222222222222,False,2.720352072515896,1.0,0.968452380952381
QmWTFHn3PAPdtmP5LrBi4sx65KEazYEYTZuPQhF6DAM7g9,No one can help you but Jesus - D. B. Towner,NA,No one can help you but Jesus,D. B. Towner,NA,classical,NA,publicdomain,0.0,0,0,2,1,1,0,18,259,14.38888888888889,True,2.603469055807506,0.9691119691119692,0.9041666666666668
QmZawjt45secA2yv4fSDLu41euvzjNc6MaVFY7YJ3AUmtt,No one can tell what pleasures I see - J. H. Ruebush,NA,No one can tell what pleasures I see,J. H. Ruebush,NA,classical,NA,publicdomain,0.0,0,0,2,1,1,0,20,274,13.7,False,2.2490332443959207,1.0,0.9388020833333334
QmPyaMVTeZwEjrSVHfAnngGUkEcZBsSX9RLUA72KXHjSUv,No one is forgotten at the feast the Lord prepareth - Chas. H. Gabriel,NA,No one is forgotten at the feast the Lord prepareth,Chas. H. Gabriel,NA,classical,NA,publicdomain,0.0,0,0,3,2,1,0,19,418,22.0,True,2.497772422786664,0.9976076555023924,0.9583333333333334
QmX4Px2tsTXswNPNpqEeLt3aPtRa4JKiXYXdhSRSFdSRo2,No one knows the burdens many hearts must ever bear - O. A. Miller,NA,No one knows the burdens many hearts must ever bear,O. A. Miller,NA,classical,NA,publicdomain,0.0,0,0,4,2,1,0,16,367,22.9375,True,2.662741483758908,0.989100817438692,0.9166666666666666
QmafqxeQ4WQJdSXoVbyeB5m6fATmXbn71yeSFqqJVH1wyz,No one like Jesus can make my heart clean - May Whittle Moody,NA,No one like Jesus can make my heart clean,May Whittle Moody,NA,classical,NA,publicdomain,0.0,0,0,3,2,1,0,12,231,19.25,True,2.956196683967871,0.9210526315789472,0.9212962962962964
QmNSi2qryUVMc8niVYBzk8bGRknJM9irMh64XBmUbWG5qh,No one save Jesus only - Robert Lowry,NA,No one save Jesus only,Robert Lowry,NA,classical,NA,publicdomain,0.0,0,0,9,1,1,0,22,261,11.863636363636363,False,2.493533447498501,0.9961685823754788,0.9729166666666668
QmebLWwAi93e4zqVi4smqjf9XhWb6v5FuHQHroYoqUcUVC,No ordinary girl,NA,no ordinary girl,Kate Alexa,Indiana Evans,pop,NA,cc-zero,4.11,6,27,3833,0,1,0,106,453,4.273584905660377,True,2.5590129637783683,1.0,0.8893474842767296
QmejsNWE816tpLcF63AaYLtpbDVYRfbigsZkaborzAYwmw,No other love like thine can be - Gustav Lange,NA,No other love like thine can be,Gustav Lange,NA,classical,NA,publicdomain,0.0,0,2,67,2,1,0,30,371,12.366666666666667,False,3.0699451096783785,0.9155313351498636,0.9421296296296297
QmTkewVzZcw9jboYx8iqqVee4bN3umfR3o12M25EaZx6EA,No other name found on earth or in heav'n - Haldor Lillenas,NA,No other name found on earth or in heav'n,Haldor Lillenas,NA,classical,NA,publicdomain,0.0,0,0,4,1,1,0,26,360,13.846153846153848,True,2.8232225686037844,0.9497206703910616,0.9444444444444444
QmYPV3BZFCeCtaP3r84WZ3vsWCexR13hh4HSLKZ3MosF6D,No other refuge Lord have I - W. F. Heath,NA,No other refuge Lord have I,W. F. Heath,NA,classical,NA,publicdomain,0.0,0,0,5,1,1,0,17,219,12.882352941176473,True,2.60101546628895,0.9863013698630136,0.9444444444444444
QmcYUu5BZFUnnhBfEVFWKFkrNeueRoWLzXVSn6yKXGksSL,No Peace,NA,the chain,Ingrid Michaelson,NA,rock-folk,NA,cc-zero,0.0,0,0,12,0,6,0-0-0-0-0-0,33,24,0.7272727272727273,False,2.235926350629033,1.0,0.984375
QmRonjcMZavGxUCHeuuT2cKzKH4v3v3ckjNWaBWMQc1sQs,No results found,NA,NA,NA,Composer,NA,NA,cc-zero,0.0,0,1,38,1,1,0,32,244,7.625,False,2.754162294723856,1.0,0.9973958333333334
QmYZovhyFMDAnQunjBjAXy7Q64bnwzUP5vV5qZtCvG1rNq,No room for the Savior - D. O. Teasley,NA,No room for the Savior,D. O. Teasley,NA,classical,NA,publicdomain,0.0,0,0,2,1,1,0,16,177,11.0625,True,2.487227690231941,0.9943502824858758,0.8940972222222222
QmRs9S5y3zwedxQVF53btCq1rse3MDnJrCVH1xWR2hKJ3J,No room in all the city on that holy night - Clinton D. Lowden,NA,No room in all the city on that holy night - Clinton D. Lowden,Clinton D. Lowden,NA,classical,NA,publicdomain,0.0,0,0,20,2,1,0,18,306,17.0,False,2.8537048093887667,0.9705882352941176,0.9270833333333334
QmcU99Q9MhUfgde8MG5s5PoQeGLzieqtiBmaZuuZ1HnvTB,No shadows yonder all light and song - Geo. C. Stebbins,NA,No shadows yonder all light and song,Geo. C. Stebbins,NA,classical,NA,publicdomain,0.0,0,0,6,1,1,0,16,148,9.25,True,3.00460454417895,0.945945945945946,0.9557291666666666
QmZnHwf9ft6WxcfeLu7bk7WUWrPFCguEgAixmEnxrVp6ga,No Shame - 5 Seconds of Summer (drum sheet music),NA,No Shame,5 Seconds Of Summer,5 Seconds of Summer,rock-pop,sos-secondsofsummer-noshame-no-shame-same-nosame-secondsofsummer-secondofsummer,cc-zero,0.0,0,23,1042,0,1,0,72,571,7.930555555555555,False,2.3533564987830777,0.8546409807355516,0.9957595870206488
QmcEqTXMqEzkiaaZsewgJwVdAU9XiwAJY1mwQrJuqFKvLS,No son rayos no - Francisco Valls,Trocado a 5,No son rayos no,Francisco Valls,Francisco Valls (1665-1747),classical,NA,publicdomain,0.0,0,0,3,0,6,0-0-0-0-0-0,31,539,17.387096774193548,True,3.0684847194607427,0.914396887159533,0.9781746031746033
QmRw3QFg25Hz2jcjiUipWK7joGu2C4n2a8S9WitmBwkmSc,No Song no Supper. Tho24CDs1792.22,NA,No Song no Supper. Tho24CDs1792.22,Misc tunes,94,NA,NA,publicdomain,0.0,0,0,2,1,1,0,32,184,5.75,False,2.593248929513221,1.0,0.953125
Qmc2K7n69zGoC8va6ff8TiscH5Fh24RXCvXs7ydkT8oFiT,No sorrow there in yonder clime - Geo. C. Stebbins,NA,No sorrow there in yonder clime,Geo. C. Stebbins,NA,classical,NA,publicdomain,0.0,0,0,3,0,2,0-0,19,228,12.0,False,2.822211651433075,0.9517543859649122,0.9548611111111112
QmWpwi1NS1M1QxvcLk7aGBH94ZeGz6xgZwA7DQ7dCu1h1M,No Surprises,NA,no surprises,Radiohead,Radiohead,rock,radiohead-nosurprises,cc-zero,4.83,33,259,1613,2,1,0,71,1069,15.056338028169014,False,2.66848948708741,0.9738072965388214,0.9307511737089202
QmSuSJFjiWUKyr8E7nPYfoq96fXoUbCG9bQP1WrXo9eQpW,No tears can wash my sins away - H. L. Gilmour,NA,No tears can wash my sins away,H. L. Gilmour,NA,classical,NA,publicdomain,0.0,0,0,5,1,1,0,20,228,11.4,False,2.554130779227892,0.9824561403508772,0.9340277777777778
Qmcy4bkR2XAxJ7fDpkANQaHpcBZ8UGamef6YoJXqAeJ6xG,No Tears In Heaven,NA,No Tears in Heaven,Robert S. Arnold,NA,NA,NA,cc-zero,4.56,4,2,290,0,4,0-0-0-0,16,312,19.5,False,2.5509996559979315,0.961038961038961,0.9388888888888888
QmTNMAbGwKDL5znEkTpCanyHSAhyWRr5zU8mUKk4cNq2iw,No tears in yonder home - I. B. Woodbury,NA,No tears in yonder home,I. B. Woodbury,NA,classical,NA,publicdomain,0.0,0,0,3,1,1,0,12,114,9.5,True,2.54904493440808,0.9824561403508772,0.9670138888888888
QmecXws2wB4fXjjJbv5QWJ7qeyb7UrvzS7PtKbj5BQZaeq,No tears up yonder! God hath spoken - R. Ward McCombie,NA,No tears up yonder! God hath spoken,R. Ward McCombie,NA,classical,NA,publicdomain,0.0,0,0,8,1,1,0,20,258,12.9,False,2.4412661924662227,0.992248062015504,0.9401041666666666
QmPZHiYqwvyXHxxunAfsMpotEEYKYSXvj9zMprm2zYY3Gh,No thought brings sweeter joy to me - Haldor Lillenas,NA,No thought brings sweeter joy to me,Haldor Lillenas,NA,classical,NA,publicdomain,0.0,0,0,2,2,1,0,19,264,13.894736842105264,False,2.93310579254351,0.9356060606060606,0.9513888888888888
QmQ6NMLCp78E5B36Q3P6oAPZkWc7SgYGW7V7qp4syABoqC,No Time For Caution - for Two Cellos,NA,NA,NA,Hans Zimmer,NA,cello-celloduet,cc-zero,4.85,4,15,692,2,1,0,56,1402,25.035714285714285,False,2.328128698826521,0.9807417974322395,0.9777777777777776
QmXaA5tRhKDCfAaAGVSBGa28ShzAvb3LU4G4oP7cW3nfQJ,No time for salvation I heard a many say - Cary S. Colburn,NA,No time for salvation I heard a many say,Cary S. Colburn,NA,classical,NA,publicdomain,0.0,0,0,3,1,1,0,26,212,8.153846153846153,False,2.7326765893656004,0.9575471698113208,0.9632352941176472
QmPYp85u2g1APGGJtWQuK7sqAUZe5QGxyMEVPvQCfakvn3,No Time To Die,NA,No Time To Die,Billie Eilish,NA,pop,billieeilish-notimetodie-piano,cc-zero,0.0,0,32,1143,2,1,0,70,1825,26.071428571428573,False,2.747841202597157,0.962719298245614,0.968452380952381
QmSFEmcZYfhbuDHdhSAt74GRqo81RZMb1ibPWufFVoRqPH,No Time To Die,Theme song from James Bond 007: No Time To Diearranged by: Patrik PietschmannNo Time To Die (Piano Version),No Time To Die,Billie Eilish,Billie Eilish,pop,NA,cc-zero,4.74,32,108,2260,2,1,0,69,1810,26.231884057971016,False,2.772044956738459,0.9615170105967652,0.9629289215686274
QmTg66gdfXdgPU7jcpzUQDdHmdJnq5H7kvQ2jxcNY5yTPd,No Time to Die,Billie Eilish,No Time to Die,FINNEAS,Stephen Lipson & FINNEAS,pop,NA,cc-zero,0.0,0,6,229,1,1,0,70,871,12.442857142857145,False,2.758632702986235,0.9437428243398392,0.9577380952380952
QmSiuTv7v6roWJ1EBZpjk6SSpjQj3nqw1GY8rEqZtLTZ1z,No Time To Die by Billie Eilish James Bond,NA,No Time To Die,Billie Eilish,Notation cover by Keys of Fate,pop,billieeilish-notimetodie-jamesbond-pianocover-notimetodiepianomelody-billieeilishsheetmusic-billieeilishpianocover-jamesbondsheetmusic,cc-zero,4.64,58,1043,69177,1,1,0,35,420,12.0,True,2.8129719153268224,0.9504950495049505,0.8449754901960784
QmSra5F5p8fLixTcFZoMpe23Q5BBVLHqNKgsGzjFhuoXzh,No Time To Die Piano Arrangement,Xenobii Piano Arrangement,No Time To Die,Billie Eilish,Billie Eilish,pop,notimetodie-billieeilish-jamesbond-xeonbii,cc-zero,4.67,79,354,7885,2,1,0,70,1158,16.542857142857144,False,2.875761360508103,0.9395509499136442,0.9257246376811594
QmWKwT6Va1voeotnxwk8gnEqR3Coq52tgbE9ou7UrZGpQS,No wishful glances now I cast - Arthur F. Ingler,NA,No wishful glances now I cast,Arthur F. Ingler,NA,classical,NA,publicdomain,0.0,0,0,3,1,1,0,19,254,13.36842105263158,False,2.64601786623105,0.9881889763779528,0.9557291666666666
Qmc1nruocFjiaNt7phGjsreK9NwVLjzD7fRK5Gk4SFx3VU,No work no merit of my own - Wm. J. Kirkpatrick,NA,No work no merit of my own,William J. Kirkpatrick,NA,classical,NA,publicdomain,0.0,0,0,3,1,1,0,20,235,11.75,False,2.2692843611977773,1.0,0.890625
QmajFFwYeEp37ytmevUhNM1jNwxYFQsWCoBk4rvMM8mLJg,No. 22. Avant deux. Eté (2nd figure quadrille),NA,No. 22. Avant deux. Eté (2nd figure quadrille),Misc tunes,NA,NA,NA,publicdomain,0.0,0,0,2,1,1,0,26,100,3.8461538461538463,False,3.097111193599704,0.87,0.9085648148148148
QmXKT4spg8gbLoVbQEfvXVE6ro7UBnBBMhdKmggFZ6mSQM,No. 3 - Romance Tension Experiment (Am Em/G Dm/F),NA,NA,NA,March 16 2018 : v6 Justin Bruce Van Horne,NA,NA,cc-zero,0.0,0,0,184,1,1,0,32,212,6.625,False,2.742197649659271,1.0,0.9739583333333334
QmQH8xahgbfT83EH1eC2JQGikgoJQn4WV8VKnd3iM3ruDr,no. 5,NA,no. 5,Thebluerutabaga,NA,classical,piano-nocturne,cc-zero,0.0,0,0,10,2,1,0,66,558,8.454545454545455,False,2.6344933546663256,0.9802158273381296,0.9090544871794872
QmaxpqB4WKp5vHcwFE7jgRZe9UfuzHrRgyLw5tDT7cfESR,No. 54,No. 54,No. 54,Embla Wihk,Embla Wihk,NA,pian-piano-compositionalambient-advancedpiano-soundtrack,cc-zero,0.0,0,0,16,2,1,0,78,1238,15.871794871794872,False,2.621617352208655,0.9378029079159936,0.9305555555555556
Qmeima2ofeE97o5Pw6Hg7otiuf4GKqfWjsE8eMwx3z5hp9,No.1 - A Waltz Experiment (Cm A B Bdim),NA,NA,NA,February 21 2018 : v7 Justin Bruce Van Horne,NA,NA,cc-zero,0.0,0,1,57,1,1,0,38,222,5.842105263157895,False,2.8893381204097826,0.945945945945946,0.9742647058823528
QmeXt55rZ28JC3PS6TJMLH89MGfqw9a3iKaZUAw2gGuvpj,No.104 The Farther in the Deeper,NA,No.104 The Farther in the Deeper,Misc tunes,jig(march),NA,NA,publicdomain,0.0,0,0,1,1,1,0,24,125,5.208333333333333,False,2.4749925436470064,1.0,0.9537037037037036
QmVULi9Dk4u74vy78HAuwDPBsd2yPT8z4ryxLSWFnNDfWa,No.85. TTa.11,March in The Battle of Pragueaka. TTa.11,No.85. TTa.11,Misc tunes,NA,NA,NA,publicdomain,0.0,0,0,1,1,1,0,32,210,6.5625,False,2.696237367947228,0.9904761904761904,0.9247311827956988
QmPDYx9EM2Bsbkyu8A6YfAfRLjR9VU4T1WTbE4DY8phvQV,No.90 The Cat That Kittled in Jamie's Wig,NA,No.90 The Cat That Kittled in Jamie's Wig,Misc tunes,highland(schottische),NA,NA,publicdomain,0.0,0,0,2,1,1,0,26,221,8.5,False,2.804212211197678,0.990950226244344,0.8784722222222222
QmXRKXBabsVFLNL9KxENdU1Q4dyXx9dAqqoftRXuLKxVNQ,Noag het 'n ark gebou,NA,NA,NA,Tradisioneel,NA,kinders-geestelik,cc-zero,4.49,3,5,525,1,1,0,16,59,3.6875,True,2.6129843134197293,1.0,0.9444444444444444
QmVSQeq5kYSqVcc87pTorD38Vq5csQfgbEFQ8quMRwpvBN,Noah Fisher - GB/7e/12 Dolly Vardon Style,NA,GB/7e/12 Dolly Vardon Style,Noah Fisher,Noah FisherTranscribed by Simon Furey and Lewis Jones,classical,NA,publicdomain,0.0,0,0,1,1,1,0,17,109,6.411764705882353,False,2.5821284624513474,1.0,0.9674479166666666
QmVMdHMgy7QXMVYMcBzSj8nTGH3zTScwCrkkpQmX9teUXE,Noah Was A Man,NA,Noah Was A Man,Misc tunes,Mrs Marina Russell Upwey coll. HED HammondTranscibed to abc by PJHeadford,NA,NA,publicdomain,0.0,0,0,2,1,1,0,17,54,3.176470588235294,True,2.601592484110964,1.0,0.9666666666666668
QmUjHLcsEQYZcSrC3Yn6BtMqGS6BHhBxqj7ZCLJaoeUuHh,Nobe's Maggot. WCD3/1.101,NA,Nobe's Maggot. WCD3/1.101,Misc tunes,NA,NA,NA,publicdomain,0.0,0,0,0,1,1,0,8,55,6.875,False,2.657016716228386,1.0,0.9212962962962964
QmSbaZzZQauESLV75TBCPutvfBR5Cmfe1ctDRQsUFRkivw,Nobilis humilis,Hymne til St. Magnus (Orknøyjarl),Nobilis humilis,Misc tunes,Composer,NA,NA,cc-zero,0.0,0,1,145,1,1,0,30,111,3.7,True,2.661890010112537,1.0,0.9923611111111112
QmSAoa14VN4bkUja3hdmMNJ3zgQpjzstKvnUmpWHfUAHPi,Nobilis humilis,NA,Nobilis humilis,Misc tunes,anon.,NA,NA,publicdomain,0.0,0,0,17,0,2,0-0,4,111,27.75,True,2.665072607489081,1.0,0.97265625
QmeeBZcec4TehM7kssF1uvTxmuoAt3tBDro3cRFtg26uAX,Nobilis humilis,Magnushymnen,Nobilis humilis,Misc tunes,anon.,NA,NA,publicdomain,0.0,0,0,11,0,2,0-0,4,121,30.25,True,2.698000532888465,1.0,0.9583333333333334
Qmc9Qmjg1CZCLjjvZ63GG1av1EtQJJvNgJweADtp8YGAE6,Nobis Est Natus Hodie,NA,Nobis Est Natus Hodie,Misc Traditional,NA,folk,NA,publicdomain,0.0,0,0,8,1,1,0,12,141,11.75,False,2.6972564254850946,1.0,0.969551282051282
Qmba2XPpw9it2Stv6KzRs2aXV61pjrhBTn2xQivQ2GqGTB,Nobleman & Maid,NA,Nobleman & Maid,Misc tunes,Mrs Marina Russell Upwey coll. HED HammondTranscibed to abc by PJHeadford,NA,NA,publicdomain,0.0,0,0,3,1,1,0,13,34,2.6153846153846154,False,2.3452483300774825,1.0,0.976851851851852
Qmb1z1GneutARX65chcXhjWSGYan8xTjEpkPYvA42Kirns,Nobleman's Lady,NA,Nobleman's Lady,Misc tunes,Mrs Marina Russell Upwey coll. HED HammondTranscibed to abc by PJHeadford,NA,NA,publicdomain,0.0,0,0,2,1,1,0,13,34,2.6153846153846154,False,2.3452483300774825,1.0,0.976851851851852
QmP5SR51jCSVbmSFXHoyaLmyedzttYzuWJkSQE6FbcQT2U,Nobody - Wonder Girl,NA,nobody,Wonder Girls,NA,pop,NA,cc-zero,4.25,9,17,1455,1,1,0,68,1380,20.294117647058822,False,2.8085832783789484,0.9789855072463768,0.8958333333333334
QmcNHaHtUUhndn7vWzBFKVjxuWTjw1Dw3CBHaaL4e7EUYi,Nobody knows of the work it makes - Flora Hamilton Cassel,NA,Nobody knows of the work it makes,Flora Hamilton Cassel,NA,classical,NA,publicdomain,0.0,0,0,12,1,1,0,16,215,13.4375,True,2.7642491008499834,0.961904761904762,0.9288194444444444
QmTdNYvnAAcCpsLYHBiHVK13kCpsbjsD3biNASJjGEzqAF,Nobody Knows the Trouble I've Seen,NA,Nobody Knows the Trouble I've Seen,katecuttill,NA,NA,NA,cc-zero,4.78,24,23,649,0,2,0-0,53,936,17.660377358490567,True,2.8922084654211906,0.9343379978471474,0.9027777777777778
QmYf3s1CpU6kiPbARnHAjBifqNiZWw1d2S42wk8UCfmcW1,Nobody knows the trouble I've seen,NA,Nobody knows the trouble I've seen,Misc tunes,anon.,NA,NA,publicdomain,4.87,5,3,152,1,1,0,17,56,3.294117647058824,True,2.035854843741298,1.0,0.9666666666666668
QmdNP5iiGLAi5YovwCr2CQ9KbzX3hCbXBfBXxBzKp6neXV,Nobody's Darling But Mine - 164,NA,Nobody's Darling But Mine - 164,Misc tunes,Composed:G. W. Hunt; Arranged: JNO. Knell 1879; then by Jimmie Davis 1930s,NA,NA,publicdomain,4.69,10,1,388,1,1,0,33,65,1.9696969696969693,True,2.595960230373339,1.0,0.953125
QmeoVLAQxS9RAjtr8syoxZ1h68KgTMtQPXUVVi9S8zixAU,Nobody's Tracks,NA,Nobody's Tracks,Dazza1376,NA,NA,NA,cc-zero,0.0,0,0,12,1,1,0,32,112,3.5,False,2.8931224585304505,0.9107142857142856,0.962962962962963
QmYku7cMJ7PTJoD5CQiTWmQt6Ubui3ofESJXjJMGB3nVC3,Noch a Glezel Vein,In a Rumanisher Shenk,Noch a Glezel Vein,Misc tunes,NA,NA,NA,publicdomain,0.0,0,0,15,1,1,0,101,409,4.0495049504950495,False,2.9825303546099065,0.858560794044665,0.7719298245614035
QmdxFvTZ8tcKh18BQmaWqMx7MDm8VaHwM5Mz5KJtaiS5vi,Noch Bonin Shin Voe,They may rail at this life,Noch Bonin Shin Voe,Misc tunes,NA,NA,NA,publicdomain,0.0,0,0,3,1,1,0,18,100,5.555555555555555,False,2.582631099430001,1.0,0.9184027777777778
QmTEsrPPRUKjDr5bf9raS4cRC15iN1LyUzQGkSNrdMNmdx,Noch ein Weilchen still vertraue - Oskar Schumm 1862-1939,NA,Noch ein Weilchen still vertraue,Oskar Schumm 1862-1939,NA,classical,NA,publicdomain,0.0,0,0,9,0,2,0-0,15,222,14.8,True,2.639439501210098,0.990990990990991,0.9449404761904762
QmTniQSrBNbEtY2vriETZoKt1Nd2hjW863PCamKDCQ4T3G,Nocte surgentes - Anonymous (Gregorian chant),NA,Nocte surgentes,Misc Praise Songs,NA,religiousmusic,NA,publicdomain,0.0,0,0,20,0,1,0,5,44,8.8,True,2.4484186188377017,1.0,0.9924242424242424
QmcEy8Df9ETccd7eeLjCBzm7eAnqd2tWfLjtsoWcFaneMY,nocturn 2,NA,nocturn 2,chang W.R.,ok chang,NA,NA,cc-zero,0.0,0,2,62,0,1,0,77,761,9.883116883116884,False,3.4638794802925514,0.7189973614775725,0.9889937106918238
QmPHSnSGiqRd84ZZoAxsZYxJQbeY8VCe2xUko27aadQdbU,nocturn 2,NA,nocturn 2,chang W.R.,ok chang,NA,NA,cc-zero,0.0,0,2,47,0,1,0,116,1609,13.870689655172416,False,3.503300061382709,0.6902597402597402,0.9571220930232558
QmQ8EhzAq1u6yNYjrstFphHPR9SXd8Lp5yyfRpW7GvdNcW,Nocturnal Illusion Ragtime,NA,åå¹åæ³æ²,èæ äè,NA,NA,ragtime-nocturnalillusion,cc-zero,0.0,0,3,214,0,2,0-0,64,1357,21.203125,False,3.116830228461207,0.9137803979366248,0.9583333333333334
QmcGesNViWFDmTHfZf8AjHp6oNbut8MTHF6LXph83HCPXJ,Nocturnal Waltz,Originally Complicated Crap,NA,NA,Aaron Vidales,NA,piano-waltz-easy-short-sheet-music-spooky-scary-october-halloween-original-natural-onepage-simple,cc-zero,0.0,0,3,517,1,1,0,24,84,3.5,False,3.0960723173474314,0.8452380952380952,0.9719202898550724
QmR77SpfYFMXgT8Dsgb2e9bPAzqSt1xZyqC7XwaoSwQDcB,Nocturne,NA,Nocturne,ninlox,A.R. Härle,classical,piano,cc-zero,0.0,0,1,27,2,1,0,45,497,11.044444444444444,False,2.716076450947116,0.8792756539235412,0.946338383838384
QmaMBmVafSnmCGZLYgUWDLufBVY6wmy3vqrqbMecqMmhJR,Nocturne (C.Debussy),NA,Nocturnes,Claude Debussy,C.Debussy,classical,piano-debussy-nocturne,cc-zero,4.89,7,14,1013,3,1,0,77,2311,30.01298701298701,False,3.456750043766944,0.7328311918475853,0.6827050264550265
QmXbFWcmEEAe6iErN3yVdL21iXXPk6yktQihaoYcjeMW8s,Nocturne (F.Chopin Op.55. No.2),NA,Nocturnes Op.55,Frédéric Chopin,F.ChopinOp.55.No.2,classical,chopin-nocturne,cc-zero,4.91,30,72,4265,2,1,0,67,1552,23.16417910447761,False,3.3432935424379697,0.8324675324675325,0.8242894056847545
QmQgh5FieDx21wumrAaDFSzK6vANwpsT8nQkehcXwWuBDB,Nocturne (F.Chopin Op.72. No.1),NA,Nocturne in E minor Op.72 No.1,Frédéric Chopin,F.ChopinOp.72.No.1,classical,chopin-nocturune,cc-zero,4.9,8,104,2472,2,1,0,57,1235,21.666666666666668,False,3.206756354526978,0.8149058149058149,0.871875
QmTn3PcdAAjdEB4pwpctiGr5FUbkKM3vibaFvkxWgNKx2C,Nocturne (F.Chopin Op.Posth),NA,Nocturne in C-sharp minor B.49,Frédéric Chopin,F.Chopin (Op.Posth.),classical,NA,cc-zero,4.28,4,99,1119,2,1,0,65,1037,15.953846153846154,False,3.1385623473950988,0.875249500998004,0.7493055555555556
Qmeqmm7R6hCU4K4JdGEByFzeSPKnS5eNDx9brAWe9z7RZf,Nocturne (S.Liapounow Op.8),NA,Nocturne Op.8,Sergey Lyapunov,Serge LiapounowOp.8,classical,lyapunov-liapounow-nocturne-piano,cc-zero,4.89,7,9,358,3,1,0,83,2920,35.18072289156626,False,3.401649417668467,0.7986373959121877,0.6674917491749175
QmXSKixSsPLd7Cbgzey15tWvc8vq3sD6FwFMdjsgUzJmkE,Nocturne (Short Version),Opus 9 No 2,Nocturnes Op.9,Frédéric Chopin,Chopin (1810-1849),classical,NA,cc-zero,4.85,18,21,729,1,1,0,37,262,7.081081081081081,False,3.1206495724055645,0.900763358778626,0.970679012345679
QmWpNBGGFf8bfMGybQ5Xz5Jh6EwEJpWMJpbz9oameG7KvV,NOCTURNE 04 mu,NA,NOCTURNE 04 mu,girot,GIROT Pierre,NA,NA,cc-zero,0.0,0,0,31,0,1,0,184,4643,25.23369565217392,False,3.5308276421327034,0.7019272886552781,0.9486817325800376
QmS3G14cMMx4C5MJ9XGnPmAziAy6QcFSsaCZVPNAzLydX6,Nocturne for a lonely jew - Adi schwarz,NA,Nocturne for a lonely jew - Adi schwarz,adis1602161,Adi schwarz,NA,NA,cc-zero,0.0,0,2,47,2,1,0,34,308,9.058823529411764,False,2.537580472522574,0.8084415584415584,0.9357638888888888
QmTTFh7SUTPPX835oQ3qy8MCaa7UCRKjHPL8bQxciGS76M,nocturne for a lonely jew Variation,NA,Nocturne for a lonely jew Variation,Original: Adi Schwarz,Original By: Adi schwarzArranged/Variation By: Kris Küblycyk,NA,NA,cc-zero,0.0,0,1,52,2,1,0,36,373,10.36111111111111,False,2.9211759217746107,0.8355795148247979,0.9212962962962964
QmTvcz6nDoH1n1nubStmYbanJGkhveaff3ZWwtNqkbaZR6,Nocturne For Two,In A Minor,Nocturne For Two,srowe2019,Shan Lee Rowe,NA,NA,cc-zero,0.0,0,2,34,2,1,0,55,885,16.09090909090909,False,3.0523882833949734,0.8785471055618616,0.9125
QmSob1QP8XUNampJFT3YJUU4MpmFy895699GAPZP9vn9ec,Nocturne in C minor,NA,NA,NA,NA,NA,nocturne-cminor-wacky-cool-diatonic-keymodulation-modulation-chopin-dark,cc-zero,0.0,0,0,40,3,1,0,57,1185,20.789473684210527,False,3.1796875358805106,0.8717299578059071,0.9048202614379084
QmUsvMpvLGNcSNxgYiTenwveKEMKhU5NLAKNYXDcocM7wV,Nocturne in C sharp minor,NA,Nocturne in C sharp minor,Thomasxie,Thomas Xie,NA,NA,cc-zero,0.0,0,4,337,0,1,0,44,683,15.522727272727272,False,3.27322549809233,0.849194729136164,0.9431818181818182
QmWFWuEKb654YP9xWWhyiGhiuKWjyrFjWgPXHbSm5YMZTu,nocturne in D Major Variation Arrangement,NA,VARIATION ON: Nocturne in G sharp minor (Adi Schwarz),Adi Schwarz,Original by: Adi SchwarzArranged/variation by: Kris Küblycyk,NA,NA,cc-zero,0.0,0,0,62,2,1,0,55,736,13.38181818181818,False,2.7341692917426377,0.9592391304347826,0.9054166666666666
QmaGqa5w3HiBr1HhcB8MkzYecoBMf5xfksJBZynUio84hb,Nocturne in G sharp minor by Adi Schwarz,NA,Nocturne in G sharp minor by Adi Schwarz,adis1602161,Adi Schwarz,NA,NA,cc-zero,0.0,0,3,165,2,1,0,55,640,11.636363636363637,False,2.4831682568789675,0.953125,0.953656462585034
QmXNWFiLzkHRBgtrbxmGz424S17oDLjWWW3NsFqed1EUUf,Nocturne No. 2,The Owl,NA,NA,NA,NA,nocturne-piano,cc-zero,0.0,0,3,255,2,1,0,53,794,14.9811320754717,False,3.015655766283768,0.9391634980988594,0.9012345679012346
QmSZAE8PxAoqFLKp8wSobjz2ZQVKH7VoZjGfREYX24tVrB,Nocturne no.1 In G minor - Adi Schwarz,NA,Nocturne no.1 In G minor - Adi Schwarz,adis1602161,Adi Schwarz,NA,NA,cc-zero,0.0,0,2,59,2,1,0,84,648,7.714285714285714,False,2.488364922239303,1.0,0.966733870967742
QmeFKCLdnoaJoCSqk2x9fMLYpCa9THG5Q8rSjTU362A6w4,Nocturne No.6.(G.Fauré Op.63),NA,Nocturne No.6 Op.63,Gabriel Fauré,Gabriel Fauré Op.63.,classical,nocturne-faure-faur,cc-zero,4.9,8,9,318,3,1,0,142,3483,24.528169014084508,False,3.504976151347771,0.6951394880644234,0.852165725047081
QmYvtEvj46KBb8697zTdqdq3pjp6W21CxokSTbuoawB1XU,Nocturnes Op.9 - Frédéric Chopin,NA,Nocturnes Op.9,Frédéric Chopin,NA,classical,NA,cc-zero,0.0,0,0,0,2,1,0,9,202,22.444444444444443,False,3.091097234946333,0.904494382022472,0.9342948717948718
QmTBaG5RaSW1bsrzMHNKZ1em3Vnh6pcm3UvEpvG23uMfeB,Noel Hill's Reel,Micho Russell's ReelThe Sister's ReelMary McMahon,Noel Hill's Reel,Misc tunes,NA,NA,NA,publicdomain,0.0,0,0,2,1,1,0,40,285,7.125,False,2.7417852850524587,0.9789473684210528,0.946875
QmadvQ21HtUw2AsnTJGAJcNK1A9SMH3HhhH6spWFQWhyVX,Noel noel noel - Antoine Busnois,NA,Noel noel noel,Antoine Busnois,Antoine Busnois (c. 1430-November 1492),classical,NA,publicdomain,4.83,3,0,58,0,4,0-0-0-0,48,370,7.708333333333333,True,2.8926849832760464,0.9456521739130436,0.9744718309859156
QmVw7qz4DvZUnjiEpDKfZTD1XynLUvwkoFyuZa1vtMkoJs,Noel Nouvelet,NA,Noel Nouvelet,Misc Traditional,NA,folk,NA,publicdomain,4.45,8,4,332,0,2,0-0,17,130,7.647058823529412,True,2.5948397735318145,0.951219512195122,0.9401041666666666
QmV1jMtTAVFaLGXE8tfnrZ4N1Fz1dXwZtUJZDrb1koC28p,Noel. (old French carol),From Christmas Carols Ancient & Modern by Wm Sandys FSA,Noel. (old French),Misc tunes,NA,NA,NA,publicdomain,0.0,0,0,2,0,2,0-0,32,171,5.34375,False,2.3709178231589814,0.9649122807017544,0.9783333333333332
QmV2NkBQGuyXfQWMnRgAWHmMdAAhwYFdi88pUwq7XQuezY,Noel. (old French),(novel des Oiseaux)From Christmas Carols Ancient & Modern by Wm Sandys FSA,Noel. (old French),Misc tunes,NA,NA,NA,publicdomain,0.0,0,0,5,0,2,0-0,10,53,5.3,False,2.586857943698793,0.9433962264150944,0.9557291666666666
QmUuCSGYtksinkGVWCvidThmS31bkaEY6dUeVQgNzUtMok,noget.om.jungleliv.vokalarr.eks.op.17.zara,NA,noget.om.jungleliv.vokalarr.eks.op.17.zara,Zara Munch Bjarnum,NA,NA,NA,cc-zero,0.0,0,0,9,0,4,0-6-6-6,17,249,14.647058823529411,True,2.690966336941344,1.0,0.9756944444444444
QmNmFWPwSG1cddPYL7CmUofDG7bLPjVbgwnR29VrqJHFwn,Noice,NA,NA,NA,NA,NA,NA,cc-zero,0.0,0,0,33,2,1,0,56,416,7.428571428571429,False,2.742287603966824,0.9855421686746988,0.9526515151515152
QmUmf6tCNyvyREhGeSy72T28WTCnFXWG4NZFqQ6FrR6jx3,Noice man you are,NA,Noice man you are,nataliavarava,Memer,NA,NA,cc-zero,0.0,0,0,7,2,1,0,32,573,17.90625,False,2.801556693343111,1.0,0.7988505747126436
QmcUttX6hPN4H2r7LfXHZDqgwD26g7kYiygJyNNwYviwVf,Noint the Teazer PFD2.257,Zealandaka. PFD2.257,Noint the Teazer PFD2.257,Misc tunes,NA,NA,NA,publicdomain,0.0,0,0,1,1,1,0,18,75,4.166666666666667,False,2.7997445614821155,0.9866666666666668,0.9175347222222222
QmYEqZWYSgMD9H6FQ6X6QphVwcQF6j3cwxCkm2CGRY2x7w,Noir,NA,NA,NA,Jaiden Butler,NA,piano-noir-easy-grand-grandpiano-grandpiano-original,cc-zero,0.0,0,0,147,1,1,0,74,645,8.716216216216216,False,2.595130554975365,0.9968992248062016,0.97574200913242
QmdJNv4MFBXTgEUJ7tcq19jbDodMSQ8c6PonUiB4vqYSBK,Noise,NA,NA,NA,NA,NA,NA,cc-zero,0.0,0,3,84,2,1,0,108,1068,9.88888888888889,False,2.7169302958318045,0.9953139643861292,0.9580761316872428
QmaCMHXjt27fuiDaXoTJR5oyKDJjUbAfcpBx5BEQiwv7hS,Noisy Curlew,NA,Noisy Curlew,Misc tunes,NA,NA,NA,publicdomain,0.0,0,0,2,1,1,0,32,228,7.125,False,2.3153466511747927,1.0,0.953125
QmURivpJC9vrD8rqDNGq8aYv91zxsFkuQD138yKEgjs6Mz,Nokia Ringtone,Arranged by Cibin Joseph,Nokia Ringtone,Misc,NA,electronic,nokia-ringtone,publicdomain,4.85,18,70,7685,1,1,0,8,26,3.25,False,2.71929452566698,1.0,0.9333333333333332
QmS957m62B6n1qmXKPFKRED9hZirt2TJCDG9cYaBcpYspi,Nokia Tune,Mobile Ring ToneGrande ValseGran Vals,Nokia Tune,Misc tunes,NA,NA,NA,publicdomain,4.83,3,8,125,1,1,0,4,13,3.25,False,2.7192945256669794,1.0,0.9444444444444444
QmT2Zvc4xJWkpgQsKn13QDMr5faZCgfC64p6a7mpV6yYUN,nokiaringtone,NA,nokiaringtone,rapha007875,NA,NA,NA,cc-zero,0.0,0,0,5,0,11,0-0-0-0-0-0-0-0-0-0-0,13,965,74.23076923076923,False,2.6249143714534675,0.9985528219971056,0.7908333333333333
QmQmnAbzffVHiuTKPvBJxbiwpMsF4RtgFR3CxD81C4hoRw,Nolan The Soldier (jig) 0726,NA,Nolan the Soldier,Misc tunes,after Chief F. O'Neill,NA,NA,publicdomain,0.0,0,0,1,1,1,0,18,89,4.944444444444445,False,2.821880495610993,0.9887640449438202,0.9466145833333334
QmXkcWd8SBupEMWceQd2CvQXaUvFptPn4eUobE2kz2mBhL,Nomen Iesus voluptas - Giovanni Rovetta,NA,Nomen Iesus voluptas,Giovanni Rovetta,NA,classical,NA,publicdomain,0.0,0,0,5,0,4,0-0-0-0,87,1094,12.57471264367816,False,2.936166182219808,0.9557522123893806,0.940852490421456
QmVE2qsgoVCm6iALAQoTbfmnNjgZN9jwXHbD322NQSqmxJ,Nomen Jesu - Richard Redhead,NA,Nomen Jesu,Richard Redhead,NA,classical,NA,publicdomain,0.0,0,0,2,1,1,0,16,110,6.875,True,2.718854687755173,0.990909090909091,0.953125
QmYpA8QbuVqiZ7ojFShDxuP4NbZygzbNadDGyGN2puepvM,Non confundar in eternum - Francisco Valls,Composición a 9 con violines 3 tono,Non confundar in eternum,Francisco Valls,Francisco Valls (1665-1747),classical,NA,publicdomain,0.0,0,0,6,0,12,0-0-0-0-0-0-0-0-0-0-0-0,17,1060,62.35294117647059,True,2.9555444521225587,0.9693251533742332,0.9830729166666666
QmW6tJs9RcGtSsP8ejsQwtWLV2CzDB2gufFSm1dJxFoBNs,Non est alia natio - Francisco Valls,Motete al S[antí]s[i]mo J[esucris]to,Non est alia natio,Francisco Valls,Francisco Valls (1665-1747),classical,NA,publicdomain,0.0,0,0,5,0,7,0-0-0-0-0-0-0,23,546,23.73913043478261,True,2.974187388163982,0.9414141414141414,0.973148148148148
QmZvRw8CrzbmYrx6YbtzktNcRLwPEE1W8fxiUpDUcP2MkV,Non fiammeggiav'anchor - Alessandro Striggio,NA,Non fiammeggiav'anchor,Alessandro Striggio,NA,classical,NA,publicdomain,0.0,0,0,2,0,5,0-0-0-0-0,47,783,16.659574468085108,False,2.954717934280285,0.9417852522639067,0.979831560283688
QmRMwY3RoZD4LtGAzcv6VnJVNVYbxbgLxMM4BGrNkBYXso,Non mi toglia il ben mio - Carlo Gesualdo,NA,Non mi toglia il ben mio,Carlo Gesualdo,NA,classical,NA,publicdomain,0.0,0,0,9,0,5,0-0-0-0-0,9,523,58.11111111111112,True,2.9603882911274906,0.9564356435643564,0.9597868217054264
QmfXYYCYYzTesWQ8g47rVB8WLycF19mJhbVkX1f8Zc3BD6,Non nobis Domine - Not To Us O Lord - Roger Petrich,NA,Non nobis Domine - Not To Us O Lord,Roger Petrich,NA,classical,NA,publicdomain,0.0,0,0,65,0,3,0-0-0,22,145,6.590909090909091,True,3.048408251755942,0.6689655172413793,0.9609375
QmcM9Ggmo4DpJZEUrPZz5oFBBKJxg9CkY5vSaypV6WpfCr,Non rumor di tamburi - Alessandro Striggio,NA,Non rumor di tamburi,Alessandro Striggio,NA,classical,NA,publicdomain,0.0,0,0,7,0,6,0-0-0-0-0-0,48,1145,23.854166666666668,False,2.638462014456347,0.9936247723132968,0.9724392361111112
QmT9MqiWoLiLiaCr5mCpbUGRiEwj7fWbgntjS8tzBkJ1TN,Non si levava ancor - E dicea l'una sospirando - Claudio Monteverdi,NA,Non si levava ancor - E dicea l'una sospirando,Claudio Monteverdi,Claudio Monteverdi1567 - 1643,classical,NA,publicdomain,0.0,0,1,20,0,5,0-0-0-0-0,218,2030,9.311926605504588,True,3.080623365316365,0.9279509453244762,0.9409857328145266
QmaeThYUn8BXMXCPRXpiAi1WbZTQdKQtArVrkkgY1zMdmV,Non temer ch'io ti lassi - Paolo Scotto,Frottola,Non temer ch'io ti lassi,Paolo Scotto,Paolo Scotto (fl 1507-1514),classical,NA,publicdomain,0.0,0,0,8,0,4,0-0-0-0,28,286,10.214285714285714,True,2.6765562956586018,1.0,0.9469086021505376
QmSokoHzTG4SeeZHL2gQtL6VVXjhY7NiBGn2ypYb4282a9,Non turbetur cor vestrum - Tiburtio Massaino,NA,Non turbetur cor vestrum,Tiburtio Massaino,NA,classical,NA,publicdomain,0.0,0,0,5,0,7,0-0-0-0-0-0-0,92,1471,15.98913043478261,False,2.958837890544665,0.9417134831460674,0.973045532646048
QmcEe3Pk7K4sSFvwzsVgUz5RDD2VLjAUcnA5T3eoGq9KtN,Non vedete Pastori - Domenico Mazzocchi,NA,Non vedete Pastori,Domenico Mazzocchi,NA,classical,NA,publicdomain,0.0,0,0,5,0,5,0-0-0-0-0,93,1421,15.279569892473118,False,3.1216836558129697,0.9149539333805812,0.9013741134751772
QmXDizeadhmTUES56qTDXXBTRaprZBSwNjZjVNjm63tjgp,non-harmonic tones,NA,non-harmonic tones,synasharma10,Syna Sharma,NA,NA,cc-zero,0.0,0,0,21,1,1,0,16,238,14.875,True,2.7026979111916782,1.0,0.9544270833333334
QmcX8tvKBM8fonhQJbDP1RVqy2j5Ru4xssQ8tqwtyZizVd,Non-Stop,NA,Non-Stop,Woaoaw,Arda Kayacan,NA,NA,cc-zero,0.0,0,0,160,0,1,0,57,501,8.789473684210526,False,2.597746580385444,1.0,0.9737103174603174
Qmem5nDo2vQ3SksBNWQQvZM1E6JJGS3yK64sbAbuYpBAND,Noname,NA,NA,NA,NA,NA,NA,cc-zero,0.0,0,0,27,1,1,0,20,125,6.25,False,2.5892662105086703,1.0,0.9265350877192984
QmUNJjWuq3kBsswkTF9F4U2bnBJWAPqraMn9C1b888XNK8,None left at home but Wife and Bairn,Gun duin' aig a'bhaile,None left at home but Wife and Bairn,Misc tunes,NA,NA,NA,publicdomain,0.0,0,0,3,1,1,0,26,138,5.307692307692308,False,2.4168449904218616,1.0,0.9375
QmaCHs5avGYikcbE8FhtnsPBpSvZdYe4Ry7FzencrtBMTN,None Such [3]. (p)1698.PLFD1.380,NA,None Such [3]. (p)1698.PLFD1.380,Misc tunes,NA,NA,NA,publicdomain,0.0,0,0,1,1,1,0,36,142,3.9444444444444446,False,2.8231064293236754,0.9859154929577464,0.9596354166666666
QmYsyNPZHrucQh1K3ZGvnKgBj16XwBxygFwWeQcJCgvwYx,NONESUCH or A LA MODE DE FRANCE,NA,A La Mode de France,Misc tunes,NA,NA,NA,publicdomain,0.0,0,0,3,1,1,0,19,64,3.3684210526315788,False,2.397497404454376,1.0,0.9765625
QmWzEDafxTJtqniDRnNb6HVe3dqQ2M99EdCiA6vWjjs1N3,Nonesuch. (p)1651.PLFD1.071,NA,Nonesuch,Misc tunes,NA,NA,NA,publicdomain,0.0,0,0,4,1,1,0,34,128,3.764705882352941,False,2.397497404454376,1.0,0.9778645833333334
QmQCW6h8oHMv3x5z9GYvanc3CkKMYowmQ9K8egvvFXzHGE,nope,rip computer,nope,LimusTheSlug,Limus,NA,NA,cc-zero,0.0,0,0,20,2,1,0,32,659,20.59375,False,2.7237315497240893,1.0,0.9518229166666666
QmWpupN2XEySyLxADPAUsHLJchMcYX2aFbfuhE8GgsnTai,Nora Criona,Nora CreenaOld Nora,Nóra Críona,Misc tunes,NA,NA,NA,publicdomain,0.0,0,0,5,1,1,0,32,144,4.5,False,2.62907932672429,1.0,0.9210069444444444
QmPNMiRHTuGZeUjxAwUhFe8XDu5F7a3Bx1pdSrKJZ93xuR,Nora Criona,NA,Nóra Críona,Misc tunes,NA,NA,NA,publicdomain,0.0,0,0,2,1,1,0,24,244,10.166666666666666,False,2.581418212660588,1.0,0.9201388888888888
QmU2vC99xnATLcB1e6fz9mrTNjGsBy1JXJxFxqf1FKnxka,Nora Criona,NA,Nóra Críona,Misc tunes,NA,NA,NA,publicdomain,0.0,0,0,6,1,1,0,32,181,5.65625,False,2.528812078506056,1.0,0.9635416666666666
QmNk5sae1eg34LeERJwdPEunbEM9UHGAkueruyBU5aFdK2,Nora With The Amber Hair (air) 0618,NA,Nora with the Amber Hair,Misc tunes,Unattributedtenderly,NA,NA,publicdomain,0.0,0,0,2,1,1,0,18,72,4.0,False,2.723696281130452,0.9722222222222222,0.9231770833333334
QmRkRZWU8RhghqdebMuKEpNsDomXhofW5Gn8AKSiJXevaq,Nora With the Amber Hair.,nora an cuil omra.,Nora with the Amber Hair,Misc tunes,NA,NA,NA,publicdomain,0.0,0,0,2,1,1,0,17,67,3.941176470588236,False,2.670947324177127,0.9701492537313432,0.9131944444444444
QmaKCfKV2958SzMBcrAdb6yESizGZ4gwCAEiycTaykPJX9,Norah the Bride of Kildare,NA,The Bride of Kildare,Misc tunes,NA,NA,NA,publicdomain,0.0,0,0,2,1,1,0,18,96,5.333333333333333,False,2.70725780438874,0.9895833333333334,0.9027777777777778
QmVkPPL2RD3bRx2JZ9DnmtJ1Db5Xqe39etkLCh7HdfcTE5,Norah The Pride Of Kildare (air) 0306,NA,Norah the Pride of Kildare,Misc tunes,after Chief F. O'Neillslow,NA,NA,publicdomain,0.0,0,0,2,1,1,0,18,98,5.444444444444445,False,2.674256235366235,1.0,0.8819444444444444
QmXfUZNp14e9cUhQNAuymQ6boSQnFgPN9XB1vZsmXu14c5,Noran Keestha,Nora an C\'iste,Noran Keestha,Misc tunes,NA,NA,NA,publicdomain,0.0,0,0,2,1,1,0,126,544,4.317460317460317,False,2.7597830502653187,0.9411764705882352,0.9310515873015872
QmPnSehcY38292dg69hAFVYpS3R6VDovJ9T2PyKmyovGA1,Noran Kishta,Nora an C\'iste,Noran Kishta,Misc tunes,NA,NA,NA,publicdomain,0.0,0,0,5,1,1,0,180,784,4.355555555555555,False,2.652524411766372,1.0,0.9446180555555556
QmdGRy3xe1gBRRGasFRdPvfHk7W6RF7oC3EW2asEDdPvLw,Nordische Klänge,NA,NA,NA,Cornelius Gurlitt,NA,NA,cc-zero,0.0,0,3,143,0,2,0-0,33,420,12.727272727272728,False,2.873186062866028,0.8857142857142857,0.9079861111111112
QmWhgkJMEnBFQvwkuRZ3VWjTtDYixERzzF8MncrDbZ5Evs,Norea's Scots Measure,NA,Norea's Scots Measure,Misc tunes,NA,NA,NA,publicdomain,0.0,0,0,1,1,1,0,88,522,5.931818181818182,False,2.7611596620001064,0.992337164750958,0.9567510548523208
QmcoUfkR8kQPBqUfpdjEUPBwz1o3EA9MivECufeWaTF9Nq,Norges Fjeld (piano) anon,Henrik Wergeland,Norges Fjeld,Anonymous,NA,classical,NA,cc-zero,0.0,0,1,68,1,1,0,12,109,9.083333333333334,True,2.8396201397458194,0.9724770642201837,0.9523809523809524
QmVVxV7g41JHD3W8CDRC5eeQ4TRmQiqbKVJot2yhzanTPV,Norsk dans,Norwegian dance,Norsk dans,Misc tunes,anon.,NA,NA,publicdomain,0.0,0,0,22,1,1,0,16,73,4.5625,False,2.7148800898965626,1.0,0.9340277777777778
QmYVwynAQaF1iLqt1Zwh1Mza8ybSpxGYfaXKw9Ssta17pp,Norsk Wals,NA,Norsk Wals,Hans Hagerup Falbe,Hans Hagerup Falbe 1772-1830,classical,NA,cc-zero,0.0,0,0,24,2,1,0,202,2582,12.782178217821782,False,3.061954609639259,0.919442292796282,0.9686781609195404
Qmci2SjZHfoG5u31XWunjJ1n4NRvfpBASsCjUvaySwenWw,North American - Tennessee Waltz,NA,Tennessee Waltz,Pee Wee King,North American,NA,NA,publicdomain,4.33,3,2,149,1,1,0,33,108,3.272727272727273,False,2.485877440279453,1.0,0.9461805555555556
QmQJDNZfkoLRueWVF93ZmaJkFXUmMHdJL5L9W7mGmnYw2C,NORTH AND SOUTH,BOTH SIDES OF THE TWEED,NORTH AND SOUTH,Misc tunes,NA,NA,NA,publicdomain,0.0,0,1,53,1,1,0,20,132,6.6,False,2.359532339870178,1.0,0.92578125
QmR54mEhmjSEmzDfJB6AQcVqi8Svo4gEwS2bvJacLieW5w,North and South or Both Sides of the Tweed,NA,Both Sides The Tweed,Misc tunes,NA,NA,NA,publicdomain,0.0,0,0,54,1,1,0,20,130,6.5,False,2.400819991698517,1.0,0.9041666666666668
QmNVV2X2VjQcB78vnNWhxpcDFSVUyHkEFGzPFaSQadhgWH,North Cuntry tune A,North Country Tune ASouters of Selkirkaka The,North Cuntry tune A,Misc tunes,NA,NA,NA,publicdomain,0.0,0,0,4,1,1,0,50,510,10.2,False,2.760205304542626,0.976470588235294,0.9407793209876544
QmZwoMpqbB3KHsxChP4eagwrZub2tP6XxEZ7bmxhBRqnSu,Northan Frisk A,NA,a Northern Frisk,Misc tunes,NA,NA,NA,publicdomain,0.0,0,0,1,1,1,0,27,115,4.25925925925926,False,2.6942162674275965,1.0,0.9487847222222222
QmT5oBcsTD5eVxhScqpvAdmA5XxUfTTVkrqReCEedV8rTs,Northern Frisk [2] A,NA,a Northern Frisk,Misc tunes,NA,NA,NA,publicdomain,0.0,0,0,1,1,1,0,36,156,4.333333333333333,False,2.671818316452569,1.0,0.947265625
QmY9syFsm44EaoQLqidyHWSqMi8sQ8YkPX2RTPtFywV9MH,Northern Nanny. HA.012,Northern Nancyaka. HA.012,Northern Nanny. HA.012,Misc tunes,NA,NA,NA,publicdomain,0.0,0,0,2,1,1,0,9,35,3.888888888888889,False,2.7971215053609573,0.9428571428571428,0.9450757575757576
QmU9k78xGpEkTR9URhegsJBCuhix4CrbGvrJmGboQm6hCG,Northfield - Jeremiah Ingalls,NA,Northfield,Jeremiah Ingalls,NA,classical,NA,publicdomain,0.0,0,0,7,0,3,0-0-0,21,224,10.666666666666666,False,2.5171419464686937,1.0,0.9604166666666668
QmRaddoq8Xe8a3R94v1j373ADa91Sp27H3yKogm6yyhBkP,Northrop - Abraham Northrop,NA,Northrop,Abraham Northrop,NA,classical,NA,publicdomain,0.0,0,0,3,1,1,0,20,192,9.6,True,2.753396496009455,0.9791666666666666,0.9733796296296297
QmWCsv3NNav4pFfd4uY9jjwNqEmBJtfvVqf9UzbDuGUsf6,Northumberland or Bree is Loose TS.146,Northumberland Ladyaka TS.146Breeches Looseaka TS.146,Northumberland or Bree is Loose TS.146,Misc tunes,NA,NA,NA,publicdomain,0.0,0,0,1,1,1,0,36,188,5.222222222222222,False,2.7237457275004857,1.0,0.9670138888888888
Qmf51g37L7dj45d6BU8wASetGTeFvEu9bTGWCDXsunGrqW,NORTON (Booth) - Josiah Booth,NA,NORTON (Booth),Josiah Booth,NA,classical,NA,publicdomain,0.0,0,0,5,1,1,0,15,137,9.133333333333333,True,2.9454696836891365,0.9124087591240876,0.98125
QmPcYgcuXZ1R9zq7rTBMsXPr4mr8wc5MgR5peiP3RbKjEK,Nos autem gloriari oportet - Johannes Brassart,NA,Nos autem gloriari oportet,Johannes Brassart,NA,classical,NA,publicdomain,0.0,0,0,25,0,3,0-0-0,53,336,6.339622641509434,False,2.8328305585498383,0.9580838323353292,0.9665084388185654
QmNZc3gskKi6apAkydynywBKgQKVw6Bf3W9XKKPYETSvwR,Nos corps à la dérive from La légende du Roi Arthur,NA,Nos corps à la dérive,La Légende du roi Arthur,NA,NA,lalgendeduroiarthur-piano-transcription-noscorpsladrive-camillelou-vincentbaguian,cc-zero,0.0,0,15,441,0,1,0,96,1421,14.802083333333334,False,2.618758582145156,0.99155524278677,0.933248299319728
QmZkdszs7ifGQ6mEhm5yWn2bJd61ZDAc8xjZ7JFVeYupsU,Nos Fercher,Wednesday Night,Nôs Fercher,Misc tunes,NA,NA,NA,publicdomain,0.0,0,0,4,1,1,0,20,121,6.05,False,2.515860933437263,1.0,0.953125
QmTu5hpECjNS5e89t2xC7jUETroypAiLwRyBHq6sJ1AADM,Nos Galan,New Year's Eve,Nôs Galan [New Yea's Eve] written Calan (probably a typo),Misc tunes,NA,NA,NA,publicdomain,0.0,0,0,3,1,1,0,17,79,4.647058823529412,False,2.490561710618264,1.0,0.8854166666666666
QmbutmiHiBsM7GC1t9GWPzeJseNJCcnHygK4SuaCRALSCf,Nos Unimos al Cielo,NA,NA,NA,NA,NA,cristiana,publicdomain,0.0,0,0,36,1,1,0,76,162,2.131578947368421,False,2.09147464638269,1.0,0.8835565476190477
QmVPpvxroG1x9hAUcTUBt1YxeNNZ5GA5wb4SzsdN34Qi4u,Nosotros Venceremos,(We Shall Overcome),Nosotros Venceremos,Tim Roust,Zilphia Horton Guy Carawan Pete Seeger etc,NA,NA,cc-zero,0.0,0,0,169,0,2,0-0,64,438,6.84375,True,2.7007860828697585,0.9863013698630136,0.9277482269503546
QmU88c1Yu45MGWE7m4mYxg3S88immBThoWUoW1atvANnKc,Nostalgia,NA,NA,NA,Luigi Rubino,NA,NA,cc-zero,0.0,0,2,53,1,1,0,18,160,8.88888888888889,False,2.7642569282803304,0.90625,0.9855769230769232
QmSNWyPvPywABW3jKA7cYHQ4PDAQo54djunAZSQMjKWuXh,Nostalgiac,A composition,Resonance,Home,James Glesson,NA,NA,cc-zero,0.0,0,8,261,0,2,0-0,113,2950,26.10619469026549,False,2.582289291424443,1.0,0.9865412979351031
QmeEXkG4C9mqNZAGwHmr3Bh8MRfqH5i31UKTYoaWUZ2trX,Not a cloud to hide our sky - J. Howard Entwisle,NA,Not a cloud to hide our sky,J. Howard Entwisle,NA,classical,NA,publicdomain,0.0,0,0,5,1,1,0,26,320,12.307692307692308,True,2.526998133441253,0.996875,0.9501811594202898
QmdkuDEAg6qiEcNsZdA2nJN4Gwqyeiyns6LZs7cEM7vAcw,Not a sound invades the stillness - Wm. J. Kirkpatrick,NA,Not a sound invades the stillness,William J. Kirkpatrick,NA,classical,NA,publicdomain,0.0,0,0,9,2,1,0,20,241,12.05,False,2.557014139922857,0.983402489626556,0.9479166666666666
QmRwKKzG5ZFQmCDXKTVDwLTzNZfVpkVgTjB9h5SneQ7jsZ,Not all the blood of beasts - Rev. J. H. Stockton,NA,Not all the blood of beasts,Rev. J. H. Stockton,NA,classical,NA,publicdomain,0.0,0,0,7,1,1,0,18,211,11.72222222222222,False,2.486403631153092,1.0,0.946078431372549
QmZ7eWtR2G5uDmQC9s977VTArUt3HAK5cJ4wjmvsZjeGyB,Not alone on rugged mountains - W. J. Baltzell,NA,Not alone on rugged mountains,W. J. Baltzell,NA,classical,NA,publicdomain,0.0,0,0,3,2,1,0,10,207,20.7,False,2.7822817028593643,0.9227053140096618,0.912037037037037
QmYVNx7RzHBJchRycxCZM5WBZrRhUg7mcdhzUnoFKYP5i5,Not as teacher in Judea - H. C. Clausen,NA,Not as teacher in Judea - H. C. Clausen,H. C. Clausen,NA,classical,NA,publicdomain,0.0,0,0,6,1,1,0,20,236,11.8,False,2.460113248623158,0.9957627118644068,0.9388020833333334
QmWoEWt9TMFFLDVyBtKVC6UbqUwk6VDtg3YpmG2wm8ASMP,Not by values told such as gems or gold - Arthur W. McKee,NA,Not by values told such as gems or gold,Arthur W. McKee,NA,classical,NA,publicdomain,0.0,0,0,4,1,1,0,18,244,13.555555555555555,False,2.563585010261653,0.9877049180327868,0.943627450980392
QmczdFP7hp97JgC9YajBkTX6ipkxZ2pVaLCi7kYuvJ1KUv,Not by works of righteousness that you and I have done - Ralph E. Stewart,NA,Not by works of righteousness that you and I have done,Ralph E. Stewart,NA,classical,NA,publicdomain,0.0,0,0,4,1,1,0,26,290,11.153846153846152,True,2.883498178390418,0.9551724137931036,0.9556159420289856
QmQDrDQtz7GpGAdwS49dRNArDJ94yrETKVBzGLV17K5bAk,Not empty-handed would I go - Wm. J. Kirkpatrick,NA,Not empty-handed would I go,William J. Kirkpatrick,NA,classical,NA,publicdomain,0.0,0,0,3,1,1,0,17,257,15.117647058823527,True,2.755779788812021,0.9727626459143968,0.9111111111111112
QmbnTcm9QkK1iKAD7DqKq389CzAhwQvF5Z62SknFa2H2zR,Not Far From Home,NA,Far From Home,Misc tunes,NA,NA,NA,publicdomain,0.0,0,0,1,1,1,0,36,222,6.166666666666667,False,2.436880525927172,0.990990990990991,0.9641927083333334
QmeR8xWa9rNmmTEbCo5y4p7J7XiP4DtaL9FEk5U8JWRspW,Not far from the kingdom so near to the gate - Chas. Edw. Prior,NA,Not far from the kingdom so near to the gate,Chas. Edw. Prior,NA,classical,NA,publicdomain,0.0,0,0,3,1,1,0,17,175,10.294117647058824,False,2.3190263543917355,1.0,0.953125
QmannyXCVkPNqkxN7f2V9Z7XhbwFt5DAWoWe9pbzcSuh4q,Not far not far from the kingdom (Jelley) - J. J. Jelley,NA,Not far not far from the kingdom (Jelley) - J. J. Jelley,J. J. Jelley,NA,classical,NA,publicdomain,0.0,0,0,6,1,1,0,27,397,14.703703703703704,False,2.8655686006135315,0.947103274559194,0.8912037037037037
QmQdvcvq9C9UmuWRH9sMVTMFNobUUzjbHH8AjbBy5uzsFn,Not far not far from the kingdom (McIntosh) - R. M. McIntosh,NA,Not far not far from the kingdom (McIntosh),R. M. McIntosh,NA,classical,NA,publicdomain,0.0,0,0,8,1,1,0,20,268,13.4,False,2.4092577723032846,0.9925373134328358,0.9114583333333334
Qmd8vYZgZUuBQtHdVrpgbZZ7Cit9P4NZdBdHZxDFVJVyZy,Not Far Not Far From the Kingdom (Sankey) - Ira D. Sankey,NA,Not Far Not Far From the Kingdom (Sankey),Ira D. Sankey,NA,classical,NA,publicdomain,0.0,0,0,4,1,1,0,20,295,14.75,False,2.4382879337689056,1.0,0.8802083333333334
QmWR5R8XTc79A9G7R6mUpCuSNJJ6MZ4Ym7tGiTGJGDkWje,Not far to the gate of that beautiful city - Jno. R. Sweney,NA,Not far to the gate of that beautiful city - Jno. R. Sweney,John R. Sweney,NA,classical,NA,publicdomain,0.0,0,0,2,2,1,0,18,369,20.5,False,2.8078113630610666,0.962059620596206,0.953125
QmQzYjAe2oTbxKh6b9SM3XDtpFxD3ywyNPUa9JJtAAbS7r,Not for Joe,NA,Not For Joe,Misc tunes,NA,NA,NA,publicdomain,0.0,0,0,2,1,1,0,5,17,3.4,False,1.9328045775391225,1.0,0.875
QmVgeKDqgzAA9BCcrwvKQEUc1Gkkr4WnxMrjDKvzZMZD6V,Not for Joe,NA,Not For Joe,Misc tunes,NA,NA,NA,publicdomain,0.0,0,0,2,1,1,0,36,140,3.888888888888889,False,2.316773708651697,1.0,0.95703125
QmbLYQfBNcyQmXbTTcpgE8MwKUsdQcKKNWBbPbZUs3aFrr,Not for Joe [2],Much Wenlock [1],Not For Joe,Misc tunes,NA,NA,NA,publicdomain,0.0,0,0,3,1,1,0,16,49,3.0625,False,2.708865124251369,1.0,0.9713541666666666
QmRaN7tSJi5iLMUjatPWR1bMLTiGPF9CSwZ3FpxVh53sbL,Not for justice do I plead - Haldor Lillenas,NA,Not for justice do I plead - Haldor Lillenas,Haldor Lillenas,NA,classical,NA,publicdomain,0.0,0,0,2,2,1,0,34,409,12.029411764705882,True,3.007415567519421,0.9095354523227384,0.8813405797101449
QmejAFWfBdWPEYtRqkDV1bE29CvJFKGJGVJbaNQEZwEEnP,Not for self O blessed Savior - J. H. Ruebush,NA,Not for self O blessed Savior,J. H. Ruebush,NA,classical,NA,publicdomain,0.0,0,0,3,1,1,0,16,237,14.8125,True,2.461463858956072,0.9957805907172996,0.9609375
QmS3W6wthixsgN7Efci7s7vHnpxkdy8yF3N6vhmJKEHWMg,Not For The Life Of Me,from Thoroughly Modern Millie,thoroughly modern millie - not for the life of me,Misc Soundtrack,Music by Jeanine Tesori,soundtrack,notforthelifeofme-thoroughlymodernmillie,cc-zero,4.66,9,9,229,2,1,0,72,770,10.694444444444445,False,3.502892902715093,0.7090909090909091,0.9624413145539906
QmPxqzBM9yeAALXJvMQC54w6XDbQeMVViXX9qyFmjn9ihG,Not for tomorrow but today - I. N. McHose,NA,Not for tomorrow but today,I. N. McHose,NA,classical,NA,publicdomain,0.0,0,0,5,1,1,0,18,202,11.22222222222222,False,2.4460440757990445,1.0,0.9010416666666666
QmUhcKfCWfxp8TXe1oMr9wKAUzpvjZpV46fkBEMPpWEfxo,Not here! not here! not where the sparkling waters - Jno. R. Sweney,NA,Not here! not here! not where the sparkling waters - Jno. R. Sweney,John R. Sweney,NA,classical,NA,publicdomain,0.0,0,0,6,2,1,0,16,392,24.5,False,2.500372792870313,0.9897959183673468,0.8932291666666666
Qmb8Qd6LfMZedaaqG1mxLHVGgpsQb17SqrEWnqrvAufULM,Not I but Christ be honored loved - J. H. Burke,NA,Not I but Christ be honored loved,J. H. Burke,NA,classical,NA,publicdomain,0.0,0,0,6,1,1,0,16,162,10.125,True,2.7378002824398537,0.9876543209876544,0.96484375
QmXzPehFfCyWqvq4r9wfvSLWcaiWjnYxMN4XZfDwLWE7a3,Not identified 1,63A /334 (lesnoto),Not identified 1,Misc tunes,NA,NA,NA,publicdomain,0.0,0,0,4,1,1,0,28,132,4.714285714285714,False,2.6995821444748285,1.0,0.9049479166666666
QmYixUQs4XHbiELft2ezKwr4pkfT2R8pUaVeZnGGU1rR3M,not known - Orsa Speleman,NA,Orsa Speleman,not known,not known,classical,NA,publicdomain,0.0,0,0,5,1,1,0,16,159,9.9375,False,2.68795152571193,1.0,0.9166666666666666
QmNwKpWyaNuEbgq9tCmYkXfWUdXuEpnhCDZXgZjBNG1fX8,not known - Some Say The Devil's Dead,Carry Me Down To CarlowLove Won't You Marry Me,Some Say The Devil's Dead,not known,not known,classical,NA,publicdomain,0.0,0,0,6,1,1,0,16,110,6.875,False,2.593592882605359,1.0,0.9544270833333334
QmWNFixamc4qBzy3etvjoNFHkQfM8YAzLVyLkUmyb654Fn,not known - untitled polka 1,NA,untitled polka 1,not known,not known,classical,NA,publicdomain,0.0,0,0,2,1,1,0,32,160,5.0,False,2.499878605671316,1.0,0.96875
QmRcahQbMC3jDZ68zDgw1J9dnVNfKfx2SPkvkoa3qXjMdt,Not made for the trifling things of time - Haldor Lillenas,NA,Not made for the trifling things of time,Haldor Lillenas,NA,classical,NA,publicdomain,0.0,0,0,8,2,1,0,27,430,15.925925925925926,False,3.269562676315198,0.8534883720930233,0.9691666666666666
QmVTLHG1221jYZCV4sp8Yv5eyr9aSQyjkytpbsHj6QRbJL,Not my own but unto Jesus - Chas. H. Gabriel,NA,Not my own but unto Jesus,Chas. H. Gabriel,NA,classical,NA,publicdomain,0.0,0,0,4,1,1,0,16,225,14.0625,True,2.8500980956717017,0.96,0.9388888888888888
QmdVy3sumxdiCPgD7Z2yN67LMskLNwtXr81QCHoLrWstoq,Not my own for Thou hast bought me - E. Lester Thurman,NA,Not my own for Thou hast bought me,E. Lester Thurman,NA,classical,NA,publicdomain,0.0,0,0,5,2,1,0,20,264,13.2,False,2.654985588155066,0.9772727272727272,0.9444444444444444
QmT56vfS2srVf6dp8yfb8YjtctakS1tthX1SDi7pZi5zGy,Not my way but Thy way O Savor divine - Leonard C. Voke,NA,Not my way but Thy way O Savor divine,Leonard C. Voke,NA,classical,NA,publicdomain,0.0,0,0,12,1,1,0,10,87,8.7,False,2.958547039645146,0.896551724137931,0.9756944444444444
QmSF9rLmi2sYbqew8xc3bP7ykTrdZWGq7LiABhaU9ddbGr,Not Necessarily,NA,NA,NA,Aled Horler,NA,NA,cc-zero,0.0,0,0,110,1,1,0,27,346,12.814814814814817,False,2.947982845839328,0.8526011560693642,0.9814814814814816
QmZqV2EePqnAn5HUGecYYPDGy1FHernDnNTLLeLEs22Kvf,Not now not now and can it be - Mrs. C. H. Morris,NA,Not now not now and can it be,Mrs. C. H. Morris,NA,classical,NA,publicdomain,0.0,0,0,4,2,1,0,22,248,11.272727272727272,False,2.807052373229615,0.9758064516129032,0.9282407407407408
QmYPF848EX9SLZkXygriijK4b6UFh6ehfcXYogqxWWyWFi,Not quite your typical journey - An Anime Medley,An Anime Medley for Piano,naruto theme,Misc Cartoons,Arranged by Nevios,soundtrack,anime-medley-wip-fullmetalalchemist-narutoshippuden,cc-zero,0.0,0,26,1571,2,1,0,101,1220,12.07920792079208,False,3.090690978080529,0.8909836065573771,0.900660569105691
QmNcgkuLNCWV1fh7frgVzyzb18S6T6DA2XYg4RQgiGtmYc,Not saved are we by trying - Geo. C. Stebbins,NA,Not saved are we by trying - Geo. C. Stebbins,Geo. C. Stebbins,NA,classical,NA,publicdomain,0.0,0,0,7,1,1,0,26,306,11.76923076923077,False,2.661439699905933,0.9803921568627452,0.9548611111111112
QmcLE8ywejPf8rrooiNZkDZkfJ5jjsbgiEstNb9zZM7toZ,Not the might of long-drilled warriors - Chas. H. Gabriel,NA,Not the might of long-drilled warriors,Chas. H. Gabriel,NA,classical,NA,publicdomain,0.0,0,0,6,2,1,0,25,362,14.48,True,2.723398541282262,0.9751381215469612,0.9628623188405796
Qmcq7Vy1cEnXERdgfjvqTeiempVGt9PtS9nFssSU7njgxx,Not tomorrow but today - Jno. R. Sweney,NA,Not tomorrow but today,John R. Sweney,NA,classical,NA,publicdomain,0.0,0,0,3,1,1,0,23,327,14.217391304347826,True,2.5462459845956764,0.9908256880733946,0.933531746031746
QmVpyg4tSW3XBhWwXGanYUJt8NDA4YLPbkyve9hF1QWxW6,Not unto us shall be the praise - Lester Price,NA,Not unto us shall be the praise,Lester Price,NA,classical,NA,publicdomain,0.0,0,0,2,2,1,0,16,288,18.0,True,3.045091790964039,0.9131944444444444,0.9283854166666666
QmfK5Y9u5zm3i2ZJH2o9h5ajuY6gfKsurPs95pbMqsjup7,Not what these hands have done - Herbert G. Tovey,NA,Not what these hands have done,Herbert G. Tovey,NA,classical,NA,publicdomain,0.0,0,0,5,1,1,0,17,260,15.294117647058824,True,2.654635319566678,0.9923076923076924,0.9518229166666666
QmTjWwjXifghCccs92wcjsjMLdF2CFXN6Vdkp62u27mxSm,Not where the work is the lightest - J. R. S.,NA,Not where the work is the lightest,J. R. S.,NA,classical,NA,publicdomain,0.0,0,0,3,1,1,0,24,356,14.833333333333334,True,2.757435005001083,0.9578651685393258,0.8969907407407407
QmS86bRCiTJVdUKccx95r2iXLRcjwt8qmCx3zwh2hWQkbe,Note to self 4 (solo piano),NA,Note to self 4 (solo piano),Mehdi.Tmimi,TMIMI Mehdi 2019,NA,piano-composition-original-night,cc-zero,0.0,0,1,54,0,2,0-0,71,1516,21.35211267605634,False,3.245270190211583,0.8460013218770654,0.9523809523809524
QmP5vxC2c7ydQeFSXt2naDoqwxa6HohHuKB8LXD1ihPRF2,Note values - American English,NA,NA,NA,NA,NA,study-student-education-musiceducation,cc-zero,0.0,0,5,820,1,1,0,5,31,6.2,False,-0.0,1.0,0.8708333333333333
QmShc7epmrE8isiz4ZEKqes7jNW7zd26V5vCSEjky6svbf,Notes mixed 1,NA,NA,NA,Composer,NA,random,cc-zero,0.0,0,1,29,2,1,0,32,513,16.03125,False,2.7948803148155617,1.0,0.8411458333333334
Qmb7qcpxeJqGPkGVB7xMwuFuUf4KQD2mDG7euts1otX26a,Notes on major modes in jazz,NA,Notes on major modes in jazz,martinspost2,Composer,NA,NA,cc-zero,0.0,0,1,77,0,1,0,65,334,5.138461538461539,False,3.4685727354766933,0.7245508982035929,0.8935185185185185
QmYSLteTLyHf7c8ymdTHGJAC3njsThpCcHgv3anYwAvuHd,Nothin',as played by Adam Swanson,Nothin',Luckey Roberts,Luckey Roberts Adam Swanson Original transcription by Ian Pallister,classical,stride-charlesluckeythroberts,cc-zero,4.88,14,10,661,3,1,0,109,3940,36.14678899082569,False,3.287245159974602,0.8538071065989847,0.7697172619047619
QmTNhTnJc9fvygbQqSfctdSTu46WtEoCJGaKG9hh6Ri5Ru,Nothing between Lord nothing between - James Mountain,NA,Nothing between Lord nothing between,James Mountain,NA,classical,NA,publicdomain,0.0,0,0,13,1,1,0,17,137,8.058823529411764,True,2.7576662384562907,0.978102189781022,0.9565972222222222
QmcZHbHaZAVKjhz6H1s47LXAL3RLrbAE3KprMzd1jkhWBY,Nothing but blood the precious blood - Herbert G. Tovey,NA,Nothing but blood the precious blood,Herbert G. Tovey,NA,classical,NA,publicdomain,0.0,0,0,8,2,1,0,18,296,16.444444444444443,False,2.7412007453028484,0.9695945945945946,0.92578125
QmR8oZF3kQ7S6yAjAMw2RSYMdP8nTYw6RaCjCmh2tr2SnR,Nothing but Christ! Oh rest my soul - Louis Koehler,NA,Nothing but Christ! Oh rest my soul - Louis Koehler,Louis Koehler,NA,classical,NA,publicdomain,0.0,0,0,10,1,1,0,15,137,9.133333333333333,True,2.4395382461439,1.0,0.9431818181818182
QmVFrnMfFjsEpcFc9ZYomBxdZeDrZ9tXknZY7W9zRhpDsL,Nothing but leaves no golden sheaves - D. O. Teasley,NA,Nothing but leaves no golden sheaves,D. O. Teasley,NA,classical,NA,publicdomain,0.0,0,0,11,1,1,0,18,221,12.27777777777778,False,2.5651633865830084,0.9819004524886876,0.953125
QmZHxd6Q1ftQj1y11iiQ7KtLE2tzwnAV8WTLmrp7D4GMpn,Nothing but leaves! The spirit grieves (Pollock) - Chas. Edw. Pollock,NA,Nothing but leaves! The spirit grieves (Pollock) - Chas. Edw. Pollock,Chas. Edw. Pollock,NA,classical,NA,publicdomain,0.0,0,0,6,1,1,0,12,188,15.666666666666666,True,2.426961320619115,1.0,0.8634259259259259
QmSUYJzmhovQkP8eK86QF8yi9pkN7k4jw371jrQexaNv93,Nothing but the blood of Jesus - Robert Lowry,NA,Nothing but the blood of Jesus,Robert Lowry,NA,classical,NA,publicdomain,0.0,0,3,145,0,2,0-0,16,223,13.9375,True,2.171934391718297,1.0,0.953125
QmSAxykaM2UVgSufLz5b7wo19AscoHBRVKY6vR38sPUu6M,Nothing but the blood of Jesus in my soul - Mrs. C. H. Morris,NA,Nothing but the blood of Jesus in my soul,Mrs. C. H. Morris,NA,classical,NA,publicdomain,0.0,0,2,59,2,1,0,17,314,18.47058823529412,True,2.442672937950955,0.9968152866242038,0.9296875
QmbXRqnkbEv4uNoi2vaU3esEgqFagcra7oNuFGqCesU3cg,Nothing can be greater than a heart made right - Haldor Lillenas,NA,Nothing can be greater than a heart made right,Haldor Lillenas,NA,classical,NA,publicdomain,0.0,0,0,5,2,1,0,16,339,21.1875,True,2.849747393128895,0.9616519174041298,0.9270833333333334
QmbVFPdWHUPviiivp1dBo3jS3ab62K3TTkP6289G8n3YR8,Nothing Can Sadden Us (jig) 0747,NA,Nothing Can Sadden Us,Misc tunes,Unattributed,NA,NA,publicdomain,0.0,0,0,6,1,1,0,54,280,5.185185185185185,False,2.726013631131564,0.9928571428571428,0.9251126126126126
Qme3hBDE7GwZLZNVBGdbRReSfLj71WeCk8x9cQenRmDUCY,Nothing Changes,From Hadestown,how long,Anaïs Mitchell,Music and Lyrics by Anais Mitchell,folk,musical-hadestown-thefates-fates-nothingchanges-nothing-changes-piano-ssa-soprano-soprano-soprano-alto-acapella-acapella,cc-zero,4.82,14,102,4971,0,3,0-0-0,26,288,11.076923076923077,True,3.016996393963636,0.879245283018868,0.9186507936507936
QmY1QuG89T1waU9pkLVvoy43e5vsrN1Dtmb73f6eCZ763v,Nothing either great or small (Pease) - Miss Pease,NA,Nothing either great or small (Pease),Miss Pease,NA,classical,NA,publicdomain,0.0,0,0,11,1,1,0,16,200,12.5,True,2.452372806335713,1.0,0.8940972222222222
QmSPyWVHTk8zoHmD393mEtYA6GibttaDBJfCEx2o5kpv9p,Nothing either great or small (Sankey 56513) - Ira David Sankey,NA,Nothing either great or small (Sankey 56513),Ira David Sankey,NA,classical,NA,publicdomain,0.0,0,0,5,1,1,0,16,190,11.875,True,2.639688353408656,0.9894179894179894,0.9223484848484848
QmRnrFPYwAw6TdGLSY1d3zz4oznk2qzCfwnX7bZ47MjYbb,Nothing held back from Thee - Chas. H. Gabriel,NA,Nothing held back from Thee,Chas. H. Gabriel,NA,classical,NA,publicdomain,0.0,0,0,2,2,1,0,16,298,18.625,True,2.755564609761312,0.9731543624161074,0.9710144927536232
QmVm5NVWWG8LJvjh651S3eVLy641t7u85PbvrANw9Z6RR4,Nothing in Life can Sadden Us,NA,Nothing Can Sadden Us,Misc tunes,NA,NA,NA,publicdomain,0.0,0,0,2,1,1,0,28,146,5.214285714285714,False,2.668864996306129,1.0,0.9722222222222222
QmbT4MQLekKU2kpuARu9fTKSzzHW6BKtDhZs3D91JupDts,Nothing is too hard for Jesus - Charles W. McCrossan,NA,Nothing is too hard for Jesus,Charles W. McCrossan,NA,classical,NA,publicdomain,0.0,0,0,13,1,1,0,18,245,13.61111111111111,True,2.356882500235669,1.0,0.9458333333333332
QmPPVstFqXf3xVD2hogcQfv1meoT3nHEHJRAMZrwHKMFgn,Nothing satisfies but Jesus (Morris) - Mrs. C. H. Morris,NA,Nothing satisfies but Jesus (Morris),Mrs. C. H. Morris,Mrs. C. H. Morris,classical,NA,publicdomain,0.0,0,0,4,1,1,0,20,353,17.65,True,2.681958897494789,0.9574468085106383,0.9265350877192984
QmfCjRmqZ2zN2on3ozvoWS34zkWR9gxpz47nzWLxsidak2,Nothing Stopping Me Vicetone,NA,Nothing Stopping Me,Vicetone,NA,electronic,NA,cc-zero,4.92,10,38,1272,2,1,0,94,1552,16.51063829787234,False,2.6239763687088486,1.0,0.97052304964539
QmTtBV2pWUiK5zYRkMvA75R3dVee7nTdUqzivSwAFJqNSQ,Nothing to pay! ah nothing to pay (Havergal) - Frances R. Havergal,NA,Nothing to pay! ah nothing to pay (Havergal),Frances R. Havergal,NA,classical,NA,publicdomain,0.0,0,0,15,1,1,0,30,380,12.666666666666666,False,2.7212835713548484,0.9894736842105264,0.8923611111111112
QmV3gbvVyDnwwjt3QKASUuqvSMNwVjtjiK8VVtkkLzg1M8,Nothing to pay! ah nothing to pay (Jelley) - J. J. Jelley,NA,Nothing to pay! ah nothing to pay (Jelley),J. J. Jelley,NA,classical,NA,publicdomain,0.0,0,0,2,1,1,0,16,259,16.1875,True,2.598238228571468,0.9884169884169884,0.8958333333333334
QmbxHZbcfQ8CkpaZnAsPG6L6VUNEQYpajqFMyE6CJisisL,Nothing unclean can enter in - John R. Sweney,NA,Nothing unclean can enter in,John R. Sweney,NA,classical,NA,publicdomain,0.0,0,0,4,1,1,0,15,171,11.4,False,2.675880814884213,0.9824561403508772,0.8634259259259259
QmfXBeDmrwUvgzZnoherYaoZokf2y31oCWbFFVheQNEraw,Nothing_Lasts_Forever,(It Chapter 2),Nothing Lasts Forever,Benjamin Wallfisch,Benjamin Wallfisch,soundtrack,it-piano-nothinglastsforever,cc-zero,4.85,4,20,910,2,1,0,56,446,7.964285714285714,False,3.2773227224152017,0.8251121076233184,0.9664351851851852
QmYrSFQXmQ6EQL5doDd88ZvZkg9DMs1zUgXtdrWbDExE9j,Notification Song,NA,Notification Song,rich777300,rich777300,NA,original-notification-song-piano,cc-zero,4.66,3,3,120,2,1,0,186,702,3.774193548387097,True,2.9051553750497243,0.9515669515669516,0.907336400817996
QmXXKwyQbinJSEXgeJYH6YanukE5dNadSZv6XXeuGWBeAA,notre pere notre pere nous te supplions humblement--DP-S-PUNIV,NA,notre pere notre pere nous te supplions humblement,Inconnu,NA,classical,NA,cc-zero,0.0,0,0,84,1,1,0,10,32,3.2,True,3.1792292966721747,0.78125,0.9136904761904762
QmVX7XpB3gP5p8K56t4FsiTTM1nVAbA2jpFUVjiYFFThUG,Notre Père - Maurice Duruflé,NA,Notre Père,Maurice Duruflé,Maurice Duruflé,classical,NA,cc-zero,4.42,4,0,774,0,2,0-0,39,469,12.025641025641026,True,2.8005917854178284,0.9889624724061812,0.9464285714285714
QmZjgNny9FR5cQWcm7nKLWHzt6U7CDjrysF5krGGjw1zWW,Notre Père Durufle,NA,NA,NA,Maurice Duruflé,NA,NA,publicdomain,0.0,0,3,650,0,1,1,27,92,3.4074074074074074,False,2.650871947984656,0.9891304347826086,0.9555555555555556
QmNPMR1ZyxwQ7ztKxRCTpLxzXYX368czwDiyQ2MbmmUbDa,Notte felice - Alessandro Striggio,NA,Notte felice,Alessandro Striggio,NA,classical,NA,publicdomain,0.0,0,0,5,0,5,0-0-0-0-0,63,792,12.571428571428571,False,2.774181195028917,0.9898477157360406,0.9402680652680652
QmdgiBVwHCawQ6jgnPD32aJXsTjE1kxBq4a6vDBkXE1jnt,Nottingham Swing,Cumberland ReelKing of the Cannibal Islands,Nottingham Swing,Misc tunes,NA,NA,NA,publicdomain,0.0,0,0,4,1,1,0,35,140,4.0,False,2.744428778634868,1.0,0.9131944444444444
QmYF8ws1f6U3oM2CoioTtH6YKuTveBxvcXbqbU3WrBoqX3,Nou let us sing,NA,Nou let us sing,Misc tunes,NA,NA,NA,publicdomain,0.0,0,0,6,1,1,0,16,68,4.25,False,2.049691884922566,1.0,0.9466145833333334
QmUcRiAv6Xdfi5AdKw3gZWXrSLw8nZQtkpBvnAS5xir9a7,Nous n'irons plus au bois,NA,Nous n'irons plus au bois,Misc Traditional,NA,folk,NA,publicdomain,0.0,0,0,18,1,1,0,41,94,2.292682926829268,False,2.367854336403131,1.0,0.946875
QmWJ4E9iGMRLjaLFvBbp61pdbTaTXqiVriP27VvtK48XWd,Nous Voici Dans La Ville,NA,Nous voici dans la ville,Misc Traditional,NA,folk,NA,publicdomain,0.0,0,0,10,1,1,0,17,53,3.117647058823529,False,2.2947114800736803,1.0,0.9184027777777778
QmVaXwxePBPALKpqAs5shdhNGie1Ps4YMpVTd4tZ6eUNz2,Nous voici dans la ville,NA,Nous voici dans la ville,Misc Traditional,Traditionnel Noël,folk,NA,cc-zero,0.0,0,2,68,1,1,0,34,106,3.117647058823529,True,2.3375320683045016,0.9622641509433962,0.9083333333333332
QmQ3JPptpXrGgM47RSk6Nn8MhNiLgPukaTqG369CnY8Bbm,Novelty (Lancashire) -- Clog,NA,Novelty (Lancashire) -- Clog,Misc tunes,F. A. MORRISON.,NA,NA,publicdomain,0.0,0,0,5,1,1,0,77,590,7.662337662337662,False,3.1599131361329844,0.9067796610169492,0.9421296296296297
QmQY75Y4XQts1aYbVpmm3qDrf2D9Z7cFk4YQ6BdiKAn7qJ,NoveltyThe. JC.154,March of the Men of DevonYmdiath Gwyr Dyfnant,NoveltyThe. JC.154,Misc tunes,NA,NA,NA,publicdomain,0.0,0,0,1,1,1,0,68,354,5.205882352941177,False,2.647950600030002,1.0,0.92578125
QmWe19k7rDcJwZDFgqyzKXso334VvsUGLjvir4TcQmMfve,Novembermorgen,Version für Elisa,Novembermorgen,dvsoda,Daniel Varga,NA,NA,cc-zero,0.0,0,0,13,2,1,0,102,763,7.480392156862745,False,2.502808566766862,0.9080157687253614,0.9734100877192984
QmY3q5UocAFjxdGrCEwY3PSyzsQWoFUQjZbtzxgMgLwpHZ,Novembermorgen Original,NA,Novembermorgen Original,dvsoda,Daniel Varga,NA,NA,cc-zero,0.0,0,0,6,2,1,0,122,1136,9.311475409836063,False,2.947736836998568,0.8863436123348017,0.9759615384615384
QmQVRArCufufYgF6gbfbc8wtfbAeKyfGSLzpoaSVhhfMBu,NOVENA DI NATALE,Ciaramella SOL,NA,NA,NA,NA,ciaramella-natale-christmas,cc-zero,0.0,0,4,376,1,1,0,7,35,5.0,False,2.693988920377048,1.0,0.8854166666666666
QmVjd1pG1V2ZSVwQXsUbykoY5HD4bE6SCbJnHfUTZyXWdc,Novo Amanhecer,NA,Novo Amanhecer,Comunidade Católica Shalom,Composer,classical,NA,cc-zero,4.36,8,3,218,0,1,0,108,327,3.0277777777777777,True,2.922543309527775,0.9357798165137616,0.8971518987341772
QmRQq6zm4GpVKxwfefj1pudzznrfobTJqb7WZvbZjG6UAj,Novos Farrapos,NA,NA,NA,Claudemir Dorneles e Júnior dos Santos,NA,crt-rt-coral-novosfarrapos,publicdomain,0.0,0,0,22,0,5,0-0-0-0-0,113,1296,11.469026548672566,True,3.044706209516044,0.9179646936656284,0.9430272108843536
QmXghVcJgJAsNW2EqWeDZygWb6Rsdd5bZMZxuG2ri2yLPX,Now as we part and heart to heart - Florence W. Williams,NA,Now as we part and heart to heart,Florence W. Williams,NA,classical,NA,publicdomain,0.0,0,0,4,1,1,0,20,243,12.15,False,2.689062090285636,0.9876543209876544,0.9669117647058824
QmbUcZdcoJ7AaTePYaJHQUe3kUBzxJBgN1wcMEUsAJjyJL,Now begin the heavenly theme - Thomas Clark,NA,Now begin the heavenly theme,Thomas Clark,Thomas Clark,classical,NA,publicdomain,0.0,0,0,4,0,4,0-0-0-0,17,273,16.058823529411764,True,3.0000345853522075,0.950381679389313,0.9264705882352942
QmcSR46rXKf5giFeeHETvzGwMJURwhXkhBGEWj5srJtSpM,Now begin the heavenly theme - Thomas Clark,NA,Now begin the heavenly theme,Thomas Clark,Thomas Clark,classical,NA,publicdomain,0.0,0,0,7,0,4,0-0-0-0,10,163,16.3,True,2.7300724717142604,0.975,0.9291666666666668
QmQfdEFPq4xsXZRk3KYvd9aTNYBFccaiX6CYquKZhpmcdB,Now begin the heavenly theme - Thomas Clark,BARHAM. P.M. Hy. 69. Dr. Rippon.,Now begin the heavenly theme,Thomas Clark,Thomas Clark,classical,NA,publicdomain,0.0,0,0,5,0,4,0-0-0-0,24,206,8.583333333333334,True,2.7264485620566634,0.9746192893401016,0.9632352941176472
QmbrHPRaAfxmoWdB93XV2JGKGkaMVmcLmqxLFmFvDHK6of,Now begin the heavenly theme - Thomas Jarman,TRIUMPH. Sevens.Hymn 69. Dr. Rippon.,Now begin the heavenly theme,Thomas Jarman,Thomas Jarman,classical,NA,publicdomain,0.0,0,0,12,0,4,0-0-0-0,20,150,7.5,True,2.550274663758081,0.9929577464788732,0.9333333333333332
QmYpKwjQBZm2D9bqCvFjx69e9do3DsZp5LerkeWqtUX2KX,Now boys attend: should miscalled friend - Wm. J. Kirkpatrick,NA,Now boys attend: should miscalled friend,William J. Kirkpatrick,NA,classical,NA,publicdomain,0.0,0,0,3,1,1,0,35,555,15.857142857142858,False,2.6105366521815547,0.9891891891891892,0.9223484848484848
QmbFCVvN6sKX6A6GrTTt5DY46vjU4ag6q2YRKjDWywJjsi,Now Childrens Day is over - C. Austin Miles,NA,Now Childrens Day is over,C. Austin Miles,NA,classical,NA,publicdomain,0.0,0,0,2,2,1,0,27,544,20.14814814814815,False,2.7728929103800977,0.9759704251386322,0.9552083333333332
QmS5tWQcm1Jexw7Z5DddcUragcMC6GAVsusyyuiPLsVVmG,now feat.SIRIP,NA,now feat.SIRIP,ããã,NA,NA,NA,cc-zero,0.0,0,0,7,0,5,0-0-0-0-0,93,2201,23.666666666666668,True,2.966671843984384,0.9002744739249772,0.777014652014652
QmdHVW8DqgYDM2Ho9r39knZx7etYPaVXY8yrazj2FaQ1pp,Now forward with courage on to victory - D. O. Teasley,NA,Now forward with courage on to victory,D. O. Teasley,NA,classical,NA,publicdomain,0.0,0,0,2,2,1,0,19,261,13.736842105263158,False,2.534506507620096,1.0,0.9479166666666666
QmQ7YqZHSP49PEL3n4oShv9nUvaPmqiX2WSZ7QzzBgGc6p,Now God be with old Simeon a Round of 3 Voices,NA,Now God be with old Simeon a Round of 3 Voices,Misc tunes,From Pammelia(1609) compiled by Thomas Ravenscroft,NA,NA,publicdomain,0.0,0,0,4,1,1,0,1,75,75.0,True,2.6706082697347835,1.0,0.9739583333333334
QmRCWjSDDjfv9ekondjiKXPSoUQzHKJsH2cWanVMJ7kipo,Now I have found a Friend (Burke) - J. H. Burke,NA,Now I have found a Friend (Burke),J. H. Burke,NA,classical,NA,publicdomain,0.0,0,0,3,1,1,0,16,165,10.3125,True,2.492123057953269,1.0,0.9622395833333334
QmYA586vGBAreNSFiBCYqxBgfJ4V4AZkKGMPWiKBjuHGEz,Now I know the great Redeemer - Henry A. Lewis,NA,Now I know the great Redeemer,Henry A. Lewis,NA,classical,NA,publicdomain,0.0,0,0,21,2,1,0,19,269,14.157894736842104,False,2.7583710276950306,0.9776951672862454,0.9375
QmZQm9CTicz1ACEptvrppghkYdtFtfH72YtCJMGb8zfUEi,Now I lay me down to sleep - Hubert P. Main,NA,Now I lay me down to sleep - Hubert P. Main,Hubert P. Main,NA,classical,NA,publicdomain,0.0,0,0,12,2,1,0,11,172,15.636363636363637,True,2.9100099900801286,0.9585798816568049,0.9583333333333334
QmXnq5qTja8wTz7X1THqo9ri8mVSMVxye4zgZ241tLjVjt,Now in a song of grateful praise - Thomas Clark,Finland. L.M.,Now in a song of grateful praise,Thomas Clark,Thomas Clark,classical,NA,publicdomain,0.0,0,0,6,0,4,0-0-0-0,9,164,18.22222222222222,True,2.6724849005651863,0.9872611464968152,0.9513888888888888
Qma9NGZ7Z3DaFFtKQFfkvpu4GFd7yUZcb62Z3xEtxirjw7,Now is the autumn coming (Sewell) - Hampton H. Sewell,NA,Now is the autumn coming (Sewell),Hampton H. Sewell,Hamp Sewell,classical,NA,publicdomain,0.0,0,0,3,1,1,0,24,365,15.208333333333334,True,2.852564062369394,0.9532967032967034,0.9350490196078431
QmSUZH3dpk2Cex1ueXk4r1YvE2xWbHrdVJdFDGNnizH9rv,Now is the day of salvation The future no promise contains - C. E. Hunter,NA,Now is the day of salvation The future no promise contains,C. E. Hunter,NA,classical,NA,publicdomain,0.0,0,0,12,1,1,0,18,271,15.055555555555555,True,2.75420438529749,0.977859778597786,0.9277777777777778
QmUQbWkJUP7m47MzWi1omZCWwCRsNnqLLcqDr3YXvHdwvj,Now is the Month of Maying,NA,Now is the Month of Maying,Thomas Morley,Thomas Morley,NA,saqtb-morley-thomasmorley-nowisthemonth-monthofmaying-maying-nowisthemonthofmaying-madrigal-thc,cc-zero,4.62,5,21,1143,0,5,0-0-0-0-0,35,596,17.02857142857143,True,2.856482853506792,0.9647887323943662,0.9601190476190476
QmSNajbVYSEXM5MTvxRoidGzvckC4kBHsaMXi2g6h6FPTx,Now is the time; for this day's setting sun - S. J. Vail,NA,Now is the time; for this day's setting sun,S. J. Vail,NA,classical,NA,publicdomain,0.0,0,0,8,1,1,0,16,304,19.0,True,2.693254619794734,0.9802631578947368,0.94921875
Qmf7fpfV4yN23RSHRM4LnR8AAELyZix7EKCNpor28qNoD9,Now Jesus knocks O let Him in - Adam Geibel,NA,Now Jesus knocks O let Him in,Adam Geibel,NA,classical,NA,publicdomain,0.0,0,0,2,1,1,0,18,217,12.055555555555555,False,2.6812891008631774,0.976958525345622,0.9661458333333334
QmW8dV9L9xiat6A7Kwtz1zqF3FY9gCv7Gzv5ZAYhFcfjNe,Now let our souls on wings sublime - Thomas Clark,NA,Now let our souls on wings sublime,Thomas Clark,Thomas Clark,classical,NA,publicdomain,0.0,0,0,4,0,4,0-0-0-0,8,136,17.0,True,2.702935895020349,1.0,0.9453125
Qmbf4vfCEfRWBCMPnyVkoVvTMi468KLqBM5g4cw45teA6Q,Now let us raise our cheerful strains - Thomas Clark,NA,Now let us raise our cheerful strains,Thomas Clark,Thomas Clark,classical,NA,publicdomain,0.0,0,0,4,0,4,0-0-0-0,16,263,16.4375,True,2.695975054573165,0.9921875,0.94921875
QmdQEAxfeWw7kJc7eGXs6x7Ehx8nrKbz7Y4RxAgQeeVYdt,Now no more with pain Im clinging - Dr. H. L. Gilmour,NA,Now no more with pain Im clinging,Dr. H. L. Gilmour,NA,classical,NA,publicdomain,0.0,0,0,2,1,1,0,20,236,11.8,False,2.6555860821036825,0.9872881355932204,0.9270833333333334
QmZfRAYc2ekSc5xTFfVxnJyd6TzHPxSjWab1nh7p7gcxHe,Now or Never Normal (Wet Floor) Splatoon 2 (bland version),Splatoon 2 - One Minute Remaining (Normal),Now or Never - Splatoon/Splatoon 2,Misc Computer Games,NA,soundtrack,NA,cc-zero,4.72,15,51,1990,1,1,0,49,394,8.040816326530612,False,2.750199491553792,0.9263959390862944,0.940359477124183
QmYBJBwY147YcEvXDS4LMx4rKEEjKX6MrzwfAP2vaj52wL,Now our eyes are often dim - Allen Alket,NA,Now our eyes are often dim,Allen Alket,NA,classical,NA,publicdomain,0.0,0,0,3,2,1,0,17,240,14.117647058823527,True,2.6867498564018457,0.9625,0.9125
QmZSFwi8c794pwQC2nYVkts2qKMS7GXXE2fMnRV3XFXmNM,Now Robin lend me thy bow,NA,Now Robin lend me thy bow,Misc tunes,NA,NA,NA,publicdomain,0.0,0,0,4,1,1,0,12,34,2.833333333333333,False,2.855394740899436,0.9705882352941176,0.9479166666666666
QmXQSFehgCLZfMxQYmHcqTfgtxx8NDoG6kkq88m4rCJSKp,Now shall my inward joys arise - Thomas Clark,ROSE COTTAGE. C.M.Hymn 39. B: 1. Dr. Watts.,Now shall my inward joys arise,Thomas Clark,Thomas Clark,classical,NA,publicdomain,0.0,0,0,14,0,4,0-0-0-0,10,147,14.7,True,2.720802008502554,0.9788732394366196,0.9444444444444444
QmW7K2ziQk1iLw8oGWweTzzRumhEujBnTNSjAKQEAzQGoh,Now She's Purring,NA,Now She's Purring,Misc tunes,NA,NA,NA,publicdomain,0.0,0,0,1,1,1,0,8,57,7.125,False,2.538495878293024,0.9473684210526316,0.8923611111111112
QmaXJek6mdVRZqFBXoM3DZhyiK2NiXEsFJdzq5SCn8thqb,Now that my journeys just begun - Charles Bentley,NA,Now that my journeys just begun,Charles Bentley,NA,classical,NA,publicdomain,0.0,0,0,5,1,1,0,20,270,13.5,False,2.4202856887509907,1.0,0.9270833333333334
QmSDrah8Bi8GkpdSDps7DjBVunMnM7R56BBkVJWAMUs75y,Now the christmas light is fading - Frank L. Armstrong,NA,Now the christmas light is fading,Frank L. Armstrong,NA,classical,NA,publicdomain,0.0,0,0,7,1,1,0,16,240,15.0,True,2.943803710503539,0.9375,0.9635416666666666
QmXRJ2ajqwHJCDHUn6YrCh6A1TqXmCPQR75euARwakLZTk,Now The Dancing Sunbeams Play (The Mermaid's Song) Accompaniment Only,NA,Now The Dancing Sunbeams Play (The Mermaid's Song),Joseph Haydn,Joseph Haydn,classical,NA,cc-zero,0.0,0,3,105,2,1,0,129,1587,12.30232558139535,False,2.924537185446226,0.9527410207939508,0.7280092592592593
QmV1Bx6YmLGq7aUANLhtB21DVhFbwSgVrgAfr5sdq3NGyj,Now the day is over (Excell) - E. O. Excell,NA,Now the day is over (Excell),E. O. Excell,NA,classical,NA,publicdomain,0.0,0,0,3,1,1,0,8,89,11.125,True,2.312016406581329,1.0,0.9553571428571428
QmRaTVvS1rK6GRv6zgb2bDs9WnqaPvoMY2jqNWRBori6Hh,Now the day is over (Harkness) - Robert Harkness,NA,Now the day is over (Harkness),Robert Harkness,NA,classical,NA,publicdomain,0.0,0,0,3,1,1,0,8,97,12.125,True,2.9496305746585327,0.9278350515463918,0.9739583333333334
QmWF96FeYhHNdRZnByvtkf379GYDHaQMX6rM4jVQH5u6WF,Now the day is over (Main) - Hubert P. Main,NA,Now the day is over (Main),Hubert P. Main,NA,classical,NA,publicdomain,0.0,0,0,3,1,1,0,8,87,10.875,True,3.0324264963755385,0.9195402298850576,0.9553571428571428
QmcvW9fCmuuZxywYhyZzQ4AiNw5dnVyYDMMiTpAT4VkeZv,Now the fairy queen of summer - Powell G. Fithian,NA,Now the fairy queen of summer,Powell G. Fithian,NA,classical,NA,publicdomain,0.0,0,0,3,2,1,0,28,431,15.392857142857142,True,2.9057040600201143,0.9557109557109555,0.9479166666666666
Qmc5SorJCw1duqpQRoEMPBtah4fa2pnxZAPs2Za7svAfYV,Now the light has gone away - Frances R. Havergal,NA,Now the light has gone away,Frances R. Havergal,NA,classical,NA,publicdomain,0.0,0,0,18,1,1,0,16,111,6.9375,False,2.441080580747052,1.0,0.9077380952380952
QmPCy5k88tugo2qoGmxVQLkHQVBq54eavwL2G5mEksxb23,Now the Savor invites you to come - W. Howard Doane,NA,Now the Savor invites you to come,W. Howard Doane,NA,classical,NA,publicdomain,0.0,0,0,2,1,1,0,21,318,15.142857142857142,False,2.559986343104886,1.0,0.9362745098039216
QmPX1Xn66ubPGCw7tGUPZ2HAiraEcDqqC7HtozA9V2Ehjd,Now to the Father the God of earth and heaven - W. H. Doane,NA,Now to the Father the God of earth and heaven,W. H. Doane,NA,classical,NA,publicdomain,0.0,0,0,6,1,1,0,18,184,10.22222222222222,True,2.956417951667986,0.9402173913043478,0.9722222222222222
QmRrkDqrmvvkV1YSY1tGFWyGQsgzchUe9j8xwNBzBxWy3L,Now to the Lord a noble song - A. Jenkins,NA,Now to the Lord a noble song,A. Jenkins,A. Jenkins,classical,NA,publicdomain,0.0,0,0,12,0,4,0-0-0-0,19,199,10.473684210526317,True,2.776176202290791,0.9736842105263158,0.9074074074074074
QmUVjcnZm8TWRp85Fn9hkA9AiDsRQ4AT8n6odhqrnaxQnu,Now to the Lord our God upraise - D. B. Towner,NA,Now to the Lord our God upraise,D. B. Towner,NA,classical,NA,publicdomain,0.0,0,0,5,1,1,0,19,249,13.105263157894736,True,2.5018775931458817,1.0,0.9534313725490196
Qmb3ky8gUaL3b5LjYYbY2gQhqsbQNFU5HbSGdHySLD6aHN,Now to thee I all surrender - Mary Herbert Munford,NA,Now to thee I all surrender,Mary Herbert Munford,NA,classical,NA,publicdomain,0.0,0,0,11,1,1,0,16,238,14.875,True,2.72645164325605,0.957983193277311,0.9069444444444444
QmVS3YrfcwZECcbV7ZKzxNqV9RHDFuRwWNi9hwCmHbnVF2,Now unto the Lord all glorious - Roy E. Nolte,NA,Now unto the Lord all glorious,Roy E. Nolte,NA,classical,NA,publicdomain,0.0,0,0,6,2,1,0,27,378,14.0,False,3.102361182163286,0.8957219251336899,0.9926801801801802
QmabiKvJYTPH36eUUTAE3iiQTdTLC9Zd5qbBsbsnaBvkob,Now We Are FreePiano,from Gladiator,gladiator - now we are free,Misc Soundtrack,Hans Zimmer,soundtrack,NA,cc-zero,0.0,0,1,124,1,1,0,122,387,3.172131147540984,False,2.6416097652456494,1.0,0.9445592286501376
QmZYoAF9PBoxYmSG5qFYgSQWDyqg6ESrmbWqm5y1dW5JhC,Now while we gather here round the altar - Schumann,NA,NA,NA,NA,NA,NA,publicdomain,0.0,0,0,17,1,1,0,16,328,20.5,True,2.546085643168224,0.9817073170731708,0.97265625
QmdvsC3omtH9VWXE3fh8SqBm7k2eAmJduPffkZ6vGmXFKp,Now while we sing our closing psalm - Samuel Longfellow,NA,Now while we sing our closing psalm,Samuel Longfellow,NA,classical,NA,publicdomain,0.0,0,0,5,1,1,0,20,238,11.9,False,2.9218234115945405,0.9495798319327732,0.9947916666666666
QmfKdhhxpWjs55EJpMUQ7iHca76tvWWCJvvHwPRMQ8MwvQ,NOËL BLANC,NA,NOËL BLANC,nanilaly,NA,NA,NA,cc-zero,0.0,0,5,116,0,1,0,65,145,2.230769230769231,False,2.9160178936409924,0.9448275862068966,0.9583333333333334
QmeqSDS2UfuACxLNRzQ8UU6rZPoP4PqrNn7TBFuBsZK6Ma,Noël d'Ukraine,NA,NA,NA,?,NA,noel-ukraine-nol-noelukraine-ebes,cc-zero,0.0,0,5,575,1,1,0,33,331,10.030303030303031,False,2.5869046975497407,0.972644376899696,0.9393656716417912
QmScN6CvenekjrryCNJo9X4UmxyiiSafR8rZBQkzGWH1L7,Nr. 1 CHOR Herr unser Herrscher,NA,NA,NA,J.S. Bach,NA,NA,publicdomain,0.0,0,1,170,0,1,0,156,1192,7.641025641025641,True,3.284302309612344,0.8338926174496645,0.8822064989517819
QmexF7srFa8uirRdYV9E9C15yCkwc4QbQDaNLGm7ai1voA,NRA,NA,NRA,larbaouiyusse1,NA,NA,NA,cc-zero,0.0,0,0,7,1,1,0,65,433,6.661538461538462,False,2.7753854509351408,0.9976905311778292,0.933779761904762
QmZdCneTP2iD79g6NNUiM5cNsjgJvRCtwkRaJhfAmCJtgm,Nu arid er lidid i aldanna skaut,( Lag Ég lifi og ég veit ),Nú árið er liðið,Andreas Peter Berggreen,NA,classical,NA,cc-zero,0.0,0,0,56,0,4,0-0-0-0,21,214,10.19047619047619,False,2.934902429408555,0.958974358974359,0.9822916666666668
QmdomLekF22XYxfMzax9NksB4DxVEtgwa48Mqs17kEnvdc,Nu Lukker Sig Mit Oege - Peter Casper Krossing,NA,Nu Lukker Sig Mit Oege,Peter Casper Krossing,NA,classical,NA,publicdomain,0.0,0,0,8,1,1,0,16,165,10.3125,False,2.912479807594806,0.9696969696969696,0.9694444444444444
QmQ235fseo1YR57VzHq6Hxv4jhzytMWxTHVyxQ6BWr8tmk,Nuages Gris (extra Pedal),NA,Trübe Wolken S.199,Franz Liszt,Franz Liszt,classical,NA,cc-zero,0.0,0,2,88,1,1,0,48,253,5.270833333333333,False,3.100029024530522,0.7692307692307693,0.9683159722222222
QmNeEMr6fhcyRdFV7enPrkZnULd6zjGZsrHvkrg8UUMgwf,nuit de lumiere--DP-SATB,NA,nuit de lumiere,Misc Traditional,NA,folk,NA,cc-zero,0.0,0,1,69,1,1,0,24,292,12.166666666666666,True,2.8899468124368632,0.9554794520547946,0.9508101851851852
QmVXVkrAqxDcZoBujoauf6RspCSKooQ99S5YoyFY4QsA95,Null,NA,NA,NA,Connor Roper,NA,NA,cc-zero,0.0,0,2,209,2,1,0,91,1282,14.087912087912088,False,3.4193571888738887,0.7353629976580797,0.8114035087719298
QmbWXU2CHZL2MiYriaobsKNUb9t9YwkX7kFxc1r3FTz9V3,Nulla quidem virtus - Adrianus Petit Coclico,NA,Nulla quidem virtus,Adrianus Petit Coclico,NA,classical,NA,publicdomain,0.0,0,0,8,0,5,0-0-0-0-0,82,1014,12.365853658536585,False,2.871045461545416,0.9535353535353536,0.96875
QmSJzEuFNj2EzEMDpZLsNPQ4EEBe44yykhk6rTNqGbfVpm,Numb,NA,NA,NA,Linkin Park,NA,NA,cc-zero,0.0,0,10,177,0,2,0-0,84,1503,17.892857142857142,True,2.659275984332573,0.9993346640053228,0.9278350515463918
QmR8DWaSwKedgaLUjn1Sc8BhmEG5wGaVg6MXoD2VvrAZN9,Number 35,NA,NA,NA,Stephen MacLellan,NA,NA,cc-zero,0.0,0,25,543,2,1,1,80,1882,23.525,False,3.186642923613009,0.8894792773645058,0.8528911564625851
QmVZCpvxTENRJfRmU3o9DGoLL6Aim8R9bSqHd9f2KZhrc2,Number Five (Battery Exercise),Battery Exercise,NA,NA,NA,NA,drumline-battery-percussion-warmup-exercise,cc-zero,0.0,0,1,235,0,4,0-3-6-7,14,892,63.71428571428572,False,1.9051784417520927,0.9103139013452914,0.9759615384615384
QmYNXTwTBJB9MGXQypVNyFrfw968aCXtpoSDrMWGkzpquT,Number_One_2,NA,NA,NA,NA,NA,NA,publicdomain,0.0,0,1,53,0,2,0-0,89,434,4.876404494382022,False,2.386622073532022,0.9688995215311004,0.9602864583333334
Qmdqf856agGaC72uWZ22vpDWeZRa2YTiHQaC3nhA67rZou,Nun danket - Andrew Sims,NA,Nun danket,Andrew Sims,NA,classical,NA,publicdomain,0.0,0,0,9,0,4,0-0-0-0,20,287,14.35,True,2.902079882377097,0.9700374531835206,0.953125
QmaqfyZgaKz22cvBKwjCDChEaPftk5sQ94F83uJsb2cDWi,Nun komm der Heiden Heiland a 3,No. 51 from Musicæ Sionæ Part V (1607),NA,NA,Michael Praetorius,NA,NA,publicdomain,0.0,0,0,210,0,3,0-0-0,15,195,13.0,False,2.8396442607225083,0.9794871794871794,0.9852150537634408
QmQGcboCsyTGRHJKPExaZuzHeEhqBtCmPUcYptovTrMrfC,Nun Lasst Uns Den Leib,NA,Nun Lasst Uns Den Leib,Misc Traditional,NA,folk,NA,publicdomain,0.0,0,0,3,1,1,0,10,140,14.0,False,2.7386413543984656,0.9857142857142858,0.9625
QmdhkF3vfcomBLker6nsEEGBaRtL7AZzVmQBNymqq85aKQ,Nun so will ich denn mein Leben - Georg Friedrich Theophil Stern,NA,Nun so will ich denn mein Leben,Georg Friedrich Theophil Stern,NA,classical,NA,publicdomain,0.0,0,0,4,1,1,0,13,187,14.384615384615383,False,2.7602368558462773,0.9732620320855616,0.9635416666666666
QmSC3QbCJEdvrERm96Fi3CExvp5YQpt5Mc51mdB1pK2fBE,Nun wollen wir singen das Abendlied,NA,Nun wollen wir singen das Abendlied,Misc tunes,NA,NA,NA,publicdomain,0.0,0,0,7,0,2,1-1,9,81,9.0,False,2.557347458143475,1.0,0.9444444444444444
QmXV666nR37HcUuwQBETYw2DTfa8AuHLDMaFXkK2NUBWyv,Nun wollen wir singen das Abendlied,NA,Nun wollen wir singen das Abendlied,Misc tunes,anon.,NA,NA,publicdomain,0.0,0,0,7,1,1,0,9,19,2.111111111111111,True,2.294274067192862,1.0,0.9791666666666666
QmVsYKoGMe2HgUqZRtCjT41rWVRFpJPZuqFCvfF6Ho36aT,Nunc Dimittis (ÐÑÐ½Ðµ Ð¾ÑÐÑÑÐÐµÑÐ) Op. 34 No. 1 - Alexander Gretchaninoff,NA,Nunc Dimittis (ÐÑÐ½Ðµ Ð¾ÑÐÑÑÐÐµÑÐ) Op. 34 No. 1,Alexander Gretchaninoff,NA,classical,NA,publicdomain,0.0,0,0,50,0,5,0-0-0-0-0,32,1029,32.15625,True,2.864244687154061,0.9739583333333334,0.945216049382716
QmQ3wLYmaByNUCj3pTarAbCdFaSEBDq1VRow4f8pdTJE2Q,Nunc dimittis - Anonymous (Gregorian chant),NA,Nunc dimittis,Misc Praise Songs,NA,religiousmusic,NA,publicdomain,0.0,0,0,114,0,1,0,12,102,8.5,True,1.2592843982178563,1.0,0.9983333333333332
QmY9xvrcqpwzpFn6ZVmyYFNGxuZZwmbsNfsRag5552NayB,Nunc dimittis - John Alcock Sr.,NA,Nunc dimittis,John Alcock Sr.,John Alcock sr.,classical,NA,publicdomain,0.0,0,0,15,0,4,0-0-0-0,57,715,12.543859649122806,True,3.057747600761981,0.9153515064562412,0.9781839622641508
QmZFJdWSG4gGnsV3ZJD1YRA9TGP3mKH7P7U37HQv4a9WsF,Nunc dimittis - Thomas Clark,NA,Nunc dimittis,Thomas Clark,Thomas Clark,classical,NA,publicdomain,0.0,0,0,7,0,5,0-0-0-0-0,92,897,9.75,True,2.8909087377765665,0.9694148936170212,0.9752906976744186
QmYG3cuqNRjAHmm3zEnKS4yemV5sgfPLQDgapffTZUY8Ws,Nunc est bibendum,Now it is time to drink,Nunc est bibendum,Misc tunes,NA,NA,NA,publicdomain,0.0,0,0,3,1,1,0,81,455,5.617283950617284,False,2.354286473073917,1.0,0.9202473958333334
QmVKpyNGh2LuypuhXrDtu5ws1ZEtxn1V221XAGyft2ZEG7,Nuptiae factae sunt - Anonymous (Gregorian chant),NA,Nuptiae factae sunt,Misc Praise Songs,NA,religiousmusic,NA,publicdomain,0.0,0,0,14,0,1,0,9,92,10.22222222222222,True,1.8375830980061985,1.0,0.9963768115942028
Qmb6CRVFv95gMNaQLZTjKT2o9FypPSrUqf5NDQoXoWmanK,Nur bei Jesus möcht' ich weilen - Wilhelm Brockhaus 1819-1888,NA,Nur bei Jesus möcht' ich weilen,Wilhelm Brockhaus 1819-1888,NA,classical,NA,publicdomain,0.0,0,0,2,0,2,1-1,32,262,8.1875,True,2.951155470555263,0.9427480916030534,0.9538043478260868
QmWNeYpNP3GeYMFgPQCyDJB8ptY5iyJHdu2zWnZRVUAm3D,Nur mit Jesus will ich weiter wandern - Johann Peter Schück,NA,Nur mit Jesus will ich weiter wandern,Johann Peter Schück,NA,classical,NA,publicdomain,0.0,0,0,6,0,2,0-0,11,190,17.272727272727273,True,2.690107025721149,0.9947368421052633,0.9104166666666668
QmTarX3ES1HKU91RkyusjS7rkCxWep8surY46z6uoTrfQT,Nursery Rhyme Fragments for Composition,NA,Nursery Rhyme Fragments for Composition,Werdna314,NA,NA,NA,cc-zero,0.0,0,0,35,1,1,0,38,45,1.1842105263157894,True,0.5048637698517882,1.0,0.96484375
QmPS94CiG2eu4dktswB1W5cHQL4xzkGyLz8DJq4Qo3LFxR,Nursing Lullaby,Music Box,Nursing Lullaby,kalebye2,Mateus Borges Ribeiro,NA,NA,cc-zero,0.0,0,0,18,0,1,0,59,280,4.745762711864407,False,2.537854258269856,1.0,0.8829022988505747
QmdHxiMpEhd6Epa7E3jnZySyW2SBU3eCEsRGnJdWcVN9Hq,Nuts in May (Children's Game),NA,Nuts in May (Children's Game),Misc tunes,NA,NA,NA,publicdomain,0.0,0,0,3,1,1,0,8,31,3.875,False,2.2150798786693504,1.0,0.9
QmXqrfjaGUXgwZokKipgTeUGzA6gHdKPqVMToUSdzsFRqG,Nyan Cat,Yes it's in C major,Nyanyanyanyanyanyanya!,daniwellP,Composed by Christopher Torres Arranged by Nigel Tang,soundtrack,NA,cc-zero,0.0,0,12,378,2,1,0,42,1718,40.90476190476191,False,2.708008559476943,0.9441210710128056,0.9375
QmThxZN5B6Z2t6b2VQZjAFrSoJah6QPTTRrzUYrWe1cyXV,NYAN CAT,NA,nyan cat theme,Misc Computer Games,NA,soundtrack,NA,publicdomain,0.0,0,152,9388,1,1,0,21,427,20.33333333333333,False,2.6508746434041104,0.9625292740046838,0.9285714285714286
QmTuFfa2jW65Br1JdKs6wKSdsFnH2YjmPkTTf4ZtRYtYF2,Nyeh heh heh! -- Undertale OST 016,Undertale OST: 016,Nyeh Heh Heh!,Toby Fox,By Toby Fox Arranged By Nickoli_dudyo,soundtrack,papyrus-undertale-piano-nyehhehheh,cc-zero,4.83,3,4,121,2,1,0,20,360,18.0,False,3.0416569694784346,0.8166666666666667,0.975
QmdhX4Kp5eRWgL3Dqd7eYytLNB2wEruY6ZmZexiZw25t1f,Nyiur Hijau,NA,NA,NA,Maladi,NA,NA,publicdomain,0.0,0,1,557,1,1,0,36,100,2.7777777777777777,False,2.6549732770405674,1.0,0.9363095238095238
QmPXCLKALWogg8CKwSpPHEucA7xxM6VVptaofRWwxwTyZS,Nylandspojkarnas mitt i,Polska efter Nylandsgubben,Nylandspojkarnas nerifr{\aa}n,Misc tunes,NA,NA,NA,publicdomain,0.0,0,0,1,1,1,0,32,210,6.5625,False,2.73614811637907,0.9714285714285714,0.8671875
QmQydzTTK7h2CacFSmTJN4pRHQg4sfyJAZqGSjtPRcMr8e,Nyth Y Gog,NA,Nyth y Gog,Misc Traditional,NA,folk,NA,publicdomain,0.0,0,0,9,1,1,0,54,318,5.888888888888889,False,2.693600210394151,0.9874213836477987,0.9470486111111112
QmWa6f3jaEQebNE1faZCgAGwggT3UfT5ZfBJRr3As8ALHy,Náºng Chiáu - Piano Cover,NA,Náºng Chiáu,Lê Tráng Nguyán,Lê Tráng Nguyánarr LE VU,NA,NA,cc-zero,4.28,4,1,357,0,1,0,68,971,14.279411764705882,True,2.81743709091419,0.9714587737843552,0.9800857843137256
QmPRPbs8WvG9LKb6jb89dvuFzNbGAS5D8EEEwJsyk75i1z,NÄc mans JÄzu (Come thou long-expected Jesus) - Christian Friedrich Witt (mel.),NA,NÄc mans JÄzu (Come thou long-expected Jesus),Christian Friedrich Witt (mel.),Christian F. Witt (1660-1716)mel.: Psalmodia Sacra 1715;tune: STUTTGART adapt. Henry J. Gauntlett 1861,classical,NA,publicdomain,0.0,0,0,27,0,2,0-0,18,262,14.555555555555555,True,3.0682522220126143,0.9094488188976378,0.976851851851852
QmeqjTfSED7hSfb3kgaSJRUvjm4CmowytmjCjFwpLTwKLt,NÆI NÀY CÓ ANH SÆN TÙNG M-TP IGOR PRESNYAKOV Fingerstyle guitar cover,NA,Noi Nay Co Anh,Igor Presnikov,NA,classical,guitar-vietnamese,cc-zero,0.0,0,3,311,0,1,0,107,1253,11.710280373831775,False,2.6514839585180123,0.9904229848363928,0.8893474842767296
QmWMeGdAQW9acwfdhrkc1MvRHmkZ71QQJcxKR2n3KFiPuM,Né quelque part,Paroles et Musique: Maxime Le Forestier / J.P. Sabar Arrangement: Jean-Paul Finck,né quelque part,Maxime Le Forestier,NA,pop,NA,cc-zero,4.66,3,2,165,0,4,1-1-1-1,106,1512,14.264150943396226,True,2.695447463792234,0.9511051574012056,0.8132861635220126
Qmd1ecrb7EVMsjrKLGQR75xM4cwG42xnrD5tSF18o69cfg,Níl Aon Airgead Agam,I Have No Money,Níl Aon Airgead Agam,Misc tunes,NA,NA,NA,publicdomain,0.0,0,0,2,1,1,0,32,243,7.59375,False,2.596100434091469,1.0,0.9596774193548387
QmRYpVFCmEtcA3uiSyahzCCzTn87eDFr1gh9LTx3fVGPSp,Nôs Fercher,Wednesday Night,Nôs Fercher,Misc tunes,NA,NA,NA,publicdomain,0.0,0,0,5,1,1,0,18,127,7.055555555555555,False,2.77844958268972,1.0,0.8506944444444444
QmWxPo1xvx3fUQhnG6dpo5sjizedddU9C9tq957ppzDy1r,Nôs Galan,New Years Gift,Nôs Galan [New Yea's Eve] written Calan (probably a typo),Misc tunes,NA,NA,NA,publicdomain,0.0,0,0,3,1,1,0,32,136,4.25,False,2.606059456699196,1.0,0.953125
QmVpsNTUHF7s5UQDFacg1ot5N63McE2VYwobtUGW58oXzL,O,NA,O,Anonymous,NA,classical,NA,publicdomain,0.0,0,0,1,0,3,0-0-0,26,267,10.26923076923077,False,2.785660974101041,0.9886792452830188,0.9551282051282052
QmVQLdzS4BELess1Exqag1ezDukXJswfCW9ikwZdErG8BH,O 'oe To 'oe Rima,NA,NA,NA,NA,NA,bobby-rima-holcomb-tahiti-tahitien-tahitian-ooetooerima-oe,cc-zero,0.0,0,0,220,0,3,0-0-0,32,84,2.625,False,2.251944643656572,1.0,0.9129901960784312
QmP7pPaLbotyHj4WvoWn61TfoANAvtjxuYnJUYEX3j5WLp,O 'tis coming! night is breaking away - Flora H. Cassel,NA,O 'tis coming! night is breaking away,Flora H. Cassel,NA,classical,NA,publicdomain,0.0,0,0,5,2,1,0,16,350,21.875,True,2.564037350455846,0.9628571428571427,0.9479166666666666
QmXUtiQFPRqqpn3vjN8ER4a3K263cR3ddREcftGzAhGACK,O 'Tis Love3parts. JNu.14,NA,O 'Tis Love3parts. JNu.14,Misc tunes,NA,NA,NA,publicdomain,0.0,0,0,1,0,3,0-0-0,26,258,9.923076923076923,False,2.665980392706538,0.984,0.9837962962962964
QmQrZKCqjKHKwswrVhuRo6HgeNQnuGeaYsK5Q6Cb8zCtKH,O a goodly thing is the cooling spring - J. H. Hall,NA,O a goodly thing is the cooling spring - J. H. Hall,J. H. Hall,NA,classical,NA,publicdomain,0.0,0,0,2,1,1,0,25,350,14.0,False,2.380480810655095,1.0,0.9201388888888888
QmX88pGLEtfSgSGrvmLvuaQwsD1Qzf9zEgDoMdq5hHL7CT,O a lovely valley where living waters flow - Rev. G. P. Hott,NA,O a lovely valley where living waters flow,Rev. G. P. Hott,NA,classical,NA,publicdomain,0.0,0,0,4,1,1,0,20,281,14.05,False,2.178508808183065,1.0,0.9411764705882352
QmQn6ArvkXpFrfYXjbbF8CwiJ1nAomDZb9BqieYLHaYN3v,O aching heart with sorrow torn - Edward M. Fuller,NA,O aching heart with sorrow torn,Edward M. Fuller,NA,classical,NA,publicdomain,0.0,0,0,5,1,1,0,21,182,8.666666666666666,False,2.7732181200102497,0.956043956043956,0.9509803921568628
QmaEzjJTxXfzBjPVfuyA6JEv7zdZs6hgmJ6JVbYYjH3YB1,O admirabile commertium - William Byrd,NA,O admirabile commertium,William Byrd,William Byrd1540 - 1623,classical,NA,publicdomain,0.0,0,0,10,0,4,0-0-0-0,64,757,11.828125,True,3.092255274451474,0.9243027888446216,0.9682539682539684
QmURZnCZiXp5kA5873vVhdY1mVP1tW1cU7yNzkhD8iZN3A,O all ye nations of the world - John Smith,NA,O all ye nations of the world,John Smith,John Smith,classical,NA,publicdomain,0.0,0,0,5,0,4,0-0-0-0,26,167,6.423076923076923,True,2.78003771161432,0.9447852760736196,0.9814814814814816
Qmb8X6uw8ak6MJTkFtkbShXKevgtYZoKbCUG9Af8FC24qN,O all ye people clap your hands - John Smith,NA,O all ye people clap your hands,John Smith,John Smith,classical,NA,publicdomain,0.0,0,0,11,0,4,0-0-0-0,17,189,11.117647058823527,True,2.7666954883249137,0.9553072625698324,0.9739583333333334
Qmanvchdkzq55kQM5tEDzqaLicM7HKRNMTLa6fnSZL1Vrv,O Anblick - Christian Gregor,NA,O Anblick,Christian Gregor,NA,classical,NA,publicdomain,0.0,0,0,5,1,1,0,16,210,13.125,False,2.724334856033176,0.9904761904761904,0.9713541666666666
QmaVTFF8RDfc8wvXfZHRHNmZ4MZ4yTZV8AjwX8trL3SRKB,O anywhere my Savior leads - C. L. Moore,NA,O anywhere my Savior leads,C. L. Moore,NA,classical,NA,publicdomain,0.0,0,0,3,1,1,0,17,223,13.117647058823527,False,2.2181763392124942,1.0,0.9544270833333334
QmYW1oUvkh3UAt5oTzB5PJNDmiHWLTG7CZt4pWXGYrwyCt,O Aranmore Loved Aranmore,NA,O Aranmore Loved Aranmore,Misc tunes,NA,NA,NA,publicdomain,0.0,0,0,2,1,1,0,10,57,5.7,False,2.566118404326624,1.0,0.890625
QmcdC8tmn8z9BGXLhuUzKNwGupTzYbxUohGEtbs1xtWpBY,O are there any words more sweet than these - C. D. Amstutz,NA,O are there any words more sweet than these,C. D. Amstutz,NA,classical,NA,publicdomain,0.0,0,1,16,2,1,0,16,311,19.4375,True,2.732723432149258,0.9742765273311896,0.9361979166666666
QmQ4GgVQ8ReeiQKcWStFJe5zpatLkQDv3YdqXrxQtnXNU3,O ask me not to tarry for life is short at best - Thoro Harris,NA,O ask me not to tarry for life is short at best,Thoro Harris,NA,classical,NA,publicdomain,0.0,0,0,8,2,1,0,37,335,9.054054054054054,False,2.838421497147773,0.9731343283582088,0.92578125
Qmc7ogBUrSs4x4dFC7Hk9c5WZyDTqitsooxHV8PQTZFRcJ,O banner of Jesus in triumph advancing - W. H. Doane,NA,O banner of Jesus in triumph advancing,W. H. Doane,NA,classical,NA,publicdomain,0.0,0,0,7,1,1,0,42,465,11.071428571428571,False,2.582845262310499,0.9935483870967742,0.9597222222222224
QmX6i5PmyCwQgLiZ25QH5ZvezRanKBbVbMNdjQgbqfT9bg,O be faithful Christian soldiers - J. H. Ruebush,NA,O be faithful Christian soldiers,J. H. Ruebush,NA,classical,NA,publicdomain,0.0,0,0,3,2,1,0,18,431,23.944444444444443,False,2.51545489574542,0.9907192575406032,0.9544270833333334
Qmeo5RJbQDDbiamE7ztZLZfSfwsoLRxcpvUJReK9DjowqE,O be joyful in the Lord all ye lands - Thomas Clark,NA,O be joyful in the Lord all ye lands,Thomas Clark,Thomas Clark,classical,NA,publicdomain,0.0,0,0,41,0,5,0-0-0-0-0,156,1740,11.153846153846152,True,2.933528921230864,0.9480431848852902,0.9694200779727096
QmTMakvia3tutpjgP1Dpc9mP2spTMUXvzfemQt64FrP7Wp,O beata beatorum - Johannes Roullet,NA,O beata beatorum,Johannes Roullet,NA,classical,NA,publicdomain,0.0,0,0,1,0,3,0-0-0,76,556,7.315789473684211,False,2.829082802687563,0.9946043165467626,0.9610745614035088
Qmdu8xWJZuC114hgSWi3cdQyv8KmpV7jatx7TEyMaEZ4MD,O Beatum Carolum - Alessandro Tadei,NA,O Beatum Carolum,Alessandro Tadei,NA,classical,NA,publicdomain,0.0,0,0,1,0,4,0-0-0-0,83,1150,13.855421686746988,False,2.9505728142217755,0.9645191409897292,0.9686458333333332
QmRYckjJfduzF9ZuQcaRzqsem6x3BF8oLQtpMDdbaQJg1B,O beautiful land of the blessed - H. Gerdes Odinga,NA,O beautiful land of the blessed,H. Gerdes Odinga,NA,classical,NA,publicdomain,0.0,0,0,7,2,1,0,19,301,15.842105263157896,False,2.419717294152175,1.0,0.8732638888888888
QmVpB8Gdmzgwf8HM4bHFwyQPY4PXEv79uHyNUPHg67eAb1,O Beautiful Star of Bethlehem,NA,beautiful star of bethlehem,Emmylou Harris,R. Fischer Boyce,country,christmas-star-bethlehem,publicdomain,4.68,41,38,11656,1,1,0,17,449,26.41176470588235,False,2.455333353776993,0.9908883826879272,0.9036458333333334
QmSQCRjVXEky21fzuG5eK9Sv54KnQenQ9kVWgXHU4aTRfB,O beautiful windows that welcome the sun - Pemberton Pierce,NA,O beautiful windows that welcome the sun,Pemberton Pierce,NA,classical,NA,publicdomain,0.0,0,0,6,2,1,0,17,335,19.705882352941178,False,2.5618294658780725,0.982089552238806,0.8663194444444444
QmaAidePfkryxwGPk1oj3wjsaoga19rg5cgsqgMgywzDDc,o bichinho verde,NA,o bichinho verde,melicorso,Meli Corso,NA,NA,cc-zero,0.0,0,0,19,1,1,0,24,41,1.7083333333333333,False,2.5832999978687847,1.0,0.9722222222222222
Qma5dsGRJQfBwbGr8DVQCtyQVrfivXVP5Kf41fchs4DEMm,O bird so blithe O bird so blithe - A. Berridge,NA,O bird so blithe O bird so blithe,A. Berridge,NA,classical,NA,publicdomain,0.0,0,0,3,1,1,0,15,182,12.133333333333333,False,2.8146807652461785,0.9505494505494504,0.8819444444444444
QmNzn4AspSsFqdS3nAUiouHYdfTeh1c9aPpF2eCZ2m76y1,O blessed blessed Bible - Howard T. Googins,NA,O blessèd blessèd bible,Howard T. Googins,NA,classical,NA,publicdomain,0.0,0,0,7,2,1,0,27,349,12.925925925925926,False,2.9146008580571667,0.9398280802292264,0.9201388888888888
QmUoPXVZJJb4LB5U4BxiDijZCZqGW9sPaXBs9Y7PkyxFVp,O blessed Christ to Thee I come - I. Allan Sankey,NA,O blessed Christ to Thee I come,I. Allan Sankey,NA,classical,NA,publicdomain,0.0,0,0,8,1,1,0,12,217,18.08333333333333,True,2.9316144853049795,0.880184331797235,0.9392361111111112
QmS5EYL4wzpAVTxYh5Mrww9hH9hra256V1ZtYU7Lofq7Ac,O blessed feet of Jesus weary with seeking me - Wm. J. Kirkpatrick,NA,O blessed feet of Jesus weary with seeking me,William J. Kirkpatrick,NA,classical,NA,publicdomain,0.0,0,0,6,1,1,0,15,153,10.2,False,2.798099638100468,0.9738562091503268,0.9236111111111112
QmNQs8zQFSfkmikimjBKAPjZW2Y3WSF6q6oWUrXko8QQTF,O blessed fields of Judah - W. P. Hartwell-Jones,NA,O blessed fields of Judah,W. P. Hartwell-Jones,NA,classical,NA,publicdomain,0.0,0,0,5,2,1,0,19,607,31.94736842105263,False,3.02436174531268,0.9166666666666666,0.8252314814814815
Qme3gdMFxUi3ogQTrSSUxPoqE9ugCfJpFYWv8cCNSeibnG,O blessed Holy Spirit most precious - Wm. J. Kirkpatrick,NA,O blessed Holy Spirit most precious,William J. Kirkpatrick,NA,classical,NA,publicdomain,0.0,0,0,3,1,1,0,17,192,11.294117647058824,False,2.711942997043912,0.9791666666666666,0.9440104166666666
QmYAivu4GPMCkCq6dcj8cm5uWzgQovosaAVs1bK8yqXCNg,O blessed Lord to Thee Im coming - J. Lincoln Hall,NA,O blessed Lord to Thee Im coming,J. Lincoln Hall,NA,classical,NA,publicdomain,0.0,0,0,2,1,1,0,18,301,16.72222222222222,False,2.979128784482504,0.9501661129568106,0.9434523809523808
QmaPhFPBLtYsqMk5gPWNCYJHk3zAErgWiUyUi6TnwytC6n,O blessed rest in Jesus - Rev. B. C. Lippincott Jr.,NA,O blessed rest in Jesus,Jr. Rev. B. C. Lippincott,NA,classical,NA,publicdomain,0.0,0,0,5,2,1,0,17,352,20.705882352941178,False,2.669700478301192,0.9573863636363636,0.9006410256410257
QmUp9oNAPY77qbW4aRcNf2iVGDeYSRhBALNGXFKNvKy1pU,O blessed Rock of Ages O Lamb of Calvary - J. W. Gaines,NA,O blessed Rock of Ages O Lamb of Calvary,J. W. Gaines,NA,classical,NA,publicdomain,0.0,0,0,26,1,1,0,27,370,13.703703703703704,False,2.521279734760531,0.9837837837837838,0.9409722222222222
QmS9EUs35Td4DJ3xFoCQowvHdSi4ssG5GhEnBTXwepNgRi,O blessed thought sweet rest will come - Will M. Ramsey,NA,O blessed thought sweet rest will come,Will M. Ramsey,NA,classical,NA,publicdomain,0.0,0,0,6,2,1,0,18,310,17.22222222222222,False,2.359552703522337,0.977124183006536,0.9196428571428572
QmUgzMt9tTgrmpwH8F4riMmNsgMkNQLd6tTvqrLkgurFDM,O blest and happy land of mine - Thoro Harris,NA,O blest and happy land of mine,Thoro Harris,NA,classical,NA,publicdomain,0.0,0,0,5,1,1,0,36,476,13.22222222222222,False,2.7034481489502125,0.9684873949579832,0.8984375
QmdycsRuTkFwDBPBCPEuyA2JiDSf26aWVs7FZMZphaPvKM,O blest assurance ever dear - Will H. Ruebush,NA,O blest assurance ever dear,Will H. Ruebush,NA,classical,NA,publicdomain,0.0,0,0,2,1,1,0,20,245,12.25,False,2.46022988263336,1.0,0.9635416666666666
QmZLgwnKTHcsb5oh9SeETGETmSw2PHkixr7cDiBPSdXNMv,O bone Jesu - Henri Dumont,Motet à 3,O bone Jesu,Henri Dumont,Henri Du Mont(1610 - 1684),classical,NA,publicdomain,0.0,0,1,26,0,4,0-0-0-0,70,1136,16.228571428571428,True,3.2041493396047027,0.872216844143272,0.9470238095238096
QmbJ2BJhF7GrzsboxF2hzLnQQXsVNENNEjCCv5avBbdPzb,O bone Jesu - Marco Antonio Ingegneri misattrib. to Giovanni Pierluigi da Palestrina,NA,O bone Jesu,Marco Antonio Ingegneri misattrib. to Giovanni Pierluigi da Palestrina,Marco Antonio Ingegneriattributed toGiovanni Pierluigi da Palestrina,classical,NA,publicdomain,0.0,0,1,54,0,1,0,24,160,6.666666666666667,True,2.9966760975457363,0.9245283018867924,0.9592013888888888
QmaKkEYniqAAJbB4Ng7hxbtrHSnsk7aySsu4nxSSxFdVMf,O bone Jesu - Robert Carver,NA,O bone Jesu,Robert Carver,Robert Carver (1487-1566/70)Reduced from 19 voices by Mick Swithinbank,classical,NA,publicdomain,0.0,0,0,13,0,6,0-0-0-0-0-0,215,2235,10.395348837209305,True,2.870358412192908,0.9764386044404167,0.9224747474747474
QmXCBuT3kkiW92QVVmPmgpy7wKEz8am6svFVN5mByK1mvX,O bone Jesu - Robert Parsons,NA,O bone Jesu,Robert Parsons,Robert Parsons (c.1535-1572),classical,NA,publicdomain,0.0,0,0,9,0,5,0-0-0-0-0,262,3062,11.687022900763358,True,2.891946449262637,0.9688230709275136,0.9794921875
QmNuQJyiq5m2DSyAyW9XaXv3rgpezhdUC44LRAsovcfkb2,O Book of books! I love it - Mark M. Jones,NA,O Book of books! I love it,Mark M. Jones,NA,classical,NA,publicdomain,0.0,0,0,6,1,1,0,26,309,11.884615384615383,False,2.71111995628742,0.9805825242718448,0.9108796296296297
QmcQ3faD3zL28pGvBJSByDRoF3dTuRmVg5Bg7Dth96jk5e,O Breathe on Me O Breath of God,NA,O Breathe on Me O Breath of God,Misc tunes,Unknown,NA,NA,publicdomain,0.0,0,0,102,1,1,0,17,37,2.176470588235294,True,2.4567919755758605,1.0,0.9305555555555556
QmdWt6RUZZFrQBWQ72WFq1ZebxBfwj1uppBhM64Wz6pcWs,O bring your best songs to our Savior today - T. Martin Towne,NA,O bring your best songs to our Savior today,T. Martin Towne,NA,classical,NA,publicdomain,0.0,0,0,3,1,1,0,19,305,16.05263157894737,False,2.6755433981708387,0.9868852459016394,0.9340277777777778
QmW6TihwqaKfwFUyfFkd7y6dzVzv1VF4SMgxrFBsSPjRnM,O brother as you journey - C. W. Riley,NA,O brother as you journey,C. W. Riley,NA,classical,NA,publicdomain,0.0,0,0,5,1,1,0,20,188,9.4,False,2.809546117878701,0.973404255319149,0.9544270833333334
QmbgAAzCh4fkpT8mnW2UjH3Hw4J828VZ5BYEv7JpkaDzB5,O brother have you told how the Lord forgave - John M. Whyte,NA,O brother have you told how the Lord forgave,John M. Whyte,NA,classical,NA,publicdomain,0.0,0,0,103,2,1,0,28,513,18.321428571428573,False,2.473861154843657,0.9980506822612084,0.9166666666666666
QmQVSBffbvRrx1YD382pXLaDvDNanEARPQbLezangpBLqb,O brother on lifes rugged pathway - Guy Irving Waltz,NA,O brother on lifes rugged pathway,Guy Irving Waltz,NA,classical,NA,publicdomain,0.0,0,0,8,2,1,0,18,320,17.77777777777778,False,2.658586522163682,0.965625,0.9270833333333334
QmZ31QojKjMhP6F8zrghfs2xi2VB8WsmhXCVsTE8KJott6,O brother the harvest is ready - Flora Hamilton Cassel,NA,O brother the harvest is ready,Flora Hamilton Cassel,NA,classical,NA,publicdomain,0.0,0,0,3,1,1,0,20,310,15.5,False,2.666027442313729,0.9741935483870968,0.9027777777777778
QmXWJTHxJixpW8bPDs3Q9YMdr4gPhT5vKiV3ZTsgGQaBZc,O brother the Savior is calling - Samson Hodges,NA,O brother the Savior is calling,Samson Hodges,NA,classical,NA,publicdomain,0.0,0,0,3,1,1,0,20,315,15.75,False,2.88639970513262,0.9428571428571428,0.9516666666666668
QmYzM3XEAhj1fAq3WU1JTwG82RepzRBtwtPhzYnST5PRGv,O Builders! haste to the rock alone - from A. Beirly,NA,O Builders! haste to the rock alone,from A. Beirly,NA,classical,NA,publicdomain,0.0,0,0,3,1,1,0,19,298,15.68421052631579,False,2.362918534144894,1.0,0.9479166666666666
Qmds46RFVPD6B2hgxxq3k3r8bPAwtByTAo3uYc3mJLyY9u,O burdened soul no longer wait - W. H. Doane,NA,O burdened soul no longer wait,W. H. Doane,NA,classical,NA,publicdomain,0.0,0,0,7,1,1,0,19,289,15.210526315789474,False,2.5164719670170137,1.0,0.9505208333333334
QmWZcXES9FtSZygjtKPcNgAZbD7fxkM55ZhnPz1LNnC5QW,O Calvary O Calvary - Byron A. Robinson,NA,O Calvary O Calvary,Byron A. Robinson,NA,classical,NA,publicdomain,0.0,0,0,5,1,1,0,25,273,10.92,False,2.9569047494533534,0.9597069597069596,0.9614583333333332
QmQSwJFoUNnisim4Stx24kn8g4h8cPaBdXELwBsb8QoQCk,O can it be God's boundless love - F. W. Vandersloot,NA,O can it be God's boundless love - F. W. Vandersloot,F. W. Vandersloot,NA,classical,NA,publicdomain,0.0,0,0,2,2,1,0,20,272,13.6,False,2.532700625664156,0.9926470588235294,0.8767361111111112
QmWwgXWtLuAiEpuPT3g8nGN7HjFvQqjqAbKSv9RtwCaSgg,O can it be O can it be - W. H. Doane,NA,O can it be O can it be,W. H. Doane,NA,classical,NA,publicdomain,0.0,0,0,3,2,1,0,22,288,13.090909090909092,False,2.6289186087927443,0.975609756097561,0.9583333333333334
QmeC5oHdbQMBRvvx81cW8JM2S4ggFb4DdHJ62RsyrzJT4t,O Can Ye Sew Cushions,NA,O Can Ye Sew Cushions,Misc tunes,NA,NA,NA,publicdomain,0.0,0,1,10,1,1,0,27,91,3.3703703703703702,True,2.284257979618884,1.0,0.9444444444444444
QmT8NFV17h9PWDEWN1eDvQKsGFffZFr9iLTdyKaz5FPGU3,O Canada,NA,NA,NA,Original Music by Calixa LavalléeArranged by William Lowe,NA,NA,cc-zero,0.0,0,0,71,1,1,0,28,330,11.785714285714286,False,2.9875655126816616,0.9483282674772036,0.953125
QmVf6Ch9PDAL2tEewzkv4BK7LXTH81gyLNALunNEggsBy8,O Canada Waltz,For Piano Four Hands,O Canada,Calixa Lavallée,Calixa Lavallée,classical,piano-waltz-ocanada-canada-fourhands-duo-arrangement-anthem-national,cc-zero,4.83,3,2,392,0,2,0-0,49,605,12.346938775510203,False,3.2272532094753004,0.7879799666110183,0.9158653846153846
QmU7JDkW1f9et5rCwctTgemE2mszM8UShmUhaDnZSUELML,O carry me over the river so deep,NA,O carry me over the river so deep,Misc Traditional,NA,folk,NA,publicdomain,0.0,0,0,6,2,1,0,20,329,16.45,False,2.4014760278942857,1.0,0.9565972222222222
QmYDpPfwGDt5jLSNSj3TQUfdaGJNZchmQ89ZamJs9X2g5K,O ce veste minunatÄ,NA,O ce veste minunatÄ,bonceaflaviu,aranjament Ionut Boncea,NA,NA,cc-zero,4.42,4,8,142,0,1,0,28,291,10.392857142857142,False,2.82420202696291,0.972508591065292,0.925925925925926
QmZyXWB22FYQodH5acqveAwrwaeTyZKdD94JWftxTNqZo5,O cease my wandering soul - William Augustus Muhlenberg,NA,O cease my wandering soul,William Augustus Muhlenberg,NA,classical,NA,publicdomain,0.0,0,0,4,1,1,0,15,134,8.933333333333334,False,2.807167269178076,0.9776119402985076,0.90625
QmVHxyub5Y57N185bcysyetaBxPoxsQdVKb1SKv6qohVhG,O child of God be true - Robert Lowry,NA,O child of God be true,Robert Lowry,NA,classical,NA,publicdomain,0.0,0,0,6,1,1,0,18,174,9.666666666666666,False,2.642577850847518,0.9942528735632185,0.8940972222222222
QmX3gfg41VbE9E8aQJ8NFXtuxZSYaAfVyPisqi4FQA5UiM,O child of the Kingdom in doubt and distress - William J. Kirkpatrick,NA,O child of the Kingdom in doubt and distress,William J. Kirkpatrick,NA,classical,NA,publicdomain,0.0,0,0,4,1,1,0,27,251,9.296296296296296,False,2.5970672923765585,0.9840637450199204,0.9780092592592592
Qmawp9A6GXq173xgmFQncSa8gEjAeqdPZAvMq8jK8szoPh,O children of the earth rejoice - Alonzo Stone,NA,O children of the earth rejoice,Alonzo Stone,NA,classical,NA,publicdomain,0.0,0,0,16,2,1,0,39,401,10.282051282051285,False,3.032790434239657,0.8952618453865336,0.9088541666666666
QmdFrWZLpb8YKCH3vHSe4PqY88vZZWN7RT3uT9m1sdDHwr,o christ ressucite exauce nous--DP-S-PUNIV,NA,o christ ressucite exauce nous,Inconnu,NA,classical,NA,cc-zero,0.0,0,0,3,1,1,0,4,11,2.75,True,2.481714572986073,1.0,0.8958333333333334
QmViGwWTYX9VtkTMAyt1XYfDRcnuw4oamSCUxjSx9Y84aj,O Christ what burdens bowed Thy head - D. B. Towner,NA,O Christ what burdens bowed Thy head,D. B. Towner,NA,classical,NA,publicdomain,0.0,0,0,26,1,1,0,20,211,10.55,False,2.9096007137911704,0.957345971563981,0.9296875
QmQLaNDTxENJJo4c6UXsyKDwUB26uKbbYNWMtgkS48VSzd,O Christ what matchless beauty crowns Thy brow! - D. B. Towner,NA,O Christ what matchless beauty crowns Thy brow!,D. B. Towner,NA,classical,NA,publicdomain,0.0,0,0,6,2,1,0,18,332,18.444444444444443,False,2.6395440683303124,0.9909638554216867,0.9276960784313726
QmWD9n2ZSMAdKr4L1X2E2QuTYsE4TjQc3b65BBVAbukzNS,O Christian look up through the dim night of sorrow - W. G. Fischer,NA,O Christian look up through the dim night of sorrow - W. G. Fischer,W. G. Fischer,NA,classical,NA,publicdomain,0.0,0,0,3,1,1,0,17,274,16.11764705882353,False,2.356063775296314,1.0,0.8680555555555556
Qmd8Whv6GDxfZjJHdjh9y6f4YYrjDqKfEH93azDpA7Tmno,O Christian toil not for thyself - C. Harold Lowden,NA,O Christian toil not for thyself - C. Harold Lowden,C. Harold Lowden,NA,classical,NA,publicdomain,0.0,0,0,6,1,1,0,20,230,11.5,False,2.7256985515481147,0.9695652173913044,0.9453125
QmQFWNx69mfxjRXLGudBLfb9zQptf282aNvqTAPvuKfR6s,O Christmas Tree,NA,o christmas tree,Misc Christmas,Traditional,soundtrack,NA,cc-zero,0.0,0,15,2466,0,1,0,33,122,3.696969696969697,False,2.511365312995125,1.0,0.9175347222222222
Qmdo342MHN92bMxGo2JrwgxBf2WNezAvA2Uray4auKNG9i,O Christmas Tree [Gw],NA,o christmas tree,Misc Christmas,NA,soundtrack,NA,publicdomain,0.0,0,0,2,1,1,0,19,61,3.210526315789474,True,2.511365312995125,1.0,0.9114583333333334
QmYDY8DhnrW7oiBxe7uyALyuFaLU8uLpGb2Gb9SzSxLgmH,O Christmas Tree O Christmas Tree,O Tannenbaum O Tannenbaum,o christmas tree,Misc Christmas,NA,soundtrack,NA,cc-zero,4.65,60,135,3582,1,1,0,17,184,10.823529411764708,True,2.602364046586451,0.9836956521739132,0.8958333333333334
QmSBypjwmYG93xdL4LkEJynaZ4kYzJbMdEJ7HGsyeicH7s,O Church of God arise! thy leader from the skies - Lyman F. Jackson,NA,O Church of God arise! thy leader from the skies,Lyman F. Jackson,NA,classical,NA,publicdomain,0.0,0,0,19,1,1,0,19,294,15.473684210526317,False,2.910383457862685,0.9455782312925172,0.9348958333333334
QmR8pBzQLi1oWDapakgUK6WVnJMGNYLbh7Btwb2uzVLpb5,O Church of God awake awake - Chas. H. Gabriel,NA,O Church of God awake awake,Chas. H. Gabriel,NA,classical,NA,publicdomain,0.0,0,0,4,1,1,0,40,480,12.0,False,2.818168813283522,0.9541666666666668,0.9501262626262628
QmcGV2KzpcS5NFGF28dCbmpmLgY7VB9EcBy9DfS1EhhegN,O Church of God united - C. Austin Miles,NA,O Church of God united,C. Austin Miles,NA,classical,NA,publicdomain,0.0,0,0,8,2,1,0,21,431,20.52380952380953,True,2.821310488769418,0.9535962877030162,0.9669117647058824
QmcSZrW1of7MCPBPbEECTE8JgQN9xzR7XGNirHBbuFNvH4,O city fair beyond the sea - Adam Geibel,NA,O city fair beyond the sea,Adam Geibel,NA,classical,NA,publicdomain,0.0,0,0,5,2,1,0,19,230,12.105263157894736,False,2.9365480378402142,0.9304347826086956,0.9114583333333334
QmdEXJgu3GVQTCabQKHf662wKAPfonAexsAmwyxVkUUX5g,O city of beauty I long to behold - E. O. Excell,NA,O city of beauty I long to behold,E. O. Excell,NA,classical,NA,publicdomain,0.0,0,0,2,1,1,0,34,338,9.941176470588236,False,2.64527887452786,0.9822485207100592,0.9427083333333334
QmNSUsbaiqeSWpstNN1SfuMEbzEs5warec1WCjeoWBLxbT,O city of David arouse from rest - Adam Geibel,NA,O city of David arouse from rest,Adam Geibel,NA,classical,NA,publicdomain,0.0,0,0,5,2,1,0,27,403,14.925925925925926,False,2.921048139976073,0.9429280397022332,0.9513888888888888
QmP3bw1Zdyz4toanPu7BZADWJeC3koxQ67acHsiu1uY4mh,O city of the jasper wall - W. A. Ogden,NA,O city of the jasper wall,W. A. Ogden,NA,classical,NA,publicdomain,0.0,0,0,8,1,1,0,30,339,11.3,False,2.4268349563821383,0.9911242603550297,0.96875
QmRG9dfCUx7rQFuX5WURLw2hUzYimJDT3NsK9AqredLVsz,O clap your hands O clap your hands ye people - C. Harold Lowden,NA,O clap your hands O clap your hands ye people - C. Harold Lowden,C. Harold Lowden,NA,classical,NA,publicdomain,0.0,0,0,15,2,1,0,22,336,15.272727272727272,True,2.6857557934204057,0.9791666666666666,0.9434523809523808
QmbypN22Skm3qqXcaRhYEGLdFsXhMwfbHaxhXNxAbFtpWH,O Columbia! the gem of the ocean,NA,O Columbia! the gem of the ocean,Misc Traditional,NA,folk,NA,publicdomain,0.0,0,2,71,2,1,0,30,557,18.566666666666663,False,2.7474916191330268,0.9820466786355476,0.9375
QmYiHwof2NYZXA3EVt3Ldg2JZezHympEC2wxh1qGhjtLfU,O Come All Ye Faithful,Luke 2:15 Let's go to Bethlehem and see this thing that has happened which the Lord has told us about.,o come all ye faithful,Misc Christmas,John Francis Wade,soundtrack,pilgrimpresbyterian-trinityhymnal-christmas,cc-zero,0.0,0,17,1029,0,4,0-0-0-0,21,229,10.904761904761903,False,2.7446713632786843,0.981132075471698,0.9635416666666666
QmZPmWJN2u7CiZDvAvv89EequykwmJkZ2caVDRAQkw2YNB,O Come All ye Faithful,Adeste Fideles,o come all ye faithful,Misc Christmas,John Wade 1743.,soundtrack,NA,publicdomain,0.0,0,1,16,1,1,0,21,62,2.952380952380953,False,2.641518929529374,1.0,0.9697916666666668
QmZRF8Li7gvbiKic2hZVss71XiSeJxqmiHo8BViCz132Ss,O come all ye faithful,Adeste fideles,o come all ye faithful,Misc Christmas,Unknown (prob. 18th C) arr. David Willcocks,soundtrack,NA,publicdomain,0.0,0,0,37,0,2,0-0,9,64,7.111111111111111,True,2.534334595285195,1.0,0.9739583333333334
Qme8kCWysYCqjdP6rJM4pZmgVZNdwr24zHqpHKDwqhjWFy,O Come All Ye Faithful,NA,NA,NA,NA,NA,NA,cc-zero,0.0,0,0,81,1,1,0,22,52,2.363636363636364,False,2.601455743994215,1.0,0.9635416666666666
QmcoQSuUJWzoBobX8KBMNPrRKzKXaNGdvxuyMTnnPQQjxk,O Come All Ye Faithful (G),NA,o come all ye faithful,Misc Christmas,NA,soundtrack,NA,publicdomain,0.0,0,0,8,1,1,0,21,62,2.952380952380953,False,2.641518929529374,1.0,0.9697916666666668
QmecQWPCnhNjygjZP5AbCk4yPNwdeBvhJgD1vQHWpo6Cwx,O Come All Ye Faithful (Piano Duo Arrangement),Piano Duo Arrangement,Adeste Fideles,John Francis Wade,Traditional,classical,piano-duo-christmas-ocomeallyefaithful-carol-arrangement-fourhands-adestefideles,cc-zero,4.61,28,115,4536,0,2,0-0,61,1848,30.295081967213115,False,2.898998042713101,0.947600661886376,0.9709699453551912
QmUUbppRrsfEMyAuj3vhYonjAGqyBddizJJgFWHqxXkNHm,O Come All Ye Faithful - Chord,NA,O Come All Ye Faithful,John Wade,John F Wade,classical,NA,cc-zero,0.0,0,1,64,0,1,0,21,62,2.952380952380953,False,2.641518929529374,1.0,0.96875
QmRBhYXWmvYNVubuaYWhLvXNj2oBf88VXc6B6YTopk4rkZ,O come and join our temperance band - R. E. Hudson,NA,O come and join our temperance band - R. E. Hudson,R. E. Hudson,NA,classical,NA,publicdomain,0.0,0,0,6,1,1,0,15,321,21.4,False,2.371392836733746,0.9968847352024922,0.9131944444444444
QmQeCUemki4ZVurZ2UrMFmaX35eUoMT1zkXP2fFiYFSnzP,O Come Come Away,NA,O Come Come Away,Misc Traditional,NA,folk,NA,publicdomain,0.0,0,0,1,0,3,0-0-0,17,156,9.176470588235292,False,2.5448562415214613,1.0,0.971813725490196
QmZEQ6BHpt5iKQTCrZcZ6JoKsNLqNLDgv1wV1qbKSYVxHd,O Come Have A Look,NA,O Come Have A Look,Misc Traditional,NA,folk,NA,publicdomain,0.0,0,0,4,2,1,0,25,324,12.96,False,2.418285198847965,0.996875,0.9421296296296297
QmYQCje4T4QBcoznGj6SVnxvw3t6aDYTqHWo1wdF4VXdtT,O Come Let Us Adore Him - John Francis Wade,NA,O Come Let Us Adore Him,John Francis Wade,NA,classical,NA,publicdomain,0.0,0,8,298,0,2,0-0,9,105,11.666666666666666,True,2.53786517676767,0.9901960784313726,0.9739583333333334
Qmadq6EgBaZdvFX5a776ThnZagv5HTPwf6DqRsMwonSU7G,O come let us lift up our voice - John Wainwright,NA,O come let us lift up our voice,John Wainwright,John Wainwright,classical,NA,publicdomain,0.0,0,0,5,0,4,0-0-0-0,29,251,8.655172413793103,True,2.799547347219714,0.9873949579831932,0.9627976190476192
QmbtRycKvzHFVuB2UsnjSei4WFP1ooAx87MGMJFkwozUR3,O come let us lift up our voice - Thomas Clark,NA,O come let us lift up our voice,Thomas Clark,Thomas Clark,classical,NA,publicdomain,0.0,0,0,3,0,5,0-0-0-0-0,48,486,10.125,True,2.7792088282621727,0.9806763285024156,0.9429347826086956
Qma3Cfx5PZaP3riX2kyMC1XtaauxbgoTdy13dfk9wZU18f,O come let us with one accord - Uriah Davenport,A Morning Hymn,O come let us with one accord,Uriah Davenport,Uriah Davenport,classical,NA,publicdomain,0.0,0,0,33,0,4,0-0-0-0,30,290,9.666666666666666,True,2.765865632758997,0.9928057553956836,0.9447463768115942
QmNm5YqVPNV3QFHbc7hAhXPbzz8AT3zxFAF4DbF3ZMDjyv,O come loud anthems let us sing - John Smith,NA,O come loud anthems let us sing,Misc Traditional,John Smith,folk,NA,publicdomain,0.0,0,1,13,0,4,0-0-0-0,17,203,11.941176470588236,True,2.7963409271343487,0.9949748743718592,0.9644097222222222
Qmb1bDBUxHaRK7VTAL6FCsJ7wMta7ajPa1iFrzSzFXxRT2,O come loud anthems let us sing - William Gifford,NA,O come loud anthems let us sing,Misc Traditional,William Gifford,folk,NA,publicdomain,0.0,0,0,9,0,4,0-0-0-0,32,315,9.84375,True,2.730847103161987,0.993485342019544,0.91015625
QmSzdSG1tUE3YqWFYiMfiSWRVFwRYXCNgsdMquyLsxoZLx,O come my faltering brother come - De Loss Smith,NA,O come my faltering brother come,De Loss Smith,NA,classical,NA,publicdomain,0.0,0,0,2,1,1,0,18,287,15.944444444444445,False,2.523708926069348,0.9930313588850174,0.9466145833333334
QmeteDz2SNFtvV8ARBNaT6ZzjfWbJgvBAs5p6WNxHtskSU,O Come O Come Emanuel,NA,O Come O Come Emanuel,Misc tunes,NA,NA,NA,publicdomain,0.0,0,0,62,1,1,0,7,20,2.857142857142857,False,2.628212945841001,1.0,0.9722222222222222
QmQAFfMooRS3Pepa1WUJeSABNmPsMj8G62EJQvjCeRB6mj,O come to the fountain of blessing so sweet - R. E. Winsett,NA,O come to the fountain of blessing so sweet,R. E. Winsett,NA,classical,NA,publicdomain,0.0,0,0,5,1,1,0,21,336,16.0,False,2.5094009805548265,0.9970238095238096,0.9166666666666666
QmNeZAsyLwTTwkhMNcN98xMy4WgJA18XVn91DefDd7tJZt,O come to the fountain of mercy and love - W. F. Sherwin,NA,O come to the fountain of mercy and love,W. F. Sherwin,NA,classical,NA,publicdomain,0.0,0,0,6,1,1,0,14,241,17.214285714285715,False,2.568207202500449,0.995850622406639,0.8912037037037037
QmVUbiGUhVemhgtZEezNUK9rjPrS2MRsiHShPwQaKWcgYG,O come to the merciful Savior Who calls you (Husband) - Edward Husband,NA,O come to the merciful Savior Who calls you (Husband) - Edward Husband,Edward Husband,NA,classical,NA,publicdomain,0.0,0,0,9,1,1,0,17,175,10.294117647058824,False,2.8361641886526336,0.9714285714285714,0.99
QmPPbz4NXR5rSvHQ6GC2QYPtWnh29PwqbDSaf8ri3nxvNZ,O come to the merciful Savior Who calls you - Ira D. Sankey,NA,O come to the merciful Savior Who calls you,Ira D. Sankey,NA,classical,NA,publicdomain,0.0,0,0,10,1,1,0,34,302,8.882352941176471,False,2.657222440774038,0.9834437086092715,0.9704861111111112
QmSTwkz9r7J2sfSQVLpCUyezwJP8W2yWFLZpdWyQvQhXxS,O come to the Savior while now He is calling - J. J. Lowe,NA,O come to the Savior while now He is calling,J. J. Lowe,NA,classical,NA,publicdomain,0.0,0,0,3,2,1,0,19,314,16.526315789473685,False,2.61155875403562,0.9840764331210192,0.9131944444444444
QmPuG8JszphDNncXYv54gDJzk4HCAsgv9M4JPqzeyuNTwA,O come unto the Savior for why will you delay - Asa Hull,NA,O come unto the Savior for why will you delay,Asa Hull,NA,classical,NA,publicdomain,0.0,0,0,4,2,1,0,15,472,31.466666666666665,False,2.5454991019745545,0.9809322033898306,0.8701923076923077
Qmd6Tc3nj1YykD6qcHH8XsRm4qtDeecX3mx54ZBw1TjUNi,O come weary sinner while yet there is day - Chas. H. Gabriel,NA,O come weary sinner while yet there is day,Chas. H. Gabriel,NA,classical,NA,publicdomain,0.0,0,0,3,1,1,0,33,309,9.363636363636363,False,2.6300850252212,0.9870550161812298,0.9661458333333334
QmPp1xJbFcv8ia4QFTMuKnpwJF2eF2K2TnWnZnjesiU56z,O come while He calls you theres no time to lose - Chas. H. Gabriel,NA,O come while He calls you theres no time to lose,Chas. H. Gabriel,NA,classical,NA,publicdomain,0.0,0,0,3,1,1,0,18,302,16.77777777777778,False,2.431071129648542,1.0,0.9375
QmTvDLMUpubcoJr7U5nMNNH9766YbycBDwUWfzcrKwtnUK,O come with cheerful voices - Lester Price,NA,O come with cheerful voices,Lester Price,NA,classical,NA,publicdomain,0.0,0,0,8,0,2,0-0,40,512,12.8,False,2.553921345255475,0.9955947136563876,0.9623655913978496
QmQaT7pGCSw6A1ZKXh2NgbZ4mkaDEP5KCfHjnBHY6oKgsH,O condescension wonderful! - H. W. Porter,NA,O condescension wonderful!,H. W. Porter,NA,classical,NA,publicdomain,0.0,0,0,5,2,1,0,19,303,15.947368421052632,False,2.839015312118544,0.9735973597359736,0.8663194444444444
QmXKzwfKDwitGWZt1iQYTcAYSMnPrPKNsSEK14PJKAckBe,O conqering host your leader calls - J. B. Trowbridge,NA,O conqering host your leader calls,J. B. Trowbridge,NA,classical,NA,publicdomain,0.0,0,0,3,2,1,0,21,283,13.476190476190476,False,2.6820301212317763,0.9822695035460992,0.8932291666666666
QmQv1VCUSvdyAkAPsfzm3FARUq8F6MM3n7a2mM4oayaQSm,O cross of shame and anguish - Gertrude Manly Jones,NA,O cross of shame and anguish,Gertrude Manly Jones,NA,classical,NA,publicdomain,0.0,0,0,6,1,1,0,30,377,12.566666666666666,False,2.662363028434111,0.9575596816976129,0.8903508771929824
QmZAQpV5e1rzAKiGgTncrNfQSeqX2gJUuggqUWvHcQNbGA,O crux ave!,NA,O crux ave!,Anonymous,Anonymous,classical,NA,publicdomain,0.0,0,1,50,0,1,0,35,288,8.228571428571428,True,3.0316713886905884,0.9401408450704224,0.969047619047619
QmR8Wfb5cHtivDq9jjYm3HdFisUpUdkcx1wvo1sZ3tPq7U,O Crux benedicta - Giovanni Priuli,NA,O Crux benedicta,Giovanni Priuli,NA,classical,NA,publicdomain,0.0,0,0,5,0,5,0-0-0-0-0,82,1158,14.121951219512194,False,3.0736426053281427,0.924566768603466,0.936698717948718
QmX3zMfUZixWp4UVN5CbrgyiW1AnuHkKm52oaTKzPuwvuq,O Danny Boy,quote from : http://burrito.whatbox.ca:15263/imglnks/usimg/4/4e/IMSLP53670-PMLP110662-traditional_o_danny_boy.pdf,NA,NA,NA,NA,NA,publicdomain,0.0,0,16,754,1,1,0,37,200,5.405405405405405,False,2.99653387222446,0.92,0.9339285714285714
QmU9L5MosDV4DGEJvsZQ4z8YuuVbr3EnU2vPAEph63juQo,O daughter take good heed - Dr. J. B. Herbert,NA,O daughter take good heed,Dr. J. B. Herbert,NA,classical,NA,publicdomain,0.0,0,0,3,2,1,0,37,412,11.135135135135137,False,2.462648760462542,0.9951456310679612,0.9283854166666666
Qmcq337q5VFXNB7vpDA6a6BeKg4d3SYFoFRxf3Ae6E1BZs,O day of days that time can never dim - R. Frank Lehman,NA,O day of days that time can never dim,R. Frank Lehman,NA,classical,NA,publicdomain,0.0,0,0,2,2,1,0,32,355,11.09375,True,2.7032892823275243,0.9549295774647888,0.9456521739130436
QmSPSkEcDRfcX8xjtFnYUgmyMRrMjXQaH2ZpeYJvXgULao,O day of glad surrender - I. N. McHose,NA,O day of glad surrender,I. N. McHose,NA,classical,NA,publicdomain,0.0,0,0,5,1,1,0,29,287,9.89655172413793,False,2.437183828795109,1.0,0.9479166666666666
QmWtZ9XzCex5KN4tQxiroP6CJGbsSYiPFGnHtQefbYBukY,O day of resurrection - Adam Geibel,NA,O day of resurrection,Adam Geibel,NA,classical,NA,publicdomain,0.0,0,0,3,2,1,0,26,396,15.23076923076923,False,2.953442364799976,0.946969696969697,0.9466666666666668
QmbSbbuTPeADU95rV6Uq2QYN8z7QtN5E1BhJxFivs2N66m,O Day So Wondrous - Harold Marlow,NA,O day so wondrous,Harold Marlow,NA,classical,NA,publicdomain,0.0,0,1,2,1,1,0,32,255,7.96875,True,2.796423861523322,0.9647058823529412,0.8731060606060606
QmNuVkJ8yrThAoLGyWoqGvfGz8UDtmPVxDDdcgFzVBHXLu,O de la bella Etruria - Alessandro Striggio,NA,O de la bella Etruria,Alessandro Striggio,NA,classical,NA,publicdomain,0.0,0,0,14,0,5,0-0-0-0-0,98,1471,15.010204081632653,False,2.840502069557331,0.9786059351276742,0.976264510779436
QmVPCps9LyJ4c4LgETEZkD4Ts8TfkesGxNkUeTQw2p8XmD,O de sparklin' wine! yes it looks mighty fine (Herbert) - J. B. Herbert,NA,O de sparklin' wine! yes it looks mighty fine (Herbert) - J. B. Herbert,J. B. Herbert,J. B. Herbert,classical,NA,publicdomain,0.0,0,0,3,0,2,0-0,29,381,13.137931034482758,True,2.7228405599819987,0.9629629629629628,0.970679012345679
QmaiyHDS9rFon8GzkCTQyZ594oZKNSV93Sa3acexhZVtrY,O dear little New Year - Maltbie D. Babcock,NA,O dear little New Year,Maltbie D. Babcock,NA,classical,NA,publicdomain,0.0,0,0,3,1,1,0,8,90,11.25,True,2.8240688596459904,0.9666666666666668,0.9635416666666666
QmPDPBr8ef7vfzEKsQBiyE8kDuWcNK9KpoQ2tRF1ycUtZV,O dear Mother what shall I do,NA,O dear Mother what shall I do,Misc tunes,NA,NA,NA,publicdomain,0.0,0,0,7,0,2,0-0,64,410,6.40625,False,2.634755564348019,1.0,0.9392361111111112
QmYYg755g3Lgz6zPEGiXiPyR4KuNAYossbLKs8pBZbxGKW,O Dear What Can The Matter Be,NA,oh dear what can the matter be,Misc Traditional,NA,folk,NA,publicdomain,0.0,0,0,2,0,2,0-0,34,308,9.058823529411764,False,2.5259746747699423,1.0,0.9501811594202898
QmZMRMVNr7FctbFLfKmphWNNdFwyGAqaQpQs4tiKvhPbDd,O dear What Can the matter be. JGi.053,NA,oh dear what can the matter be,Misc Traditional,NA,folk,NA,publicdomain,0.0,0,0,1,1,1,0,17,75,4.411764705882353,False,2.3255509013190325,1.0,0.9488636363636364
QmXXRcXLSihnnm3pyChR5xq7jpeYo3jHUazCn2vzMk5RsF,O DEAR WHAT CAN THE MATTER BE? -- Variations,NA,oh dear what can the matter be,Misc Traditional,NA,folk,NA,publicdomain,0.0,0,0,3,1,1,0,142,992,6.985915492957746,False,2.836341914206565,0.9818548387096774,0.9298245614035088
QmYjRhff2d8xgMMNkozXuAwxXU4dAnxpVkZkSQy97PKfhC,O DEAR! WHAT CAN THE MATTER BE,NA,oh dear what can the matter be,Misc Traditional,NA,folk,NA,publicdomain,0.0,0,0,2,1,1,0,32,155,4.84375,False,2.4915185664110493,1.0,0.9461805555555556
QmQ9CFyXLjHSvtHJhNFmU45Li7JH3Wm8xDcrLvU69iMrAr,O DEM GOLDEN SLIPPERS,NA,Golden Slippers,Misc tunes,NA,NA,NA,publicdomain,0.0,0,0,4,1,1,0,48,170,3.5416666666666665,False,2.5356963360820943,1.0,0.9305555555555556
QmR4jNF2QpWjAF4tyEQfZN5dsnbNWgwUTtGJUWBNPw2Kya,O descobrimento do Brasil,NA,NA,NA,Legião Urbana,NA,easy-piano,cc-zero,0.0,0,10,559,0,2,0-0,55,381,6.927272727272728,False,2.358903844728981,1.0,0.9556818181818182
QmUnCAknCwkLD8grXTAtRguRew5FtdwCB9wboakMB6cxfu,O do not let the Word depart (Bentley) - W. Warrent Bentley,NA,O do not let the Word depart (Bentley),W. Warrent Bentley,NA,classical,NA,publicdomain,0.0,0,0,3,1,1,0,20,257,12.85,False,2.3410589064177656,0.9961089494163424,0.8975694444444444
QmSTGNpXijrH6ahEqb14qi9nxtzCThxKoxG5qnyef92AQo,O do not let the Word depart (Sankey) - Ira D. Sankey,NA,O do not let the Word depart (Sankey),Ira D. Sankey,NA,classical,NA,publicdomain,0.0,0,0,6,1,1,0,20,244,12.2,False,2.537832444879617,0.9877049180327868,0.8975694444444444
QmSrWSt5dc3gMxChbqtYoifXCTnQHrqk6VkqPRPf3HMQ3R,O domina gloriosa - Johannes Verben,NA,O domina gloriosa,Johannes Verben,NA,classical,NA,publicdomain,0.0,0,0,7,0,3,0-0-0,157,933,5.942675159235669,False,3.0620103595964707,0.9111592632719392,0.9781028368794328
QmQDj6WXh85hPjiSsHSSEdX35R6X7BLgkr91Ct5ugYpNnm,O Domine Jesu Christe a 6 - Giovanni Pierluigi da Palestrina,à 6,O Domine Jesu Christe a 6,Giovanni Pierluigi da Palestrina,Giovanni Pierliugi da Palestrina,classical,NA,publicdomain,0.0,0,0,49,0,6,0-0-0-0-0-0,47,491,10.4468085106383,True,3.0178886029421275,0.9414316702819956,0.9782303370786516
QmfZ5UgwxcFqMhASZSLEpv5fgEgC1BNyWR6vj2ZRCZVaqw,O don't give up the struggle - J. M. Humphrey,NA,O don't give up the struggle,J. M. Humphrey,NA,classical,NA,publicdomain,0.0,0,0,3,1,1,0,22,284,12.909090909090908,False,2.4973245912902304,0.9929577464788732,0.946875
QmVH2Hqp4ryLo4VyWHEJW5RaQWNAnHQ3z4Tv1L1Dm2Cj7X,O Don't You Hear Him Knocking? - Johnson Oatman,NA,O Don't You Hear Him Knocking?,Johnson Oatman,NA,classical,NA,publicdomain,0.0,0,0,10,1,1,0,18,378,21.0,False,2.571885398508264,0.9894179894179894,0.8919270833333334
QmXhP985P7vJcqL9W72mwi1FWCCGXgFgRmyfzeo8bVmHK6,O du fröhliche,NA,NA,NA,Sizilianische Weise 1803,NA,NA,cc-zero,4.44,6,15,702,0,2,0-0,16,229,14.3125,True,2.9580752131646406,0.9557522123893806,0.9690860215053764
Qme2wYVtB2zAq7dPM1Tw9bGfzdP5D1WkgVBcRDEMTXL9K9,O du fröhliche o du selige,NA,NA,NA,NA,NA,NA,cc-zero,0.0,0,12,569,1,1,0,16,61,3.8125,True,2.807415338166081,0.9833333333333332,0.96875
QmVG5rJdnxVDuMGtcnZZ5DTgTRotVT6sXXFb4ba5owqCTP,O Du Lamm Gottes Du hast auf Golgatha - Dora Rappard 1842-1923,NA,O Du Lamm Gottes Du hast auf Golgatha,Dora Rappard 1842-1923,NA,classical,NA,publicdomain,0.0,0,0,30,1,1,0,24,252,10.5,True,2.925767501247756,0.9484126984126984,0.9473039215686274
QmQkwS6zE3WrvaHoj85Am3v22ZSTBukQQFd9LH82CBLi2M,O Du Mitt Hjärtas Trängtan - Johann Christian Friedrich Haeffner,NA,O Du Mitt Hjärtas Trängtan,Johann Christian Friedrich Haeffner,NA,classical,NA,publicdomain,0.0,0,0,17,1,1,0,21,209,9.952380952380953,False,2.658978886460038,0.985645933014354,0.9583333333333334
QmQR2hVsNLfgziVECcQUAc5NhJWRsYrUvWmXYPKR861BQg,O du Nase aller Nasen - Friedrich Kuhlau,NA,O du Nase aller Nasen,Friedrich Kuhlau,Friedrich Kuhlau (1786-1832),classical,kanon-kuhlau-choir-vocal,cc-zero,0.0,0,0,203,1,1,0,25,101,4.04,True,3.01902506590628,0.9306930693069309,0.9548611111111112
QmRCaK3m42iELWhVScQNdQ8RFNiZgFfYHYa6Nk2kNdjH5F,O dulcis amor - Giovanni Valentini,NA,O dulcis amor,Giovanni Valentini,NA,classical,NA,publicdomain,0.0,0,0,10,0,5,0-0-0-0-0,50,993,19.86,False,3.1451901034294747,0.871261378413524,0.9652157738095238
QmdY2eZM8yq8nxySauGmyAcYe7q8SArmHc92CV6oJqDswr,O dying souls look up and see - Wm. J. Kirkpatrick,NA,O dying souls look up and see,William J. Kirkpatrick,NA,classical,NA,publicdomain,0.0,0,0,3,2,1,0,18,263,14.61111111111111,False,2.4658517167585474,0.9961977186311788,0.9010416666666666
QmYrWNqUT7tX5afcJh62ZjyibgWJi44Rh18FtJi2wkxbez,O Evangelho nos diz: Marchai,NA,NA,NA,NA,NA,ccb-hinario,publicdomain,0.0,0,33,505,1,1,0,16,267,16.6875,False,2.800152253162456,0.9850187265917604,0.9638888888888888
QmWafFNEiW5QTdeZo21jPvw7QtRZKiedZZk9yBDhgt54pX,O Father blest! Eternal King! - Frank M. Davis,NA,O Father blest! Eternal King!,Frank M. Davis,NA,classical,NA,publicdomain,0.0,0,0,2,1,1,0,18,279,15.5,False,2.421784081199765,1.0,0.9674479166666666
QmbYyX2UZvEPXeYqY6Hw6me2GcNktP7RY68ycgKKAWk5Me,O father by whose servants - William H. Ferguson,NA,O father by whose servants,William H. Ferguson,WIlliam Harold Ferguson circa 1910,classical,NA,publicdomain,0.0,0,0,15,0,2,0-0,17,284,16.705882352941178,False,3.143273085746587,0.9018867924528302,0.95625
QmdCbQTNtk1y7NME4K4YBU6WJxyyccNkpnQvdKBJXYJEdV,O Father send me a lifeboat - J. Calvin Bushey,NA,O Father send me a lifeboat,J. Calvin Bushey,NA,classical,NA,publicdomain,0.0,0,0,9,2,1,0,20,249,12.45,False,2.8157352180521094,0.9558232931726908,0.9270833333333334
QmfVYTiRmoSGpHAsGd6YzJmUcoup3SB81XK4cPSMTNnCuw,O Father when my troubled soul - Herbert J. Lacey,NA,O Father when my troubled soul,Herbert J. Lacey,NA,classical,NA,publicdomain,0.0,0,0,6,1,1,0,18,228,12.666666666666666,False,2.877360973936032,0.9517543859649122,0.9401041666666666
QmakVjksj4ef9tEFacEhzigWGUoEH5kHJviQXryfsyXu7u,O florens rosa,NA,O florens rosa,Anonymous,NA,classical,NA,publicdomain,0.0,0,0,7,0,4,0-0-0-0,52,529,10.173076923076923,False,2.9019737669197707,0.9636015325670498,0.9444444444444444
QmarcaCXAg6h6Eo1qm4sUZ91aqE9KnvxaZdNUXpbAx39K5,O flos fragrans - Johannes Brassart,NA,O flos fragrans,Johannes Brassart,NA,classical,NA,publicdomain,0.0,0,0,10,0,3,0-0-0,123,723,5.878048780487805,False,2.860448454409367,0.9720670391061452,0.9783740942028986
QmUUEH3mGo1oAMa2Yen4EgDsrZhhL184LtmSZB7nGezSxW,O for a heart to praise my God - J. J. Lowe,NA,O for a heart to praise my God,J. J. Lowe,NA,classical,NA,publicdomain,0.0,0,0,10,1,1,0,18,236,13.11111111111111,False,2.535339967047705,0.9957627118644068,0.9010416666666666
QmaNSvzst9mXHLZvnEb25cMyA5QdZ5gvNnqrw4dDsyPvS8,O for a nobler brighter life - Howard Clare,NA,O for a nobler brighter life,Howard Clare,NA,classical,NA,publicdomain,0.0,0,0,3,1,1,0,19,224,11.789473684210526,False,2.562207144794302,1.0,0.9409722222222222
QmTDTTGmw65REFMmwRGXQdwK8bpZJ89ouUGyZ2kMcXCBuo,O for a shout of sacred joy - D. B. Towner,NA,O for a shout of sacred joy,D. B. Towner,NA,classical,NA,publicdomain,0.0,0,0,5,1,1,0,12,124,10.333333333333334,False,2.647382004679236,1.0,0.9097222222222222
QmYgGoBrnBT217bEzyosq5rPwCSUhnvVYXK83H7iG3dFez,O For a Thousand Tongues,AZMON C.M.,NA,NA,Carl G. Gläser 1792-1872,NA,NA,publicdomain,0.0,0,0,184,1,1,0,11,122,11.090909090909092,False,2.497936345770388,1.0,0.975
QmUecXSg425s81tGRmJBj19QCQs8pTqyB9jxi4aGF9BUr2,O for a thousand tongues to sing - R. Kelso Carter,NA,O for a thousand tongues to sing,R. Kelso Carter,NA,classical,NA,publicdomain,0.0,0,0,60,1,1,0,27,310,11.48148148148148,False,2.4038522963441817,0.9935483870967742,0.8946759259259259
QmR7ijQnTfdwf6gNFUahGdemMLAK9pn2PGNV75bkYPMjzE,O for an humble lowly spirit - Powell G. Fithian,NA,O for an humble lowly spirit,Powell G. Fithian,NA,classical,NA,publicdomain,0.0,0,0,2,1,1,0,24,217,9.041666666666666,True,2.5623884492358098,0.9953917050691244,0.9791666666666666
QmXFYYsxDn8rBx5oLDePUewFXrhYh94UydqrC3XMkDHbod,O For One and Twenty! (song) 0240,NA,O For One and Twenty!,Misc tunes,after Chief F. O'Neillgaily,NA,NA,publicdomain,0.0,0,0,2,1,1,0,18,86,4.777777777777778,False,2.8280644967657858,0.9418604651162792,0.9166666666666666
Qmd2APm9HqKYxaLreQfCKu4BdZWddFP1auV8mFeY3FNaYU,O for that flame of living fire - D. B. Towner,NA,O for that flame of living fire - D. B. Towner,D. B. Towner,NA,classical,NA,publicdomain,0.0,0,0,14,1,1,0,20,266,13.3,False,2.267028963423036,1.0,0.921875
QmS7nkBDcGm7ipxPiiwpqGfgSTGp6GHX3RKiQSaV2G4kBT,O for the mighty rising wind - Charles H. Gabriel Jr.,NA,O for the mighty rising wind,Jr. Charles H. Gabriel,NA,classical,NA,publicdomain,0.0,0,0,5,2,1,0,16,321,20.0625,True,2.993121280359163,0.9470404984423676,0.9427083333333334
QmWiwzmKxqkCJ5tUTVTn8u7EwuYKjQTbPzb2J9uv9b1Kz9,O for the mind of the Master - Broughton Edwards,NA,O for the mind of the Master,Broughton Edwards,NA,classical,NA,publicdomain,0.0,0,0,6,1,1,0,16,232,14.5,True,2.913138734756612,0.9525862068965516,0.9548611111111112
QmWjS8q4sCT6cVByWG2Rc8dsSt6QZzUSFi8eJZb1k5kKKv,O for the robe of whiteness - W. H. Doane,NA,O for the robe of whiteness - W. H. Doane,W. H. Doane,NA,classical,NA,publicdomain,0.0,0,0,5,1,1,0,20,213,10.65,False,2.7365255242237354,0.9812206572769951,0.95703125
QmXR9PRUkySY9sgMQtGb4tnQr4MaXFLf2DU6Crtzh72GYR,O for the sake of Christ the King - Arthur J. Jamouneau,NA,O for the sake of Christ the King,Arthur J. Jamouneau,NA,classical,NA,publicdomain,0.0,0,0,5,1,1,0,19,172,9.052631578947368,False,2.8914876461058867,0.9651162790697676,0.9672619047619048
QmRzJQHH3YEevmRbyWr9b8kb5Tj4Gc39XQ4s46QXJXQEuC,O freedom,NA,O freedom,Misc Traditional,NA,folk,NA,cc-zero,0.0,0,0,31,0,4,0-0-0-0,30,372,12.4,True,2.6834879847264137,0.9719101123595506,0.9416666666666668
QmVHfoutWgraqCEMaMFhc2grdVUHNZHWvPgvtdVs2w2PLy,O Freude \uber Freude,NA,O Freude \uber Freude,Misc tunes,anon.,NA,NA,publicdomain,0.0,0,1,7,1,1,0,19,56,2.9473684210526314,True,2.5910489588709127,1.0,0.9583333333333334
Qma8LZW6EWfq4EjNGyfhd2nCckHykurQxiUpahSgcbd9Uz,O friend does the pathway seem lonely and long,NA,O friend does the pathway seem lonely and long,Misc Traditional,NA,folk,NA,publicdomain,0.0,0,0,3,1,1,0,19,283,14.894736842105264,False,2.5888323874815176,1.0,0.9097222222222222
QmNTJWKQqyYpZSdisRfMCXCAyjLSH4MEeDQWGYDSe8RDdA,O Friend of the children we ask thee to-day - J. J. Jelley,NA,O Friend of the children we ask thee to-day,J. J. Jelley,NA,classical,NA,publicdomain,0.0,0,0,3,1,1,0,18,314,17.444444444444443,False,2.7576203947187183,0.964968152866242,0.95703125
QmcYTkzLbReK9Sn8G3qBCes1fMPfbG6MAnVbqbYfwTYZVW,O Galilee O sacred sea - J. M. Black,NA,O Galilee O sacred sea,J. M. Black,NA,classical,NA,publicdomain,0.0,0,0,2,1,1,0,19,286,15.052631578947368,False,2.4562838983315944,1.0,0.9791666666666666
QmNMJJbUwC1o9eTgZE7CGxzycw4mojrZQUyASquPeRZcmr,O garden lowly earthly yet holy - E. Alonzo Casselberry,NA,O garden lowly earthly yet holy,E. Alonzo Casselberry,NA,classical,NA,publicdomain,0.0,0,0,4,1,1,0,16,275,17.1875,True,2.999370801055365,0.9054545454545454,0.97265625
QmegXqzoYzaqar76T6qKfcoijZosEbSRMpkkKx8QvvL3FA,O gift divine God's boundless love revealing - Ira B. Wilson,NA,O gift divine God's boundless love revealing,Ira B. Wilson,NA,classical,NA,publicdomain,0.0,0,0,9,2,1,0,18,284,15.77777777777778,False,2.951146345064356,0.9401408450704224,0.9505208333333334
QmbDdhrbRqKPh7oYR5c2bx33HaV2LkygF9jheyZKoP7sCN,O GIN I WERE A BARON'S HEIR,NA,O GIN I WERE A BARON'S HEIR,Misc tunes,NA,NA,NA,publicdomain,0.0,0,0,24,1,1,0,34,62,1.8235294117647056,False,2.385457217124595,1.0,0.9505208333333334
QmSSD8kRBYNfKN9rQJ8YF1rJYK7EgoRmj8qX4Fb63AfB5L,O gin ye were dead Gude man,NA,O gin ye were dead Gude man,Misc tunes,NA,NA,NA,publicdomain,0.0,0,0,1,1,1,0,36,182,5.055555555555555,False,2.5400268184378345,1.0,0.9446614583333334
QmPTHeJYAxVU22uiHAafMvvNs2qoo65Z5XZcmq9MnoKvTA,O GIN YE WERE DEAD GUDEMAN,NA,O Gin Ye Were Dead Gudeman,Misc tunes,NA,NA,NA,publicdomain,0.0,0,0,2,1,1,0,36,212,5.888888888888889,False,2.592711216041675,1.0,0.9544270833333334
QmTiFWLskmZQanZdqHJq8uSoVAhysbx2NCaoo1SbTiuiN3,O GIVE ME REST (Moule) - Handley C. G. Moule,NA,O GIVE ME REST (Moule),Handley C. G. Moule,NA,classical,NA,publicdomain,0.0,0,0,3,1,1,0,16,108,6.75,False,2.739105893444058,0.9629629629629628,0.9618055555555556
QmZtUxFJpuNqZQyGkHxKnhnGkm3HixjFZTgqvFCA5hqNTn,O give thanks unto the Lord (Sweney) - Jno. R. Sweney,NA,O give thanks unto the Lord (Sweney),John R. Sweney,NA,classical,NA,publicdomain,0.0,0,0,3,1,1,0,38,386,10.157894736842104,False,2.6482311232344484,0.9896373056994818,0.9367283950617284
QmRWJC2DTL6p8Wr6hWhUKEXEeJUk9uf7ZhtbmQAWAhzN1m,O give thanks unto the Lord for His loving watch beside us - Robert Lowry,NA,O give thanks unto the Lord for His loving watch beside us,Robert Lowry,NA,classical,NA,publicdomain,0.0,0,0,3,1,1,0,20,238,11.9,False,2.6434456282245744,0.9915966386554622,0.9518229166666666
QmZ3PojPnQxo9cifdsfsiMoDHL4baET4fewPoPh4P5vxis,O give thy heart to Jesus - Ira D. Sankey,NA,O give thy heart to Jesus - Ira D. Sankey,Ira D. Sankey,NA,classical,NA,publicdomain,0.0,0,0,4,1,1,0,20,234,11.7,False,2.647092019218505,0.9871794871794872,0.9079861111111112
QmUz7Fv7v7pbkuchJsxKiFRd1fvKKJZrDppdsBNzYDEtKG,O gloriosa,NA,O gloriosa,Anonymous,NA,classical,NA,publicdomain,0.0,0,0,6,0,4,0-0-0-0,49,612,12.489795918367347,False,2.9547953916824232,0.9392446633825944,0.947203196347032
QmXpg4BBJX5rq19bjrd1NVwxHSgV5ksU8pmEupFGDJAM7K,O Gloriosa Domina - Giovanni Battista Riccio,NA,O Gloriosa Domina,Giovanni Battista Riccio,NA,classical,NA,publicdomain,0.0,0,0,3,0,2,0-0,38,500,13.157894736842104,True,2.823547497679065,0.9685990338164252,0.943368544600939
QmcTYsUCnxeGewrETjhtDKbBKjoKcbCb5DkT9Vq6iMES3x,O gloriosa regina mundi - Johannes Touront,NA,O gloriosa regina mundi,Johannes Touront,NA,classical,NA,publicdomain,0.0,0,0,8,0,3,0-0-0,101,464,4.594059405940594,False,2.916134000101484,0.9414316702819956,0.9672029702970296
Qman1BFBL2KVcDHVj2dg8BCunCRUipsrrQz1nrQWcdA3uq,O Gloriosa virginum - Francisco Valls,Composición cancrizante 2 tono,O Gloriosa virginum,Francisco Valls,Francisco Valls (1665-1747),classical,NA,publicdomain,0.0,0,1,30,0,6,0-0-0-0-0-0,13,200,15.384615384615383,True,2.8806121231692163,0.948051948051948,0.9916666666666668
QmbBAJsqd7Je4rkg3ggysLtSDmRGmTKhCTrAwinYhqUnEU,O glorious day when the Savior - Roger M. Hickman,NA,O glorious day when the Savior - Roger M. Hickman,Roger M. Hickman,NA,classical,NA,publicdomain,0.0,0,0,26,2,1,0,28,408,14.571428571428571,False,2.7258300619042743,0.972636815920398,0.9710648148148148
Qma4LUrbRvdrfdoaCzUYRyrFydnjWkPggjH6hmXej6J7yh,O glorious promises of God! - Wm. J. Kirkpatrick,NA,O glorious promises of God!,William J. Kirkpatrick,NA,classical,NA,publicdomain,0.0,0,0,4,1,1,0,29,331,11.413793103448276,False,2.5336696732404147,0.9939577039274924,0.9392361111111112
Qmd3N7jfoMTy8T2yLYa6ETdbjDn3jtJRvShDPXsfjkWaZm,O glory to the cleansing blood - J. Lincoln Hall,NA,O glory to the cleansing blood,J. Lincoln Hall,NA,classical,NA,publicdomain,0.0,0,0,3,1,1,0,20,177,8.85,False,2.6095916840796445,0.9887005649717514,0.9375
QmWUPxnVzC3QQTEA5wLYdakTVyA9QpZtQW2cqBcvppcqfU,O Glück unaussprechlich! Gott zürnet nicht mehr - Carl Brockhaus 1822-1899,NA,O Glück unaussprechlich! Gott zürnet nicht mehr,Carl Brockhaus 1822-1899,NA,classical,NA,publicdomain,0.0,0,0,15,0,2,1-1,21,205,9.761904761904765,False,2.702770459692136,0.9951219512195122,0.9819444444444444
QmYeGCJJ4qtLJK6Mud6g5PqnCSxP3sbhU3aGk5EyL8mwLh,O God give ear unto my cry - J. B. Herbert,NA,O God give ear unto my cry,J. B. Herbert,NA,classical,NA,publicdomain,0.0,0,0,4,1,1,0,18,350,19.444444444444443,False,2.572995396522683,1.0,0.92578125
QmeE1UhMjJQWzDFuRtev763Sr82eaFGW7KFRSskwUy7eXp,O God my gracious God to thee - Bennett Mintern Swaffield,NA,O God my gracious God to thee,Bennett Mintern Swaffield,Bennett Mintern Swaffield,classical,NA,publicdomain,0.0,0,0,7,0,4,0-0-0-0,29,268,9.241379310344827,True,2.9134306625904247,0.9343629343629344,0.9811507936507936
QmQDSAp92Fi4uMttLJUv73sL5ktrdTbF8iKhoNm3rGGmoR,O God my gracious God to thee - John Wall Callcott,NA,O God my gracious God to thee,John Wall Callcott,John Wall Callcott,classical,NA,publicdomain,0.0,0,0,11,0,4,0-0-0-0,22,254,11.545454545454543,True,2.886634791369266,0.9757085020242916,0.9859496124031008
QmQ3HdPqAFmrgCse3Xi9i6bVtFf6MaPgdDQ6iRxagfo2wn,O God my heart doth long for Thee,NA,O God my heart doth long for Thee,Misc Traditional,NA,folk,NA,publicdomain,0.0,0,0,10,1,1,0,20,225,11.25,False,2.2558150278151485,1.0,0.8611111111111112
QmYDNZKgwi1wTYABAAj8gCdrZy6wc97af6Cfj3hfs9QubW,O God my heart hath left this world - Thoro Harris,NA,O God my heart hath left this world,Thoro Harris,NA,classical,NA,publicdomain,0.0,0,0,2,1,1,0,19,248,13.052631578947368,False,2.71715343710852,0.9596774193548387,0.9557291666666666
QmcLnw9sEM9nakth8UzpszaspvhhXEjMrRYK7n7jjR6W1w,O God my heart is fixed 'tis bent - John Broderip,NA,O God my heart is fixed 'tis bent,John Broderip,John Broderip,classical,NA,publicdomain,0.0,0,0,5,0,4,0-0-0-0,37,257,6.945945945945946,True,2.902063820529412,0.9724409448818898,0.9436728395061728
QmNdd97zLiaRtmfRZ2idntZ7feJncjb5jfJf6sVFkFB5rY,O God my heart is fully bent - Thomas Clark,NA,O God my heart is fully bent,Thomas Clark,Thomas Clark,classical,NA,publicdomain,0.0,0,0,5,0,5,0-0-0-0-0,36,343,9.52777777777778,True,2.6790184695686023,0.9902597402597404,0.9613095238095238
QmbdbKD6vAdm8Q5J5ddVWJ1cAAeTQQx4k6Jq7RRYmz9G1W,O God my heart prepared is - John Alcock Jr.,Psalm 108,O God my heart prepared is,John Alcock Jr.,John Alcock jr.(of Walsall),classical,NA,publicdomain,0.0,0,0,7,0,4,0-0-0-0,15,138,9.2,True,2.7612497438702057,0.9925925925925926,0.9781746031746033
QmbxDUM7mamyQYvvEp21SnX3ErG6tMdByDkqCbQHZVLB2D,O God of hosts the mighty Lord - John Broderip,Psalm the 84th. New Ver.,O God of hosts the mighty Lord,John Broderip,John Broderip(of Wells),classical,NA,publicdomain,0.0,0,0,5,0,4,0-0-0-0,15,141,9.4,True,2.872167574424638,0.9708029197080292,0.9761904761904762
QmSygjgnrCFkrm6nXu2iKxptbPUqf35wJdm1u6oHvNozAD,O God of hosts the mighty Lord - Joseph Stephenson,NA,O God of hosts the mighty Lord,Joseph Stephenson,Joseph Stephenson,classical,NA,publicdomain,0.0,0,0,5,0,4,0-0-0-0,15,169,11.266666666666667,True,2.743854338102773,0.9877300613496932,0.9715909090909092
QmUqCtud2cJzYaonHn3QDhcNnBtmTNDEfemdbAHpomj5dZ,O God of hosts the mighty Lord - Richard Partridge,NA,O God of hosts the mighty Lord,Richard Partridge,Richard Partridge,classical,NA,publicdomain,0.0,0,0,7,0,5,0-0-0-0-0,34,497,14.617647058823527,True,2.648381994044505,0.9969604863221884,0.9650735294117648
Qma9C4mbLj5tQdxm4bZ99MV8x2gHLznbHt28QmPvAWQX4j,O God of hosts the mighty Lord - William Bennett,NA,O God of hosts the mighty Lord,William Bennett,William Bennett,classical,NA,publicdomain,0.0,0,0,17,0,4,0-0-0-0,19,207,10.894736842105264,True,2.858800192912636,0.9547738693467336,0.9262820512820512
QmR62U4kLgsAMP56EWb4wB3zF1KJwu67mP9abjR3rH4JA3,O God of Love Enable Me,NA,O God of Love Enable Me,Misc Traditional,NA,folk,NA,publicdomain,0.0,0,0,1,0,4,0-0-0-0,10,122,12.2,False,2.675819405135697,0.9915966386554622,0.975
QmZ7YdXfWga1yZwCM1cndvCE3LD7F8Eyr7JchFPvAXkRRr,O God of our country O Lord of the free - Flora Hamilton Cassel,NA,O God of our country O Lord of the free,Flora Hamilton Cassel,NA,classical,NA,publicdomain,0.0,0,0,3,1,1,0,21,213,10.142857142857142,False,2.583013083152029,0.9906103286384976,0.9541666666666668
QmYAJVUnMTdmbmHRCf5dXY1fQRALxizLYQtsoTnRETKS7T,O God of peace and pardoning love - Samuel Chapple,NA,O God of peace and pardoning love,Samuel Chapple,Samuel Chapple,classical,NA,publicdomain,0.0,0,0,9,0,4,0-0-0-0,15,248,16.533333333333335,True,2.7901624030811907,0.975103734439834,0.9434523809523808
QmQzx2yYzxwXSqc8139epCqKbSduFvoHt5urSbCmnVTs6A,O God Our Help in Ages Past - Isaac Watts,NA,O God Our Help In Ages Past,Isaac Watts,NA,NA,NA,publicdomain,0.0,0,3,56,0,2,0-0,10,114,11.4,True,2.7955731486672994,0.981651376146789,0.9765625
QmTmUCyrMuitMi1hJXNYaKp6nHeYU47Rd39qasQNfywAm5,O God our Lord how wonderful - Thomas Clark,NA,O God our Lord how wonderful,Thomas Clark,Thomas Clark,classical,NA,publicdomain,0.0,0,0,5,0,5,0-0-0-0-0,42,354,8.428571428571429,True,2.786233571416259,0.9811912225705328,0.9626436781609196
QmfUvNhmHcCfWdr5HAtpnAfLxL7niWRM9EFHLmLSrds2kP,O God the author of peace - Joseph Key,NA,O God the author of peace,Joseph Key,Joseph Key,classical,NA,publicdomain,0.0,0,0,6,0,4,0-0-0-0,100,764,7.64,True,2.7500863185832976,0.9946018893387314,0.943368544600939
QmadkYdauStx82y92k7UtrD5tRUnJYmm6FBH9RVxCcpQEh,O God the king of glory - Joseph Key,NA,O God the king of glory,Joseph Key,Joseph Key,classical,NA,publicdomain,0.0,0,1,2,0,5,0-0-0-0-0,153,1751,11.444444444444445,True,2.8184649427215884,0.9716923076923076,0.9602102102102102
QmZ1kvQCHGXj1ZEY5KtgB8JFcfdscMyE1nhNpF1EUkGs39,O God thou art my righteousness - Thomas Clark,NA,O God thou art my righteousness,Thomas Clark,Thomas Clark,classical,NA,publicdomain,0.0,0,0,2,0,5,0-0-0-0-0,43,409,9.511627906976743,True,2.630053114874308,0.9883381924198252,0.979591836734694
QmV1w2Zay3T8qQqLZGM53VDvW95Vi69ywzyF1iVJFm8SQ6,O God we praise Thy holy name - Herbert G. Tovey,NA,O God we praise Thy holy name,Herbert G. Tovey,NA,classical,NA,publicdomain,0.0,0,0,17,2,1,0,18,272,15.11111111111111,False,2.9729404946092965,0.9338235294117648,0.9375
QmXAwMMbo9Kq2NcULqFnxNJL9gT2bB7R6qYoHGUPrQ6wLP,O God who hast prepared - Joseph Key,The Collect for the Sixth Sunday after Trinity,O God who hast prepared,Joseph Key,Joseph Key,classical,NA,publicdomain,0.0,0,0,5,0,4,0-0-0-0,80,852,10.65,True,2.693912348110292,0.9974937343358397,0.9247881355932204
QmRn6rpTzxoK9wM9UTbNRobGi381PvrQjrmN3MWhiP6JDH,O God whose former mercies make - Phocion Henley,NA,O God whose former mercies make,Phocion Henley,Phocion Henley,classical,NA,publicdomain,0.0,0,0,6,0,4,0-0-0-0,29,275,9.482758620689657,True,2.9273234792100267,0.9393939393939394,0.9660493827160492
QmT9sAu7oPKsSfMpBzGFpzx6GXCEnc2kaaMvVnxRGuXQ8L,O golden day O day of God - James McGranahan,NA,O golden day O day of God,James McGranahan,NA,classical,NA,publicdomain,0.0,0,0,2,2,1,0,36,542,15.055555555555555,False,2.857704013768743,0.9243542435424354,0.939453125
Qmdx15194VAvFeJ3QvJnVQp2myNuZU9DHnhsaMATTrR2xR,O golden day so long desired - Hubert P. Main,NA,O golden day so long desired,Hubert P. Main,NA,classical,NA,publicdomain,0.0,0,0,2,1,1,0,20,217,10.85,False,2.7383624554048795,0.976958525345622,0.9635416666666666
QmdUn1eVpA9fbwzw3eGwj9SXDibKSM7a4eUWAqJtfE4A1W,O good old way how sweet thou art (Burdett) - F. J. Burdett,NA,O good old way how sweet thou art (Burdett),F. J. Burdett,NA,classical,NA,publicdomain,0.0,0,0,5,1,1,0,18,217,12.055555555555555,False,2.61329604645319,0.9861751152073732,0.90625
QmXLJ4HgXvyAboLbxevkZH6wwF8kQS5PMwt3YT8oaaiDVV,O good old way how sweet thou art (Hudson) - R. E. Hudson,NA,O good old way how sweet thou art (Hudson),R. E. Hudson,NA,classical,NA,publicdomain,0.0,0,0,3,1,1,0,13,196,15.076923076923077,False,2.453505883919928,1.0,0.9131944444444444
QmUGaEZwPv4BQhXGnCmx7AwipSXK86ig22vcrvtxLAoj6Y,O good old way how sweet thou art (Nickerson) - E. E. Nickerson,NA,O good old way how sweet thou art (Nickerson),E. E. Nickerson,NA,classical,NA,publicdomain,0.0,0,0,3,1,1,0,18,236,13.11111111111111,False,2.45882671597952,1.0,0.8819444444444444
QmWxMTfep37rkDif6tBXAP9FYnQEBVZsYHmAtxRVJj7B27,O Gottes Lamm,NA,O Gottes Lamm,Misc Traditional,NA,folk,NA,publicdomain,0.0,0,0,13,0,2,1-1,14,180,12.857142857142858,False,2.8637709023759794,0.9833333333333332,0.9419642857142856
QmXTRMMAZWrQSVGNnWaSRPFHzmvJhyJDKwEpsoQPKx4tHA,O Gottes Lamm,NA,O Gottes Lamm,Misc Traditional,NA,folk,NA,publicdomain,0.0,0,0,7,0,2,1-1,24,290,12.083333333333334,False,2.903069909801516,0.9448275862068966,0.9565217391304348
QmVWsjmW93RRhhS8949qWrZQ8wPcb4CMVZebT1VJZ28hDo,O Great Creator of the Light,NA,O Great Creator of the Light,Misc Traditional,NA,folk,NA,publicdomain,0.0,0,0,3,1,1,0,21,137,6.523809523809524,False,2.797707366190231,0.8978102189781022,0.9285714285714286
QmeYwfxsdXYNtyDgT5aLoUwzpfRraAYodLtcxBcyfMAPMw,O hallowed hour when grace divine - Chas. Edw. Prior,NA,O hallowed hour when grace divine,Chas. Edw. Prior,NA,classical,NA,publicdomain,0.0,0,0,2,2,1,0,18,260,14.444444444444445,False,2.669622653891516,0.9884615384615384,0.96875
Qmf3Ma65j8LmFVF8xKy8nEw65CZHUw6zy4iLZfyivpzTD5,O happy day! what a Savior is mine - Wm. J. Kirkpatrick,NA,O what a wonderful Savior - William J. Kirkpatrick,William J. Kirkpatrick,NA,classical,NA,publicdomain,0.0,0,0,75,1,1,0,24,408,17.0,True,2.6140674560747907,0.9803921568627452,0.9357638888888888
QmViqGkxw2SFuCLh9UQHt7HsB378tEeh4F9k279XiZZDLi,O happy morn we welcome thee - E. E. Meyer,NA,O happy morn we welcome thee,E. E. Meyer,NA,classical,NA,publicdomain,0.0,0,0,3,1,1,0,25,271,10.84,False,2.3874743094198325,0.996309963099631,0.8940972222222222
QmVgRoAfsNfyRxsnxUEJ2PD5b9jk8sKwtEyfEn8sf2dk7M,O haste away the moments fly - Samuel W. Beazley,NA,O haste away the moments fly,Samuel W. Beazley,NA,classical,NA,publicdomain,0.0,0,1,9,2,1,0,37,608,16.43243243243243,False,2.624868143155385,0.986842105263158,0.9557291666666666
QmctFy3ZpRgsaRBVaTYAGPY2F8Qsr1jDsMBBjn6apmEndm,O Hasten and Join With Your Voices,NA,O Hasten and Join With Your Voices,Misc Traditional,NA,folk,NA,publicdomain,0.0,0,0,3,1,1,0,16,73,4.5625,True,2.7985578919503014,0.9726027397260274,0.9361111111111112
QmSKGcJwtfxmVq5t6Q3YmXEwyLNUnsSmi4ZM9Mvrqfj6s1,O have you not heard of that city of light - William J. Kirkpatrick,NA,O have you not heard of that city of light,William J. Kirkpatrick,NA,classical,NA,publicdomain,0.0,0,0,5,2,1,0,19,316,16.63157894736842,False,2.4911534154671227,1.0,0.9027777777777778
QmT8WEYs9LfEmLQxedpqP4HAzEDerkjt1VcFVM2rmFJ57e,O have you not heard of that country above - I. N. McHose,NA,O have you not heard of that country above,I. N. McHose,NA,classical,NA,publicdomain,0.0,0,0,3,1,1,0,20,366,18.3,False,2.507306903547919,1.0,0.8246527777777778
QmYFGyonKHhfvi7B9cAKkLeNg6kZZTKbChBsu4Heqkv2Sw,O hear now His word - Paul Rader,NA,O hear now His word,Paul Rader,NA,classical,NA,publicdomain,0.0,0,0,6,1,1,0,16,232,14.5,False,2.4538579768372744,0.9956896551724138,0.9315476190476192
QmRGuMrN6fUrXNqvuG6cw9Gs2X1vXgLuwzaTNCBnGTEU3q,O hear the joyful message - Ira D. Sankey,NA,O hear the joyful message,Ira D. Sankey,NA,classical,NA,publicdomain,0.0,0,0,4,1,1,0,33,404,12.242424242424242,False,2.7025432415853574,0.957920792079208,0.8871527777777778
QmXcAfCyaLkrSD7XVFB8mUkwfYRWJSVY4bBA7Ng4ho6yVv,O hear the Savior gently say - Annis V. Thomas,NA,O hear the Savior gently say,Annis V. Thomas,NA,classical,NA,publicdomain,0.0,0,0,7,2,1,0,17,271,15.941176470588236,False,2.465157876320166,1.0,0.9010416666666666
Qmbzt8sL9SjaUzocZRXRk7pw8s2mxZSKhUFmCan1t3jReu,O hear the trump of joy - Theodore E. Perkins,NA,O hear the trump of joy,Theodore E. Perkins,NA,classical,NA,publicdomain,0.0,0,0,4,1,1,0,30,368,12.266666666666667,False,2.67923712585624,0.9728260869565216,0.960648148148148
Qme17fquhtczaK1YdvdHRUf1je6VB1LjgUS1fvKDKUyK4P,O heart awake one loving word - W. H. Doane,NA,O heart awake one loving word,W. H. Doane,NA,classical,NA,publicdomain,0.0,0,0,10,1,1,0,18,240,13.333333333333334,False,2.718821835716997,0.9666666666666668,0.9583333333333334
QmUqe7rMzbcbsvAAoE8bjWwJdwsP8mGUyscToLAfk5uQWf,O heart bereaved and lonely - William J. Kirkpatrick,NA,O heart bereaved and lonely,William J. Kirkpatrick,NA,classical,NA,publicdomain,0.0,0,0,8,1,1,0,20,210,10.5,False,2.772094269023894,0.923809523809524,0.9609375
Qmdy81xLh5Hvbbr9wCH8cRueDHfnnzcaZrE5H4VTxm5jpv,O heart bowed down with sorrow! - Frank E. Belden,NA,O heart bowed down with sorrow!,Frank E. Belden,NA,classical,NA,publicdomain,0.0,0,0,16,1,1,0,26,342,13.153846153846152,False,2.856860319573943,0.9736070381231672,0.9412878787878788
QmT97cjPsykEQMjWqk3cNE9YY2y4ht9ptRMoVXJNnxK2VH,O heart of grief look up trust on - Fred H. Byshe,NA,O heart of grief look up trust on,Fred H. Byshe,NA,classical,NA,publicdomain,0.0,0,0,3,2,1,0,28,417,14.892857142857142,False,2.903479108758714,0.947242206235012,0.9641666666666666
QmNdC9wJxC4pqmkQEbV2YQwjAm6UUWHhPRw3mwJ4KTSsZq,O heart of trouble care and grief - E. S. Lorenz,NA,O heart of trouble care and grief,E. S. Lorenz,NA,classical,NA,publicdomain,0.0,0,0,5,1,1,0,20,223,11.15,False,2.6686679910787383,0.9775784753363228,0.9557291666666666
QmQdtUhUc7qKmpwHDnwT6N3tcNk3t9C6kTfj6pBMS2Yo9q,O hearts that are weary - Wm. J. Kirkpatrick,NA,O hearts that are weary,William J. Kirkpatrick,NA,classical,NA,publicdomain,0.0,0,0,2,1,1,0,15,261,17.4,False,2.767395378360052,0.9655172413793104,0.9618055555555556
QmYJ7N3o6cX2qHgzAsTCTKgdc7Yt8gvCegwQrPYZAJ3Frg,O Heiland rei\ss die Himmmel auf,NA,O Heiland rei\ss die Himmmel auf,Misc tunes,anon.,NA,NA,publicdomain,0.0,0,0,6,1,1,0,17,32,1.8823529411764703,True,2.605337797403416,1.0,0.9600694444444444
QmSRwztNkZX7Tf4YLnNfymy5iztPNDxkQ5YNXRWTwNNyuc,O Herre Gud Oändelig - Johan R. Thorstenius,NA,O Herre Gud Oändelig,Johan R. Thorstenius,NA,classical,NA,publicdomain,0.0,0,0,2,1,1,0,23,144,6.260869565217392,False,2.7767140014504634,0.9784172661870504,0.9659090909090908
QmNhS1w4ho37egmzC6xYCZdJR8CrEVGbUXsikpTCzDy4a5,O hide me dear Savior when wild tempests blow - R. A. Glenn,NA,O hide me dear Savior when wild tempests blow,R. A. Glenn,NA,classical,NA,publicdomain,0.0,0,0,3,2,1,0,17,272,16.0,False,2.5744555572470724,0.9926470588235294,0.9479166666666666
QmNPoaxrKqjSMYoZPYAs4Ax92PEUazpZzQkk5oCYcHwSMq,O holy Ghost! arise - F. C. Maker,NA,O holy Ghost! arise,F. C. Maker,NA,classical,NA,publicdomain,0.0,0,0,5,1,1,0,10,107,10.7,False,2.3621922304538554,0.9906542056074766,0.9615384615384616
QmUNjEGGj6WnWX1ghCEKVZdhvSA4skUjCZZkUZVvDgtsFb,O Holy Night,NA,O Holy Night,Adolphe Adam,NA,classical,NA,cc-zero,0.0,0,1,26,1,1,0,54,397,7.351851851851852,False,2.651476596163512,0.9899244332493704,0.9735772357723578
QmfX19HhGiaTBqYDCxVeDP2Y479vN7YCEYFTJgpD3MMxbK,O Holy Night,Serendipity Acapella (SSA),O christmas night!,Misc Traditional,NA,folk,NA,cc-zero,0.0,0,4,116,0,3,0-0-0,50,362,7.24,True,2.8966223209779702,0.9690721649484536,0.8997747747747747
QmXrPRep9oWzRL91oUHQxvBUHx7xTowSRBMZjkuwofXhtg,O Holy Night,NA,NA,NA,NA,NA,NA,cc-zero,0.0,0,0,15,1,1,0,23,46,2.0,False,2.5162918964373566,1.0,0.9019607843137256
QmZ31v5ggoN6i7BuE9UwK7aiovN1bxAWaePNCfBLnqher8,O Holy Night - Piano Solo,(M.Carey version),O christmas night!,Misc Traditional,NA,folk,christmas-oholynight-piano-pianosolo,cc-zero,4.62,50,78,3620,1,1,0,136,1202,8.838235294117647,True,2.6484269541344183,0.9908485856905158,0.8386799410029498
QmYT3cQbDfhazHm65dDN667ZunNX6Hs6M38GnPirC4C4Ln,O Holy Night Butler edition,NA,O Holy Night Butler edition,Darlene J. Butler,NA,NA,NA,cc-zero,0.0,0,0,11,1,1,0,12,58,4.833333333333333,False,2.5795594684777003,1.0,0.8958333333333334
QmdyUtupXKaHEdYmVqxyr7Y94azwg9PYzHbpq13cEEdCHS,O holy Savior Friend unseen - John Downing Farrer,NA,O holy Savior Friend unseen,John Downing Farrer,NA,classical,NA,publicdomain,0.0,0,0,5,1,1,0,8,129,16.125,True,2.84856189598206,0.9534883720930232,0.9752604166666666
QmavdvuSqoZQJn7MgpeX3WfaN4LResLmxQrVPsUbVyPvH6,O holy Savior! friend unseen - G. F. R.,NA,O holy Savior! friend unseen,G. F. R.,NA,classical,NA,publicdomain,0.0,0,0,11,1,1,0,17,228,13.411764705882351,False,2.8305319154663056,0.956140350877193,0.9505208333333334
QmQwy6duhofnYmCCLdiz1zRawxr1giCb1Wnya9uH7eCejo,O Holy Spirit Lord of Grace - Christopher Tye,NA,O Holy Spirit Lord of Grace,Christopher Tye,Christopher Tye c1505 - ?1572,classical,NA,publicdomain,0.0,0,0,104,0,4,0-0-0-0,19,275,14.473684210526317,True,2.854638982015328,0.9660377358490566,0.9560185185185184
QmXaLvLsNJwuJGX3KuaGwvVRMhd1Uo4CSRBt4YuXyj7xvm,O Holy Word with reverent hands - Geo. C. Stebbins,NA,O Holy Word with reverent hands,Geo. C. Stebbins,NA,classical,NA,publicdomain,0.0,0,0,3,1,1,0,8,139,17.375,True,2.823401092058614,0.9712230215827338,0.9140625
QmcRUdahyfwH7WxnjvbmwcfPpY6UFsdetFrwfi2e6Ran3y,O Homem,NA,O Homem,Antônio Carlos Jobim,NA,jazz-worldmusic,piano-theman-ohomem-jobim-orchestral-pianoreduction,cc-zero,0.0,0,1,62,2,1,0,82,1666,20.317073170731707,False,3.250731823136628,0.8396341463414634,0.922164351851852
QmfNKLfFJGSg1BVaJ5rtsWXB5sznsNSnamGXJJiWVu9n57,O how blessed is the service - John J. Hood,NA,O how blessed is the service,John J. Hood,NA,classical,NA,publicdomain,0.0,0,0,3,1,1,0,20,236,11.8,False,2.661371181672177,0.9915254237288136,0.9283854166666666
Qmf9FKSHDF2GQHZZUNV71GCyBj1whtywHCDnLF1R62ca6L,O how bright cheerfully bright our Sunday School - W. H. Doane,NA,O how bright cheerfully bright our Sunday School,W. H. Doane,NA,classical,NA,publicdomain,0.0,0,0,3,1,1,0,24,392,16.333333333333332,True,2.547355475586188,0.989769820971867,0.910300925925926
QmSekQhoQHJZ1meLwqhD5NiSSkBuhzTTkqioxfzzkhN5ZG,O how bright will the light of that blessed day shine - H. W. Porter,NA,O how bright will the light of that blessed day shine,H. W. Porter,NA,classical,NA,publicdomain,0.0,0,0,4,1,1,0,24,358,14.916666666666666,False,2.9300999579925007,0.9497206703910616,0.9236111111111112
QmQr6Q2S6wimqArP4NAZ89qnEAa11jiKd6DmU9dr7KLSVL,O how can you live without Jesus my friend - James McGranahan,NA,O how can you live without Jesus my friend,James McGranahan,NA,classical,NA,publicdomain,0.0,0,0,11,2,1,0,18,300,16.666666666666668,False,2.721287997640603,0.9733333333333334,0.9253472222222222
QmR1W5J96Zt6VGBM2HnJaPiPTfiw4F5Xs1HdTzTJRBqmkU,O how dark the way before me - W. Stillman Martin,NA,O how dark the way before me,W. Stillman Martin,NA,classical,NA,publicdomain,0.0,0,0,6,2,1,0,18,398,22.11111111111111,False,2.5110846515375966,0.9824120603015076,0.9375
QmPFGaZqtuE2yeQnE76YkhvSnUZiYkeffPYAK7aZLjV7R6,O how deep is the love of my Savior for me - Chas. H. Marsh,NA,O how deep is the love of my Savior for me,Chas. H. Marsh,NA,classical,NA,publicdomain,0.0,0,0,4,1,1,0,18,349,19.38888888888889,False,2.846984026671126,0.9484240687679084,0.9616666666666668
QmedjPdFH49VPQZ9yqNAjqpMdksKUbGR1uhuRuaC4FdDfp,O how happy are they (32166),NA,O how happy are they (32166),Misc Traditional,NA,folk,NA,publicdomain,0.0,0,0,3,1,1,0,28,459,16.392857142857142,False,2.5728920595478044,0.9847494553376906,0.9661458333333334
QmaB9XASKH3AWR4JiSWDifoBLeez38SQZShqGb5v8GkZdd,O how I longed once for rest on the way - Wm. Edie Marks,NA,O how I longed once for rest on the way,Wm. Edie Marks,NA,classical,NA,publicdomain,0.0,0,0,2,1,1,0,16,271,16.9375,True,2.6042874839459498,0.992619926199262,0.9652777777777778
Qmahun1eJV8nvZxLJNMT8g4SCFTFLGtB76sGbenKuXjroC,O how I love God's holy word - Susie E. Hatfield,NA,O how I love God's holy word - Susie E. Hatfield,Susie E. Hatfield,NA,classical,NA,publicdomain,0.0,0,0,4,1,1,0,20,215,10.75,False,2.8855447064148345,0.9255813953488372,0.9201388888888888
QmR4mWofkWxTzMj2TicWiiRkb5YbxFNSDKkiVum58RjRr8,O How I Love Jesus,NA,O How I Love Jesus,Misc Traditional,NA,folk,NA,publicdomain,4.71,4,6,192,0,2,0-0,18,228,12.666666666666666,True,2.284768221682027,1.0,0.9375
QmSijurpxV9o2Hmqo5t7VPkRp1SgsVKqGraH8vTcMT6BP5,O how many are drifting with life's restless tide - Haldor Lillenas,NA,O how many are drifting with life's restless tide,Haldor Lillenas,NA,classical,NA,publicdomain,0.0,0,0,8,1,1,0,18,361,20.05555555555556,False,2.770721615334266,0.9445983379501384,0.9700520833333334
Qmdk3X1nY8LZa6fa7EB7j6cirKJms8xBZUdMvxgBuSz5sJ,O how much of good we thro' grace might be doing (Morris) - Mrs. C. H. Morris,NA,O how much of good we thro' grace might be doing (Morris),Mrs. C. H. Morris,Mrs. C. H. Morris,classical,NA,publicdomain,0.0,0,0,5,1,1,0,17,365,21.47058823529412,True,2.808739857131462,0.9744318181818182,0.912037037037037
QmShukFaKhQCCTYLdB4wQ1p2qGmaMWUxcnjSQteeV9Wjcz,O how my loving mother used to worry over me - Curtis M. Johnson,NA,O how my loving mother used to worry over me,Curtis M. Johnson,NA,classical,NA,publicdomain,0.0,0,0,3,1,1,0,20,361,18.05,False,2.7001453299488483,0.9750692520775625,0.921875
QmNh1QrHqVc6sgmgVhTg5mwtA3AvakYrPcM8U9qvuqwDv6,O how my spirit longs for thee - T. E. Perkins,NA,O how my spirit longs for thee,T. E. Perkins,NA,classical,NA,publicdomain,0.0,0,0,3,1,1,0,32,373,11.65625,False,2.562508391670572,1.0,0.9733333333333334
Qmb627H6V3G8Naz7bXHASscqeFrXRdfB1GD61nEWsjLRPj,O how my spirit longs to thee - A. J. Showalter,NA,O how my spirit longs to thee,A. J. Showalter,NA,classical,NA,publicdomain,0.0,0,0,2,2,1,0,26,400,15.384615384615383,False,2.680253595303224,0.995,0.9236111111111112
QmQ5Jwee5o9UqiWpHa2PyFWGzoJHmQkTdhmUTW3CqyXCMz,O how often I think as I walk down the valley - Haldor Lillenas,NA,O how often I think as I walk down the valley,Haldor Lillenas,NA,classical,NA,publicdomain,0.0,0,0,5,2,1,0,26,684,26.307692307692307,False,2.887309321787013,0.9398148148148148,0.8607456140350878
QmSX9SJNw8CWn3qtybTBzhQLY2S1ZRDK6WfwkPsSFRB8jP,O how sweet to know while we toil below - James Rowe,NA,O how sweet to know while we toil below,James Rowe,NA,classical,NA,publicdomain,0.0,0,0,7,1,1,0,20,280,14.0,False,2.702533236466045,0.9607142857142856,0.9485294117647058
QmcyZ3HHGs1NcXmoNoTHobgnTDxx87JtpSGThy3wrPF9fK,O how sweet to labor sowing for the Master - W. A. March,NA,O how sweet to labor sowing for the Master,W. A. March,NA,classical,NA,publicdomain,0.0,0,0,2,2,1,0,16,342,21.375,True,2.6842735689568915,0.9853801169590644,0.9479166666666666
QmULHcWP5yPyQru2pjaMaJ2RM5fqJdxF9xpsr31UwByMf7,O I am so glad that salvation is free - Fred A. Fillmore,NA,O I am so glad that salvation is free,Fred A. Fillmore,NA,classical,NA,publicdomain,0.0,0,0,4,2,1,0,20,358,17.9,False,2.6591349694331248,0.9776536312849162,0.921875
Qmdyyverd25RVmSdz141xGi2QJQzSfLPXSTskdTt62dsWW,O I cannot take it in - Robert Lowry,NA,O I cannot take it in,Robert Lowry,NA,classical,NA,publicdomain,0.0,0,0,1,1,1,0,19,329,17.31578947368421,False,2.631891011437771,0.9908814589665652,0.9361979166666666
QmebPEbqPVLszpCjBfaKQhUQML9wi5Lp41GBnqLD4WxHT9,O I know of a dear loving Savior - Oswald J. Smith,NA,O I know of a dear loving Savior,Oswald J. Smith,NA,classical,NA,publicdomain,0.0,0,0,2,2,1,0,20,289,14.45,False,2.6815095191297624,0.9757785467128028,0.9600694444444444
QmRkXw7uyJZ7PGecgwFUw28kogUPJu4wNZKDdH2Hubtzpo,O I long to see that city - W. H. Hansford,NA,O I long to see that city,W. H. Hansford,NA,classical,NA,publicdomain,0.0,0,0,2,1,1,0,20,231,11.55,False,2.485617598722546,1.0,0.9027777777777778
QmW5umRaBY1SS1DneJZt2DXoWjhWiSndqccvc2NnVHCCPC,O I love to think how Jesus - W. O. Perkins,NA,O I love to think how Jesus,W. O. Perkins,NA,classical,NA,publicdomain,0.0,0,0,8,1,1,0,20,222,11.1,False,2.339990898695058,1.0,0.95703125
QmNi1bTFyvojYfgUY8JqiLtmdejKke1JCY8uT9Nap4ULmn,O I love to think of Jesus (Ogden) - W. A. Ogden,NA,O I love to think of Jesus (Ogden) - W. A. Ogden,W. A. Ogden,NA,classical,NA,publicdomain,0.0,0,0,2,2,1,0,21,401,19.09523809523809,False,2.583961348325832,0.9825436408977556,0.9153645833333334
QmV7BM4sbRFbujmZrydG97FurJcoqEVUu9gdcX4Za1jKMv,O I love to think of Jesus (Root) - George F. Root,NA,O I love to think of Jesus (Root) - George F. Root,George F. Root,NA,classical,NA,publicdomain,0.0,0,0,3,1,1,0,18,383,21.27777777777778,False,2.463833776690648,1.0,0.9075520833333334
QmV9URxegHmH294bGAMB953rzQVXAH5TaEjC5Hx6cEWUae,O I love to think of Jesus on the dark and stormy sea - William J. Kirkpatrick,NA,O I love to think of Jesus on the dark and stormy sea,William J. Kirkpatrick,NA,classical,NA,publicdomain,0.0,0,0,4,2,1,0,18,386,21.444444444444443,False,2.8352455727983368,0.955958549222798,0.9068627450980392
QmYsS9JwKiyYtyouzMb7ESxRot39ntFWMmrRbCC9pwKtgx,O I want to live like Jesus - Lida Lee Thomason,NA,O I want to live like Jesus - Lida Lee Thomason,Lida Lee Thomason,NA,classical,NA,publicdomain,0.0,0,0,2,2,1,0,19,384,20.21052631578948,False,2.768504204948376,0.9713541666666666,0.9466145833333334
QmaWCfbiHMeMjm7Wo8iDPmUKzwo38cYCQwH4PfRx5KMDJZ,O I'm looking for my Savior who has gone from earth to heaven - R. E. Winsett,NA,O I'm looking for my Savior who has gone from earth to heaven,R. E. Winsett,NA,classical,NA,publicdomain,0.0,0,0,2,2,1,0,21,446,21.23809523809524,False,2.3115852753715647,0.9955156950672646,0.9348958333333334
QmdV1hVAHAFtVq4JvwWtYAQYeyq9hCwTWK3yAoDiiKDxas,O if for me the cup you fill - W. T. Giffe,NA,O if for me the cup you fill,W. T. Giffe,NA,classical,NA,publicdomain,0.0,0,0,2,2,1,0,22,282,12.818181818181818,False,2.6913314553190792,0.99645390070922,0.9226190476190476
QmUG8pyQRT3tJLcn7YJDSYCdHsRPS7PYYv74tG8JLCohyc,O in primavera eterna - Andrea Gabrieli,NA,O in primavera eterna,Andrea Gabrieli,NA,classical,NA,publicdomain,0.0,0,0,29,0,5,0-0-0-0-0,33,713,21.60606060606061,False,2.932234664148023,0.9589235127478754,0.960858585858586
QmR98xwkTAjPwEPXTMqpSDjeft895oSLAYDiCaWHd5KZ18,O is it true and shall we meet again - Alfred Beirly,NA,O is it true and shall we meet again,Alfred Beirly,NA,classical,NA,publicdomain,0.0,0,0,3,1,1,0,13,225,17.307692307692307,False,2.470080770700005,0.9955555555555556,0.9427083333333334
QmayLvf7aBDCCGahd2pWBpz9caGFw1qrAAHun24KdGbq1Y,O it is sweet to be serving today - Chas. H. Powell,NA,O it is sweet to be serving today,Chas. H. Powell,NA,classical,NA,publicdomain,0.0,0,0,3,2,1,0,16,258,16.125,True,2.7114802940885205,0.9565217391304348,0.9895833333333334
QmQFRVZBJf5BRuqV5BKLuuGuGZ4AiT7jfELjkXF9zRk94P,O it is sweet to serve my Lord - Alfred Judson,NA,O it is sweet to serve my Lord,Alfred Judson,NA,classical,NA,publicdomain,0.0,0,0,6,1,1,0,17,251,14.764705882352942,False,2.579238071474013,0.9840637450199204,0.9010416666666666
Qmakate3G5zS6gtGWP3NFNZW6kSJcBvCiGXGjpMo7D9cwk,O Jean I Love Thee,NA,O Jean I Love Thee,Misc tunes,NA,NA,NA,publicdomain,0.0,0,0,3,1,1,0,36,194,5.388888888888889,False,2.8804083174948896,0.9587628865979382,0.9244791666666666
QmZ776EF1A18uqU9viM5hZVDs93JKe4guwTDngaZ6iHWxb,O Jesu Christe - Jacquet de Mantua (often attrib. to Jacquet de Berchem),NA,O Jesu Christe,Jacquet de Mantua (often attrib. to Jacquet de Berchem),Jacquet de Mantua,classical,NA,publicdomain,4.83,3,0,90,0,4,0-0-0-0,45,299,6.644444444444445,True,2.779616399507478,0.996551724137931,0.9816176470588236
QmRyTqeGvU4Rbfj3bRmQQPHyQiQ8gPH9Mq2SKpwcTfDCXt,O Jesus Christ thou dying Lamb - Mrs. C. H. Morris,NA,O Jesus Christ thou dying Lamb,Mrs. C. H. Morris,NA,classical,NA,publicdomain,0.0,0,0,3,2,1,0,19,269,14.157894736842104,False,2.8084866075810724,0.9702602230483272,0.9192708333333334
Qmb5eS1HrMbmit8ebaanG7qeGMYmfXmJVZVRQ82TgeaJQP,O Jesus Christ Thy Manger Is - O Jesu Christ dein Kripplein Johann Crueger 1653,NA,O Jesus Christ Thy Manger Is,O Jesu Christ dein Kripplein Johann Crueger 1653,NA,classical,NA,publicdomain,0.0,0,0,31,0,2,0-0,15,160,10.666666666666666,False,2.6706376636966103,0.99375,0.9652777777777778
QmVmaK4PyU3tAcPTK8YdNRXPwfpxQGhY2EmpErADTcqbyu,O Jesus Friend unfailing - D. A. Clippinger,NA,O Jesus Friend unfailing,D. A. Clippinger,NA,classical,NA,publicdomain,0.0,0,0,5,1,1,0,20,261,13.05,False,2.538746472829682,0.9770114942528736,0.8802083333333334
QmWd5cnTBS4BTyXb9AthxksP7jssEDBGymw5TCyGzjMemV,O Jesus is a satisfying portion - Mrs. Charles S. Eisenbrey,NA,O Jesus is a satisfying portion - Mrs. Charles S. Eisenbrey,Mrs. Charles S. Eisenbrey,NA,classical,NA,publicdomain,0.0,0,0,2,1,1,0,27,458,16.962962962962962,False,2.752346796619884,0.9563318777292577,0.9253472222222222
QmPeRMbEVApVekZKnQD4NPe8rEY8juokrJceo2QNRfFuDS,O Jesus my Jesus is coming some day - A. F. Ingler,NA,O Jesus my Jesus is coming some day,A. F. Ingler,NA,classical,NA,publicdomain,0.0,0,0,6,1,1,0,35,336,9.6,False,2.609180416979592,0.988095238095238,0.9696180555555556
QmdooTVPtXFQK7mC1X3iV353Txk9gu598c49KAcfaCqFMZ,O Jesus my Lord forever adored - Nicolaus Ludwig Graf von Zinzendorf,NA,O Jesus my Lord forever adored,Nicolaus Ludwig Graf von Zinzendorf,NA,classical,NA,publicdomain,0.0,0,0,4,1,1,0,14,111,7.928571428571429,False,2.605244207962392,0.990990990990991,0.9625
QmfQe9LTddKWNioJQJfShCiyrTyueZsTKvcajHq3J6YQJn,O Jesus my Savior how lovely Thou art - Alonzo Stone,NA,O Jesus my Savior how lovely Thou art,Alonzo Stone,NA,classical,NA,publicdomain,0.0,0,0,6,2,1,0,40,468,11.7,False,2.923964616558824,0.9465811965811964,0.9756944444444444
QmVf255gB6MmKP1bQbwzHtS7RmwF9PxyebWGw3WffuSDb3,O Jesus Name ohnegleichen - P. Kurzenwort,NA,O Jesus Name ohnegleichen,P. Kurzenwort,NA,classical,NA,publicdomain,0.0,0,0,4,0,2,1-1,19,193,10.157894736842104,False,2.710206744240093,0.9895833333333334,0.962962962962963
QmaZRzX1PZwxsKq3h7UqtDfr3vsmqT4S7RKm5DKpcNRQVz,O Jesus Savior I long to rest - I. Baltzell,NA,O Jesus Savior I long to rest,I. Baltzell,NA,classical,NA,publicdomain,0.0,0,0,3,1,1,0,20,258,12.9,False,2.540828557977452,0.992248062015504,0.96875
QmPKcbCrfqBqh6446EZmfMyXRc14p4VRLrtaZgg4mLkNAK,O Jesus with thy church abide - C. Austin Miles,NA,O Jesus with thy church abide,C. Austin Miles,NA,classical,NA,publicdomain,0.0,0,0,7,1,1,0,36,550,15.27777777777778,False,2.7579753995446428,0.9672727272727272,0.9739583333333334
QmNWV8BuAVv86onBq3xrNRTaRzubP8PU3x57bBe7EwKzy5,O John My Cousin,A Sheádhain a Bhráthair Ghaoil,O John My Cousin,Misc tunes,NA,NA,NA,publicdomain,0.0,0,0,3,1,1,0,17,74,4.352941176470588,False,2.6119918004615608,1.0,0.8576388888888888
QmXcZFLCZebMbZUz3XbKMfXvav2L4TE7A81SBjnL5y4GSX,O join with the worshipping angels to sing - C. E. Rowley,NA,O join with the worshipping angels to sing,C. E. Rowley,NA,classical,NA,publicdomain,0.0,0,0,7,1,1,0,9,185,20.55555555555556,False,2.408819824172025,1.0,0.8981481481481481
QmcVYyxc7ibg2bXv3NrknschgMxYwHccaHbpBovDeMkCxu,O joyous is the meeting - A. W. Lawrence,NA,O joyous is the meeting - A. W. Lawrence,A. W. Lawrence,NA,classical,NA,publicdomain,0.0,0,0,3,1,1,0,30,349,11.633333333333333,False,2.496322634653233,0.994269340974212,0.900462962962963
QmNgHc15i1mPAciwFuyFdihy8wZ73mY2AAuSsA1tZ5M2AY,O joyous joyous Easter day - Ralph Howard Pendleton,NA,O joyous joyous Easter day,Ralph Howard Pendleton,NA,classical,NA,publicdomain,0.0,0,0,24,1,1,0,25,300,12.0,False,2.855032806489056,0.96,0.9745370370370372
QmR2SqDjg5xrPsbErsQgjzCcihPYhu6P2VdKRjrjXbgNuV,O King of love King of love - C. Harold Lowden,NA,O King of love King of love,C. Harold Lowden,NA,classical,NA,publicdomain,0.0,0,0,3,2,1,0,27,419,15.51851851851852,True,2.949083978597366,0.954653937947494,0.9439102564102564
QmSVQwa7nbBUG15iUNM8jN9ZgGqtQ3GMWZcPDRGKM7kFCg,O Lamm Gottes unschuldig - Johannes Jeep,NA,O Lamm Gottes unschuldig,Johannes Jeep,NA,classical,NA,publicdomain,0.0,0,0,13,0,4,0-0-0-0,68,494,7.264705882352941,True,2.701777835861996,0.9790794979079498,0.9705882352941176
QmbeCyvgoByV8jaBxfZzbBGnspnpyZqU3L3JffF4g7uLQY,O Lamm Gottes unschuldig - Nikolaus Decius,NA,O Lamm Gottes unschuldig,Nikolaus Decius,NA,classical,NA,publicdomain,0.0,0,0,19,0,2,1-1,17,242,14.235294117647058,False,2.7390865441057017,0.9833333333333332,0.9538690476190476
QmWvQjRm2u4BXywim1e9QvNUYgXJkxuEhRSTieksQ9N6NP,O land fair land when when shall I behold thee? - Geo. C. Stebbins,NA,O land fair land when when shall I behold thee?,Geo. C. Stebbins,NA,classical,NA,publicdomain,0.0,0,0,2,1,1,0,24,243,10.125,True,2.7765798431346225,0.9794238683127572,0.9655797101449276
QmaktQBsngvapL7nd5y9URMU55gpgpvNonnWc4j2bMyKcY,O land of bliss of grace and glory - B. E. Warren,NA,O land of bliss of grace and glory,B. E. Warren,NA,classical,NA,publicdomain,0.0,0,0,4,1,1,0,20,269,13.45,False,2.645884208252009,0.9814126394052044,0.9375
QmTywq8ZdTEVNauGCLc2nw7ymBwGgTopC8swexZmG3zMVH,O land of the blessed thy shadowless skies - Emily Huntington Miller,NA,O land of the blessed thy shadowless skies,Emily Huntington Miller,NA,classical,NA,publicdomain,0.0,0,0,5,2,1,0,22,341,15.5,False,2.607683800570631,0.9912023460410556,0.8958333333333334
QmcSsGcy3FVPvp7YAC4ekiLiWwPyAZP5ywBw44ELxievHK,O land of the morrow the day of delight - C. Austin Miles,NA,O land of the morrow the day of delight,C. Austin Miles,NA,classical,NA,publicdomain,0.0,0,0,2,2,1,0,27,506,18.74074074074074,False,2.732761541175035,0.9703557312252964,0.8784722222222222
QmZpDLJttx4Ups29MJCmKHXsZc4Xezu5QRcRiQrYAYBjuK,O lasset uns lobsingen - Wilhelm Brockhaus 1819-1888,NA,O lasset uns lobsingen,Wilhelm Brockhaus 1819-1888,NA,classical,NA,publicdomain,0.0,0,0,2,0,2,1-1,14,179,12.785714285714286,False,2.6992504924389644,0.9720670391061452,0.95
QmPRucqTqVpiN6nAW57Ctet1bZah6okCEL6XC4384y8zsU,O LASSIE ART THOU SLEEPING YET.,The Muckin' o' Geordie's ByreThe Scotch LassieThe Stone Barn,O LASSIE ART THOU SLEEPING YET.,Misc tunes,NA,NA,NA,publicdomain,0.0,0,0,1,1,1,0,45,183,4.066666666666666,False,2.3470883006526218,1.0,0.9215277777777776
QmdiaRW8xnYsrrpbQT4S2PvzuLJNNzgrU4gUjQTMbULR5Y,O let him whose sorrow - Mrs. S. Cooper,NA,O let him whose sorrow,Mrs. S. Cooper,NA,classical,NA,publicdomain,0.0,0,0,5,1,1,0,8,94,11.75,True,2.8959759568462955,0.9574468085106383,0.9583333333333334
Qmcb3rGK6MVzLW7E1ZP6pkAPKMgBhZcVpTjGF9LSd9sga6,O let me cling to Thee - Asa Hull,NA,O let me cling to Thee,Asa Hull,NA,classical,NA,publicdomain,0.0,0,0,2,1,1,0,12,148,12.333333333333334,True,2.317743779004031,1.0,0.9545454545454546
QmcRfqwytp8uBtKK9SMeSRkb5vPJsFgKNXaoNB6HYV4aPo,O let me cling to Thee - Will H. Ruebush,NA,O let me cling to Thee,Will H. Ruebush,NA,classical,NA,publicdomain,0.0,0,0,2,1,1,0,16,167,10.4375,True,2.824974977330552,0.9640718562874252,0.9527777777777776
QmZsRjcAvsQ7wpSvcehoNASm67UdoY71raqUonewAB3Jhi,O let me look around me to note my neighbor's need - B. D. Ackley,NA,O let me look around me to note my neighbor's need,B. D. Ackley,NA,classical,NA,publicdomain,0.0,0,0,10,1,1,0,18,360,20.0,False,2.867490895501454,0.9583333333333334,0.9453125
QmXWixyjssMT2rTKZabREifdKtEQtmnE1H22tmVzj1TiDx,O let the heavens be joyful and earth repeat the strain - C. Harold Lowden,NA,O let the heavens be joyful and earth repeat the strain,C. Harold Lowden,NA,classical,NA,publicdomain,0.0,0,0,2,1,1,0,34,527,15.5,False,2.988870824535508,0.9430740037950665,0.9973958333333334
QmYGDNXx5ZXmpAiji161uaB7zEXg3fX2hqBXMpQRw15mxB,O let us all endeavor - Geo. C. Stebbins,NA,O let us all endeavor,Geo. C. Stebbins,NA,classical,NA,publicdomain,0.0,0,0,3,2,1,0,30,354,11.8,False,2.8708916003924108,0.96045197740113,0.9155092592592592
QmdetjZqR5KVN5F3HYgUSBvuHvRB4kxkb4KHeUaodgHGnB,O let us love our brothers - Wm. J. Kirkpatrick,NA,O let us love our brothers,William J. Kirkpatrick,NA,classical,NA,publicdomain,0.0,0,0,9,1,1,0,19,240,12.63157894736842,False,2.3448412527560474,0.9875,0.90625
QmUSZrcHJikA8winzMZBeZigfQr4n9SYhXDuwhqr8yMsQX,O let us rejoice in the work of the Lord - Wm. J. Kirkpatrick,NA,O let us rejoice in the work of the Lord,William J. Kirkpatrick,NA,classical,NA,publicdomain,0.0,0,0,6,1,1,0,33,320,9.696969696969695,False,2.786312867883997,0.975,0.9609375
QmW7ZC6gzcTWMPs2sRe9ReqQjXVXw2dSLKynYppD9WybYx,O let us sing in joyful lay - H. A. Farnsworth,NA,O let us sing in joyful lay,H. A. Farnsworth,NA,classical,NA,publicdomain,0.0,0,0,2,2,1,0,33,561,17.0,False,3.113277404563536,0.8484848484848485,0.9357638888888888
QmbFa4SeGNwPMRaSFVohBi8uLXG4nAKthqsZ3MU32BkFe8,O Liebe ohnegleichen,NA,O Liebe ohnegleichen,Misc Traditional,NA,folk,NA,publicdomain,0.0,0,0,1,0,2,0-0,26,184,7.076923076923077,False,2.741506873857809,0.9836956521739132,0.9473684210526316
QmRZrsr16gkRhrKz7PJs83GHAJXLKihDYumMwpQxPqxef2,O life giving water that floweth so free - Frank M. Davis,NA,O life giving water that floweth so free,Frank M. Davis,NA,classical,NA,publicdomain,0.0,0,0,3,1,1,0,18,304,16.88888888888889,False,2.690877486818404,0.9835526315789472,0.9375
QmZymMXWL8ZdzMxL22ivGSaQCVPLznYxKCEYzsXHsipg8a,O little town of Bethlehem (Babcock) - Maltbie D. Babcock,NA,O little town of Bethlehem (Babcock),Maltbie D. Babcock,NA,classical,NA,publicdomain,0.0,0,1,41,1,1,0,20,274,13.7,False,2.663813786177825,0.978102189781022,0.8990384615384616
QmeWHBbZrMHorz714KKcMsVEgXCFCrba6hZ3S5GX97w9Bj,O little town of Bethlehem - Henry Walford Davies,NA,O little town of Bethlehem,Henry Walford Davies,NA,classical,NA,publicdomain,0.0,0,0,97,0,5,0-0-0-0-0,75,498,6.64,True,2.9378680839574387,0.941908713692946,0.9442567567567568
QmNepD3s6XQvLczvBk51hYuxrCJekfzZQVGzxkA5UYDWiN,O look at the faithfulness of Christ our Lord - Barney Elliott Warren,NA,O look at the faithfulness of Christ our Lord,Barney Elliott Warren,NA,classical,NA,publicdomain,0.0,0,0,5,0,2,0-0,17,292,17.176470588235293,True,2.389239109502172,1.0,0.9348958333333334
QmSJLW2GaxXGzcvTNwTiWJcMjA7T6xLSyuQTZPxqc7h7RU,O Lord God of hosts - John Alcock Jr.,NA,O Lord God of hosts,John Alcock Jr.,John Alcock jr.,classical,NA,publicdomain,0.0,0,0,18,0,5,0-0-0-0-0,140,1481,10.57857142857143,True,2.8191526697111846,0.9719020172910664,0.967681623931624
QmaYA3DZufzux7o3EwcpgqDbGtQzGow8URQZXNxkKfNQq4,O Lord how glorious and how great - Joseph Key,Psalm XCII Ver. 5,O Lord how glorious and how great,Joseph Key,Joseph Key,classical,NA,publicdomain,0.0,0,0,3,0,4,0-0-0-0,15,149,9.933333333333334,True,2.656960263076966,1.0,0.9613095238095238
QmW7KvKSiQFWyM4oFzPy7oCShCsegaW5PMAqTVj5Rs8LHG,O Lord how much I owe to Thee - J. H. Rosecrans,NA,O Lord how much I owe to Thee,J. H. Rosecrans,NA,classical,NA,publicdomain,0.0,0,0,4,1,1,0,18,263,14.61111111111111,False,2.599135538123363,0.9923954372623576,0.9424019607843136
QmephL285rumKyuFThyEczbXqD6gsK3Q1gSxQW82buWPXe,O Lord I call to thee today - Flora Hamilton Cassel,NA,O Lord I call to thee today,Flora Hamilton Cassel,NA,classical,NA,publicdomain,0.0,0,0,3,2,1,0,24,377,15.708333333333334,False,2.68466893502758,0.9893899204244032,0.9791666666666666
QmS8k15bKyJCYzy356mn9Hy6Ke4fSnyyaQfroEHVcg1R7s,O Lord in me thy work revive - Herbert J. Lacey,NA,O Lord in me thy work revive,Herbert J. Lacey,NA,classical,NA,publicdomain,0.0,0,0,10,1,1,0,20,246,12.3,False,2.477585879250368,0.9959349593495936,0.8993055555555556
QmYtqJfbo8es9gK9chmXLKfvqpdsUpDuxSFfinCSEKaMN3,O Lord increase my faith - Orlando Gibbons (Traditionally attributed to but more likely the work of Henry Loosemore),NA,O Lord increase my faith,Misc Traditional,NA,folk,NA,publicdomain,0.0,0,0,58,0,5,0-0-0-0-0,25,307,12.28,True,3.156163484417532,0.8721311475409836,0.9754166666666668
QmcfYzSm3BrZ9ML6h7vWxQFH4qcBnyWC4XVS6Tuc2x7CRL,O Lord increase our faith - Henry Loosemore,NA,O Lord increase our faith,Henry Loosemore,Henry Loosemore (d 1670)ed. Crookall,classical,NA,publicdomain,0.0,0,1,63,0,4,0-0-0-0,25,308,12.32,True,3.1585933551223544,0.8741721854304636,0.9391666666666668
QmNLsyL5kpzNVH1DJki8AHvS4u9aJ21iSWsUVBYFadPuE5,O Lord make Thy servant Elizabeth - William Byrd,NA,O Lord make Thy servant Elizabeth,William Byrd,NA,classical,NA,publicdomain,0.0,0,0,44,0,4,0-0-0-0,12,921,76.75,True,2.8842867380246564,0.9710144927536232,0.9523809523809524
QmNLiSYugDYC1ERzjbTNfE3rGP7va8kcRBJJoF5va7TkqR,O Lord Most High with all my heart - L. S. Leason,NA,O Lord Most High with all my heart,L. S. Leason,NA,classical,NA,publicdomain,0.0,0,0,9,1,1,0,18,235,13.055555555555555,False,2.50908895304537,0.9957446808510638,0.9453125
QmPsNk4kNsdsi3oTVzVjbiVMPWeempD6KCA6VV8AueZ3UF,O Lord My God to Thee - Jacques Arcadelt,NA,O Lord My God to Thee,Jacques Arcadelt,Attr. Jacques Arcadelt (c 1510-1568),classical,NA,publicdomain,0.0,0,0,45,0,2,0-0,34,404,11.882352941176473,True,2.738892978977777,0.979643765903308,0.9661458333333334
QmQwD1XTyTV8sgPpnAZFSWk2uvY8759yHw75sQ8oP5Aj9x,O Lord my heart is Thine - Hubert P. Main,NA,O Lord my heart is Thine,Hubert P. Main,NA,classical,NA,publicdomain,0.0,0,0,4,1,1,0,18,205,11.38888888888889,False,2.877910253537107,0.9560975609756096,0.9079861111111112
QmQnRGZsY1oMMbXz7fMfzPz2LGuAe86zrb6AKFx1yRyWHm,O Lord my rock to thee I cry - Joseph Stephenson,NA,O Lord my rock to thee I cry,Joseph Stephenson,Joseph Stephenson,classical,NA,publicdomain,0.0,0,0,3,0,4,0-0-0-0,18,176,9.77777777777778,True,2.790486507915896,0.9651162790697676,0.9565217391304348
Qmab38qrNKHN4R6jEF1JACHWGqcEkg5ygGV4NZafJcfm8b,O Lord O Lord our Governor - J. E. Gould,NA,O Lord O Lord our Governor,J. E. Gould,NA,classical,NA,publicdomain,0.0,0,0,7,2,1,0,41,479,11.682926829268292,False,2.8310814875539454,0.9624217118997912,0.9292763157894736
QmVmMBpmUqDvuc4Dvx1JMoienpFdqTSy1dK3y4kiyGdXWm,O Lord of Heaven and Earth and Sea,NA,NA,NA,John Bacchus Dykes (1823-1876),NA,worship,cc-zero,0.0,0,0,585,0,1,0,14,136,9.714285714285714,False,2.6885404774967814,0.9926470588235294,0.9563492063492064
QmZuyXhe92dQL5jdhYTQwhDEPfYuEGBG1DYQx4XetreGu9,O Lord our governor - Capel Bond,Anthem taken out of the 8th Psalm,O Lord our governor,Capel Bond,Capel Bond(of Coventry),classical,NA,publicdomain,0.0,0,0,12,0,4,0-0-0-0,83,1030,12.409638554216867,True,3.0754909574999605,0.834349593495935,0.9452083333333332
QmahKYvEVwuaFFmHjEsrqo8n5x6xcZbBGVQ4BgW3PiGkbs,O Lord send a revival! - D. B. Towner,NA,O Lord send a revival!,D. B. Towner,NA,classical,NA,publicdomain,0.0,0,0,13,1,1,0,10,117,11.7,False,2.2183568593641776,1.0,0.935897435897436
Qmcj4qSgUMXh4Yhi9iGb6J8ouBJGqcTMgmabZW528s9g6T,O Lord send a wave of salvation - Wm. J. Kirkpatrick,NA,O Lord send a wave of salvation,William J. Kirkpatrick,NA,classical,NA,publicdomain,0.0,0,0,6,1,1,0,19,254,13.36842105263158,False,2.567154182453094,0.9960629921259844,0.8975694444444444
QmeAe4vpqGzvgDMsQRLqeYw6eRcoBzBtwpdKMx3yEiCihy,O Lord send out thy light and truth - Joseph Key,NA,O Lord send out thy light and truth,Joseph Key,Joseph Key,classical,NA,publicdomain,0.0,0,0,31,0,4,0-0-0-0,38,305,8.026315789473685,True,2.915717063472317,0.928813559322034,0.9709429824561404
QmUtWSmLtQtjtdR24AmzHBTTyPcRUvCUyxMg2XN3cXMAAr,O Lord that art my righteous Judge - Joseph Stephenson,Ps. 4th (A 4 Voce),O Lord that art my righteous Judge,Joseph Stephenson,Joseph Stephenson,classical,NA,publicdomain,0.0,0,0,7,0,4,0-0-0-0,15,134,8.933333333333334,True,2.808848351289453,0.944,0.9742063492063492
QmeM3sbnU1XdVdUwEccnRL9G919QrnEfNeprZ4Njp6V271,O Lord that art my righteous judge - William Bennett,NA,O Lord that art my righteous judge,William Bennett,William Bennett,classical,NA,publicdomain,0.0,0,0,6,0,4,0-0-0-0,13,205,15.76923076923077,True,2.8570519992900407,0.9693877551020408,0.9166666666666666
QmazgKqteUgsVZJnFNTCgSnn7Lhh1MYxn1Y46JDNrwFCaH,O Lord the maker of all thing (a/k/a Rerum Creator Omnium) - William Mundy,NA,O Lord the maker of all thing (a/k/a Rerum Creator Omnium),William Mundy,NA,classical,NA,publicdomain,0.0,0,0,20,0,5,0-0-0-0-0,15,609,40.6,True,2.904492045104972,0.961344537815126,0.9635416666666666
QmNLz9kmPWSHXq6RJ4kAwCXiXa1gPyXvqLVBAn7VrBuU7R,O Lord the storm is high - Hubert P. Main,NA,O Lord the storm is high,Hubert P. Main,NA,classical,NA,publicdomain,0.0,0,0,4,1,1,0,9,87,9.666666666666666,False,2.7666696535324338,0.9770114942528736,0.90625
QmZV5FM2kUyAGwwpHQxB4P3DQfj77zdp1NeGSLxsvTdUmu,O Lord thou didst the promise give - C. Austin Miles,NA,O Lord thou didst the promise give,C. Austin Miles,NA,classical,NA,publicdomain,0.0,0,0,2,2,1,0,17,374,22.0,False,2.531869807717692,0.983957219251337,0.9448529411764706
QmT1pBuED78iqHLdD593rU3LakiEf5qfSjtXLC7x6GDyhT,O Lord thou hast me tried and known - Joseph Key,PSALM CXXXIX,O Lord thou hast me tried and known,Joseph Key,Joseph Key,classical,NA,publicdomain,0.0,0,0,8,0,4,0-0-0-0,15,146,9.733333333333333,True,2.7253653621221625,0.9929078014184396,0.9434523809523808
QmbEmmnRscAyBPL4t3zmqX8ZZuEqnRVQmACEHodgsX7wHf,O Lord Thy loving kindness - James McGranahan,NA,O Lord Thy loving kindness,James McGranahan,NA,classical,NA,publicdomain,0.0,0,0,4,1,1,0,33,493,14.93939393939394,True,2.945073137191991,0.9310344827586208,0.9408602150537636
QmWMeku1BdY83GGQ6kXJEu3x5UgeBnHaeMdeh8R5yX68mm,O Lord thy mighty grace impart - Jno. R. Sweney,NA,O Lord thy mighty grace impart,John R. Sweney,NA,classical,NA,publicdomain,0.0,0,0,2,1,1,0,17,206,12.117647058823527,False,2.3618568096722417,0.9951456310679612,0.9479166666666666
QmY1BqXaeTxk4hLukH8eZ56P5J8R3iqNvu2BrFrpFhhUsQ,O Lord we love thy name,NA,O Lord we love thy name,Misc Traditional,NA,folk,NA,publicdomain,0.0,0,0,2,1,1,0,9,98,10.88888888888889,False,2.729549973056665,0.979591836734694,0.9635416666666666
QmbuFonxnNBE768HzYfm6KQcgmvcaS2cM5qyaDSYPEUZmL,O Lord we thank thee for the zeal - T. Edwin Solly,NA,O Lord we thank thee for the zeal,T. Edwin Solly,NA,classical,NA,publicdomain,0.0,0,0,4,1,1,0,18,224,12.444444444444445,False,2.8470792856372205,0.9464285714285714,0.9557291666666666
QmWMEAMJBobWioUX3Luf72Fsr8PVA3TzsMNfxfuhpqURiE,O love amazing love - Hubert P. Main,NA,O love amazing love,Hubert P. Main,NA,classical,NA,publicdomain,0.0,0,0,5,1,1,0,17,226,13.294117647058824,False,2.7352111607248943,0.9688888888888888,0.9340277777777778
QmRQQSAY6WU9f87HNjJaptRa9R7Bw666rRhM9s2jBNxQEb,O love divine how sweet thou art - James Leach,NA,O love divine how sweet thou art,James Leach,James Leach,classical,NA,publicdomain,0.0,0,0,12,0,4,0-0-0-0,31,272,8.774193548387096,True,2.79977261994014,0.9847908745247148,0.9495967741935484
QmWkSCJTHrD62eq1fysSUCJyqVRYCjACFvognXdfVEL4Hi,O love divine how sweet thou art - John Fawcett,NA,O love divine how sweet thou art,John Fawcett,John Fawcett,classical,NA,publicdomain,0.0,0,0,26,0,4,0-0-0-0,28,229,8.178571428571429,True,2.8457081819146355,0.9502262443438914,0.953125
QmVVoZ1YasZZuXLJjU56Cnwr2Hc7J4mVP1b69nHtAzJV39,O love divine! He thought of me (Ackley) - B. D. Ackley,NA,O love divine! He thought of me (Ackley),B. D. Ackley,B. D. Ackley,classical,NA,publicdomain,0.0,0,0,6,1,1,0,17,290,17.058823529411764,True,2.994943615804256,0.9263565891472868,0.9357638888888888
QmNhF3EZzxt1rzNjYcCwV3sJP5xEz3d82N5rfdgcWsajZx,O love from whence my mercies flow - Thoro Harris,NA,O love from whence my mercies flow,Thoro Harris,NA,classical,NA,publicdomain,0.0,0,0,3,2,1,0,34,261,7.676470588235294,False,2.9275071860413737,0.9540229885057472,0.9756944444444444
QmPVYwZrEenfCCfKs5EA1W8wFkXJTpwT3aLkpsHiiuMSRC,O Love thou sun whose golden rays - W. J. Baltzell,NA,O Love thou sun whose golden rays - W. J. Baltzell,W. J. Baltzell,NA,classical,NA,publicdomain,0.0,0,0,11,0,2,1-1,26,442,17.0,False,2.680363120353922,0.979591836734694,0.9453125
QmRnRAEKJ9xheFZWCFWo45HLK98PwXT4bRL1FsXRAe654B,O love unmeasured vast and deep - Jno. R. Sweney,NA,O love unmeasured vast and deep,John R. Sweney,NA,classical,NA,publicdomain,0.0,0,0,3,2,1,0,26,500,19.23076923076923,False,2.7777184178218706,0.9779116465863452,0.9401881720430108
QmZsyKAJ6FGXWbfmF1eeMjsBWgEAGeXcU9wfbwQke9Edn5,O lux beata trinitas - Alfonso Ferrabosco I,NA,O lux beata trinitas,Alfonso Ferrabosco I,NA,classical,NA,publicdomain,0.0,0,0,8,0,6,0-0-0-0-0-0,105,1446,13.771428571428572,False,2.9278585295232062,0.9608938547486032,0.9796626984126984
QmVYCb8KX982eW29Vx2rmffE7WdvBZ8W2uv3drJ44DkxN3,O magnify His name with me - Chas. H. Gabriel,NA,O magnify His name with me,Chas. H. Gabriel,NA,classical,NA,publicdomain,0.0,0,0,3,1,1,0,20,227,11.35,False,2.7731250290737006,0.973568281938326,0.9427083333333334
QmV2FGXjKqrypoWeF8bvvZosUSe59vSmYtG2xbTJjdtuWP,O Magnum Mysterium,NA,Missa O magnum mysterium,Tomás Luis de Victoria,Thomas Luis de Victoria,classical,tomsluisdevictoria-omagnummysterium-cantoresponsorial-polifonaclsica-coro,cc-zero,4.25,13,2,386,0,4,0-0-0-0,74,810,10.945945945945946,True,3.020137178314895,0.9110275689223056,0.94375
QmcPChJVHfDpSK5Rrn2sGWex3F2ZfhucwsvtMn2YqVaa4z,O magnum mysterium - Ave Maria - Adrian Willaert,NA,O magnum mysterium - Ave Maria,Adrian Willaert,Adrian Willaert (1545),classical,NA,publicdomain,0.0,0,2,37,0,4,0-0-0-0,119,1109,9.319327731092438,True,2.948776236637325,0.9601809954751132,0.9523809523809524
QmcH2iJ4FAfqMRa6kr83tMu7yST7hqHkMTD7Zj8Gqdiar1,O Magnum Mysterium Victoria,Soprano,Missa O Magnum Mysterium (complete),Tomás Luis de Victoria,Thomas Luis de Victoria,classical,NA,cc-zero,0.0,0,0,37,1,1,0,71,231,3.2535211267605635,True,2.8473302834778824,0.9004329004329005,0.9452380952380952
Qmei2LyrvFrN4d1769vSetBPmxpE2xTqzoUNo3cSZG7aSh,O make me Lord a fount of love - R. Frank Lehman,NA,O make me Lord a fount of love - R. Frank Lehman,R. Frank Lehman,NA,classical,NA,publicdomain,0.0,0,0,2,1,1,0,20,262,13.1,False,2.789500809508859,0.9618320610687024,0.8767361111111112
QmdLvpXJBkdbNmBR9HjMT9KUCpmWqiBJBNQ9gLhYV7FjsQ,O man of sorrows! mortal grief - J. H. Fillmore,NA,O man of sorrows! mortal grief,J. H. Fillmore,NA,classical,NA,publicdomain,0.0,0,0,6,1,1,0,20,181,9.05,False,2.5613632610016106,0.988950276243094,0.9439102564102564
Qmbdtnu9vQx78oPYFgdaut7GDoqVzjtoMcJFLGCNpxr7Hu,O many a blossom sweet and fair - Adam Geibel,NA,O many a blossom sweet and fair,Adam Geibel,NA,classical,NA,publicdomain,0.0,0,0,5,2,1,0,62,937,15.112903225806452,False,2.897633688455864,0.9541088580576308,0.9475446428571428
QmVJtiW8xwfUMuArd6pGNEwDX7iymiL7Hrt7mBHr3fLjfm,O Maria Mari,NA,O Maria Mari,Misc tunes,E. di Capua (1899),NA,NA,publicdomain,0.0,0,0,97,1,1,0,43,258,6.0,True,3.132342398591824,0.8953488372093024,0.8597222222222223
QmV8w2TKWZmzg6nVyAU9LdhwYn77V4V3NBmrjfj2rGfwKB,O Maria quid ploras - Giovanni Valentini,NA,O Maria quid ploras,Giovanni Valentini,NA,classical,NA,publicdomain,0.0,0,1,18,0,4,0-0-0-0,82,1156,14.097560975609756,False,2.9733937725394046,0.950402144772118,0.9699539363484088
QmUdkvPBiCp2u1sZUYKRrQghz7Z1hRvNYRfzohon8fnBBb,O Master Let Me Walk with Thee,Maryton L. M,NA,NA,H. Percy Smith 1825-1898,NA,NA,publicdomain,0.0,0,4,399,1,1,0,16,134,8.375,False,2.8010096324473746,0.9776119402985076,0.9635416666666666
QmT4SPSSLba95hN3bya4JBvoZ2XCwLtrVTpo6bAUiPCzum,O Master Thou hast promised us - Clinton Dudley Lowden,NA,O Master Thou hast promised us,Clinton Dudley Lowden,NA,classical,NA,publicdomain,0.0,0,0,5,2,1,0,26,349,13.423076923076923,False,2.895653974916626,0.9475218658892128,0.9699074074074074
Qme3nNGCWtPUN2m4otg2Pa2yEVqgxtFGYwzh167A2BuZgW,O matchless love how could it be - Mrs. C. H. Morris,NA,O matchless love how could it be,Mrs. C. H. Morris,NA,classical,NA,publicdomain,0.0,0,0,3,2,1,0,27,382,14.148148148148149,False,2.636862723139572,0.9921465968586388,0.9305555555555556
Qmbem2pcB6BHVsGqe8JzJAMEkwXsowjimfmTLW1aSD8dtS,O may Thy word my God (Kirkpatrick) - Wm. J. Kirkpatrick,NA,O may Thy word my God (Kirkpatrick),William J. Kirkpatrick,NA,classical,NA,publicdomain,0.0,0,0,4,1,1,0,17,226,13.294117647058824,False,2.6919998137126084,0.9734513274336284,0.9466145833333334
QmNXok13koY72xxC9KAkpTtbA9z2TTD8HHWhwYqWT4PmNe,O memoriale mortis - Francisco Valls,2. tono,O memoriale mortis,Francisco Valls,Francisco Valls (1665-1747),classical,NA,publicdomain,0.0,0,0,16,0,5,0-0-0-0-0,13,257,19.76923076923077,True,3.145678855722346,0.8991935483870968,0.9683908045977012
QmeojS1gXmjbde5ZiNC3TJgfuLThubRg8YiE8YTxzQ3Zr4,O Mio Babbino Caro for solo piano,for solo piano arr. Jeron Joseph,o mio babbino caro,Giacomo Puccini,Original song by Giacomo Puccini,classical,omiobabbinocaro-giacomopuccini,cc-zero,4.73,70,207,14098,2,1,0,61,741,12.147540983606556,False,2.692531576971407,0.983679525222552,0.9189311594202898
QmPHyr6nwq76HNKvvqVsduu8SGudFTFwkZFHW4e8mJjdP3,O most merciful - Charles Wood,NA,O most merciful,Charles Wood,Music: Charles Wood(1866-1926),classical,NA,publicdomain,0.0,0,0,22,0,5,0-0-0-0-0,19,341,17.94736842105263,True,3.118008847355677,0.9116022099447514,0.9692982456140352
QmZb6apdeCwmB9qPGW7HSqNkki5rBgThqcydgiQJtYCEnV,O motherland whose ample breast - R. Huntington Woodman,NA,O motherland whose ample breast,R. Huntington Woodman,NA,classical,NA,publicdomain,0.0,0,0,10,1,1,0,14,151,10.785714285714286,False,2.994871546709119,0.9403973509933776,0.9722222222222222
QmNftBsE2w2Vy1fVFoJBhurVNPPaghjVKfqms5JHDa1TBR,O My fearefull dreames a Round of 3 Voices,NA,O My fearefull dreames a Round of 3 Voices,Misc tunes,From Pammelia (1609) compiled by Thomas Ravenscroft,NA,NA,publicdomain,0.0,0,0,4,1,1,0,1,42,42.0,True,2.610494766511591,1.0,0.9620098039215688
QmbJhArWBFGgD2XqD4rtBgcJ1Cwde5urVMNJMo5zjNusPt,O my heart is full of gladness since by faith I saw the Lord - Haldor Lillenas,NA,O my heart is full of gladness since by faith I saw the Lord,Haldor Lillenas,NA,classical,NA,publicdomain,0.0,0,0,5,2,1,0,18,397,22.05555555555556,False,2.587924186463249,0.9798488664987406,0.9362745098039216
QmQytBxE3rwnrBKMpczANnTfRHYrKfdvLgzPzNuZYdsEvU,O my heart shall not forget the golden hour - Haldor Lillenas,NA,O my heart shall not forget the golden hour,Haldor Lillenas,NA,classical,NA,publicdomain,0.0,0,0,9,1,1,0,20,379,18.95,False,2.381704714876804,0.9868073878627968,0.892156862745098
QmVwAESX6FsYkLnUSKMcUt95PDeXFysxKW8rC7wqs1dzM5,O my love (Ravenscroft),Deutoromelia (1609),NA,NA,Thomas Ravenscroft (1582-1635),NA,rve,cc-zero,0.0,0,0,45,1,1,0,8,17,2.125,True,2.542482693809728,1.0,0.96875
QmcTNuA7HBjuNQYvEvYE1Ubdj6LMCTVUoim99gTYT73Kbx,O my Redeemer while Thy throne addressing - Robert Lowry,NA,O my Redeemer while Thy throne addressing,Robert Lowry,NA,classical,NA,publicdomain,0.0,0,0,3,1,1,0,32,348,10.875,True,2.746939913471552,0.9770114942528736,0.9720052083333334
QmTyoYgKauYbWu87RgpmWuZNHM1HzBDxCz5eY1iqgCLdhM,O my Savior hear the plea - W. H. Pontius,NA,O my Savior hear the plea,W. H. Pontius,NA,classical,NA,publicdomain,0.0,0,0,5,2,1,0,18,246,13.666666666666666,False,2.600502436410918,0.979253112033195,0.9224537037037036
QmdK3bWAnf7emua6m9YiznaK4PryPZEg8MQbGuKo38m2ew,O my Savior humbly I am coming coming - W. H. Doane,NA,O my Savior humbly I am coming coming,W. H. Doane,NA,classical,NA,publicdomain,0.0,0,0,3,1,1,0,18,289,16.055555555555557,False,2.43944589577258,0.9930795847750864,0.9153645833333334
QmPFQ34um4mmjRQw6GGpoLMD2r4fAYHLjGYsEqpZtEpyES,O my Savior thou hast washed me - Jno. R. Sweney,NA,O my Savior thou hast washed me,John R. Sweney,NA,classical,NA,publicdomain,0.0,0,0,4,1,1,0,25,387,15.48,True,2.744507033033374,0.9819121447028424,0.9202898550724636
QmQyBcAKGL9GrG9bSJQiWYkPfqgXbZUPpXCdd7EWSqWiQU,O my song is ever new and my faith is bright and clear - Jno. R. Sweney,NA,O my song is ever new and my faith is bright and clear,John R. Sweney,NA,classical,NA,publicdomain,0.0,0,0,2,1,1,0,17,358,21.058823529411764,False,2.44618937904788,0.988826815642458,0.943627450980392
QmZzg69Lny9miND9ws3RdGYT8aaNzMkF8V8oL43hVbLR4T,O my soul why art thou troubled - Wm. J. Kirkpatrick,NA,O my soul why art thou troubled,William J. Kirkpatrick,NA,classical,NA,publicdomain,0.0,0,0,12,2,1,0,20,241,12.05,False,2.4059921437178264,0.9875518672199172,0.9027777777777778
QmXUiDE9bkBSYYQZb59afzpSdY4sg2uRdoC4VhLVTzFxEs,O my soul would fill with rapture if this moment I might hear - C. Austin Miles,NA,O my soul would fill with rapture if this moment I might hear,C. Austin Miles,NA,classical,NA,publicdomain,0.0,0,0,3,1,1,0,17,364,21.41176470588235,False,2.3307676879364703,1.0,0.91796875
QmbU8MFUoya4VG8d2P79yF7UMVYZd4S2qXGufEqyz4GivX,O name of names the dearest - Mabel Johnston Camp,NA,O name of names the dearest,Mabel Johnston Camp,NA,classical,NA,publicdomain,0.0,0,0,2,1,1,0,10,103,10.3,False,2.739508042605376,0.9805825242718448,0.9340277777777778
QmUH3kCKNkDuS1VUFWKFP79CBND1ehRAwET9yHUKw95ujA,O Nanny Wilt Thou Fly With Me. RH.486,NA,O Nanny Wilt Thou Fly With Me. RH.486,Misc tunes,NA,NA,NA,publicdomain,0.0,0,0,1,1,1,0,25,166,6.64,False,2.7673951914791823,0.9879518072289156,0.9311594202898552
QmRUMVXKLAG88DEe61s9ouRfQMbTTDNcQpmL9Js6ph6htj,O Nanny Wilt Thou Fly With Me. RH.486,NA,O Nanny Wilt Thou Fly With Me. RH.486,Misc tunes,NA,NA,NA,publicdomain,0.0,0,0,4,1,1,0,84,482,5.738095238095238,False,3.107967853336956,0.8713692946058091,0.9342261904761904
QmbiLAJarHENSarum8E1fFjXS1UR3CWrC7AfT5smxQAdAZ,O Nata Lux Alto,NA,O Nata Lux Alto,katecuttill,NA,NA,NA,cc-zero,0.0,0,0,7,0,4,0-0-0-0,56,1230,21.964285714285715,True,2.680581312168838,0.9704251386321626,0.9791666666666666
QmWBtTQRwt5fdECyH1RFoGXS8MY24YiZqM8hKMtdyoneRD,O never look back to the world again - Chas. H. Gabriel,NA,O never look back to the world again,Chas. H. Gabriel,NA,classical,NA,publicdomain,0.0,0,0,3,1,1,0,20,273,13.65,False,2.7650446355226626,0.967032967032967,0.9427083333333334
Qmc7xWk9xkjZgkqRXQVRgmVGmSVFQFKCVoxJLMs6MTDobz,O North with all thy vales of green - Wm. J. Kirkpatrick,NA,O North with all thy vales of green - Wm. J. Kirkpatrick,William J. Kirkpatrick,NA,classical,NA,publicdomain,0.0,0,0,5,1,1,0,17,262,15.411764705882351,False,2.6654718672304694,0.9847328244274808,0.8701923076923077
QmedFRn7MrcWUxUKeeu1QgJD8334HYjpo9kXLuMywiNATP,O Paradise! O Eden bright - Gideon Froelich,NA,O Paradise! O Eden bright,Gideon Froelich,NA,classical,NA,publicdomain,0.0,0,0,6,1,1,0,30,332,11.066666666666666,False,2.84096866366654,0.963855421686747,0.9470486111111112
QmWcytXGfhE2yWUwdVJz2azPYks6MC1vowK8cs3EHJJnZe,O Paradise! sweet home of love - J. H. Hall,NA,O Paradise! sweet home of love,J. H. Hall,NA,classical,NA,publicdomain,0.0,0,0,5,1,1,0,19,228,12.0,False,2.589548483549467,0.9912280701754386,0.9544270833333334
QmSE7Z3WwDGTi6Fui1As7sLUgM5kzbAAe36m4uSBfk8rw3,O peace like a river is flowing today - B. D. Ackley,NA,peace like a river,Misc Traditional,NA,folk,NA,publicdomain,0.0,0,1,34,2,1,0,18,360,20.0,False,2.776399737462763,0.9694444444444444,0.8958333333333334
QmaYa7VVTXjQjBH58zphE4kWVNss3JNxCks8ALLypKoQkY,O peaceful England - Edward German,NA,O peaceful England,Edward German,NA,classical,NA,publicdomain,0.0,0,0,90,0,5,0-0-0-0-0,73,819,11.219178082191782,True,3.0955372189012493,0.9203980099502488,0.939429012345679
QmSQdDWHmt8fiF4sCuZSMWhzAA2QAC44dXiDr8dySbqAs9,O perfect life of love - Clarence W. Jones,NA,O perfect life of love,Clarence W. Jones,NA,classical,NA,publicdomain,0.0,0,0,23,1,1,0,25,313,12.52,False,2.86143514900731,0.9648562300319488,0.9184782608695652
QmV5hDKjE72zJXj5hvhEihYvteBnjgKe7yY9xPGMTeLPCZ,O Pilgrim bound for the heavenly land (Harkness) - Robert Harkness,NA,O Pilgrim bound for the heavenly land (Harkness) - Robert Harkness,Robert Harkness,NA,classical,NA,publicdomain,0.0,0,0,7,1,1,0,18,254,14.11111111111111,False,2.5768008504262894,0.9960629921259844,0.8645833333333334
QmVBw7KcsM7S6dUJScuVBkDbFSWVfoQiwuz9s8Gjer17v9,O Pilgrim bound for the heavenly land - Johnson Oatman,NA,O Pilgrim bound for the heavenly land,Johnson Oatman,NA,classical,NA,publicdomain,0.0,0,0,11,1,1,0,18,251,13.944444444444445,False,2.5786078126775016,0.9681274900398408,0.8559027777777778
QmT7M9f5HBMxKxyYqABqcyJgTEGyYUbYoziwswC7zT3mwY,O pilgrim through a desert drear - James McGranahan,NA,O pilgrim through a desert drear,James McGranahan,NA,classical,NA,publicdomain,0.0,0,0,2,2,1,0,25,327,13.08,False,2.8296907233824338,0.9571865443425076,0.9080882352941176
QmPnP42debiwXNYzxAQQc8rtDKpcAdKpAKUTzzoDZbb333,O poor weary soul wherever thou art - Marguerite Cloud,NA,O poor weary soul wherever thou art,Marguerite Cloud,NA,classical,NA,publicdomain,0.0,0,0,5,1,1,0,34,299,8.794117647058824,False,2.1889835579623944,0.9933110367892976,0.9157986111111112
QmRaWtvYPy95XSmj93DxQygJ42JjXnS98DVzcTcTmbyZ3b,O praise the blessed Lord of hosts! - B. E. Warren,NA,O praise the blessed Lord of hosts!,B. E. Warren,NA,classical,NA,publicdomain,0.0,0,0,6,1,1,0,24,264,11.0,False,2.800260328216118,0.9583333333333334,0.9696969696969696
QmdoLAPMGw6gMMx6AAxkGrg135Ujou6hFGazJp2MBf2NjJ,O praise the Lord and thou my soul - Thomas Clark,NA,O praise the Lord and thou my soul,Thomas Clark,Thomas Clark,classical,NA,publicdomain,0.0,0,0,5,0,5,0-0-0-0-0,29,419,14.448275862068966,True,2.6071229386778683,1.0,0.9496527777777778
QmXfYfkngsm4CmHaftqK8Jy9uZo5kr1VguGj5mz8MnYvH1,O praise the Lord in that blest place - William Viner,Psalm 150 Verses 1 2 6.,O praise the Lord in that blest place,William Viner,William Viner,classical,NA,publicdomain,0.0,0,0,5,0,5,0-0-0-0-0,17,274,16.11764705882353,True,2.9746398440943502,0.9390862944162436,0.9878472222222222
QmPApVzyCBfGYgWdZDNp8qTGoM9xLkKzVUvn2FrTkQTUwE,O praise the Lord that we may find - Howard Clare,NA,O praise the Lord that we may find - Howard Clare,Howard Clare,NA,classical,NA,publicdomain,0.0,0,0,6,2,1,0,18,266,14.77777777777778,False,2.817346941457533,0.9586466165413534,0.9635416666666666
QmdSwQ19qTCYBEWBHo1JRkxLf8n8diC7LH2AX8fA7S1sCT,O praise the Lord with hymns of joy - Samuel Wakely,NA,O praise the Lord with hymns of joy,Samuel Wakely,Samuel Wakely,classical,NA,publicdomain,0.0,0,0,10,0,5,0-0-0-0-0,18,366,20.33333333333333,True,2.716811689418984,0.9873417721518988,0.9705882352941176
Qma59vqnbkxBfEmQsRmsVakPsrmLA4VamydVPGibn8nPai,O praise the Lord with one consent - Stephen Jarvis,NA,O praise the Lord with one consent,Stephen Jarvis,Stephen Jarvis,classical,NA,publicdomain,0.0,0,0,6,0,4,0-0-0-0,14,294,21.0,True,2.566556608836496,0.99645390070922,0.9122023809523808
QmSMGZ2B2J5tXiMXnXJzDGk5XqhX3secHdk8MZJ35gZxJp,O praise the Lord with one consent - Thomas Clark,NA,O praise the Lord with one consent,Thomas Clark,Thomas Clark,classical,NA,publicdomain,0.0,0,0,16,0,5,0-0-0-0-0,38,389,10.236842105263158,True,2.676359384861935,0.9912023460410556,0.9427083333333334
QmRXUR2JuqzNbfU893H8RRjhP2Bm216pjMP8jqcm2nepjm,O praise the Lord ye hills and vales - A. A. DuBois,NA,O praise the Lord ye hills and vales,A. A. DuBois,NA,classical,NA,publicdomain,0.0,0,0,3,2,1,0,26,367,14.115384615384617,False,2.7168389861528883,0.9591280653950952,0.9462719298245614
QmR723MBqGQdK9G7wNjMVoEQTj2vViNnPN1cBBW1H2J5Pa,O praise the Lord ye nations all - Ira D. Sankey,NA,O praise the Lord ye nations all,Ira D. Sankey,NA,classical,NA,publicdomain,0.0,0,0,4,1,1,0,20,234,11.7,False,2.7828195032218828,0.9658119658119658,0.9461805555555556
QmSFdXXDUvLzGgi4qsyjrB7rTw1zugHDneAZ1uhrTKvZnC,O praise ye the Lord - J. E. Gould,NA,O praise ye the Lord - J. E. Gould,J. E. Gould,NA,classical,NA,publicdomain,0.0,0,0,9,2,1,0,70,619,8.842857142857143,False,2.806003536284738,0.9709208400646204,0.9499198717948718
QmTvRsMV1HSN4aSZEVyevhBcRVEGZtvzmNvFNDB21ZxxWz,O pray for the Father is ready to hear - J. Lincoln Hall,NA,O pray for the Father is ready to hear,J. Lincoln Hall,NA,classical,NA,publicdomain,0.0,0,0,6,2,1,0,27,437,16.185185185185187,False,2.5964986515368063,0.9862700228832952,0.9210526315789472
QmcLqN3mkoSr3ZHPMPXXDD1YtrzX4axwAXs6EAxopyPXMR,O Pray for the Peace of Jerusalem - John Blow,NA,O Pray for the Peace of Jerusalem,John Blow,John Blow,classical,NA,publicdomain,0.0,0,0,24,0,7,0-0-0-0-0-0-0,78,1152,14.76923076923077,True,2.948734709947443,0.9588477366255144,0.914179104477612
QmbDWsVABpwJ4xL8TTGC7i7GgkBeaDPanWHo2bQL6Ae7Gk,O pray for the peace of Jerusalem - John Broderip,NA,O pray for the peace of Jerusalem,John Broderip,John Broderip,classical,NA,publicdomain,0.0,0,0,36,0,4,0-0-0-0,175,1351,7.72,True,3.189393107302535,0.8611111111111112,0.9708116319444444
QmT9VtLZCw9BAJov7DN1h7f9dbi3TcfKGRvRfe3xofACmv,O precious grace of God's dear Lamb - Robert Lowry,NA,O precious grace of God's dear Lamb,Robert Lowry,NA,classical,NA,publicdomain,0.0,0,0,4,1,1,0,18,289,16.055555555555557,False,2.391158652141928,1.0,0.946078431372549
QmPhyLkFYjhUNJjotChTNSBtVgzJtteze6tPGLjgdhARFa,O precious love of Jesus - Powell G. Fithian,NA,O precious love of Jesus,Powell G. Fithian,NA,classical,NA,publicdomain,0.0,0,0,8,1,1,0,22,246,11.181818181818182,False,2.993072010620897,0.926829268292683,0.9125
QmPxFPJbkpMyBUFo8YNMUwe6nmU5nz258AuKRWU9WATtFC,O precious Redeemer we come in our need - W. H. Doane,NA,O precious Redeemer we come in our need,W. H. Doane,NA,classical,NA,publicdomain,0.0,0,0,6,1,1,0,26,260,10.0,False,2.59038621534878,0.9884615384615384,0.945601851851852
QmSV7aNgsnR8spuGY2YPUpXXgJVcYZHAjePQYBedc6kZGA,O precious Savior I would lay - J. H. Rosecrans,NA,O precious Savior I would lay,J. H. Rosecrans,NA,classical,NA,publicdomain,0.0,0,0,3,1,1,0,20,277,13.85,False,2.817146433583058,0.96028880866426,0.9322916666666666
QmUNmkTC7moiaa5GxraoR1rY1BWLQuj1B7YoSR7fhDa3HK,O precious seal of love divine - B. T. Worden,NA,O precious seal of love divine,B. T. Worden,NA,classical,NA,publicdomain,0.0,0,0,15,1,1,0,20,235,11.75,False,2.526161602095672,0.9872340425531916,0.907051282051282
QmXPMUUJTUcH4AhpzkJLZ9JrhHjrnpamBbkowyoXc81EiZ,O pretiosum - Giovanni Battista Riccio,NA,O pretiosum,Giovanni Battista Riccio,NA,classical,NA,publicdomain,0.0,0,0,6,0,3,0-0-0,34,557,16.38235294117647,True,2.9707395850461373,0.9396887159533074,0.953638497652582
QmVBQU8okjYE44T3cFLqWgzoNZg9A6jzrR9WJBQfCg6BVi,O primavera giovantù de l'anno - Claudio Monteverdi,Il terzo libro de madrigali 1592,O primavera giovantù de l'anno,Claudio Monteverdi,Claudio Monteverdi1567-1643,classical,NA,publicdomain,0.0,0,0,22,0,5,0-0-0-0-0,43,886,20.6046511627907,True,2.7845451933103287,0.9941383352872216,0.9674019607843136
QmZC5UDXhR6qhiEeahax9hHcywMPWQpN7DoKKph1bUPbi5,O prodigal don't stay away (Bischoff) - J. W. Bischoff,NA,O prodigal don't stay away (Bischoff),J. W. Bischoff,NA,classical,NA,publicdomain,0.0,0,0,5,2,1,0,18,294,16.333333333333332,False,2.679817650726077,0.979591836734694,0.9466145833333334
QmQ9LNzirYPeVmc8T8TzpXeT6x1ZVEGubinDWJ4n5sRXGj,O Prodigal Prodigal come home today - J. Lincoln Hall,NA,O Prodigal Prodigal come home today,J. Lincoln Hall,NA,classical,NA,publicdomain,0.0,0,0,3,2,1,0,19,397,20.894736842105264,False,2.5993673848437324,0.9805555555555556,0.8402777777777778
QmSqCZoPBqk9mr4pTmU3MyE7ni3sSEVWmMjtQBGSUgNgwo,O quam amabilis - Mamerts Celminskis (harm.),NA,O quam amabilis,Mamerts Celminskis (harm.),Harm. M. Celminskis,classical,NA,publicdomain,0.0,0,0,52,0,1,0,18,182,10.11111111111111,True,2.902659205060085,0.9548022598870056,0.96875
QmdsnYXxRGCEvmCKNNxtNbCAo8hgYx1CgVHfmaWC7VkiJo,O quam glorifica I (another anonymous setting is found in Tr. 87),NA,O quam glorifica I (another anonymous setting is found in Tr. 87),Anonymous,NA,classical,NA,publicdomain,0.0,0,0,2,0,3,0-0-0,27,238,8.814814814814815,False,2.878801416503812,0.9746835443037974,0.9703125
QmaG3M9eqw4oPrM7xD8VWCeUndj8Yr1D2vW79ifP5sstNj,O quam glorifica II (another anonymous setting is found in Tr. 92),NA,O quam glorifica II (another anonymous setting is found in Tr. 92),Anonymous,NA,classical,NA,publicdomain,0.0,0,0,5,0,4,0-0-0-0,48,497,10.354166666666666,False,2.745562230035017,1.0,0.9620949074074074
Qmf1fko2p7brcSEtjCt9D9zFs4FYMHNbxG8oR1QqfrzveH,O quam gloriosa - Giovanni Battista Riccio,NA,O quam gloriosa,Giovanni Battista Riccio,NA,classical,NA,publicdomain,0.0,0,0,9,0,2,0-0,36,495,13.75,True,2.97268547524202,0.9474747474747476,0.9290865384615384
QmaHYyCZkRndNGc6aGhDJ36e2xgmmpFLBKuKSoVWhXaREZ,O quam gloriosum - Francisco Valls,Motete a solo con violinespara la fiesta de todos santos,O quam gloriosum,Francisco Valls,Francisco Valls (1665-1747),classical,NA,publicdomain,0.0,0,0,4,0,5,0-0-0-0-0,70,791,11.3,True,3.0526058738895343,0.9444444444444444,0.9378930817610064
QmRugFz1KVkxEMWpsTbPcHTj6LnTAjGoChhCJD6F21o2gY,O Quam Gloriosum - Luca Marenzio,NA,O Quam Gloriosum,Luca Marenzio,Marenzio (1560-1599),classical,NA,publicdomain,0.0,0,0,10,0,4,0-0-0-0,54,602,11.148148148148149,True,2.935256616888624,0.9594594594594594,0.9793595679012346
QmSuGdkxhuNJbdbVpsXfgRD2cgs6cv8yjhWuTGXQZzAKWf,O quam gloriosum est regnum - Tomás Luis de Victoria,NA,O quam gloriosum est regnum,Tomás Luis de Victoria,NA,classical,NA,publicdomain,0.0,0,1,51,0,4,0-0-0-0,14,648,46.285714285714285,True,2.8915414322461106,0.965996908809892,0.9628472222222222
QmaS7Wrr8Lm2QH8Fh93yjpvNh7ny9hkajXcFPYYhchZvry,O quam magnum - Giovanni Battista Riccio,NA,O quam magnum,Giovanni Battista Riccio,NA,classical,NA,publicdomain,0.0,0,0,1,0,3,0-0-0,37,630,17.027027027027028,True,3.047479405017215,0.9357798165137616,0.9333333333333332
QmTWjtyhRoGuyskeEzbK6DFWY9wGPHQbwufdGbgApLWGJW,O quam metuendus - Ferdinand di Lasso,NA,O quam metuendus,Ferdinand di Lasso,Ferdinando di Lasso1560 - 1609,classical,NA,publicdomain,0.0,0,0,4,0,5,0-0-0-0-0,39,583,14.948717948717947,True,2.913292940599555,0.9653979238754326,0.9726123595505618
QmNPxXAhPVngLGYjUP1svLE238bXnxmkR4zowZWWdoFCVa,O quam suavis est Domine - Curtio Valcampi,NA,O quam suavis est Domine,Curtio Valcampi,NA,classical,NA,publicdomain,0.0,0,0,4,0,6,0-0-0-0-0-0,72,943,13.09722222222222,False,2.996647059306973,0.9098712446351932,0.9839409722222222
QmWqRNCH4T9nWtP8EomP4B3SfLqt9Sk7bzM8v3HVYWTFp1,O quam tu pulchra es a 3 - Alessandro Grandi,NA,O quam tu pulchra es a 3,Alessandro Grandi,NA,classical,NA,publicdomain,0.0,0,0,29,0,4,0-0-0-0,75,744,9.92,True,3.0130225951648373,0.9074960127591708,0.9505555555555556
QmPtta9wujzzYsriSGHNf3Ft1dCF9pqaTExXUyrxz4mkDb,O rally at the bugle call - I. H. Meredith,NA,O rally at the bugle call,I. H. Meredith,NA,classical,NA,publicdomain,0.0,0,0,9,1,1,0,20,181,9.05,False,2.8502836366641744,0.9668508287292816,0.9661458333333334
QmcBcWqUpSbB3jnSdK75AomXbbRdJCS6eYzoTVTdmZvans,O Rei e a Rainha,NA,O Rei e a Rainha,Roberto Câmara Dos Santos Júnior,Roberto Câmara dos Santos Júnior,NA,paixo-piano-brasil-rei-rainha-apaixonado,cc-zero,0.0,0,0,22,1,1,0,65,449,6.907692307692308,False,2.7106614355713856,1.0,0.9702380952380952
QmcgWHWGZH8qZtPVP3yAtkQD4RvN7fDqfXJ2ZhGrmBYLs6,O Rei Leão 2 - O Amor Vencerá,de Walt Disney O Rei Leão II: O reino de Simba,O Rei Leão 2 - O Amor Vencerá,Pedro Ribeiro 9,Jack Feldman e Tom SnowTranscrição: Pedro Ribeiro,NA,NA,cc-zero,4.83,3,6,692,1,1,0,83,716,8.626506024096386,True,3.3436468492471905,0.7849162011173184,0.9474085365853658
Qmct6xjkH5dHe66SdedWH68hPN1zDSMu1Ks698XFN5U62o,O remember there's a work to be done - W. H. Doane,NA,O remember there's a work to be done - W. H. Doane,W. H. Doane,NA,classical,NA,publicdomain,0.0,0,0,2,2,1,0,19,359,18.894736842105264,False,2.675138064499225,0.9832869080779943,0.9044117647058824
QmPq6tXM4nb5JG93dDLXUQRQEJK5znUopqZkH22gG1Pm4x,O render thanks and bless the Lord - Thomas Clark,Psalm 105th New Version. Ver: 1. 2. 3. 4.,O render thanks and bless the Lord,Thomas Clark,Thomas Clark,classical,NA,publicdomain,0.0,0,1,7,0,5,0-0-0-0-0,51,519,10.176470588235292,True,2.695754017849157,0.9978213507625272,0.9305555555555556
QmXGQUfrjgdUR2pshrFQF7P1w6Y8kv7F7ptSf2uG1hEfaG,O render thanks to God above - Stephen Jarvis,Psalm 106 N.V. Verses 1. 2. 4. & last,O render thanks to God above,Stephen Jarvis,Stephen Jarvis,classical,NA,publicdomain,0.0,0,0,7,0,4,0-0-0-0,17,239,14.058823529411764,True,2.800366264548198,0.986784140969163,0.9539930555555556
QmYMgUbG2we9Crko3Ckm4PWacUscy2o7YYiUYpN7d5Vbjw,O render thanks to God above - Thomas Clark,NA,O render thanks to God above,Thomas Clark,Thomas Clark,classical,NA,publicdomain,0.0,0,0,4,0,5,0-0-0-0-0,46,448,9.73913043478261,True,2.8413793628856334,0.9711286089238844,0.9539141414141414
QmSTkKJt6iLhdeiZZWDWrJY7gssEtrfz2pXmXZ8vQWmmYi,O Sacred Flame O Living Fire - I. N. McHose,NA,O Sacred Flame O Living Fire,I. N. McHose,NA,classical,NA,publicdomain,0.0,0,0,4,1,1,0,19,227,11.947368421052632,False,2.4607771166514745,0.9911894273127754,0.8697916666666666
QmZ2SsdwgaxdvigPXwbAUwjXvoHU7nigJiH7t9yQqbFHis,O sacred head - Johann Sebastian Bach on a tune by Hans Leo Hassler,NA,O sacred head,Johann Sebastian Bach,Tune: Hans L. Hassler 1601; adapt. and harm. Johann S. Bach in St. Matthew Passion 1729,classical,NA,publicdomain,4.74,5,2,102,0,2,0-0,40,522,13.05,True,2.9668694712234625,0.9593023255813954,0.9212239583333334
QmdaDUP6oT6F8GzuiwAH1p2fM3mFDjCFJAVKBqVnBs1zTJ,O sacred Head now wounded,NA,O sacred Head now wounded,Misc Traditional,NA,folk,NA,publicdomain,4.83,3,2,190,1,1,0,79,994,12.582278481012658,False,2.894568527178343,0.9195171026156942,0.9281609195402298
QmTmbGoGrhySw1gYhrfqyhzSsJQCK11LqP91qPU1S9RWz1,O sacrum convivium - Francisco Valls,Motete a 8 al S[antí]s[imo] Sacramento 5. tono,O sacrum convivium,Francisco Valls,Francisco Valls (1665-1747),classical,NA,publicdomain,0.0,0,0,3,0,9,0-0-0-0-0-0-0-0-0,53,1192,22.49056603773585,True,2.923110177450349,0.961352657004831,0.939429012345679
QmT1PuFk4ns8tAZko1EyNnLS38bMneCtuhQGgeiTJkh7pz,O sacrum convivium - J. Grimm,(Antiphona),O sacrum convivium,J. Grimm,J. Grimm,classical,NA,publicdomain,0.0,0,0,15,0,1,0,27,384,14.22222222222222,True,2.831811889782882,0.9713541666666666,0.9533333333333334
QmWYAxcobJUSyfH1zWsMoDZg64dqHyRb2qaAydJVeudTvb,O sacrum convivium - Luca Marenzio,NA,O sacrum convivium,Luca Marenzio,NA,classical,NA,publicdomain,0.0,0,0,10,0,4,0-0-0-0,64,625,9.765625,True,2.887960467245412,0.9807692307692308,0.962890625
QmVM5TEbmdKLapxynmc89NwVp4J9zdKyggtQcJUqbkzor5,O sacrum convivium a 4 - Tomás Luis de Victoria,NA,O sacrum convivium a 4,Tomás Luis de Victoria,Tomás Luis de Victoria1548 - 1611,classical,NA,publicdomain,0.0,0,0,40,0,4,0-0-0-0,71,795,11.19718309859155,True,2.808970845951494,0.9822335025380712,0.971656976744186
QmNQk9isUBr5V62CnNiuynPoHZwWz6Tx4KnwXPRZekRRdm,O sacrum convivium a 6 - Paolo Teodori,NA,O sacrum convivium a 6,Paolo Teodori,Paolo Teodori (2016),classical,NA,publicdomain,0.0,0,0,7,0,6,0-0-0-0-0-0,24,424,17.666666666666668,True,2.8760362115981297,0.9569377990430622,0.9392361111111112
Qme4yRMfoprbtVz61QP1K2KayeAPUMmSN3kPhMyHspkGYP,O sailor on life's troubled sea (Jelley) - J. J. Jelley,NA,O sailor on life's troubled sea (Jelley) - J. J. Jelley,J. J. Jelley,NA,classical,NA,publicdomain,0.0,0,0,6,1,1,0,19,235,12.36842105263158,False,2.527055015696184,1.0,0.9361979166666666
QmXEbsiq9cEg2YXkzS2Gq95XPpKEccCHRf889BVjiYUMmg,O sailor on life's troubled sea (Tenney) - J. H. Tenney,NA,O sailor on life's troubled sea (Tenney) - J. H. Tenney,J. H. Tenney,NA,classical,NA,publicdomain,0.0,0,0,4,2,1,0,21,407,19.38095238095238,False,2.606681735488176,0.9925925925925926,0.9592013888888888
QmWjCWNpb1oarwpmRmL36ehZ58fw7BrHJGEkP3e8UM58r3,O Salla Land - Oscar Ahnfelt,NA,O Salla Land - Oscar Ahnfelt,Oscar Ahnfelt,NA,classical,NA,publicdomain,0.0,0,0,5,1,1,0,10,194,19.4,False,2.5939937704328737,1.0,0.9
QmX9B39BkNtNLjETNkHeHSZECvTRdNhcp9dBQpy8YvB9wP,O salutaris - Donat Müller,NA,O salutaris,Donat Müller,D. Müller,classical,NA,publicdomain,0.0,0,0,43,0,2,0-0,52,607,11.673076923076923,True,3.041857618357429,0.9165217391304348,0.9503205128205128
QmViTuYkdajqmHVrC57wDXGZ7gWfsdy6mvrNPiknJsApAL,O salutaris - Jacob Handl,NA,O salutaris,Jacob Handl,Jacob Handl,classical,NA,publicdomain,0.0,0,0,3,0,4,0-0-0-0,59,618,10.47457627118644,True,2.8468599745442527,0.985172981878089,0.9860522598870056
QmVfhY97FbJFWM7EzHrUd9AtoEQM265fEx1uTQcrdjcBrn,O salutaris hostia - Ascanio Trombetti,NA,O salutaris hostia,Ascanio Trombetti,NA,classical,NA,publicdomain,0.0,0,0,7,0,8,6-6-6-6-6-6-6-6,65,939,14.446153846153846,True,2.838316312489983,0.9702970297029704,0.9793374316939892
QmPoNViK1etD49mhqwu9eFJhDmB7Fh33jSvzrpVEatsUNL,O salutaris hostia - Paolo Teodori,NA,O salutaris hostia,Paolo Teodori,P.aoloTeodori (2015),classical,NA,publicdomain,0.0,0,0,13,0,5,0-0-0-0-0,55,746,13.563636363636364,True,2.7192580463208045,1.0,0.949621212121212
Qmdur9aUFycnWMfPUnZGDGvSrQrhREXeUpkjg8oNSDCuRz,O salutaris hostia - Teofil Klonowski based on an Anonymous chant,NA,O salutaris Hostia,Anonymous,Anonymous XVIII s.polish Hymn:Gaude Mater Polonia,classical,NA,publicdomain,0.0,0,1,137,0,2,0-0,34,419,12.323529411764708,True,2.799305862839907,0.9879227053140096,0.9534313725490196
QmPrNxTqhVw7Nb6Lq9rCpoBNg7qitW7zHPMHcc6W3qSg56,O Sam(m)y Dear. HSJJ.104,O Lamy Dear. HSJJ.104,O Sam(m)y Dear. HSJJ.104,Misc tunes,NA,NA,NA,publicdomain,0.0,0,0,2,1,1,0,61,150,2.459016393442623,False,2.622968560376138,1.0,0.9360119047619048
QmYGs9rk5ms7xzkRpyduaZEfhXmtksEHMZu35emq5r1nmD,O sanctissime præsul,NA,O sanctissime præsul,Anonymous,NA,classical,NA,publicdomain,0.0,0,0,1,0,3,0-0-0,113,656,5.8053097345132745,False,2.841095997788812,0.983206106870229,0.9442114093959731
QmRCNdysb5T2g9EezXrb8zvGH1if3qwEZ6QDy59FBF8X9k,O Savior I have promised - Dorsey W. Hyde,NA,O Savior I have promised,Dorsey W. Hyde,NA,classical,NA,publicdomain,0.0,0,0,3,1,1,0,25,300,12.0,False,2.636824738571999,0.9966666666666668,0.96875
QmZeSRGN56CsEuQN6dv2frU83qKYvsfqJdq8PzHDPygsUN,O Savior I long for thy tender forgiveness - Jno. R. Sweney,NA,O Savior I long for thy tender forgiveness,John R. Sweney,NA,classical,NA,publicdomain,0.0,0,0,3,2,1,0,17,349,20.529411764705884,False,2.690948229588056,0.97134670487106,0.9276960784313726
QmQmWpEpRUGdRN9ZyHQ9Jpr8woDF6enFErwyv6gjDJf1tG,O Savior precious Savior (Atkin) - A. F. Atkin,NA,O Savior precious Savior (Atkin),A. F. Atkin,NA,classical,NA,publicdomain,0.0,0,0,18,1,1,0,30,294,9.8,False,2.7823475578868067,0.9727891156462584,0.9502314814814816
QmY7dtvJwYacH4PqTWZTAUKsDq2ka8UTmMnEZLkoqghbpJ,O Savior precious Savior (Kirkpatrick) - Wm. J. Kirkpatrick,NA,O Savior precious Savior (Kirkpatrick) - Wm. J. Kirkpatrick,William J. Kirkpatrick,NA,classical,NA,publicdomain,0.0,0,0,6,1,1,0,27,314,11.62962962962963,False,2.7462802421490373,0.9745222929936306,0.9453125
QmNoHp9mnXAKJ4bwYcKRZA7VdWpHEE7wuupMMUrqEShkkH,O Savior teach us how to pray - Hubert P. Main,NA,O Savior teach us how to pray,Hubert P. Main,NA,classical,NA,publicdomain,0.0,0,0,3,1,1,0,15,193,12.866666666666667,False,2.7798115423476224,0.9740932642487048,0.9027777777777778
QmNM1MXGeW1ckd8yvmcWJqy7jSaVmJ7vKz8J1Kn4fWgveC,O Saviour of the world - Giovanni Pierluigi da Palestrina,NA,O Saviour of the world,Giovanni Pierluigi da Palestrina,NA,classical,NA,publicdomain,0.0,0,0,34,0,5,0-0-0-0-0,33,219,6.636363636363637,True,3.006140335447846,0.9223744292237442,0.9678030303030304
QmZg4jGDGtDJgp7mFqMJTiSRyVeMUWKLc768NCmY6Hydcp,O say bonny Lass will you lye in a Barrack,NA,O say bonny Lass will you lye in a Barrack,Misc tunes,NA,NA,NA,publicdomain,0.0,0,0,0,0,2,0-0,60,392,6.533333333333333,True,2.717105365418197,1.0,0.9528769841269842
QmQfFfU2DdHdixqMQuFathy5C4g7GZoa9LvitCkLGLMCX8,O say do you know there's a mansion in heaven - Chas. H. Gabriel,NA,O say do you know there's a mansion in heaven,Chas. H. Gabriel,NA,classical,NA,publicdomain,0.0,0,0,3,1,1,0,25,413,16.52,False,2.527015894536346,1.0,0.90625
QmUSo4b3GLDvGcQYWVbezRBrcqyD7DYKJaty1gi8tuVf3V,O scatter seeds of loving deeds - Fred A. Fillmore,NA,O scatter seeds of loving deeds,Fred A. Fillmore,NA,classical,NA,publicdomain,0.0,0,0,27,1,1,0,19,275,14.473684210526317,False,2.599986850931936,1.0,0.9404761904761904
QmSdsANZ2otC1dHm9RJfkgjLaBAdzGnY1gQkFxjWipz93Z,O schöne Nacht Op. 92 No. 1 - Johannes Brahms,NA,4 Quartets Op.92,Johannes Brahms,NA,classical,NA,publicdomain,0.0,0,2,22,0,5,0-0-0-0-0,76,1373,18.06578947368421,True,3.221380644625888,0.7848194546794399,0.9071637426900584
QmWkyoewgTXRks2avpBsmfiH91fzA3gG5B5iSrj7YRVzkd,O season sweet when hill and vale - R. Frank Lehman,NA,O season sweet when hill and vale,R. Frank Lehman,NA,classical,NA,publicdomain,0.0,0,0,5,2,1,0,30,418,13.933333333333334,False,2.925333542365326,0.9593301435406698,0.9236111111111112
QmexcrzwXPUAbH6zaDDiSuuX4Se2ijTtDYeom4GhneQBrb,O see the blue waves as they chase one another - Harold Marlow,NA,O see the blue waves as they chase one another,Harold Marlow,NA,classical,NA,publicdomain,0.0,0,0,3,1,1,0,28,343,12.25,False,2.5943098546036603,0.9941690962099126,0.9155092592592592
QmR2dUmA4coysJyQHMjZAAXvG6CozKi5kdHSD9aHbYC7yq,O see the wrecks along the way - J. M. Bowman,NA,O see the wrecks along the way,J. M. Bowman,NA,classical,NA,publicdomain,0.0,0,0,3,2,1,0,27,408,15.11111111111111,False,2.742551544418572,0.946078431372549,0.9696180555555556
QmPQLQKvQZhQdrut2ExTtau7zzP6qhBLvQQwZB3YqCpdjU,O selig Haus wo man dich aufgenommen,NA,O selig Haus wo man dich aufgenommen,Misc Traditional,NA,folk,NA,publicdomain,0.0,0,0,14,0,2,0-0,31,324,10.451612903225806,True,2.628152993128098,0.9969040247678018,0.9527777777777776
QmPhbHWRt9CCaFK6ykbbFZ5qa4YguwN9Vc8A9yBUHtzNsD,O servant that knowing Thy Master's command - Wm. J. Kirkpatrick,NA,O servant that knowing Thy Master's command,William J. Kirkpatrick,NA,classical,NA,publicdomain,0.0,0,0,2,1,1,0,26,276,10.615384615384617,False,2.6697640023285314,0.9927536231884058,0.9675925925925926
Qmdpy6gQ4Px3v8ug4iN6oouR7LAH56UG5TpdBLuJBLCEew,O Servants of God,NA,NA,NA,Charles Hubert Hastins Parry (1848-1918),NA,NA,cc-zero,0.0,0,0,362,0,1,0,17,177,10.411764705882351,False,2.9504095384449864,0.9491525423728814,0.9722222222222222
QmWjt1H424JFZ4uLTEt4PAd8Bw67GEkruPusgx24qh22ME,O settle the question tonight my brother - Arthur W. Nelson,NA,O settle the question tonight my brother,Arthur W. Nelson,NA,classical,NA,publicdomain,0.0,0,0,2,2,1,0,19,327,17.210526315789473,False,2.7634960737677288,0.95625,0.9409722222222222
QmWBwjDf1THUxD1t7gdU5KJFTXPhMnMSD9YTjJLDVaGrMF,O shall I help to swell the song - J. H. Hall,NA,O shall I help to swell the song,J. H. Hall,NA,classical,NA,publicdomain,0.0,0,0,2,2,1,0,28,522,18.642857142857142,False,2.549432388010843,0.9980842911877394,0.9644097222222222
Qma1gua43KUuNuQQWsQ7Nu5Qeimmzn2XCw1KXXEmQ6K3Y3,O shout shout the praises of our Lord and King - Thomas Benton,NA,O shout shout the praises of our Lord and King,Thomas Benton,NA,classical,NA,publicdomain,0.0,0,0,4,2,1,0,18,328,18.22222222222222,False,2.681581991271828,0.9908536585365854,0.9178921568627452
QmU86LxcFbudsiinbK9vnQXd7GztSRXDDnUY5HboZ5mgvx,O silvery sea of Galilee - Fred A. Fillmore,NA,O silvery sea of Galilee,Fred A. Fillmore,NA,classical,NA,publicdomain,0.0,0,0,4,1,1,0,18,236,13.11111111111111,False,2.404823143912204,1.0,0.9518229166666666
QmbghbUxAFCKNqHsrvcjqqDQRhhDS4AP5rrTDzTvYpBJMT,O sin of mine that bowed his head - C. Austin Miles,NA,O sin of mine that bowed his head,C. Austin Miles,NA,classical,NA,publicdomain,0.0,0,0,4,1,1,0,20,284,14.2,False,2.6858815950863133,0.9783393501805054,0.9878472222222222
QmdeqThUywFpuKmTocVwYQNhU4VugY8HankqSWSNVEQh2U,O sing of my Redeemer - Geo. C. Stebbins,NA,O sing of my Redeemer,Geo. C. Stebbins,NA,classical,NA,publicdomain,0.0,0,0,17,2,1,0,19,258,13.578947368421051,False,2.5186819777336447,0.9844961240310076,0.9330357142857144
QmP8AnAukY53Gb6A5oQdLMd33bpjQqegqe5pbLfp52mbKX,O sing of the rapture the holy delight - Jno. R. Sweney,NA,O sing of the rapture the holy delight,John R. Sweney,NA,classical,NA,publicdomain,0.0,0,0,4,2,1,0,18,325,18.05555555555556,False,2.461430873114064,1.0,0.8628472222222222
QmeouDqkJMamK24Da1JzqcjQhvqnPZBviZpsMTqBHbGQ7M,O sing once again the old story - T. Martin Towne,NA,O sing once again the old story,T. Martin Towne,NA,classical,NA,publicdomain,0.0,0,0,3,1,1,0,18,272,15.11111111111111,False,2.510940163536324,1.0,0.9401041666666666
QmX1MCEDWg6bFGmreJSCaUHmAQhFVBGrBdDB6jLs1Mt4nV,O sing the name of Jesus in joyful hymns of praise - G. W. Elderkin,NA,O sing the name of Jesus in joyful hymns of praise,G. W. Elderkin,NA,classical,NA,publicdomain,0.0,0,1,21,2,1,0,17,382,22.47058823529412,False,2.741686090313676,0.981675392670157,0.9479166666666666
QmaU515z1i7wdGzS8hNXYjZvGZkAT54NR8Qdaf5reBHfAr,O sing the Savior's worthy praise - Wm. Edie Marks,NA,O sing the Savior's worthy praise,Wm. Edie Marks,NA,classical,NA,publicdomain,0.0,0,0,3,1,1,0,20,264,13.2,False,2.526355245273489,0.9848484848484848,0.97265625
QmY56BuQcj3eUqf9vBNshUDVe23qGihMobMUDZyFexv7fk,O sing to me a song of faith - R. Frank Lehman,NA,O sing to me a song of faith,R. Frank Lehman,NA,classical,NA,publicdomain,0.0,0,0,4,1,1,0,25,381,15.24,True,2.657149540381656,0.9763779527559056,0.9248188405797102
QmYickYUXSs77Kqg4xinpdxhABRUp7PFasbBf1fKc1pN8C,O sing to me of heaven (Miller) - Dr. Wm. Miller,NA,O sing to me of heaven (Miller),Dr. Wm. Miller,NA,classical,NA,publicdomain,0.0,0,0,16,1,1,0,20,223,11.15,False,2.088421461421133,1.0,0.8861111111111111
QmZoYMPFK2Lbzx175aEvDuaengpXnXjEUCYTUMy5TPfUeA,O Sing To Me The Auld Scotch Sangs,NA,O Sing To Me The Auld Scotch Sangs,Misc tunes,Joe Buchanan's Scottish Tome - Page 577.1,NA,NA,publicdomain,0.0,0,0,4,1,1,0,40,72,1.8,False,2.602608106056157,1.0,0.9504310344827588
QmSgyP4ghQ4YgcHAuQPb5MrcCHfA72qqMD4MPJg9TkyTHt,O sing to the Lord with a psalm of thanksgiving - S. J. Vail,NA,O sing to the Lord with a psalm of thanksgiving,S. J. Vail,NA,classical,NA,publicdomain,0.0,0,0,7,1,1,0,15,267,17.8,False,2.550321371239924,0.99625468164794,0.9722222222222222
Qmf2jXbnA5tV32AuFik2MsTJH63Lpfedm4AyZJwkp77FtW,O sing to the Savior loud anthems employ - Emma E. Meyer,NA,O sing to the Savior loud anthems employ,Emma E. Meyer,NA,classical,NA,publicdomain,0.0,0,0,4,1,1,0,35,310,8.857142857142858,False,2.6834469251231723,0.9774193548387096,0.9626736111111112
QmaBjCcsaGehdsAzVN72J22G5xBstsRzCNEH6zdAYvVsMP,O sing unto the Lord a new song - John Alcock Sr.,Canon Free Three in One.On his Majestys Happy Recovery.,O sing unto the Lord a new song,John Alcock Sr.,John Alcock (sr.),classical,NA,publicdomain,0.0,0,0,14,0,4,0-0-0-0,48,335,6.979166666666667,True,2.758813423613467,1.0,0.9683159722222222
QmZVFTXdgyEPj5uT7FGpyiPTKpPRhKKSwN71g2PgNAB7cb,O sinner can you turn from the loving plea - Chas. H. Gabriel,NA,O sinner can you turn from the loving plea,Chas. H. Gabriel,NA,classical,NA,publicdomain,0.0,0,0,7,1,1,0,17,306,18.0,False,2.463159225850882,0.9901960784313726,0.9466145833333334
QmSrd7ZT7GNR1rGXK98Bu7BWSSF13EMJ2YXQzbpUvrFy5U,O sinner come list to the voice - J. E. Delmarter,NA,O sinner come list to the voice,J. E. Delmarter,NA,classical,NA,publicdomain,0.0,0,0,7,2,1,0,19,308,16.210526315789473,False,2.7581959636212736,0.961038961038961,0.9253472222222222
QmZ53suNTcyBzYBjEtVFJWNqiEKtHFw8N59KJ37215tfBt,O sinner come listen I'll tell unto you - Adam Geibel,NA,O sinner come listen I'll tell unto you,Adam Geibel,NA,classical,NA,publicdomain,0.0,0,0,3,2,1,0,18,366,20.33333333333333,False,2.722735065830201,0.9749303621169916,0.8645833333333334
QmVX1TH3ppKyTfcoDkj3H13iGsrFASjDky2qZedpjNJrft,O sinner hear the Savior's voice - Miss Emma E. Meyer,NA,O sinner hear the Savior's voice - Miss Emma E. Meyer,Miss Emma E. Meyer,NA,classical,NA,publicdomain,0.0,0,0,6,1,1,0,20,215,10.75,False,2.6025884697285817,0.9906976744186048,0.9375
QmeySfSHqx61J2yCXmLoRPmV9joFN6QSip4jJCZhcFsEbv,O sinner hear the Saviour's voice - Adam Geibel,NA,O sinner hear the Saviour's voice,Adam Geibel,NA,classical,NA,publicdomain,0.0,0,0,2,1,1,0,19,252,13.263157894736842,False,2.86776538397256,0.9563492063492064,0.9347222222222222
QmVPsxXLeAszbu9utD8E3mudMGc52kouUZ2A4VsAYaeXgU,O smile and be cheerful though life may seem long - S. B. Stambaugh,NA,O smile and be cheerful though life may seem long,S. B. Stambaugh,NA,classical,NA,publicdomain,0.0,0,0,4,1,1,0,19,232,12.210526315789474,False,2.67864740937533,0.9868995633187772,0.9826388888888888
QmXYcKUAx7LBJsmrvHBHVoMrPzmhS3oXLuDu7hH6ZPozMC,O soldiers of Christ thou shalt victory win - Alfred Judson,NA,O soldiers of Christ thou shalt victory win,Alfred Judson,NA,classical,NA,publicdomain,0.0,0,0,2,1,1,0,18,309,17.166666666666668,False,2.531572922554548,0.9902912621359224,0.9253472222222222
Qma8KEdCbfAxKFerA5W1gArbbY69iLb4ADivW9Q9z1e7Ge,O Sole Mio,NA,'O Sole Mio,Eduardo Di Capua,E. di Capua,classical,NA,publicdomain,0.0,0,4,114,1,1,0,68,186,2.735294117647059,True,2.882943594294106,0.967741935483871,0.9427083333333334
QmSLpwuAGvCouQPv2tcuEYxL3opfuVnpD25jnapY9NY7Wk,O sole mio,NA,NA,NA,Eduardo Di Cápua,NA,NA,cc-zero,0.0,0,7,143,1,1,0,16,73,4.5625,False,2.737361750955755,0.9452054794520548,0.9622395833333334
QmaMU1byvbN1Rom692TcDaZZu8XxF84asxjsmgXGtnA1aZ,O someday with trump of God and a shout - Chas. H. Gabriel,NA,O someday with trump of God and a shout,Chas. H. Gabriel,NA,classical,NA,publicdomain,0.0,0,0,8,1,1,0,34,333,9.794117647058824,False,2.656160600688412,0.984984984984985,0.9583333333333334
QmcawhGHY8cY5fK7pK9MdoZrSvBrJJSRUvt5mNpNwKfisN,O sometimes when the shadows seem too deep - J. Y. B. Wood,NA,O sometimes when the shadows seem too deep,J. Y. B. Wood,NA,classical,NA,publicdomain,0.0,0,0,7,2,1,0,21,444,21.142857142857142,False,2.9827046457047426,0.9481981981981982,0.9166666666666666
QmX2r6x7r4xtNkSsvL8rqe2xrtoFrbDT6D2xDT7PpSp5Fj,O SON DO AR,NA,o son do ar,Luar na Lubre,Luar na UbreArreglo hecho por: J.G.Enríquez,folk,NA,cc-zero,0.0,0,2,137,0,1,0,64,409,6.390625,False,2.743327048065328,0.9853300733496332,0.9153645833333334
QmdRNcqou558XofuK1Ha3jxbNdyji4meAcQnpC2z91Gfny,O songs of faith that pilgrims sing - J. H. Tenney,NA,O songs of faith that pilgrims sing,J. H. Tenney,NA,classical,NA,publicdomain,0.0,0,0,2,1,1,0,20,270,13.5,False,2.614281680856914,0.9888888888888888,0.9201388888888888
Qmd8iLJFVTvEF93MAGBk7g4oQk5c3TKg9CTHEuaSZKPoyc,O soul astray and weary with wand'ring far abroad - Chas. H. Gabriel,NA,O soul astray and weary with wand'ring far abroad,Chas. H. Gabriel,NA,classical,NA,publicdomain,0.0,0,0,3,1,1,0,22,369,16.772727272727273,False,2.6207120425158754,0.986449864498645,0.9583333333333334
QmZe3wj1iT7fWZRJZm4zGcjsHGBUgifqEnpD2anW2ZYJhD,O soul far away in the wilderness straying - C. Harold Lowden,NA,O soul far away in the wilderness straying,C. Harold Lowden,NA,classical,NA,publicdomain,0.0,0,0,3,2,1,0,26,427,16.423076923076923,False,2.7059450414959896,0.9505882352941176,0.9074074074074074
QmcTj24qoG2ykUMp7Ev7aWQArr64dFLtJYNLP1W5nU7mzy,O soul of mine mount high mount high - Arthur Wilton,NA,O soul of mine mount high mount high - Arthur Wilton,Arthur Wilton,NA,classical,NA,publicdomain,0.0,0,0,3,1,1,0,18,230,12.77777777777778,False,2.5870648085263284,0.9956521739130436,0.8802083333333334
Qmc5fREjnjEi8Cx9RoHmGxgokEubXZ195TMcLFz27MgtNY,O soul thou hast wandered afar from thy Lord - C. Harold Lowden,NA,O soul thou hast wandered afar from thy Lord,C. Harold Lowden,NA,classical,NA,publicdomain,0.0,0,0,2,1,1,0,11,220,20.0,False,2.490107864514475,1.0,0.9557291666666666
QmTRFjvTBV8AJvQVrS4dkKor948FdLkj7bMotRRPJ7WwbR,O souls in darkness groping - Ira D. Sankey,NA,O souls in darkness groping,Ira D. Sankey,NA,classical,NA,publicdomain,0.0,0,0,2,1,1,0,20,202,10.1,False,2.7854658023531096,0.9603960396039604,0.9079861111111112
QmVw4PZZjL3pPdUTAYviBY4cLhntveQVF1P5viQCuP7ebY,O speak kind words to one and all - Chas. H. Gabriel,NA,O speak kind words to one and all,Chas. H. Gabriel,NA,classical,NA,publicdomain,0.0,0,0,2,1,1,0,30,391,13.033333333333331,False,2.6348847536293483,0.979539641943734,0.9155092592592592
QmfZ7zWJwreoiY5UdYYLTxfqUKU71KnPxGEcapgPBWd8tA,O speed far away on the ocean of joy - L. E. Jones,NA,O speed far away on the ocean of joy,L. E. Jones,NA,classical,NA,publicdomain,0.0,0,0,6,1,1,0,20,291,14.55,False,2.6647441451453404,0.9896907216494846,0.9149305555555556
QmccTePDWKR82u1bjAWqmRhEHLLiDicrSVpGEPpS1whsru,O speed thee on the heavenly way - D. W. Crist,NA,O speed thee on the heavenly way,D. W. Crist,NA,classical,NA,publicdomain,0.0,0,0,3,1,1,0,20,229,11.45,False,2.388757096898977,0.9868995633187772,0.9544270833333334
QmTekV5jsKSrLRM9FqV3b5JQbg3nGbYJ63PmGUnyctV8Fn,O Spirit come dispel each cloud - Fanny J. Crosby,NA,O Spirit come dispel each cloud,Fanny J. Crosby,NA,classical,NA,publicdomain,0.0,0,0,7,2,1,0,8,171,21.375,True,2.895063080578385,0.9473684210526316,0.9401041666666666
QmX5PgBjJ8abkRvirUyiNZVYL1a1cDDCCewQ4QxvKCKhYb,O Spirit of the living God - Will S. Martin,NA,O Spirit of the living God,Will S. Martin,NA,classical,NA,publicdomain,0.0,0,0,42,1,1,0,18,250,13.88888888888889,False,2.7266256242356697,0.9516129032258064,0.9548611111111112
QmXUMFSuoqBex7TuRytf8LHDe6ob7haTRgizuxaH7MQZeY,O Spirit of the living God Thou light and fire divine - Henry Hallam Tweedy,NA,O Spirit of the living God Thou light and fire divine,Henry Hallam Tweedy,NA,classical,NA,publicdomain,0.0,0,1,40,0,2,0-0,18,244,13.555555555555555,True,2.7094000705866965,1.0,0.9375
QmcnVt7atJmQEDD9vQ1NyyCpDvjwmD4CF8TavhrJSjJ6Xx,O Splendor of God's Glory,Splendor Paternæ gloriæ,O Splendor of God's glory bright,Misc Traditional,Sarum Plainsong Mode I,folk,catholic-chant-lauds,publicdomain,0.0,0,0,1926,0,1,0,13,73,5.615384615384615,False,2.5354760765865207,1.0,0.9337121212121212
QmZqys8LZZAJ2mk3gSMVKs2zyNMwoX7TQyTKbP3R7qrmPJ,O Sponsa Christi - Giovanni Giacomo Arrigoni,NA,O Sponsa Christi,Giovanni Giacomo Arrigoni,NA,classical,NA,publicdomain,0.0,0,0,3,0,2,0-0,88,433,4.920454545454546,False,3.1787126258220977,0.8545034642032333,0.9728652263374484
QmZm8k7DADbKNWixG4UrJCQdBtw2Kb2t4SqvHCy1Rj6sR6,O spotless Lamb I come to thee - Catherine Booth-Clibborn,NA,O spotless Lamb I come to thee,Catherine Booth-Clibborn,NA,classical,NA,publicdomain,0.0,0,1,6,1,1,0,20,226,11.3,False,2.77363332239856,0.9734513274336284,0.9408333333333332
QmeNDf1M5ozAfPSScX3KTVSGppKJGxrFqv3wfHWk6MZnEN,O spread the gospel tidings - Haldor Lillenas,NA,O spread the gospel tidings,Haldor Lillenas,NA,classical,NA,publicdomain,0.0,0,0,2,1,1,0,20,238,11.9,False,2.735695702481795,0.9831932773109244,0.9479166666666666
QmZXh9na5rCqxGEwnK6EHtSfkWQqdhHCgMg6nHcSBYBFYU,O Steer Her Up An Haud Her Gaun,NA,O Steer Her Up An Haud Her Gaun,Misc tunes,NA,NA,NA,publicdomain,0.0,0,0,2,1,1,0,6,9,1.5,False,1.3516441151533924,1.0,0.90625
QmNXewP5Fj74QSbmmpB3XAQ5z44KhyPo24RrcSDUdhMySt,O strike the loud cymbals and shout the refrain - Chas. Edw. Prior,NA,O strike the loud cymbals and shout the refrain,Chas. Edw. Prior,NA,classical,NA,publicdomain,0.0,0,0,5,2,1,0,18,350,19.444444444444443,False,2.46125794171552,0.9971428571428572,0.9388020833333334
QmYTTsVUiKMicRPf5esWzvpZXgthmmxUdaWs3XeGvXypQp,O suffer little children - D. Otis Teasley,NA,O suffer little children,D. Otis Teasley,NA,classical,NA,publicdomain,0.0,0,0,2,1,1,0,21,202,9.61904761904762,False,2.4424401010905603,1.0,0.9325980392156864
QmS1ve5HvfqyZkDZ7bPHRomSRWydnauwFsmgz1yMyRjfAR,O sweet are the moments so hallowed in feeling - Robert Lowry,NA,O sweet are the moments so hallowed in feeling,Robert Lowry,NA,classical,NA,publicdomain,0.0,0,0,2,2,1,0,18,367,20.38888888888889,False,2.7708725306395103,0.9782016348773842,0.9622395833333334
QmcxHNXZBzJ9UaVHyGkZPaVa6XBf7aWrEPrTHxNvSosevP,O sweet is the voice of my Shepherd - Jno. R. Sweney,NA,O sweet is the voice of my Shepherd,John R. Sweney,NA,classical,NA,publicdomain,0.0,0,0,3,1,1,0,20,287,14.35,False,2.845969057618489,0.9333333333333332,0.98
QmWmFQNEdt2Q83RhgvZ4zxP45vh1SfLXKyPiYqTaUqXrtF,O Sweet Rest - C. F. O.,NA,O Sweet Rest,C. F. O.,NA,classical,NA,publicdomain,0.0,0,0,2,1,1,0,35,326,9.314285714285717,False,2.504363594213756,0.9938650306748468,0.9166666666666666
QmNMComqG8pcrpBvjL4MeUFjLVLW2gjwmpLXLPMGvGnrCk,O swift to the rock that is higher than I - W. A. Ogden,NA,O swift to the rock that is higher than I,W. A. Ogden,NA,classical,NA,publicdomain,0.0,0,0,3,1,1,0,13,262,20.15384615384616,False,2.587391249393445,0.9923664122137404,0.9551282051282052
QmeeNzf5YuumvD66T97rXQPez4hxsYtdKcrJbRKmemZU6r,O swiftly the moments are flying - Flora Hamilton Cassel,NA,O swiftly the moments are flying,Flora Hamilton Cassel,NA,classical,NA,publicdomain,0.0,0,0,3,1,1,0,20,267,13.35,False,2.8084436361237923,0.9550561797752808,0.8680555555555556
QmWHU9idoyGd6oyMrJkTeoNBiPHheN7oy8PUMkF26fTyAD,O Süsser Herre Jesu Christ - Michael Weisse,NA,O Süsser Herre Jesu Christ,Michael Weisse,NA,classical,NA,publicdomain,0.0,0,0,4,1,1,0,9,126,14.0,False,2.658950103052822,1.0,0.983974358974359
QmZCt87QqhqmKqsFsLZrxmSEJNvL9VsDM59hxihyN6k2i8,O süßer Mai! Op. 93a No. 3 - Johannes Brahms,NA,6 Lieder and Romances Op.93a,Johannes Brahms,NA,classical,NA,publicdomain,4.16,3,1,65,0,6,0-0-0-0-0-0,39,346,8.871794871794872,True,3.196456891285856,0.8541666666666666,0.9486607142857144
QmTKF5CiXexgt8vXNEUoVwYTWSiHLMp1dsa9iujwwftFKd,O take the lamp of faith - Wm. J. Kirkpatrick,NA,O take the lamp of faith,William J. Kirkpatrick,NA,classical,NA,publicdomain,0.0,0,0,3,1,1,0,23,250,10.869565217391305,False,2.673631332934003,0.984,0.9125
QmPLVSt8mpCG6twhzyf2JV996gLGEjjVTQsve9pKeo9YTh,O tannenbaum Guaraldi,NA,o tannenbaum,Vince Guaraldi,Traditional musicArranged by VINCE GUARALDI,jazz,vinceguaraldi-otannenbaum-ochristmastree,cc-zero,4.81,18,37,1484,2,1,0,136,1354,9.955882352941176,False,3.28158713290339,0.8439349112426036,0.8497137404580153
QmcduV9PEDS9osU3hJPFxZUvnAg3XmJCF29MacUJvesj6A,O Taste & See,NA,O Taste & See,V. Soroka,NA,NA,NA,cc-zero,0.0,0,1,33,0,1,0,17,158,9.294117647058824,False,2.807248543236127,0.9487179487179488,0.9201388888888888
QmPaNvm4tq7ypJ9Fc541fLCknULVjqTB9CoQdJsQhWyJJq,O tell me still more of the Saviour's great love - D. W. Hinman,NA,O tell me still more of the Saviour's great love,D. W. Hinman,NA,classical,NA,publicdomain,0.0,0,0,5,1,1,0,18,308,17.11111111111111,False,2.329702644071998,1.0,0.8559027777777778
QmPB5aQr18aDMXDNFy9DeYd8a3tysDKDMM44LVm8t5qgbS,O tell me where the Dove has flown,NA,O tell me where the Dove has flown,Misc Traditional,NA,folk,NA,publicdomain,0.0,0,0,2,0,3,0-0-0,11,117,10.636363636363637,False,2.413210756870764,1.0,0.95
Qmaj7x7basAC81RMQXwGBTX9hKLgi6XvCgmsuGqQELVu24,O tell of His goodness today - A. W. Lawrence,NA,O tell of His goodness today,A. W. Lawrence,NA,classical,NA,publicdomain,0.0,0,0,7,1,1,0,19,300,15.789473684210526,False,2.407990237345425,1.0,0.9236111111111112
Qmaas4ye9oH8LjiD7J4cGSGFtpkxJghsPhxkaBguY74A78,O tell the story oer and oer - R. E. Hudson,NA,O tell the story oer and oer,R. E. Hudson,NA,classical,NA,publicdomain,0.0,0,0,3,1,1,0,18,257,14.27777777777778,False,2.5960097657728167,0.9961089494163424,0.92578125
Qmar4rkd2DF27a59jNiLQb9xJ4gPVt6ai75q6n4E2NQezV,O tell the sweet story wherever you go - J. J. Jennings,NA,O tell the sweet story wherever you go,J. J. Jennings,NA,classical,NA,publicdomain,0.0,0,0,8,2,1,0,18,399,22.166666666666668,False,2.661168856243604,0.9774436090225564,0.8784722222222222
QmeDqVXFfCYVjWrXzjaUtbSQ5bsZe5wUPtqDu6T6ZzQ4ZE,O that I first of love possessed - Thomas Clark,NA,O that I first of love possessed,Thomas Clark,Thomas Clark,classical,NA,publicdomain,0.0,0,0,2,0,4,0-0-0-0,22,209,9.5,True,2.830375483422168,0.98,0.9668560606060606
QmNveHXEbx8MAwedPm2YsXapnZGudMpFEHxX2BTxzkT82z,O that I knew the secret place - Thomas Clark,ORFORD. C.M. Hy: 99. Dr. Rippon,O that I knew the secret place,Thomas Clark,Thomas Clark,classical,NA,publicdomain,0.0,0,0,3,0,4,0-0-0-0,23,187,8.130434782608695,True,2.645767928081612,0.9883720930232558,0.9719202898550724
QmXq8hq7CwxTkY5b9u67hUjaDA9ja5Q9ssuJQcgTB6124Z,O that I now might know Thy love - David Snethen Warner,NA,O that I now might know Thy love,David Snethen Warner,NA,classical,NA,publicdomain,0.0,0,0,2,1,1,0,18,236,13.11111111111111,False,2.460065441488129,1.0,0.8731060606060606
QmPeB32ShoAehoTbE2G81DnoRHEcHgQEAqwPGi92M1g4hV,O that my life may henceforth be - Frances R. Havergal,NA,O that my life may henceforth be,Frances R. Havergal,NA,classical,NA,publicdomain,0.0,0,0,8,1,1,0,15,91,6.066666666666666,True,2.719534248496554,0.989010989010989,0.9902777777777778
QmQteGy94RfxXTav5nC1ha1QbJ2jW1FuJ8ZvEzD6dUE9iB,O the beautiful Hills of the By-and-By! - Ira D. Sankey,NA,O the beautiful Hills of the By-and-By!,Ira D. Sankey,NA,classical,NA,publicdomain,0.0,0,0,3,1,1,0,30,436,14.533333333333331,False,2.798853044917164,0.963302752293578,0.8680555555555556
QmdVDABesZ4H6NE2m5n1XxCHyxb2b4rYXoce4eLrfntK62,O the beautiful hills where the saints will rest - James G. Clark,NA,O the beautiful hills where the saints will rest,James G. Clark,NA,classical,NA,publicdomain,0.0,0,0,5,2,1,0,27,429,15.88888888888889,False,2.441524773244016,1.0,0.93
QmPR399STzvW3BJwZcZrjnJN1EewZw7hbHftFuR3XFaFPU,O the bitter pain and sorrow (Chafer) - Mrs. Lewis S. Chafer,NA,O the bitter pain and sorrow (Chafer),Mrs. Lewis S. Chafer,NA,classical,NA,publicdomain,0.0,0,0,6,1,1,0,20,209,10.45,False,2.992331573058204,0.9330143540669856,0.9166666666666666
QmdtcdWJpsyNwAhnvJbTjbh9HGd1PHA2H39bXLh3SSbN81,O the bitter pain and sorrow (Herbert) - J. B. Herbert,NA,O the bitter pain and sorrow (Herbert),J. B. Herbert,NA,classical,NA,publicdomain,0.0,0,0,2,1,1,0,13,201,15.461538461538462,True,2.7812294177350467,0.9950248756218906,0.9759615384615384
Qmb1QYY3v9xoYRj9MkqN6NUyrrLHnSyLy7rGisNu4pgZiN,O the blessed bible what a treasure! - J. S. Norris,NA,O the blessed bible what a treasure!,J. S. Norris,NA,classical,NA,publicdomain,0.0,0,0,3,1,1,0,18,283,15.72222222222222,False,2.6537280858886434,0.9893992932862192,0.9338235294117648
QmbcR6FcaCKD9dgTBtejETwnUMeRF3ZHJUnhP2BX5t9SoY,O the blessed cross of Christ my story - W. H. Doane,NA,O the blessed cross of Christ my story - W. H. Doane,W. H. Doane,NA,classical,NA,publicdomain,0.0,0,0,4,2,1,0,20,322,16.1,False,2.566581093485252,0.9906832298136646,0.90625
QmbiD9pVvTJ3mbgwjwbP2eit8fps4NYSZ6qWMy1q4M3mJm,O the blessed promise given - J. C. Starr,NA,O the blessed promise given,J. C. Starr,NA,classical,NA,publicdomain,0.0,0,0,2,1,1,0,20,250,12.5,False,2.7964599862194137,0.976,0.9305555555555556
QmQ3CaQCRfwisNYqWnaGjLCd6XVosmSp6aLEwi4P5gu46y,O the blessed promise given on the fields of Galilee - I. N. McHose,NA,O the blessed promise given on the fields of Galilee - I. N. McHose,I. N. McHose,NA,classical,NA,publicdomain,0.0,0,0,4,2,1,0,18,427,23.72222222222222,False,2.4418482443960823,0.9953161592505856,0.9485294117647058
QmbDUzB37oZsq3cFEMxFVDgTW36DmcMrc6aPje5UTt5D7m,O the bliss the holy rapture when from earth we glide away - Albert Simpson Reitz,NA,O the bliss the holy rapture when from earth we glide away,Albert Simpson Reitz,NA,classical,NA,publicdomain,0.0,0,0,4,1,1,0,27,361,13.37037037037037,False,2.817869895115856,0.9584487534626038,0.90625
QmbZ5qsaD4HLfbWPAB9p8R4xC3kwaJZ1xxUExbH1mKpKgg,O the Comforting Christ and the wealth of His grace - R. Frank Lehman,NA,O the Comforting Christ and the wealth of His grace,R. Frank Lehman,NA,classical,NA,publicdomain,0.0,0,0,5,2,1,0,20,319,15.95,False,2.744497601205449,0.9435736677115988,0.8871527777777778
QmUCfjtEAic7h4nvbGuADVoosW8BXiYZfS5CHpxBYpjbVn,O the crimson wave hallelujah - W. H. Doane,NA,O the crimson wave hallelujah,W. H. Doane,NA,classical,NA,publicdomain,0.0,0,0,4,1,1,0,20,258,12.9,False,2.63626186869163,0.9844961240310076,0.9622395833333334
QmQi4a5cXLPqHuE5BddpTGCG9pkokKBRuFv6ARvEEeATRA,O the Days When I was Young. VWMLa.009,Days When I was Young. VWMLa.009 O'The,O the Days When I was Young. VWMLa.009,Misc tunes,NA,NA,NA,publicdomain,0.0,0,0,8,1,1,0,19,115,6.052631578947368,False,2.619095663031737,1.0,0.9830729166666666
QmYYmAyrmUS11PLUxwde9VjDcMk6TnG9VSzbqL8Bcn2QwN,O the dearest name of all is Jesus - H. P. Danks,NA,O the dearest name of all is Jesus,H. P. Danks,NA,classical,NA,publicdomain,0.0,0,0,2,1,1,0,19,292,15.36842105263158,False,2.7125131170134784,0.9828767123287672,0.9544270833333334
Qmb7hBMhRfefU9Sh3gFH1gXuUWtH1FrF2NEFK8e3DH56Mw,O the deep deep love of Jesus; Ebenezer,NA,o the deep deep love of jesus,Misc Praise Songs,Ebenezer (Thomas John Williams 1890),religiousmusic,satb-hymn,publicdomain,4.56,20,20,1216,0,2,0-0,16,284,17.75,False,2.8077826918033253,0.9577464788732394,0.8625
QmeD8dcnJ8DzNTb9T9LZjuvUGrNAqBjBtgyeaLxrwxqf66,O the delights the heavenly joys - William Marsh,NA,O the delights the heavenly joys,William Marsh,William Marsh,classical,NA,publicdomain,0.0,0,0,6,0,4,0-0-0-0,18,189,10.5,True,2.479917433807855,0.994475138121547,0.9479166666666666
QmTcqTrUvhMhHBpF4n5J8htAWRXRiUt9aAq5JDgibk9ydv,O the flowers of summer - C. Austin Miles,NA,O the flowers of summer - C. Austin Miles,C. Austin Miles,NA,classical,NA,publicdomain,0.0,0,0,6,1,1,0,31,326,10.516129032258064,True,2.7738208784786784,0.9785276073619632,0.9569444444444444
QmWeP3QNw6Eqa2rWMhfdB8ern7FguLHujwUaJjqa9zmj5y,O the gospel news proclaim - D. Z. Canady,NA,O the gospel news proclaim,D. Z. Canady,NA,classical,NA,publicdomain,0.0,0,0,3,1,1,0,18,400,22.22222222222222,False,2.427789907849814,1.0,0.9140625
QmYpNHeU4F4hWkuEmz6CGmWC6urP931XDjebN7oj224JcX,O the gospel story tell - R. M. McIntosh,NA,O the gospel story tell,R. M. McIntosh,NA,classical,NA,publicdomain,0.0,0,0,5,2,1,0,16,312,19.5,False,2.6835079159011137,0.967948717948718,0.9419642857142856
QmehYDAsMFHRNzfqGkfdV1nJqjQR9WKccrs8KRVAzhN2y4,O the grace of God is boundless - Mary Herbert Munford,NA,O the grace of God is boundless,Mary Herbert Munford,NA,classical,NA,publicdomain,0.0,0,0,7,1,1,0,25,382,15.28,True,2.988521466556822,0.9319371727748692,0.9139492753623188
QmTtC9JBp5fzMmEAcDPc2DXnwRQkBxSeGUgCZFbnsZmX8L,O the height of God's great love - Chas. H. Gabrirel,NA,O the height of God's great love,Chas. H. Gabrirel,NA,classical,NA,publicdomain,0.0,0,0,3,1,1,0,20,229,11.45,False,2.8247611376767683,0.9039301310043668,0.8715277777777778
QmWmRXYYeBnMZss2oscuSF6Ap51PR5WgxTRaHWYeiHRAhU,O the heights and depths of love - B. D. Ackley,NA,O the heights and depths of love - B. D. Ackley,B. D. Ackley,NA,classical,NA,publicdomain,0.0,0,0,2,2,1,0,16,196,12.25,True,2.918725002249613,0.9435897435897436,0.9782608695652174
Qmau4zdrXEMmKJFZUe7UqxXqtYkdDQnUnRT8oGv7wiSHZm,O the home of the soul - J. H. Rosecrans,NA,O the home of the soul,J. H. Rosecrans,NA,classical,NA,publicdomain,0.0,0,0,2,1,1,0,36,319,8.86111111111111,False,2.3347508892829314,0.9968652037617556,0.9322916666666666
QmRcZgGPDZ7eFGgS6ZcHeYCRu863bdGke2D4LnNwvvZ6kj,O the joy of fellowship with Jesus - Emma Ackley Miller,NA,O the joy of fellowship with Jesus,Emma Ackley Miller,NA,classical,NA,publicdomain,0.0,0,0,7,1,1,0,19,268,14.105263157894736,False,2.754994886747004,0.9664179104477612,0.9466145833333334
QmVDiyVUF1NsWJgT1Kk9xVaKFLNScD4u23bH8wMqcvXc3o,O the joy of his salvation - C. Harold Lowden,NA,O the joy of his salvation,C. Harold Lowden,NA,classical,NA,publicdomain,0.0,0,0,3,1,1,0,20,237,11.85,False,2.7030913288519405,0.9620253164556962,0.8784722222222222
Qmcec6gQaERjkxWsDZV4cakPfJLeVQgpiBpMB9PVXMoYDT,O the joy of the souls that victoriously sing - Haldor Lillenas,NA,O the joy of the souls that victoriously sing,Haldor Lillenas,NA,classical,NA,publicdomain,0.0,0,0,2,1,1,0,20,372,18.6,False,2.781732508085454,0.9543010752688172,0.94
QmcALsX6EsvoHMsfmKMYTvtqLhdg3XbuyN8yvvbGaeGRy2,O the joy that is mine - James M. Black,NA,O the joy that is mine,James M. Black,NA,classical,NA,publicdomain,0.0,0,0,2,2,1,0,18,334,18.55555555555556,False,2.6373088401563503,0.9760479041916168,0.9622395833333334
QmUa7MQJnaEoeHjQAJX5A5VQCio8ynwpUJEKQcWxzskPAq,O the joy! To live each day - J. Lincoln Hall,NA,O the joy! To live each day - J. Lincoln Hall,J. Lincoln Hall,NA,classical,NA,publicdomain,0.0,0,0,5,1,1,0,32,415,12.96875,True,2.71747667059887,0.9759036144578314,0.9739583333333334
QmcadhH2LNnwn5zgXEAew6JDWqz3bFLj1pxqVkyDiF4bDy,O the joyful thought that ever we - Adam Geibel,NA,O the joyful thought that ever we,Adam Geibel,NA,classical,NA,publicdomain,0.0,0,0,3,2,1,0,19,265,13.947368421052632,False,2.6219075695636707,0.9660377358490566,0.9473039215686274
QmRDNWv4boq5qnZ5RJebUWk3KCVtJ8rPNHW1TvEEgZJkXm,O the Lamb the bleeding Lamb - D. B. Towner,NA,O the Lamb the bleeding Lamb,D. B. Towner,NA,classical,NA,publicdomain,0.0,0,0,8,1,1,0,16,248,15.5,True,2.4157029632410376,1.0,0.9222222222222224
QmRTp6UWNStXZdUirZ9CFohRgXXV7kxZJY9L6eipyYaC7H,O the love of God constrains me in the way - J. Howard Entwisle,NA,O the love of God constrains me in the way,J. Howard Entwisle,NA,classical,NA,publicdomain,0.0,0,0,5,1,1,0,16,292,18.25,True,2.592638422866003,0.9897260273972602,0.925
QmVJH8pT6xb5gxNMCAJHiYN4k34E8i1qndTszt9RrAeFwy,O the love that fills my soul - Wm. J. Kirkpatrick,NA,O the love that fills my soul,William J. Kirkpatrick,NA,classical,NA,publicdomain,0.0,0,0,5,2,1,0,24,460,19.166666666666668,True,2.721650047780796,0.9869565217391304,0.8784722222222222
Qmd4QZoyzRQY9JqaXDig9AvoQ9qTsyE5HbV6HqWw9Yq29m,O the mansions of light blissful mansions of light - Ira D. Sankey,NA,O the mansions of light blissful mansions of light,Ira D. Sankey,NA,classical,NA,publicdomain,0.0,0,0,2,2,1,0,18,336,18.666666666666668,False,2.5945387556486192,0.9821428571428572,0.9427083333333334
QmT1ghYu1Wa6NdQs252LL41vhKyw77QteWmzN5EoJcdN3x,O the Master to our hearts is calling - J. Lincoln Hall,NA,O the Master to our hearts is calling,J. Lincoln Hall,NA,classical,NA,publicdomain,0.0,0,0,2,2,1,0,25,411,16.44,False,2.839158438373518,0.924574209245742,0.9383680555555556
QmZQa6wR6WoJUgJn6n9NZwnzGzwD5VSnmngd35avyx28qd,O the meetings! O the greetings - J. H. Fillmore,NA,O the meetings! O the greetings,J. H. Fillmore,NA,classical,NA,publicdomain,0.0,0,0,2,1,1,0,16,240,15.0,True,2.725677602991295,0.9875,0.9557291666666666
QmfU9VYFTCZw3rmypkV2Kq3NRxFZGoXL6ELmLkuXme4NGu,O the morning happy morning - Wm. J. Kirkpatrick,NA,O the morning happy morning,William J. Kirkpatrick,NA,classical,NA,publicdomain,0.0,0,0,6,1,1,0,26,357,13.73076923076923,False,2.534553958910607,0.9971988795518208,0.9392361111111112
QmdPaogxkUf1tnMAVaodBKedYkx153zFtfNxnoJ2MPnrWF,O the music over yonder - Fred A. Fillmore,NA,O the music over yonder,Fred A. Fillmore,NA,classical,NA,publicdomain,0.0,0,0,2,1,1,0,18,246,13.666666666666666,False,2.727032759426061,0.9878048780487804,0.9544270833333334
QmdiRkCimmZEepqogGZqKMbYnbQsGWeLdkZ35eiY19Hs68,O the peace that comes from Jesus - J. J. Lowe,NA,O the peace that comes from Jesus,J. J. Lowe,NA,classical,NA,publicdomain,0.0,0,0,4,1,1,0,16,199,12.4375,True,2.95314905719098,0.9346733668341708,0.9152777777777776
QmbieL6inNdSKt4wyW7V82ajCVkuvute49umjVYqGEEVV3,O the peace that fills my soul - E. S. Lorenz,NA,O the peace that fills my soul,E. S. Lorenz,NA,classical,NA,publicdomain,0.0,0,0,2,1,1,0,16,219,13.6875,True,2.610415476058844,0.9863013698630136,0.9505208333333334
Qmcb7DbDCcJgZeWLwKQJzT7J9bcv1THTh4P2dpAJLxKhXv,O the precious blood of Jesus (Ogden) - W. A. Ogden,NA,O the precious blood of Jesus (Ogden),W. A. Ogden,NA,classical,NA,publicdomain,0.0,0,0,8,1,1,0,16,203,12.6875,True,2.353994722953912,1.0,0.8940972222222222
QmPGLG44XdnEMJk9SrQtALfnMfnCy5P1pLGRN5Ntb7D4Er,O the presence of the Savior - Kenneth Wells,NA,O the presence of the Savior,Kenneth Wells,NA,classical,NA,publicdomain,0.0,0,0,2,1,1,0,20,239,11.95,False,2.688269353878039,0.9665271966527196,0.8854166666666666
QmR7qg83EAfdFYR5TyHyeX1jCSTG1B4LpzLdWXiVs1sXq3,O the Savior now is near - Clarissa H. Spencer,NA,O the Savior now is near,Clarissa H. Spencer,NA,classical,NA,publicdomain,0.0,0,0,2,2,1,0,16,389,24.3125,False,2.721050125716067,0.9820051413881749,0.9453125
Qmb5SytEmzErFuRqUMMdJtSDCF4DmPwVueZo4CAecE8KN7,O the sorrow and the woe - J. B. Herbert,NA,O the sorrow and the woe,J. B. Herbert,NA,classical,NA,publicdomain,0.0,0,0,2,2,1,0,18,372,20.666666666666668,False,2.670890067203132,0.9811827956989247,0.92578125
QmYvTS9wsLcCYgW1cVTjvVyytjJeP7bG5KNSHvkxTPSRAs,O the stream of living water - J. H. Hall,NA,O the stream of living water - J. H. Hall,J. H. Hall,NA,classical,NA,publicdomain,0.0,0,0,5,1,1,0,16,246,15.375,True,2.5148678673390275,1.0,0.9479166666666666
QmdRE2kgFDPHKcVgVjsJQuXEPKE2woziXuXbmn4BoFzHic,O the sweetest name that the tongue can frame - Will H. Ruebush,NA,O the sweetest name that the tongue can frame - Will H. Ruebush,Will H. Ruebush,NA,classical,NA,publicdomain,0.0,0,0,5,1,1,0,18,254,14.11111111111111,False,2.7467825485146653,0.968503937007874,0.9635416666666666
QmUA8Nde7mQgWT6R2dEhRqNXC1epq96nR8xc8PwWYEcYGd,O the tide of love is flowing sweetly flowing on - Samuel W. Beazley,NA,O the tide of love is flowing sweetly flowing on,Samuel W. Beazley,NA,classical,NA,publicdomain,0.0,0,0,7,2,1,0,18,417,23.166666666666668,False,2.8120757977387214,0.9568345323741008,0.9322916666666666
QmRZ4CHZWq9pcPy2rXPSGaLdEbqtSXnXYsgv8fsnuzouBq,O the way of life is rugged and my feet are bruised and torn - Chas. H. Gabriel,NA,O the way of life is rugged and my feet are bruised and torn,Chas. H. Gabriel,NA,classical,NA,publicdomain,0.0,0,0,6,2,1,0,21,455,21.666666666666668,False,2.676792272557286,0.9692307692307692,0.9411764705882352
QmZjj6Tg9fie3DLvYwhDDHfiVKK7X5BZAv2LDJYgWcTkQd,O the wondrous grace of Christ - H. C. Clausen,NA,O the wondrous grace of Christ,H. C. Clausen,NA,classical,NA,publicdomain,0.0,0,0,2,1,1,0,17,252,14.823529411764708,True,2.5705163870861854,0.996031746031746,0.9010416666666666
QmV8Ttr2GRVEMxEKNkNLHxgPyMa2cAS9vDeeK88JBKo2Dv,O the wondrous love of Jesus - A. J. Showalter,NA,O the wondrous love of Jesus,A. J. Showalter,NA,classical,NA,publicdomain,0.0,0,0,20,1,1,0,30,360,12.0,False,2.792845730293979,0.9694444444444444,0.9435763888888888
QmXSnxcTzteba4kbYMpKN6t7RWLtkeDqe2Bit62udwZzU5,O the wondrous love that found me - F. W. Vandersloot,NA,O the wondrous love that found me,F. W. Vandersloot,NA,classical,NA,publicdomain,0.0,0,0,12,1,1,0,20,238,11.9,False,2.487945807174116,0.9831932773109244,0.8854166666666666
QmWmrrTVLzmTeRzK7eaDtQ8df4NQg1b2YgTkuQzyrsec4v,O the wondrous power of a Savior's love - Thoro Harris,NA,O the wondrous power of a Savior's love,Thoro Harris,NA,classical,NA,publicdomain,0.0,0,0,15,2,1,0,20,274,13.7,False,2.884431254165256,0.9633699633699634,0.8684895833333334
QmbeaezqXJA6NTrmcXvn7nxFp69BzMmHikFGCbzeSiLQyy,O the world has sung of Jesus nineteen hundred years and more - B. D. Ackley,NA,O the world has sung of Jesus nineteen hundred years and more,B. D. Ackley,NA,classical,NA,publicdomain,0.0,0,0,6,1,1,0,21,414,19.714285714285715,False,2.75732682386923,0.9444444444444444,0.9231770833333334
QmbfKMWhhLjHntxcZz7aEv8oDDXnvRnxtRaMNpMQ7BUzxM,O the world is full of joy to me - Elisha A. Hoffman,NA,O the world is full of joy to me,Elisha A. Hoffman,NA,classical,NA,publicdomain,0.0,0,0,5,1,1,0,20,327,16.35,False,2.524465003111948,0.9938837920489296,0.94140625
QmSC6iZ3U42mcdPwi7YUCDJKTXyim3TfANWnTTTSG7YdCk,O theme of music's pages - Adam Geibel,NA,O theme of music's pages,Adam Geibel,NA,classical,NA,publicdomain,0.0,0,0,1,2,1,0,26,305,11.73076923076923,False,2.715450196423668,0.9737704918032788,0.8993055555555556
QmdWSB9hhdErt11mYSXsoCp2yY2YCJbLds4uhcvRSEFZzg,O there is a time when the message will come - F. L. Eiland,NA,O there is a time when the message will come,F. L. Eiland,NA,classical,NA,publicdomain,0.0,0,0,3,2,1,0,21,499,23.761904761904763,False,2.216448249520842,1.0,0.8979166666666667
QmUtHE8c17BRBfzK2iZi9L2asx5y9ova6fiERnbh1iX76z,O there's many a thorn on the Jesus way - May Agnew Stephens,NA,O there's many a thorn on the Jesus way - May Agnew Stephens,May Agnew Stephens,NA,classical,NA,publicdomain,0.0,0,0,4,2,1,0,18,390,21.666666666666668,False,2.569194881275389,0.979328165374677,0.8645833333333334
QmZDagv9hS1Hx8k52zY3DaUUUZWbDiNt1p25s8m5Y6YJDt,O they need not depart no they need not depart - Robert Lowry,NA,O they need not depart no they need not depart,Robert Lowry,NA,classical,NA,publicdomain,0.0,0,0,4,2,1,0,18,345,19.166666666666668,False,2.6524042496084097,0.991304347826087,0.9388020833333334
QmZS6V2uaLa7WYkMUX3NYcijUa4zsCjnfWzZ39FcfxQwSt,O think of the work to be done - Wm. J. Kirkpatrick,NA,O think of the work to be done,William J. Kirkpatrick,NA,classical,NA,publicdomain,0.0,0,0,4,2,1,0,28,460,16.428571428571427,False,2.6198974848278938,0.9760869565217392,0.8854166666666666
QmWShGKfkepdpnYvP6ZszivNGLCv9gZncXgfWt2yytMjrb,O this world has much of sorrow - Powell G. Fithian,NA,O this world has much of sorrow,Powell G. Fithian,NA,classical,NA,publicdomain,0.0,0,0,2,2,1,0,22,371,16.863636363636363,False,3.059716562723374,0.9191374663072776,0.9661458333333334
QmdoxYEH9bJHVt6LEm3pouQ8Vv86FJwKgRVgsc33oihyLb,O thou at whose divine command - G. F. Root,NA,O thou at whose divine command,G. F. Root,NA,classical,NA,publicdomain,0.0,0,0,7,1,1,0,18,231,12.833333333333334,False,2.632695829252721,0.9913419913419912,0.9505208333333334
QmRr98rYgbSCViTPAF3rnzPiQQMSYJ4YGGnvbCfXjGnrRu,O thou bleeding Lamb of God - Howard E. Smith,NA,O thou bleeding Lamb of God,Howard E. Smith,NA,classical,NA,publicdomain,0.0,0,0,8,1,1,0,20,212,10.6,False,2.6299247704441457,0.9669811320754716,0.90625
QmdnPE9fCEFsaEp5b9qV2NcVUB4KqyECAYyiJWUYvkPRgH,O thou eternal victim slain - Thomas Jarman,NA,O thou eternal victim slain,Thomas Jarman,Thomas Jarman,classical,NA,publicdomain,0.0,0,0,6,0,4,0-0-0-0,24,263,10.958333333333334,True,2.741731564184003,0.988095238095238,0.9785714285714284
QmNitCiWDoBvA72AeqkWMhhezVrgjNtWqrvxQaVrhU5sq1,O thou from whom all goodness flows - G. F. Root,NA,O thou from whom all goodness flows,G. F. Root,NA,classical,NA,publicdomain,0.0,0,0,2,1,1,0,14,187,13.357142857142858,False,2.6193114396946493,0.9679144385026738,0.8958333333333334
QmaK5vcq4PEN8jLnhbb1K3MvzD7oLwB3RqFQvQP8TCMJ7f,O Thou God of my salvation (Converse) - C. C. Converse,NA,O Thou God of my salvation (Converse),C. C. Converse,NA,classical,NA,publicdomain,0.0,0,0,6,1,1,0,16,228,14.25,True,2.42614927646368,0.9956140350877192,0.9713541666666666
QmXc45Fx7pXgviNKQrihDnJFrQ56chhzTLD1QZB89GBPHB,O Thou my Jesus Thou didst me - D. B. Towner,NA,O Thou my Jesus Thou didst me,D. B. Towner,NA,classical,NA,publicdomain,0.0,0,0,8,2,1,0,26,351,13.5,False,2.672939334601089,0.9914529914529916,0.9340277777777778
QmaMUUfiWnr81SFztvkt8WkhEav94iyjxWLX6c36LxMnSe,O thou my soul bless God the Lord - Benjamin F. Butts,NA,O thou my soul bless God the Lord,Benjamin F. Butts,NA,classical,NA,publicdomain,0.0,0,0,11,1,1,0,20,232,11.6,False,2.614822683248249,1.0,0.9479166666666666
QmQ9sSDYQRkWWp1e6kXRr7Tj7dit5pdtucBbaKHz8Xk8nR,O thou Rock of my salvation - Victor H. Benke,NA,O thou Rock of my salvation,Victor H. Benke,NA,classical,NA,publicdomain,0.0,0,0,7,2,1,0,19,293,15.421052631578949,False,2.7157606148462863,0.9761092150170648,0.9136904761904762
QmPZdEgD6bSud4iCZa9ewvfTtu6aTU3sud8C7QfMASFatA,O thou to whom all creatures bow - Thomas Clark,NA,O thou to whom all creatures bow,Thomas Clark,Thomas Clark,classical,NA,publicdomain,0.0,0,0,4,0,5,0-0-0-0-0,43,368,8.55813953488372,True,2.630702524826551,1.0,0.970020325203252
Qmf2xQT2Qm2oxwxMK5b6L5LU5S9cdN7U6NvRqJc33zEZE4,O thou to whom all creatures bow - William Bennett,NA,O thou to whom all creatures bow,William Bennett,William Bennett,classical,NA,publicdomain,0.0,0,0,5,0,4,0-0-0-0,19,198,10.421052631578949,True,2.865100400584358,0.9581151832460733,0.9407051282051282
QmZMsXcCgL6S79RTCauiFLPHUHLvgNAWiqXSrSenuAt1WJ,O Thou Who the Shepherd of Israel art (Jackson) - H. P. Jackson,NA,O Thou Who the Shepherd of Israel art (Jackson),H. P. Jackson,NA,classical,NA,publicdomain,0.0,0,0,7,2,1,0,18,316,17.555555555555557,False,2.423027465845836,0.9936708860759492,0.953125
QmRq6YhuQMs2VtSc2DrCJ7tcTQBsWoVbKgWDgDq1bagrnY,O Thou whose bounty fills my cup - D. B. Towner,NA,O Thou whose bounty fills my cup,D. B. Towner,NA,classical,NA,publicdomain,0.0,0,0,3,1,1,0,21,231,11.0,False,2.625824049475777,0.987012987012987,0.9558823529411764
QmQrUnDtohiP9ixR9H8EZRgJvv7cn8FWxesJ9RDJN755bj,O thought full of sweetness to those that believe - J. H. Tenney,NA,O thought full of sweetness to those that believe,J. H. Tenney,NA,classical,NA,publicdomain,0.0,0,0,4,1,1,0,20,341,17.05,False,2.5816083563908245,0.997067448680352,0.9473039215686274
QmPPicyXWXmXc9MFRXMwcTv8XTuVtQ5E14PJ3UJox53pPR,O tis sweet to rest my soul on Christs own promise - M. L. McPhail,NA,O tis sweet to rest my soul on Christs own promise,M. L. McPhail,NA,classical,NA,publicdomain,0.0,0,0,2,1,1,0,16,342,21.375,True,2.6915377430957323,0.9824561403508772,0.9296875
QmcyU3LJvYSy2K3RgTorb3VdyNLpZZuuJ39wJDa9oEG4fC,O to be more faithful working day by day (Ackley) - B. D. Ackley,NA,O to be more faithful working day by day (Ackley),B. D. Ackley,B. D. Ackley,classical,NA,publicdomain,0.0,0,0,3,1,1,0,16,280,17.5,True,2.903121635287369,0.946236559139785,0.9597222222222224
QmQjRCCTD4augifvetnMNuCUGzzQjBsQ8kda5FqgvyekQu,O to be nearer to Jesus - J. H. Hall,NA,O to be nearer to Jesus,J. H. Hall,NA,classical,NA,publicdomain,0.0,0,0,2,1,1,0,16,240,15.0,True,2.362196723845833,1.0,0.8663194444444444
QmUqN2awPMdtMZh6uwxqWDR89xm3FDNHsBa5yvxeQoUFFC,O to be ready when death shall come - J. H. Ruebush,NA,O to be ready when death shall come,J. H. Ruebush,NA,classical,NA,publicdomain,0.0,0,0,5,2,1,0,21,360,17.142857142857142,False,2.4402438161292137,0.9944444444444444,0.8958333333333334
QmXQTczQTrpnWAx2xpx4zZzqCrhe3SDSzagieRAgYxvEty,O to set the world rejoicing every day - W. A. Post,NA,O to set the world rejoicing every day,W. A. Post,NA,classical,NA,publicdomain,0.0,0,0,5,2,1,0,18,387,21.5,False,2.700942432683313,0.9767441860465116,0.9153645833333334
QmYBo9apE93RRtBkzaeXWWxPmbJ4ex6e6cxzYZhQwrFnt5,O Tod du bist ein bittre Gallen - Leonhard Lechner,NA,O Tod du bist ein bittre Gallen,Leonhard Lechner,Leonhard Lechner1553 - 1606,classical,NA,publicdomain,0.0,0,0,15,0,5,1-1-1-1-1,63,954,15.142857142857142,True,2.976641535970162,0.9571275455519828,0.9797453703703703
QmfKo7CuL2gfJrmfnZH6sNWinvd9B1hymSU4tNDmMByzt5,O troubled heart bowed down with bitter pain - Haldor Lillenas,NA,O troubled heart bowed down with bitter pain,Haldor Lillenas,NA,classical,NA,publicdomain,0.0,0,0,3,2,1,0,19,413,21.73684210526316,False,2.893022559665977,0.9515738498789348,0.93359375
QmX5KniD4WGZYCA8DhgwALeCuaJyNcJMnVsei2Hzuf2btJ,O troubled heart there is a balm - Ira D. Sankey,NA,O troubled heart there is a balm,Ira D. Sankey,NA,classical,NA,publicdomain,0.0,0,0,9,1,1,0,20,221,11.05,False,2.9216673658041827,0.9547511312217196,0.8836805555555556
QmfBfjbwAos7gPhF2fsKpFHjTaPtxR72U5bQv64wuER3Ei,O trust in the Lord whatsoe'er the day - R. Frank Lehman,NA,O trust in the Lord whatsoe'er the day,R. Frank Lehman,NA,classical,NA,publicdomain,0.0,0,0,6,2,1,0,35,480,13.714285714285714,False,2.97461447801012,0.9478079331941544,0.9262820512820512
QmYXNr3yjWgC7SPpdxq7deyW7myw5RuHBzUWj6NDC6c1a9,O turn not back in the Christian race - Wm. J. Kirkpatrick,NA,O turn not back in the Christian race,William J. Kirkpatrick,NA,classical,NA,publicdomain,0.0,0,0,5,1,1,0,19,253,13.31578947368421,False,2.412581311795117,1.0,0.9609375
QmZ4T2zPoYXrmDU64Dtvv9ztYMhHBb41ybSbi1n6n8BBco,O Twine A Wratch(?) JaW.235,O Twine A Wreathaka. JaW.235,O Twine A Wratch(?) JaW.235,Misc tunes,NA,NA,NA,publicdomain,0.0,0,0,2,1,1,0,18,67,3.7222222222222223,False,2.840771322208467,0.9552238805970148,0.9136904761904762
QmWYszv1thXwMhoyhQr16QHtZtxtXRHqXKNiX68MfyaE5T,O Twine A Wratch(?) x235,O Twine A Wreathaka. JaW.235,O Twine A Wratch(?) x235,Misc tunes,O Twine A Wreathaka,NA,NA,publicdomain,0.0,0,0,1,1,1,0,18,67,3.7222222222222223,False,2.840771322208467,0.9552238805970148,0.9136904761904762
QmQeuU7YeScBsVqXPKog8iEB1y4ibS1i6GXHTuq3VSUrQX,O virgo simul et mater - Giovanni Pierluigi da Palestrina,Motettorum Liber Secundus Venice 1577 edition (heirs of Girolamo Scotto),O virgo simul et mater,Giovanni Pierluigi da Palestrina,Giovanni P. da Palestrina(1525 - 1594),classical,NA,publicdomain,0.0,0,0,9,0,5,0-0-0-0-0,107,1228,11.476635514018692,True,2.940615869626833,0.9636363636363636,0.9632009345794392
Qmcgpx7c6LPUePqo4YVFNHyzJ3wYwuHohFn8kRkQuG61R6,O voi troppo felici - Carlo Gesualdo,Delli madrigali a cinque voci (1613) - Libro quinto (Numero 12),O voi troppo felici,Carlo Gesualdo,Gesualdo da Venosa (c.1560-1613),classical,NA,publicdomain,0.0,0,0,34,0,5,0-0-0-0-0,29,482,16.620689655172413,True,3.094777160000032,0.9150743099787686,0.9462209302325582
QmW6Ys7dR3UfsMamMdUn7XLGtsve26D8TTodwrpkeDwswk,O vos omnes,NA,O vos omnes,Misc tunes,Carlo Gesualdo (c. 1561 - 1613),NA,NA,publicdomain,0.0,0,1,10,0,5,0-0-0-0-0,49,486,9.918367346938776,True,3.4148769767088325,0.7633744855967078,0.952724358974359
QmXQzds3cMYptrgVcXhv8wegN3sJc16czwJ4JESPKgFYNB,O vos omnes - Francisco Valls,Motet described as an exampleof Llanto y tristeza,O vos omnes,Francisco Valls,Francisco Valls (1665-1747),classical,NA,publicdomain,0.0,0,0,10,0,5,0-0-0-0-0,20,264,13.2,True,3.475350681060065,0.7405857740585774,0.9801829268292684
Qmbg4X5R38fh86SqKGXyGb38nXrcgDFgpQ4JEvaVvvSYgU,O vos omnes - Jacquet de Mantua,NA,O vos omnes,Jacquet de Mantua,Jacquet de Mantua,classical,NA,publicdomain,0.0,0,0,15,0,4,0-0-0-0,41,271,6.609756097560975,True,2.866039344711215,0.9850746268656716,0.979420731707317
QmbATc29GGiT5FUknzrUX5ETbrpXKWVBUbUzySkFiNBUtB,O wake for the day is passing - Wm. J. Kirkpatrick,NA,O wake for the day is passing,William J. Kirkpatrick,NA,classical,NA,publicdomain,0.0,0,0,2,1,1,0,18,241,13.38888888888889,False,2.7648064096983447,0.946058091286307,0.9399509803921569
QmWM1cPhMhwG2oTVi7iCsgNC3H1myqBa3qiw4JbkqyzP5A,O Waly Waly,NA,O waly waly,Misc Traditional,NA,folk,NA,publicdomain,0.0,0,1,16,1,1,0,17,65,3.823529411764706,False,2.648181840061137,1.0,0.8787878787878788
QmdQxRTJM4t4m19dcu5S83Hgx2AgJXr99hmBqLaQMr8uYc,O wanderer come this hour decide - W. H. Doane,NA,O wanderer come this hour decide,W. H. Doane,NA,classical,NA,publicdomain,0.0,0,0,2,1,1,0,20,253,12.65,False,2.4765040715631867,0.984189723320158,0.8958333333333334
QmW6qWmXyPkYdDnCSnioyTYnf6mL8RA15YnzZMmjSAPj49,O wanderer come to the Father's home - Ira D. Sankey,NA,O wanderer come to the Father's home,Ira D. Sankey,NA,classical,NA,publicdomain,0.0,0,0,4,0,2,1-1,20,269,13.45,False,2.6467642065924872,0.9776119402985076,0.9583333333333334
QmYbn1Ruv5UbUG5x8nib9rp4LgY7fGPpkkBY2WAHiVEaLY,O wanderer knowing not the smile,NA,O wanderer knowing not the smile,Misc Traditional,NA,folk,NA,publicdomain,0.0,0,0,8,1,1,0,27,347,12.851851851851851,False,2.8598481244493827,0.962536023054755,0.9496527777777778
QmeRJvWeVfNUcgSDiBrmP6hC54dek4JUqnpnofecdJ3YdE,O wanderer lost in the darkness - J. M. Whyte,NA,O wanderer lost in the darkness,J. M. Whyte,NA,classical,NA,publicdomain,0.0,0,0,2,2,1,0,29,469,16.17241379310345,False,2.532996214369916,0.9914712153518124,0.900462962962963
QmU6L3g3QkeUBPkYTg2divzEfMYaBYH7qTL4A62x7NxaJ2,O wanderer lost in the mazes of sin - Geo. C. Stebbins,NA,O wanderer lost in the mazes of sin,Geo. C. Stebbins,NA,classical,NA,publicdomain,0.0,0,0,6,2,1,0,18,320,17.77777777777778,False,2.8107886290012583,0.95,0.9340277777777778
Qmf2s7zxnFLrk63duDTRkhe94toeDVp75SarnyjdBW39Fq,O wanderer rejoice rejoice - D. B. Towner,NA,O wanderer rejoice rejoice,D. B. Towner,NA,classical,NA,publicdomain,0.0,0,0,3,1,1,0,20,211,10.55,False,2.4906481657024973,0.985781990521327,0.953125
QmP28Z2tXWmVbUQpjcHCdzSjjkkancUBs36mSrh7uqJkfY,O wandering one why longer roam - May Whittle Moody,NA,O wandering one why longer roam - May Whittle Moody,May Whittle Moody,NA,classical,NA,publicdomain,0.0,0,0,2,1,1,0,20,231,11.55,False,2.9750763822504744,0.9523809523809524,0.9505208333333334
QmRLsj53SadRt6VAMWQFyvMgpeF9pyswbJEYqTv2NmBguT,O watchman on the mountain height - Ira D. Sankey,NA,O watchman on the mountain height,Ira D. Sankey,NA,classical,NA,publicdomain,0.0,0,0,5,1,1,0,25,327,13.08,False,2.4346414805231484,0.9908256880733946,0.8981481481481481
QmWqbYUeVi8GjX7WdTKAiynhfvmRLUD9h7PAiduabsF5ue,O watchman pacing Zions hills what tidings from afar - Chas. H. Gabriel,NA,O watchman pacing Zions hills what tidings from afar,Chas. H. Gabriel,NA,classical,NA,publicdomain,0.0,0,0,4,2,1,0,18,434,24.11111111111111,False,2.7026613051067168,0.9631336405529954,0.9401041666666666
QmegFHXcQQpTwnyr5fB5JZKLHovij1EmBTaxYX3t5PqxPy,O we are busy workers in the vineyard of the Lord - J. H. Kurzenknabe,NA,O we are busy workers in the vineyard of the Lord,J. H. Kurzenknabe,NA,classical,NA,publicdomain,0.0,0,0,4,1,1,0,11,243,22.09090909090909,False,2.438259862338112,1.0,0.89375
QmYyT5NXKTSQsK2Rtwtu1zSE1zwFgwugjBqN4E5sumoHAm,O we are little soldiers in the army of the Lord - Broughton Edwards,NA,O we are little soldiers in the army of the Lord,Broughton Edwards,NA,classical,NA,publicdomain,0.0,0,0,5,1,1,0,19,284,14.947368421052632,False,2.5362590873528816,0.9753521126760564,0.9440104166666666
QmU8cog36vYcUjWgUqLvoyX923ph7252N9URK9NHLpTLE2,O we are volunteers in the army of the Lord - George F. Root,NA,O we are volunteers in the army of the Lord,George F. Root,NA,classical,NA,publicdomain,0.0,0,0,5,2,1,0,18,279,15.5,False,2.829938543194808,0.967741935483871,0.9479166666666666
QmP3d7TMtme8rxFWqyrFKzHt1mooJo6gCsvvD5SAUfVWW5,O we are young soldiers for Jesus - Jno. R. Sweney,NA,O we are young soldiers for Jesus,John R. Sweney,NA,classical,NA,publicdomain,0.0,0,0,25,1,1,0,29,425,14.655172413793103,False,2.73039652334685,0.9694117647058824,0.9166666666666666
QmevoETamy4BWLqwhUod6HsoSYg9wgjvtUWdNRBtAq1vtY,O we love the blessed story - Adam Geibel,NA,O we love the blessed story - Adam Geibel,Adam Geibel,NA,classical,NA,publicdomain,0.0,0,0,3,1,1,0,30,372,12.4,False,2.743924276374076,0.9731182795698924,0.9539930555555556
QmabjDrRQd7e6DTqDiAExYXQ4mMuwgycxPvjpxwAXN9qen,O we sing of Canaan fair - Will H. Ruebush,NA,O we sing of Canaan fair,Will H. Ruebush,NA,classical,NA,publicdomain,0.0,0,0,6,1,1,0,18,378,21.0,False,2.54602923518284,0.9788359788359788,0.9557291666666666
QmdJjUuK5HndSUiYUQkBHANkZnjGD9mUgjcreFEpgiPAQq,O we're a band of brethren dear,NA,O we're a band of brethren dear,Misc Traditional,NA,folk,NA,publicdomain,0.0,0,0,3,1,1,0,17,249,14.647058823529411,False,2.4298838823737072,1.0,0.9635416666666666
QmdmhggePCFujamsKyJcrV4txRqBGAmEPGGGLvw1zY3zVq,O weary of heart heavy laden - Adam Geibel,NA,O weary of heart heavy laden,Adam Geibel,NA,classical,NA,publicdomain,0.0,0,0,3,2,1,0,31,644,20.774193548387096,False,2.9454591962715537,0.93563579277865,0.9578125
QmPuvB5xcenWaHuZsoReE2rdo8nvzJVF7XLiTGovkJu2m1,O weary one thirsty and faint - John R. Sweney,NA,O weary one thirsty and faint,John R. Sweney,NA,classical,NA,publicdomain,0.0,0,0,4,1,1,0,18,317,17.61111111111111,False,2.602461633583977,0.9842271293375394,0.8767361111111112
QmUhYvMkxHW9eHDYsS4waBm2DZnrHsbXbyCE6MDYMwAkQT,O weary souls who long for rest - John R. Thomas,NA,O weary souls who long for rest,John R. Thomas,NA,classical,NA,publicdomain,0.0,0,0,2,1,1,0,17,199,11.705882352941176,False,2.5945047599139195,0.9899497487437184,0.9557291666666666
QmVBtDW75KLXE78BxfC9E7qCDYDdyVvDs2CnDLiEnVaWoY,O weigh me Lord in equal scale - Samuel Arnold,PSALM 43. Ver: 1. 2. 3. 4. 5. 6. 7.A Prayer against Oppressors and for the joyfulRestoration to the Privileges of the faithful in Gods Sanctuary.,O weigh me Lord in equal scale,Samuel Arnold,Samuel Arnold,classical,NA,publicdomain,0.0,0,0,7,0,3,0-0-0,17,130,7.647058823529412,True,3.0009173308080275,0.937984496124031,0.9778645833333334
QmYJMqotYJRCD6HktaMtcdkdsLa8LBTVYKkjSyoP4kMvWk,O welcome day that greets us here,NA,O welcome day that greets us here,Misc Traditional,NA,folk,NA,publicdomain,0.0,0,0,2,1,1,0,19,291,15.31578947368421,False,2.54382633944748,0.986254295532646,0.9505208333333334
QmeFA5z1CEDJLzw4qn9yHr8UhENNJMsLkcKLBg4cnaUMAR,O what a change from a world of despair - J. Lincoln Hall,NA,O what a change from a world of despair,J. Lincoln Hall,NA,classical,NA,publicdomain,0.0,0,0,5,2,1,0,16,326,20.375,True,2.7952392377733486,0.9631901840490796,0.9361111111111112
Qmdnmu8uNVkswo7Ld8dMu3nLjMNwimGvZuQuqkBEXgzwyJ,O what a glorious thought is this - J. M. Harris,NA,O what a glorious thought is this,J. M. Harris,NA,classical,NA,publicdomain,0.0,0,0,3,2,1,0,20,271,13.55,False,2.655734367608627,0.985239852398524,0.9348958333333334
Qmbyqt8PgbB8YC7GXnXH4f5hwjQqY1tJicpbGWHzKxAScy,O what a happy thing it is - John Alcock Jr.,Psalm 133,O what a happy thing it is,John Alcock Jr.,John Alcock jr.,classical,NA,publicdomain,0.0,0,0,4,0,4,0-0-0-0,15,152,10.133333333333333,True,2.7027637652637573,0.9864864864864864,0.9742063492063492
QmXPSvvurps2vgMP5WcHCTZhFi7hEHZTXY6Bn5Gbm9E9va,O what a lesson we all may learn - E. S. Lorenz,NA,O what a lesson we all may learn,E. S. Lorenz,NA,classical,NA,publicdomain,0.0,0,0,5,2,1,0,16,193,12.0625,True,2.6758683809437147,0.9844559585492229,0.9010416666666666
Qmd75bN6BWkYvCzHwH84tNWG49uiuHcvU6N1L7v1N5aFJ6,O what a Savior he's pleading for you - P. P. Bilhorn,NA,O what a Savior he's pleading for you,P. P. Bilhorn,NA,classical,NA,publicdomain,0.0,0,0,5,2,1,0,16,255,15.9375,True,2.4685084646485835,0.984313725490196,0.8993055555555556
QmRi8hrceQXWQh1JY652NKtdCYc7iM5kAPjBzwDdGa4tzf,O what a Savior is mine - Alex. Van Alstyne,NA,O what a Savior is mine - Alex. Van Alstyne,Alex. Van Alstyne,NA,classical,NA,publicdomain,0.0,0,0,2,1,1,0,24,193,8.041666666666666,True,2.555265302511968,0.9896373056994818,0.960648148148148
QmYwWu3yPxytx1zKk3GXML3bvbxs3oaujnt6DKE14YE6WT,O what a wonderful day that will be - Arthur W. McKee,NA,O what a wonderful day that will be,Arthur W. McKee,NA,classical,NA,publicdomain,0.0,0,0,29,1,1,0,32,331,10.34375,True,2.823044233378944,0.9697885196374624,0.953125
QmcjGzvfPYafcHqjf19DXGRWBzXYLPDT2iAuzhV4vk8kPP,O what a wonderful story - L. E. Jones,NA,O what a wonderful story,L. E. Jones,NA,classical,NA,publicdomain,0.0,0,0,3,1,1,0,16,208,13.0,True,2.753385086285397,0.9423076923076924,0.921875
QmbmP6RpbjyVduSpkAHRDZarqgpHkuWaGAr98jz8mqPepC,O what are they doing when they preach against the cross? - J. B. Herbert,NA,O what are they doing when they preach against the cross?,J. B. Herbert,NA,classical,NA,publicdomain,0.0,0,0,5,2,1,0,20,388,19.4,False,2.759876781152134,0.9690721649484536,0.94140625
QmS3PUVd5gwX8AP6P96fXRj6dnPG4y1qwd8eRxW4sNiHY1,O what are you doing for Jesus - T. Martin Towne,NA,O what are you doing for Jesus,T. Martin Towne,NA,classical,NA,publicdomain,0.0,0,0,9,1,1,0,30,438,14.6,False,2.7781753863486784,0.952054794520548,0.9212962962962964
QmYQaKYDDP1vr1yGE4DEoG46RSca5BjYXWhh6XhUGDG94V,O what beauties adorn the bright Sabbath morn - William B. Bradbury,NA,O what beauties adorn the bright Sabbath morn,William B. Bradbury,NA,classical,NA,publicdomain,0.0,0,0,2,1,1,0,27,396,14.666666666666666,False,2.637352007399612,0.9974747474747476,0.9496527777777778
QmQUxf4VhtrEGGcjFiXvLipH9mZALL3VoMMTxQ4C82DUbV,O what can I do for my Savior today? - T. Martin Towne,NA,O what can I do for my Savior today?,T. Martin Towne,NA,classical,NA,publicdomain,0.0,0,0,4,1,1,0,27,478,17.703703703703702,False,2.61691824245726,0.9895397489539748,0.9409722222222222
QmeU5peCRsH6jiShdrjDJgP5Uj6rNv2ZJVQDqP2yVwnVKJ,O what can little hands do - Ira David Sankey,NA,O what can little hands do - Ira David Sankey,Ira David Sankey,NA,classical,NA,publicdomain,0.0,0,0,15,1,1,0,14,161,11.5,False,2.4881930836334707,1.0,0.9583333333333334
QmTUJZtReKaAj6AR5hSzmUV19AkX8fX1K3L2zReJ98TF1q,O what can you tell little pebble little pebble - J. C. Lowry,NA,O what can you tell little pebble little pebble,J. C. Lowry,NA,classical,NA,publicdomain,0.0,0,0,9,2,1,0,18,298,16.555555555555557,False,2.575371351006008,1.0,0.9388020833333334
QmZ2UWdGAzSMfiBPuYNBu445siPBYYkhj8bz3AFWzefUtV,O what gladness there will be - John M. Henson,NA,O what gladness there will be - John M. Henson,John M. Henson,NA,classical,NA,publicdomain,0.0,0,0,4,2,1,0,18,361,20.05555555555556,False,2.7415637979117937,0.9722991689750692,0.9361979166666666
QmX4sWELP3gegNryAwxqM3vh8awhcWDQwxEktbCQkmffmT,O what glory when He saved me by His grace - W. Stillman Martin,NA,O what glory when He saved me by His grace,W. Stillman Martin,NA,classical,NA,publicdomain,0.0,0,0,5,1,1,0,16,317,19.8125,True,2.5404784429657505,0.9873817034700316,0.9270833333333334
QmPUcpm19b4HLamseenenE9MESMeWoqZPrZtk1rNX3ujF4,O what happiness - J. Lincoln Hall,NA,O what happiness,J. Lincoln Hall,NA,classical,NA,publicdomain,0.0,0,0,2,1,1,0,16,290,18.125,True,2.603347281664627,0.9896551724137932,0.9305555555555556
QmdRMFfHGdw34wBmpcztxx4fWcyoHH1YhRSvvtFA13WRRR,O what is your record my brother - I. N. McHose,NA,O what is your record my brother,I. N. McHose,NA,classical,NA,publicdomain,0.0,0,0,2,1,1,0,17,269,15.823529411764708,False,2.207066632404871,1.0,0.9348958333333334
Qme6dBEV24Gd7sAHv3Jd4UQQxVU7nVDRJCHk63VKd6dbkz,O what joy the believer may know - W. H. Doane,NA,O what joy the believer may know - W. H. Doane,W. H. Doane,NA,classical,NA,publicdomain,0.0,0,0,3,1,1,0,18,330,18.33333333333333,False,2.562506608336101,0.9787878787878788,0.92578125
QmRMFBiwVE7Ju5HcKeA1oDuYXwBenHyfAzAAhPERytN7A2,O what love the Father placed upon us - James V. Reid,NA,O what love the Father placed upon us,James V. Reid,NA,classical,NA,publicdomain,0.0,0,0,3,2,1,0,17,272,16.0,True,2.77999717950664,0.9227941176470588,0.9347222222222222
Qmf1a7M4mv8ySVCJMHSvBCJeXM4frVLaV4QM9ACwTMY76B,O What My Bomey Graney Was. JBut.375,What a Beau My Granny Wasaka. JBut.375,O What My Bomey Graney Was. JBut.375,Misc tunes,'A Quickstep',NA,NA,publicdomain,0.0,0,0,7,1,1,0,32,128,4.0,False,2.6571240122352973,1.0,0.9149305555555556
QmZ4t8HLY9Fv7QiBZj7zUPhGr1Ekewt5gmLqx5XFnS8Njn,O what rapture! we shall be like Him - E. O. Sellers,NA,O what rapture! we shall be like Him,E. O. Sellers,NA,classical,NA,publicdomain,0.0,0,0,3,1,1,0,25,292,11.68,False,2.8513734835541897,0.9554794520547946,0.8854166666666666
Qmenknjxi7h6EgLWhEwCxWLcYqU4U6owsdQqWeUCQu8ucL,O what shall we bring to the Master - Chas. Edw. Prior,NA,O what shall we bring to the Master,Chas. Edw. Prior,NA,classical,NA,publicdomain,0.0,0,0,5,2,1,0,18,283,15.72222222222222,False,2.596005588266503,1.0,0.9166666666666666
QmeFh9X4TG217mNhUtK5NYfZ4dWbZ5tdCSdmrN6vxSpaz1,O what utter weakness fills this soul of mine - Jno. R. Sweney,NA,O what utter weakness fills this soul of mine,John R. Sweney,NA,classical,NA,publicdomain,0.0,0,0,2,1,1,0,16,308,19.25,True,2.6690520672876894,0.9902597402597404,0.9652777777777778
QmYYWi7xCK4ePTeB1XKQAMwriypqfW9wkxRah3DnxTua1A,O what wondrous joy there is in my soul - Haldor Lillenas,NA,O what wondrous joy there is in my soul,Haldor Lillenas,NA,classical,NA,publicdomain,0.0,0,0,4,2,1,0,19,265,13.947368421052632,False,2.634058357490846,0.981132075471698,0.9674479166666666
Qmf5D2nSSXCPYfowkbvxZM4if8J5vtJZHcX7tyAULTSP6L,O what would I do without Jesus - Chas. H. Gabriel,NA,O what would I do without Jesus,Chas. H. Gabriel,NA,classical,NA,publicdomain,0.0,0,0,18,2,1,0,19,295,15.526315789473683,False,2.5370322672931165,0.9830508474576272,0.9375
QmPy74Hf6M285Y1jAwGPsrR7LRExmMqpWtCEqAbqEHjqZu,O what would I do without Jesus? - Jas. J. Bell,NA,O what would I do without Jesus?,Jas. J. Bell,NA,classical,NA,publicdomain,0.0,0,0,20,1,1,0,18,331,18.38888888888889,False,2.71318405493108,0.9637462235649548,0.91
QmefUJkid3X8P1ehZDcDJaEJAFLqdxyNcUm65NKUV8CgmY,O when shall we meet at the river - Ira David Sankey,NA,O when shall we meet at the river - Ira David Sankey,Ira David Sankey,NA,classical,NA,publicdomain,0.0,0,0,7,1,1,0,19,289,15.210526315789474,False,2.6693023189357805,0.972318339100346,0.9466666666666668
QmYrxdp39hEEzSErzqVgxazaEJuJXMsN9ENayUr8TrYZNN,O when the Saints Go Marching In,NA,when the saints go marching in,Louis Armstrong,NA,jazz,christian-traditional,cc-zero,4.07,10,44,2332,0,1,0,9,142,15.77777777777778,False,2.724241032802008,0.9788732394366196,0.9231770833333334
QmNjVJJgLJ4VTwqWPeX6WqggjUm7mFNpuPraJJRCR2UHZx,O when the saints go marching in,NA,when the saints go marching in,Misc Traditional,NA,folk,NA,publicdomain,4.49,3,2,282,1,1,0,20,280,14.0,False,2.4611733864555965,0.9785714285714284,0.94140625
QmZTzmq1vy32PHbE2sXDVeLbMnGL6HoZfGoY8oBrWYjKdX,O when will be ended our warfare with sin,NA,O when will be ended our warfare with sin,Misc Traditional,NA,folk,NA,publicdomain,0.0,0,0,5,1,1,0,38,395,10.394736842105264,False,2.7218543134130595,0.979746835443038,0.9386574074074074
QmVeBsTZ196jVgYKncgQ5yRYUjgaNK8eSqsaDmjBmtexd5,O Where and O Where can your Hilland Laddy Dell. WHG.058,Bluebells of Scotlandaka. WHG.056 The,O Where and O Where can your Hilland Laddy Dell. WHG.058,Misc tunes,NA,NA,NA,publicdomain,0.0,0,1,16,1,1,0,33,93,2.8181818181818183,False,2.688559578583225,1.0,0.9709821428571428
QmPHxppvu7AdvRt57mJqXNURAV8YCF2cL7uXD6NX81HkQr,O where are the reapers to garner in - Frank M. Davis,NA,O where are the reapers to garner in - Frank M. Davis,Frank M. Davis,NA,classical,NA,publicdomain,0.0,0,0,8,2,1,0,18,316,17.555555555555557,False,2.6480573768987656,0.9873417721518988,0.9325980392156864
QmekpSXUag4cvuaf1tvMSXgdzRbhdWUjZhVnMKaDpZweHR,O where is He that Holy One - August Krapf,NA,O where is He that Holy One,August Krapf,NA,classical,NA,publicdomain,0.0,0,0,3,1,1,0,17,228,13.411764705882351,False,2.70912686875908,0.986842105263158,0.9583333333333334
QmepFCpCrRtrU6MbJcksw8a9m69VEam2tBfNcVT7aVAkq8,O where where today are the sheep of the fold - Mrs. C. H. Morris,NA,O where where today are the sheep of the fold,Mrs. C. H. Morris,NA,classical,NA,publicdomain,0.0,0,0,2,2,1,0,22,413,18.77272727272728,False,2.8848626475394363,0.953995157384988,0.924342105263158
QmPPF1FXsUbRdYd6RXPC81S5yDhs32fsuWpMVG3cwKwzD9,O WHERE WILL BONNY ANN LY,NA,Bonny Anne,Misc tunes,NA,NA,NA,publicdomain,0.0,0,0,1,1,1,0,28,288,10.285714285714286,False,2.903911897262791,0.9305555555555556,0.960144927536232
QmeLozxsTmjHNB5Q2V9qSqDB7SAAWtXEsuTVUrkLQikiWZ,O who is this that cometh (Stebbins) - Geo. C. Stebbins,NA,O who is this that cometh (Stebbins),Geo. C. Stebbins,NA,classical,NA,publicdomain,0.0,0,0,2,2,1,0,26,281,10.807692307692308,False,2.5812768130936243,0.98220640569395,0.9558333333333332
QmfZE4Kp9gC3DWYNxaQpbzSVYGGmPkiUP2mD9XQYdLNfSL,O who will tell the story - Gideon Froelich,NA,O who will tell the story,Gideon Froelich,NA,classical,NA,publicdomain,0.0,0,0,3,1,1,0,20,212,10.6,False,2.74428920919805,0.9905660377358492,0.953125
Qmd4kDhb3qCAJG4WCAkp6vdhTcRALWZhYrrSaXQ4o3YKxi,O who would remain in this prison of clay - Rev. W. H. Hunter,NA,O who would remain in this prison of clay,Rev. W. H. Hunter,NA,classical,NA,publicdomain,0.0,0,0,5,1,1,0,18,338,18.77777777777778,False,2.602092276287061,0.9970414201183432,0.9473039215686274
Qma9sLdXR63K3RaSrQeWjhmkzPWtUtTrWFLmvHRcDvFzxQ,O why art thou cast down my soul - Hugh E. Smith,NA,O why art thou cast down my soul,Hugh E. Smith,NA,classical,NA,publicdomain,0.0,0,0,5,1,1,0,18,230,12.77777777777778,False,2.6253285892779505,1.0,0.9114583333333334
QmexpUL5wrntN47Jyc4qmRjf6GYmKSaRxDZPQQsScQnZgr,O why do you linger my brother - Wm. J. Kirkpatrick,NA,O why do you linger my brother,William J. Kirkpatrick,NA,classical,NA,publicdomain,0.0,0,0,3,2,1,0,19,309,16.263157894736842,False,2.5131542347835003,0.9967637540453076,0.8993055555555556
QmXqnHiGXy7oarFtSn6xjS8KULW4gFSf1NcibSzQHK588F,O why dost thou linger so long - Wm. J. Kirkpatrick,NA,O why dost thou linger so long,William J. Kirkpatrick,NA,classical,NA,publicdomain,0.0,0,0,5,2,1,0,20,307,15.35,False,2.686530739348136,0.98371335504886,0.9166666666666666
QmU2oMY1Pik3KLhtXby2h3dzY6rwwaZz8hCZj5NhEh3VWu,O why should I be lost - Barney Elliott Warren,NA,O why should I be lost,Barney Elliott Warren,NA,classical,NA,publicdomain,0.0,0,0,3,0,2,0-0,17,253,14.882352941176473,True,2.263488047281864,1.0,0.9361979166666666
Qmaxze2wTfjxyVvi6PC6zTLY8WLuwi2zGg11KyEZQdjjfm,O why will you no longer your choice delay - Chas. H. Gabriel,NA,O why will you no longer your choice delay,Chas. H. Gabriel,NA,classical,NA,publicdomain,0.0,0,0,4,1,1,0,17,252,14.823529411764708,False,2.420495342037801,0.9761904761904762,0.8819444444444444
QmPfsAoFh1UMk6x9kUgUBiiqKXECkYxVpzwq6PLmAk69Sk,O wie unaussprechlich selig,NA,O wie unaussprechlich selig,Misc Traditional,NA,folk,NA,publicdomain,0.0,0,0,7,0,2,1-1,10,123,12.3,False,2.600837689606542,1.0,0.95
QmTPTbWgksmY1XR5ZDHgAwMtmr4NmW3WgF64m1DzmPLiDK,O wie wohl ist mir am Abend,NA,NA,NA,Volksweise,NA,NA,cc-zero,0.0,0,1,40,0,1,0,36,68,1.8888888888888888,True,2.3897341820476474,1.0,0.9134615384615384
QmQw7eCZtdehzN1A4Zdf3j8ntBcA1BWV3Dtv5xxH5W4NhG,O will you come to Jesus - Frank E. Robinson,NA,O will you come to Jesus - Frank E. Robinson,Frank E. Robinson,NA,classical,NA,publicdomain,0.0,0,0,3,1,1,0,18,395,21.944444444444443,False,2.518405297276674,0.9898734177215188,0.920343137254902
QmRaeBzft7cYKS1GY7LWKwwd6jW65oNj6oGuVojM8ERyrA,O won't that be glory - W. H. Ruebush,NA,O won't that be glory,W. H. Ruebush,NA,classical,NA,publicdomain,0.0,0,0,3,1,1,0,18,350,19.444444444444443,False,2.6615475555450936,0.9485714285714286,0.9149305555555556
Qmd7iVMKeVLVJUfG4ucxUUoiy8qy6Vzye8pgZaxS5jurzr,O wonderful story true - Haldor Lillenas,NA,O wonderful story true,Haldor Lillenas,NA,classical,NA,publicdomain,0.0,0,0,5,2,1,0,18,272,15.11111111111111,False,2.866572372020482,0.959409594095941,0.9079861111111112
QmdACiU3HcpRk2fV1t8G4UeUep2MX41o1hB1bgcU1957HU,O wonderful story which never grows old - Lydia Shivers Leech,NA,O wonderful story which never grows old,Lydia Shivers Leech,NA,classical,NA,publicdomain,0.0,0,0,4,1,1,0,20,333,16.65,False,2.347238595512792,1.0,0.8940972222222222
QmRR78WeQazWZ7eUQEN4zYKZn8ZdtP6EHTWNuYwiVGRJ6C,O wonderful wonderful hands - J. R. Murray,NA,O wonderful wonderful hands,J. R. Murray,NA,classical,NA,publicdomain,0.0,0,0,4,1,1,0,25,352,14.08,False,2.57734388191982,0.9886363636363636,0.8877314814814815
Qmeb2mzTLJ29DhVtz6H7ibiVBNckEnpjv97JUnv2nrb5EL,O wonderful wonderful tidings - Adam Geibel,NA,O wonderful wonderful tidings,Adam Geibel,NA,classical,NA,publicdomain,0.0,0,0,2,1,1,0,20,302,15.1,False,2.8547581388723136,0.9403973509933776,0.8454861111111112
QmVZNbaJbgQg6ig8sng41QQ49sNxmZzhYDMzuJhu7d6PrD,O wonderful word of salvation - J. H. Fillmore,NA,O wonderful word of salvation,J. H. Fillmore,NA,classical,NA,publicdomain,0.0,0,0,3,1,1,0,17,289,17.0,False,2.500236310152369,0.9965397923875432,0.935
QmRr9FUS4PYgKw6zZyMLb6Uq3SSH6hCMZL3uPkN2DNXA9Q,O wondrous Christ O blessed Lord - Lewis E. Jones,NA,O wondrous Christ O blessed Lord,Lewis E. Jones,NA,classical,NA,publicdomain,0.0,0,0,3,1,1,0,20,230,11.5,False,2.5936152063463376,0.9956521739130436,0.9513888888888888
QmY9RJcnzMe46ydCEg84nCbLU9ao8boCQ387WcUpQn2yU8,O wondrous love so full and free - C. Harold Lowden,NA,O wondrous love so full and free,C. Harold Lowden,NA,classical,NA,publicdomain,0.0,0,0,38,2,1,0,18,289,16.055555555555557,False,2.930091205830192,0.9342560553633218,0.9613095238095238
QmZNSAakuHgdDjRJMBnp7UV56HhBKPYCDan5CLkVAFvn5L,O wondrous orb 'tis heaven's bright morning star - James M. Baker,NA,O wondrous orb 'tis heaven's bright morning star,James M. Baker,NA,classical,NA,publicdomain,0.0,0,0,14,2,1,0,19,347,18.26315789473684,False,2.682886772496558,0.9740634005763688,0.9285714285714286
QmbjTEyStFB7z2bN2GtMSJ5PQTiLhxzUm57eTr6EFGDWTB,O words of comfort granted - George S. Schuler,NA,O words of comfort granted,George S. Schuler,NA,classical,NA,publicdomain,0.0,0,0,3,2,1,0,19,318,16.736842105263158,False,2.8154307958139664,0.9654088050314464,0.9338235294117648
QmWdxKzMtKzjT4kcmR5wmvzgbsq6bFPMNG1YZxCxe9TcTh,O work and wait a little while - Chas. H. Gabriel,NA,O work and wait a little while,Chas. H. Gabriel,NA,classical,NA,publicdomain,0.0,0,0,2,2,1,0,18,301,16.72222222222222,False,2.474976758838686,0.9966777408637874,0.9296875
QmV4CBwKSRiNcrq83aBUWScr8kJtUznxime4dPpXrSAA28,O workers happy in the Lord - B. Hillyard Sweney,NA,O workers happy in the Lord,B. Hillyard Sweney,NA,classical,NA,publicdomain,0.0,0,0,2,1,1,0,26,292,11.23076923076923,True,2.49781988741109,1.0,0.947463768115942
QmPifTznH7GmkUqAxsTd3Gscc85JgSuTzg6bXBfzR7tY8u,O world of joy untold - Ira D. Sankey,NA,O world of joy untold,Ira D. Sankey,NA,classical,NA,publicdomain,0.0,0,0,3,1,1,0,34,205,6.029411764705882,True,2.855526662069348,0.9658536585365852,0.947463768115942
QmYkyaLXkj6ySi7rDW7agzH31Y8Yd4RwT25nqo1GgdKzpo,O Worship the King all Glorious Above - LYONS,NA,O Worship the King all Glorious Above - LYONS,Misc tunes,Words: Robert Grant (1779-1838)Tune: Joseph Martin Kraus (17561792),NA,NA,publicdomain,0.0,0,0,21,1,1,0,17,44,2.588235294117647,True,2.576005132199187,1.0,0.96875
QmPX9jUibLNsMW9mXhcakRhWTbShxDPcRxE5hCKc1XPmMY,O worthy is the Lamb - William Evans,NA,O worthy is the Lamb,William Evans,NA,classical,NA,publicdomain,0.0,0,0,34,2,1,0,20,197,9.85,False,2.704730127211897,0.9847715736040608,0.9375
QmYz71ZTN1eKZLSrtBQEoePbPmvxvYdG4sPxtjZB9HU5dV,O ye children of God - H. R. Christie,NA,O ye children of God,H. R. Christie,NA,classical,NA,publicdomain,0.0,0,0,7,1,1,0,34,324,9.529411764705882,False,2.32328067105949,1.0,0.9503968253968254
QmSqXKwVhYadSGh63zcSsEXa1PELGUeiVyFnvXdTc17uT4,O Ye Men Lost and Forsaken,NA,O Ye Men Lost and Forsaken,Misc Traditional,NA,folk,NA,publicdomain,0.0,0,0,5,1,1,0,16,79,4.9375,True,2.8549095437555363,0.9746835443037974,0.9583333333333334
QmRFpjMjRT6nTTPN3wYDbH8RikGH8FgXbuG7PwWw7jjiFy,O ye reapers of life's harvest - D. M. Cathey,NA,O ye reapers of life's harvest - D. M. Cathey,D. M. Cathey,NA,classical,NA,publicdomain,0.0,0,0,4,1,1,0,29,413,14.241379310344827,False,2.6163052333584687,0.9878934624697336,0.9461805555555556
QmX4cZQHugriCzHGeUJv9btQemR78THLPXcuXbW49TtLbe,O ye tender babes - Thomas Tallis,NA,O ye tender babes,Thomas Tallis,NA,classical,NA,publicdomain,0.0,0,1,72,0,4,0-0-0-0,10,408,40.8,True,2.903543924435262,0.9405940594059404,0.9303385416666666
QmeenJ6vv9PsVLpEqUyEnMDWGwuAcL75ceFCMw8TfffKvF,O ye wanderers come to Jesus - C. R. Dunbar,NA,O ye wanderers come to Jesus,C. R. Dunbar,NA,classical,NA,publicdomain,0.0,0,0,2,1,1,0,18,326,18.11111111111111,True,2.552665227549092,0.9938650306748468,0.9291666666666668
QmSq34QYLe32qWpTDtQ4E2YM57MRs8JB5QMLXwL8pHTbmZ,O ye who are drifting on the swift tides of sin - Elisha A. Hoffman,NA,O ye who are drifting on the swift tides of sin,Elisha A. Hoffman,NA,classical,NA,publicdomain,0.0,0,0,6,1,1,0,32,496,15.5,True,2.6499835232493973,0.9899193548387096,0.9528985507246376
QmX7BHvt1c4UT8uuwaRdy63cQsNtRLhzJU2sedmTwrLsvc,O ye who are fighting the forces of wrong - Mary Herbert Munford,NA,O ye who are fighting the forces of wrong,Mary Herbert Munford,NA,classical,NA,publicdomain,0.0,0,0,3,2,1,0,20,370,18.5,False,2.744328550616575,0.9836956521739132,0.8854166666666666
QmVSaNjwKjGjrneQB6xY7ZQigK64mCxA18Gn3ZmZ4mHuG8,O ye young ye gay ye proud,NA,O ye young ye gay ye proud,Misc Traditional,NA,folk,NA,publicdomain,0.0,0,0,6,1,1,0,16,242,15.125,False,2.4204838458891658,1.0,0.9621212121212122
QmQT5sZWU8nrNMdMj99ydjPxFqG61uTZdtYXMV46Vevh1T,O you who in bondage are living - Chas. H. Gabriel,NA,O you who in bondage are living,Chas. H. Gabriel,NA,classical,NA,publicdomain,0.0,0,0,4,1,1,0,20,301,15.05,False,2.69527043533864,0.99,0.9516666666666668
QmdPqe1MECRNyBjYung5Qhhu59WGVySTHGx41yf3xXHJgV,O zajÄcu,NA,NA,NA,mel. ludowa,NA,polskamuzykaw-muzykawokalna-muzykawiecka-wroclawuniversitylibrary-publicdomain-digitallibrary-polish,cc-zero,0.0,0,0,54,1,1,0,16,40,2.5,True,2.4388452815760617,1.0,0.9427083333333334
QmYpcpoR3jXkj4bqbYTk2a6u7AL4ukzPXfqFRovqD6Cqsd,O zbudÅº siÄ wreszcie,NA,NA,NA,NA,NA,o-zbudsiwreszcie-zbudsi-zbudz-sie-ozbudzsiewreszcie-zbudzsiewreszcie-zbudzsie,cc-zero,0.0,0,0,55,1,1,0,9,71,7.888888888888889,True,2.6058885448105387,0.971830985915493,0.9322916666666666
QmcxXPPBggBMUjPWU13Q3QdZEc2QNocPcRuELEcJHhpdu8,O Zion haste thy mission high fulfilling (De Reef) - R. E. De Reef,NA,O Zion haste thy mission high fulfilling (De Reef),R. E. De Reef,NA,classical,NA,publicdomain,0.0,0,0,9,1,1,0,26,287,11.038461538461538,True,3.0472401341816395,0.940766550522648,0.986778846153846
QmNpdYBDQqEsFzqYWFkyHSBwBxcfRuDmdkbsVkNjwCCBmi,O Zion haste thy mission high fulfilling (Schuler) - George S. Schuler,NA,O Zion haste thy mission high fulfilling (Schuler),George S. Schuler,NA,classical,NA,publicdomain,0.0,0,1,14,1,1,0,25,351,14.04,False,2.976129161742977,0.9287749287749288,0.9077380952380952
QmZD6zbEdrL2JNQWiqnca1GVrLCnQb39UAh3FKMKxwxzWf,O! Blessed is the man to whom (Psalm 32 to St Marys (Prys)),NA,NA,NA,Llyfr y Psalmau 1621,NA,satb-psalm-prys-lent,publicdomain,0.0,0,1,112,0,3,0-0-0,2,86,43.0,False,2.797675728302679,0.9876543209876544,0.9908854166666666
QmeNo2jbumQ49LstyzWJhTgS6JtcdBziLQJxMR6Ch27jUm,O! For the noble mind - Arthur Berridge,NA,O! For the noble mind,Arthur Berridge,NA,classical,NA,publicdomain,0.0,0,0,5,1,1,0,24,279,11.625,True,2.874976097916334,0.953405017921147,0.9528985507246376
QmYitZth3WmVDNpushkoPGz4ah1pktBKw9GFREr68taFFb,O! had I wings like a dove I would fly - Charles Jeffreys,NA,O! had I wings like a dove I would fly,Charles Jeffreys,NA,classical,NA,publicdomain,0.0,0,0,6,2,1,0,20,299,14.95,False,2.5995786880745366,0.9966555183946488,0.9114583333333334
QmYDXVFMGcgdKzwB2i82a1FxwWqNVze65Jz7rccZGtxD9L,O! I love the name of Jesus - J. Lincoln Hall,NA,O! I love the name of Jesus,J. Lincoln Hall,NA,classical,NA,publicdomain,0.0,0,0,5,1,1,0,30,346,11.533333333333331,False,2.750054737486111,0.9855491329479767,0.9470486111111112
Qmf86ZRGC8txpG4Fi5fMMZgp7BHsbLLFmrb2SrH4EdjHpg,O! say but im glad - Mildred E. Sullivan,NA,O! say but im glad,Mildred E. Sullivan,Mildred Ellen Sullivan,classical,NA,publicdomain,0.0,0,0,33,0,2,0-0,16,226,14.125,True,2.565997549033915,0.9910714285714286,0.9392361111111112
QmbV6iesAa3QwRW6qDNxb2rfXJgkhUd1wuwpj2HCRj1XUp,O! Sweet Adare (air) 0190,NA,O! Sweet Adare,Misc tunes,Unattributedslowly,NA,NA,publicdomain,0.0,0,0,8,1,1,0,18,82,4.555555555555555,False,2.820622279093632,0.9146341463414634,0.890625
QmPEE6pCuQr2TxkQj3EHTNvwsjB6QxYgSNG87csaVy5kKS,O! what shall your influence be - Adam Geibel,NA,O! what shall your influence be,Adam Geibel,NA,classical,NA,publicdomain,0.0,0,0,2,1,1,0,21,407,19.38095238095238,False,2.74936148379491,0.9777777777777776,0.8638888888888889
Qmd8TZww7tTvd6qGcZXUfxef4f2QkV7bkcXHfkAAUf6ShQ,O' Lassie Art Thou Sleeping Yet,NA,O' Lassie Art Thou Sleeping Yet,Misc tunes,Donated by J.Benjamin Royal Oak Mich.,NA,NA,publicdomain,0.0,0,0,2,1,1,0,36,154,4.277777777777778,False,2.5946586952946395,1.0,0.9331597222222222
QmPavAK1YfMHukiktLQEpntVjDDvbB5wf9MdyWoJPSY4BA,O' Tannenbaum / Oh Christmas Tree,Bobby's Version,o tannenbaum,Misc Christmas,Robert Mosque,soundtrack,NA,cc-zero,4.26,20,73,2133,1,1,0,67,459,6.850746268656716,False,2.761556627161496,0.9847161572052402,0.9618055555555556
QmTGBJXSJRUn9vP3NwNGempoGZ1fS4EHeGgoq3s9miCERE,O' White Maive (air) 0281,NA,O White Maive,Misc tunes,Unattributedvery slow,NA,NA,publicdomain,0.0,0,0,4,1,1,0,17,63,3.7058823529411766,False,2.558643514164659,1.0,0.90625
QmcvSCvSTCzw2i1QPaWkpxqGwAwrh8TkLmeSj8ZKDpHnNn,O'Callaghan's,R\'il U\'i Cheallach\'ain,O'Callaghan's,Misc tunes,NA,NA,NA,publicdomain,0.0,0,0,1,1,1,0,17,127,7.470588235294118,False,2.502278842932528,1.0,0.9479166666666666
QmPeQQPn7gK1XJiYA3aThrGSPbUxYbwFSo76XzqSNfH5t7,O'Carolan's Concerto,NA,O'Carolan's Concerto,Misc tunes,O'Neil's,NA,NA,publicdomain,0.0,0,0,8,1,1,0,85,555,6.529411764705882,False,2.760592696171285,1.0,0.9700520833333334
QmcTjmgJ7N9GENgEixBnRxasvF51cefoHuLjYR1XVMQ8mA,O'Carolan's Welcome,NA,O'Carolan's Welcome,Misc tunes,Turlough O'Carolan,NA,NA,publicdomain,4.12,5,3,77,1,1,0,35,130,3.7142857142857135,False,2.651433244675081,1.0,0.921875
QmWYmaJJfoXiiRmjeiPNWLQSRea7sGYBMHMpj2C5pLaugn,O'Connell's Trip To Parliament,NA,O'Connell's Trip To Parliament,Misc tunes,NA,NA,NA,publicdomain,0.0,0,0,3,1,1,0,5,29,5.8,False,2.568996843141235,1.0,0.9375
QmTq13pMTmJm6hjfZKcDEXJBHcpzXduKKMYC9UG5j1MS52,O'Connell's Welcome to Dublin,Father Morrison's DelightF\'ailte roimh \'O Conaill go Baile \'Atha CliathPort Ard (An),O'Connell's Welcome to Dublin,Misc tunes,NA,NA,NA,publicdomain,0.0,0,0,6,1,1,0,45,236,5.2444444444444445,False,2.5989359843413102,1.0,0.9604166666666668
Qmbg3QYnjSAiUgNCVRzKPBySaM2i3tmvARUJ6wK2KyVXNg,O'Coughlan has a glen,NA,O'Coughlan has a glen,Misc tunes,NA,NA,NA,publicdomain,0.0,0,0,2,1,1,0,26,107,4.115384615384615,False,2.811818399335721,0.9626168224299064,0.90625
QmdwLxXkeiakx9feq6iLai4ahjPWedjmKzymBxibwZstN4,O'Donnell Aboo' (sic) (air) 0259,NA,O'Donnell Aboo,Misc tunes,after Sg't. J. O'Neillmoderately,NA,NA,publicdomain,0.0,0,0,3,1,1,0,26,153,5.884615384615385,False,2.624199026154674,1.0,0.9628623188405796
QmTDxLi2e5VMeSy1otCS1mMbazomhbv5XeWsaUivSg53Df,O'Dowd's,Dowd's Favourite,O'Dowd's,Misc tunes,NA,NA,NA,publicdomain,0.0,0,0,0,1,1,0,48,364,7.583333333333333,False,2.6032255835001887,1.0,0.9678819444444444
QmdUihKp4EfHvFpHvXLcYFEZXARNvYDReqAGVftJSc68Zr,O'Dwyer's Reel 1287,NA,O'Dwyer's,Misc tunes,after Mr. Cronin,NA,NA,publicdomain,0.0,0,0,2,1,1,0,18,120,6.666666666666667,False,2.683169137858108,0.9916666666666668,0.9661458333333334
QmUsFi7mk9SX4jBkiNK2QmenUHaWkdS5Tjfb82qJPRz6As,O'er Bogie Wi' My Love (fragment). CJS.(59),O'er Bogie,O'er Bogie Wi' My Love (fragment). CJS.(59),Misc tunes,NA,NA,NA,publicdomain,0.0,0,0,1,1,1,0,11,76,6.909090909090909,False,2.4821972491470228,1.0,0.8880208333333334
QmbEeZkYSqKC54WVZXmP8aSFKkWj1YVDATMKhNzrvrEcBs,O'er Jordan's dark and stormy river,NA,O'er Jordan's dark and stormy river,Misc Traditional,NA,folk,NA,publicdomain,0.0,0,0,3,1,1,0,24,318,13.25,False,2.496805425204299,0.9937106918238994,0.9347826086956522
QmPXqHfFjeSZfaF83uWKvFD2GqiATVBCtuxgyh5SqbnZWj,O'er Muir Amang the Heather,NA,O'er Muir Amang the Heather,Misc tunes,NA,NA,NA,publicdomain,0.0,0,0,2,1,1,0,18,256,14.22222222222222,False,2.4242418074663963,1.0,0.8697916666666666
Qme7uBTcoDWbE1iXcbj8zxrfR3urAVqPCxLZXABwKSYCbq,O'er our pathway glowing - F. H. Cowen,NA,O'er our pathway glowing,F. H. Cowen,NA,classical,NA,publicdomain,0.0,0,0,3,2,1,0,25,324,12.96,True,2.9549912533672185,0.9444444444444444,0.9444444444444444
QmQrCEiZjEmF1fEVWNHsh7nbMRzG3zbxVEkgTykpaXFdoL,O'er the billows light is streaming - Adam Geibel,NA,O'er the billows light is streaming,Adam Geibel,NA,classical,NA,publicdomain,0.0,0,0,2,2,1,0,19,337,17.736842105263158,False,2.7441060629547502,0.9821428571428572,0.9404761904761904
QmUjnqGGMxbeiB42rWEGftHjc5NZ2yPaDrn44xaYctFSq4,O'er the Boggie,Longways for as many as will.,O'er the Boggie,Misc tunes,NA,NA,NA,publicdomain,0.0,0,0,1,1,1,0,10,70,7.0,False,2.5147297930320214,1.0,0.8697916666666666
QmQYKwp3cRyMgDuNE2qGU87B6o5YWqN3nRDovzPJyTVxoQ,O'er the Brig to Peggy,Over the Bridge to Peggy [1],O'er the Brig to Peggy,Misc tunes,NA,NA,NA,publicdomain,0.0,0,0,4,1,1,0,32,118,3.6875,False,2.802041368325892,0.9745762711864406,0.9635416666666666
QmankiftG2vnLMhhmivhANRseYEM2KYy6W8a3cs9bpwsXC,O'er the dreary mountains - Thos. P. Westendorf,NA,O'er the dreary mountains,Thos. P. Westendorf,NA,classical,NA,publicdomain,0.0,0,0,2,1,1,0,17,259,15.235294117647058,True,2.624532300645563,0.9845559845559846,0.9348958333333334
QmbC6gMLZacPC7994P5bK4XczdeW1GYSasx1gEbVWkgTaC,O'er the earth the chorus rings - Ira B. Wilson,NA,O'er the earth the chorus rings - Ira B. Wilson,Ira B. Wilson,NA,classical,NA,publicdomain,0.0,0,0,2,1,1,0,16,194,12.125,True,2.724773129106945,0.9742268041237112,0.95703125
QmYemY2QMfCyEa9H2UFE9pboUYRTp4xyZJ1PKTSnfzKzuf,O'er the hills the sun is setting - Jas. McGranahan,NA,O'er the hills the sun is setting,Jas. McGranahan,NA,classical,NA,publicdomain,0.0,0,0,8,2,1,0,26,413,15.884615384615383,False,2.6927816377963323,0.9564164648910412,0.8447916666666666
QmUttfcmgM9uvA987RbyrbLgyBuxw1T8qkPv2rVayAJPyV,O'er the Lee,Sandy o'er the Lea [1],O'er the Lee,Misc tunes,NA,NA,NA,publicdomain,0.0,0,0,3,1,1,0,40,234,5.85,False,2.4719067579138536,1.0,0.9427083333333334
QmSpU7XMWzCJ9efAvuviZ7xUVBGBXcB47HesnJcNgssyDX,O'er the Moor Among the Heather,Aldavaligh,the ROSE AMONG THE HEATHER,Misc tunes,NA,NA,NA,publicdomain,0.0,0,1,42,1,1,0,32,351,10.96875,False,2.5280217801896114,0.9886039886039886,0.9075520833333334
QmQuv3QzYvoesE6S3d5iBbM4R9VVE2rWvmAVX79gSfyswp,O'er the Moor among the Heather,NA,the ROSE AMONG THE HEATHER,Misc tunes,NA,NA,NA,publicdomain,0.0,0,0,23,0,2,0-0,16,196,12.25,False,2.189147615968462,1.0,0.96875
QmXJYY5H5E4a6iFqn9daXmsMKvbR7rhUdiJ8uCohixwLHj,O'er the Moor among the Heather,NA,the ROSE AMONG THE HEATHER,Misc tunes,NA,NA,NA,publicdomain,0.0,0,0,35,1,1,0,32,280,8.75,False,2.406392155256842,1.0,0.91796875
QmXp6F1xteAq2j5AwsmGnHPi7g4jvrUMbudJgaijb8SvnL,O'ER THE MUIR AMANG THE HEATHER,NA,O'ER THE MUIR AMANG THE HEATHER,Misc tunes,NA,NA,NA,publicdomain,0.0,0,0,2,1,1,0,8,69,8.625,True,2.4209766956258485,1.0,0.9166666666666666
QmaENSR2vYDiQinVuK6fi42fqMjbw3fquyz2i8emSk35Lr,O'er the Muir to Maggie,NA,O'er the Muir to Maggie,Misc tunes,NA,NA,NA,publicdomain,0.0,0,0,1,1,1,0,108,678,6.277777777777778,False,2.699448536979933,0.991150442477876,0.9542100694444444
QmWAU9noKYLGyDtq44Zza5rxFMgqTjpF23kz7Tpa59fZVM,O'er the muir to Maggie [3] with variations,NA,O'er the muir to Maggie [3] with variations,Misc tunes,NA,NA,NA,publicdomain,0.0,0,0,0,1,1,0,636,4146,6.518867924528302,False,2.632303214345137,1.0,0.957275390625
QmXS4w5SUXUFpZNfScbijmJUPGcecezFTCkArQqyMMDzs1,O'er The Muir To Maggy. HSJJ.152,NA,O'er The Muir To Maggy. HSJJ.152,Misc tunes,NA,NA,NA,publicdomain,0.0,0,0,3,1,1,0,36,192,5.333333333333333,False,2.651166089978916,1.0,0.943359375
QmNYqdC6R5h6NWm2BGJhg2P9bGRtjc8vcD2A6KrujfAzjW,O'er Young to Marry yet,NA,O'er Young to Marry yet,Misc tunes,NA,NA,NA,publicdomain,0.0,0,0,1,0,2,0-0,20,194,9.7,False,2.2407911887637564,1.0,0.9401041666666666
QmXCFuocsQqbc3G19UQ2HabWvtqHux4u4uvJZvaEsqpeoM,O'Farrell's Welcome,NA,O'Farrell's Welcome,Misc tunes,NA,NA,NA,publicdomain,0.0,0,0,2,1,1,0,40,320,8.0,False,2.743403583563488,0.9625,0.9430555555555556
QmVywBb1GUA5zo2UKAAmgV14n6Jt71qToBKEGLu3Qqa1QD,O'Farrell's Welcome to Limerick,NA,O'Farrell's Welcome to Limerick,Misc tunes,NA,NA,NA,publicdomain,0.0,0,0,9,1,1,0,50,380,7.6,False,2.6537677362985823,0.9894736842105264,0.9475308641975309
QmNjZRHeYvQ2ybZs9r8bXkBZ2tpokAgL3HaaPJdL8s5JHC,O'Farrell's Welcome To Limerick,An Phis Fhliuch,O'Farrell's Welcome to Limerick,Misc tunes,NA,NA,NA,publicdomain,0.0,0,1,14,1,1,0,40,306,7.65,False,2.737142524832892,0.9607843137254902,0.948822463768116
QmeZ5nj84aqxsmVe92Z5EdUhZNuP1dZbyxPJMGU4kcRAGj,O'Gallagher's Frolics (jig) 1008,Transposed from F,O'Gallagher's frolics,Misc tunes,Unattributed,NA,NA,publicdomain,0.0,0,0,9,1,1,0,38,190,5.0,False,2.727796483307371,0.9894736842105264,0.92
QmasTgsjmydH77WCvozPPQVyTj3jXTCMRNEba1LoYpNEFV,O'Keefe's Plow,Tom Billy's Reel,O'Keefe's Plow,Misc tunes,NA,NA,NA,publicdomain,0.0,0,0,2,2,1,0,41,877,21.390243902439025,False,2.6903297680262845,0.9783352337514252,0.9144283746556474
Qmf2uXcUzemSCmBYLTCkAJ6CHwm15eYB3Zd6vVYvcFA6Jo,O'Neill's March,O' Neill's MarchO'Neill's CavalcadeO'Neill's CavalryO'Neill's Cavalry March,O'Neill's March,Misc tunes,NA,NA,NA,publicdomain,0.0,0,1,35,1,1,0,20,92,4.6,False,2.503655080267688,1.0,0.9537037037037036
QmTVPX2fJ4xBYsvZNDFYkRhmbnFoJCHoc76ogHb6HoWmLp,O'Reilly's Favorite,NA,O'Reilly's,Misc tunes,NA,NA,NA,publicdomain,0.0,0,0,2,1,1,0,45,230,5.111111111111111,False,2.326421127709415,1.0,0.9777777777777776
QmVoTgtjVE74KjRi6QenGyu5ZJ7u9JhaA7S4kSxriMN4pV,O'Reilly's Favorite (jig) 1059,NA,O'Reilly's,Misc tunes,by Mr. O'Reilly,NA,NA,publicdomain,0.0,0,0,2,1,1,0,38,192,5.052631578947368,False,2.434437912777403,1.0,0.9783333333333332
QmNyk9hpVACUwszpGaqZwV1fCqmFsmN9K4CDshERfDhCvz,O'Reilly's greyhound,NA,O'Reilly's,Misc tunes,anon.,NA,NA,publicdomain,0.0,0,0,3,1,1,0,19,117,6.157894736842105,False,2.624548639595233,1.0,0.9485294117647058
QmSU4UjvjcHNH75Ab6UHkjyk8ZQAgJFzdDLKMJegnvU1Ka,O'Reilly's Greyhound (reel) 1488,NA,O'Reilly's,Misc tunes,after Mr. O'reilly,NA,NA,publicdomain,0.0,0,0,3,1,1,0,18,130,7.222222222222222,False,2.522038156903296,1.0,0.9778645833333334
QmRKk8kMjU9RgxWH627qrX1J7sL7vxvbg2J8mRXtxojNFY,O'Reilly's Lamentation (air) 0272,NA,O'Reilly's,Misc tunes,after Chief F. O'Neillslow,NA,NA,publicdomain,0.0,0,0,2,1,1,0,13,78,6.0,False,2.6926116525101977,1.0,0.8842592592592593
QmQ24vj9MuNs1fvGBqQcDG9Hc3ZGcrDGcjken2BKV1PfZq,O'Reilly's Reel,NA,O'Reilly's,Misc tunes,NA,NA,NA,publicdomain,0.0,0,0,2,1,1,0,35,255,7.285714285714286,False,2.672619064244276,1.0,0.9069010416666666
QmT1tY8c5D91GAcQAfoyUV4THtrWUQESU1dXTrxGuDDShm,O'Rourke's Feast,NA,O'Rourke's Feast,Misc tunes,NA,NA,NA,publicdomain,0.0,0,0,2,1,1,0,26,147,5.653846153846154,False,2.7123440350178627,1.0,0.925925925925926
QmR7hjAjwPaUEoQg5kYefiH5VYYWLhMNQv8e66FB3kUidJ,O'Sullivan Mor,I Won't Be a Nun,O'Sullivan Mor,Misc tunes,NA,NA,NA,publicdomain,0.0,0,0,1,1,1,0,85,306,3.6,False,2.462733921665127,0.9934640522875816,0.9260416666666668
QmUsRb8Sc6c7SNsR8SpJkXJN7uzwZZRFADraYSnQgz3bwj,O'Sullivan's (I Won't Be A Nun),NA,I Won't Be A Nun,Misc tunes,NA,NA,NA,publicdomain,0.0,0,0,7,1,1,0,108,790,7.314814814814815,False,2.835942071087925,0.9721518987341772,0.916015625
QmeJGfKBrTgKHcj18xWddsa26xoKEWPKyxNVyVo8SuQYcR,O'Sullivan's March (78),NA,O'Sullivan's march,Misc tunes,NA,NA,NA,publicdomain,0.0,0,0,6,1,1,0,36,302,8.38888888888889,False,2.724943565580598,1.0,0.8949652777777778
QmYDwT841cs9UAApzWciMbsqoKsb8zthiEYRNqq4ooc3eA,O'Sullivan's March / Oscar & Malvina Highland March,NA,O'Sullivan's march,Misc tunes,NA,NA,NA,publicdomain,0.0,0,0,27,1,1,0,87,459,5.275862068965517,False,2.6932677328361305,0.9869281045751634,0.9632161458333334
QmYmNu999zuDpjRMzmtjKUAuAfYdaUKVKLKRaA1FShRMqb,OAK HALL QUICKSTEP,NA,OAK HALL QUICKSTEP,Misc tunes,NA,NA,NA,publicdomain,0.0,0,0,0,0,3,0-0-0,54,644,11.925925925925926,False,2.6783193852924483,0.9810725552050472,0.9315476190476192
QmaYEyxuMn9UjwSFWXi6ok5tXTRpLoYmr9jH83KGpLyYVe,Oak Leaf Rag in D Major,NA,NA,NA,NA,NA,NA,cc-zero,0.0,0,0,46,2,1,0,70,1521,21.728571428571428,False,2.964055743602048,0.9190444591904446,0.9285714285714286
QmaChZwtTrjh6gQ6E7bA9XSEp2XfzK3s9yfy9BQdZz2rzA,Oakley - S. M. Bixby,NA,Oakley,S. M. Bixby,NA,classical,NA,publicdomain,0.0,0,0,2,1,1,0,18,194,10.77777777777778,True,2.861092923654499,0.9381443298969072,0.9583333333333334
QmNND64PndC6f5caxUHntL2zACBXd8rAjJ3xhWV8ZAhhxu,Oats Peas Beans,NA,Oats Peas Beans,Misc tunes,NA,NA,NA,publicdomain,0.0,0,0,2,1,1,0,50,206,4.12,False,2.7238060641715025,0.9805825242718448,0.9097222222222222
Qmf4Yirv9FRWLdnmYS95ncKokB4KiFT79dJGkcmCzkNTdR,Oats peas beans and barley grow,NA,Oats peas beans and barley grow,Misc tunes,anon.,NA,NA,publicdomain,0.0,0,1,36,1,1,0,8,32,4.0,True,2.164850554122894,1.0,0.9739583333333334
QmXWhRk4Y6wAdcP4rXeyr94iRt4ZSX72HTV8yLqfhAGnTt,Obaudite me - Alessandro Grandi,NA,Obaudite me,Alessandro Grandi,NA,classical,NA,publicdomain,0.0,0,0,2,0,5,0-0-0-0-0,278,3420,12.302158273381297,True,3.055360071666942,0.9144736842105264,0.9522298177083334
QmUTSfERrLuArjxEXNtKqPkD2VHXXayZ29ubbYpxDfV7MR,Obertas,NA,NA,NA,W. Rzepko,NA,polskamuzykaw-polonica-pienipatriotyczne-muzykawokalna-piewniki-wroclawuniversitylibrary-publicdomain-digitallibrary-polish,cc-zero,0.0,0,0,68,1,1,0,17,55,3.235294117647059,True,2.743053306285648,0.9818181818181818,0.921875
QmVeuHC5vz8knaEpWTZCZynjfGrtoYfdzA53RQqFnwdnsD,Obey princess,NA,Obey princess,Juan Francisco Piqueras Toharias,JFPKMN,NA,NA,cc-zero,0.0,0,0,11,0,2,0-1,60,1842,30.7,False,2.822952070481631,0.825,0.9353813559322034
QmPChEFLeDcTUy6vRbuxcsN91G96xSXPUSjMJGP2Df2MQi,Obey the Lord 'tis better far - A. L. Byers,NA,Obey the Lord 'tis better far,A. L. Byers,NA,classical,NA,publicdomain,0.0,0,0,6,1,1,0,10,135,13.5,False,2.468625452410529,0.9925925925925926,0.9652777777777778
QmfCVftGuM2iC4WZMFgqjsVTxX3Nbz9pmkedntisFCtxZ4,Obiit - W. Parratt,NA,Obiit,W. Parratt,NA,classical,NA,publicdomain,0.0,0,0,1,1,1,0,24,170,7.083333333333333,True,2.895003027030349,0.9647058823529412,0.9861111111111112
QmVKLiEnpTS4XE7Aq2KZ1HmS43PCbqxP5f1vhYxpDnutLG,Objection (piano ver),NA,Ace Attorney - Objection!,Misc Computer Games,transcribed by momochanpwnu,soundtrack,piano-orchestra-square-orchestar-aceattorney-phoenixwright-objection-objectionpiano-gyakutensaibanorchestra-gyakutensaiban,cc-zero,4.93,13,157,17059,0,2,0-3,100,2453,24.53,False,3.059818994707025,0.9046066041581736,0.93013468013468
QmX8ubweNcetbEt3cnfVFxf2zmctzHctga62oQDyPQeEX8,Oblivion - M83,NA,oblivion,M83,NA,rock-electronic,NA,cc-zero,4.66,15,49,1257,2,1,0,34,524,15.411764705882351,False,2.6828559075251235,1.0,0.9583333333333334
QmTMGHPgomLzgfYmn4WST1Ayz9KKjiGhZNv2WKdPfVvMPa,oboe honor band hbuhsd,NA,NA,NA,NA,NA,NA,cc-zero,0.0,0,0,16,1,1,0,18,170,9.444444444444445,False,3.205858007459392,0.8705882352941177,0.9340277777777778
Qmc7zEbQzyimY5iohQkTna4MQoS4k4CFQQqEjTG6QLCDUA,ObudÅº siÄ,NA,NA,NA,mel. ludowa,NA,muzykawokalna-polskamuzykaw-muzykawiecka-wroclawuniversitylibrary-publicdomain-digitallibrary-polish,cc-zero,0.0,0,0,59,1,1,0,8,28,3.5,True,2.492036299796517,1.0,0.9635416666666666
QmWSS2ePaFnvBGp4Q8tvqxArueeA87WHHAQyWRxK3WbT7E,Oby dobry Pan Bóg daÅ,NA,NA,NA,NA,NA,polskamuzykaw-polonica-pienipatriotyczne-muzykawokalna-piewniki-wroclawuniversitylibrary-publicdomain-digitallibrary-polish,cc-zero,0.0,0,0,45,1,1,0,20,75,3.75,True,2.6940214342020434,1.0,0.9360119047619048
QmYQcCfYTaHNzCtLFC3tiFzqEuAgNzFUheG3Bv5gfHMYmx,Ocarina of Time Kakariko Village,NA,NA,NA,Koji Kondo Arr. Michael Glendening,NA,zelda-ocarinaoftime-kojikondo-gamesoundtrack,cc-zero,4.83,3,19,472,1,1,0,87,756,8.689655172413794,False,2.778072928750311,0.9761904761904762,0.9980769230769232
QmRYyHTsxhT9DoANMTeC1XJ5yf7rxV5RaKMrC56vaHYC6v,Ocarina of Time Medley,NA,The Soundtrack from The Legend of Zelda: Ocarina of Time,Koji Kondo,Songs by Koji Kondo (arr. The Happy Song Salesman),soundtrack,NA,cc-zero,0.0,0,9,128,2,1,0,129,1804,13.984496124031008,False,3.333841317105447,0.8113207547169812,0.9466145833333334
QmWgvJ2ntK4SivnrTWTkHsTYysaoMb6ZzPt5D24NfC1FCM,Occhi'un tempo mia vita - Hettorre della Marra,Transcribed from Di Scipione Lacorcia Il Terzo Libro de Madrigali a cinque voci 1620 printed by Costantino Vitale,Occhi'un tempo mia vita,Hettorre della Marra,Hettore della Marra (c.1570-1634),classical,NA,publicdomain,0.0,0,0,3,0,5,0-0-0-0-0,82,595,7.2560975609756095,True,3.3540353025781875,0.8347676419965576,0.974339430894309
QmeULaLyv9R9ptWm2H3jkh7YFRzHLfdJZmBKZthpWJu4c5,OCEAN (Swan) - Timothy Swan,NA,OCEAN (Swan),Timothy Swan,NA,classical,NA,publicdomain,0.0,0,0,5,0,6,0-0-0-0-0-0,38,693,18.23684210526316,False,2.609226117838268,1.0,0.9457236842105264
Qmehtg5VPN81aeJsTZeinBXE8UYcsP8bPnux8a8T3DzDkq,Ocean Breeze,NA,Ocean Breeze,Elu_,NA,NA,jazz-lakeyinspired-chillvibez-oceanbreeze,cc-zero,0.0,0,6,212,0,2,0-0,57,1331,23.35087719298245,False,2.9487781809837603,0.9307750188111362,0.9293154761904762
QmSjfqy5DNKxpAUhwfQeyBzbrhshxeSX5baMJiNTBhWsAN,Ocean Eyes - Billie Eilish,A Capella,ocean eyes,Billie Eilish,NA,pop-rbfunksoul,billieeilish-oceaneyes-acapella-acapella-satb,cc-zero,0.0,0,30,619,0,5,0-0-0-0-0,58,1219,21.017241379310345,True,2.6642070501845883,1.0,0.9454022988505748
QmWCw4jgz5vhwzxeLNu5cvw2cSCagtFueWkQqFXY9hUSAz,Ocean Man - TTBB A Cappella,TTBB A Capella,ocean man,Ween,NA,rock,ween-oceanman-spongebob-themollusk-spongebobsquarepantsmovie-creditstheme,cc-zero,4.85,4,50,3934,0,5,0-0-0-0-0,42,1004,23.904761904761905,True,2.8091883916651827,0.9916405433646812,0.9425813008130082
QmPnPmu4XCV9vkeYfkbU7aEJb7RaHaqWmx58XaNaAucKFm,Ocean op. 3,NA,Ocean op. 3,Fabian Reiß,Fabian Reiß,NA,ocean-op,cc-zero,0.0,0,0,5,1,1,0,52,759,14.596153846153848,False,1.6181779796408209,1.0,0.9791666666666666
QmYdF3Cx2YaY9YoRkQMeVDnaDKktqZ9Q8e3A7sv2mkNvzC,OCEAN WALTZ,NA,Shells of Ocean Waltz Op.196,James Bellak,NA,NA,NA,publicdomain,0.0,0,0,2,1,1,0,64,152,2.375,False,2.7077905649094625,0.986842105263158,0.9609929078014184
QmTrbn8teFmMFDVX7ojztrMSyVYKM5c1F74g13V6C9s5ZB,Oceano - Djavan,NA,oceano,Djavan,Compositor: Djavan,pop-worldmusic,piano-pianosolo-djavan-arranjo-solo-oceano-mpb-pianopopular-popular,cc-zero,4.82,47,61,1298,1,1,0,66,520,7.878787878787879,True,3.262714468926636,0.8269230769230769,0.9311224489795918
QmZqGgq5Z5hV4pxH2nUaDqCamghwjTmbz9bakpSRqo6jcL,oceanside.mid,NA,NA,NA,NA,NA,ocean-calm,cc-zero,0.0,0,0,12,1,1,0,76,647,8.513157894736842,False,2.941306996804015,0.93343653250774,0.9535984848484848
QmaLU3pDKrZ4AKxmQYFcje9DqZsHZBc6vssDBnCN4TQ5AQ,Och jungfrun hon g\aar i dansen,NA,Och jungfrun hon g\aar i dansen,Misc tunes,NA,NA,NA,publicdomain,0.0,0,0,1,1,1,0,20,46,2.3,True,2.65738374416938,1.0,0.9678030303030304
QmbR3sEEHUbK3do89kyYxWeJhDDtzogRiVBifnxQxG5Lyh,Och! mar tha mi,How sad am I,Och! mar tha mi,Misc tunes,NA,NA,NA,publicdomain,0.0,0,0,10,1,1,0,8,36,4.5,False,2.262065604550619,1.0,0.9236111111111112
QmdUrF9XyERovayih6DpB1xHJBiPmkBpDHt9ySuCcbAsZs,Och-Ochone,NA,Och-Ochone,Misc tunes,NA,NA,NA,publicdomain,0.0,0,0,3,1,1,0,9,47,5.222222222222222,False,2.67121077109171,1.0,0.949074074074074
QmXFxRVxebCfKTkBAdMAi859xnFFRceQegeJHCjnrQfmsG,Ochi chorniya,Black Eyes,Ochi chorniya,Misc tunes,NA,NA,NA,publicdomain,0.0,0,0,9,1,1,0,16,40,2.5,False,2.6201840889870174,0.875,0.9427083333333334
Qmcc5X95h4eKpNcW9tQ1HffMG8GnMFuFpzPEtELNBUs6zf,Octave+Location+Chart,NA,Octave+Location+Chart,pacofront,Yours Truly,NA,NA,cc-zero,0.0,0,0,90,1,1,0,6,50,8.333333333333334,True,2.805678055246338,1.0,0.9600694444444444
QmecvQCAXGvX7dNDBLKdEMYhxaehk3gdBMQ5ccBY5wGDS8,October: Autumn Song from Tchaikovsky's The Seasons,Autumn Song from The Seasons,The Seasons Op.37a,Pyotr Ilyich Tchaikovsky,P. Tschaikowsky Op. 37a No. 10,classical,tchaikovsky-october-autumnsong-theseasons-piano-classical-romanticera,cc-zero,4.82,247,652,24757,2,1,0,56,916,16.357142857142858,False,3.193848642219034,0.8646288209606987,0.8093905472636815
QmU6tYrnAfBPWuNTFUYtLMMjH9UxTkPyndCCQaADoMAnEJ,Octobre - Francis Cabrel,NA,octobre,Francis Cabrel,Arrangeur : Stéphane Behr,rock-pop-folk,piano-franciscabrel,cc-zero,4.83,15,76,2632,1,1,0,162,1095,6.75925925925926,False,2.698154247700041,1.0,0.993698559670782
QmecGg6akuc3LYHRoMb6mh8cQ2nskiWY6yMKiuBE7iP24s,Oculi eius - Francesco Casati,NA,Oculi eius,Francesco Casati,NA,classical,NA,publicdomain,0.0,0,0,3,0,6,0-0-0-0-0-0,55,1516,27.563636363636363,False,2.9201236425337447,0.9591381872213968,0.9528508771929824
QmbcSLXJPvprCVX3seiwZidfXjCbpWkwtt2KJanQD2G6e8,Oculi omnium II - Charles Wood,NA,Oculi omnium II,Charles Wood,NA,classical,NA,publicdomain,0.0,0,0,19,0,4,0-0-0-0,29,208,7.172413793103448,True,2.822191426883344,0.9951923076923076,0.9714147286821704
QmY3woEFgKhferaMHeq4Wr7VdV7fV4L5VzAXAEZotm8Bjn,Oczka zmruÅ¼,NA,Oczka zmruÅ¼,el_sebeth,NA,NA,NA,cc-zero,0.0,0,0,5,1,1,0,12,36,3.0,True,2.379442340361249,1.0,0.9189814814814816
QmQMtA9fNy2SdFbXTtUYf3idBReJgQeFpfCoz8A1pVrU9h,Od's Zounds Make Room For Cuckolds. ASH.16,NA,Od's Zounds Make Room For Cuckolds. ASH.16,Misc tunes,NA,NA,NA,publicdomain,0.0,0,0,4,1,1,0,16,82,5.125,False,2.423586668946431,1.0,0.9696180555555556
QmUihgDpwfCFewCzS8WhbtMXrVCHBDLQXdHTbMPBAtfrEw,Oda do radoÅci,z IX Symfonii,Joyful joyful we adore Thee,Ludwig van Beethoven,Ludwig van Beethoven,classical,NA,cc-zero,0.0,0,0,151,0,1,0,16,62,3.875,False,2.231360006899794,1.0,0.9713541666666666
QmYLujmiUZXfVaKgu2EjF2xA6wqGBrRZbRRaee32562scp,Ode an die Freude,Kaveh's Variation,Symphony No.9 Op.125,Ludwig van Beethoven,Ludwig van Beethoven,classical,odetojoy-odeandiefreude-beethoven-ludwigvanbeethoven-variation,cc-zero,4.41,14,37,2406,1,1,0,16,189,11.8125,False,2.4495245993351675,0.9947089947089948,0.9895833333333334
QmfNzrwdpMRxQzEeP4DkmefPNKRcTGQBj9n53GsYohCEUN,Ode On Science - Jezaniah Sumner,NA,Ode On Science,Jezaniah Sumner,NA,classical,NA,publicdomain,0.0,0,0,3,0,3,0-0-0,76,720,9.473684210526317,False,2.61357251339628,1.0,0.959703947368421
QmXrYHFNm8f6A3w2Nx97DJPWTgNnvhAcbgVkXVQzeDVrP8,Ode to a Pumpkin I Grew,Magic Book of Spells,NA,NA,NA,NA,NA,cc-zero,0.0,0,0,98,1,1,0,16,292,18.25,False,2.8586977095058144,0.9726027397260274,0.9388888888888888
QmXWBURe48nbNXaFgz4Fhuv3p43nvqukyGufkYujjmFoCZ,Ode To Joy,NA,Symphony No.9 Op.125,Ludwig van Beethoven,NA,classical,NA,publicdomain,0.0,0,0,13,1,1,0,16,64,4.0,False,2.2294766653985527,1.0,0.9557291666666666
QmXa4xixopTG1f7Q96UL1KU7skUQtk25XnNjXS61QbAZy5,Ode to Joy,NA,NA,NA,Composer,NA,piano,cc-zero,0.0,0,2,45,1,1,0,16,83,5.1875,False,2.256042221811861,1.0,0.9635416666666666
QmcziG7TmxfmZADkf3EZ2UQ5A6o23ngn1tTFU5aKxamAcQ,Ode to Joy Easy,Final of the Ninth Symphony,Symphony No.9 Op.125,Ludwig van Beethoven,L. van Beethoven,classical,easy-ode-to-joy-beethoven-scores,cc-zero,0.0,0,4,62,1,1,0,16,94,5.875,False,2.263675328618974,1.0,0.9713541666666666
Qmc7RShoqv2UCa4Sm7n1ghUh2RkkD2WbxnGnxMtPZPw9nV,Ode to Joy Harmonization,NA,Symphony No.9 Op.125,Ludwig van Beethoven,Jodi Vuong,classical,NA,cc-zero,0.0,0,1,139,1,1,0,16,127,7.9375,False,2.542134624306976,1.0,0.9713541666666666
QmQVEBL8PE46mr6zDP5RAHgbVhXmqz15uLCFJAzuhcdC7P,Ode to Juries,NA,Ode to Juries,Zach Fincher,Cori Matney,NA,NA,cc-zero,0.0,0,0,11,2,1,0,13,170,13.076923076923077,False,3.112896369241448,0.8647058823529412,0.8420138888888888
Qmf3Abg2MfJV26xwz2EbwcGUdsnj9EWjd5NsxWm8ZdrTvM,Ode To Rick - Exspear Bound,NA,NA,NA,DeeperData,NA,NA,publicdomain,0.0,0,1,50,1,1,0,70,410,5.857142857142857,False,2.8360401955612984,0.9780487804878047,0.9386217948717948
QmPeBipEmKpZ7y6WK4qx3mxPhavStNni3nWTxbT2hyfusd,Ode to Saint Thomas Aquinas - Francisco Valls,Recitado y aria a 8 uno y otro a Santo Tomás de Aquino,Ode to Saint Thomas Aquinas,Francisco Valls,Francisco Valls (1665-1747),classical,NA,publicdomain,0.0,0,0,11,0,13,0-0-0-0-0-0-0-0-0-0-0-0-0,136,5454,40.10294117647059,True,3.05035691384873,0.9134933774834436,0.9125586854460094
QmbszVjhp5zR34cAGdDmNiJdDYeHbT9KULj2NK6kwu62DR,Ode à Alegria,Nona Sinfonia,NA,NA,Bethoven,NA,classicas,publicdomain,0.0,0,7,218,1,1,0,8,32,4.0,True,2.2120310230081115,1.0,0.96875
QmXSLQKVZPn958cnVLFwDb7oLrkEFAEL98u6RvxCGx92zq,Ode à Alegria (Nona Sinfonia),NA,Symphony No.9 Op.125,Ludwig van Beethoven,NA,classical,beethoven-sinfonia-odeaalegria,cc-zero,4.74,52,81,10573,0,2,0-0,17,184,10.823529411764708,False,2.434619377359605,1.0,0.9901960784313726
QmV72LvYr6Sf11HWKMWHZNZr1xn8z1PWADTExB72HxrF9f,Ode à Andrea Et Phil,NA,Ode à Andrea Et Phil,Misc tunes,NA,NA,NA,publicdomain,0.0,0,0,0,1,1,0,66,289,4.378787878787879,False,2.7727546814625885,0.9965397923875432,0.8836805555555556
QmUkHbjAEdr8ntgLJQF6ModCQK1uqsKs9fghfhxQc9BrLu,Odessa Bulgar 2,Odessa bulgarish,Odessa Bulgar 1,Misc tunes,NA,NA,NA,publicdomain,0.0,0,1,41,1,1,0,87,260,2.9885057471264367,False,2.626803470232511,1.0,0.9190891472868216
QmQCEWXTC9GNsxmQU1iTXdvT3FnF1zzg7MNYGu6rioifBw,Odessa Bulgar 3,NA,Odessa Bulgar 1,Misc tunes,NA,NA,NA,publicdomain,0.0,0,0,3,1,1,0,196,594,3.03061224489796,False,2.813064368255721,0.925925925925926,0.9236111111111112
Qmdn3pxEiFgypMXv4tVwoyKbUYVP8gN4R6ACb4DoHFSXV6,OdityThe. WM.112,OddityThe. WM.112,OdityThe. WM.112,Misc tunes,NA,NA,NA,publicdomain,0.0,0,0,0,1,1,0,32,176,5.5,False,2.55700436851612,1.0,0.9722222222222222
QmQAmbAV4xyGkYuCj3BzkGUxKGu5K5Ua7WjRPqwG9CtP2z,OdityThe. WM112,OddityThe. WM112,OdityThe. WM112,Misc tunes,NA,NA,NA,publicdomain,0.0,0,0,0,1,1,0,4,24,6.0,False,2.5587462305923774,1.0,0.9444444444444444
QmNrBVHa4V7XxBdfShd7jsc5JBFjRUKH9GG9s7YH4NsdVZ,Odmowa,NA,NA,NA,A. Minchejmer,NA,polskamuzykaw-polonica-pienipatriotyczne-muzykawokalna-piewniki-wroclawuniversitylibrary-publicdomain-digitallibrary-polish,cc-zero,0.0,0,0,47,1,1,0,24,82,3.4166666666666665,True,2.824825293328387,0.926829268292683,0.8541666666666666
QmPp6KR3ptL2E2ABbjeAMTzaLeaEvhFUkWPj582iAKvxaX,OE'R THE MOOR AMONG THE HEATHER -- STRATHSPEY,NA,the ROSE AMONG THE HEATHER,Misc tunes,NA,NA,NA,publicdomain,0.0,0,0,7,1,1,0,16,140,8.75,False,2.406392155256842,1.0,0.9140625
QmYmJghYzguEAXvmXCxA61RTd8DfDnx1xoSHCribSo6buS,oefening Els 5,klavier,oefening Els 5,geert van eynde,NA,NA,NA,cc-zero,0.0,0,0,4,1,1,0,26,80,3.076923076923077,False,2.8935423971431806,0.95,0.999198717948718
QmaL2jHydK77RMq3A8bgM8vet3bnD2LZKqA5cha2FeBCWB,OeiOei (Jan Boezeroen),NA,NA,NA,NA,NA,hvbuul,publicdomain,0.0,0,0,91,1,1,0,131,275,2.099236641221374,False,2.727432293645897,1.0,0.951530612244898
QmdmyBLb1g7bDTTdtJHnwmxusxfFQTW54fjZzU3zWM1Gr7,Oer Judahs plain; there fell a strain - J. Lincoln Hall,NA,Oer Judahs plain; there fell a strain,J. Lincoln Hall,NA,classical,NA,publicdomain,0.0,0,0,6,1,1,0,26,283,10.884615384615383,False,3.0294165050076494,0.9363957597173144,0.893640350877193
QmcYoBLtCAwqEiLS4MuHnR3NiH86LJL1T5yFJ3aY7jxnUX,Oer the Moor Amang the Heather,NA,Oer the Moor Amang the Heather,Misc tunes,NA,NA,NA,publicdomain,0.0,0,0,2,1,1,0,32,394,12.3125,False,2.537225609941433,0.9898477157360406,0.9088541666666666
QmZ7P4YYrAuSSwkURmmY2vYBQP2KeY4KWCGfV2nBsFRv1p,Of Age Tomorrow. RH.397,New Way of Getting Bairnsaka. RH.397Open The Door To Threeaka. RH.397,Of Age Tomorrow. RH.397,Misc tunes,NA,NA,NA,publicdomain,0.0,0,0,3,1,1,0,20,130,6.5,False,2.600280846014377,1.0,0.9641203703703703
QmU6HTBVXtqCb4VPfY4t8Rv8LTMfs6TzSULRbe8XiAmXVG,Of all Comfortsor... . PDF2.195,White-Chapel Mount. PDF2.195,Of all Comfortsor... . PDF2.195,Misc tunes,NA,NA,NA,publicdomain,0.0,0,0,1,1,1,0,32,154,4.8125,False,2.788407128612421,0.9285714285714286,0.96484375
QmauNToHc61mJqczkqU9VLkQSw55Cs8pzdMyaupfoikF9u,Of all the Airts the Winds can blow,NA,Of all the Airts the Winds can blow,Misc tunes,NA,NA,NA,publicdomain,0.0,0,0,2,1,1,0,34,256,7.529411764705882,False,2.410984351699567,1.0,0.9192708333333334
QmNmSFqvXaebh8qEzUTHbxHkZpqVQJnGJoEeJ1xQSCg1Yd,Of All the Arts the Wind Can Blow. JBut.279,Miss Admiral Gordon's Strathspeyaka. JBut.279,Of All the Arts the Wind Can Blow. JBut.279,Misc tunes,'A Quick Step',NA,NA,publicdomain,0.0,0,0,8,1,1,0,33,287,8.696969696969697,False,2.42232798939917,1.0,0.9147135416666666
Qmdnztene2FZrtmdXGyxQuU89qEAQMAuiyvsbpXeMuAUZj,Of deeds like daisies lowly - Florence W. Williams,NA,Of deeds like daisies lowly,Florence W. Williams,NA,classical,NA,publicdomain,0.0,0,0,7,2,1,0,31,400,12.903225806451612,False,3.150401097301975,0.8925,0.9434523809523808
QmPd6hXS17cHbV1MVXcBf3TbYtBB8jNtr3KPPYwKeoAtpL,Of him who did salvation bring (56555),NA,Of him who did salvation bring (56555),Misc Traditional,NA,folk,NA,publicdomain,0.0,0,0,5,1,1,0,18,198,11.0,False,2.396889448178271,1.0,0.921875
QmWmZ94FyHLuCBKAvuXJ8eLdgJxajkRnezX2QVyHKRRrj2,Of Noble Race Was Shinkin. (p)1695.PLFD.334,NA,Of Noble Race Was Shinkin. (p)1695.PLFD.334,Misc tunes,NA,NA,NA,publicdomain,0.0,0,0,6,1,1,0,28,90,3.2142857142857144,False,2.530650712306382,0.8444444444444444,0.9479166666666666
QmbHE1Gf37QPyxw2cYWX2kNEWYSFvp96nuEK6HwEvMivJB,Of Noble Race Was Shinkin. WCD3/1.070,NA,Of Noble Race Was Shinkin. WCD3/1.070,Misc tunes,NA,NA,NA,publicdomain,0.0,0,0,2,1,1,0,14,45,3.2142857142857144,False,2.530650712306382,0.8444444444444444,0.9479166666666666
QmPeyQAVzt8P4TmDdbiZT1WBusatrUDw9caYLXpzsZB7bi,Of self I am weary - D. B. Towner,NA,Of self I am weary,D. B. Towner,NA,classical,NA,publicdomain,0.0,0,0,2,1,1,0,19,304,16.0,False,2.4618431135114607,0.9967105263157896,0.8784722222222222
QmdBwFwaan4A3fGV6zCncv347vMYFGcexPARdP6fNUqb7k,Of Thy Mystical Supper - Paul Stetsenko,NA,Of Thy Mystical Supper,Paul Stetsenko,NA,classical,NA,publicdomain,0.0,0,1,26,0,2,0-0,42,456,10.857142857142858,True,3.021093165354426,0.9391891891891893,0.9381720430107529
QmPogwUMA2nz29BzLnaFzQCnP98kXVqoUE9LYF5Wi3kXRm,Off She Goes,NA,Off She Goes,Misc Traditional,NA,folk,NA,publicdomain,0.0,0,0,3,1,1,0,6,24,4.0,False,2.7720552088742,1.0,0.9027777777777778
QmP1kc6gsqs2wU3Yx4U5PDojmApXWyKHTSorNjjS9rBTaR,Off She Goes,NA,Off She Goes,Misc Traditional,NA,folk,NA,publicdomain,0.0,0,0,4,1,1,0,16,82,5.125,False,2.6324673079798693,1.0,0.8888888888888888
QmSQsSY7wxPbMyCvjCzyBqRMkkb6B5kSLfJYfmKc9WFTFJ,Off She Goes,NA,Off She Goes,Misc Traditional,NA,folk,NA,publicdomain,0.0,0,0,3,1,1,0,297,1346,4.531986531986532,False,2.728957126726116,1.0,0.9045383411580594
QmXxULASgUU3Ca2W3TK4d4KGXFgbnZnfTv3Ywq24G4Q9Sf,Off She Goes,NA,Off She Goes,Misc Traditional,NA,folk,NA,publicdomain,0.0,0,0,3,1,1,0,32,170,5.3125,False,2.75035956597884,1.0,0.953125
QmR1hmGQ95c9ixLTduti1v2Ky8cQJhpvWR6E39bQTrnjkR,Off to California,NA,Off to California,Misc Traditional,anon.,folk,NA,publicdomain,0.0,0,0,3,1,1,0,27,193,7.148148148148148,False,2.5444079652690164,1.0,0.9496527777777778
QmezrdXartWJYhnrRDCEfYvrNjnJS6dmZ7MCffEfPzrt1A,Off to California,NA,Off to California,Misc Traditional,NA,folk,NA,publicdomain,0.0,0,0,3,1,1,0,90,582,6.466666666666667,False,2.491470755664772,1.0,0.9076967592592592
QmajYKJH31DHyYBugBELdQAaK9AAF1JPHPPer5492V9T4p,Off to California,NA,Off to California,Misc Traditional,R-49New England,folk,NA,publicdomain,0.0,0,1,10,1,1,0,28,192,6.857142857142857,False,2.4752418863265366,1.0,0.9279513888888888
QmTej5ufAYmgovtNR2rwbD885pa23AyigPLNx5zVkZ7djp,Off to California,NA,Off to California,Misc Traditional,NA,folk,NA,publicdomain,4.74,5,13,153,1,1,0,36,256,7.111111111111111,False,2.496273665165988,1.0,0.9069010416666666
QmayofHSx3SrNeF4UxCUP5SaHWnKEjmrZkESREUsBdYGDe,Off to California (1A 1B),NA,Off to California,Misc Traditional,NA,folk,NA,publicdomain,0.0,0,0,3,1,1,0,45,322,7.155555555555556,False,2.495851183236572,1.0,0.9171875
QmSRrb1wrgEhfN9bGHhJuvtqejNCtLAXSMioEBxEV9d4K9,Off To California (1st Setting) (hornpipe) 1628,NA,Off to California,Misc Traditional,after Chief O'Neill,folk,NA,publicdomain,0.0,0,0,2,1,1,0,38,262,6.894736842105263,False,2.5580519501940664,1.0,0.9448529411764706
QmP7Uhm1Wy7K7xtxMpjR2HA2TjW3da95xUeSSrzastZmUB,Off to California (Waltz),NA,Off to California,Misc Traditional,NA,folk,NA,publicdomain,0.0,0,0,4,1,1,0,50,202,4.04,False,2.470683347822768,1.0,0.8994047619047619
QmethpYSjvs8R2UWjHmi3cGgMCr8DXXcXs1T5kCd2Eqb6S,Off to Puck Fair,My Wife's a Wanton Wee Thing,Off To Puck Fair,Misc tunes,NA,NA,NA,publicdomain,0.0,0,0,1,1,1,0,108,522,4.833333333333333,False,2.8058934499375794,0.9655172413793104,0.9343171296296297
QmYj3zUxKQgTTCtn61KmBdqHSCt1RQctn8iH3VuVbVWvmr,Off to Skelligs--Fifth Figure,NA,Off to Skelligs--Fifth Figure,Misc tunes,NA,NA,NA,publicdomain,0.0,0,0,6,1,1,0,76,327,4.302631578947368,False,2.659816502752171,1.0,0.9351851851851852
QmYANnd37t4dGeSgqU9TJpQT4Rw6u13q1aj9qwy34LsXug,Off to Skelligs--Third Figure,NA,Off to Skelligs--Third Figure,Misc tunes,NA,NA,NA,publicdomain,0.0,0,0,2,1,1,0,45,170,3.7777777777777777,False,2.640713001147945,0.9941176470588236,0.90625
QmYbuF8HWMDaWA2EXXjTz2bcrGbhFUBfniQtfMtPxuZWcN,Off To The Hunt (doublejig) 0712,NA,Off To The Hunt,Misc tunes,after Sg't. J. O'Neill,NA,NA,publicdomain,0.0,0,0,2,1,1,0,38,200,5.2631578947368425,False,2.9024418807957177,0.92,0.9678030303030304
QmQuY1NBNMG41WqtEmHp3SF53Qsw7SeSU3QEP3RCnMMRvk,Office theme viola sheet music,NA,the office theme,Misc Television,Composer,soundtrack,forviolauhoes-seriouslythisisjustviola,cc-zero,4.56,4,36,2319,1,1,0,32,76,2.375,False,2.552977602081496,1.0,0.925189393939394
Qmdb1hsHhmoQ8nfstz5LSRFRXGk6Cip2QNHePXuLRgMZte,Officials Bransle,Bransle de L'Officiel,Officials Bransle,Misc tunes,NA,NA,NA,publicdomain,0.0,0,0,8,1,1,0,16,68,4.25,False,2.5761664299193345,1.0,0.9583333333333334
QmZC8C62eo4eXs6DqitwtiFGepShxgHhu8xTWfh5JiuzFk,Officium de Cruce - Loyset Compère,NA,Officium de Cruce,Loyset Compère,NA,classical,NA,publicdomain,0.0,0,0,7,0,4,0-0-0-0,508,3857,7.59251968503937,False,2.929323339064668,0.9694388777555112,0.951904296875
QmVSLtRVswvokZuq3ZDbTMRSA3mNok3m44ySk3pMN4S5qg,Oft across life's pathway dreary - Geo. C. Hugg,NA,Oft across life's pathway dreary,Geo. C. Hugg,NA,classical,NA,publicdomain,0.0,0,0,2,2,1,0,32,417,13.03125,True,2.822355304151074,0.9664268585131894,0.9139492753623188
QmTjy5nPQ8b6zGtut1CoK5pPbtYtQeJTMpqUeKb8d83S5q,Oft hast thou heard a voice that said (Smith) - Arthur J. Smith,NA,Oft hast thou heard a voice that said (Smith),Arthur J. Smith,NA,classical,NA,publicdomain,0.0,0,0,5,1,1,0,16,267,16.6875,True,2.686204959393728,0.9737827715355806,0.859375
QmTLf8pZRUswxUnDa1c4aUSYjHz15ZuFvWNTYdhSUjCnxZ,Oft have I heard a voice that said - Wm. J. Kirkpatrick,NA,Oft have I heard a voice that said,William J. Kirkpatrick,NA,classical,NA,publicdomain,0.0,0,0,8,1,1,0,19,280,14.736842105263158,True,2.7892916163236627,0.9607142857142856,0.8787878787878788
QmdkfjAHEgXkk7XYVRpi8ANVs9qrf3dBTCjgvGrobCAduG,Oft have I ridden upon my gray nag (Part),NA,Oft have I ridden upon my gray nag (Part),Misc tunes,NA,NA,NA,publicdomain,0.0,0,0,8,1,1,0,9,38,4.222222222222222,False,2.4011363159508123,1.0,0.9652777777777778
QmcTm3hkLGAxcNwGBa1mgE4dVdqnGt3xaUveS6sKncRAxi,Oft I read with sweet delight - C. Austin Miles,NA,Oft I read with sweet delight,C. Austin Miles,NA,classical,NA,publicdomain,0.0,0,0,6,2,1,0,19,368,19.36842105263158,False,2.654812829017364,0.9864130434782608,0.9466145833333334
Qmcb8JcM2TvvBkbMdcVQAqG393TBk8oMNzCBJcmhS6bCeT,Oft in silent meditation - A. L. Byers,NA,Oft in silent meditation,A. L. Byers,NA,classical,NA,publicdomain,0.0,0,0,4,1,1,0,16,245,15.3125,True,2.5316296009277086,0.979591836734694,0.9401041666666666
QmWW52pxBonD5NugDVd9iAeu7mnyDe6TAMQUDn2o2vsaZo,Oft in sorrow oft in woe - J. E. Groome,NA,Oft in sorrow oft in woe,J. E. Groome,NA,classical,NA,publicdomain,0.0,0,0,9,1,1,0,8,107,13.375,True,2.6137487568959394,0.9906542056074766,0.9817708333333334
QmTmv7gtVgAKs6aic7xUJzaznQ3kDftUbdJKEyqtQWnq7W,Oft In The Stilly Night (air) 0219,NA,Oft In The Stilly Night,Misc tunes,after Sg't. J. O'Neillmoderate,NA,NA,publicdomain,0.0,0,0,8,1,1,0,27,86,3.185185185185185,False,2.279165750226729,1.0,0.921875
QmSwLV6AApH4tHnjp6WomJdD9yrAtTbaHJyaAN7A43Mgxw,Oft Ive heard my mother tell - E. Lorenzo,NA,Oft Ive heard my mother tell,E. Lorenzo,NA,classical,NA,publicdomain,0.0,0,0,2,1,1,0,15,306,20.4,False,2.5810576861714325,0.9836601307189542,0.9114583333333334
QmeRgT38a2UxEjT5i9BbBB9NDSR5wDjxKps4ZNgQSbJYry,Oft our feet grow worn and weary - H. C. Blosser,NA,Oft our feet grow worn and weary - H. C. Blosser,H. C. Blosser,NA,classical,NA,publicdomain,0.0,0,0,4,2,1,0,18,410,22.77777777777778,False,2.4591531203261088,0.997560975609756,0.9322916666666666
QmdNNCXMdX1tUDXKzuKCVFQEJMAZjNWRmxStgLgwMmy3uh,Oft perplexed by doubt and fear - C. Austin Miles,NA,Oft perplexed by doubt and fear,C. Austin Miles,NA,classical,NA,publicdomain,0.0,0,0,2,1,1,0,25,349,13.96,True,2.8039852655470154,0.968481375358166,0.9592391304347826
QmRyYkARhNBr1kryFRbVw85TCQiV2x5pke8KL2XqHGWMDK,Oft there comes a wondrous message - A. B. Simpson,NA,Oft there comes a wondrous message,A. B. Simpson,NA,classical,NA,publicdomain,0.0,0,0,4,1,1,0,20,238,11.9,False,2.667105331081893,0.9789915966386554,0.9079861111111112
QmQup29Yg5jhZuqJJow61F7DajbEqiy43VnwGBakPYBjbN,Oft within a little cottage - James McGranahan,NA,Oft within a little cottage,James McGranahan,NA,classical,NA,publicdomain,0.0,0,0,4,2,1,0,20,359,17.95,False,2.6260651680863014,0.9832869080779943,0.92578125
QmaaHGRBTZ7DB3fTLbbEnMJqQk6JWZjPyQqtThbTCA6Vet,Often have I wondered why the King of glory - Hilda B. Tovey,NA,Often have I wondered why the King of glory,Hilda B. Tovey,NA,classical,NA,publicdomain,0.0,0,0,7,2,1,0,17,397,23.352941176470587,True,2.679175813247636,0.9722921914357684,0.9518229166666666
QmWXq8XeqWgAeSMoPpCeAL9dPqUAnNXr6f1XkAwTUiwJNz,Often I have wandered in the dark ways of sin - E. S. Lorenz,NA,Often I have wandered in the dark ways of sin,E. S. Lorenz,NA,classical,NA,publicdomain,0.0,0,0,6,1,1,0,32,372,11.625,True,2.8386024697675154,0.9650537634408602,0.9447463768115942
Qmd83LutPFT4okrp1sPFTnA2j9M5LvjX1M1mevGttPec5Z,Often weary and worn on the pathway below - Charles Edward Pollock,NA,Often weary and worn on the pathway below,Charles Edward Pollock,NA,classical,NA,publicdomain,0.0,0,0,13,1,1,0,18,386,21.444444444444443,False,2.3057990478157846,1.0,0.965686274509804
QmSYSeJRM4uMgN7e8RcKeKACPQzgEBr4SPm9677QW9kZKA,Often when I am impatient - George S. Schuler,NA,Often when I am impatient,George S. Schuler,NA,classical,NA,publicdomain,0.0,0,0,2,1,1,0,26,312,12.0,False,2.5559912973423904,0.9775641025641024,0.9125
QmRmzWcQA11CFCsQpQYMHQmVBiXigMxTRx3zYkhrAnfzT7,OGD (aka Road Song),Road Song,road song,Wes Montgomery,Wes Montgomery,jazz,NA,publicdomain,4.47,16,10,1774,1,1,0,34,121,3.5588235294117645,False,2.696664323931203,0.9586776859504132,0.8900862068965517
QmRj39FpyVpSrSt6W2KQ38qNsJnRyq1dEabChYMLuHdqz6,Oh 'twas love that brought me to Him - I. I. Leslie,NA,Oh 'twas love that brought me to Him,I. I. Leslie,NA,classical,NA,publicdomain,0.0,0,0,2,1,1,0,18,223,12.38888888888889,False,2.694227505954186,0.9730941704035876,0.8611111111111112
QmVRchbhN2s8CYejMCwAzhsrecY88CHC66Rv2bk9qHvgeU,oh ah ahhh!!!!!!!!!!!!!!!!,éãæéãéè³åèããªã,oh ah ahhh!!!!!!!!!!!!!!!!,kai stou,ç²¾çåååæ,NA,NA,cc-zero,0.0,0,0,37,0,2,0-0,33,1886,57.15151515151515,False,2.781013598157159,0.9340813464235624,0.8303571428571428
QmV8DKtGsSW7xsHe6bCvV9BEPMKgXqLy796Hb4niSmtGEx,Oh Biology,from Freaky Friday (bar 11-end),Oh Biology,Freaky Friday,NA,NA,NA,cc-zero,0.0,0,4,129,0,5,0-0-0-0-0,96,1060,11.041666666666666,False,2.6949627221707195,0.9871794871794872,0.8836805555555556
QmfH9ns1rcV1KxarrQfzPUynRXL4RSNngmd3PM5MS5fmS9,Oh blame not my lyre,NA,Oh blame not my lyre,Misc tunes,NA,NA,NA,publicdomain,0.0,0,2,21,1,1,0,27,158,5.851851851851852,False,2.706819067862784,0.9871794871794872,0.8935185185185185
QmaBoirRUYd6PAMSxRnUgD35mTcQJvCmaxQH1VoQg6D5nG,Oh blessed feet of Jesus - Asa Hull,NA,Oh blessed feet of Jesus,Asa Hull,NA,classical,NA,publicdomain,0.0,0,0,6,1,1,0,20,206,10.3,False,2.6260742912148243,0.9757281553398058,0.9669117647058824
QmaJCLrGhXCnPC9qf2QozeJ9hdi9JBJo5196hFrYqhgQGo,Oh by Jingo,NA,NA,NA,Albert von Tizler 1919,NA,copyrightfreeoldjazz-creolejazz,cc-zero,0.0,0,1,336,0,1,0,32,109,3.40625,True,2.479493872186926,0.981651376146789,0.9388440860215054
QmfA4y3Ysu95RohgTxxUg3RporwPQPqkoRsoTCU9ckYePZ,Oh Callar Spirlings,NA,Oh Callar Spirlings,Misc tunes,The Common Cry of the Edinr. Fish Wives,NA,NA,publicdomain,0.0,0,0,2,1,1,0,7,15,2.142857142857143,True,2.1055872616982603,0.8,0.9635416666666666
QmbmR96p9f28p14fxPigKWzdZwjm2S1c4VjtGBJ6z4NsdV,Oh Canada,NA,O Canada,Calixa Lavallée,Lavallée,classical,NA,cc-zero,4.76,146,246,29387,1,1,0,28,243,8.678571428571429,False,2.9586841732667466,0.9462809917355371,0.9534722222222224
QmQ7dVSZHV7hg4v9RHuHsHHZhc5zG21UeUvfP4fepAs1Xr,Oh Canada,for Evan,O Canada,Calixa Lavallée,NA,classical,ohcanada,cc-zero,4.52,16,68,1962,1,1,0,28,194,6.928571428571429,False,2.9416090170940645,0.9536082474226804,0.9680989583333334
QmVTrWcvPSwhqyBfCbC6M14PAF8vTG8ApMMdfVCCuEQ9X1,Oh could my voice make the universe ring - DeLoss Smith,NA,Oh could my voice make the universe ring,DeLoss Smith,NA,classical,NA,publicdomain,0.0,0,0,5,2,1,0,36,670,18.61111111111111,True,3.003290440115599,0.9181818181818182,0.9921383647798742
QmXznjsv7bcDDK7hpVr94PAMdCRQB2MpDbvhj69vqFjGBv,Oh Crowel or Calder Fair,NA,Calder Fair,Misc tunes,NA,NA,NA,publicdomain,0.0,0,0,1,1,1,0,19,121,6.368421052631579,False,2.6307153364054865,1.0,0.9375
QmeAefehBaVmBPTWdPpBzXzY2JzgDe1qM23hMv4Ni5swaW,Oh das ich tausend Zungen hätte-2stimmig,NA,NA,NA,bei Johann Balthasar König 1738 bearbeitet Johannes Löffler,NA,NA,publicdomain,0.0,0,0,138,0,1,0,16,102,6.375,False,2.647413721881056,0.9803921568627452,0.9791666666666666
Qmd2746Y7RYKarrESt8rCSum5otsQW22Aw8mwMYQDgnFnN,Oh Dear What Can The Matter Be?2voices. AJH.006,NA,oh dear what can the matter be,Misc Traditional,NA,folk,NA,publicdomain,0.0,0,0,6,0,2,0-0,36,250,6.944444444444445,False,2.479200105254036,1.0,0.9852430555555556
QmZZEGZz4eR7SN72eW1V8iPCT1iDugjGXprnRE1oxnk55m,Oh Dear What Can The Matter Be?2voices. AJH.006,NA,oh dear what can the matter be,Misc Traditional,NA,folk,NA,publicdomain,0.0,0,0,3,0,2,0-0,27,188,6.962962962962963,False,2.4390493490059364,1.0,0.9849537037037036
QmXNzxWN37BABTFS9uGCKShEMB4wnUufzwKqHqAhwGEes9,Oh Dear What Can the Matter?,o.c on cad e do .tarla.d?,oh dear what can the matter be,Misc Traditional,NA,folk,NA,publicdomain,0.0,0,0,1,1,1,0,18,80,4.444444444444445,False,2.23998394749582,1.0,0.9583333333333334
QmYcpD3wP5ir3g7or1J57YaNHwMQsB5GFbwxQwxC4tqd4e,Oh Dear! What Can The Matter Be? (song) 0620,NA,oh dear what can the matter be,Misc Traditional,Unattributedmoderate,folk,NA,publicdomain,0.0,0,0,0,1,1,0,19,85,4.473684210526316,False,2.355206709485498,1.0,0.9518229166666666
QmYHPw8egnLMmTomCDPuoqb4bVXqw3NyJxyatwPeSgW95k,Oh Didn't He Ramble,NA,didnt he ramble,Glen Hansard,Traditional,rock-folk,copyrightfreeoldjazz-creolejazz,cc-zero,0.0,0,3,1180,0,1,0,59,181,3.067796610169492,True,2.568297924030026,0.9723756906077348,0.9430803571428572
QmRutjRRK19gMkJyNP5Wq3NYgaPC7oSYVvK48vxCZuanwG,Oh freedom,Negro spiritual,oh freedom,Misc Traditional,anon.,folk,NA,publicdomain,0.0,0,3,86,1,1,0,16,38,2.375,True,2.225912998621977,1.0,0.9555555555555556
QmVh97Tzhs81rHQnYUhot96pSCLmKEhxM5dXNGsuFiENs9,Oh get ye on to Canaan (Reid) - James V. Reid,NA,Oh get ye on to Canaan (Reid),James V. Reid,James V. Reid,classical,NA,publicdomain,0.0,0,0,4,1,1,0,17,453,26.647058823529413,True,2.4277484245817407,0.9724137931034482,0.94140625
QmQn21wHafN47yTmFFNuF3kv1vjsVuRaswxSziHZqiYiGG,Oh Gin I Were Where The Gadie Rins,NA,Oh Gin I Were Where The Gadie Rins,Misc tunes,NA,NA,NA,publicdomain,0.0,0,0,5,1,1,0,36,156,4.333333333333333,False,2.59085625056028,1.0,0.96875
QmNVJFm1G8Pk3YDkLkKR9eBnTPkR7m6NwpzbtPMVbuiniB,Oh grasp the golden moments - C. C. Case,NA,Oh grasp the golden moments,C. C. Case,NA,classical,NA,publicdomain,0.0,0,0,2,2,1,0,17,266,15.647058823529411,False,2.642540492962439,1.0,0.8932291666666666
QmdKKiT9uJrE7KMyvu1tx76kucv4R7LBsyeu98gpXUV2Gf,Oh guilty sinner come and find - J. M. Whyte,NA,Oh guilty sinner come and find,J. M. Whyte,NA,classical,NA,publicdomain,0.0,0,0,4,1,1,0,30,350,11.666666666666666,False,2.7355924509514744,0.9771428571428572,0.8715277777777778
QmZyLjEJzeGK3ajakppdaHuYJRD72BLC7x7a64CHMhWGaG,Oh hear Him! tenderly He calls - J. H. Hall,NA,Oh hear Him! tenderly He calls,J. H. Hall,NA,classical,NA,publicdomain,0.0,0,0,3,1,1,0,18,256,14.22222222222222,False,2.522736902821782,1.0,0.9361979166666666
Qmf2tWgcf5E6v8jbERh2cWUBuwpaCTRKycBGxzY8JxbpG3,Oh heart of all the week - C. C. Case,NA,Oh heart of all the week,C. C. Case,NA,classical,NA,publicdomain,0.0,0,0,6,1,1,0,18,201,11.166666666666666,False,2.4903938319124634,1.0,0.8975694444444444
QmNTWzVfi396mr61BrTzLskFkSEUc9P6x33mco4kDJnFW6,Oh homeland of the true and the faithful - R. Jay Powell,NA,Oh homeland of the true and the faithful - R. Jay Powell,R. Jay Powell,NA,classical,NA,publicdomain,0.0,0,0,6,2,1,0,22,400,18.181818181818183,False,2.618761558532525,0.99,0.9356060606060606
QmYCwSno6zq9tP4UERvqVBNZbaF5VnLb2D7PrPnYEo7kE7,Oh I am glad because I live - J. H. Rosecrans,NA,Oh I am glad because I live,J. H. Rosecrans,NA,classical,NA,publicdomain,0.0,0,0,2,1,1,0,19,214,11.263157894736842,False,2.6181890472176645,1.0,0.9558823529411764
QmdEo4npKbgPqsaF3LG8GVAQ5kYM7QujX6kqSqmB4zHzTQ,Oh If Jocky Would but Steal Me,NA,Oh If Jocky Would but Steal Me,Misc tunes,NA,NA,NA,publicdomain,0.0,0,0,3,1,1,0,30,245,8.166666666666666,False,2.756513011698586,0.979591836734694,0.9739583333333334
Qmd9qRtJecs14LfBkxchR8zSEZvAkR2A6pUPqCYhWvicD2,OH IF JOCKY WOULD BUT STEAL ME -- Reel,NA,Oh If Jocky Would but Steal Me,Misc tunes,NA,NA,NA,publicdomain,0.0,0,0,1,1,1,0,31,246,7.935483870967742,False,2.754353830794569,0.9796747967479674,0.9747023809523808
QmXdi9Sbxjj1hTAEDAo9S35r4y1d6SpvqR1P5RrpXFYqDw,Oh Johnny dearest Johnny what dyed your hands and cloaths?,He answered him as he thought fit by a bleeding at the nose.,Oh Johnny dearest Johnny what dyed your hands and cloaths?,Misc tunes,NA,NA,NA,publicdomain,0.0,0,0,3,1,1,0,18,69,3.8333333333333335,False,2.242623687339205,1.0,0.9544270833333334
QmZjaro5c9htVyfip5vovUA5uBM9TzgVxrZVJ6EWqTSHwB,Oh keep me holy Father divine - D. O. Teasley,NA,Oh keep me holy Father divine,D. O. Teasley,NA,classical,NA,publicdomain,0.0,0,0,2,1,1,0,16,137,8.5625,True,2.607539440215696,0.9854014598540146,0.9472222222222222
QmNqsRNydwew2Znu3bFT7p4qmRi1etM7ujWZVKhHeeK42h,Oh lead me Lord oh gently lead me - Mrs. Grace McHose Decker,NA,Oh lead me Lord oh gently lead me,Mrs. Grace McHose Decker,NA,classical,NA,publicdomain,0.0,0,0,35,2,1,0,32,468,14.625,False,2.829493159679404,0.9615384615384616,0.9613095238095238
QmVeR51DsgZdkxkRbkQbe8PbugxB1wiMuKTsyZXiWVc8to,Oh let the story oft be told - Thos. P. Westendorf,NA,Oh let the story oft be told,Thos. P. Westendorf,NA,classical,NA,publicdomain,0.0,0,0,3,1,1,0,17,277,16.294117647058822,False,2.5993227327453985,0.9927797833935018,0.8725490196078431
QmUhrW1nuHvcJ6sW6nm15skUi2RhDNePL2D4ZGpBYrJUcn,Oh lift up your eyes to yon sacred sign - E. S. Lorenz,NA,Oh lift up your eyes to yon sacred sign - E. S. Lorenz,E. S. Lorenz,NA,classical,NA,publicdomain,0.0,0,0,2,2,1,0,30,439,14.633333333333333,False,2.9650080405437564,0.929384965831435,0.9246031746031746
QmPM1zW42mDoyQkwJtUz8ggCaPjAziHNrBq84DLdwB6rRc,Oh little shell by the sea-shore - Adam Geibel,NA,Oh little shell by the sea-shore,Adam Geibel,NA,classical,NA,publicdomain,0.0,0,0,6,1,1,0,16,180,11.25,True,2.8661485127157182,0.9611111111111112,0.8768939393939394
Qmb9m79yiGm6XN9g791KkRNaHUaCG3KhqR6Q45JCiBdZuk,Oh Lord send someone to show them - Edwin H. Bookmyer,NA,Oh Lord send someone to show them,Edwin H. Bookmyer,NA,classical,NA,publicdomain,0.0,0,0,2,1,1,0,17,270,15.882352941176473,False,2.7669160205245684,0.9625468164794008,0.9045138888888888
QmTQpqkKzPWdEJtWUPDeh3WVEHGM9UAtnqqjUzctMx23XG,OH LOVE! HOW JUST AND HOW SEVERE THY MIGHTY GODHEAD IS.,NA,OH LOVE! HOW JUST AND HOW SEVERE THY MIGHTY GODHEAD IS.,Misc tunes,Francis Forcer.--Playford's Collection 1684,NA,NA,publicdomain,0.0,0,0,2,1,1,0,36,140,3.888888888888889,False,2.918859383359278,0.9428571428571428,0.9361979166666666
Qmd39LFwAE197zR22PKoDuJJpGLqoogooLsyMBpPy4Ldtf,Oh may I while I live on earth - J. E. Gould,NA,Oh may I while I live on earth,J. E. Gould,NA,classical,NA,publicdomain,0.0,0,0,6,1,1,0,9,210,23.33333333333333,False,2.676318410831909,0.9809523809523808,0.9189814814814816
QmR4kvV9jggaJyMvrfJVXCMpbhq1GSK8opGssAf56mpkeY,Oh My Aliens! 3,NA,Oh My Aliens! 3,Shadow467,NA,NA,NA,cc-zero,0.0,0,0,8,0,3,0-0-0,78,2085,26.73076923076923,True,2.666163843958187,1.0,0.7622863247863247
Qme6kbC9VxbzvXbnxbMC71d7QC2vPdoQvN7kw8emCcrvJB,Oh My Darling Clementine,In F major for piano,oh my darling clementine,Gene Autry,Percy Montrose,country-soundtrack,americanfolk-clementine-darling,cc-zero,4.54,56,150,5090,1,1,0,17,151,8.882352941176471,True,2.408501175807809,1.0,0.9392361111111112
QmciD6vxWSebaKXAohiZY3ercGn79d4Hwsvks2YaY84Vc7,Oh my Savior bids me wait a little while - W. F. McCauley,NA,Oh my Savior bids me wait a little while,W. F. McCauley,NA,classical,NA,publicdomain,0.0,0,0,5,1,1,0,18,346,19.22222222222222,False,2.65687181030426,0.9797687861271676,0.9205729166666666
QmYapeYS2V74RKYRHZNALQB5EH7UcVbtinKZYBLHgY3wUg,Oh name of names the sweetest - Adam Geibel,NA,Oh name of names the sweetest,Adam Geibel,NA,classical,NA,publicdomain,0.0,0,0,4,1,1,0,25,262,10.48,False,2.625371576499775,0.9770992366412212,0.9375
QmPig73qSHvUUdJxGPxkirFhY82e8JRBCcvvXi2DUJuEvZ,Oh Nannie. JClw.42,O Nanny wilt thou fly with meaka. JClw.42,Oh Nannie. JClw.42,Misc tunes,(comp.T.Carter 1769-1800),NA,NA,publicdomain,0.0,0,0,12,1,1,0,31,226,7.290322580645161,False,2.841281143947999,0.9864864864864864,0.9284722222222224
QmUYhaaHvtakVsjYDyb9WHzDMGEGmHwyN5B9p1Ea4FHqbH,Oh Nanny wilt thou fly with me?,NA,Oh Nanny wilt thou fly with me?,Misc tunes,NA,NA,NA,publicdomain,0.0,0,0,3,1,1,0,26,169,6.5,False,2.797424362236527,0.9881656804733728,0.9210069444444444
QmQAzHMbGknCPzQLUptufwGcwnNKPKF9QdHa3KvpoALkDQ,OH NANNY WILT THOU GANG WITH ME,NA,OH NANNY WILT THOU GANG WITH ME,Misc tunes,NA,NA,NA,publicdomain,0.0,0,0,1,0,2,0-0,29,436,15.03448275862069,False,2.8607629568931485,0.9742990654205608,0.9151785714285714
QmTtZ7sepbAPMYy7BPdJvPVC15NjTMAaAJmmK3bjceVfCy,Oh Nanny. JGi.062,NA,Oh Nanny. JGi.062,Misc tunes,NA,NA,NA,publicdomain,0.0,0,0,6,1,1,0,25,168,6.72,False,2.8028260559953946,0.988095238095238,0.9257246376811594
QmW6BUfVEhGB4Ba3h8nkn52pUYR42VvqoRrJtfSTLxb9mC,Oh Nelly Nelly,NA,Oh Nelly Nelly,Misc tunes,NA,NA,NA,publicdomain,0.0,0,0,3,1,1,0,20,128,6.4,False,2.709289943106059,1.0,0.9001736111111112
QmRdChVwd3w9KkoMDAw9QoiireAWwmB1yvJ6MdHacQBNco,Oh no we never mention her. CJF.048,NA,Oh no we never mention her. CJF.048,Misc tunes,NA,NA,NA,publicdomain,0.0,0,0,11,1,1,0,18,62,3.4444444444444446,False,2.714573155777801,0.967741935483871,0.9017857142857144
QmabJgF3vVw2SDpzrCfaJRSpWEe12wks4obzqDn8n59eE5,Oh Noel,I DON'T KNOW HOW BUT THEY FOUND ME,Oh Noel,I DONT KNOW HOW BUT THEY FOUND ME,Nate Piffer & Dallon WeekesPiano by Stu MaxfieldTranscribed by Riley Apperson,rock,idkhow-piano,cc-zero,4.79,31,105,3380,1,1,0,55,613,11.145454545454545,False,2.752045567367493,0.9918433931484504,0.9575617283950616
QmPcJx4jUoSxtEmA8ya6LFi1GGnEDwKb68darufSzegNFw,Oh Que Tuviera Lenguas Mil (Azmon),AZMON,NA,NA,Carl G. Glaser; arr. Lowell Mason,NA,for-to-sing-oh-que-wesley-charles-thousand-mason-carl-tuviera-lenguas-mil-tongues-glaser-azmon-roberto-dalke-lowell,publicdomain,0.0,0,0,94,0,2,0-0,9,116,12.88888888888889,False,2.493462186546639,1.0,0.9739583333333334
QmbZteATd2JwS9zF7A4cuPKnrnyhhEPQnKPEDzotKeKdED,Oh Rouse Yourself It's Cold You've Got,NA,Oh Rouse Yourself It's Cold You've Got,Misc tunes,NA,NA,NA,publicdomain,0.0,0,0,1,1,1,0,13,60,4.615384615384615,False,2.336511687996929,1.0,0.9212962962962964
Qmf46ykDeA9SSCea1Wo9ACkB5QN12PiJr9uD1zMXxyYoz7,Oh se poteste mai - Domenico Mazzocchi,NA,Oh se poteste mai,Domenico Mazzocchi,NA,classical,NA,publicdomain,0.0,0,0,9,0,6,0-0-0-0-0-0,89,1229,13.808988764044944,True,3.1669397468397658,0.9011680143755616,0.9272003745318352
QmQHneQPMjWotF2v3v7cxgjpNttNPdky4eooY6Qv4rj2BM,Oh shall I wear a starless crown - T. E. Perkins,NA,Oh shall I wear a starless crown,T. E. Perkins,NA,classical,NA,publicdomain,0.0,0,0,12,1,1,0,29,370,12.758620689655173,False,2.5181864556655498,1.0,0.9548611111111112
QmXVBUfiDKvJ516kGsvaZCsfKxTPCCsRJXCELgrCxq9cHD,Oh Sheela My Love (sic) (air) 0571,NA,Oh Sheela My Love,Misc tunes,after Mr. Hartnettgaily,NA,NA,publicdomain,0.0,0,0,5,1,1,0,19,92,4.842105263157895,False,2.6517636312643744,1.0,0.9270833333333334
QmPqXEYPsyCdPZ2WyGRPfpWAyXkfxxdVRB7UkffA2xgKBH,Oh Sheela My Love Say will You be Mine?,NA,Oh Sheela My Love,Misc tunes,NA,NA,NA,publicdomain,0.0,0,0,3,1,1,0,25,130,5.2,False,2.625316329343648,1.0,0.9155092592592592
QmZbL6Yo5JhbiK71uEG7QAJMaNQGVEcxKzyg1b6RfPnJau,Oh susana,NA,NA,NA,Composer,NA,learning,cc-zero,0.0,0,8,149,1,1,0,18,110,6.111111111111111,False,2.41782814207231,1.0,0.900462962962963
QmY8jHYHXkA8TBfZmEdqAFoxiEXnnmpsiHeVF14ammETJh,Oh tell the story oer and oer - R. E. Hudson,NA,Oh tell the story oer and oer,R. E. Hudson,NA,classical,NA,publicdomain,0.0,0,0,3,1,1,0,18,270,15.0,False,2.3230210027150884,1.0,0.9479166666666666
Qmbj7rkRcLMa48p3QCEsVppUukpgWY2wF2Ya3PtUhhyKZM,Oh The Britches Full of Stitches,NA,The Britches Full Of Stitches,Misc tunes,NA,NA,NA,publicdomain,0.0,0,0,35,1,1,0,32,240,7.5,False,2.7244881968686205,1.0,0.953125
QmZRHP67K1YM34BwwFtMfetac7xVUcp7QYDNK2mP5BGEp2,Oh the deep unfathomed ocean - Wm. J. Kirkpatrick,NA,Oh the deep unfathomed ocean,William J. Kirkpatrick,NA,classical,NA,publicdomain,0.0,0,0,4,1,1,0,18,234,13.0,True,2.414213671452015,1.0,0.9402777777777778
QmV98JxwzgTt7A8UqZpLAGHqrSS3bKSjzAezVfWadqm2X3,Oh the golden promise grand and sweet - C. C. Case,NA,Oh the golden promise grand and sweet,C. C. Case,NA,classical,NA,publicdomain,0.0,0,0,5,1,1,0,17,234,13.764705882352942,False,2.559244974394525,0.9914529914529916,0.94140625
QmaX35hmjW1uVernGZAwR3zAeKJdw8jCC7wLY8iVGm7tXb,Oh the Lord is rich in mercy - Jno. R. Sweney,NA,Oh the Lord is rich in mercy,John R. Sweney,NA,classical,NA,publicdomain,0.0,0,0,4,1,1,0,29,367,12.655172413793103,False,2.463928330733033,0.997275204359673,0.9505208333333334
QmUigijnHdAN77sBHctGRpRqwEUTsZqm1zc8WAk9svDiE9,Oh the world must be conquer'd for Christ - Ira O. Hoffman,NA,Oh the world must be conquer'd for Christ,Ira O. Hoffman,NA,classical,NA,publicdomain,0.0,0,0,4,1,1,0,19,265,13.947368421052632,False,2.507343723688028,0.9886792452830188,0.9518229166666666
QmT87r3PRYZoea5Jr8UbvnYQZKo5YCoNLqpq2t9QEfhta2,Oh thou that hearest prayer! - G. F. R.,NA,Oh thou that hearest prayer!,G. F. R.,NA,classical,NA,publicdomain,0.0,0,0,7,1,1,0,18,198,11.0,False,2.6850834456130843,0.9848484848484848,0.9609375
QmbH3tdr8VjLV9zT87RQpkaQ5ywQFKB26u4ifChYVULnjN,Oh Turn Sinner,NA,Oh Turn Sinner,Misc Traditional,NA,folk,NA,publicdomain,0.0,0,0,6,0,2,0-0,21,240,11.428571428571429,False,2.336888469588702,1.0,0.933531746031746
QmVg7YKqJbNiffJjh646D1bP8LJCsWBzQikz8Qkgk6wUjS,Oh we're a band of brethren dear - L. H.,NA,Oh we're a band of brethren dear,L. H.,NA,classical,NA,publicdomain,0.0,0,0,3,1,1,0,15,215,14.333333333333334,False,2.337257216048968,0.9906976744186048,0.9513888888888888
QmS4gHQDifVmirArrcQWkv6FQfaFvid9pRgqr3wtgF6jjz,Oh Wert Thou in the Cauld Blast,NA,Oh Wert Thou in the Cauld Blast,Misc tunes,Robert Burns/F. Mendelssohn,NA,NA,publicdomain,0.0,0,0,6,0,2,0-0,16,260,16.25,True,2.83725913813025,0.9536679536679536,0.8802083333333334
QmXX9PpLYqAFFnya43fucKJoDMXgwozwdrnNfCbXkkayxt,Oh when I remember God's goodness to me - B. E. Warren,NA,Oh when I remember God's goodness to me,B. E. Warren,NA,classical,NA,publicdomain,0.0,0,0,4,1,1,0,19,319,16.789473684210527,False,2.4231199962569057,1.0,0.9774305555555556
QmYMneLD3ERPDcbr9eAUCKwXaqQTuyYRdeP2GxYdGECepE,Oh when I shall sweep thro' the gates - Phoebe Palmer Knapp,NA,Oh when I shall sweep thro' the gates - Phoebe Palmer Knapp,Phoebe Palmer Knapp,NA,classical,NA,publicdomain,0.0,0,0,5,1,1,0,19,240,12.63157894736842,False,2.535462293072753,1.0,0.9348958333333334
QmRZfLDycQLh5u4FLK1XGxwtB1jex222YJbaRJw9YD4yuk,Oh when the Saints,NA,when the saints go marching in,Misc Traditional,James Milton Black (1856-1938),folk,hymn-gospel-piano-american-jamesmiltonblack-negro-spiritual,cc-zero,4.63,111,159,11671,1,1,0,35,287,8.2,True,2.279003376159663,1.0,0.9975490196078431
QmbhUvHUZ9cZMNvP2CHs47nPPurR9ek3duSXxnGcKVrLLU,Oh where shall rest be found - G. F. Root,NA,Oh where shall rest be found,G. F. Root,NA,classical,NA,publicdomain,0.0,0,0,3,1,1,0,30,206,6.866666666666666,False,2.61203404275584,0.9951456310679612,0.9640151515151516
QmWN9Hp7cWNa51hpYayv4ywGtGkBeCkDMtVjdcXqhDgpbz,Oh whiskey heart of souls,A h-Uiscidhe Chroidhe na N-Anmann,Oh whiskey heart of souls,Misc tunes,NA,NA,NA,publicdomain,0.0,0,0,3,1,1,0,17,62,3.647058823529412,False,2.6512258522979746,1.0,0.8888888888888888
QmawnmcD5g3ZJMWscH6xGhMyRy14dGVDXVuH1HaTJ7ZUeM,Oh who has not felt that the cares of earth (Morris) - Mrs. C. H. Morris,NA,Oh who has not felt that the cares of earth (Morris),Mrs. C. H. Morris,Mrs. C. H. Morris,classical,NA,publicdomain,0.0,0,0,2,1,1,0,17,278,16.352941176470587,True,2.9973451560781994,0.9338235294117648,0.9322916666666666
QmRDLcUfhSfjfdksDA5FzMoHcq1QsW9PRK9UR1vsaSzhrL,Oh who'll be there dear Jesus - J. E. Gould,NA,Oh who'll be there dear Jesus - J. E. Gould,J. E. Gould,NA,classical,NA,publicdomain,0.0,0,0,2,1,1,0,22,259,11.772727272727272,False,2.553336197377876,1.0,0.9013888888888888
QmWVbubbXB4baY9zeERzmYwqrz3xtKUXjEQBwD7GoDhaUj,Oh why are you slighting the Savior - Wm. J. Kirkpatrick,NA,Oh why are you slighting the Savior,William J. Kirkpatrick,NA,classical,NA,publicdomain,0.0,0,0,4,1,1,0,19,307,16.157894736842106,False,2.7215750783142645,0.977198697068404,0.85546875
QmeBKYQQbhiLVLY44BKZLHKHFZTizyzhH8oajzP9cUZmVc,Oh will you not hear while He calls today? - James M. Black,NA,Oh will you not hear while He calls today?,James M. Black,NA,classical,NA,publicdomain,0.0,0,0,2,2,1,0,18,276,15.333333333333334,False,2.544313552409705,0.9927536231884058,0.8871527777777778
QmWR1Hx7y6giuXx9YQ2Rsh7zHnq73K8yY4yw7NPXmPkEGZ,Oh wonderful salvation - D. O. Teasley,NA,Oh wonderful salvation - D. O. Teasley,D. O. Teasley,NA,classical,NA,publicdomain,0.0,0,0,5,1,1,0,20,238,11.9,False,2.5699710663151127,0.9915966386554622,0.95
QmVK3PZptQ2vrQXCr7tS4oFmc3NikAycFgp5FgewND7hQV,Oh wonderful words by the Master spoken - W. A. Ogden,NA,Oh wonderful words by the Master spoken,W. A. Ogden,NA,classical,NA,publicdomain,0.0,0,0,4,1,1,0,25,406,16.24,False,2.5553811881948407,1.0,0.9513888888888888
Qma7jeVT2TDKSSekPYfDNGCS5yHsdobYjAfsPbuBC7814x,Oh wondrous love that Jesus shows - Jno. R. Sweney,NA,Oh wondrous love that Jesus shows - Jno. R. Sweney,John R. Sweney,NA,classical,NA,publicdomain,0.0,0,0,4,1,1,0,23,294,12.782608695652174,False,2.596088008405528,0.9965986394557824,0.9572916666666668
QmUYxc5u6xb8RmawHTRM5tavQdrzcsmPfPqfz54EvfgWV1,Oh Yes Mammy Look at Sam,NA,Oh Yes Mammy Look at Sam,Misc tunes,NA,NA,NA,publicdomain,0.0,0,0,4,1,1,0,14,84,6.0,False,2.8198841686399554,0.9642857142857144,0.9315476190476192
QmSDa8wRQ4cguGFPBQdDFZeV1HJTLonMxk5LjnnPxF7agn,Oh you Cop!,NA,Oh you Cop!,republisk,K.A. Karlov,NA,NA,cc-zero,0.0,0,1,113,1,1,0,15,96,6.4,False,2.499150366144798,1.0,0.9388888888888888
QmSmFWH97AzMoGpXrh33fpQYFGUbeYvuqNrQKP2idf4CQd,Oh!,NA,NA,NA,Byron Gay/Arnold Johnson - 1919,NA,copyrightfreeoldjazz-creolejazz,cc-zero,0.0,0,1,59,0,1,0,67,345,5.149253731343284,False,3.093813570440406,0.9159420289855073,0.8194444444444444
QmYfMhmG4cFyf1QPJLBC1mVReN7gqXN1dLNoAyvWFL1kq8,OH! HASTE AND LEAVE THIS SACRED ISLE,NA,OH! HASTE AND LEAVE THIS SACRED ISLE,Misc tunes,NA,NA,NA,publicdomain,0.0,0,0,4,0,2,0-0,13,129,9.923076923076923,False,2.781593927230227,0.9921259842519684,0.9114583333333334
QmWY8qwejrP1LFbKn5yFXZAyCX3abvncsjQJxLCcaeekTt,Oh! Susanna,In D major for piano,Oh! Susanna,Stephen Foster,Stephen Foster,classical,american-folksong-western,cc-zero,4.62,26,56,3754,1,1,0,17,119,7.0,True,2.553209315031732,1.0,0.984375
QmcCg1Zfn95kaH8M7tD2K7Vj2Vpr4jdcDsSHR7PryiesW5,Oh! Susanna (Simple Lead Sheet),NA,Oh! Susanna,Stephen Foster,Stephen Fosterarr. Marc Sabatella,classical,NA,cc-zero,4.76,30,39,1096,1,1,0,25,85,3.4,False,2.3627532883969526,1.0,0.9678819444444444
QmaTzqGGEwigbhZMRkjk1AXpWe22iEX9hCaPAHt2Qs1Rci,Oh! The Shamrock (air) 0398,NA,Oh! The Shamrock,Misc tunes,after Sg't. J. O'Neillmoderate,NA,NA,publicdomain,0.0,0,0,1,1,1,0,14,89,6.357142857142857,False,2.629209160736381,1.0,0.9201388888888888
QmcLj53McHBECMtXRWjirryYR7rWfJX6GHMfFpxP4SPZCz,Oh! Then dearest Ellen. CJF.203,NA,Oh! Then dearest Ellen. CJF.203,Misc tunes,NA,NA,NA,publicdomain,0.0,0,0,3,1,1,0,18,126,7.0,False,2.77225599402711,1.0,0.8315972222222222
QmWxcLDT4hwmQFjCX8BM4BMei9WaJNSbf4KiP1jSwbCGkv,Oh! When the Saints,NA,when the saints go marching in,Louis Armstrong,NA,jazz,NA,cc-zero,0.0,0,1,18,1,1,0,16,33,2.0625,False,2.2073362726074945,1.0,0.94921875
QmQ36U7Tg797SA76z9qfoKf3jFydSgJrjYmUHS1LuGCyRe,Oh! who is this under my window,NA,Oh! who is this under my window,Misc tunes,Mrs Marina Russell Upwey coll. c1906 HED HammondTranscibed to abc by P J Headford,NA,NA,publicdomain,0.0,0,0,1,1,1,0,9,41,4.555555555555555,False,2.697227667699446,0.975609756097561,0.9513888888888888
QmfKYQ4C3zxJzLG6sWkVo9gKfKBN84n3PR9K2Ym9MZkAoG,Oh!Balmy breeze that fans the Seas. CJF.177,Balmy breeze that fans the SeasOh!. CJF.177,Oh!Balmy breeze that fans the Seas. CJF.177,Misc tunes,NA,NA,NA,publicdomain,0.0,0,0,5,1,1,0,66,278,4.212121212121212,False,2.783444373434911,0.9712230215827338,0.9032407407407408
QmeAqodB2LgJqkunHRW74AYB6hssZoNgxd8HgMMGbrHiCU,Oh!say not Woman's Heart is bought. CJF.161,say not Woman's heart is boughtOh!. CJF.161Woman's heart is boughtOh! say not. CJF.161,Oh!say not Woman's Heart is bought. CJF.161,Misc tunes,NA,NA,NA,publicdomain,0.0,0,0,3,1,1,0,28,111,3.9642857142857135,False,2.824446578733747,0.972972972972973,0.8605769230769231
QmZem6opgdB2cC3BmEN2c7JE1AUoHZASqpCmkc4BL7CVcG,Ohayou - Hunter x Hunter 1999,Piano Transcription / Arrangement : MyReminiscence,hunter x hunter - departure,Misc Cartoons,Original Artist : Keno,soundtrack,NA,cc-zero,4.64,14,43,1642,0,1,0,124,2700,21.774193548387096,False,2.829316965140438,0.9807121661721068,0.8077050264550265
QmTtS34uy4s2xsxAdSD7oZQDeuUJ7qympnPXqimW9yHcCg,OHIO,NA,Ohio (Hornpipe),Misc tunes,NA,NA,NA,publicdomain,0.0,0,0,0,1,1,0,24,149,6.208333333333333,False,2.8612094128767724,0.9731543624161074,0.9538043478260868
QmQF8o8bMhe87yab9kG452KAMdzroVPNankJD8XYPmvbDb,Ohio,NA,NA,NA,NA,NA,NA,publicdomain,0.0,0,1,22,0,1,0,16,41,2.5625,True,2.283205605296521,1.0,0.8984375
QmTVcUQj7CXVQFU4chpZsoAkPghozmvrZ3VJMHBmmjHB6M,OHIO QUICK-STEP,NA,OHIO QUICK-STEP,Misc tunes,NA,NA,NA,publicdomain,0.0,0,0,3,0,7,0-0-0-0-0-0-0,100,1915,19.15,False,2.9887314432029792,0.9259927797833934,0.9029255319148936
QmbrkAm66QB7GpgS4vFxrmJDbYZ9uJzD5ZaWBHuxew2TWW,Ohne Anfang ohne Werden,NA,Ohne Anfang ohne Werden,Misc Traditional,NA,folk,NA,publicdomain,0.0,0,0,2,0,2,1-1,15,200,13.333333333333334,False,2.717493935110293,0.9949238578680204,0.9599358974358976
QmVdLUJokKDkMGLjGhd7Wim49ecGjuYTTLnNXkTfurqGUf,Ohne Titel,NA,NA,NA,Ludvig Schytte Op. 160,NA,NA,cc-zero,0.0,0,4,148,0,2,0-0,10,125,12.5,False,2.711613458613188,0.912,0.9136904761904762
QmNpGZvkTkkMBdvMQC8R6duy9RwuDYGzSxYQtt2DnrTR4t,OHurrah for the Bonnetts O Blue. BF12.16,Hurrah for the Bonnets so Blue. BF12.16,OHurrah for the Bonnetts O Blue. BF12.16,Misc tunes,NA,NA,NA,publicdomain,0.0,0,0,2,1,1,0,52,226,4.346153846153846,False,2.739859969450356,0.9823008849557522,0.9288194444444444
QmcbnePmjjKno2T4aN7C2cfcXp1jz26EhAwUGySShyGvfi,Oif'n Pripetshok,NA,Oif'n Pripetshok,Misc tunes,NA,NA,NA,publicdomain,0.0,0,2,89,0,3,0-0-0,27,303,11.22222222222222,False,3.0462001309868505,0.8355704697986577,0.930921052631579
QmaBbrT5i8KfwAabzPj18sQwCXEMuEurosYKowxFFPeFmY,Oj\o Brudmarsj,NA,Brudmarsj,Misc tunes,NA,NA,NA,publicdomain,0.0,0,0,3,1,1,0,35,169,4.828571428571428,False,2.828719930127088,0.8698224852071006,0.9602272727272728
QmSqDTRjVCFrVDky8f5zXqte4yu3JdaFuwACPAZvpr9yJr,Oja ääres puude vilus,NA,NA,NA,P. Koit (1892),NA,NA,cc-zero,0.0,0,0,70,1,1,0,8,100,12.5,True,2.7235116571940403,0.99,0.978219696969697
QmdnL14vSM1TsLkBTDhRW1cGdbuaBXhX8Tc8zZFGWw9eh1,ok chang etude 1,NA,ok chang etude 1,chang W.R.,ok chang,NA,NA,cc-zero,0.0,0,0,46,0,2,0-0,72,1244,17.27777777777778,False,3.460491328599677,0.7463768115942029,0.8074324324324325
QmSFcoJw7LVRKtsoa54FU2Rq5Q5XSEhQR51uYrfk1rgmmY,ok chang etude 1,NA,ok chang etude 1,chang W.R.,ok chang,NA,NA,cc-zero,0.0,0,0,22,0,2,0-0,32,498,15.5625,False,3.422496330457478,0.7479838709677419,0.9458333333333332
Qmf3pSznjWyjrz6uFUBhE9mpTsyeKjSEHdeqbPezviN3n7,ok chang etude 1,NA,ok chang etude 1,chang W.R.,ok chang,NA,NA,cc-zero,0.0,0,0,23,0,2,0-0,106,2181,20.57547169811321,False,3.535620605667651,0.6856356126663607,0.8491263440860215
QmVM6uezgRRdJAcfgDZQYVYvNpGq859Zj7z3sZd2K1DNtV,ok chang etude 1 (2),NA,ok chang etude 1 (2),chang W.R.,ok chang,NA,NA,cc-zero,0.0,0,0,22,0,2,0-0,51,921,18.058823529411764,False,3.447001611389477,0.7236126224156693,0.8834876543209876
QmWdzSqbhxpVyGpXayBjc2C99MfixHDsMb4nbQ2py9R9Gn,Ok Gibi Hûblar,NA,Ok Gibi Hûblar,Misc tunes,?,NA,NA,publicdomain,0.0,0,0,5,1,1,0,160,650,4.0625,True,2.817770853299358,0.9892307692307692,0.8747395833333333
QmZgZBzWVGixf7VjcvRPFY34kHTL8fjZRow6rHCZaha4Mu,Oken Leaves a Round of 3 Voices,NA,Oken Leaves a Round of 3 Voices,Misc tunes,From Pammelia (1609) compiled by Thomas Ravenscroft,NA,NA,publicdomain,0.0,0,1,7,1,1,0,3,50,16.666666666666668,True,2.860420510486398,0.94,0.9756944444444444
QmVo2WoaVbdg8uLsVoZ4CmRCyTffM4Kfjx6SoM9VDDEMo9,Okiraku + Saxxy Surprise,From Noucome OST,NA,NA,Sakai Asuka,NA,noucome-okiraku-surprise,cc-zero,0.0,0,4,121,2,1,0,64,709,11.078125,False,2.9176821686313112,0.9365303244005642,0.9425505050505052
QmeQC1dxUE2SdrxgrT6H6iZ5jmZKDUBQySwabKARL5hCSV,Oklahoma Run,NA,Oklahoma Run,Misc tunes,NA,NA,NA,publicdomain,0.0,0,0,1,1,1,0,5,26,5.2,False,2.205801108987336,1.0,0.8020833333333334
QmSGVi8xrUnYgqyXd3e4AcQEUtmexEpfjJbtFGGNAebyX9,Oklavay?m Paz?y?m,NA,Oklavay?m Paz?y?m,Misc tunes,(Anonim),NA,NA,publicdomain,0.0,0,0,7,1,1,0,28,172,6.142857142857143,True,1.9204932363935,1.0,0.9680059523809524
QmSX9WFC7Hzorh3Z6hVFj3n5LkVggKJ9TstXef3Fbosu98,Oksb\o{}lvals no 2 (Ejnar Nielsens Trombonevals),NA,Oksb\o{}lvals no 2 (Ejnar Nielsens Trombonevals),Misc tunes,NA,NA,NA,publicdomain,0.0,0,0,1,1,1,0,75,227,3.026666666666667,False,2.654831688720619,1.0,0.9526143790849672
QmU8kzWuAzjGWtw1rJFjXwzbM1Cgctj1hef83BYKzHPVNf,Okudera,NA,theme of ms okudera,RADWIMPS,NA,rock,NA,cc-zero,4.89,7,33,1201,1,1,0,16,156,9.75,False,2.682446194676836,1.0,0.9270833333333334
QmbeadFJHy1hoC68s6cpgZheKj6TMqr81zSHWLspnCQPsv,Old 'C' Waltz,NA,Old 'C' Waltz,Misc tunes,NA,NA,NA,publicdomain,0.0,0,0,1,1,1,0,4,9,2.25,False,1.8799649487271108,1.0,0.9479166666666666
Qmdwmmonjk2MQHZiAFRFwNPi5DDo7T51kvmw2kjXienFnm,Old 1812 Q. S.,NA,Old 1812 Q. S.,Misc tunes,Donated by John B. Mason Spring Valley Ohio Drum Major 154th O.V.I.,NA,NA,publicdomain,0.0,0,0,25,1,1,0,32,138,4.3125,False,2.569008644128906,1.0,0.9430555555555556
QmbShrrot5yF7E867Cb2YytVinz6KZ5XKXjww45Z2YEwjY,Old Abigail's Delight. (p)1702.PLFD.493,NA,Old Abigail's Delight. (p)1702.PLFD.493,Misc tunes,NA,NA,NA,publicdomain,0.0,0,0,4,1,1,0,16,92,5.75,False,2.734001630952629,0.9782608695652174,0.9557291666666666
QmUmYXdCFrxBpWSqLvtaf1YAEvhPjosmfzZftyiqcsDkQj,Old Abigal's Delight,NA,Old Abigal's Delight,Misc tunes,NA,NA,NA,publicdomain,0.0,0,0,3,1,1,0,8,46,5.75,False,2.757168319512488,0.9782608695652174,0.9565972222222222
QmeH6rB8xt2PvFcfX1914CzwpnRPZPZ25vBgN3JUwwAjwk,Old Apples in Winter,NA,Apples In Winter,Misc Traditional,NA,folk,NA,publicdomain,0.0,0,0,1,1,1,0,5,19,3.8,False,2.1029334343823503,1.0,0.9479166666666666
QmebNV6WdJnx7Y4wRGjuKNXDtDFXKrnXFEaAkQrihLPiUf,Old as the hills,NA,Old as the Hills,Misc Traditional,anon.,folk,NA,publicdomain,0.0,0,0,1,1,1,0,25,117,4.68,False,2.756375903235316,0.9914529914529916,0.9363425925925926
Qmaxrj2YXzjmAnEYyCzLHgBVdj83KaYg9uhPyocR16rktd,Old as the hills,NA,Old as the Hills,Misc Traditional,anon.,folk,NA,publicdomain,0.0,0,0,1,1,1,0,34,158,4.647058823529412,False,2.695378417435295,1.0,0.9444444444444444
QmPXGPp21132Dc2UkFrfdwkp1JtBCYrZTWuz7WDz4s5tFr,Old Banish Misfortune,NA,banish misfortune,Misc Traditional,NA,folk,NA,publicdomain,0.0,0,0,5,1,1,0,77,392,5.090909090909091,False,2.6309678502146747,1.0,0.9395424836601308
QmV3Vgieq8sfT68ZAmhcrBp4WAh8BPmaozdVg4jwM9kqCA,Old Black Joe,NA,Old Joe Clark,Misc tunes,NA,NA,NA,publicdomain,0.0,0,0,3,1,1,0,24,71,2.958333333333333,False,2.609101590856913,1.0,0.9547101449275364
QmdDiCHuvDXE7YWDuaKap2dDc2Bn2pGdkyGzAqTJs9YTYy,Old Black Joe - Stephen Collins Foster,NA,Old Black Joe,Stephen Foster,Stephen C. Foster,NA,NA,publicdomain,4.5,9,3,174,1,1,0,12,284,23.666666666666668,True,2.417808001156532,1.0,0.9147727272727272
QmSUZxDSpMBHAfDMVhUCxZ62R5erYsWNG1yd3LkGoU8uPe,Old Blind Sow She Stole Stole the Middlins,NA,Old Blind Sow She Stole Stole the Middlins,Misc tunes,NA,NA,NA,publicdomain,0.0,0,0,10,1,1,0,34,228,6.705882352941177,False,2.61521886991048,1.0,0.9713541666666666
QmQiHkeHLtJTuUcGrQB3iv82RRea8XgfAKZw7AbsbDyiHx,Old Breton Melody,NA,Old Breton Melody,Misc Traditional,Worship in Song,folk,NA,publicdomain,0.0,0,1,53,0,4,0-0-0-0,96,852,8.875,False,2.6726326367171787,0.9952830188679244,0.9131944444444444
QmX37De4s3JHQounkoWwnduTfrsNT9yFbeugT4pHLUc8Dk,Old Copper Plate The (A60),NA,Old Copper Plate The (A60),Misc tunes,NA,NA,NA,publicdomain,0.0,0,0,7,1,1,0,40,279,6.975,False,2.587180059602,1.0,0.969551282051282
QmWLsYP3KkoqnU1wD1sx7MLKi8Aq6VDPCnVpLnhc4uC1FC,OLD DAN TUCKER,NA,OLD DAN TUCKER,Misc tunes,NA,NA,NA,publicdomain,0.0,0,0,6,0,8,0-0-0-0-0-0-0-0,32,706,22.0625,False,2.798455165358133,0.9342105263157896,0.98046875
QmUESqqrFAPQVXpABmHfUGTY2Wy1SXdgTsYiu6KNeykY8y,OLD DAN TUCKER,NA,OLD DAN TUCKER,Misc tunes,NA,NA,NA,publicdomain,0.0,0,0,12,0,8,0-0-0-0-0-0-0-0,32,832,26.0,False,2.6526486565687173,0.943342776203966,0.98046875
QmSuzEBwynRMYeXXRSA6adhbGKoD8yXzuGunzzf23G38wv,Old Danish Schottische,NA,Old Danish Schottische,Misc tunes,NA,NA,NA,publicdomain,0.0,0,0,8,1,1,0,16,81,5.0625,False,2.756860187143769,1.0,0.9505208333333334
QmTAbkhqPE5itzHrFsFXfnhwjJ2nYGzD1eAL1LwKhbcP5r,Old Doctor: Renegade,(A Pro-Fun Troll Dance Tune for fiddle and banjo),Old Doctor: Renegade,Misc tunes,NA,NA,NA,publicdomain,0.0,0,0,1,1,1,0,8,55,6.875,True,2.635981474128743,1.0,0.9345238095238096
QmQB582iJvp1g7sXdZTAiCnPxNFsDaZa5nTyHhgRQM5gqG,Old English - The Little Man and the Little Duck,NA,The Little Man and the Little Duck,Old English,Old English.,classical,NA,publicdomain,0.0,0,0,1,1,1,0,17,53,3.117647058823529,True,2.6484997611341297,1.0,0.9505208333333334
QmWRz6jhXNQBJCWvASYWNVq6Qx5HacsUBoi51QhQaoDeQY,Old English Song - The Little Ship,NA,the Little Ship,Misc Traditional,Old English Song,folk,NA,publicdomain,0.0,0,0,27,1,1,0,17,67,3.941176470588236,True,2.5033467669588783,1.0,0.8871527777777778
QmdSdXPCpYDpXmHqsryBBtNZo2aV3cQaQf1TJG7ojrPZqd,Old Folks at Home,NA,Old Folks at Home,Misc tunes,Stephen C. Foster 1851/Stephen C. Foster,NA,NA,publicdomain,0.0,0,0,12,0,2,0-0,24,348,14.5,True,2.577103161348703,1.0,0.9311594202898552
Qmde9BbxM6RWnrccMYXvaNUYAGpML9Vpg2Wry8udWLVpdu,Old Folks at Home,NA,Old Folks at Home,Misc tunes,Stephen C. Foster. 1851.,NA,NA,publicdomain,0.0,0,0,14,1,1,0,24,87,3.625,True,2.272595620226633,1.0,0.9279513888888888
QmNdUJkmsKgAiDeLqbedhgXWTdYMLfEQSACapBdkSEnSe7,OLD FOLKS AT HOME,moderato espressivo,NA,NA,Music & Lyrics: Stephen Foster,NA,folksongs,cc-zero,4.12,5,4,813,1,1,0,48,692,14.416666666666666,True,2.761768669314886,0.9768115942028984,0.9273049645390072
QmNecEqcKJPLg45edc5vXshw3AvnnQQwcF3QqnczApEQZC,Old Folks At Home - Theme and Variations by Stephen Foster,Theme and Variations,Old Folks At Home - Theme and Variations,Stephen Foster,Stephen Foster1826 - 1864,classical,stephenfoster-oldfolksathome-swaneeriver-pianosolo-pianovariations,cc-zero,4.52,16,40,1786,2,1,0,148,1668,11.27027027027027,False,2.8949052493100056,0.9490407673860912,0.9728053435114504
QmNyXKLF6DgGRi82547ZtZqENWEvaiQAv3tCTcbBBtfsWh,Old Folks Play and the Young People Danced,NA,Old Folks Play and the Young People Danced,Misc tunes,NA,NA,NA,publicdomain,0.0,0,0,5,1,1,0,16,74,4.625,False,2.661847117658694,1.0,0.953125
QmREXUVYY5TM3RMtejpa8aLnLUJmsYpe9vdrUXnzZsaJSZ,Old French - Marionets Cotillion. TWC.254,Capt. Lano's Quick Marchaka. TWC.254,Marionets Cotillion. TWC.254,Old French,Old French,classical,NA,publicdomain,0.0,0,0,4,1,1,0,16,67,4.1875,False,2.5588826213334634,1.0,0.9149305555555556
Qme4LuxEEHRVixjrTKroPGt61TL3BQ16tvYTeSdPwc9qLp,Old French - Mignonette. TWC.255 La,Captain Lano's Quick Marchaka. TWC.255,Mignonette. TWC.255 La,Old French,Old French,classical,NA,publicdomain,0.0,0,0,4,1,1,0,36,139,3.861111111111111,False,2.840110357803057,0.9568345323741008,0.9105902777777778
QmREHZRvZn75CCS2D1EHnmXg8cL85WX2CcdtNqHeE914cM,Old French Song,NA,NA,NA,Unknown & Tchaikovsky,NA,NA,cc-zero,0.0,0,0,80,1,1,0,25,164,6.56,False,2.226398665395964,1.0,0.9878472222222222
QmToaxJdTt9saF3TNEEYhQ1SHEcMK1KFSRyCY86RHLBF4T,Old French Song color notes,NA,Old French,Misc tunes,Traditional & Tchaikovsky,NA,NA,cc-zero,0.0,0,1,25,1,1,0,25,164,6.56,False,2.226398665395964,1.0,0.9878472222222222
QmS1q1UaqKCAkE8aFoMkQodcy9k4sebXoZQKbm84bWbWyK,Old Frog Dance - Oddington,the Frog Hop,Old Frog Dance - Oddington,Misc tunes,NA,NA,NA,publicdomain,0.0,0,0,2,1,1,0,27,122,4.518518518518518,False,2.76353290998758,1.0,0.9421296296296297
QmZyzujpizy8vQaR7acjN5TB6FDJsWsVd4hLDwYjV2TF9P,Old German Dance,NA,Old German Dance,Michael Praetorius,Michael Praetorius (1571 - 1621),classical,NA,publicdomain,4.66,6,11,1752,1,1,0,16,108,6.75,False,2.258555593047173,1.0,0.9765625
QmRLDo33CKfD3gvgLGjPHxMuhEnemW2joiMEkBgfaZVZEt,Old Glory stands without a peer - Chas. H. Gabriel,NA,Old Glory stands without a peer,Chas. H. Gabriel,NA,classical,NA,publicdomain,0.0,0,0,4,2,1,0,30,392,13.066666666666666,False,2.6563145198526645,0.9744897959183674,0.9288194444444444
QmQQ8iZ9X43rNw7fvwFRLUaizmSmCnfgBryBjGDuU72GAV,Old Glory! we love thee - Broughton Edwards,NA,Old Glory! we love thee,Broughton Edwards,NA,classical,NA,publicdomain,0.0,0,0,5,1,1,0,27,273,10.11111111111111,False,2.704240463137972,0.9706959706959708,0.9774305555555556
QmPdzgtmiMCXnNBukuCdGbw3MNsMmXnHnX6kvETm6N5Y9i,Old Granny Greybeard a going to the Barber,NA,Old Granny Greybeard a going to the Barber,Misc tunes,NA,NA,NA,publicdomain,0.0,0,0,18,1,1,0,29,170,5.862068965517241,False,2.2944699267940014,1.0,0.945216049382716
QmXL3MJLcMKGoxKNghcSQGbvDxbJTUJ7wg37vGzy8rCXdW,Old Grey Cat,NA,The OLD GREY CAT,Misc tunes,NA,NA,NA,publicdomain,0.0,0,0,3,1,1,0,32,190,5.9375,False,2.836588902879075,0.9578947368421052,0.9244791666666666
QmQqQyPy2bpRjzTHvGGLtVhcHQ6sEL9zQYkH2N68EgvvtE,Old Grey Horse came out of the Wilderness,NA,Old Grey Horse came out of the Wilderness,Misc tunes,NA,NA,NA,publicdomain,0.0,0,0,6,1,1,0,36,214,5.944444444444445,False,2.3251781506341187,1.0,0.9543010752688172
QmaZ9WbdQeuKZ2DTtUw3qriMQo8pegx5mxsD5AePqi6aL7,Old Grey Mare,NA,The Old Grey Mare,Misc Traditional,Unknown (Steven Foster) -c 1850,folk,NA,cc-zero,0.0,0,0,30,1,1,0,34,134,3.941176470588236,True,2.260883214954507,1.0,0.9296875
QmfPtWDZkSfTFvDHir55RsgXdBUeNxpGBWKiov2auhMd7c,Old Hag at the Churn,NA,The Hag At The Churn,Misc tunes,NA,NA,NA,publicdomain,0.0,0,0,2,1,1,0,16,86,5.375,False,2.6424859571031485,1.0,0.9548611111111112
QmRV7qrzmL27TBXy8HqdvaZG7vC8BrNumr6G4HtveD3jL6,Old Hob or... WCD3/2.048,Mouse TrapThe. WCD3/2.048,Old Hob or... WCD3/2.048,Misc tunes,NA,NA,NA,publicdomain,0.0,0,0,7,1,1,0,36,150,4.166666666666667,False,2.656857963728588,1.0,0.9448784722222222
QmUkgTX8sqq4dycqj1eXafBankmQNY33KntRQfwgDT8PRt,Old Hundredth (Portrait Format),NA,NA,NA,OLD HUNDREDTH L.M. Thomas Ken1551,NA,NA,cc-zero,0.0,0,2,156,0,4,0-0-0-0,16,148,9.25,True,2.6070007778980457,1.0,0.9672619047619048
QmYhTHdc7nsTyJbbpDqRE1WU1w9e6EBQNGBPheu9nCKsMD,Old Joe,NA,Old Joe's,Misc tunes,NA,NA,NA,publicdomain,0.0,0,0,4,1,1,0,21,85,4.047619047619048,False,2.624738340267549,1.0,0.8625
QmVGrGxhT3K8hM5FRjV1ukMsTGyJbANmaQWgDCpo3iMuxq,Old Joe,NA,Old Joe's,Misc tunes,NA,NA,NA,publicdomain,0.0,0,0,1,1,1,0,32,194,6.0625,False,2.757309817266273,0.9381443298969072,0.9375
QmaiRvrTqvqYp98xZv2zn6t8jAziJivn8qtie2S9fwjksF,Old Joe. Roose.0754,NA,Old Joe. Roose.0754,Misc tunes,'Ethiopian Serenaders',NA,NA,publicdomain,0.0,0,0,7,1,1,0,34,150,4.411764705882353,False,2.519978702259193,1.0,0.9440104166666666
QmVAAp6xaCdaZYyY61WCz4Fjs5zjbBsZosizfkGbPnEepz,Old John's,Port Shean tSe\'ain,Old Joe Clark,Misc tunes,NA,NA,NA,publicdomain,0.0,0,1,3,1,1,0,42,220,5.238095238095238,False,2.5060346324996976,1.0,0.9698275862068966
QmVrN1PfogwxJzDU2D2XKNZRUL1EAmX5xiH1zZaLe4C8yL,Old John's,NA,Old Joe Clark,Misc tunes,NA,NA,NA,publicdomain,0.0,0,0,1,1,1,0,36,180,5.0,False,2.450741093584002,1.0,0.9739583333333334
QmbdTBPyNP1jp2i7MuWCWBd41gB83mzkMMbPp3RDXtfGgL,Old King Cole,NA,Old King Cole,Misc tunes,anon.,NA,NA,publicdomain,0.0,0,0,12,1,1,0,16,40,2.5,False,1.9679414913662503,1.0,0.9736111111111112
QmQro7ejWxJFn9acZS4sKUASWXi1KEcufbphXWFXRHLu8H,Old Mac Donald had a farm,NA,NA,NA,NA,NA,NA,cc-zero,4.42,4,6,91,0,2,0-0,21,380,18.09523809523809,True,1.913967495266244,1.0,0.9682539682539684
QmeGRbC8CS8ofhZDSDUNkiAYKR3eK3VFdDEywFN5KhcPbd,Old MacDonald,NA,Old Macdonald Had A Farm,Misc Children,NA,soundtrack,NA,cc-zero,0.0,0,0,93,1,1,0,16,54,3.375,False,1.8799649487271108,1.0,0.9625
QmY6SrETDBoDUMnvBAiXNnKDKeas4Z9CshNQFqd8oqq3Ad,Old Man Dillon (jig) 0804,NA,Old Man Dillon,Misc tunes,after Chief F. O'Neill.,NA,NA,publicdomain,0.0,0,0,5,1,1,0,38,191,5.026315789473684,False,2.969110879038189,0.9109947643979056,0.9337121212121212
QmQVon8MSMeDNAwvv4TaNA1NKj9qHWBCmc6swqWomzHPqe,Old Man Dillon.,NA,Old Man Dillon,Misc tunes,F. O'Neill.,NA,NA,publicdomain,0.0,0,0,1,1,1,0,45,228,5.066666666666666,False,2.8958548665190045,0.9298245614035088,0.9326388888888888
QmYNi4XiAtLrBNVUdywjPbau7r3HP4V944dd5QgtCZ1K5X,Old Man Killed with a CoughThe. RHu. 054,NA,Old Man Killed with a CoughThe. RHu. 054,Misc tunes,NA,NA,NA,publicdomain,0.0,0,0,1,1,1,0,34,182,5.352941176470588,False,2.730771977416306,1.0,0.9774305555555556
QmNRQqPY4fbzX8b4AaPFLsG7ja2kLBJzCj98uJVwdq5cV1,Old Man Quinn (hornpipe) 1649,NA,Old Man Quinn,Misc tunes,after Sg't. Early,NA,NA,publicdomain,0.0,0,0,5,1,1,0,56,390,6.964285714285714,False,2.78379868209175,0.9948717948717948,0.9319727891156464
QmXFughMxeSXYsRpsHws2SyDrF3HLYW6wVE8HQHVeFfiQY,Old Man Rocking the Cradle,NA,Rocking The Cradle,Misc tunes,NA,NA,NA,publicdomain,0.0,0,0,4,1,1,0,24,150,6.25,False,2.222890008799678,1.0,0.976851851851852
QmNkMwBc9exrMLMgC2CpRA3m1Ra5d9WNsdntGY7aeEeSkR,Old McDonald,Piano,Old McDonald,dangngocthuya,Äáºng An,NA,NA,cc-zero,0.0,0,2,181,1,1,0,16,92,5.75,False,2.152325096297562,1.0,0.9635416666666666
QmeuABpe5SwFTzvj5iERFJu7rZkP6zKKC2pTsPUQvyjDSn,Old Mother Flanagan,NA,Old Mother Flanagan,Misc tunes,NA,NA,NA,publicdomain,0.0,0,0,8,1,1,0,64,440,6.875,False,2.5880503394096617,1.0,0.947265625
QmaXJKZVtvPGcTjAKz4gUN4XFc9FEuYJHjstLWZc7f9dYv,Old Mother Flanagan,NA,Old Mother Flanagan,Misc tunes,NA,NA,NA,publicdomain,0.0,0,0,1,1,1,0,2,13,6.5,False,2.507380102423636,1.0,0.9375
QmadgBMK1jRLjN1hBuWsJSoe7PtpnwEZ8HDCEjwM2WFWe9,Old Mrs. Huddledee,Kafoozalum,Old Mrs. Huddledee,Misc tunes,NA,NA,NA,publicdomain,0.0,0,0,4,1,1,0,16,110,6.875,False,2.3978478361570934,1.0,0.9583333333333334
QmQyavMCVvc6F3ApQ73QvcmZeQCrJriZYSXJMff9kh7FD3,Old Nora (jig) 0866,NA,Old Nora,Misc tunes,after Chief F. O'Neill,NA,NA,publicdomain,0.0,0,0,2,1,1,0,98,526,5.36734693877551,False,2.614612615474339,1.0,0.965186403508772
QmeLtkNoiWJqLecHjchVXDMsPrVhfDdaWSqKz865VT1jkh,Old or New 100th Ps Verses 1.2.3.42voices. WHG.073,NA,Old or New 100th Ps Verses 1.2.3.42voices. WHG.073,Misc tunes,NA,NA,NA,publicdomain,0.0,0,0,8,0,2,0-0,20,70,3.5,False,2.539489010385743,1.0,0.9837962962962964
QmXXhLEGnRMgek6ZUzpY8a8XuVm44V8gEPRy4nGze4FrM4,Old Pipe Tune - The Hollin Buss,NA,The Hollin Buss,Old Pipe Tune,Old Pipe Tune,classical,NA,publicdomain,0.0,0,0,2,1,1,0,36,170,4.722222222222222,False,2.292231054721311,1.0,0.8177083333333334
QmReVD3mWFws2BDj2xX4Wiy9GtQqrztUDqpxSvbnwYEbsB,Old Roger Red Poll,Yr Hên Rogero Benboch,Old Roger Red Poll,Misc tunes,NA,NA,NA,publicdomain,0.0,0,0,4,1,1,0,50,266,5.32,False,2.9070044282529137,0.962406015037594,0.9343971631205674
QmRZ7zWp9WmJSmuNk8JutjEWbk9fsmNBZGDsrv25X1WfPF,Old Rugged Cross,NA,NA,NA,George Bernard - 1913,NA,copyrightfreeoldjazz-creolejazz,cc-zero,0.0,0,7,834,0,1,0,73,233,3.191780821917808,False,2.8904898789028426,0.965665236051502,0.9565476190476192
QmUFJiKW3V2sryUA5r4sE6xH11B1G2jGWogBRVGEZqstn9,Old Scotch - Come Under My Plaidie. TWC.046,NA,Come Under My Plaidie. TWC.046,Old Scotch,Old Scotch,classical,NA,publicdomain,0.0,0,0,3,1,1,0,18,86,4.777777777777778,False,2.372785400879094,1.0,0.9479166666666666
QmNfJH5JexM8fu7oChzV9dwPt4rPaEAYnZF7bNxxPL6siG,Old Scotch - Hame Came Our Gudeman,NA,Hame Came Our Gudeman,Old Scotch,Old Scotch,classical,NA,publicdomain,0.0,0,0,1,1,1,0,18,148,8.222222222222221,False,2.5687693801972764,1.0,0.9140625
Qmc3dQjCd7UVF7ivSzdKHFAW8Ah9g8pbjx5mtwqgGLMXpm,Old Scotch - O'er The Moor Among The Heather. TWC.049,NA,O'er The Moor Among The Heather. TWC.049,Old Scotch,Old Scotch,classical,NA,publicdomain,0.0,0,0,4,1,1,0,16,134,8.375,False,2.435984099930343,1.0,0.9322916666666666
QmXt3vMbufqLQ3WsnVimXcoDwRCJzhXKfFnLzA9oZ5h5UA,Old Scotch - Todlen Hame. TWC.050,NA,Todlen Hame. TWC.050,Old Scotch,Old Scotch,classical,NA,publicdomain,0.0,0,0,2,1,1,0,16,82,5.125,False,2.3841446792178136,1.0,0.9461805555555556
QmZDuUbz528BErK1q2TrCWbZHes4ZQZict3PhkSgnWACK6,Old Simon The King. (p)1679.PLFD.233,NA,Old Simon The King. (p)1679.PLFD.233,Misc tunes,NA,NA,NA,publicdomain,0.0,0,0,3,1,1,0,40,296,7.4,False,2.767791684577387,1.0,0.933738425925926
QmaCXFHBk4bbU53sW5eGycxZv9NT7SmuE3PBRUwT5UP6ja,Old singing man -huggins,NA,Old singing man -huggins,Misc tunes,Taken down from Will. Huggins by F.W.B. Sept. 1889,NA,NA,publicdomain,0.0,0,0,1,1,1,0,19,82,4.315789473684211,False,2.577098934296413,1.0,0.9150641025641024
QmaUmKLYJFxGGHrbTHKsLxav3gr4XZ5qaiBNbLb2eQHqzF,Old Slipper Shoe,tSeanbhr\'oig\'in Bhog,Old Slipper Shoe,Misc tunes,NA,NA,NA,publicdomain,0.0,0,0,1,1,1,0,2,14,7.0,False,2.467720100474499,1.0,0.9270833333333334
QmZtfm1Vevuy1ceNVnCxMpJFMZxiemNdzg25MWQ74jDdpF,Old Slipper Shoe,tSeanbhr\'oig\'in Bhog,Old Slipper Shoe,Misc tunes,NA,NA,NA,publicdomain,0.0,0,0,3,1,1,0,16,116,7.25,False,2.608764294419424,1.0,0.9440104166666666
QmSqjcfRnEMytwM4yhZhrwGGUrrGCDc4VPY535b1whqJPN,Old Song - Kingussie Flower,NA,Kingussie Flower,Old Song,Old Song,classical,NA,publicdomain,0.0,0,0,4,1,1,0,18,82,4.555555555555555,False,2.743037317433793,0.926829268292683,0.9166666666666666
QmefBR7moQG5f23e4XmNgG5USnfBYR9DCdHnZuzteJa6eH,Old Song adapted - Over the Water to Charlie (New Way),NA,Over The Water To Charlie,Misc tunes,Old Song adapted,NA,NA,publicdomain,0.0,0,0,2,1,1,0,32,169,5.28125,False,2.51969713990882,1.0,0.9456521739130436
QmebDjBgnr6n1p4Dg9W6RG1aA5mX6g8kdGniAZ5Ssr5NtG,Old Swedish folk tune - How Great Thou Art,NA,how great thou art,Misc Praise Songs,Old Swedish folk tune,religiousmusic,NA,publicdomain,4.7,7,6,175,0,2,0-0,18,312,17.333333333333332,True,2.720262882490485,0.9741100323624596,0.9638888888888888
QmSoCmsmyvjPe7eAZHGPW8PSz9NKH8FwhmTGxZ5rQRgQmf,Old Time Billy in the Lowground,NA,billy in the lowground,Misc Traditional,NA,folk,NA,publicdomain,0.0,0,0,4,1,1,0,18,94,5.222222222222222,False,2.727556042227961,1.0,0.9309895833333334
QmTQpzPbM2gng6cGr2r1fZxkNXJTDi72W1hhDJqzYii9hV,Old Time Blackberry Blossom,NA,blackberry blossom,Misc Traditional,NA,folk,NA,publicdomain,0.0,0,0,19,1,1,0,51,352,6.901960784313726,False,2.6220888842370376,1.0,0.957890070921986
QmSCP5tnsWR6itnhLf53tFFtgvBJKvT4MggjsWrSRy5ewX,Old Time Wedding Reel 3,Put Me In the Big ChestCuir's a' Chiste Mhoir Mi,Old Time Wedding Reel 3,Misc tunes,NA,NA,NA,publicdomain,0.0,0,0,3,1,1,0,45,291,6.466666666666667,False,2.295783979979093,1.0,0.9693287037037036
QmNq2KXJy5siBqEfs5CmEUmGbR7snLWsRhTeNt8BaTpkCf,Old Tom of Oxford (T tells us that this is the title - you can leave this line blank but for good form don't leave it out or the computer - in the case of an ABC decoder - would have problems reading the tune),NA,Old Tom of Oxford (T tells us that this is the title - you can leave this line blank but for good form don't leave it out or the computer - in the case of an ABC decoder - would have problems reading the tune),Misc tunes,NA,NA,NA,publicdomain,0.0,0,0,3,1,1,0,32,148,4.625,False,2.754109167669991,1.0,0.9296875
QmdfquLqcbjtesW8RReB6RKi7UENpNdR4UMJUbwUCb5nCn,Old Towler,NA,Old Towler,Misc tunes,No 194 Page 96 William Clarke of Feltwell,NA,NA,publicdomain,0.0,0,0,3,1,1,0,84,346,4.119047619047619,False,2.6873270050613502,0.9942196531791908,0.9138418079096046
QmcP8RVEXwVmQPQ9qqmjLDmdaoEYgjckSdFkCaEzWFY1dZ,Old Towler2voices. JGi.008,NA,Old Towler2voices. JGi.008,Misc tunes,NA,NA,NA,publicdomain,0.0,0,0,5,0,2,0-0,84,660,7.857142857142857,False,2.715905166851483,0.984472049689441,0.9201388888888888
QmNTjcZz9tKS8RewFPoRB7nscMwYv28wHYfTTKTSQw4d2k,Old Town Road,NA,old town road,Lil Nas X,By Blackkatana 2.0,hiphop,NA,cc-zero,0.0,0,13,192,2,1,1,70,928,13.257142857142858,False,2.719998048875923,0.9913793103448276,0.969047619047619
QmfFrjMnmhqQkkHv4BaZeLTLeAtLRYNy7eMfzJJbcoGcFN,Old Truagh (air) 0123,NA,Old Truagh,Misc tunes,after Sg't. J. O'Neillslow,NA,NA,publicdomain,0.0,0,0,4,1,1,0,18,74,4.111111111111111,False,2.561240130060935,1.0,0.9184027777777778
QmXazJh4wi2jQRe2cyZL7LgfX6D7zgKQ2gXE4DYdvDLrfv,Old Tubbs - GB/7e/3 Trot-Away,NA,GB/7e/3 Trot-Away,Old Tubbs,Old TubbsTranscribed by Simon Furey and Lewis Jones,classical,NA,publicdomain,0.0,0,0,2,1,1,0,28,177,6.321428571428571,False,2.6699585217315525,1.0,0.9366666666666666
QmYnBcAvHphE9V3FC1JreQe2ujDrNRLRjTVBTCkj5dBmx4,Old Tune - Rock-a-bye Baby.,NA,Rock-a-bye Baby.,Old Tune,Old Tune.,classical,NA,publicdomain,0.0,0,1,39,1,1,0,8,37,4.625,True,2.6817293808902893,1.0,0.8666666666666667
Qmah8Qg8u2eYWQ1gboY6ytTAvet8hEPCT5uyVQCdDiyCk8,Old Wife behind the Fire,Longways for ...,Old Wife behind the Fire,Misc tunes,NA,NA,NA,publicdomain,0.0,0,0,2,1,1,0,8,54,6.75,False,2.673947154068038,1.0,0.9635416666666666
Qmbyyu2FFARN8vmyBccSyePTyc6TpPpsTtyoVbTLKqFSDR,Old Woman Tossed Up - Kirtlington,NA,Old Woman Tossed Up - Kirtlington,Misc tunes,NA,NA,NA,publicdomain,0.0,0,0,2,1,1,0,33,152,4.606060606060606,False,2.517387423703769,1.0,0.9623015873015872
QmU36tWpsY1vEr4ahJqHCn8V4X23pzrfijCa3ueHTs6SAT,Old Zip Coon -- Reel,NA,OLD ZIP COON -- REEL,Misc tunes,NA,NA,NA,publicdomain,0.0,0,0,7,1,1,0,36,64,1.7777777777777777,False,1.8413310493867563,1.0,0.9947916666666666
QmWtyW94wYj3dGt2e3tELuw86BTMcDEcSXCKhk6YaEfJiZ,Oldboy (2003) - Cries and Whispers,from Oldboy (2003),Cries and Whispers,Oldboy (2003),Composed by Shim Hyeon-jeong Lee Ji-soo and Choi Seung-hyun,NA,NA,cc-zero,4.6,12,33,812,2,1,0,185,2103,11.367567567567567,False,3.2231838348393653,0.8256312529776084,0.9787296037296036
QmVHmjLt76Nsn4FScizFBKERtKSVvTyddHh3TbNAXoUiM3,OldManRiver,music by Jerome Kern - words by Oscar Hammerstein II,OldManRiver,geoph,Composer,NA,NA,cc-zero,0.0,0,0,10,1,1,0,66,386,5.848484848484849,True,2.62043668403988,1.0,0.9612455197132616
QmfGrxAqGCHymZmon5EhiL7QYfCs2CCrjY7UtVyurqZSrZ,Ole Jaw Bone. Roose.0776 De,NA,Ole Jaw Bone. Roose.0776 De,Misc tunes,NA,NA,NA,publicdomain,0.0,0,0,2,1,1,0,13,50,3.8461538461538463,False,2.2070831434946268,1.0,0.9409722222222222
QmZkTYcfh1tfTpXQNpJnb3YupnMGdAxNcH53Xm9NYzA8tE,Ole Miss,NA,NA,NA,W.C. Handy - 1916,NA,copyrightfreeoldjazz-creolejazz,cc-zero,0.0,0,3,171,0,1,0,80,363,4.5375,False,3.2010287855119284,0.8705234159779615,0.9330168776371308
QmRo76TNEcvVNpKerTS3ELrnxFz8LSMot5wgPLTMeoE71K,Olive Blossoms,NA,Olive Blossoms,Pietro Frosini,Pietro Frosini,jazz,accordion,cc-zero,4.87,13,22,767,2,1,0,279,2119,7.594982078853047,False,3.1207534948202253,0.8598395469561114,0.9427083333333334
QmNRsdiToTRMwq9YS76oZCMWJLXmMvVYvXSq8LUeZKkduu,Oliver Jack,NA,Oliver Jack,Misc tunes,Joe Buchanan's Scottish Tome - Page 186.2,NA,NA,publicdomain,0.0,0,0,5,1,1,0,25,119,4.76,False,2.509937038031896,1.0,0.9638157894736842
QmNfJPKB1biBhChDAamZbcdGaawmTzgeisDVj86UcKNkcY,Olivia Rodrigo - All I Want,NA,All I Want,Olivia Rodrigo,Olivia RodrigoHigh School Musical the Musical the Series,pop,highschool-musical-oliviarodrigo-alliwant-hsmtmts-tvshow,cc-zero,4.63,194,970,130679,0,1,0,57,977,17.140350877192983,False,2.93603684394005,0.9570112589559876,0.9501488095238096
QmSo4GNd5TgSY4kTzan8cCzMZBMGTC5QVevnbWtnNNE1kE,Olivia's January Tune,Piano: Middle C D and E,Olivia's January Tune,Kittyko,Kittyko,NA,NA,cc-zero,0.0,0,0,134,1,1,0,8,25,3.125,True,1.5690255736436505,1.0,0.9672619047619048
QmbRzovdMfPh7fKWx7DP8FFKLaAU98Myjm3NYYgLVoEBrd,OLNEY (Chapin) - Chapin,NA,OLNEY (Chapin),Chapin,NA,classical,NA,publicdomain,0.0,0,0,4,0,3,0-0-0,32,207,6.46875,False,2.583781860439854,1.0,0.9557291666666666
QmY2yEKwus5U7enSZnH6VDjYQ7GPVA7tFityntC1o7N7UZ,OLNEY (Mason) - Lowell Mason,NA,OLNEY (Mason),Lowell Mason,NA,classical,NA,publicdomain,0.0,0,0,1,1,1,0,12,97,8.083333333333334,False,2.5043971546389754,1.0,0.9625
QmXVCrzevgGjQf8og2LBmMwJxE4pqowmNX2WXRAFqtAfJh,Olé,NA,Olé,John Coltrane,John Coltrane,jazz,jazz,publicdomain,4.71,4,7,1486,1,1,0,45,107,2.3777777777777778,False,2.248094048417454,0.9065420560747663,0.9236111111111112
QmZZHXYdckRikXECNZaaKo5xMtSTtkNW3gwEibTyQp2GUh,Om Jai Jagadish Hare (Aarati),NA,Om Jai Jagdish Hare,Anuradha Paudwal,NA,NA,aarati,cc-zero,0.0,0,12,1245,0,1,0,128,809,6.3203125,False,2.4678269457376567,1.0,0.852735368956743
QmVsaFCj1qGGaLA2QJF6DidJ3PD5a8aan8zhnG8wLpzuUt,Om kvelden,In the evening,Om kvelden,Misc tunes,anon.,NA,NA,publicdomain,0.0,0,0,5,1,1,0,24,122,5.083333333333333,False,2.846249573155596,0.8852459016393442,0.8895833333333334
QmPCZMWZM8Lg4edPAtGTB6H8q9tuhXj4JdsutDxNs7iKHd,Om Shanti Om - Theme Music of a famous Indian movie,NA,om shanti om sung - aankhon mein teri,Misc Television,NA,soundtrack,NA,cc-zero,4.51,56,177,5856,2,1,0,28,588,21.0,False,2.728770025393322,1.0,0.970679012345679
QmU6WwRoRYqBzvsE9CSdvmLmChDfqfBHQVy2UZGEKQ4meR,Omal Maal,NA,NA,NA,NA,NA,ingria-russia-finn-fokmusic-piano-omalmaal-finland-inkeri-ingermanland-sattuma-lutheran,publicdomain,0.0,0,1,176,1,1,0,15,98,6.533333333333333,False,2.702940201410668,0.9897959183673468,0.9622395833333334
QmaS965mVkXySZeanyMVhc9iS467NCauyBKry2oB4gGhKT,Ombra mai fu (Easy piano edit.) from Opera serse Largo - G.Handel,Opera Serse (Xerxes) Largo,Serse HWV 40,Georg Friedrich Händel,G.F.Handel(Arr. D.Yanagimoto),classical,piano-handel-largo-ombramaifu,cc-zero,4.51,30,79,3714,1,1,0,52,669,12.865384615384617,False,2.857445048365867,0.9803328290468988,0.956081081081081
QmbnqH74GSfkRv7GRitFBrsFL28Ljmu3nLCvinAp5TuEJj,OMFG Hello/I Love You Remix,NA,hello,OMFG,NA,electronic,omfg-hello-iloveyou-omfgremix-omfgmashup,cc-zero,4.71,11,129,4699,2,1,0,86,2154,25.046511627906977,False,2.707838965717379,0.9948932219127206,0.8598039215686275
QmYp79ri4K7Q89LggUj9GR5KzeiSMbs6k6fXeEijy5wuze,OMFG HelloI Love You Remix,NA,NA,NA,NA,NA,NA,cc-zero,0.0,0,15,455,2,1,0,86,2154,25.046511627906977,False,2.707838965717379,0.9948932219127206,0.8598039215686275
QmdPC3vQNFJX31D5yjKzLZ4qbJwqRwxbJZZQBeDcVN5Btv,Omie Wise,NA,Omie Wise,Misc tunes,anon.,NA,NA,publicdomain,0.0,0,0,4,0,2,0-0,18,70,3.888888888888889,False,2.1785076638065792,1.0,0.9635416666666666
Qmc1PCni4thnc765zSoTyapPUGWwCEVbTkzCSsS1jo4uyT,Omnes superni ordines,NA,Omnes superni ordines,Anonymous,NA,classical,NA,publicdomain,0.0,0,0,7,0,4,0-0-0-0,65,449,6.907692307692308,False,2.8864269010198336,0.9731543624161074,0.9676282051282052
QmV1DeQT23B5EFXy8Hygr2qExNCkn6Pn3PSoHx7TPDNWJ2,Omoide wa Tooku no Hibi,Byousoku 5 Centimetre,omoide wa tooku no hibi distant everyday memories,Tenmon,Composer Tenmon Transcribed by Chi-Sze Ooi,NA,cm-byousokucentimeter-byousokucentimetre-omoidewatookunohibi-makotoshinkai-tenmon,cc-zero,0.0,0,20,1083,1,1,0,51,340,6.666666666666667,False,2.9538610430142254,0.9411764705882352,0.96375
QmbmNroJwBXv4Miqxq7GpzCTnG7xxToBKZbu3zru3cnfxN,On,[방탄소년단] - BTS,On,anipoppiano,Arr. Anipop Piano,NA,on-bts-onbts-onpiano-piano-kpop-kpoppiano-anipoppiano-onbtspiano-btsonpiano-anipop,cc-zero,0.0,0,0,28,2,1,0,127,2312,18.20472440944882,False,2.7518667394938454,0.96280276816609,0.890542328042328
QmXPX5JnNjtaHoWV6NgXvpbLjxFQbeiyXQRSvcWaSoUeZ9,On a Bank of Flowers. SenH.027,NA,On A Bank Of Flowers,Misc tunes,in Hand B (Humph. Senhouse),NA,NA,publicdomain,0.0,0,0,2,1,1,0,14,60,4.285714285714286,False,2.789794873580219,0.95,0.9526515151515152
Qmez4KBGLoiVD7bBvJcdgAfAETorM3QjRLaFKJgKovP6cY,On A Cold Winter's Day (air) 0616,NA,On a cold winter's day,Misc tunes,Unattributedmoderate,NA,NA,publicdomain,0.0,0,0,6,1,1,0,18,57,3.1666666666666665,False,2.627573183900459,0.9824561403508772,0.9388020833333334
QmRHjn9ukCHXcJsPCsziHVHUvDZfj3M7vsdnQRhEkHC3fA,On a Cold Winter's Day.,air la fuar gei.mrea.d.,On a cold winter's day,Misc tunes,NA,NA,NA,publicdomain,0.0,0,1,14,1,1,0,17,52,3.0588235294117645,False,2.5134664617234383,1.0,0.9340277777777778
QmRBQ2gwf7QSBaGbfDU8Zzd4kzknfKR1RLadafzAykuvq9,On A Southern Hymnsong - Piano Duet,Piano Duet,On A Southern Hymnsong,David R. Holsinger,David R. HolsingerArr. Cameron Phillips,NA,NA,cc-zero,0.0,0,1,25,0,4,0-0-0-0,91,2242,24.63736263736264,False,3.228396709751852,0.8824318283415288,0.8226273148148149
QmTutLzzxXtMwCVgsFBpDpgbHE6rESwGrRgcmm33jFRHNU,On a strength beyond my own - Mrs. R. R. Forman,NA,On a strength beyond my own,Mrs. R. R. Forman,NA,classical,NA,publicdomain,0.0,0,0,40,2,1,0,26,316,12.153846153846152,False,3.012581991619132,0.9367088607594936,0.9516666666666668
QmcFYftvFSDbhcTBcEdhRfEgaYCkMhNdx4mwBVLZXJdLgZ,On a wagon bound for market,NA,NA,NA,Sholom Secunda Joan Baez,NA,NA,cc-zero,4.25,9,7,228,0,2,0-0,24,427,17.791666666666668,True,2.8640804796680293,0.9545454545454546,0.9481382978723404
QmYjuBoFDPQwrM2Bbsm1BseY3nhzHqZwsk7LAEpKkbYEZC,On and on with our Redeemer - Ira B. Wilson,NA,On and on with our Redeemer,Ira B. Wilson,NA,classical,NA,publicdomain,0.0,0,0,2,2,1,0,18,384,21.33333333333333,False,2.6314033320896684,0.9791666666666666,0.9596354166666666
QmYykBsXhqcZpJtDkwUH7mpVx4MurH8U6BkEddTyugsg3h,On Calvary my Savior died - James G. Garth,NA,On Calvary my Savior died - James G. Garth,James G. Garth,NA,classical,NA,publicdomain,0.0,0,0,6,1,1,0,25,298,11.92,False,2.553312356373368,0.9932885906040269,0.9479166666666666
QmZ2TaQAyvGXZL1QbFnMuR2hEezwQohRHXFbRAWx8M5bqw,On Christian soldier onward now go - Powell G. Fithian,NA,On Christian soldier onward now go,Powell G. Fithian,NA,classical,NA,publicdomain,0.0,0,0,9,1,1,0,16,288,18.0,True,2.7291808873962,0.972027972027972,0.9461805555555556
QmbKiA3mZrEWuc1bPekMGh23sXAymcQayU7ATuWDFWJiW6,On Christmas Eve,NA,Christmas Eve,Misc tunes,NA,NA,NA,publicdomain,0.0,0,0,5,1,1,0,36,222,6.166666666666667,False,2.4112710529767973,1.0,0.94760101010101
QmQfw2w2orBAXAuohQTLhFJCQ12K3qgUdon2iLVESVAr29,On dit qui a quinze ans. HSJJ.048,NA,On dit qui a quinze ans. HSJJ.048,Misc tunes,NA,NA,NA,publicdomain,0.0,0,0,2,1,1,0,32,120,3.75,False,2.6325782549048635,1.0,0.8949652777777778
QmPRX5E6jAF6o8nqcr5MasXrLjf3QXm92otyF4nUEY1mfi,ON ECRIT SUR LES MURS,NA,ON ECRIT SUR LES MURS,davidlugand1,Composer,NA,NA,cc-zero,0.0,0,0,12,1,1,0,32,47,1.46875,False,2.716347437771276,1.0,0.9345238095238096
QmUFrkAaBqQNpsNjJLP3HNEMt8ccbVnDWkghJV9rT3g5YE,On every sunny mountain (Bardsley) - S. Bardsley,NA,On every sunny mountain (Bardsley),S. Bardsley,NA,classical,NA,publicdomain,0.0,0,0,5,1,1,0,20,258,12.9,False,2.6321034702175257,0.9767441860465116,0.9485294117647058
Qmey8x6Hv6FBvJp5nb1kYp7VwNbEGzW2heeLiG2vTZvMXu,On ira tous au Paradis,Paroles: Jean Loup Dabadie-Musique: Michel Polnareff Arrangement: Jean-Paul Finck,on ira tous au paradis,Michel Polnareff,NA,pop,NA,cc-zero,0.0,0,5,274,0,4,0-0-0-0,116,1498,12.913793103448276,True,2.481589252131176,0.9945317840054684,0.9346264367816092
QmaYbzEhcCbdaR23NT4QjcKQbq9qivCKQXsPhgdwA1fgZm,On Jesus the Savior my sins have been laid - Robert Harkness,NA,On Jesus the Savior my sins have been laid,Robert Harkness,NA,classical,NA,publicdomain,0.0,0,0,6,1,1,0,18,322,17.88888888888889,False,2.7089478599459524,0.9813664596273292,0.920343137254902
QmdAYKXGhiE6ibM5kJW6E6GHcC5QZW6ETEwjuxVWL8HUeo,On Jordan's bank the Baptist's cry - William Henry Monk (harm.),(Jordanis oras praevia),On Jordan's bank the Baptist's cry,William Henry Monk (harm.),mel.: Musikalisches Handbuch 1690tune: Winchester Newharm.: William Henry Monk 1847,classical,NA,publicdomain,0.0,0,0,63,0,1,0,9,140,15.555555555555555,True,2.694432897914286,0.9927007299270072,0.9583333333333334
QmZfkNpzoASbVbyVRnvhVHsVkmfX8UJ76ZibwWQwkqQ1oy,On Jordan's stormy banks I stand (O'Kane) - T. C. O'Kane,NA,On Jordan's stormy banks I stand (O'Kane),T. C. O'Kane,NA,classical,NA,publicdomain,0.0,0,1,30,1,1,0,20,298,14.9,False,2.556151167479928,1.0,0.9388020833333334
QmUmQyBZ1fy4M6FfJ3s4fzLcmGU8iZjEu8bZShatZ9NwFt,On joyful feet love runs to meet - E. S. Lorenz,NA,On joyful feet love runs to meet,E. S. Lorenz,NA,classical,NA,publicdomain,0.0,0,0,2,1,1,0,20,274,13.7,False,2.6900757119980105,0.9635036496350364,0.9392361111111112
QmSLTynJTWMWXrr8LfhowZLUtr7u7GZcNPeyshTtwx7Wi8,On life's pathway are there crosses - Margaret Schultz,NA,On life's pathway are there crosses,Margaret Schultz,NA,classical,NA,publicdomain,0.0,0,0,8,1,1,0,20,206,10.3,False,2.61419791845068,0.9611650485436892,0.9392361111111112
QmVU3MUiRvoGoXRGWoQxxsQ5zLWqUfbr8AL2N6qESvuJEM,On march on O Army of Endeavorers - Ira D. Sankey,NA,On march on O Army of Endeavorers,Ira D. Sankey,NA,classical,NA,publicdomain,0.0,0,0,3,1,1,0,16,299,18.6875,True,2.749428023010256,0.9732441471571908,0.9208333333333334
QmRcJkHBdD6RHUNdBVRBPUcXjB8TJsndcs7dyrCLfxhV4E,On marching on - Hubert P. Main,NA,On marching on,Hubert P. Main,NA,classical,NA,publicdomain,0.0,0,0,5,1,1,0,16,308,19.25,True,2.8076524296677503,0.9675324675324676,0.9375
QmWLuEDfDfFUA1SGHBu87CXzZ9k7cSkjRRb2Zs1N1rCH34,On Melancholy Hill - Gorillaz (Lead Sheet),NA,On Melancholy Hill,Gorillaz,By Gorillaz,pop,NA,cc-zero,0.0,0,5,349,1,1,0,100,215,2.15,False,1.851992862265432,1.0,0.9189814814814816
QmQkXDRP225MsUpuGaMaMUmRsojpqvzdYZNMxtjWKQscgM,On Mount Olive's sacred brow - G. T. Byrd,NA,On Mount Olive's sacred brow,G. T. Byrd,NA,classical,NA,publicdomain,0.0,0,0,16,1,1,0,25,400,16.0,False,2.525792014206134,1.0,0.9309895833333334
QmZ7KfSXfAkTUke1LFCSwDzRR7Uas2iXhVyLEhWPvdr7ZW,On mountains height by peaceful shores - Geo. C. Hugg,NA,On mountains height by peaceful shores,Geo. C. Hugg,NA,classical,NA,publicdomain,0.0,0,0,3,2,1,0,20,282,14.1,False,2.8683178006538883,0.950354609929078,0.891025641025641
QmXvhtnTLbE1MpfY5p4WmjwPfWDsqqYSg5UcGJ8DTbDmwa,On my Redeemer my sins I have cast (Ackley) - B. D. Ackley,NA,On my Redeemer my sins I have cast (Ackley),B. D. Ackley,B. D. Ackley,classical,NA,publicdomain,0.0,0,0,3,1,1,0,16,356,22.25,True,2.7868484185162123,0.952112676056338,0.9427083333333334
QmTyPEVbzwZg8v2CXsgV88oBMDkSquhVM8rqb7NphRRaKM,On My Way Home,NA,on my way home,Pentatonix,arr. Timmerman,pop,NA,cc-zero,0.0,0,3,53,0,4,0-1-1-1,70,1991,28.442857142857143,True,2.602468673684133,1.0,0.913095238095238
QmRKsVq9CFF5eFUeKbjf7QS3akBMgKAy6UaRJpJ6i6EHbE,On my way to Zion (Sweney) - Jno. R. Sweney,NA,On my way to Zion (Sweney),John R. Sweney,NA,classical,NA,publicdomain,0.0,0,0,3,1,1,0,16,182,11.375,True,2.769730084013218,0.9615384615384616,0.8993055555555556
Qmd72RghMqFW5UuPJUVGFoV6FNRuyfujwZXz3MTairpEwu,On my willing lips is a hymn of praise - D. B. Towner,NA,On my willing lips is a hymn of praise,D. B. Towner,NA,classical,NA,publicdomain,0.0,0,0,4,1,1,0,18,263,14.61111111111111,False,2.773085958934107,0.9695817490494296,0.9440104166666666
QmVfQCTf3GgLDzbvhDB4966KX1Frjk2Z1SLztPAyJhS82v,On one and all yonder the sun is shining bright - John R. Sweney,NA,On one and all yonder the sun is shining bright,John R. Sweney,NA,classical,NA,publicdomain,0.0,0,0,4,2,1,0,29,563,19.41379310344828,True,2.798949237906298,0.9644760213143873,0.904320987654321
QmamCcdZ7iFHnSLpJ81oxSjj4Bzquo7Kf4U6LrjFF4GnkU,On promise ground I have planted my feet - Mrs. C. H. Morris,NA,On promise ground I have planted my feet,Mrs. C. H. Morris,NA,classical,NA,publicdomain,0.0,0,0,6,1,1,0,17,293,17.235294117647058,True,2.755612639870745,0.9658703071672357,0.9652777777777778
QmRYg75V3SJ7xkfmscKmgXE8MoFjqXz3dq26XNaHD2HE7L,On Repeat - WHEN THE BATTLE'S O'ER,NA,WHEN THE BATTLE'S O'ER,On Repeat,On Repeat,classical,NA,publicdomain,0.0,0,0,10,1,1,0,32,248,7.75,False,2.504419690603393,1.0,0.9288194444444444
QmbkrEKg45bR5hgENp2gJkoSMPfoXT6GbEvn3U27J36WNW,On se dit joyeux Noël,NA,On se dit Joyeux Noël,Misc Traditional,Tradionnel Noël,folk,NA,cc-zero,0.0,0,4,96,0,1,0,41,99,2.414634146341464,True,2.6181886593869903,1.0,0.9489942528735632
QmWjzSZUfN3t8Mx4TbZXUEHRd3Jm9dKizTFGBkfMVuPn9k,On stormy seas I sail my bark - Asa Hull,NA,On stormy seas I sail my bark,Asa Hull,NA,classical,NA,publicdomain,0.0,0,0,2,1,1,0,21,262,12.476190476190476,False,2.390981050243038,1.0,0.9262820512820512
QmZmrHbsacQDWenx29FgfU5rwjs2nmb3wA35REZ5mLvoMV,On Sunday I am happy on Monday full of joy,NA,On Sunday I am happy on Monday full of joy,Misc Traditional,NA,folk,NA,publicdomain,0.0,0,0,26,1,1,0,24,432,18.0,False,2.5573173148575243,1.0,0.921875
QmRZY59sZXy8StyeGZ22wnySt5A3Hg3NZ8kSfToP9N3EA7,On the banks of Claudy,NA,The Banks of Claudy,Misc tunes,NA,NA,NA,publicdomain,0.0,0,0,8,1,1,0,17,53,3.117647058823529,True,2.3017322462812664,1.0,0.9713541666666666
QmVP1bWsb3eeeCPemR1NWeWrNU9ZLuumU4diM9RT7by77A,On the Beautiful Blue Danube (Piano solo),On the Beautiful Blue Danube,An der schönen blauen Donau Op.314,Johann Strauss Jr.,Johann Strauss,classical,modifiedtranscription,cc-zero,4.82,200,758,39604,3,1,0,594,6948,11.696969696969695,True,3.343128970382905,0.7862256233028881,0.9412434895833334
QmVxvx6foD1K9FDPz5R7E26bu7BPAmAWeG6RgKoyHV97KP,On the Brink of the White Rock,Air/Ar bhruach na carraige báine,On the Brink of the White Rock,Misc tunes,NA,NA,NA,publicdomain,0.0,0,0,7,1,1,0,17,87,5.117647058823529,False,2.732611068170638,1.0,0.9090909090909092
QmSTKgGsMRd4q2ddBdifxZoqr1i9rdFKyLy44m3aZHph5S,On the Cold Ground or I Prethee Love Turn to Me,NA,On the Cold Ground or I Prethee Love Turn to Me,Misc tunes,NA,NA,NA,publicdomain,0.0,0,0,2,1,1,0,18,69,3.8333333333333335,False,2.6888503615822428,0.9420289855072465,0.9513888888888888
QmTX9hhqiCDpBZfZkpXcvyH5gghm71atkJrRbsM1WGHrXw,On the cross He bled and died - D. B. Towner,NA,On the cross He bled and died - D. B. Towner,D. B. Towner,NA,classical,NA,publicdomain,0.0,0,0,3,1,1,0,17,224,13.176470588235292,True,2.7512165204008827,0.9910714285714286,0.9569444444444444
QmQPPadTTpFn7pYrK4tP74beS9v1s2Dj4ecTW4CH3VKBvZ,On the cross my Savior died - Thoro Harris,NA,On the cross my Savior died,Thoro Harris,NA,classical,NA,publicdomain,0.0,0,0,2,1,1,0,16,203,12.6875,True,2.672137339418195,0.9901477832512317,0.9597222222222224
QmNkSCZRQEAKyggBePn84rn28P2xDPQohKcbMy8WfRZHBE,On the dew so pearly - Parsons 1,NA,On the dew so pearly - Parsons 1,Misc tunes,NA,NA,NA,publicdomain,0.0,0,0,3,0,2,0-0,140,597,4.264285714285714,True,3.261593709899267,0.830820770519263,0.9112745098039216
QmdM6UigGkSZ1hminAKchaCXrcarx9ccxk5hsZcSvnsCtH,On the field of work advancing - Robert Lowry,NA,On the field of work,Robert Lowry,NA,classical,NA,publicdomain,0.0,0,0,4,1,1,0,17,238,14.0,False,2.621495471423011,0.9873949579831932,0.9518229166666666
QmTEB5cRSa5A1EasVe78vYALEsXhNRpf7CLVEgjhMJmTSf,On the good old road that our fathers trod - W. H. Brown,NA,On the good old road that our fathers trod,W. H. Brown,NA,classical,NA,publicdomain,0.0,0,0,4,1,1,0,17,295,17.352941176470587,False,2.310291796694494,1.0,0.928921568627451
QmQFLXSCA3SzT98oszpEiJgzAii6yXLyrUVRz3GRkkzzby,On the heights of mountains steep - J. Lincoln Hall,NA,On the heights of mountains steep,J. Lincoln Hall,NA,classical,NA,publicdomain,0.0,0,0,6,1,1,0,19,286,15.052631578947368,False,2.824641919701002,0.9545454545454546,0.9518229166666666
QmfBciRgvt1MZi4JxwhcjosN8Q4hj8m8DBecVM4B7CmiYD,On the Midway,NA,On the Midway,Tom Brier,Tom Brier (2002),jazz,ragtime-two-step-tombrier-tom-brier-on-the-midway-easy,cc-zero,4.79,7,9,384,0,2,0-0,225,3713,16.502222222222223,False,3.309305793624089,0.8475643130815544,0.9215029761904762
QmVM6VAwZvmbuUp1LAsSYYmAtvFuSBAP9prsS4qnCvEu94,On the mount exalted or in valley low - C. Austin Miles,NA,On the mount exalted or in valley low,C. Austin Miles,NA,classical,NA,publicdomain,0.0,0,0,2,2,1,0,17,325,19.11764705882353,True,2.660562133053329,0.953846153846154,0.9416666666666668
QmVeRZrJTQBPEarxbiFMUtK44GiQV49N9gYr8U3mAXrXZ2,On the Mount of Olives - Marco Antonio Ingegneri,NA,On the Mount of Olives,Marco Antonio Ingegneri,MARCO-ANTONIO INGEGNERI(1535?-1592),classical,NA,publicdomain,0.0,0,0,6,0,6,0-0-0-0-0-0,68,1037,15.25,True,2.7895393964871382,0.9768707482993196,0.960648148148148
QmdQyQXJ9UsKnPUEMfLRoZzzLmzouV2vQW6rZzfVZckbpu,On the mount of wondrous glory - Jno. R. Sweney,NA,On the mount of wondrous glory,John R. Sweney,NA,classical,NA,publicdomain,0.0,0,0,8,1,1,0,19,247,13.0,False,2.651445814579839,0.9757085020242916,0.9466145833333334
QmVK1kc71gvCmo8QoKWqvBhsTCbyjiyTiG2jucyPDXUj88,On the pathway as you journey - Grant Clufax Tullar,NA,On the pathway as you journey,Grant Clufax Tullar,NA,classical,NA,publicdomain,0.0,0,0,4,1,1,0,18,386,21.444444444444443,False,3.0872552085306126,0.9067357512953368,0.9427083333333334
QmWH4MNfvC333gKf3chfZJHJwVKgyuUAZp2JfvC5bieRXP,ON THE QUARTER-DECK/ Admiral Nelson 1,NA,Admiral Nelson,Misc tunes,NA,NA,NA,publicdomain,0.0,0,0,10,1,1,0,36,222,6.166666666666667,False,2.7729708292130084,1.0,0.953125
QmYm3GATuSEcd7KRyGPazUd2igttMTPjZzXs86hetTSMtm,On the resurrection morning (Winsett) - R. E. Winsett,NA,On the resurrection morning (Winsett),R. E. Winsett,NA,classical,NA,publicdomain,0.0,0,0,8,1,1,0,18,318,17.666666666666668,False,2.454015060684137,1.0,0.9211309523809524
QmRiHwZeUjvccuUP6Yq2gPAmadGosDADm5eXreZ2caKJPW,On The River Bank (reel) 1473,NA,On the river bank,Misc tunes,after Sg't. Stack,NA,NA,publicdomain,0.0,0,0,3,1,1,0,17,124,7.294117647058823,False,2.862983196602406,0.967741935483871,0.9752604166666666
Qma7dDh1tpNRz65vKGE7UdW2qm9yWpQ5uPwCPVpmDZzKfj,On the Road to Skye,NA,The Road To Skye,Misc tunes,NA,NA,NA,publicdomain,0.0,0,0,3,1,1,0,5,24,4.8,False,2.302841670172532,1.0,0.9375
Qmf2r48h5neb6w3pgLnHuBxuSnP6GbFxzfbKijHDxNhrin,On the shore of Galilee - Robert Lowry,NA,On the shore of Galilee,Robert Lowry,NA,classical,NA,publicdomain,0.0,0,0,2,1,1,0,16,202,12.625,True,2.502536949406174,0.995049504950495,0.8768939393939394
QmSJV5jVHsG1aU6nNqDvph5N7SUb5PMpMD5DSWCojYkKdG,On the solid Rock I am building - D. E. Dortch,NA,On the solid Rock I am building,D. E. Dortch,NA,classical,NA,publicdomain,0.0,0,0,11,1,1,0,20,263,13.15,False,2.4414922501871867,1.0,0.96484375
QmYRSVvTBj5VR6Z8RaqRnakcNreLQQGZsjC7oW9uKcrRr5,On the sunny banks of Canaan just beyond the bounds of time - Chas. H. Gabriel,NA,On the sunny banks of Canaan just beyond the bounds of time,Chas. H. Gabriel,NA,classical,NA,publicdomain,0.0,0,0,16,2,1,0,18,381,21.166666666666668,False,2.749264595452356,0.979002624671916,0.9466145833333334
Qmf3dcvTaY1U8F9gJm5LKCPuoAyjnJY43E7ogTsRqeyB36,On The Sunny Side Of The Street,NA,jimmy mchugh dorothy fields - on the sunny side of the street,Misc Unsigned Bands,Composed by Jimmy McHugh,NA,NA,cc-zero,4.7,61,98,1811,2,1,0,75,859,11.453333333333331,False,3.3323058073158096,0.8160651920838184,0.8872716894977168
QmdGmHt8NpTBdyMRAdWbcsiQ6S6z6GZUoC7bf39iWotw7c,On the Sunny Side of the Street Bass Clef,NA,On the Sunny Side of the Street,Dizzy Gillespie,NA,jazz,NA,cc-zero,4.71,4,2,578,1,1,0,33,259,7.848484848484849,False,2.503172996942724,0.9343629343629344,0.8763020833333334
Qmdj2jwc3txLFHiftcdK5dgZgBLHLwRYTwdHeGXy7resNS,On the sweet Eden shore so peaceful and bright - W. H. Doane,NA,On the sweet Eden shore so peaceful and bright,W. H. Doane,NA,classical,NA,publicdomain,0.0,0,0,3,2,1,0,22,366,16.636363636363637,False,2.4828710496859223,1.0,0.9479166666666666
QmV5jGWo8Md2G9RLNRGzbAG86NKvUx9JCP25N9wDrQQxRg,On the throne everlasting my Father is King - E. E. Hewitt,NA,On the throne everlasting my Father is King - E. E. Hewitt,E. E. Hewitt,NA,classical,NA,publicdomain,0.0,0,0,4,1,1,0,19,290,15.263157894736842,False,2.300898101303013,1.0,0.9231770833333334
QmUk5a959fdogEgYs64upyYgy9hZXUKtYabJzfSyJ4ChvR,On the throne of David Christ is reigning now - D. O. Teasley,NA,On the throne of David Christ is reigning now,D. O. Teasley,NA,classical,NA,publicdomain,0.0,0,0,5,2,1,0,16,303,18.9375,True,2.702727584477794,0.9933993399339934,0.8708333333333333
QmbeW51XEFLQkYnrnLi9jrkgdcEitaK3U23ZmEQKAxKfjH,ON THE VOLGA,NA,ON THE VOLGA,Misc tunes,NA,NA,NA,publicdomain,0.0,0,0,4,1,1,0,12,34,2.833333333333333,False,2.859562665901679,0.9411764705882352,0.9772727272727272
QmPhwzPacJoA9WUXzcBDyqS1btc34xj8f4LjtCMH51UmpN,On the way to Don'tknowyet op. 14,NA,On the way to Don'tknowyet op. 14,Fabian Reiß,Fabian Reiß,NA,on-the-way-to-dontknowyet,cc-zero,0.0,0,0,3,1,1,0,118,1638,13.88135593220339,False,2.690987613892104,1.0,0.9554924242424242
QmPTrgWCZj8Rn6SmZz1QWsw7jTbmZmUSCwo3RyvVEYukDe,On the wings of the morn speed O speed ye away - W. H. Doane,NA,On the wings of the morn speed O speed ye away,W. H. Doane,NA,classical,NA,publicdomain,0.0,0,0,5,1,1,0,26,287,11.038461538461538,False,2.444333671386784,0.9651567944250872,0.9236111111111112
Qmdg982G2ZY1ugVj177pxX1X5aa4PwGbdC9Bhu6soRo3Ke,On Thee my heart is resting (Mountain) - James Mountain,NA,On Thee my heart is resting (Mountain),James Mountain,NA,classical,NA,publicdomain,0.0,0,0,7,1,1,0,52,352,6.769230769230769,False,2.587599012547157,0.9914772727272728,0.9510416666666668
QmXQFq5nSzqMpSSMRaqi8Edhw7ncrZ52yTJqyFQE2XVVDT,On thee my heart is resting - Théodore Monod,NA,On thee my heart is resting,Théodore Monod,NA,classical,NA,publicdomain,0.0,0,0,7,2,1,0,30,372,12.4,False,2.75872666866621,0.973045822102426,0.9641203703703703
QmaxTkb6Mew79t3XqXvLCzDfBuquosKHmZBRVDKxvefRo4,On Thee my Lord my soul is stayed - J. H. Fillmore,NA,On Thee my Lord my soul is stayed,J. H. Fillmore,NA,classical,NA,publicdomain,0.0,0,0,3,1,1,0,18,259,14.38888888888889,False,2.6826401433154548,0.9768339768339768,0.9253472222222222
QmbFN5Vfyr8UZTQttkuM8NJ6dTbBbSgV373gHaRvDGiZbx,On Thee O Jesus strongly leaning - James Mountain,NA,On Thee O Jesus strongly leaning - James Mountain,James Mountain,NA,classical,NA,publicdomain,0.0,0,0,5,1,1,0,18,120,6.666666666666667,True,2.7804310921152373,0.9666666666666668,0.9849537037037036
QmQreB4KmP7JeUnQc2bR7X5cjdD1YoTmjRmdt9Ldb973zY,On this day of gladness Let us join to sing - Adam Geibel,NA,On this day of gladness Let us join to sing,Adam Geibel,NA,classical,NA,publicdomain,0.0,0,0,6,1,1,0,16,188,11.75,True,2.8103584551271594,0.9627659574468084,0.9322916666666666
QmXJfAZLGJeQMrUUdXSgMkzRbbu5kq9bvEvncZy1rLcNQa,On this glad triumphant morning - Frank L. Armstrong,NA,On this glad triumphant morning,Frank L. Armstrong,NA,classical,NA,publicdomain,0.0,0,0,2,1,1,0,22,285,12.954545454545457,False,2.9632593958414124,0.9333333333333332,0.9247685185185184
QmZ28csuA3ZzUMhui489eVZ6vDJBLmRJ5kA7AgP31sudkS,On those jeweled walls of jasper,NA,On those jeweled walls of jasper,Misc Traditional,NA,folk,NA,publicdomain,0.0,0,0,6,2,1,0,16,292,18.25,False,2.5315658667721355,0.9931506849315068,0.9479166666666666
QmPHE69uJ7jJDxAPEj5rTkPNK7U5W6tsezDgKFR9qTUdHp,On to the conflict soldiers for the right - W. H. Doane,NA,On to the conflict soldiers for the right,W. H. Doane,NA,classical,NA,publicdomain,0.0,0,0,4,2,1,0,16,306,19.125,True,2.466781220203152,0.9934640522875816,0.9283854166666666
QmcG3h93NQ7Dxf83RxZcydn5U8fMUpQJnQzECdjSLW9ib9,On to the front for the fight is on - Chas. H. Gabriel,NA,On to the front for the fight is on,Chas. H. Gabriel,NA,classical,NA,publicdomain,0.0,0,0,7,2,1,0,24,376,15.666666666666666,True,2.899001082513241,0.9601063829787234,0.9538043478260868
QmQyXSZrSRx8t5ExPWWHVEM4sDxD6wy6TTTEg214cMbtVs,On to the land of glory - Jno. R. Sweney,NA,On to the land of glory,John R. Sweney,NA,classical,NA,publicdomain,0.0,0,0,4,1,1,0,32,410,12.8125,True,2.581657350812561,0.9902439024390244,0.9301075268817204
QmR4d2zoZgEKn1m44ditv8dox89WZJjAF84Qsr2v86W1SB,On to the work! for the fields are white - Wm. J. Kirkpatrick,NA,On to the work! for the fields are white,William J. Kirkpatrick,NA,classical,NA,publicdomain,0.0,0,0,2,1,1,0,16,257,16.0625,True,2.6132309001595724,0.9844357976653696,0.9236111111111112
QmP8UVZbJY7y5m4ZesBfmXgbwr487izSeTBW3hP4aDKZsz,On top of old Smokey,NA,on top of old smokey,Misc Traditional,anon.,folk,NA,publicdomain,0.0,0,2,68,1,1,0,33,44,1.3333333333333333,True,2.4750650556556693,1.0,0.9456521739130436
QmQdabYbdoesWWsDLTfstE7nTVEbAubnhXNih2sHiEvaJx,On we go from day to day - E. S. Lorenz,NA,On we go from day to day,E. S. Lorenz,NA,classical,NA,publicdomain,0.0,0,0,3,2,1,0,17,212,12.470588235294118,True,2.616406444903041,1.0,0.9609375
QmcCzDJ8NwADGMYAMxiNeUAAbG2dLC38M8oSG9YUbX5DRh,On wings of hope a rest to seek - G. F. Root Arranged,NA,On wings of hope a rest to seek,Arranged G. F. Root,NA,classical,NA,publicdomain,0.0,0,0,8,2,1,0,33,396,12.0,False,2.865050415696538,0.949238578680203,0.9517045454545454
QmTBpZhwes79mbySxKAibV2Mx14nzvjjtz1KahH1X2whzK,On yester night I saw a sight - Charles Steggall,NA,On yester night I saw a sight,Charles Steggall,NA,classical,NA,publicdomain,0.0,0,0,6,2,1,0,36,492,13.666666666666666,False,2.7974706545272814,0.983739837398374,0.9696428571428573
QmYRAGPcwPHpEVmG5iiVof7ArJo2mVWidVPv5o5bHWLHaj,On yonder hill of Calvary - H. P. Danks,NA,On yonder hill of Calvary,H. P. Danks,NA,classical,NA,publicdomain,0.0,0,0,4,2,1,0,20,259,12.95,False,2.8846504182019506,0.9652509652509652,0.8923611111111112
QmWXFgKuM1DZM5Hj82P8cAuJDx8rAQy23fNVzqDN8SjUDm,On your way to heaven - Clyde Willard,NA,On your way to heaven - Clyde Willard,Clyde Willard,NA,classical,NA,publicdomain,0.0,0,0,4,2,1,0,16,297,18.5625,True,3.0281396004333407,0.9124579124579124,0.9427083333333334
QmZrvL2xrprjwwBw7fwvsquiYfbxSzm36JtuAzsB673NTc,Once a little baby lay - Maltbie D. Babcock,NA,Once a little baby lay,Maltbie D. Babcock,NA,classical,NA,publicdomain,0.0,0,0,3,2,1,0,12,184,15.333333333333334,True,2.921165867662337,0.9453551912568308,0.9560185185185184
QmY9GEfpLFWfaHWydhJYC8S9mSbLAkFVDT9DYpmnuzEdSw,Once a Night,NA,Once a Night,Misc tunes,aka Ye Social Powers,NA,NA,publicdomain,0.0,0,0,2,1,1,0,12,186,15.5,False,2.6789218784639632,1.0,0.9114583333333334
QmVVvWeM4Lpua72wLFtNp8tC88P8a11bAnj6vrF8MrpU87,Once a wise old man - C. Harold Lowden,NA,Once a wise old man,C. Harold Lowden,NA,classical,NA,publicdomain,0.0,0,0,5,1,1,0,18,199,11.055555555555555,False,2.7650730384831794,0.984924623115578,0.9596354166666666
QmeWD99WSdFwmnoxuLFexen2igdx8LzqnKNMigtZ2Rg6RE,Once again I want to hear it - Chas. H. Gabriel,NA,Once again I want to hear it,Chas. H. Gabriel,NA,classical,NA,publicdomain,0.0,0,0,4,2,1,0,30,360,12.0,False,2.604103385150583,0.9888888888888888,0.8726851851851851
QmYhyvt8wKyXp7j3vZraHEb6pQZ77TAT1wmdpQwBako5ue,Once again O blessed time - John Bacchus Dykes,NA,Once again O blessed time,John Bacchus Dykes,NA,classical,NA,publicdomain,0.0,0,0,9,2,1,0,25,379,15.16,True,3.022177313709041,0.9095744680851064,0.9560185185185184
QmeowMbAcFqZP6ewQmNF3zFd1yS5dLa6TetnLeXgYUUCee,Once again once again workers of another year - Jno. R. Sweney,NA,Once again once again workers of another year,John R. Sweney,NA,classical,NA,publicdomain,0.0,0,0,3,2,1,0,165,1180,7.151515151515151,False,2.8824811492984783,0.9516949152542372,0.95
QmPBVWUTJRZoz1EbE57b9tN9s3CRn8ywtewnhPn2VAu4cN,Once again the Sabbath Day is here - John J. Thomas,NA,Once again the Sabbath Day is here,John J. Thomas,NA,classical,NA,publicdomain,0.0,0,0,3,2,1,0,24,348,14.5,True,3.0172047497107406,0.942528735632184,0.9628623188405796
QmUtYttAdqiA2Q8vo1TJxo1RFzi6b1p4wBsKnQoXfKqVyy,Once again to meet the day - Dorsey W. Hyde,NA,Once again to meet the day,Dorsey W. Hyde,NA,classical,NA,publicdomain,0.0,0,0,4,1,1,0,16,217,13.5625,True,2.5691220091217453,1.0,0.918560606060606
QmNNyLw2aTFVjNHJL3LikGTWgMtvborXs1oKfXdcdWRc9s,Once again we celebrate the Christmas time - I. H. Meredith,NA,Once again we celebrate the Christmas time,I. H. Meredith,NA,classical,NA,publicdomain,0.0,0,0,9,1,1,0,36,377,10.47222222222222,False,2.675529042009537,0.973474801061008,0.9798387096774194
QmW7iha91LMGsAzGBhsVpeSfpL5UtUspEt7M6Z41XKpBDQ,Once from the far realms of infinite glory - C. Harold Lowden,NA,Once from the far realms of infinite glory,C. Harold Lowden,NA,classical,NA,publicdomain,0.0,0,0,4,1,1,0,16,324,20.25,True,2.7909166957082583,0.9660493827160492,0.9583333333333334
QmXYqMkUdYr2F2ozAmbgFKjoYGyM4grt2GrfMXi6ukNpKS,Once he sat upon my knee - Rev. L. F. Cole,NA,Once he sat upon my knee,Rev. L. F. Cole,NA,classical,NA,publicdomain,0.0,0,0,3,1,1,0,30,321,10.7,False,2.633630669041406,0.9875389408099688,0.8634259259259259
QmXJ9ReNUGQGn5GGinT2PGHivLLvinn2tEwcSa7iupyFap,Once I came a poor penitent sinner - J. Howard Entwisle,NA,Once I came a poor penitent sinner,J. Howard Entwisle,NA,classical,NA,publicdomain,0.0,0,0,2,2,1,0,18,312,17.333333333333332,False,2.6246704684856645,0.9903846153846154,0.92578125
QmZ7hBdFMCXu72G1G8ZxDtMEsAK3Pzizu6Cm699oKbHiMH,Once I courted,Sweet Primroses,Once I courted,Misc tunes,NA,NA,NA,publicdomain,0.0,0,0,3,1,1,0,11,57,5.181818181818182,True,2.8913004740161035,0.9473684210526316,0.9389880952380952
Qma3ZYuqhNFejkoqiPj4uNPGRpiRKEtQaJDMcL6zsHkMdc,Once I doubted much the Holy Word - O. A. Newlin,NA,Once I doubted much the Holy Word,O. A. Newlin,NA,classical,NA,publicdomain,0.0,0,0,4,1,1,0,16,246,15.375,True,3.022821413683938,0.926829268292683,0.9075520833333334
Qmc89yhueTXCWdxYuTXebwCL2w7ZR9RKNhFSsKJ3GBG5kW,Once I fought to conquer sin - B. D. Ackley,NA,Once I fought to conquer sin,B. D. Ackley,NA,classical,NA,publicdomain,0.0,0,1,16,2,1,0,17,345,20.294117647058822,True,3.039478362979047,0.9130434782608696,0.95
QmPWqWdGZTmuN9s6x7uvV1qrFdosvygietPVmw1iY8dnjF,Once I lay fettered in sins gloomy prison,NA,Once I lay fettered in sins gloomy prison,Misc Traditional,NA,folk,NA,publicdomain,0.0,0,0,2,1,1,0,21,293,13.952380952380953,False,2.312197704530101,1.0,0.9315476190476192
Qmd8FbbXtQ7RBQyJ92Dtqk2noA364DUbtAai6LEDb3E16C,Once I Loved a Maiden Fair,NA,ONCE I LOVED A MAIDEN FAIR,Misc tunes,NA,NA,NA,publicdomain,0.0,0,0,4,1,1,0,8,28,3.5,False,2.047457159206049,1.0,0.9661458333333334
QmYcgnZLbUh2dr4PbEUXy7J3h6UHcE9VaeQYwA5HZHP3sp,Once I Saw a Little Bird,NA,Once I Saw a Little Bird,Misc tunes,NA,NA,NA,publicdomain,0.0,0,0,19,1,1,0,9,50,5.555555555555555,True,2.2303116342527005,1.0,0.9583333333333334
QmTBmwGHEacYw3kxZyeAYkFCyprm5dWPkjGTTsApgon8bR,Once I walked the ways of sin but today my heart is clean - L. E. Jones,NA,Once I walked the ways of sin but today my heart is clean,L. E. Jones,NA,classical,NA,publicdomain,0.0,0,0,5,2,1,0,17,325,19.11764705882353,False,2.5874366684341017,0.9815384615384616,0.9388020833333334
QmP6ULEMzuER53V2z5RA7aHs7QSmBAfkCTknXSu61AYiiZ,Once I wandered in the darkness - George S. Schuler,NA,Once I wandered in the darkness,George S. Schuler,NA,classical,NA,publicdomain,0.0,0,0,7,2,1,0,19,279,14.68421052631579,False,2.783176709833329,0.956989247311828,0.9388020833333334
QmVGCk6hJhVTToAb2gfKcjLQNs77UJXhYN69fx2fgTbWdd,Once I wandered sad and lonely - D. O. Teasley,NA,Once I wandered sad and lonely,D. O. Teasley,NA,classical,NA,publicdomain,0.0,0,0,5,1,1,0,16,264,16.5,False,2.5707335310449326,0.9886363636363636,0.8958333333333334
QmVPu4BP8wqo9DS4oH4wzLjgRLj3kkzUdX7wn8ft3rTj1L,Once I was blind I could not see the Savior - Rev. L. White,NA,Once I was blind I could not see the Savior,Rev. L. White,NA,classical,NA,publicdomain,0.0,0,0,6,1,1,0,16,329,20.5625,True,2.468499532106075,1.0,0.94921875
QmfPfucgdZATHMjGqq59zrXHdm1vtgnspVeEK9rNxzgpRW,Once I was blind to gospel light - N. B. Herrell,NA,Once I was blind to gospel light,N. B. Herrell,NA,classical,NA,publicdomain,0.0,0,0,2,1,1,0,15,284,18.933333333333334,False,2.9437065126306465,0.9330985915492958,0.9458333333333332
QmQrjfzAWXXzsQq7ZBHdMECN68YiXWKtqLk9H5bG3f2QCP,Once I was far from the haven of rest - Powell G. Fithian,NA,Once I was far from the haven of rest,Powell G. Fithian,NA,classical,NA,publicdomain,0.0,0,0,10,1,1,0,32,298,9.3125,True,2.68447904231673,0.976510067114094,0.9392361111111112
Qmc4uY1zojhYtxAYx9osDCyvDuUn2gBhpaif1D72MBEyoG,Once I Was Happy (air) 0380,NA,Once I Was Happy,Misc tunes,after Chief F. O'Neilltenderly,NA,NA,publicdomain,0.0,0,0,2,1,1,0,17,58,3.411764705882353,False,2.65397592751055,1.0,0.9444444444444444
QmaZSbMDiTzT9fPggLXoudQutFhxuUFRXA6fGHpH2tJXY7,Once I was speeding onward - Haldor Lillenas,NA,Once I was speeding onward,Haldor Lillenas,NA,classical,NA,publicdomain,0.0,0,0,2,1,1,0,21,400,19.047619047619047,False,2.603805574333833,0.985,0.9765625
QmbnjrDVZTo241zj8kUv8t8zXL41M5AtypxrcutqBBTPeF,Once I was walking in the byways of sin - Haldor Lillenas,NA,Once I was walking in the byways of sin,Haldor Lillenas,NA,classical,NA,publicdomain,0.0,0,0,3,1,1,0,16,285,17.8125,True,2.614614038542434,0.9824561403508772,0.9277777777777778
QmTo2R4GMCBGhrNQuqjsGhf47D7sMgn9S7vfkzmvWomwbW,Once in my boyhoods gladsome day - J. J. Lowe,NA,Once in my boyhoods gladsome day,J. J. Lowe,NA,classical,NA,publicdomain,0.0,0,0,3,1,1,0,17,258,15.176470588235292,False,2.758240837615317,0.9457364341085271,0.8871527777777778
Qmes7oP4479iY7i2jWKq5ctvA9XKNgREeSNyGGjvCA9Qr4,Once in Royal David's City - Cecil Frances Alexander,NA,Once in Royal David's City,Cecil Frances Alexander,NA,classical,NA,publicdomain,4.83,3,2,116,0,2,0-0,13,220,16.923076923076923,True,2.6454433518962093,0.9906976744186048,0.9609375
QmVFmWpSaDEgZCDa2C9Yzjq8spke2aNqJsSbCikcjVXbJC,Once in the thundering breakers - H. L. Gilmour,NA,Once in the thundering breakers,H. L. Gilmour,NA,classical,NA,publicdomain,0.0,0,0,4,2,1,0,16,226,14.125,True,2.706880939998787,0.9646017699115044,0.9114583333333334
QmTPojmaV5oFVP9pqkZ1ms48V9Ees8W6x2Wqr7RdE5CEwN,Once it was the blessing - D. B. Towner,NA,Once it was the blessing,D. B. Towner,NA,classical,NA,publicdomain,0.0,0,0,13,1,1,0,16,168,10.5,True,2.499932164864864,1.0,0.9690860215053764
QmXrBnMF8rFG8EZcHx2bucku5QCsuRrXyNR73ySqAn26K1,Once lonely I wandered a stranger - J. H. Hall,NA,Once lonely I wandered a stranger,J. H. Hall,NA,classical,NA,publicdomain,0.0,0,0,9,2,1,0,18,293,16.27777777777778,False,2.4422693548972405,0.9658703071672357,0.90625
QmTr9DC16cu5vzr3Hs9StFkdcdcMgWccD1ucfWEYX58y7F,Once more at rest my peaceful thoughts - Ira D. Sankey,NA,Once more at rest my peaceful thoughts,Ira D. Sankey,NA,classical,NA,publicdomain,0.0,0,0,3,2,1,0,18,354,19.666666666666668,False,2.763809447429169,0.9745762711864406,0.9114583333333334
QmPZC8R3d9HowxVbhvgKYENLNRQXvCtP9YEh8ds189J4KS,Once More I Hail Thee!,NA,Once More I Hail Thee!,Misc tunes,NA,NA,NA,publicdomain,0.0,0,0,2,1,1,0,16,78,4.875,False,2.5036648207771366,0.9871794871794872,0.9261363636363636
QmV6hUX5TsD7Ajgzvpr3xgNPU33KwiH8NsZB7svZCHr7b2,Once More I Hail Thee! (song) 0503,NA,Once More I Hail Thee!,Misc tunes,after Fr. Walshmoderate,NA,NA,publicdomain,0.0,0,0,2,1,1,0,16,78,4.875,False,2.5036648207771366,0.9871794871794872,0.9261363636363636
QmfEbG1mTD68zM2sQN2y9ccxUSddxTqJP2tvTxgofcuvEE,Once more our strengthened hearts - G. C. Gow,NA,Once more our strengthened hearts,G. C. Gow,NA,classical,NA,publicdomain,0.0,0,0,4,1,1,0,16,256,16.0,True,2.9363155480613776,0.9294117647058824,0.9548611111111112
QmWZNXeceWNYpfha6eCnajxFrSZ4q4cxtPbkMKSU4PYVtj,Once more the children's Sabbath day - Chas. Edw. Prior,NA,Once more the children's Sabbath day,Chas. Edw. Prior,NA,classical,NA,publicdomain,0.0,0,0,8,2,1,0,27,429,15.88888888888889,False,2.6875550725236192,0.986013986013986,0.9325
Qmek29aNbkQbUXuUTCvQ8hDXwtS4774ZDgsJxLz8s3pGxJ,Once my eyes saw nothing comely (Davis) - Grace Weiser Davis,NA,Once my eyes saw nothing comely (Davis),Grace Weiser Davis,NA,classical,NA,publicdomain,0.0,0,0,5,1,1,0,16,239,14.9375,True,2.515849921917983,0.99581589958159,0.9496527777777778
QmPozqRcesi862bWjevgN9DSx4qHzFNhxtq3CQhU1LT6aC,Once my eyes were blind to the beauty of the Lord - Lida Shivers Leech,NA,Once my eyes were blind to the beauty of the Lord,Lida Shivers Leech,NA,classical,NA,publicdomain,0.0,0,0,19,1,1,0,18,355,19.72222222222222,True,2.614109234062012,0.9774647887323944,0.9440104166666666
QmWySSRXbhF5C27XjMafPfHbnXttcfckLXtUPh7SNDcDvn,Once my heart was full of sorrow - J. M. Black,NA,Once my heart was full of sorrow,J. M. Black,NA,classical,NA,publicdomain,0.0,0,0,3,1,1,0,20,233,11.65,False,2.332579949430146,1.0,0.875
QmU1DwsrHqjEHf7TC4tDSTdi1v3E61VKnC9XLwQC9GnBbw,Once oppressed by sin I longed for rest - D. O. Teasley,NA,Once oppressed by sin I longed for rest,D. O. Teasley,NA,classical,NA,publicdomain,0.0,0,0,3,1,1,0,20,239,11.95,False,2.490952101646286,0.99163179916318,0.9596354166666666
QmWPRsHL3XLMjjRQhoCzUTetBG8bg1BGNzTHRLWiY5Nxpt,Once there was a Hushpuppy,NA,Once There Was A Hushpuppy,Benh Zeitlin and Dan Romer,NA,NA,NA,publicdomain,0.0,0,4,1544,0,1,0,187,5764,30.823529411764707,False,2.548175052338222,1.0,0.8520385304659498
QmNn3hVAUADqUdhKenHof9ippKf7pLRhQQfneKnc9eKZ3g,Once There Was A Pretty Maid In London Town Did Dwell,NA,Once There Was A Pretty Maid In London Town Did Dwell,Misc tunes,NA,NA,NA,publicdomain,0.0,0,0,1,1,1,0,8,28,3.5,False,2.3868392966712704,1.0,0.9672619047619048
QmYqxa7k44Z47SJMdX4PGbFS6zkVmdCgd68TiNAxgF2BbA,Once There Were Dragons Film Score on Piano,How To Train Your Dragon: The Hidden World,NA,NA,John Powell,NA,NA,cc-zero,0.0,0,11,366,2,1,0,164,2591,15.798780487804878,False,3.4334792611574785,0.7722007722007722,0.9316724941724942
QmTJxsooZg6ksMipW57XVCw4yYt1YH4yoKpZVkZ36z3mqi,Once Upon a December,NA,once upon a december,Deana Carter,Stephen Flaherty,pop-country,NA,cc-zero,4.78,103,331,3892,1,1,0,62,314,5.064516129032258,True,2.8987686822461507,0.9044585987261148,0.9891304347826086
QmZ35dNH6D6umtTgSnLmgSdxQ8t2RA3kBjxeQnQaouriH5,Once Upon a December Recital,NA,NA,NA,NA,NA,NA,cc-zero,0.0,0,2,63,1,1,0,45,69,1.5333333333333334,False,2.655865019837208,0.9855072463768116,0.9446614583333334
QmYGtSwzi9YUsYpMLxGA2mk8T3MpfWKVmreLivix2Ydgbq,Once Upon a Time in The West,NA,once upon a time in the west,Ennio Morricone,ComposerEnnio Morricone,classical,morricone-onceuponatimeinwest-maintheme-piano-onceuponatimeinthewest-enniomorricone-ennio,cc-zero,4.5,138,329,31091,1,1,0,50,609,12.18,False,2.8486097537361665,0.9766666666666668,0.9821428571428572
Qmf5uZtB6VcQU2s1UdEKKCNyGd1U68PqCHmLCpJhxGkFiB,Once Upon A Time Rearrange,NA,NA,NA,TLC,NA,NA,publicdomain,0.0,0,8,161,0,5,0-0-0-0-0,89,1122,12.606741573033707,True,2.7193492388080585,0.9570776255707762,0.9552556818181818
QmUrNPmYohd4eDXUXEU8oofVQCKo9hydY4rqU25qipRqYV,Once upon my cheek he said the roses grew - John Wall Callcott,Glee,Once upon my cheek he said the roses grew,John Wall Callcott,John Wall Callcott (1766-1821),classical,NA,publicdomain,0.0,0,0,6,0,5,0-0-0-0-0,60,1085,18.08333333333333,True,2.862651956916696,0.9774436090225564,0.9562146892655368
Qmaa7wUprFcvgQN68z2f5y8jQhUB6cpxjqmPC7zm3Uj8Wg,Ond pan aethum gynta I garu,My first courtship,Ond pan aethum gynta I garu,Misc tunes,NA,NA,NA,publicdomain,0.0,0,0,3,1,1,0,20,80,4.0,False,2.5174078582027613,0.95,0.9708333333333332
QmZNnquAZJQTeAu27ZFSwJE42Q9Kjmj94XKpvjHP2VqdjR,Ondulations,NA,NA,NA,Gaël Chrétien,NA,NA,cc-zero,0.0,0,2,86,1,1,0,76,738,9.710526315789474,False,2.5644854611438817,1.0,0.9780701754385964
QmRJnJEcLxnfyyZxrqqxmTPmJbVLncXJBKrHnMb66vyLh8,One Before We Go (jig) 0888,NA,One Before We Go,Misc Traditional,after Sgt. J. O'Neill,folk,NA,publicdomain,0.0,0,0,6,1,1,0,38,198,5.2105263157894735,False,2.8494984682076523,0.9494949494949496,0.9753787878787878
QmNMZo55dXwBGiEeadwzKHaw57rdRKwQBhq1uafJi18u2X,ONE BOTTLE MORE,ASSIST ME YE LADS WHO HAVE HEARTS VOID OF GUILE.,One Bottle More,Misc tunes,NA,NA,NA,publicdomain,0.0,0,0,4,1,1,0,26,86,3.3076923076923075,False,2.6744644485847293,1.0,0.8657407407407407
QmTN6Us7YaPJBJDXwX7TWWNChxkUYdpCnsm2ZmxZqymXWh,ONE BOTTLE MORE -- JIG,NA,One Bottle More,Misc tunes,NA,NA,NA,publicdomain,0.0,0,0,1,1,1,0,36,178,4.944444444444445,False,2.702313446372333,1.0,0.9704861111111112
QmSeizTY21Bknybs7K66BGnrffhFAr6f6yM1RW41iypAMs,One Bottle More. JBut.886,NA,One Bottle More,Misc tunes,'Retreat',NA,NA,publicdomain,0.0,0,0,1,1,1,0,45,150,3.333333333333333,False,2.7497415234201994,1.0,0.9381944444444444
QmTQfmdCHCVdBLwZUUgocWF8gQ6FfNfWixpDxWWMShcGGk,One By One - Henry J. E. Holmes,NA,One By One,Henry J. E. Holmes,NA,classical,NA,publicdomain,0.0,0,0,5,1,1,0,21,277,13.19047619047619,False,2.8438674109088136,0.9855595667870036,0.957175925925926
QmYPHSJpUfoFSzZz2PtUdeGHPE7CPcEeMn37sYeGyiwEf3,One Call Away,NA,one call away,Charlie Puth,NA,rbfunksoul,NA,cc-zero,0.0,0,3,132,1,1,0,9,67,7.444444444444445,False,2.654340213980896,1.0,0.9351851851851852
QmQxBSTY9CKrMoTfD8SFrAFKuU33oj1EXMAvGoz2TfNAWU,One call away,NA,one call away,Charlie Puth,Sven Postma,rbfunksoul,NA,cc-zero,0.0,0,18,3608,0,1,0,146,1518,10.397260273972602,False,1.5820544554341474,1.0,0.9621212121212122
QmV5FSXArFKzneMSjkXYyg6CecBUZGuYwJxTdAS9LDuP1A,One came from the realms of the heavenly land - Haldor Lillenas,NA,One came from the realms of the heavenly land,Haldor Lillenas,NA,classical,NA,publicdomain,0.0,0,0,3,1,1,0,25,424,16.96,False,2.999919274810808,0.9265402843601896,0.9739583333333334
QmcadTYXfQaZXTn4jPWTY4tfUpr9cJ6i9Z5f8a5u1TZHpz,One day as I travelled the moor,NA,One day as I travelled the moor,Misc tunes,NA,NA,NA,publicdomain,0.0,0,0,2,1,1,0,9,61,6.777777777777778,False,2.660740392680103,1.0,0.8645833333333334
QmVmDhLzy1kDqqJNX1n1HJw2gg6wz9wzXsvi3mYik8ANns,One day at a time the Master will lead - Haldor Lillenas,NA,One day at a time the Master will lead,Haldor Lillenas,NA,classical,NA,publicdomain,4.28,4,1,98,2,1,0,26,409,15.73076923076923,False,2.7135373281402524,0.9705882352941176,0.9791666666666666
QmSsRzQhJAinvQgijgi2HDJ5XLdKgrNDTKRnc54qdGyMfy,One day in sin I was told of a love - Scott Lawrence,NA,One day in sin I was told of a love,Scott Lawrence,NA,classical,NA,publicdomain,0.0,0,0,5,1,1,0,16,325,20.3125,True,3.1757597193726146,0.8854489164086687,0.9548611111111112
QmQP7zZx8itgB55hap9HQzGQtFL3oZANQULY1Va9DYHxoX,One Day Patrik Pietschmann Arrangement,NA,One Day,Hans Zimmer,Music by HANS ZIMMER,classical-soundtrack,piratesofthecaribbean-potc-atworldsend-oneday-piano-disney,cc-zero,4.89,44,161,2625,3,1,0,102,2200,21.5686274509804,False,2.8709558407640285,0.9622727272727272,0.9808006535947712
QmVYU36PPGfb8D8Na9quj1Z24cbvnHceUUTeEhqKXTChnu,One day when Jesus had healed the sick and raised the dead - Harry Dixon Loes,NA,One day when Jesus had healed the sick and raised the dead,Harry Dixon Loes,NA,classical,NA,publicdomain,0.0,0,1,13,2,1,0,45,510,11.333333333333334,False,2.878523139400263,0.9549019607843138,0.921875
QmbrKiWhw74jwocxupqbJtrcJWvr38X83wPHW1SuRGofhG,One Direction - What Makes You Beautiful,NA,what makes you beautiful,One Direction,One Direction,pop,NA,cc-zero,4.45,26,77,2408,1,1,0,101,721,7.138613861386139,True,1.88882090675832,1.0,0.9034090909090908
QmSoDN2SUYEt1ZTJrzff3e7dg5HSveNmzedE2tUCXEqbx6,One Direction Medley 2,I Want/18/If I Could Fly/Drag Me Down,1d medley,One Direction,Katie Corcoran,pop,onedirectionharrystylesdragmedowniwantupallnightuanniallhoranlouistomlinsonliampaynezaynmalikmadeintheammitam,cc-zero,4.82,14,175,1494,1,1,0,91,1170,12.857142857142858,False,3.159137075453435,0.8658119658119658,0.8302696078431373
QmdkUWZozmE5m6m34Nqw2hoBg3HUuGuoL4rdYzo6MLzrpM,One drop of the blood - S. H. Blakslee,NA,One drop of the blood,S. H. Blakslee,NA,classical,NA,publicdomain,0.0,0,0,6,2,1,0,22,402,18.27272727272728,False,2.4500747396847147,0.9850746268656716,0.9502314814814816
QmZt5hayTgUaBXgT7DuvvFCRMVbPH94b4TCChJso6qfqdY,ONE HAND ONE HEART,Extrait de West Side story,west side story - one hand one heart,Misc Soundtrack,Léonard BERSTEIN,soundtrack,NA,cc-zero,4.89,7,8,326,0,4,4-4-4-4,43,250,5.813953488372093,True,3.0043537012019743,0.9149797570850202,0.9544270833333334
QmZC9163BxD97cA22ZnFPd8KP53873Zau53LFyXKVEhBwQ,One Horse Open Sleigh,NA,Jingle Bells,James Pierpont,James Pierpont,classical-soundtrack,NA,cc-zero,0.0,0,1,89,1,1,0,112,563,5.026785714285714,False,2.78739084218941,0.9804618117229128,0.9565972222222222
QmaxT7ybnm5FekP4Vh3VpTJ8CLiRuRVe4uth63ktUvTY3U,One is standing at the door - W. H. Doane,NA,One is standing at the door,W. H. Doane,NA,classical,NA,publicdomain,0.0,0,0,4,2,1,0,18,311,17.27777777777778,False,2.591706198821478,0.9871382636655948,0.92578125
QmTAtNq7THFc4enNDoYtAWgKjUQWeEj9wseQQCyerbHfUp,ONE KIND KISS BEFORE WE PART.,NA,ONE KIND KISS BEFORE WE PART.,Misc tunes,NA,NA,NA,publicdomain,0.0,0,0,3,1,1,0,56,220,3.928571428571429,False,2.701459389836275,1.0,0.914351851851852
QmbrE6akWRm6ofVFpfSErVUXsUHTvBw2mckpeMDcw9mcW3,One Kiss Calvin Harris Dua Lipa Piano,Accompaniment in F Major,one kiss,Calvin Harris,NA,pop-electronic,onekiss-dualipa-calvinharris-catchy-easy-piano-easypiano-instrumental-accompaniment-bpm-fmajor-flat,cc-zero,3.37,5,31,1215,1,1,0,8,120,15.0,False,2.7091949306033665,1.0,0.9713541666666666
QmZjz9qghoff6EbT14gzRjXVoJYQxnUWMs7TSge7aWcxBC,One little hour for watching with the Master - D. B. Towner,NA,One little hour for watching with the Master - D. B. Towner,D. B. Towner,NA,classical,NA,publicdomain,0.0,0,0,7,1,1,0,18,367,20.38888888888889,False,2.6656880735421087,0.9863760217983653,0.9114583333333334
QmTGHW88W3jXueLbhHZ383uohoeZzW1b6qNiufAmDgYARh,One little word for Jesus - R. Frank Lehman,NA,One little word for Jesus,R. Frank Lehman,NA,classical,NA,publicdomain,0.0,0,0,2,1,1,0,32,218,6.8125,True,3.009151313030506,0.8990825688073395,0.9479166666666666
QmcH2GHuPrBnYVr3sK7vBvY6SKmbqZXWdYbt1197rj7BNb,One Man's Dream by Yanni,NA,One man's dream,Yanni,NA,newage,yanni,cc-zero,4.68,25,437,22518,2,1,0,77,894,11.61038961038961,False,2.8589206034540284,0.9616685456595264,0.7882262996941896
QmZiYvtPyJwfvopSth7sEd8sjwEUT8MsF1JaurVrDZWiTC,One moment the darkness of midnight - E. L. Wolslagel,NA,One moment the darkness of midnight,E. L. Wolslagel,NA,classical,NA,publicdomain,0.0,0,0,2,1,1,0,18,281,15.61111111111111,False,2.7613894459738386,0.9571428571428572,0.8940972222222222
QmParzVKS3UtdSoMxc3NV5Sxp4kZbbzvr7iAhkmwm4e9W9,One moment will heal all thy sorrow - Will H. Ruebush,NA,One moment will heal all thy sorrow,Will H. Ruebush,NA,classical,NA,publicdomain,0.0,0,0,5,2,1,0,20,301,15.05,False,3.072039378908374,0.9228187919463088,0.9733333333333334
QmRdam3kMKooQQS4BPvPJPEqRuPvVGvBUpHZGca7w7vitR,One more day its twilight brings - Jno. R. Sweney,NA,One more day its twilight brings,John R. Sweney,NA,classical,NA,publicdomain,0.0,0,0,7,2,1,0,18,261,14.5,False,2.859018216714623,0.9613899613899614,0.943287037037037
QmWPDkpwr3DoDA1SjmANG5XcBcDAu11s5HFFFfeNnebvNa,One more day of toiling - W. H. Doane,NA,One more day of toiling,W. H. Doane,NA,classical,NA,publicdomain,0.0,0,0,3,1,1,0,24,265,11.041666666666666,True,2.683760324048923,0.9509433962264152,0.8946759259259259
QmNZ12U5N5UaciM2VQTshKRiVU88pLctDgZTQbhsPpe4cj,One more day's work for Jesus (Hull) - Asa Hull,NA,One more day's work for Jesus (Hull),Asa Hull,NA,classical,NA,publicdomain,0.0,0,0,4,2,1,0,25,394,15.76,False,2.6193423045761013,0.9786096256684492,0.8416666666666667
QmTR1p4gH47753rshCSitunFkkpYRmemeJ5CaQ1eCkaajB,One morning a burden dropped down on my heart - Mrs. J. I. McClelland,NA,One morning a burden dropped down on my heart,Mrs. J. I. McClelland,NA,classical,NA,publicdomain,0.0,0,0,6,1,1,0,18,328,18.22222222222222,False,2.878008235612156,0.9390243902439024,0.9633333333333334
QmYHyq34ipyZL1RggttoXkB14nTDftNB5Z4gDcZkqvrpoz,One night as I lay dreaming - P. P. Bilhorn,NA,One night as I lay dreaming,P. P. Bilhorn,NA,classical,NA,publicdomain,0.0,0,0,2,1,1,0,51,681,13.352941176470589,False,2.6513023918036644,0.9809104258443464,0.9535590277777778
QmbMEyWbdnNHcnSKnKwBZeDLKW28X34ibT6ngQcmJNvrJR,One night at 10 o'clock - Fone,NA,One night at 10 o'clock - Fone,Misc tunes,NA,NA,NA,publicdomain,0.0,0,0,1,0,2,0-0,29,120,4.137931034482759,False,2.7579866619962843,0.9916666666666668,0.9007936507936508
QmZqYjTMn9Wq8bjp2iLNoCxy9wyvwAvGNGHkLG2GovpqoW,One Night Came On a Hurricane,NA,One Night Came On a Hurricane,Misc tunes,anon.,NA,NA,publicdomain,0.0,0,0,2,1,1,0,15,76,5.066666666666666,True,2.5890199378509657,1.0,0.9645833333333332
QmXARUiKLPhkihqyVHonMP7VxFDitGLCfoCmm1u1EXCHaT,One of Christs burden bearers - Frank M. Davis,NA,One of Christs burden bearers,Frank M. Davis,NA,classical,NA,publicdomain,0.0,0,0,7,2,1,0,30,375,12.5,False,2.4769065505225414,0.9946666666666668,0.90625
QmX9HYkL3Po2mrj5U58ZYcpvpoxXwRmPAHkyFZaEtVAhBs,One of God's days every dark cloud - W. Stillman Martin,NA,One of God's days every dark cloud,W. Stillman Martin,NA,classical,NA,publicdomain,0.0,0,0,5,1,1,0,32,239,7.46875,True,2.933288366108248,0.9456066945606696,0.9496527777777778
QmY2w1RVqTnUveZCaQky6LqFnZjvMYd2WD4Zc6HA7ERrgc,One of My Disciples Shall This Day Betray Me - Marco Antonio Ingegneri,NA,One of My Disciples Shall This Day Betray Me,Marco Antonio Ingegneri,MARCO-ANTONIO INGEGNERI(1535?-1592),classical,NA,publicdomain,0.0,0,0,1,0,6,0-0-0-0-0-0,56,965,17.232142857142858,True,2.9031175732893155,0.9550949913644214,0.9683641975308642
QmQuHwBT7qynRcP3qV3jwa1Yvk4httVFEBbtiSzjGwdjx6,One of us,NA,one of us,Joan Osborne,Joan Osborne,rock,NA,cc-zero,0.0,0,9,1149,0,1,0,32,49,1.53125,False,1.6511266136652138,1.0,0.9050925925925926
QmPvR5qS4D3XJd7JwWR4ptDwsSqbfPuXBjtqSk2h3aAqDX,One offer of salvation; to all the world tis free - Ira D. Sankey,NA,One offer of salvation; to all the world tis free,Ira D. Sankey,NA,classical,NA,publicdomain,0.0,0,0,4,1,1,0,25,290,11.6,False,2.64907050420912,0.9793103448275862,0.9013888888888888
QmTH83fGfmiC8c55tKQBfdVgYNjZJbYCqSnxLGKQbws967,One Piece - Memories oui,Composed by Kouhei Tanaka Shiro Hamaguchi,one piece - memories,Misc Cartoons,Composed by Kouhei Tanaka Shiro Hamaguchi,soundtrack,NA,cc-zero,4.68,16,96,3404,3,1,0,111,1990,17.92792792792793,False,2.8134005201480363,0.9834087481146304,0.8714339339339339
Qmbf5wgHt6uEmofSiPHXcboL8KCa2u3FpDYaBbjaTFEixQ,one piece gold and oden,gold and oden,one piece - gold and oden,Misc Cartoons,NA,soundtrack,NA,cc-zero,4.77,6,38,4773,1,1,0,27,174,6.444444444444445,False,3.2736942692769966,0.8497109826589595,0.9434523809523808
QmQnJioMkKu8yrTFS9HggvGrq5YRoZpSGT7tkcVuGe4p2D,One Piece OP14 Fight Together,NA,one piece - fight together,Misc Cartoons,Composer : Nao'ymt Piano Arr. : Theishter Transcribed by JthePianoPlayer,soundtrack,theistersonepieceopfighttogether-onepieceopening-onepieceopening-onepiecefighttogether-onepieceopeningfighttogether,cc-zero,4.81,50,328,10161,2,1,0,100,1555,15.55,False,2.6662737361295474,0.994855305466238,0.944321533923304
QmPUcnrzKkMVV4WKgFT7MQK17eXY2JcdDajhjTqXreMANT,One Pound NoteThe,NA,One Pound NoteThe,Misc tunes,NA,NA,NA,publicdomain,0.0,0,0,2,1,1,0,15,48,3.2,False,2.586433012612021,1.0,0.9434523809523808
QmWYAnb4mc5dMMvywKkoYorFdnrmhTyWDw16wssBkH5SKA,One Step Closer,NA,One Step Closer,Schuerta,NA,NA,NA,cc-zero,0.0,0,0,95,0,1,0,45,555,12.333333333333334,False,3.407461380096052,0.7228260869565217,0.9053030303030304
QmadvFTh4tUumX4VaeA1RYPgeKszCAXamMPUyqeRqXokUa,One Sunday After Mass (air) 0231,NA,One Sunday After Mass,Misc tunes,after Sg't. J. O'Neillslow,NA,NA,publicdomain,0.0,0,0,1,1,1,0,21,77,3.6666666666666665,False,2.616773047307748,1.0,0.9055555555555556
QmbHgT7Kqq2jwZbMWNb1gXECUCnPDcaDxSi72G7cr3unnH,One sweetly solemn thought (Converse) - Charles C. Converse,NA,One sweetly solemn thought (Converse),Charles C. Converse,NA,classical,NA,publicdomain,0.0,0,0,7,1,1,0,24,313,13.041666666666666,True,2.688765784746814,0.987220447284345,0.9479166666666666
QmbZHu4ZL8fckeWs2EipehJWZTT5giA6xz4feKXD7kTykf,One sweetly solemn thought (Kissinger) - J. H. Kissinger,NA,One sweetly solemn thought (Kissinger),J. H. Kissinger,NA,classical,NA,publicdomain,0.0,0,0,11,1,1,0,25,344,13.76,False,2.6143136047587,0.9911764705882352,0.9421296296296297
QmVP61pFBtU5MENUNWJaboLuMktsU7miDS9zePC7oJPFv6,One sweetly solemn thought (Nevin) - George B. Nevin,NA,One sweetly solemn thought (Nevin),George B. Nevin,NA,classical,NA,publicdomain,0.0,0,0,17,2,1,0,27,342,12.666666666666666,False,2.8480108945788274,0.9649122807017544,0.8639705882352942
QmPxLdA6PRTqEsM9r7caTVAZEudVmqKsnLTZMQpHSZQvra,One sweetly solemn thought (Pollock) - Chas. Edw. Pollock,NA,One sweetly solemn thought (Pollock),Chas. Edw. Pollock,NA,classical,NA,publicdomain,0.0,0,0,9,2,1,0,21,289,13.761904761904765,False,2.5275831397298663,0.986159169550173,0.9230769230769232
QmQyFXmiXBW7tNUw5MMSokt2ZNLnqXE8UQRhRZ3fsGK9zb,One sweetly solemn thought (Prior) - Chas. Edw. Prior,NA,One sweetly solemn thought (Prior),Chas. Edw. Prior,NA,classical,NA,publicdomain,0.0,0,0,9,1,1,0,16,255,15.9375,True,2.735034046229872,0.984313725490196,0.9402777777777778
QmQZ3ne97RDwVDwADRAAtm9iUfqAM9Fgys6RtAnXVx37Xo,One there is above all others (Hall) - J. T. Hall,NA,One there is above all others (Hall),J. T. Hall,NA,classical,NA,publicdomain,0.0,0,0,8,1,1,0,16,239,14.9375,True,2.669008984826651,0.98744769874477,0.9791666666666666
Qma3qHknEMkC3YvyDJELYFhwxbz4NwTEpsVicadWxWLDTX,One there is above all others (Perkins) - T. E. Perkins,NA,One there is above all others (Perkins),T. E. Perkins,NA,classical,NA,publicdomain,0.0,0,0,3,1,1,0,16,218,13.625,True,2.6023011089166697,1.0,0.9609375
QmTvGkRuf1CQ7B5vFbQX5EveTyySwbQ5h4mxxq6tXaMFP5,One there is above all others we adore - W. Stillman Martin,NA,One there is above all others we adore,W. Stillman Martin,NA,classical,NA,publicdomain,0.0,0,0,3,2,1,0,24,431,17.958333333333332,True,2.8276886351232395,0.9415887850467288,0.9458333333333332
QmYhygUsHhziMJc4KrWzauM7CkmjHTPUNwEtBLWq2dUcLs,One thing I know; O bless his name - Wm. J. Kirkpatrick,NA,One thing I know; O bless his name,William J. Kirkpatrick,NA,classical,NA,publicdomain,0.0,0,0,9,1,1,0,18,281,15.61111111111111,False,2.595584324934063,0.99288256227758,0.9583333333333334
QmVg9GgBqKxLAGmCc5EBC7jheaR5orCEQofmYFg3fNsee6,One Time- Marian Hill (Finished) A Capella,NA,NA,NA,Arr. Nissa Rolf,NA,acapella-onetime-marianhill,cc-zero,0.0,0,19,562,0,6,0-0-0-0-0-0,53,1524,28.75471698113208,True,2.582181814295923,0.9037685060565276,0.8568262411347518
QmTjbhAaZbF6x5jcHJKwQe7Yhu9fcR2JwNMKBAt6cPAu3w,One who died to rescue me - J. Lincoln Hall,NA,One who died to rescue me,J. Lincoln Hall,NA,classical,NA,publicdomain,0.0,0,0,3,1,1,0,24,277,11.541666666666666,True,2.9522766839861974,0.9494584837545126,0.9755434782608696
Qmf6wou2Jq5yfTy559e8g8wUShV2Vp5e1fstYWBPoSJsAq,One who will freely forgive all my sin - Howard E. Smith,NA,One who will freely forgive all my sin,Howard E. Smith,NA,classical,NA,publicdomain,0.0,0,0,4,2,1,0,24,423,17.625,True,2.682392444236509,0.9905437352245864,0.9375
QmNRK6PpmuYmVfPkivtcRd8TpwBUUj3q8dyBjNg23QdLCe,One Wife Is Enough For Me' (song) 0319,NA,One Wife is Enough for Me,Misc tunes,after Sg't. J. O'Neillmoderate,NA,NA,publicdomain,0.0,0,0,5,1,1,0,34,75,2.2058823529411766,False,2.667549875690655,1.0,0.9539930555555556
QmQKPJKev1xAYz6qsMDtooDntWNwgcbVWcT3ru7obRn8WY,One with the Lord and bound to one another - D. B. Towner,NA,One with the Lord and bound to one another,D. B. Towner,NA,classical,NA,publicdomain,0.0,0,0,2,2,1,0,18,362,20.11111111111111,True,2.6062355069221272,0.9806629834254144,0.93359375
QmesuYjWSNHC28QopqrrBEw8xY8Xh2APAe1mF19c6d1mTF,One/TakeFive - Rodrigo & Gabriela,Rodrigo & Gabriela,NA,NA,Arranged by Sofía Matus Cancino,NA,metallica-rodrigoygabriela-jazz-takefive-one-davebubeck-piano-arrangement,cc-zero,0.0,0,4,166,2,1,0,200,2921,14.605,False,2.72202202748985,0.972193614830072,0.926126700680272
QmVLvx17k9VcoLQHgyKNphSwYCqrzznnraXcGvKYpp2EkU,Only a breath which God has given - Robert Harkness,NA,Only a breath which God has given,Robert Harkness,NA,classical,NA,publicdomain,0.0,0,0,2,1,1,0,16,205,12.8125,True,2.8404950343534456,0.946341463414634,0.8819444444444444
QmNc7S4fT61tEoavgVjgsyXsQC2x8GVVNcWeN3yPtsD1A1,Only a contrite sinner - Chas. H. Gabriel,NA,Only a contrite sinner,Chas. H. Gabriel,NA,classical,NA,publicdomain,0.0,0,0,3,1,1,0,16,213,13.3125,True,2.7917753128302647,0.9577464788732394,0.9409722222222222
QmXDsSsH5ubqdxZUHEzqSCmPHa712tSs8NBhF85y5DjGmM,Only a few more years - P. P. Bliss,NA,Only a few more years,P. P. Bliss,NA,classical,NA,publicdomain,0.0,0,0,3,1,1,0,8,104,13.0,True,2.7472158082912723,0.9519230769230768,0.9027777777777778
QmSEyCpJoG6giT2DTX8JTEMadnA3tuVkgnNVmRRyiNNcZL,Only a fond old father - H. L. Gilmour,NA,Only a fond old father,H. L. Gilmour,NA,classical,NA,publicdomain,0.0,0,0,2,1,1,0,25,376,15.04,True,2.4916128402157205,0.9973404255319148,0.8599537037037037
QmfFGzWRdMSLUbPaP7moEcgV1mRbjQ8kh6KnYAyekUY7yJ,Only a little beyond (Kirkpatrick) - Wm. J. Kirkpatrick,NA,Only a little beyond (Kirkpatrick),William J. Kirkpatrick,NA,classical,NA,publicdomain,0.0,0,0,3,2,1,0,12,337,28.08333333333333,True,2.4963709799586304,1.0,0.7526041666666666
QmTYqcGqpgqxt1pqF3j1KHb56heRuE3nKX2thnHuAwJdbG,Only a little while here below - Chas. Edw. Prior,NA,Only a little while here below,Chas. Edw. Prior,NA,classical,NA,publicdomain,0.0,0,0,6,1,1,0,16,209,13.0625,True,2.5396522864025206,0.9952153110047848,0.8871527777777778
QmRVa3b78Ksdkr4jdhe1GQYrnTM3H3E2UzB8n68CYRtDHN,Only a little while to walk with weary feet (Tovey) - Herbert G. Tovey,NA,Only a little while to walk with weary feet (Tovey),Herbert G. Tovey,NA,classical,NA,publicdomain,0.0,0,0,2,2,1,0,18,318,17.666666666666668,True,2.926811937292389,0.9339622641509434,0.9440104166666666
QmamDqQDT1XmsEYRozchEdpD7UWq4eskH5ZXeEidMB4MQY,Only a little word or two - Powell G. Fithian,NA,Only a little word or two,Powell G. Fithian,NA,classical,NA,publicdomain,0.0,0,0,5,1,1,0,33,253,7.666666666666667,True,2.983189843294488,0.9446640316205532,0.9618055555555556
QmYcKf3577RvFEMVL7bcXSxB14RSMjayXEZ3CAgDkPncHn,Only a pilgrim here and a stranger - Mrs. C. H. Morris,NA,Only a pilgrim here and a stranger,Mrs. C. H. Morris,NA,classical,NA,publicdomain,0.0,0,0,5,2,1,0,18,334,18.55555555555556,False,2.616952418873858,0.9878048780487804,0.9513888888888888
QmdBUs6qLDVrQwm8sCUyGd1CGzMRDuyT6FFf7t3yBgJvdJ,Only a river between us - I. Allan Sankey,NA,Only a river between us,I. Allan Sankey,NA,classical,NA,publicdomain,0.0,0,0,4,2,1,0,16,238,14.875,True,3.0613515722732023,0.9201680672268908,0.9409722222222222
QmXDDTYMtkGrzvxfZmCYUWrDNEZRaYRYjowdwEXnG5N3UF,Only a smile that is cheery and bright - B. D. Ackley,NA,Only a smile that is cheery and bright,B. D. Ackley,NA,classical,NA,publicdomain,0.0,0,0,3,2,1,0,16,314,19.625,True,2.9691005683017817,0.9009584664536742,0.9737318840579712
QmaeF64BTkkKJwRo8iTyiAAAGBFPhnXvSn6jmqNe18PphX,Only a song for the Master - P. P. Bilhorn,NA,Only a song for the Master,P. P. Bilhorn,NA,classical,NA,publicdomain,0.0,0,0,3,2,1,0,16,273,17.0625,True,2.6286004103231626,0.9926739926739928,0.8628472222222222
QmeGW4fTsFvB2yCZQWbDdXjP5ghPEZ5XvnPYp1tSUSPeXZ,Only a step at a time need we take - E. S. Lorenz,NA,Only a step at a time need we take - E. S. Lorenz,E. S. Lorenz,NA,classical,NA,publicdomain,0.0,0,0,2,2,1,0,16,293,18.3125,True,2.903061544606935,0.955631399317406,0.9625
QmX7aYYasRKXzvb6qsbGHGxvsqbeykU4Yxktg5byZNwTnH,Only a sunbeam yet how it brightens - Geo. B. Nevin,NA,Only a sunbeam yet how it brightens,Geo. B. Nevin,NA,classical,NA,publicdomain,0.0,0,0,7,2,1,0,16,287,17.9375,False,2.8257526246474,0.9303135888501742,0.9713541666666666
QmT3SobBEjGj7CaPHoK44ZSRJ6QN1Mj5rfcAcXphGc2xD8,Only a touch! My Saviors hand - Chas. H. Gabriel,NA,Only a touch! My Saviors hand,Chas. H. Gabriel,NA,classical,NA,publicdomain,0.0,0,0,6,1,1,0,16,243,15.1875,True,2.862592919171252,0.9135802469135802,0.9357638888888888
QmdKkAAKWT9YonVWBs7ZyevW6ArtXKEsnteC38rVEVE11G,Only a word for the Master (Dungan) - J. M. Dungan,NA,Only a word for the Master (Dungan),J. M. Dungan,NA,classical,NA,publicdomain,0.0,0,0,6,1,1,0,9,124,13.77777777777778,True,2.643105369521992,0.9596774193548387,0.9356060606060606
QmTH8RrFtcUNZq4roMQkr6NX2DWWKwSNcHaNUjibuhYq2a,Only a word if spoken in love - E. E. Meyer,NA,Only a word if spoken in love,E. E. Meyer,NA,classical,NA,publicdomain,0.0,0,0,5,1,1,0,32,298,9.3125,True,2.6769783092887747,0.9899328859060402,0.9239130434782608
QmTP5Wq8emRuihrSgachdDNs9314JA92vX1JwoTwcWggrn,Only believe - Emma M. Johnston,NA,Only believe,Emma M. Johnston,NA,classical,NA,publicdomain,0.0,0,0,8,1,1,0,18,287,15.944444444444445,False,2.554470476844215,1.0,0.93
QmRJGWtk2bHRbj265Jv3JGdrRG2YhByQA3gLEYRbmxy32r,Only coming to Jesus - Howard E. Smith,NA,Only coming to Jesus,Howard E. Smith,NA,classical,NA,publicdomain,0.0,0,0,6,1,1,0,18,198,11.0,True,2.452337341943839,1.0,0.925
QmZg3PAiusi77uWJcN6K2cCywzMRHkP4nX7wVmKQR51Beb,Only For Barney,NA,Only For Barney,Misc tunes,NA,NA,NA,publicdomain,0.0,0,0,3,1,1,0,73,421,5.767123287671233,False,2.677575028526763,1.0,0.9085648148148148
QmUHEbKXa9HA1dbF8s4nGZZhzjLj45WftQ1sgNw1MSYAbT,Only Hope,From: A Walk to RemenberTo: Triana,Only Hope,Mandy Moore,Mandy Moore,rock-pop,NA,cc-zero,4.73,16,63,844,1,1,0,101,689,6.821782178217822,False,2.989104993894284,0.8693759071117562,0.905
QmW35BsjbY8e2GXs6pUcjFF5jNR8tyfDVGC6tyon5h2MxT,Only love can break your heart,NA,only love can break your heart,Neil Young,NA,rock-folk,NA,cc-zero,4.77,6,4,447,0,1,0,32,269,8.40625,False,2.7312679520635728,1.0,0.9408333333333332
QmXwYZ2gczV7cAFpKXv2KnTzuP2LQFrxjypQPCECDPtuPA,Only ninety and nine of the flock were there - Henry P. Morton,NA,Only ninety and nine of the flock were there,Henry P. Morton,NA,classical,NA,publicdomain,0.0,0,1,13,1,1,0,20,359,17.95,False,2.843448002801908,0.9610027855153204,0.943627450980392
QmQyErkPdhHB7NBF5iouAnNibXeYG6j9nhmeofBJpnV3Q3,Only one step to Jesus - F. E. Belden,NA,Only one step to Jesus,F. E. Belden,NA,classical,NA,publicdomain,0.0,0,0,7,1,1,0,16,212,13.25,True,2.97381622257064,0.9150943396226416,0.875
QmUcgeumwi7qzf3WAw2afrFkjrtwwr9EEeEU5ApLauATGe,Only one thing my soul desires - Theodore E. Perkins,NA,Only one thing my soul desires,Theodore E. Perkins,NA,classical,NA,publicdomain,0.0,0,0,6,1,1,0,16,268,16.75,True,2.6224487891157056,0.9813432835820896,0.875
QmdZV6EvwD89dSqzn3PLfhLNtdWDn93y46hujGwg6A2JzH,Only the blood of Jesus - C. A. Shaw,NA,Only the blood of Jesus,C. A. Shaw,NA,classical,NA,publicdomain,0.0,0,0,8,1,1,0,18,201,11.166666666666666,True,2.513765907152412,1.0,0.8767361111111112
QmYQF1egb7twhW9mCQ8bitZWUQktSAyDfZ9AoA323Qt8oh,Only The Living,NA,NA,NA,Ruben Velazquez,NA,solopiano,cc-zero,0.0,0,0,13,1,1,0,29,226,7.793103448275862,False,2.3767548464581743,0.8539823008849557,0.9102011494252874
QmfTB62y1bQR9fGWmk8fkTAgf4umr3iALPjpBPLUui2Fzp,Only Thee can I trust through life's shadows - Benjamin A. Baur,NA,Only Thee can I trust through life's shadows,Benjamin A. Baur,NA,classical,NA,publicdomain,0.0,0,0,3,1,1,0,9,144,16.0,False,2.7025388092714064,0.9930555555555556,0.9296875
QmNt4a4jyKDZ5hvRQEj2WCJmqdjH7fkQno75DMdUkVmAHV,Only to follow day by day - Jno. R. Sweney,NA,Only to follow day by day,John R. Sweney,NA,classical,NA,publicdomain,0.0,0,0,3,1,1,0,16,242,15.125,True,2.6968560336899308,0.9834710743801652,0.94140625
QmaJMrSrvQ63GuvPq8epYXHoknapnkuQj1nY5euiUJAWys,Only trust and obey - W. H. Doane,NA,Only trust and obey,W. H. Doane,NA,classical,NA,publicdomain,0.0,0,0,9,2,1,0,19,205,10.789473684210526,False,2.528729975493632,0.9951219512195122,0.9270833333333334
QmRoxTMC4JNAoQa1g9jjGWZALsSdMirkYJekJXVn3QNB9U,Only You - SA,NA,Only You,B.Ram & A.Rand,B.Ram & A.Rand - 1955,NA,NA,cc-zero,0.0,0,5,75,0,2,0-0,50,268,5.36,True,3.1197552154416943,0.864406779661017,0.9425
QmTfmpaK1NuA2tdx3W7dZ7UBZXwsMb4cM1iVqJ6KtDkA48,onmai2020,NA,onmai2020,ããã,NA,NA,NA,cc-zero,0.0,0,0,21,0,5,0-0-0-0-0,75,2337,31.16,True,3.218125795909126,0.7631224764468372,0.9037162162162162
QmZt9gvfzEtNRpKKxX6qMhgod83nmgXBd5NUJB5MCPxeSG,Ons Stuurman title,NA,Ons Stuurman title,Misc tunes,NA,NA,NA,publicdomain,0.0,0,0,1,0,3,0-0-0,9,71,7.888888888888889,False,2.671657754448473,1.0,0.9553571428571428
Qmeh7NiM51nDKLdeQ6WKQrMWVefHc4bWMGnLBFz9QWaXSY,Ons Vader,NA,Onse Vader,Misc Traditional,NA,folk,NA,cc-zero,4.83,3,1,177,0,4,0-0-0-0,40,443,11.075,False,2.731616811975586,0.9906103286384976,0.9748931623931624
QmRoYKg8DXp1ZgxcRvEwkxU2SxMbspq8q7SKUzu7u8c2t7,ONWARD (Barrington) - John W. Barrington,NA,ONWARD (Barrington),John W. Barrington,NA,classical,NA,publicdomain,0.0,0,0,4,1,1,0,24,301,12.541666666666666,True,2.924897424785502,0.9435215946843852,0.9444444444444444
QmPw1MBoNRyQR7SgVytWPGaKYy2uhZ4iNWPkx98iB75g2z,Onward brother onward - J. H. Tenney,NA,Onward brother onward,J. H. Tenney,NA,classical,NA,publicdomain,0.0,0,0,6,1,1,0,16,172,10.75,True,2.666263711926833,0.9883720930232558,0.9402777777777778
QmX1uSwkEwvKBkH1uoZd8uasBCkLzHFU1D27gt9Ree2ko2,Onward comes a legion - J. Howard Entwisle,NA,Onward comes a legion,J. Howard Entwisle,NA,classical,NA,publicdomain,0.0,0,0,4,2,1,0,16,227,14.1875,True,2.838152122596782,0.9779735682819384,0.9444444444444444
QmaSZMXFsXDbaLsGZuoq2maKj7MsK9oRRULUNZibHE773B,Onward ever onward - F. J. Howard,NA,Onward ever onward,F. J. Howard,NA,classical,NA,publicdomain,0.0,0,0,5,2,1,0,17,270,15.882352941176473,True,2.94470828502852,0.9518518518518518,0.9597222222222224
QmTLyxiehs91VkBMVwXPisX2DuKaoYzptN3VCmEKMHkALi,Onward forward soldiers of King Jesus - Jas. V. Reid,NA,Onward forward soldiers of King Jesus,Jas. V. Reid,NA,classical,NA,publicdomain,0.0,0,0,2,2,1,0,24,552,23.0,True,3.026692887846676,0.9329710144927535,0.9895833333333334
QmeSPUEJ3k7SHLFQ2JJsahSTcGsoRdY5cpzU38yf2eL321,Onward Gospel Army - J. H. Hall,NA,Onward Gospel Army,J. H. Hall,NA,classical,NA,publicdomain,0.0,0,0,2,1,1,0,12,227,18.916666666666668,True,2.878755261507828,0.9559471365638766,0.9756944444444444
QmXMdMJ35JigKe22ov8x5j7XVBYnmaNJPucgxQQUMYMFJA,Onward in majesty forward - Ira B. Wilson,NA,Onward in majesty forward,Ira B. Wilson,NA,classical,NA,publicdomain,0.0,0,0,3,2,1,0,36,631,17.52777777777778,True,3.0356245750509774,0.9405144694533762,0.9963942307692308
QmbfzsM3RVZyx5qMhhw9eKYKhDYRqfkUi3mRywwULyYKeK,Onward little soldiers - Haldor Lillenas,NA,Onward little soldiers,Haldor Lillenas,NA,classical,NA,publicdomain,0.0,0,0,9,2,1,0,24,328,13.666666666666666,True,2.9677160191795458,0.948170731707317,0.947463768115942
QmYAxPD8UY1PXFtknFmQwGsdejvrhn3gNhZkuKobjfi6b9,Onward march we neath the royal banner - W. A. Ogden,NA,Onward march we neath the royal banner,W. A. Ogden,NA,classical,NA,publicdomain,0.0,0,0,7,1,1,0,16,282,17.625,True,2.6315913601176075,0.99645390070922,0.9458333333333332
QmQZ2AFKHkxQh9LZE7ewcvMbiqBUSorgMzxNYDw94o8yF1,Onward move ye followers of the Lord - Thoro Harris,NA,Onward move ye followers of the Lord,Thoro Harris,NA,classical,NA,publicdomain,0.0,0,0,4,1,1,0,16,242,15.125,True,2.739032947799873,0.9917355371900828,0.9739583333333334
QmZvPxiExVdsSzc8QJDzNAcaVT8Rm41QxeVSf77782vhge,Onward now rejoicing - Robert Lowry,NA,Onward now rejoicing,Robert Lowry,NA,classical,NA,publicdomain,0.0,0,0,7,1,1,0,24,260,10.833333333333334,True,2.709752133507864,0.9884615384615384,0.90625
QmT9py35rZ7BfR2hBzZcmpoy4kmDWSWJCi5qxc3EjT8B7h,Onward now the trumpet call is sounding - Theo. F. Seward,NA,Onward now the trumpet call is sounding,Theo. F. Seward,NA,classical,NA,publicdomain,0.0,0,0,3,1,1,0,16,301,18.8125,True,2.5703525944993006,0.9867109634551496,0.9244791666666666
QmP8r1YMT521Lt4DbpWdQ3uW9jQeUVD5SK3rT46x8bWi32,Onward O soldier anew to begin - C. Austin Miles,NA,Onward O soldier anew to begin,C. Austin Miles,NA,classical,NA,publicdomain,0.0,0,0,3,1,1,0,24,408,17.0,True,2.9372761794203863,0.9117647058823528,0.9420289855072465
QmSYNCippb1Hn46xVMprybfVp4sbmvSU8FQdX5gq8bGb8R,Onward onward men of heaven - A. J. Powell,NA,Onward onward men of heaven,A. J. Powell,NA,classical,NA,publicdomain,0.0,0,0,5,2,1,0,16,288,18.0,False,2.990305422091334,0.9340277777777778,0.9401041666666666
QmVGNRud28ZNMnSysXwudpcgsks9qApQzzm79GAG1zUwNq,Onward onward soldiers of the cross - J. Lincoln Hall,NA,Onward onward soldiers of the cross,J. Lincoln Hall,NA,classical,NA,publicdomain,0.0,0,0,4,2,1,0,25,358,14.32,True,2.6170302798443346,0.9776536312849162,0.970108695652174
QmbzWpzJuMYWmAysKtk713sxQ68eiSUzHpwHvC9yXccusG,Onward onward speed thy conqring flight - C. Austin Miles,NA,Onward onward speed thy conqring flight,C. Austin Miles,NA,classical,NA,publicdomain,0.0,0,0,5,2,1,0,24,498,20.75,True,2.7140179038680747,0.9738955823293172,0.9111842105263158
QmcL4BNBK1aXaT2cYqq56BusTQ9e342fzPAPQJ6mNLEGNt,Onward pilgrim don't delay - Geo. C. Hugg,NA,Onward pilgrim don't delay - Geo. C. Hugg,Geo. C. Hugg,NA,classical,NA,publicdomain,0.0,0,0,7,1,1,0,16,251,15.6875,True,2.618493394278014,0.9880478087649402,0.9453125
QmTjUFFJyySfTYnbM8WiWpUKBW74sDQMNjRkdDDxGJh5TP,Onward soldiers onward to the fray - Frank M. Davis,NA,Onward soldiers onward to the fray - Frank M. Davis,Frank M. Davis,NA,classical,NA,publicdomain,0.0,0,0,6,1,1,0,16,240,15.0,True,2.53384573388264,1.0,0.9430555555555556
QmUaHXZMzFB3jk1wSqckE2Np81yvtmuaYnYdSvkrpsnaHH,Onward soldiers to the conflict - W. O. Carroll,NA,Onward soldiers to the conflict,W. O. Carroll,NA,classical,NA,publicdomain,0.0,0,0,4,1,1,0,17,250,14.705882352941176,True,2.739083279192364,0.98,0.9291666666666668
QmP8jqMLDeaCyDjc1tvxJ5VhqF7M6C1WAArwC3SitBJeSY,Onward soul through sun and rain - G. W. Elderkin,NA,Onward soul through sun and rain,G. W. Elderkin,NA,classical,NA,publicdomain,0.0,0,0,11,1,1,0,16,236,14.75,True,2.80453080886124,0.9788135593220338,0.9375
QmTyadXNc2Vtbod8tzizVZen3Qmdty3LRVzuFAGfpz9T6x,Onward still like a monarch great - Clinton D. Lowden,NA,Onward still like a monarch great,Clinton D. Lowden,NA,classical,NA,publicdomain,0.0,0,0,2,1,1,0,33,480,14.545454545454543,False,2.969086302652632,0.9333333333333332,0.9919354838709676
QmQzV9fuHidKYZy8kQk6cUycgJzCdH3pZvR1ZQUVyrWVw7,Onward up the Kings great highway - Chas. H. Gabriel,NA,Onward up the Kings great highway,Chas. H. Gabriel,NA,classical,NA,publicdomain,0.0,0,0,8,2,1,0,32,630,19.6875,True,2.910025853364832,0.9603174603174603,0.94140625
Qmc5u8gNQkBjXMNPqvZzEJcd6q5v1RVUuBBWXJEVpE7YPJ,Onward upward homeward! - Ira David Sankey,NA,Onward upward homeward!,Ira David Sankey,NA,classical,NA,publicdomain,0.0,0,0,14,1,1,0,24,250,10.416666666666666,True,2.846079646581266,0.968,0.9548611111111112
QmfZxdAmjrwhz1jm2HVyh4mZTVhxCNewgW21KNJE16fxn7,Onward! O Christian Warriors - W. H. Doane,NA,Onward! O Christian Warriors,W. H. Doane,NA,classical,NA,publicdomain,0.0,0,0,3,1,1,0,16,207,12.9375,True,2.7745369435721243,0.9710144927536232,0.95
QmVorjuxWkXia912CGKLftpCABLSWxNjkvr2Xcnfy8vAKu,Oogway Ascends Section from Kung Fu Panda,Educational purposes,NA,NA,Hans Zimmer,NA,NA,cc-zero,0.0,0,17,911,1,1,0,10,52,5.2,False,2.4564245421059905,1.0,0.9375
QmS7hHDh6oRjAEJqEto63jx9bHPAGvaSJu4nwSb91bPLq2,Oonagh,While gazing on the moon's light,Oonagh,Misc tunes,NA,NA,NA,publicdomain,0.0,0,0,52,1,1,0,25,94,3.76,False,3.002338657218664,0.8936170212765957,0.8888888888888888
QmTveC7RgNgi97q4JnhPDPA9XLNekNSjB1kMB36DJ6gcFU,Oonah,While gazing on the Moons Light,Oonah,Misc tunes,NA,NA,NA,publicdomain,0.0,0,0,2,1,1,0,26,96,3.692307692307693,False,3.0109743247369845,0.9166666666666666,0.8888888888888888
QmQ9Ak7S3God5gEhT5yyhktiBS96ggKMowufuAeGgGHC2G,Oops I did it again,NA,oops i did it again,Britney Spears,Karl Martin Sandberg Rami Yacoub,pop,NA,cc-zero,4.66,15,63,1117,0,3,0-0-0,32,941,29.40625,True,2.7819313478786176,0.9478357380688124,0.923828125
QmYR6bvayawVyYMPV6BbgnjQkux8wmgYZr2Vy313F1gS96,Oops... I did it again - A Capella arrangement,NA,oops i did it again,Britney Spears,NA,pop,britneyspears,cc-zero,4.54,8,69,1262,0,3,0-0-0,79,1278,16.17721518987342,True,2.880840792060504,0.918233082706767,0.9500534188034188
QmSrhGSJUtFnsN4N33zBHtpGiowebTqXWDqxNoMtCoXQGb,Ooska Googas,NA,Ooska Googas,Misc tunes,NA,NA,NA,publicdomain,0.0,0,0,4,1,1,4,16,54,3.375,False,2.4283748233783253,1.0,0.9288194444444444
QmYviMfD4LoS3cKWimKbfxqdoA7jBUaw4R8WeM3zPLUVJW,Op 299 19,NA,The School of Velocity Op.299,Carl Czerny,Czerny,classical,NA,cc-zero,0.0,0,0,90,2,1,0,12,275,22.916666666666668,False,2.9619352929946867,0.9309090909090908,0.9722222222222222
QmZwKatuRPHDJGTEXYEA4jNZAXC5AErntJEYkdNNFfmDKc,Op. 4,NA,Op. 4,Ariane Ferraz,Ariane Ferraz,NA,NA,cc-zero,0.0,0,0,5,2,1,0,31,584,18.83870967741936,False,2.8764228653044936,0.9092465753424658,0.9229166666666666
QmS1ksnnc19EVV2khEwvfkhz3sMCHpJguqJy2KvaXDCfRc,Op. 4 No. 2 F major,1/8 - 2/7/2020,Op. 4 No. 2 F major,Leo179,Leonardo Marañon,NA,NA,cc-zero,0.0,0,0,38,2,1,0,66,1078,16.333333333333332,False,3.0405881611053465,0.941449814126394,0.92578125
QmNqVQq24X9WZ7MmH4Xov8KrQstPR1HXAzsXMooLWB261X,Op. 70 / 1,NA,NA,NA,Hermann Berens Op.70,NA,NA,cc-zero,0.0,0,5,199,0,2,0-0,17,162,9.529411764705882,False,2.818740806231758,0.9753086419753086,0.9856770833333334
QmPm4EJZq73YEQY3zQypsVKbUnFRGP8zVWEf8gizA6kT3r,Open Eyes,NA,Open Eyes,Stuart Menzies-Farrant,S Menzies Farrant,NA,NA,cc-zero,0.0,0,0,30,1,1,0,24,382,15.916666666666666,False,2.5540797540851616,1.0,0.9618055555555556
Qmbt17Mc1oUdsz8dsFAxaUUVwFYG9ezZzfDSR5F1x1zHAf,Open now thy gates of beauty - J. S. Fearis,NA,Open now thy gates of beauty,J. S. Fearis,NA,classical,NA,publicdomain,0.0,0,0,18,2,1,0,18,296,16.444444444444443,False,2.902143193623965,0.9358108108108107,0.9044117647058824
QmUU9vg2Etvu2cbXmztcgDMpXTR5AVRgbsMGKUZp2Rcp6S,Open the door for the children (Excell) - E. O. Excell,NA,Open the door for the children (Excell) - E. O. Excell,E. O. Excell,NA,classical,NA,publicdomain,0.0,0,0,6,2,1,0,24,359,14.958333333333334,True,2.4888475851067744,1.0,0.8615196078431373
QmRYBR35fWoi2yb3ZxW7Zq1khLZyupL3LqsoR1EZSTTCxe,Open the door for the children (Hackleman) - W. E. M. Hackleman,NA,Open the door for the children (Hackleman),W. E. M. Hackleman,NA,classical,NA,publicdomain,0.0,0,0,12,2,1,0,32,495,15.46875,True,2.793602014790676,0.9797979797979798,0.9157986111111112
QmPwUGvHFswmzWbUjaWHtNMGtWzxC6JzBanGBKzzwt23hi,Open the door for three,NA,Open The Door For Three,Misc tunes,NA,NA,NA,publicdomain,0.0,0,0,1,1,1,0,20,130,6.5,False,2.6921011165576503,1.0,0.9618055555555556
QmbfJPE5Xtb9mVvrz1zpWJLjfQhhUEv7FTuq655ckf4b22,Open the door of your heart dear child - Thoro Harris,NA,Open the door of your heart dear child,Thoro Harris,NA,classical,NA,publicdomain,0.0,0,0,4,2,1,0,24,315,13.125,True,2.918840815459648,0.9423076923076924,0.928921568627451
QmPa27p7z1XKFzwmPQb49QCDhJvWZM5BbajVNaKZKpeLqw,Open the Door Softly,NA,Open the Door Softly,Misc tunes,NA,NA,NA,publicdomain,0.0,0,0,2,1,1,0,12,62,5.166666666666667,False,2.6597404145910546,1.0,0.9398148148148148
QmTrcAXqgBZycscmLb9APGtTsYUP69kMM47Y1nAnaPbU5A,OPEN THE DOOR SOFTLY,Fuasgail an doras,Open the Door Softly,Misc tunes,NA,NA,NA,publicdomain,0.0,0,0,3,1,1,0,12,60,5.0,False,2.7118721126518994,0.9666666666666668,0.9398148148148148
QmP4TrSwp2k5isV9v4TTGja5S4PL1N7ExKpf2GvHyDH739,Open the door that so long you have bolted - Jno. R. Sweney,NA,Open the door that so long you have bolted,John R. Sweney,NA,classical,NA,publicdomain,0.0,0,0,1,0,2,1-1,16,315,19.6875,True,2.655303046456876,0.9873015873015872,0.8715277777777778
QmSE8hFfgfucANx6LAhwsnr4LUCNH8mr3e7nZ7cWTSshxF,Open the door to the Savior - Thoro Harris,NA,Open the door to the Savior,Thoro Harris,NA,classical,NA,publicdomain,0.0,0,0,6,2,1,0,16,213,13.3125,True,2.7648552872802297,0.9812206572769951,0.8697916666666666
QmW8PykYSoYJwfryR1BbKT1J6HFGpgwhS4dRhWVvm9kYCT,Open the Door to Three,NA,Open the Door to Three,Misc tunes,NA,NA,NA,publicdomain,0.0,0,0,2,1,1,0,3,28,9.333333333333334,False,2.297330817147107,1.0,0.8489583333333334
QmNY272SGAhnQFBZJAv6PkZ1WoLUZ3xAWQbjdP9JSrh76q,Open the Door to Three (1),Winifred's Knot,Open the Door to Three (1),Misc tunes,NA,NA,NA,publicdomain,0.0,0,0,2,1,1,0,5,28,5.6,False,2.297330817147107,1.0,0.9296875
QmZGRZMr6u6BohBiSiHEVxm4Zb326w1pZDV3mTQdZzNQdZ,Open the Windows,NA,Open the Windows,Misc tunes,NA,NA,NA,publicdomain,0.0,0,0,2,1,1,0,24,166,6.916666666666667,False,2.5497886282912434,0.9759036144578314,0.9519927536231884
QmNWnWkNCdsYDADvDPXuWgLrcXfErSnSiUTuJjqr1ZMT1c,Open the windows of heaven O Lord - J. H. Hall,NA,Open the windows of heaven O Lord,J. H. Hall,NA,classical,NA,publicdomain,0.0,0,0,3,2,1,0,16,279,17.4375,True,2.303092775004363,0.996415770609319,0.8923611111111112
QmfKbvTvgjUre1sQqaAEXitiVvdHBZGVnUnRyaQvu1xZVP,Open the windows! the blessings come down - Chas. H. Gabriel,NA,Open the windows! the blessings come down,Chas. H. Gabriel,NA,classical,NA,publicdomain,0.0,0,0,4,1,1,0,32,329,10.28125,True,2.5496328848438634,0.9878419452887538,0.967391304347826
Qmbt5GKPbgWwLHRtFV5UPgnmtxJmusXdEtP3PsS6hZPgza,Open thy heart to the Savior - U. S. Amstutz,NA,Open thy heart to the Savior,U. S. Amstutz,NA,classical,NA,publicdomain,0.0,0,0,2,1,1,0,24,328,13.666666666666666,True,2.5275759137104865,0.9939024390243902,0.90625
QmVMijsykeieDPH3zUwTqiWu7v1MRUpNqHYWdMK25N54DM,Open Wide the Door - William Kitching,NA,Open Wide the Door,William Kitching,NA,classical,NA,publicdomain,0.0,0,0,10,0,2,0-0,16,248,15.5,True,2.6095985623294213,1.0,0.9347222222222222
Qmdj5m3gEka3Sm8rePrpnxYkCEQggGHBwocWafsET3eJQ8,Open wide thy heart today - R. T. Owen,NA,Open wide thy heart today,R. T. Owen,NA,classical,NA,publicdomain,0.0,0,1,9,1,1,0,16,205,12.8125,True,2.624161983050846,0.9902439024390244,0.9513888888888888
QmNfPVp2o8DcKxaDguwmPMgceVUmrn5HUWFmAFkjSJXM1p,Open ye the gates that the truth may enter in - J. A. Durham,NA,Open ye the gates that the truth may enter in - J. A. Durham,J. A. Durham,NA,classical,NA,publicdomain,0.0,0,0,3,2,1,0,17,370,21.764705882352946,True,2.408905211170169,1.0,0.96484375
QmfHtcShDh3ZdBi3rjg8a7wCd5L1AXB741YxJFzzxQpDpt,Open your heart to the Savior - Mrs. C. H. Morris,NA,Open your heart to the Savior,Mrs. C. H. Morris,NA,classical,NA,publicdomain,0.0,0,0,10,2,1,0,24,356,14.833333333333334,True,2.844542603759608,0.9408450704225352,0.9142156862745098
QmczVFBeLEN59gBSK59M48DrFTSMAa8SuG9AgNKmGonuLW,Opened in the house of David - Mrs. C. H. M.,NA,Opened in the house of David,Mrs. C. H. M.,NA,classical,NA,publicdomain,0.0,0,0,4,1,1,0,26,377,14.5,False,2.857762478662813,0.9628647214854112,0.9050925925925926
QmXD1j1wsY3cqCor7dc148E7eMSHXX7jauEDbvXdXTZ4et,OpenHand Groove Fill,NA,NA,NA,NA,NA,NA,cc-zero,0.0,0,2,145,0,1,0,4,54,13.5,False,1.8002787054665297,1.0,0.8880208333333334
Qme777h8hJ842Gyq6v8JPf3LUx1WL9G8Lw2NEWwJ1Qy9TG,Opening Cutscene Town Waltz,The Adventures of Naru!,NA,NA,Jordan Jennings,NA,NA,cc-zero,0.0,0,6,216,0,3,0-0-6,84,702,8.357142857142858,False,2.6733667937605827,0.9658119658119658,0.972636815920398
QmdFePzv7vsKfx4ckJKG7QNieXGSUgV7kzfVesXCsdpH5R,Opening the Door to Spring,NA,Opening the Door to Spring,jetspeed125,Thomas Wilkinson,NA,NA,cc-zero,0.0,0,0,15,1,1,0,16,205,12.8125,False,2.925211833465304,0.9707317073170731,0.9270833333333334
QmPNwg2TBjv3MpTPxAW3itkK7rvGwAiSsNTcAQE7Jt3Gjp,Opera Hat. WCa.36,NA,Opera Hat. WCa.36,Misc tunes,or Opera Hat,NA,NA,publicdomain,0.0,0,0,2,1,1,0,36,106,2.9444444444444446,False,2.694773150222173,1.0,0.9661458333333334
QmYQgotjFoAPVr5FSUZqTsfLAC7R8MWZne2MF6PVu1MRSv,Opera Schottische,NA,Opera Schottische,Misc tunes,H.Kleber,NA,NA,publicdomain,0.0,0,0,1,1,1,0,5,23,4.6,False,2.968151629499737,0.8695652173913043,0.8541666666666666
QmR2M7SfmNmypCwh1ZBnHZCfh53a9eftrHVQafejsZJq7k,Operation Ð,And My Keyboard's Other Adventures,Operation Ð,republisk,K.A. Karlov,NA,NA,cc-zero,0.0,0,0,89,1,1,0,37,219,5.918918918918919,False,2.364973080147819,0.91324200913242,0.9438657407407408
QmNug7r7dfPtXsLbsyP9BRbQarvZNmnYt9LjeKp46jL1Dg,Operation: Evolution - Dimrain47,NA,Operation: Evolution,Dimrain47,Dimrain47,electronic,operation-evolution-operationevolution-operationevolution-dimrain-aploplex-geometrydash,cc-zero,4.88,6,20,1031,2,1,0,404,3627,8.977722772277227,False,2.6730430422633416,0.9989832231825114,0.982421875
QmddVh13qjF9ufJnKCqa9ttLGesnNqKVBa3gsMHqrq2NfQ,Opinca,NA,Opinca,Misc tunes,NA,NA,NA,publicdomain,0.0,0,0,6,0,1,6,32,285,8.90625,False,2.6894286823761298,0.968421052631579,0.9018817204301076
Qmcg1GiZA3CHP5MyYtzqpymexjSPJNDnt2vNUPimdosYem,Opp {\aa} ud {\aa} g{\aa},NA,Opp {\aa} ud {\aa} g{\aa},Misc tunes,NA,NA,NA,publicdomain,0.0,0,0,1,1,1,0,16,98,6.125,True,2.4149413824022457,1.0,0.9045138888888888
QmY7XEzotoqkEue2S1tHNKoTKfWxkUFvY3a9CyxXHvWcQG,Oppa Asian Style-UNDERSWAP Papyrus Fight Theme,Underswap,NA,NA,NA,NA,undertale-undertaleau-underswap-piano-papyrus,cc-zero,4.85,4,8,998,2,1,0,80,1498,18.725,False,2.91447052319496,0.9566088117489988,0.905590717299578
QmaSFgT3dCPJfuzBLim9Dp9z5dotMyL2HxbYsSwSSY1dDP,Oppressed by countless foes without - Wm. J. Kirkpatrick,NA,Oppressed by countless foes without,William J. Kirkpatrick,NA,classical,NA,publicdomain,0.0,0,0,6,1,1,0,20,258,12.9,False,2.688198506701554,0.98046875,0.9791666666666666
QmafH6fiqShqJBRJH7mTsbNwQrzzMztSb7AF2beo5FAov5,Oppressed with grief and with burdens sore - E. S. Lorenz,NA,Oppressed with grief and with burdens sore,E. S. Lorenz,NA,classical,NA,publicdomain,0.0,0,0,5,1,1,0,20,260,13.0,False,2.3086423831946057,1.0,0.921875
QmdYGKJ1qttTkZLdEWcWddM8ujZKfpo5S8s2RUQdaLepZP,Option 3 piano with vocal (1) Laura Heywood,Option 3: Piano trio with vocals,NA,NA,Laura Heywood,NA,NA,cc-zero,0.0,0,0,13,0,2,0-0,30,271,9.033333333333331,False,2.795405063621557,0.9738805970149254,0.9305555555555556
QmSR9dSVAWuyQSJMMEG66At1yXw4jKyfjTB7mp4Ek6gX5w,Opus 27-2: Beethoven Moonlight - The first and second movements,NA,NA,NA,L. van Beethoven,NA,NA,cc-zero,0.0,0,33,621,2,1,0,210,2253,10.728571428571428,False,3.279318158001403,0.7941307247665629,0.90616391184573
QmVBNGaajeGHeLy7RNtqf9PFzWEhyAF3PSzQuEhoXKWKoW,or - Jenny Come Down To Jocko. HA.040,HeyJennie Come Down.... HA.040,Jenny Come Down To Jocko. HA.040,or,or,classical,NA,publicdomain,0.0,0,0,6,1,1,0,41,121,2.951219512195122,False,2.713495869234652,1.0,0.8913690476190477
QmbWmnsEkvojDsCVaBp6b7vRSpzwsu3geWuxQCJptFc4un,Oracion From the Movie: Rise of Darkrai,NA,NA,NA,Arr. by Adrian Cisowski,NA,NA,publicdomain,4.83,3,33,941,2,1,0,61,793,13.0,False,2.8300827611148884,0.9810844892812106,0.8487787356321839
QmRC64VTvRe51HgxiQVgST1hTGXtw3kcCaaS8X3uoX2c83,Oran gaoil a gallic song translated by a Lady,NA,Oran gaoil a gallic song translated by a Lady,Misc tunes,NA,NA,NA,publicdomain,0.0,0,0,7,1,1,0,34,94,2.764705882352941,False,2.6544046650949853,1.0,0.9375
QmcoUmLZsvaCNgEPkoRgLeeq3y1DWVrVMWosKZwM9qFngY,Oran host club Nocturne pour Tamaki,NA,nocturne pour tamaki,oran host club,NA,NA,NA,cc-zero,4.75,33,141,5818,2,1,0,41,606,14.78048780487805,False,3.053429427651696,0.912396694214876,0.875
QmVWU1BWEGbG3XELFm5aV9rZqWVCGFKRjhkxqaEMTnmpmY,Orange,From the Anime Series Toradora!,NA,NA,Arranged by: Joshua Stewart Rearranged by: King_JMS_1,NA,NA,cc-zero,0.0,0,21,664,2,1,0,59,767,13.0,False,2.774254149279728,0.9947848761408083,0.8591954022988506
QmTMSyPkXM4PU4hbhd8M8csfDjnpmfAWMoBwYouoh4JaLV,Orange and Blue,Brochan LomThin Porridge,ORANGE AND BLUE,Misc tunes,NA,NA,NA,publicdomain,0.0,0,0,16,1,1,0,20,112,5.6,False,2.6822207894273435,1.0,0.8919270833333334
QmYscwKKg5yGYF8nc8ruByLog4o32WACPpgXYgry2i3zhV,Orange and Green,NA,NA,NA,NA,NA,irish-abc,cc-zero,0.0,0,1,537,0,1,0,38,188,4.947368421052632,False,2.454105184061101,1.0,0.9675
QmVyCbR875agPo8E7CWgfkExCZuWLizLW6ZpbtP8AQZDAz,Orange and Green [2] Fifth Figure,NA,Orange and Green [2] Fifth Figure,Misc tunes,NA,NA,NA,publicdomain,0.0,0,0,3,1,1,0,70,336,4.8,False,2.764782062317322,1.0,0.8873697916666666
Qmef6S9hyNoym6r9dE2a8rqezosqdAYG1jtr6fkRUMvRZF,Orange and Green [2] First Figure,NA,Orange and Green [2] First Figure,Misc tunes,NA,NA,NA,publicdomain,0.0,0,0,2,1,1,0,45,187,4.155555555555556,False,2.408078024923816,1.0,0.932471264367816
Qma6Bjn1pttXuj5ueazkVVHvJKc4QfdonTd8L5NtVpGYJ4,Orange and Green [2] Fourth Figure,NA,Orange and Green [2] Fourth Figure,Misc tunes,NA,NA,NA,publicdomain,0.0,0,0,12,1,1,0,68,296,4.352941176470588,False,2.728883585937312,0.9932432432432432,0.9133064516129032
QmWitXJisKkumJ1QtYuu5quisTMPkGQp1dmRhoCDP1LVs9,Orange and Green [2] Second Figure,NA,Orange and Green [2] Second Figure,Misc tunes,NA,NA,NA,publicdomain,0.0,0,0,4,1,1,0,50,248,4.96,False,2.729134585442189,0.9838709677419356,0.9592013888888888
Qmdsc5kVM6JAGAAibnEs83tqL2LkqPo3gNi8xjwJ5SbjGb,Orange and Green [2] Sixth Figure,NA,Orange and Green [2] Sixth Figure,Misc tunes,NA,NA,NA,publicdomain,0.0,0,0,4,1,1,0,36,142,3.9444444444444446,False,2.6390972451012247,1.0,0.9045138888888888
QmSGEFZEZQ64RZywgk5fkjC2KmNZvgDKvzZwbWhLzwn6VM,Orange And The Green,Rising Of The Moon,Orange And The Green,Misc tunes,NA,NA,NA,publicdomain,0.0,0,1,58,1,1,0,8,30,3.75,False,2.4811939311696194,1.0,0.9761904761904762
QmWmhDNmQBPuSVUCywW8DS3Rbn71GMmgogo8yRPthWpEa4,Orange Belt - Sailor Sailor,NA,Orange Belt - Sailor Sailor,allyschnier,NA,NA,recorderkarate-drm,cc-zero,0.0,0,0,16,1,1,0,8,29,3.625,True,1.5439907766505307,1.0,0.8923611111111112
QmViPmvX4QwB159FHdZyXUKR5uDPYTkoKogUfJJ6k317bQ,Orange by 7!!,Original Composer: Satori Shiraishi,orange,7!!,Original Composer: Satori Shiraishi,pop,NA,cc-zero,0.0,0,47,1436,3,1,0,84,2301,27.392857142857142,False,2.972933338413375,0.9564838990426456,0.8233251633986928
QmWbissg4EpWZ7FJZdQFU333MYKrXWGNGnM1TeUyb9iY6j,Orange Ribbands. VWMLa.219,NA,Orange Ribbands. VWMLa.219,Misc tunes,NA,NA,NA,publicdomain,0.0,0,0,2,1,1,0,19,141,7.421052631578948,False,2.7806874637387087,0.9858156028368794,0.9444444444444444
QmWA7jfDWw5CGvH3e85oxJbeQQhamHSvtETueDj9qtXuJx,Orange Ribbands. VWMLa.219,NA,Orange Ribbands. VWMLa.219,Misc tunes,NA,NA,NA,publicdomain,0.0,0,0,1,1,1,0,81,426,5.25925925925926,False,3.1336927295519854,0.8286384976525821,0.937908496732026
QmeqUhFhJmnDdkon9FjMHmBpYRYWFCrAioJ4WHHmqQ6ypC,Orange Tree,NA,Orange Tree,olzhan777,Philip Glass,NA,NA,cc-zero,0.0,0,0,221,0,2,0-0,62,1671,26.951612903225808,False,2.9227354869699345,0.9106463878326996,0.9719202898550724
QmcdZSUEeptKGfEupkFRFujM9LaXuDgQQfStEa7CbkDzuX,Orangsebe(missing image). PFD3.159,Oxford Actaka. PFD3.159,Orangsebe(missing image). PFD3.159,Misc tunes,NA,NA,NA,publicdomain,0.0,0,0,3,1,1,0,32,224,7.0,False,3.0589612275792457,0.9017857142857144,0.9466145833333334
QmRgPhQPXjr6bHWHYu15JYsqBUkXYKdb6zTLrxoJp2UFAg,Oravi Dominum Deum meum - Costanzo Porta,NA,Oravi Dominum Deum meum,Costanzo Porta,NA,classical,NA,publicdomain,0.0,0,0,4,0,6,0-0-0-0-0-0,69,802,11.623188405797102,False,2.759396125242548,0.9811557788944724,0.9589371980676328
QmYrd9kUAZut3HWXxZyPQ8iKJnnEyqTe45TKFAmv1GrRJF,Orchesographie - Alman,NA,Alman,Orchesographie,Orchesographie1589,classical,NA,publicdomain,0.0,0,0,2,1,1,0,11,56,5.090909090909091,False,2.367411696646865,1.0,0.9166666666666666
QmXN1RnsDmVKApX2mGRi8KgnHhUs8pz2W6HoLxA3y8rPM8,Orchesographie - Branle de Poitou,NA,Branle de Poitou,Orchesographie,Orchesographie1589,classical,NA,publicdomain,0.0,0,0,2,1,1,0,2,14,7.0,False,2.5027361715940035,1.0,0.9583333333333334
Qmeod5kApB2j8RyngrCQgGhWD5qjRZPLifrz8qfDCJ2Pfo,Orchesographie - Burgundian Branle,NA,Burgundian Branle,Orchesographie,Orchesographie1589,classical,NA,publicdomain,0.0,0,0,1,1,1,0,4,15,3.75,False,2.422579761842492,1.0,0.9791666666666666
QmTx97Ekyi9mc3cQsD3ZhEMvG4s4vecewCgBzqJWV6Hoyk,Orchesographie - Clog Branle,NA,Clog Branle,Orchesographie,Orchesographie1589,classical,NA,publicdomain,0.0,0,0,2,1,1,0,16,60,3.75,False,2.2513073660949607,1.0,0.9553571428571428
QmcZfG2Cp5YzbzhaUXG9zSENpJXkgtMfqRtSRtRGp59PJH,Orchesographie - Gay Branle,NA,Gay Branle,Orchesographie,Orchesographie1589,classical,NA,publicdomain,0.0,0,0,8,1,1,0,4,16,4.0,False,2.382856063692049,1.0,0.8958333333333334
QmQA2vhHH47A72Nqf4GDRAU9ndgGNdRbzpUuhsXqowg82Y,Orchesographie - Hay branle,NA,Hay branle,Orchesographie,Orchesographie1589,classical,NA,publicdomain,0.0,0,0,1,1,1,0,20,69,3.45,False,2.6736754875261184,1.0,0.9604166666666668
QmcX914S27YtSAW2wssQCJrnyKfxVafHagewZS8J4jSHi8,Orchesographie - Horses Branle,NA,Horses Branle,Orchesographie,Orchesographie1589,classical,NA,publicdomain,0.0,0,0,4,1,1,0,48,188,3.9166666666666665,False,2.6860953889762,0.946808510638298,0.9671985815602836
QmcoyDX2Tj9Vdx586ULMXmHfdckWDcYW9BsEJ3JJrKwcwz,Orchesographie - La Volta,NA,La Volta,Orchesographie,Orchesographie1589,classical,NA,publicdomain,0.0,0,0,8,1,1,0,4,20,5.0,False,2.195461844238322,1.0,0.9652777777777778
QmYEYGktHJULAwdTGCEQdqfbtYJZBd1UFsFe9Xgw6Jvr7Q,Orchesographie - Mixed Branle Cassandra,NA,Mixed Branle Cassandra,Orchesographie,Orchesographie1589,classical,NA,publicdomain,0.0,0,0,6,1,1,0,22,70,3.1818181818181817,False,2.5523483514470264,0.9714285714285714,0.9375
QmPfnzBJ3JyVwWzMJbdNE2aHbBjf6d2Gcr4QV8W6vEYvhm,Orchesographie - Mixed Branle Charlotte,NA,Mixed Branle Charlotte,Orchesographie,Orchesographie1589,classical,NA,publicdomain,0.0,0,0,5,1,1,0,32,94,2.9375,False,2.402593231312516,1.0,0.9680555555555556
QmR7dVDf5Gj3SNiFL23vghkCFAyGuf4Dg7Y4Rfwnwb8Nx9,Orchesographie - Mixed Branle of War,NA,Mixed Branle of War,Orchesographie,Orchesographie1589,classical,NA,publicdomain,0.0,0,0,1,1,1,0,32,126,3.9375,False,2.559299041107425,1.0,0.9654947916666666
QmTvpf24QCxZDv1GdHWzv5Jeusz5m9smfhoXcBAjAkd9YS,Orchesographie - Montarde Branle,NA,Montarde Branle,Orchesographie,Orchesographie1589,classical,NA,publicdomain,0.0,0,0,2,1,1,0,20,84,4.2,False,2.623729924267,1.0,0.9791666666666666
QmXZFduqUq8gwJotYKTCcUHrpcRveoKsMsqpJDtFkY4bfe,Orchesographie - Scottish Branle (1),NA,Scottish Branle (1),Orchesographie,Orchesographie1589,classical,NA,publicdomain,0.0,0,0,5,1,1,0,12,43,3.583333333333333,False,2.53608031342686,1.0,0.9791666666666666
Qmatt5RMLvhhAurLYW54V43mE1GJqhdBtPUaW8axHnH3Wr,Orchesographie - Scottish Branle (2),NA,Scottish Branle (2),Orchesographie,Orchesographie1589,classical,NA,publicdomain,0.0,0,0,2,1,1,0,11,33,3.0,False,2.7032310597772,1.0,0.9678030303030304
QmULoVX9WEDxPRfpx8JAB3VT15x1YK4mKEdffJbUxJ2Hok,Orchesographie - Single Branle,NA,Single Branle,Orchesographie,Orchesographie1589,classical,NA,publicdomain,0.0,0,0,2,1,1,0,6,24,4.0,False,1.8045851693378,1.0,0.9444444444444444
QmfUEVb6rkKMTr6Hmru9Ba7Uy2fs9HjJDaonnnonkkUGym,Orchesographie - Trihory,NA,Trihory,Orchesographie,Orchesographie1589,classical,NA,publicdomain,0.0,0,0,0,1,1,0,3,11,3.6666666666666665,False,1.8230679822736608,1.0,0.9375
QmX6PJ3s2yVFW79U19H8es4DHiqMN9PFNAuUg879XrjE3c,Orchesography - Antionette,NA,Antionette,Orchesography,Orchesography 1589,classical,NA,publicdomain,0.0,0,0,0,1,1,0,12,62,5.166666666666667,False,2.7114289737633124,1.0,0.9097222222222222
QmU1ghdVQPXDeQeQrg8jE8sTTgxR3nhC36i74xLZKQ5X9M,Orchesography - Buffens,NA,Buffens,Orchesography,Orchesography 1589,classical,NA,publicdomain,0.0,0,0,2,1,1,0,8,38,4.75,False,2.442154582782236,1.0,0.9453125
QmanDModdj2kmBgf9cz21ZB7h7GJ5p48XTvaqTnJ1beZWy,Orchesography - Canary,NA,Canary,Orchesography,Orchesography 1589,classical,NA,publicdomain,0.0,0,0,1,1,1,0,16,48,3.0,False,2.289396503646121,1.0,0.99609375
QmVafPfm5FAXxeZyVnkHR4NBybLkUfMHE8NtzxJKCeMLgc,Orchesography - Galliard,NA,Galliard,Orchesography,Orchesography 1589,classical,NA,publicdomain,0.0,0,0,1,1,1,0,2,16,8.0,False,2.4772170014624826,1.0,0.8333333333333334
QmQ3onaVcLi8Q5oLpshB79LoLq6Qog5eVkjJWgwMgV5DZH,Orchesography - J'amerois mieulx dormir seulette,I would rather sleep alone,J'amerois mieulx dormir seulette,Orchesography,Orchesography 1589,classical,NA,publicdomain,0.0,0,0,3,1,1,0,8,44,5.5,False,2.248062869861211,0.8863636363636364,0.9513888888888888
QmcuxAcLCB3yyjgLiwSu2cxJjvTRBQGKKMt3GNm49geQgV,Orchesography - L'ennuy qui me tourmente,The grief that tortures me,L'ennuy qui me tourmente,Orchesography,Orchesography 1589,classical,NA,publicdomain,0.0,0,0,6,1,1,0,12,70,5.833333333333333,False,2.2738889133429785,1.0,0.9398148148148148
QmUVUE2Yhcd5jKQdSrtKN3oy26LpPwLyShaXw1FAF8yiQX,Orchesography - La Milanoisse,The girl from Milan,La Milanoisse,Orchesography,Orchesography 1589,classical,NA,publicdomain,0.0,0,0,1,1,1,0,6,36,6.0,False,2.131907764251741,1.0,0.9513888888888888
QmUZm4Es71T6LjK7YvgfsZ8HDNQFfuRwD7SvYCuso2B4e6,Orchesography - La Traditore my fa morire,Because of the traitor I die,La Traditore my fa morire,Orchesography,Orchesography 1589,classical,NA,publicdomain,0.0,0,0,6,1,1,0,16,76,4.75,False,2.466596343135402,1.0,0.931818181818182
QmXvSTGQ7vjnx6h77NoeYGVXwStFAuZeMaXVVrcc6PeUSM,Orchesography - Mixed Branle Aridan,NA,Mixed Branle Aridan,Orchesography,Orchesography 1589,classical,NA,publicdomain,0.0,0,0,9,1,1,0,30,102,3.4,False,2.637948148784262,1.0,0.9701388888888888
QmbJaVwFqayT7e8ajmQL2wPiUj2hgaU7D5qpJ3rqp3sYtS,Orchesography - Official Branle,NA,Official Branle,Orchesography,Orchesography 1589,classical,NA,publicdomain,0.0,0,0,6,1,1,0,24,108,4.5,False,2.6499305064479164,1.0,0.9635416666666666
QmVUt7WaQ26btmHX4bgKMUhPPkBjnjoeaDGb9RPt4Wu8Vf,Orchesography - Si j'ayme ou non,Whether I love or not,Si j'ayme ou non,Orchesography,Orchesography 1589,classical,NA,publicdomain,0.0,0,0,4,1,1,0,8,40,5.0,False,2.0086949695628418,1.0,0.9340277777777778
QmRzUNN5TaBP2meRcAkqEbomrjC5gVz7KsZsUTKxxBNYRE,Orchesography - Spanish Pavan,NA,Spanish Pavan,Orchesography,Orchesography 1589,classical,NA,publicdomain,0.0,0,0,4,1,1,0,8,35,4.375,False,2.384890222516101,1.0,0.9464285714285714
QmUXXkXMxmE1KuYV5rLaXdFFVYvcPjRtz1HWDCkVUZfcXF,Orchesography - Washerwoman's Branle,NA,Washerwoman's Branle,Orchesography,Orchesography 1589,classical,NA,publicdomain,0.0,0,0,2,1,1,0,28,94,3.357142857142857,False,2.269456783015104,1.0,0.9791666666666666
QmZAwkx8y3tgpWAv1qZ6gGHEwvXnFhmM659RR2MACiXXiy,Ordinances - C. E. Hunter,NA,Ordinances,C. E. Hunter,NA,classical,NA,publicdomain,0.0,0,0,2,1,1,0,16,240,15.0,True,2.5461548549526274,0.9916666666666668,0.9125
QmX2g87koytKrS3fqw5C9FAinnbb25GTyEwKciCL81Bk1E,Ore wo suki nano wa omae dake ka yo ending midi,NA,Ore wo suki nano wa omae dake ka yo ending midi,ZinJuk,NA,NA,NA,cc-zero,0.0,0,1,113,0,1,0,40,1093,27.325,False,3.2674094486336376,0.8294717330861909,0.762768817204301
QmNMDBZNy1ZsKaJoqMRXRdXJt5RJre47xgckvNs6JuMqWA,Ore wo Suki nano wa Omae dake ka yo OP,NA,Papapa,Shuka Saitou,Original Artist Shuka SaitoArranged by Fonzi MTranscribed By Shisui Uchiha,NA,NA,cc-zero,0.0,0,13,330,2,1,0,47,1168,24.85106382978724,False,3.436554778886502,0.7174657534246576,0.9428191489361702
QmYnLMmnmWsy7BvVjJsh6x6Egi9rJ4TePzqE1GCVL1Rkgd,Organization XIII,NA,kingdom hearts - organization xiii,Misc Computer Games,NA,soundtrack,organizaitionxiii-organazationxiii-piano-pianoversion-kingdomhearts-kh-axel-xion-roxas-organization-organazation,cc-zero,4.9,18,67,825,1,1,0,54,302,5.592592592592593,False,2.6063622354132647,0.9470198675496688,0.9802083333333332
QmVtw7eXABrQUwnETu6yQtY6zuPVJv95JSHgtAW27YTGzW,Organized Chaos,83,NA,NA,by J Franco,NA,thefantasticfranco-organizedchaos,cc-zero,0.0,0,0,210,1,1,0,33,349,10.575757575757576,False,2.7889493494637696,1.0,0.9434523809523808
QmRoBUAZ9A42evjrtUEdK9ZKAHL7t9eqKJWNWRf1hKZndE,Ori and the Blind Forest : Kuro's Tale II Her Pain,Ori and the Blind Forest,Ori and the Blind Forest : Kuro's Tale II Her Pain,gwendal2000,Gareth COKER,NA,ori-oriandtheblindforest-kurostale,cc-zero,0.0,0,5,204,2,1,0,43,458,10.651162790697674,False,2.4523190302510067,0.9978165938864628,0.9573643410852714
QmcJKknKWdUw3DifPWvPmG7yRs6tjKBWXn4fmRwevDU4Zq,Ori and the Blind Forest : Swallow's Nest,Ori and the Blind Forest,Ori and the Blind Forest : Swallow's Nest,gwendal2000,Gareth COKER,NA,ori-oriandtheblindforest-swallowsnest,cc-zero,0.0,0,6,192,1,1,0,41,391,9.53658536585366,False,2.339460457059172,1.0,0.9898373983739838
QmTTaMAR3dY8uyHYx4ZquGezwDdLgsn4c2dPDg4aD1hw89,Ori and the Will of the Wisps Teaser Trailer Theme,Teaser Trailer Theme,ori and the blind forest - main theme,Misc Computer Games,Composed by: Gareth Coker Original arrangement: Nadav Schneider,soundtrack,piano-sad-games-videogames-ori-xbox,cc-zero,4.8,12,68,4966,2,1,0,37,417,11.27027027027027,False,2.7521897103608297,1.0,0.9573170731707316
QmNLjrJRvnFWtxPWkGUYZPYKWVNHoGvGv4oniejHZhwUkX,ORIENT (Boys) - R. H. Boys,NA,ORIENT (Boys),R. H. Boys,NA,classical,NA,publicdomain,0.0,0,0,4,1,1,0,10,98,9.8,False,2.8557632232717256,0.9693877551020408,0.9814814814814816
QmWWs1o7oRnK7REe4mv9agKcssYoFWzrofQvmTmXDPRaYh,ORIENT MORNING (Vinton) - Dr. J. D. Vinton,NA,ORIENT MORNING (Vinton),Dr. J. D. Vinton,NA,classical,NA,publicdomain,0.0,0,0,3,1,1,0,14,206,14.714285714285714,False,2.429727065436308,1.0,0.8875
Qmcj1YRPqtxoSiPxSg46LxEAnji3KVRnnqXDXp7WAhMdyV,Origin of the Bi'jikiwuck' [cattle herb medicine],NA,Origin of the Bi'jikiwuck' [cattle herb medicine],Misc tunes,Chippewa Songs 1910,NA,NA,publicdomain,0.0,0,0,6,1,1,0,10,40,4.0,False,2.365259414547991,0.975,0.9409722222222222
QmPf2n3LAyHA77CHBmkSMdZyJvod1GurN78fUTjVWr9NUs,ORIGINAL - Spring Celebration,NA,ORIGINAL - Spring Celebration,Panda Hero,NA,NA,NA,cc-zero,0.0,0,1,102,2,1,0,131,1889,14.419847328244275,False,2.7255521247669696,0.8761297182349814,0.898538961038961
QmTgEpowKhm2TwUwgdhU47S1LuHh3C3RYCb345CBXTqqiB,Original Black Midi Composition,NA,Original Black Midi Composition,Juan Francisco Piqueras Toharias,JF,NA,NA,cc-zero,0.0,0,0,15,0,4,1-1-1-1,165,9317,56.46666666666667,False,2.496772258231898,0.924979524979525,0.8021896258503401
QmeRwkYPeyycR4QAt1agZUCcfVnMgFwfBNnnx2M5ng8LD1,Original Composition,NA,Original Composition,BoWen L.,BoWen Lu,NA,NA,cc-zero,0.0,0,0,14,1,1,0,32,260,8.125,False,2.782669888605856,1.0,0.9384469696969696
QmVNYCDiveFW9qEg1eCDRUGrT5osFAjLUGegBBfVwTDesc,Original Compostion 5,NA,Original Compostion 5,Fluteassassin,Dianna Smith,classical,composition-originalpiece-piano,cc-zero,0.0,0,1,72,2,1,0,129,1872,14.511627906976743,False,2.72643210781047,1.0,0.9844961240310076
QmV3GL1gS7UEiNQv7d2YENBpUrCqiyJijPKrTALpcfFaWY,Original Set of O'er the Water to Charlie,NA,O'er the Water to Charlie,Misc tunes,NA,NA,NA,publicdomain,0.0,0,0,7,1,1,0,36,192,5.333333333333333,False,2.751438771332395,1.0,0.8614130434782609
QmPS61RKno3JHjKoTytLsqwwFkU8pu7h3BD6qw6HcBYJiG,Oriola - Wm. B. Bradbury,NA,Oriola,Wm. B. Bradbury,NA,classical,NA,publicdomain,0.0,0,0,1,1,1,0,17,242,14.235294117647058,False,2.506563828542076,1.0,0.9184027777777778
QmQwsDxpo5oPDKycteKCuXikrdpLrjiiDNfxBFVfw53vPo,Orion SSAA,SSAA,orion,Kenshi Yonezu (ç³æ çå),arr. by Kileen McLeary,NA,NA,cc-zero,0.0,0,3,83,0,6,0-0-0-0-0-0,111,2156,19.423423423423426,True,2.619851467598196,0.9990489776509748,0.9458333333333332
QmSmtPWmGeJPGikbsZjTs3q1nL83coCFd5kfATMYKZgSEX,Orkney Slow Air,NA,Orkney Slow Air,Misc tunes,NA,NA,NA,publicdomain,0.0,0,0,9,1,1,0,32,75,2.34375,False,2.495436954047634,1.0,0.9345238095238096
QmQvX2GAgy1PYQgVeCNt4ZQjK6XrMkBDhTrkWWzjDPJHDa,Orlando Gibbons - In Nomine,Tenor,In Nomine,Orlando Gibbons,Orlando Gibbons 1583-1625,classical,NA,publicdomain,0.0,0,0,25,1,1,0,1,161,161.0,False,2.9908158773908577,0.8944099378881988,0.9700757575757576
QmZfP55S55z4yNcz5GTrGVrY3Z7UHMJNbAn6K4fgSYrLx9,Orlando Gibbons - In Nomine,Alto,In Nomine,Orlando Gibbons,Orlando Gibbons 1583-1625,classical,NA,publicdomain,0.0,0,0,2,1,1,0,1,55,55.0,False,2.526918378173734,1.0,0.9801136363636364
QmTZdoWDTjy2ikt42QKY881E3BR1wDgxNkm3MJDD1uxkWu,Orlando Gibbons - In Nomine,NA,In Nomine,Orlando Gibbons,Orlando Gibbons 1583-1625,classical,NA,publicdomain,0.0,0,0,21,1,1,0,1,133,133.0,False,2.9818214094231337,0.8721804511278195,0.974621212121212
QmUEtuuY9TkEbSnAPfidUogw2YtwSeZn7RvoXzSZMDBvXR,Orlando Gibbons - IX. ALTUS. Daintie fine Bird,From The First Set of Madrigals and Mottets of 5.Parts:apt for Viols and Voyces. 1612.,IX. ALTUS. Daintie fine Bird,Orlando Gibbons,Orlando Gibbons,classical,NA,publicdomain,0.0,0,0,1,1,1,0,1,100,100.0,True,2.8637199761811285,0.84,0.9596920289855072
QmdhUVpcfmtH5UKmFqwmWvDzcRcC6WMDV2iYtm4G2XNJSD,Orlando Gibbons - IX. BASSUS. Daintie fine Bird,From The First Set of Madrigals and Mottets of 5.Parts:apt for Viols and Voyces. 1612.,IX. BASSUS. Daintie fine Bird,Orlando Gibbons,Orlando Gibbons,classical,NA,publicdomain,0.0,0,0,5,1,1,0,1,70,70.0,True,2.768849296385399,0.9714285714285714,0.9696969696969696
QmdeUnQBZkZK6NsXwNXLmqNmvvWzmxMxa5K3QsyFUtHNxo,Orlando Gibbons - IX. TENOR. Daintie fine Bird,From The First Set of Madrigals and Mottets of 5.Parts:apt for Viols and Voyces. 1612.,IX. TENOR. Daintie fine Bird,Orlando Gibbons,Orlando Gibbons,classical,NA,publicdomain,0.0,0,0,3,1,1,0,1,111,111.0,True,3.046643166625419,0.8918918918918919,0.9519927536231884
QmYsaBLJ9bdNWNtzZfzAqx6kdz9Xwb5WyVULQK52EEL2Po,Orlando Gibbons - XII. Now each flowry bancke of May,TENORFrom The First Set of Madrigals and Mottets of 5.Parts:apt for Viols and Voyces. 1612.,XII. Now each flowry bancke of May,Orlando Gibbons,Orlando Gibbons 1583-1625,classical,NA,publicdomain,0.0,0,0,3,1,1,0,1,207,207.0,True,2.924918441448464,0.9420289855072465,0.949074074074074
QmYRTs4R3ZE45zUDrsyYYBtaLZ6AdsbpZQHUSAq5phEkTj,Orlando Gibbons - XII. Now each flowry bancke of May,BASSUSFrom The First Set of Madrigals and Mottets of 5.Parts:apt for Viols and Voyces. 1612.,XII. Now each flowry bancke of May,Orlando Gibbons,Orlando Gibbons 1583-1625,classical,NA,publicdomain,0.0,0,0,3,1,1,0,1,125,125.0,True,2.8492701894211754,0.888,0.9710648148148148
QmatmgMnxU81SkmoPBvxQnPkpJivFG1n8uACMiYjJxtTXE,Orlando Gibbons - XII. Now each flowry bancke of May,CANTUSFrom The First Set of Madrigals and Mottets of 5.Parts:apt for Viols and Voyces. 1612.,XII. Now each flowry bancke of May,Orlando Gibbons,Orlando Gibbons 1583-1625,classical,NA,publicdomain,0.0,0,0,1,1,1,0,1,173,173.0,True,2.975788343958304,0.7861271676300579,0.9546296296296296
QmNVVcAsDernZ6CMmNasZc2RvSMqABuN8WbiJRkQRUk133,Orlando Gibbons - XII. Now each flowry bancke of May,ALTUSFrom The First Set of Madrigals and Mottets of 5.Parts:apt for Viols and Voyces. 1612.,XII. Now each flowry bancke of May,Orlando Gibbons,Orlando Gibbons 1583-1625,classical,NA,publicdomain,0.0,0,0,1,1,1,0,1,225,225.0,True,2.90204699984769,0.9555555555555556,0.9462962962962964
QmcNxYBjhktu5qTH7HAS6eY2VcWknW78aP6LGD4YtChurv,Orlando Gibbons - XIIII. What is our life?,ALTUS.From The First Set of Madrigals and Mottets of 5.Parts:apt for Viols and Voyces. 1612.,XIIII. What is our life?,Orlando Gibbons,Orlando Gibbons 1583-1625,classical,NA,publicdomain,0.0,0,0,6,1,1,0,1,253,253.0,True,2.951065192142624,0.9446640316205532,0.9603658536585366
QmZMszdS87yEDFeav8v5HS8ka8hy1QiYw6iLePFW25BtwX,Orlando Gibbons - XIIII. What is our life?,BASSUS.From The First Set of Madrigals and Mottets of 5.Parts:apt for Viols and Voyces. 1612.,XIIII. What is our life?,Orlando Gibbons,Orlando Gibbons 1583-1625,classical,NA,publicdomain,0.0,0,0,3,1,1,0,1,190,190.0,True,2.8677168473824466,0.8578947368421053,0.967818428184282
QmXoKAHhJu77xHhPiEAuARZy2DfuYapPUxGM6NhaC1gGL9,Orlando Gibbons - XIIII. What is our life?,TENOR.From The First Set of Madrigals and Mottets of 5.Parts:apt for Viols and Voyces. 1612.,XIIII. What is our life?,Orlando Gibbons,Orlando Gibbons 1583-1625,classical,NA,publicdomain,0.0,0,0,2,1,1,0,1,234,234.0,True,2.930894982676264,0.9145299145299144,0.9651084010840107
QmUSq3AvaeGVu3XLCJ1WEXsdZaK28wvhFdGWhh7Z3yukTX,Orlando Lassusio - 2r. Beatus vir,NA,2r. Beatus vir,Orlando Lassusio,Orlando Lassusio,classical,NA,publicdomain,0.0,0,0,7,1,1,0,1,125,125.0,True,2.663263553085313,0.856,0.9679232804232804
QmTqCQbymUjN5VfpnHH6sbDDqS9Joahg4Hmhjky9yFqRwC,Orlando Lassusio - 2r. Beatus vir,NA,2r. Beatus vir,Orlando Lassusio,Orlando Lassusio,classical,NA,publicdomain,0.0,0,0,3,1,1,0,1,110,110.0,True,2.752618478150437,0.9363636363636364,0.9675925925925926
QmcE3brp6kGzkGCvD9LU943dvAa5dMxMCVH6E1LWc2m7L8,Orlando Lassusio - 3v. Beatus homo,NA,3v. Beatus homo,Orlando Lassusio,Orlando Lassusio,classical,NA,publicdomain,0.0,0,0,2,1,1,0,1,127,127.0,True,2.817744257987581,0.8976377952755905,0.9689009661835748
QmWRV9xARBBophYLuehQS24ZoEkSEv21G4vsaVgwGpwLsV,Orlando Lassusio - 3v. Beatus homo,NA,3v. Beatus homo,Orlando Lassusio,Orlando Lassusio,classical,NA,publicdomain,0.0,0,0,2,1,1,0,1,118,118.0,True,2.846673357207468,0.940677966101695,0.9679951690821256
QmZWCoMfPgemjtenv4qeXaUcyjb4mHDxKZDppNmFEwLjzp,Orlando Lassusio - 4r. Oculus non vidit,NA,4r. Oculus non vidit,Orlando Lassusio,Orlando Lassusio,classical,NA,publicdomain,0.0,0,0,5,1,1,0,1,117,117.0,True,2.7448938644169254,0.9829059829059827,0.9631147540983608
QmZV8qWTvTQZTbf5TadEtr4pwaSDCUQ3MNY3H4e4tZvCPh,Orlando Lassusio - 4r. Oculus non vidit,NA,4r. Oculus non vidit,Orlando Lassusio,Orlando Lassusio,classical,NA,publicdomain,0.0,0,0,4,1,1,0,1,108,108.0,True,2.696186587115389,1.0,0.9655054644808744
QmW4KyuYAJtke3di4miUTrwwdEKPMuYhatiBGqr7CEE9Cn,Orlando Lassusio - 5r. Expectatio justorum laetitia,NA,5r. Expectatio justorum laetitia,Orlando Lassusio,Orlando Lassusio,classical,NA,publicdomain,0.0,0,0,1,1,1,0,1,121,121.0,True,2.715943829908114,1.0,0.9717948717948718
QmP5t1uaugzq5LqRAK4jhkoKB4KDcMjjzVA4Pa9aGnfTdT,Orlando Lassusio - 5v. Justus cor suum,NA,5v. Justus cor suum,Orlando Lassusio,Orlando Lassusio,classical,NA,publicdomain,0.0,0,0,3,1,1,0,1,131,131.0,True,2.6441756748028946,1.0,0.9625
QmS7gpV9XJ22YhYREfjsx8ZYGa2Krbu1HmetN4zzQsjuXG,Orlando Lassusio - 5v. Justus cor suum,NA,5v. Justus cor suum,Orlando Lassusio,Orlando Lassusio,classical,NA,publicdomain,0.0,0,0,2,1,1,0,1,111,111.0,True,2.849390949263519,0.981981981981982,0.966025641025641
QmVz2YU4imUmG8c737xyHyDmPfuLWBkX3fe9kQgbJGCtMm,Orlando Lassusio - 6r. Justi tulerunt spolia impiorum,NA,6r. Justi tulerunt spolia impiorum,Orlando Lassusio,Orlando Lassusio,classical,NA,publicdomain,0.0,0,0,1,1,1,0,1,110,110.0,True,2.795933981386071,0.990909090909091,0.9670398009950248
QmfQf9oFkv6QcMrUkrnaDuF3WKhLpVe295Wk6za7Sh1KgK,Orlando Lassusio - 6v. Qui sequitur me,NA,6v. Qui sequitur me,Orlando Lassusio,Orlando Lassusio,classical,NA,publicdomain,0.0,0,0,7,1,1,0,1,127,127.0,True,2.8620824906682776,0.905511811023622,0.9642857142857144
Qmc21VuBB2L2rWYkfqceSSumdhQ18x36aHWa9yCKbjhBht,Orlando Lassusio - 7r. Qui vult venire post me,NA,Qui vult venire post me,Orlando di Lasso,Orlando Lassusio,classical,NA,publicdomain,0.0,0,0,5,1,1,0,1,125,125.0,True,2.899462124692993,0.944,0.959189497716895
Qma3TgeqdBNysxdosrNSaHVnLixn5qoF7x2SHnnGoehScE,Orlando Lassusio - 7v. Sancti mei,NA,7v. Sancti mei,Orlando Lassusio,Orlando Lassusio,classical,NA,publicdomain,0.0,0,0,3,1,1,0,1,132,132.0,True,3.0989694920720368,0.8863636363636364,0.9688967136150236
QmYTSAP9GTptAkQ9aWSLysv1uzyMDSy4r2qgGGNKEYXeHP,Orlando Lassusio - 8r. Fulgebunt justi sicut lilium,NA,8r. Fulgebunt justi sicut lilium,Orlando Lassusio,Orlando Lassusio,classical,NA,publicdomain,0.0,0,0,6,1,1,0,1,144,144.0,True,2.761012972949271,1.0,0.9559859154929576
QmaMbjeh55zdf6AK1JUEG5RzJ9yZrQzKo7pV8DH3JP4fdH,Orlando Lassusio - 8v. Serve bone,NA,8v. Serve bone,Orlando Lassusio,Orlando Lassusio,classical,NA,publicdomain,0.0,0,0,3,1,1,0,1,123,123.0,True,2.7342629709929778,1.0,0.9664855072463768
QmdpTs4FF1WGTkCKXbKECk1zuESiA73GVKccZoSELZ6xSm,Orlando Lassusio - Fantasia 25.,Bassus.,Fantasia 25.,Orlando Lassusio,Orlando Lassusio.,classical,NA,publicdomain,0.0,0,0,1,1,1,0,1,237,237.0,False,2.9753335926612614,0.8354430379746836,0.972993827160494
QmevjH2sg83wuTPmsKEi3gs4Rtmi1S8g5A4m8PDrRF4xb9,Orlando Lassusio - Fantasia 26.,Tenor.,Fantasia 26.,Orlando Lassusio,Orlando Lassusio.,classical,NA,publicdomain,0.0,0,0,2,1,1,0,1,262,262.0,False,2.7902564226847777,0.9961832061068704,0.9725441501103752
QmUcxi9QQya6Jn5MdEYqa3nnopchkmH7aifiXWrEBWVebc,Orlando Lassusio - Fantasia Prima.,Tenor.,Fantasia Prima.,Orlando Lassusio,Orlando Lassusio.,classical,NA,publicdomain,0.0,0,0,1,1,1,0,1,204,204.0,False,2.6231518973261965,1.0,0.970352564102564
Qmd4Nxk3ZSvtk1fAnmiwwDBhASwzEFBpjku4qLj9UM6DRE,Orlando Lassusio - Fantasia Quarta.,Tenor.,Fantasia Quarta.,Orlando Lassusio,Orlando Lassusio.,classical,NA,publicdomain,0.0,0,0,2,1,1,0,1,230,230.0,False,2.999853315331946,0.8913043478260869,0.9569444444444444
QmcSn51xcLQgAr9uBrJ68NHcC8CL1z4CzqkmaqV7vdSAuT,Orlando Lassusio - Fantasia Sexta.,Superius.,Fantasia Sexta.,Orlando Lassusio,Orlando Lassusio.,classical,NA,publicdomain,0.0,0,0,3,1,1,0,1,241,241.0,False,2.895073584358246,0.966804979253112,0.9705788804071248
QmdaKH6asRFfbEtTia75VRBbSLkS5DoAhWQNPdLUXjnK54,Orleans Baffled,NA,Orleans Baffled,Misc tunes,NA,NA,NA,publicdomain,0.0,0,0,10,1,1,0,12,74,6.166666666666667,False,2.9328230376929616,0.9594594594594594,0.9189814814814816
QmRTtGm1NmvTiKoqL4ddyhGJw3ZQTNBYqg1RMyYdvNNEXq,Orleans Baffled,NA,Orleans Baffled,Misc tunes,NA,NA,NA,publicdomain,0.0,0,0,1,1,1,0,24,144,6.0,False,2.910150801797508,0.9583333333333334,0.9733796296296297
QmWXVqRrWKiv4AXQb9XyJ4WicmWnkTGqyb4drSeitKRY8z,Orleans Baffled. PFD2.113,NA,Orleans Baffled. PFD2.113,Misc tunes,NA,NA,NA,publicdomain,0.0,0,0,4,1,1,0,12,72,6.0,False,2.9306581053078347,0.9583333333333334,0.9722222222222222
QmQnTWnbNMPy7CjKjoNHwFgVHDTqn4qpe1D4HNAuxDWFda,Orleans Baffled. WCD3/6.110,NA,Orleans Baffled. WCD3/6.110,Misc tunes,NA,NA,NA,publicdomain,0.0,0,0,1,1,1,0,16,96,6.0,False,2.914023081477832,0.96875,0.9719202898550724
QmSh4pD9UCoGnoUrP6tkp1PtzDy4VU9FQhe7krs2bVFNTX,Orley Benson's 2nd Figure 1st Set,NA,Orley Benson's 2nd Figure 1st Set,Misc tunes,NA,NA,NA,publicdomain,0.0,0,0,4,1,1,0,33,102,3.090909090909091,False,2.676011917301782,1.0,0.9296875
QmQ5h76Msv69iv1XH1J4cj978YYphEN9tt6DpgcJYGqP9L,Orly Triumphant,NA,Orly Triumphant,Misc tunes,Bergerette: Sans Roch by Susato,NA,NA,publicdomain,0.0,0,0,2,1,1,0,16,99,6.1875,False,2.439970527935001,0.98989898989899,0.9210069444444444
QmT1tLoKs4v9U6EgajS9QLtLi4AumtdiWRqo8eMmi2Zpm3,Ormen lange,NA,NA,NA,NA,NA,NA,publicdomain,0.0,0,1,98,0,3,1-1-1,33,313,9.484848484848484,True,2.6101102533775937,1.0,0.9205729166666666
QmPe8eW3dBTmEd5NupSgufwFKhve5NsAQ8vzfeJgmBx91N,Oro Thou Fair Loved One,NA,Oro Thou Fair Loved One,Misc tunes,NA,NA,NA,publicdomain,0.0,0,0,3,1,1,0,6,33,5.5,False,2.3581758492343874,1.0,0.9114583333333334
QmSPVqNEccRcroACFW1toRo5M1DUPUzK6qbUgcZ4YNaZ2M,Orphan The / Greasy Coat,The Orphan,Orphan The / Greasy Coat,Misc tunes,NA,NA,NA,publicdomain,0.0,0,2,6,1,1,0,32,162,5.0625,False,2.292262587141665,1.0,0.9519927536231884
QmYMJb4j9X815vLQP6GAjiG3yUe92R1HQfZKtrAVbVb28T,Orpheus Caledonius - The Yellow-Haired Laddie,NA,The Yellow-Haired Laddie,Orpheus Caledonius,Orpheus Caledonius 1725,classical,NA,publicdomain,0.0,0,0,28,1,1,0,34,144,4.235294117647059,False,2.6975883208074944,1.0,0.9253472222222222
QmUFTT3KYGUYaeZkrMTeJqVx2zH4JCPZGU3RXZMe97tDfK,Orpheus Caledonius - The Yellow-Haired Laddie,NA,The Yellow-Haired Laddie,Orpheus Caledonius,Orpheus Caledonius 1725,classical,NA,publicdomain,0.0,0,0,15,0,2,0-0,34,344,10.117647058823527,False,2.750479434400087,1.0,0.9427083333333334
QmNWyd8FveAu5t7xBBoUR8RNJnxrcA5yFnBNs1snawGUxT,Orsapolska in Am efter Jonny Soling,I like horses very much,Orsapolska in Am efter Jonny Soling,Misc tunes,NA,NA,NA,publicdomain,0.0,0,0,2,1,1,0,24,132,5.5,False,2.975154903309647,0.8787878787878788,0.8587962962962963
QmeWWZnSzUbKmVzs7PNZsd5rJxNbUoie94znpz7JpeK5tF,Országúton hosszú a jegenyesor,NA,NA,NA,NA,NA,NA,publicdomain,0.0,0,3,136,0,1,0,32,82,2.5625,True,2.75582819775185,0.9390243902439024,0.9296875
QmaxBBT76WLuv9ZAp6oGEFZirabHEUmzTeofANmAUxzfQ2,Országúton masírozok,NA,NA,NA,NA,NA,NA,cc-zero,0.0,0,0,31,1,1,0,8,32,4.0,True,2.55765694004934,1.0,0.9642857142857144
QmRSfZFvGuGLJVrPUDS3PM5KrQVe2SsVjakVrGBDoU9GRs,Orys Creole Trombone,NA,NA,NA,Edward Kid Ory - 1921,NA,copyrightfreeoldjazz-creolejazz,cc-zero,0.0,0,2,519,0,1,0,122,337,2.762295081967213,False,2.892944205854872,0.9584569732937686,0.9447314049586776
QmWnHayav6rYcXjCrVAZSK4iTNFY67Ch7wKsYe55J3JmPJ,Os justi meditabitur,NA,Os justi meditabitur,Anonymous,NA,classical,NA,publicdomain,0.0,0,0,20,0,5,0-0-0-0-0,86,507,5.895348837209302,False,2.853626794622436,0.961456102783726,0.9753989361702128
QmRda9beXJWoA2QPswqDyHkmHMZGTf3KcKYZ4XSrvHc4B8,Osanna all'Altissimo,NA,Osanna all'Altissimo,Italy Christian song,NA,classical,NA,cc-zero,4.83,3,0,159,1,1,0,20,73,3.65,True,2.4342859470601965,1.0,0.91875
QmPfAFkVD1xRnv8ZT4MDEiDYJB3HuAc4m4oPWapZ1vaxpt,Osburn Place Assembly,NA,Osburn Place Assembly,Misc tunes,NA,NA,NA,publicdomain,0.0,0,0,2,1,1,0,34,156,4.588235294117647,False,2.7382559539989884,0.9743589743589745,0.935
Qmb4BK4rmwujPegT2L1RzYG5b1z44rx1q7rAjifndL8aWy,Oscar and Malvina (set for the pipes),NA,Oscar and Malvina (set for the pipes),Misc tunes,NA,NA,NA,publicdomain,0.0,0,0,2,1,1,0,252,1945,7.718253968253968,False,2.733459041217748,0.9758354755784062,0.9270418326693228
QmRiCRihDUgogdJrt8kCpdFFCv25hoW6QkEU1ivno68nt3,Oscar Peterson - A Little Jazz Exercise (Jesus Molina),NA,A Little Jazz Exercise,Oscar Peterson,Oscar Peterson,jazz,jazz-piano-music-hard-bebop-oscar-peterson-fusion,cc-zero,4.83,156,249,6140,2,1,0,49,1140,23.26530612244898,False,3.386334344429621,0.7903508771929825,0.91125
QmSAa5Gis6xA67BCvs2HZ2xkREfM2kwtSmGBw6yakuu8nA,OSCAR'S GHOST,NA,OSCAR'S GHOST,Misc tunes,NA,NA,NA,publicdomain,0.0,0,0,1,1,1,0,18,88,4.888888888888889,True,2.5821796811601474,1.0,0.8784722222222222
QmbZk3CCfer51zJXAxseBk3gmPNCUKp6s27qoLRgZ8mr1P,Oscurita di Xehanort - Kingdom Hearts III - Piano Tutorial,NA,Untitled Piece from Kingdom Hearts III (Oscurita di Xehanort),Yoko Shimomura,NA,NA,kh-kingdomhearts-xehanort,cc-zero,4.78,11,34,1279,0,2,0-0,81,2618,32.32098765432099,False,3.339252411240765,0.7373853211009175,0.8517811704834606
QmV1ARweiAC8GpYAWaWvrYu7M5QUMGYYiEMGdkxJ85ZNwS,OSN - Without You (Piano),NA,Without You,OSN,Composer,NA,NA,cc-zero,4.88,6,18,997,0,4,0-0-0-0,57,2493,43.73684210526316,False,2.8420320203823426,0.940562248995984,0.95906432748538
QmSbJpsJaSWaMoT1PNza4pHx9nJqbwTxUwVEACVyrfCyrD,Ossian's Lament (air) 0132,NA,Ossian's Lament,Misc tunes,Unattributedmoderate,NA,NA,publicdomain,0.0,0,0,6,1,1,0,18,70,3.888888888888889,False,2.26973405594498,1.0,0.8975694444444444
QmR8i2JcRAXUMG9LFaANv45zhn8a8dwZ2sqjrcthQQz5Kn,Ossian's Lament For His Father,NA,Ossian's Lament,Misc tunes,NA,NA,NA,publicdomain,0.0,0,0,3,1,1,0,36,158,4.388888888888889,False,2.3292866727761847,1.0,0.8949652777777778
QmQcRgyzvvAP8Dv5Hvo4mu2xVkxbDK4PwEAkwQDW8EsMTu,OSTEND (Mason) - Lowell Mason,NA,OSTEND (Mason),Lowell Mason,NA,classical,NA,publicdomain,0.0,0,0,1,1,1,0,17,223,13.117647058823527,False,2.482772430622523,1.0,0.9713541666666666
QmP2VMF1BhmygS5k6KESuo5diVKPoVgsKPVMnBsDZV9FAb,Ostindiens velkomst,Welcome to East India,Ostindiens velkomst,Misc tunes,NA,NA,NA,publicdomain,0.0,0,0,8,0,2,0-0,50,403,8.06,False,2.742247017081702,0.9948717948717948,0.917572463768116
QmX1jxSU7mhHMrfC21dxAj2RzP4YNEJLBnRBtzpo2QcbSH,Ostrich Walk,NA,NA,NA,Original Dixieland Jazz Band - 1918,NA,copyrightfreeoldjazz-creolejazz,cc-zero,0.0,0,2,490,0,1,0,97,505,5.206185567010309,False,3.052730595846392,0.8613861386138614,0.9368489583333334
QmXySiocWLnms2unP6ZbJYUJTh97XebHSVqr9gX429XeK3,Oswald - I'll Mak' Ye Fain to Follow Me,NA,I'll Mak' Ye Fain to Follow Me,Oswald,Oswald 1756,classical,NA,publicdomain,0.0,0,0,4,1,1,0,36,180,5.0,False,2.564436531205818,1.0,0.9626736111111112
QmXEL1nSFx7KkCp2ZrFGxCEKQTqERTghwpeVeHqvvPcJrb,Oswalds Farewell,NA,Oswalds Farewell,Misc tunes,NA,NA,NA,publicdomain,0.0,0,0,3,1,1,0,96,557,5.802083333333333,False,2.871463491221601,0.9694793536804308,0.937015503875969
QmXFvH42CMVkew8eazWVc7KUAxY8u6axKckLCkZXf9qEy3,Oswestry Wake. PFD2.314,Room for beautiesaka. PFD2.314,Oswestry Wake. PFD2.314,Misc tunes,NA,NA,NA,publicdomain,0.0,0,0,1,1,1,0,63,270,4.285714285714286,False,2.7337413160045982,1.0,0.9657738095238096
QmdkerAbJryBQN8yfLfUwcSqKkZQa83rh9QC2pNk4M1M74,Other folks may not approve me - C. Austin Miles,NA,Other folks may not approve me,C. Austin Miles,NA,classical,NA,publicdomain,0.0,0,0,6,1,1,0,26,425,16.346153846153847,True,2.616433156750818,0.9741176470588236,0.9444444444444444
QmcWnK9dSsWaftKaY7p7ZKcDpTgPdKRCnYfBiFuRGRhDKm,Others may choose this vain world if they will (Morris) - Mrs. C. H. Morris,NA,Others may choose this vain world if they will (Morris),Mrs. C. H. Morris,Mrs. C. H. Morris,classical,NA,publicdomain,0.0,0,0,6,1,1,0,16,264,16.5,True,2.7958919015377064,0.9615384615384616,0.9166666666666666
QmXrgg74r6QVLZhX2ugaeuxPL2WDZN5RQpeozLb4kzVjbg,Oto dziÅ dzieÅ krwi i chwaÅy,NA,NA,NA,NA,NA,polskamuzykaw-polonica-pienipatriotyczne-muzykawokalna-piewniki-wroclawuniversitylibrary-publicdomain-digitallibrary-polish,cc-zero,0.0,0,1,99,1,1,0,27,109,4.037037037037037,True,2.826878796602431,0.9724770642201837,0.9266666666666666
QmeaqbVE2E3dht6B91X6gH7f1fAx6UiokFeUZyt3cSRLdk,Otsveli Hrizantemy,Chrysanthemums Were Blooming,Otsveli Hrizantemy,Misc tunes,NA,NA,NA,publicdomain,0.0,0,0,9,1,1,0,224,472,2.107142857142857,False,3.265225523175709,0.809322033898305,0.952961215932914
QmXdJiCgSeKymW4uy2gdhoGsYe9PF7H4qh9irrFjdSZLSm,Ott ahol már nem szól,NA,NA,NA,NA,NA,NA,publicdomain,0.0,0,1,79,1,1,0,8,44,5.5,True,2.351953074246376,1.0,0.96875
QmPxHrNiQEtUzXyRZBWBAF3NJtfvRDhwZxA5svX2WdPT7m,Ottawa - Dean E. P. Crawford,NA,Ottawa,Dean E. P. Crawford,E. P. Crawford,classical,NA,publicdomain,0.0,0,0,7,1,1,0,18,216,12.0,False,2.8327523038390496,0.961352657004831,0.9791666666666666
QmPw2xuctNX7V9c21yKgWU3hn1cea6BKi17zJVfNoZHRDv,Ottman,NA,Ottman,sunematheus,NA,NA,NA,cc-zero,0.0,0,0,10,1,1,0,48,75,1.5625,False,3.126604770298003,0.6666666666666666,0.9114583333333334
Qmd2p16iW7qxvuZYLeFoDNiWwrQFz8ypqXky5R6iJ9XNCW,Otto Hultner - Min Tös,NA,Min Tös,Otto Hultner,Otto Hultner (1872-1930),classical,NA,publicdomain,0.0,0,0,27,1,1,0,44,261,5.931818181818182,False,2.765261018460061,0.9846743295019156,0.9507575757575758
QmXDTeHQDNRFdq7mTo9cBPfta6zsJ7Rxwriy8z75t1iRNV,Ou sont donc ces amants,NA,Ou sont donc ces amants,Misc tunes,NA,NA,NA,publicdomain,0.0,0,0,2,1,1,0,32,110,3.4375,False,2.2104375507596448,1.0,0.8880208333333334
QmXY3zQx2nhVN2HsMwKvyd2uYLbLqeK2SCL1136RZkQT7h,OUAT Riff-Off,NA,NA,NA,arr. Nicole Rivera,NA,NA,cc-zero,0.0,0,4,113,0,5,0-0-0-0-0,63,1171,18.58730158730159,True,3.1592977176182955,0.8459958932238193,0.9375
QmSkwqXb63yynCBhkwMKcnJwDqqCssBB5QMmH7wMyVtAXo,Ouir the Dek Davie,Over the Dyke Davie,Ouir the Dek Davie,Misc tunes,NA,NA,NA,publicdomain,0.0,0,0,1,1,1,0,16,69,4.3125,False,2.3553166848779736,0.9565217391304348,0.9455128205128204
QmX5MgCdSBvuwNNNZCEMkdkhuRQ4hkvQ8M3LrXbynBdKdx,Ould Ebony. JaW.253,Old Ebony. JaW.253,Ould Ebony. JaW.253,Misc tunes,NA,NA,NA,publicdomain,0.0,0,0,4,1,1,0,18,81,4.5,False,2.658212183762648,1.0,0.8984375
QmfNxn4YvdwknxuMB6CcUtJkoURtZX2Cgsmx26TWRAPSGt,Our Ain Fireside Arr. Bill Boxall,NA,Our Ain Fireside Arr. Bill Boxall,Misc tunes,F. Scott Skinner,NA,NA,publicdomain,0.0,0,0,8,1,1,0,34,314,9.235294117647058,False,2.6212693482058778,1.0,0.8211805555555556
QmZxr3RFXUo7ZxVcUdhruzJUXS2YymoaiciNFDAZhync3m,Our blessed Lord is just the same - J. Howard Entwisle,NA,Our blessed Lord is just the same,J. Howard Entwisle,NA,classical,NA,publicdomain,0.0,0,0,2,1,1,0,20,238,11.9,False,2.614913151742489,0.9915966386554622,0.9184027777777778
QmVpYUTd26eEih4tvZwdpRLf7H9tv5YZCuPTfUVzDr9bC7,Our boat is on a stormy sea - W. H. Doane,NA,Our boat is on a stormy sea,W. H. Doane,NA,classical,NA,publicdomain,0.0,0,0,6,1,1,0,18,235,13.055555555555555,False,2.510143677937044,0.9914893617021276,0.9392361111111112
Qmc2pXN2BhEMyUoiAXZd5wFYKsHdjjfs3sVSLJwtqH2dAF,Our Captain Calls Version 1 of 2,NA,Our Captain Calls Version 1 of 2,Misc tunes,Mrs Cranstone (p.4) Billingshurst VII. 07Transcribed by Simon Furey and Lewis Jones,NA,NA,publicdomain,0.0,0,0,11,1,1,0,27,112,4.148148148148148,False,2.6809759955831267,1.0,0.9553571428571428
QmdFNKLUgiHSGGt7MUvvrYwTQXwE6nqBfVP2udep6JYFPP,Our Captain Calls Version 1 of 2,NA,Our Captain Calls Version 1 of 2,Misc tunes,Sung by Mrs Cranstone Billingshurst VII. 07Transcribed by Simon Furey and Lewis Jones,NA,NA,publicdomain,0.0,0,0,3,1,1,0,17,55,3.235294117647059,False,2.570176119342876,1.0,0.966346153846154
QmT26nGbiHa299aq3W12jd5grUc4AJGLgvyvzznFwrFPqL,Our Cat Has Kitted,NA,Our Cat Has Kitted,Misc tunes,NA,NA,NA,publicdomain,0.0,0,0,3,1,1,0,16,92,5.75,False,2.6134035792497223,1.0,0.9895833333333334
QmYDopkax9wNfT7GNn5QBcrS4qAwpbC2JWttfyFzsj7xJN,Our children gracious Lord and God - John Swertner,NA,Our children gracious Lord and God,John Swertner,NA,classical,NA,publicdomain,0.0,0,0,1,1,1,0,18,281,15.61111111111111,False,2.58180634959248,0.99644128113879,0.9681372549019608
QmQkNFf1Bkir4mzXe4nMEJxs3YW4KAg9QcATXBuwTFtXU5,Our Christmas tree is decked once more - H. R. Palmer,NA,Our Christmas tree is decked once more,H. R. Palmer,NA,classical,NA,publicdomain,0.0,0,0,4,1,1,0,18,251,13.944444444444445,False,2.481525201974173,0.968,0.9600694444444444
QmYw3pDECLVbAm8MMwNaSpDoWLxnzyYUPxvq8R5pjpMNi6,Our country for Jesus - J. J. Jelley,NA,Our country for Jesus,J. J. Jelley,NA,classical,NA,publicdomain,0.0,0,0,2,1,1,0,26,259,9.961538461538462,False,2.726844582837339,0.9691119691119692,0.9710648148148148
QmcbkrzKdChreWJ3bBRoVdPgGFwKW53YC7RGvDYxcQuEaz,Our country so dear to the hearts of thy children - M. Pauline Gilmour,NA,Our country so dear to the hearts of thy children,M. Pauline Gilmour,NA,classical,NA,publicdomain,0.0,0,0,2,2,1,0,25,420,16.8,False,3.178144381155904,0.8861985472154964,0.9583333333333334
QmXuRcuDERU9gCUjcDvrEeab2hfgVGd231gFbCJfpP5dtL,Our country's flag so proudly waves - I. H. Meredith,NA,Our country's flag so proudly waves,I. H. Meredith,NA,classical,NA,publicdomain,0.0,0,0,2,2,1,0,34,516,15.176470588235292,False,2.8896035925718766,0.9651162790697676,0.9678030303030304
QmQ86QqKkRAjJ3a9WySbyQJ7A1TBv6WWZbt9gZ187LEviN,Our countrys voice is pleading - Charles H. Richards,NA,Our countrys voice is pleading,Charles H. Richards,NA,classical,NA,publicdomain,0.0,0,0,6,1,1,0,18,217,12.055555555555555,False,2.9455933774158467,0.9585253456221198,0.9739583333333334
QmPuYyPnutQzfvaka4DhE53MdifqzJcJaWyFpQokzbePnQ,Our day of praise is done - T. R. H. Sturges,NA,Our day of praise is done,T. R. H. Sturges,NA,classical,NA,publicdomain,0.0,0,0,5,1,1,0,10,108,10.8,False,2.713266331353504,0.9907407407407408,0.9754901960784312
QmUL1p1R8gcP8TU87kBRnS1BmfSqzxEtrX5s6zu96qm2xJ,OUR FATHER (Warner) - M. M. Warner,NA,OUR FATHER (Warner),M. M. Warner,NA,classical,NA,publicdomain,0.0,0,0,9,1,1,0,26,375,14.423076923076923,False,3.105544316198253,0.8933333333333333,0.9433333333333334
QmTsQ5XM9YADxfuuEgNJTbd8eTxuqXcT59LbVm1VD5SDRp,Our Father God Who Art in Heaven - Adoniram Judson,NA,Our Father God Who Art in Heaven,Adoniram Judson,NA,classical,NA,publicdomain,4.83,3,0,159,1,1,0,8,139,17.375,True,2.6156549751342983,0.9928057553956836,0.9226190476190476
QmVE6itU5uhrk6g8Z5R1CPbmGYjJjZtwVb2FAAVmWVryfx,Our Father in heaven we hallow thy name (Sherwin) - Wm. F. Sherwin,NA,Our Father in heaven we hallow thy name (Sherwin),Wm. F. Sherwin,NA,classical,NA,publicdomain,0.0,0,0,11,1,1,0,18,172,9.555555555555555,False,2.5082561815638225,1.0,0.9809027777777778
QmSuHJmnEPhTyPyGFcyaVpXTrxj1GHuMFdoFwbftL37xxP,Our Father thro' the coming year - G. F. R.,NA,Our Father thro' the coming year,G. F. R.,NA,classical,NA,publicdomain,0.0,0,0,5,1,1,0,18,241,13.38888888888889,False,2.465633005050149,1.0,0.9010416666666666
QmV4aeiMzV6c1nWn9EBn8XimCBgQjuhrgZUvefffyRyAtx,Our Father which art in heav'n - Richard Langdon 1735-1803,NA,Our Father which art in heav'n,Richard Langdon 1735-1803,NA,classical,NA,publicdomain,0.0,0,0,8,1,1,0,42,380,9.047619047619047,False,2.7141034765817054,0.9894736842105264,0.966765873015873
Qmc9QjmR9HarBYCrDaVqnsXkviSBDTCV2Qqb9ZckTrQCz2,Our Father who from heav'n above Bidst us to live in constant love - Martin Luther,NA,Our Father who from heav'n above Bidst us to live in constant love - Martin Luther,Martin Luther,NA,classical,NA,publicdomain,0.0,0,0,3,1,1,0,25,130,5.2,False,2.868944045015952,0.946153846153846,0.9765625
QmPqnV6yAddevdRLMwv5ynGLtmfKnKLmwbjyK25awUdJqs,Our Father who in heaven art - J. H. Fillmore,NA,Our Father who in heaven art - J. H. Fillmore,J. H. Fillmore,NA,classical,NA,publicdomain,0.0,0,0,49,1,1,0,12,113,9.416666666666666,False,2.795955580063648,0.9823008849557522,0.9753787878787878
QmSyN7ydj2XwLbwRXFxjaHkKXTvCSrZ7LJZsjHoTSq1X8T,Our fathers have purchased with tears and with blood - H. W. Fairbank,NA,Our fathers have purchased with tears and with blood,H. W. Fairbank,NA,classical,NA,publicdomain,0.0,0,0,3,2,1,0,18,341,18.944444444444443,False,2.918224930912644,0.93841642228739,0.94921875
QmQQaGq3AVuFqHdHHJuCiEbTNmNi24yxTXWm7snvVSQN1e,Our Flag - Lydia Speidel,NA,Our Flag,Lydia Speidel,NA,classical,NA,publicdomain,0.0,0,0,2,2,1,0,12,321,26.75,True,2.8060931108312146,0.9750778816199376,0.9166666666666666
Qmav42bLT3TLrT6Av7MExx9Zdh2Gf3QYi68V3Ma8MGhouu,Our God ascended up on high - John Arnold,PSALM XLVII Verse 5 6 7 8.,Our God ascended up on high,John Arnold,John Arnold,classical,NA,publicdomain,0.0,0,0,9,0,4,0-0-0-0,15,155,10.333333333333334,True,2.675909788266705,0.993421052631579,0.9613095238095238
QmS3iKpXhkxLHjNLFtyryVDkkTnW3yDoxaMdrB9UDu4fEi,Our happy hearts again unite - Geo. W. Stockton,NA,Our happy hearts again unite,Geo. W. Stockton,NA,classical,NA,publicdomain,0.0,0,0,5,1,1,0,18,210,11.666666666666666,False,2.2881053175674664,1.0,0.8463541666666666
QmciNrrqLVbvnFV3zmEJ9ZEhgfoJShXXvymtk4K5XZuA9o,Our happy Meeting. PFD2.273,NA,Our happy Meeting. PFD2.273,Misc tunes,NA,NA,NA,publicdomain,0.0,0,0,2,1,1,0,26,109,4.1923076923076925,False,2.6348371884458386,0.963302752293578,0.917824074074074
QmV6oH2Qn7ssa7S3Ge9ntkvbaGPo6y968bBF4svnPgi1jc,Our heavenly habitation - Wm. J. Kirkpatrick,NA,Our heavenly habitation,William J. Kirkpatrick,NA,classical,NA,publicdomain,0.0,0,0,6,2,1,0,26,348,13.384615384615383,False,2.5960868685521,0.9683908045977012,0.9513888888888888
QmXnUnHmggKD65AB4viz25vZNN3ed1ogNCLKoSdc2eGzfF,Our House,NA,our house,Madness,Madness,rock-pop-reggaeska,NA,cc-zero,4.45,8,16,999,1,1,0,142,345,2.4295774647887325,True,2.9394893366485104,0.744927536231884,0.91006600660066
QmVTw6Dgrccp89euEZq5y8SAhNFgsy4iMm3TyTsHACCAJx,Our Jesus says that he will come - Jno. R. Sweney,NA,Our Jesus says that he will come,John R. Sweney,NA,classical,NA,publicdomain,0.0,0,0,2,1,1,0,20,221,11.05,False,2.5658049311169115,0.990950226244344,0.9322916666666666
QmNv5uSFHcZfxzNoq3ZgSx84bZgxrCmw1rTKxSzfdTiF3n,Our Kindergarten Teacher,NA,NA,NA,NA,NA,NA,publicdomain,0.0,0,13,644,0,2,0-0,260,3243,12.473076923076922,False,3.288176982395741,0.8103392568659128,0.9649305555555556
QmU7rjd1qDfgZnFp7ML3a4VeiAAVr2Gvcurt9EibLbic2P,Our Lamb is slain the Paschal Lamb - H. L. Gilmour,NA,Our Lamb is slain the Paschal Lamb,H. L. Gilmour,NA,classical,NA,publicdomain,0.0,0,0,2,1,1,0,20,282,14.1,False,2.3477049587613195,0.9929078014184396,0.875
QmVkqvrMUeYbNsBbmNLHD71HQm4cFwEScbUmPKWTU9KxoQ,Our lives are not full of mighty deeds - A. T. Goodsell,NA,Our lives are not full of mighty deeds,A. T. Goodsell,NA,classical,NA,publicdomain,0.0,0,0,4,1,1,0,18,253,14.055555555555555,False,2.569071809807706,0.9879518072289156,0.9375
QmcEpB9xysefRGHRsbLQkstZvRebWZmz7mw3ehzBfLWQzJ,Our Lord and Saviour bids us shine - Jno. R. Sweney,NA,Our Lord and Saviour bids us shine,John R. Sweney,NA,classical,NA,publicdomain,0.0,0,0,8,1,1,0,17,394,23.176470588235293,False,2.733326395423312,0.9720812182741116,0.9178921568627452
QmSeaznWiEhsLWkoEedDRVxNoLc425sXovaX47ezc8sbAs,Our Lord his coming will delay - Adam Geibel,NA,Our Lord his coming will delay,Adam Geibel,NA,classical,NA,publicdomain,0.0,0,0,3,2,1,0,30,409,13.633333333333333,False,3.0082553989677443,0.9315403422982884,0.8799603174603174
QmQ9ZRZN2DXrCJj3xzX4VMCs17JPt9bnhzo6UamyLoRWQw,Our loving Heavenly Father - Jay H. Downs,NA,Our loving Heavenly Father,Jay H. Downs,NA,classical,NA,publicdomain,0.0,0,0,3,1,1,0,18,209,11.61111111111111,False,2.886854302956241,0.9521531100478468,0.9600694444444444
QmdK1ftncpMYkzXoEB5zJap9Ez3ob41FDM1HtADJoRWYD4,Our mission cry is onward - Carl F. Price,NA,Our mission cry is onward,Carl F. Price,NA,classical,NA,publicdomain,0.0,0,0,6,1,1,0,26,317,12.192307692307692,False,2.8598148785100377,0.9589905362776026,0.9635416666666666
QmPbE8py1rCSTPf5ZdaHXg8BNoXtAFJuaUrs1DjhTKmMYW,Our One Star,NA,Our One Star,alicianbauman,Ally Bauman,NA,NA,cc-zero,0.0,0,0,20,0,2,0-0,30,818,27.266666666666666,True,3.221772107323284,0.7938650306748466,0.9190340909090908
QmWQL9mUcYoFw2ArHnw117rQz9fGeZvVTjSaKcLzjvwFZG,Our Savior bids us come - J. H. Fillmore,NA,Our Savior bids us come,J. H. Fillmore,NA,classical,NA,publicdomain,0.0,0,0,1,1,1,0,17,227,13.352941176470589,False,2.5270941445440105,0.973568281938326,0.8975694444444444
QmPCyNN2mXBo47md4hEQ11vSV7HcdJY3chF9YbpYJt6RpU,Our Savior came down from his home in the sky - C. Harold Lowden,NA,Our Savior came down from his home in the sky,C. Harold Lowden,NA,classical,NA,publicdomain,0.0,0,0,3,1,1,0,17,286,16.823529411764707,False,2.6211244053988847,0.9755244755244756,0.8802083333333334
QmSLKvEtJiXb4jRVyxjv8r886vcuLacUr9ZjmnnzEkYSJE,Our Savior dear when He was here - A. J. Abbey,NA,Our Savior dear when He was here - A. J. Abbey,A. J. Abbey,NA,classical,NA,publicdomain,0.0,0,0,2,1,1,0,18,209,11.61111111111111,False,2.5245834505023064,0.9904306220095692,0.9427083333333334
QmVVE1kV9WVQcPePTKNStkibx9xbe4WjTet6RJur41qEjJ,Our Savior has gone to the mansions of light - J. W. Walton,NA,Our Savior has gone to the mansions of light,J. W. Walton,NA,classical,NA,publicdomain,0.0,0,0,4,1,1,0,17,168,9.882352941176473,False,2.7526041169452635,0.9761904761904762,0.953125
QmZVTvoB4cb8LVtVFPzVjLFmkLTQ4ZckEAe9EsUK7jEt47,Our Shepherd is the Savior true - G. W. Fields,NA,Our Shepherd is the Savior true - G. W. Fields,G. W. Fields,NA,classical,NA,publicdomain,0.0,0,0,1,1,1,0,18,253,14.055555555555555,False,2.49034793630111,1.0,0.8836805555555556
QmXGsv6Fn94315g6rCE6dfotz1PGUMAQnnobDa14NT5SfH,Our Shoes Are Made Of Leather (Children's Game),NA,Our Shoes Are Made Of Leather (Children's Game),Misc tunes,NA,NA,NA,publicdomain,0.0,0,0,3,1,1,0,15,52,3.466666666666667,True,2.2485734326692586,1.0,0.9407051282051282
QmVrN1qgDNU6Lsa5fWmJD4CjSQLZeVqoJ4eZFS4c5jubPg,Our sorrows all will be over when we get home - James M. Black,NA,Our sorrows all will be over when we get home,James M. Black,NA,classical,NA,publicdomain,0.0,0,0,2,1,1,0,26,324,12.461538461538462,False,2.6501953278723174,0.984567901234568,0.956081081081081
QmdtRzVTq79YyWw8hR1Q1bkcap2rN67JCp869dC5ZHhh9Q,Our way grows bright with a holy light - Adam Geibel,NA,Our way grows bright with a holy light,Adam Geibel,NA,classical,NA,publicdomain,0.0,0,0,3,2,1,0,26,411,15.807692307692308,False,2.877289589153551,0.9391727493917276,0.9166666666666666
QmY43Zxbh9LdjHxfx2iQ9vyBgPruQdUrQr7xsh9BXyrFzC,Our whole salvation doth depend - Paulus Speratus,NA,Our whole salvation doth depend,Paulus Speratus,NA,classical,NA,publicdomain,0.0,0,0,3,1,1,0,29,131,4.517241379310345,False,2.87295087649141,0.9618320610687024,0.9776785714285714
QmPDqmVJDBUz8hDowLVm1g7uU6fdr9g6TUkrg29ncvhUqY,Our wilful hearts have gone astray,NA,Our wilful hearts have gone astray,Misc Traditional,NA,folk,NA,publicdomain,0.0,0,0,5,1,1,0,12,150,12.5,False,2.455641278054769,1.0,0.9485294117647058
QmSeQEFBHAzPUK3fkfqpACE5TzPENMmr7a7AMuYFN4ySVx,Our willing service Lord to Thee - Hubert P. Main,NA,Our willing service Lord to Thee,Hubert P. Main,NA,classical,NA,publicdomain,0.0,0,0,8,1,1,0,20,217,10.85,False,2.711615051414008,0.976958525345622,0.9513888888888888
Qmd85PuiGmsoGj25mFKCqTnBfjRYxuiRhwQ4uUJuNNSSzn,OURGOOD- Our Goodman came hame at e'en. &c,NA,OURGOOD- Our Goodman came hame at e'en. &c,Misc tunes,NA,NA,NA,publicdomain,0.0,0,0,6,1,1,0,40,128,3.2,False,2.2098382046133893,1.0,0.90625
Qmd6MYhXKDbMBnhYW6cy9vPZvvdvEWcJL674Cg2sMMqMYv,Ours is a warfare against every evil - W. Stillman Martin,NA,Ours is a warfare against every evil,W. Stillman Martin,NA,classical,NA,publicdomain,0.0,0,0,3,1,1,0,16,309,19.3125,True,2.5866666655124484,0.9967637540453076,0.96875
QmebhJwHqbwwZRAW1hD11ixtuCRduCBbwNXotnGv6RFUab,Out among the reapers bearing sheaves away - W. Stillman Martin,NA,Out among the reapers bearing sheaves away,W. Stillman Martin,NA,classical,NA,publicdomain,0.0,0,0,5,1,1,0,32,352,11.0,True,2.9829132399033287,0.9517045454545454,0.9670138888888888
QmZrLPLumFX8Wi3Rd82BnBQHZcB5zAP1xyN1foHLCvLC5t,Out and out for Jesus - E. S. Lorenz,NA,Out and out for Jesus,E. S. Lorenz,NA,classical,NA,publicdomain,0.0,0,0,3,2,1,0,16,335,20.9375,True,2.944674594481333,0.946268656716418,0.953125
QmT9hwbbCqR9NM7MKeCdf85TjkFk6UesLmMcDXFPERmjzG,Out from the highways and byways of sin - Frank M. Davis,NA,Out from the highways and byways of sin - Frank M. Davis,Frank M. Davis,NA,classical,NA,publicdomain,0.0,0,0,2,1,1,0,16,242,15.125,True,2.4078423341609785,0.9958677685950412,0.9458333333333332
QmYnXKpdTphVbbuqKxnEWp27RH8QGY5EPYqLdh7QzaPRqN,Out in the conflict pressed by temptation - Melvin J. Hill,NA,Out in the conflict pressed by temptation,Melvin J. Hill,NA,classical,NA,publicdomain,0.0,0,0,2,2,1,0,24,383,15.958333333333334,True,2.596904137862001,0.984251968503937,0.9675925925925926
QmZx2BVmEzu5gEsLZkAv5pj6Y91C3DtDMvHheijEZKiaMi,Out in the conflict with Satan today (Morris) - Mrs. C. H. Morris,NA,Out in the conflict with Satan today (Morris),Mrs. C. H. Morris,Mrs. C. H. Morris,classical,NA,publicdomain,0.0,0,0,3,1,1,0,16,334,20.875,True,2.937743807310107,0.9396825396825396,0.9625
QmZyUgk4a8ergJBoWJXR8PrPxLojGPpLECGFhgmVf6J7op,Out in the darkness and gloom of night - Geo. C. Stebbins,NA,Out in the darkness and gloom of night,Geo. C. Stebbins,NA,classical,NA,publicdomain,0.0,0,0,5,1,1,0,28,394,14.071428571428571,True,2.7766559901180177,0.949238578680203,0.9664351851851852
QmQHzKzo7cFyQfmCjtSkYBZgSQWgsEnf5hrL7qvXjv7NSX,Out in the dew and cold He stands - Edward Husband,NA,Out in the dew and cold He stands,Edward Husband,NA,classical,NA,publicdomain,0.0,0,0,3,2,1,0,9,165,18.33333333333333,False,2.7289673703203388,0.987878787878788,0.921875
QmfA71C5yN2SA1mdJ3RgrFgYzheNsTe2DQx5ofirkEWhUW,Out in the field dear Master - T. B. Mosley,NA,Out in the field dear Master,T. B. Mosley,NA,classical,NA,publicdomain,0.0,0,0,8,1,1,0,32,410,12.8125,True,2.9410560051801347,0.951219512195122,0.9322916666666666
QmajjzJKXPcPxXeCexWsNQEgiEyyMejPAarQLT9thGRhXG,Out in the glow of the sunshine - Adam Geibel,NA,Out in the glow of the sunshine,Adam Geibel,NA,classical,NA,publicdomain,0.0,0,0,2,2,1,0,34,477,14.029411764705882,True,2.9401443888275822,0.939203354297694,0.9105902777777778
QmdBf4xcutYzLCj25VXoQEnFUMnEt5xmjvjeap7TtyyMif,Out in the highways wherever you go - T. E. Perkins,NA,Out in the highways wherever you go,T. E. Perkins,NA,classical,NA,publicdomain,0.0,0,0,5,1,1,0,24,246,10.25,True,2.7758374927027187,0.975609756097561,0.9409722222222222
QmW84EHKEu4VxScYMDtmbdVPCTV5AahuVKmvTdfgb3mW1W,Out in the market place idle ones - J. Howard Entwisle,NA,Out in the market place idle ones,J. Howard Entwisle,NA,classical,NA,publicdomain,0.0,0,0,5,2,1,0,16,274,17.125,True,2.675231915462681,0.9927007299270072,0.875
QmdQ4knB7eKy3j1QVY9mvu8WGXUnDGohDWReJTQ1xhnBy5,Out in the wide world out in its strife - Wm. J. Kirkpatrick,NA,Out in the wide world out in its strife - Wm. J. Kirkpatrick,William J. Kirkpatrick,NA,classical,NA,publicdomain,0.0,0,0,3,1,1,0,32,261,8.15625,True,2.62512320299473,0.9655172413793104,0.9496527777777778
Qmb1r5EVPM33hsjGK6MaE6fidZmyD2ytAsthCL6vfqjWqt,Out in the world where so many are sad - D. B. Towner,NA,Out in the world where so many are sad,D. B. Towner,NA,classical,NA,publicdomain,0.0,0,0,4,1,1,0,16,295,18.4375,True,2.448330930452576,1.0,0.8628472222222222
QmfAy8eDZgMCyytxy3SyVqpyT3pWeGnKwRETsRdxrAniM4,Out of darkness into light Jesus calls - J. J. Hood,NA,Out of darkness into light Jesus calls,J. J. Hood,NA,classical,NA,publicdomain,0.0,0,0,8,2,1,0,18,297,16.5,True,2.494677603052815,0.9966329966329966,0.9140625
QmeLdTt8FHav8vubLsDNFu4wece6wtg4STedwh2geReXZU,Out of my darkness into thy light (Gabriel) - Chas. H. Gabriel,NA,Out of my darkness into thy light (Gabriel),Chas. H. Gabriel,NA,classical,NA,publicdomain,0.0,0,0,5,2,1,0,24,410,17.083333333333332,True,2.5979213670583805,1.0,0.9473039215686274
QmfJZCubFmXD2k2bgVkoJFuaLVzC5vLJuCoPyyBPnNSyKV,Out of Nowhere,NA,Out Of Nowhere,Johnny Green,Green/Heyman,NA,NA,cc-zero,4.66,3,11,1609,1,1,0,40,125,3.125,False,3.1189072624687344,0.84,0.9066091954022988
QmWxSwdJx3bijxmn3wJcHxS7GrME8FWEniSuXNmD9rQqX4,Out of the darkness into the light - B. D. Ackley,NA,Out of the darkness into the light - B. D. Ackley,B. D. Ackley,NA,classical,NA,publicdomain,0.0,0,0,5,1,1,0,32,184,5.75,True,3.0449711554375,0.875,0.9635416666666666
QmQLPc4ELFq8QJc4xanndih2isyT7YvPA4ZMfZUuh5o3Kp,Out of the deep - John Alcock Sr.,Full Anthem for four Voices Psalm CXXX.,Out of the deep,John Alcock Sr.,John Alcock sr.(1715-1806),classical,NA,publicdomain,0.0,0,0,12,0,5,0-0-0-0-0,104,1168,11.23076923076923,True,3.1623978029439783,0.8994082840236687,0.980721393034826
QmRWgLBUJwAJFtqL9HBQY6RHXzXgw4dNrhfkUr8oSGXQ8z,Out of the depths poor wretched blind - B. D. Ackley,NA,Out of the depths poor wretched blind,B. D. Ackley,NA,classical,NA,publicdomain,0.0,0,0,2,1,1,0,16,244,15.25,True,2.730263591737842,0.971311475409836,0.9583333333333334
QmXBDEJnHbwUKxF8NGy3RvkrQdRLDuPaGnukRwGYwgxZQY,Out of the Ivory Palace he came - Fred H. Byshe,NA,Out of the Ivory Palace he came - Fred H. Byshe,Fred H. Byshe,NA,classical,NA,publicdomain,0.0,0,1,7,2,1,0,16,401,25.0625,True,2.8508478428187187,0.9526184538653366,0.9496527777777778
QmQtUWZbaPDvgkPbSbdu2Mh3ohYDFYaX8d64TD5oh9Uizh,Out of the reach of storm - G. W. Elderkin,NA,Out of the reach of storm,G. W. Elderkin,NA,classical,NA,publicdomain,0.0,0,0,3,1,1,0,16,201,12.5625,True,2.7584757162155125,0.9850746268656716,0.9097222222222222
QmZnoEjpmrB1w3GZKxKpkCyXqEr8EAkKz6Tadcb2HmHoMd,Out on a desert all barren and cold - J. H. Tenney,NA,Out on a desert all barren and cold,J. H. Tenney,NA,classical,NA,publicdomain,0.0,0,0,5,2,1,0,16,308,19.25,True,2.79856557903312,0.961038961038961,0.9348958333333334
QmeUvet2rvc7mMEd7mp53dTgMiwjwCUc2G2aS22DA3qd8w,Out on life's stormy ocean - Haldor Lillenas,NA,Out on life's stormy ocean,Haldor Lillenas,NA,classical,NA,publicdomain,0.0,0,0,18,2,1,0,48,701,14.604166666666666,True,2.9173349033194764,0.9429386590584878,0.9155701754385964
QmW519FypZjk9g8RGcEHzdPj2RbwLiLApfSbbj1NYskcG9,Out on the billow lured by the tempter - Ira D. Sankey,NA,Out on the billow lured by the tempter,Ira D. Sankey,NA,classical,NA,publicdomain,0.0,0,0,4,2,1,0,16,526,32.875,True,2.551545042346175,0.9942528735632185,0.7621527777777778
QmZQdhJftCPumZ78PNUvx2K1iy62Cu4iKBu8DNTc49UFjv,Out on the deep on a starless deep - Jno. R. Sweney,NA,Out on the deep on a starless deep,John R. Sweney,NA,classical,NA,publicdomain,0.0,0,0,4,1,1,0,16,268,16.75,True,2.502429528363024,1.0,0.9319444444444444
QmeqW6N2EsiimycjDi84zq3Z4MTZy8hE23SJVCtaMKbHij,Out on the highways - Chas. H. Gabriel,NA,Out on the highways,Chas. H. Gabriel,NA,classical,NA,publicdomain,0.0,0,0,3,2,1,0,32,469,14.65625,True,3.022984837969219,0.9147121535181236,0.94140625
QmcZo9AutYwuWHpW9BV1HMiN3F8tosTDPuLaCPEXC98Cb5,Out on the mountain sad and forsaken - Fanny J. Crosby,NA,Out on the mountain sad and forsaken,Fanny J. Crosby,NA,classical,NA,publicdomain,0.0,0,0,5,1,1,0,16,307,19.1875,True,2.502047091239947,0.986970684039088,0.8975694444444444
QmP6XsiYmZ6iQUdg1kpYDCGc6ZuYFDgTcXrMqAMwg5xfxK,Out on the mountains far away (Sewell) - Hampton H. Sewell,NA,Out on the mountains far away (Sewell),Hampton H. Sewell,Hamp Sewell,classical,NA,publicdomain,0.0,0,0,4,1,1,0,24,321,13.375,True,2.902588904193983,0.9373040752351096,0.9050925925925926
QmQAjma8DytKoDsmJe5kKWf3A6gKqTBaptshauoyj5X6K1,Out On the Ocean (j-73),NA,out on the ocean,Misc Traditional,NA,folk,NA,publicdomain,0.0,0,0,0,1,1,0,32,170,5.3125,False,2.467503036254848,1.0,0.9609375
QmPsJxoi9n3tRyuTV5x5a1jEszSyr3c4bBmCGbJBSyeWfd,Out on the ocean the mad billows toss - Adam Geibel,NA,Out on the ocean the mad billows toss,Adam Geibel,NA,classical,NA,publicdomain,0.0,0,0,3,1,1,0,16,260,16.25,True,2.895552397384372,0.953846153846154,0.9136904761904762
QmWvW3awvLqESyuqHTEpKW2u7JzwLr8CXVeWmVjaqH84td,Out on the Ocean.,NA,out on the ocean,Misc Traditional,F. O'Neill.,folk,NA,publicdomain,0.0,0,0,0,1,1,0,47,239,5.085106382978723,False,2.6706741416187447,1.0,0.9576612903225806
QmWtnFDNVyFxbp19ZFWJa8eF3reA4WpMdZqXZ4ujy37ZFX,Out upon lifes ocean many souls adrift - Haldor Lillenas,NA,Out upon lifes ocean many souls adrift,Haldor Lillenas,NA,classical,NA,publicdomain,0.0,0,0,6,2,1,0,17,381,22.41176470588235,True,2.8853203129656304,0.9396325459317584,0.9192708333333334
QmXtopTp9P1FG423EUWbXLAF2rWmtBcegAa7CHwX4HDyiK,Out With The Boys (1st Setting) (jig) 0760,NA,Out With The Boys,Misc tunes,after Sgt. J. ONeill,NA,NA,publicdomain,0.0,0,0,6,1,1,0,29,127,4.379310344827586,False,2.606488897888922,1.0,0.9498456790123456
Qmb6LQLHkvHTjcd9mNcV3tp6QRtQ5B29M5XhbjUqgH84fj,Out With the Boys (2nd Setting) (jig) 0761,NA,Out With The Boys,Misc tunes,after Chief F. O'Neill,NA,NA,publicdomain,0.0,0,0,3,1,1,0,56,278,4.964285714285714,False,2.7094258569891205,0.9712230215827338,0.9541666666666668
QmUXCwxgMhTEhzkGy9R2tFjpTXxhmv96PeENPZ9XiDWaCc,Out. JaW.330,?aka. JaW.330,Out. JaW.330,Misc tunes,NA,NA,NA,publicdomain,0.0,0,0,1,1,1,0,36,180,5.0,False,2.479489726731119,1.0,0.9739583333333334
QmS4WFMnMYRGT22zRtZLxSy1aBGrh1SjWqs1jr4RLmAFU6,Outer Wilds - Credits Theme,NA,Outer Wilds - 14.3 Billion Years,Andrew Phrallow,Andrew Prahlow,NA,NA,cc-zero,4.58,26,87,3262,2,1,0,138,1450,10.507246376811594,False,2.3682630042129458,0.9632963988919668,0.9888698630136986
QmQNDrV1TK6PLdi6DVAAYGA8RbsLcdcRR4pdoBK7bnez4v,Outlandish Knight - Masters,NA,Outlandish Knight - Masters,Misc tunes,Taken down from J. Masters May 1891 by H.Fl.S.,NA,NA,publicdomain,0.0,0,0,1,1,1,0,18,78,4.333333333333333,False,3.05777870353244,0.8589743589743589,0.95
QmXXRHThQa7ooYjVY5md8LPjreP19iha6ZsbDKN2nJeo9v,Outlandish Knight - Parsons,NA,Outlandish Knight - Parsons,Misc tunes,Taken down from James Parsons by S.B.G. 1888,NA,NA,publicdomain,0.0,0,0,1,1,1,0,73,290,3.9726027397260273,True,3.339704405478693,0.8,0.9382861635220126
QmPhwPfAGFfLaFnawus9aeciwbjigCLi7sgyqH2D4TqjTv,Outro - Vulfpeck (sax solo),NA,Outro,Vulfpeck,Artist: Vulfpeck Soloist: Joey Dosik Transcribed by: Pearce Merritt,jazz-rbfunksoul,vulfpeck-alto-sax-joeydosik,cc-zero,4.89,7,56,3192,1,1,0,87,666,7.655172413793103,False,3.013269323416872,0.8700906344410876,0.9227620087336244
QmVYVAE4vBbzia2mknGG2tEx9RZ73dXQS8dSrEXNqgbFSo,Outside the gate and yet so near the fountain - Jno. R. Sweney,NA,Outside the gate and yet so near the fountain,John R. Sweney,NA,classical,NA,publicdomain,0.0,0,0,3,2,1,0,18,336,18.666666666666668,False,2.740089970721593,0.9851190476190476,0.953125
QmeiYb5iWxUYWn3VfcYU6YMTkqBgQiFfsua1YMqw9C2v1E,Outside the Window,NA,Outside the Window,Suit and Tie,NA,NA,NA,cc-zero,0.0,0,0,45,2,1,0,42,471,11.214285714285714,False,3.0987706580077616,0.8407643312101911,0.9751984126984128
QmRyczkP5Qtj8yohX1uCE6AT3aSdJGJcL4LujyWCz7S2Gk,Ouverture (Ouuerture Des festes debaccus et de lamour),Le bourgeois Gentilhomme 1670,NA,NA,Jean-Baptiste Lully,NA,NA,cc-zero,0.0,0,2,75,2,1,0,98,1320,13.46938775510204,False,3.1986035202800824,0.8628352490421456,0.9426200564971752
QmQ6CMUe9FM599g8oYAQA7aGj87a3KbQ735XEb6yGmDdgd,Over and over I stood upon the shore - Ballington Booth,NA,Over and over I stood upon the shore,Ballington Booth,NA,classical,NA,publicdomain,0.0,0,1,7,1,1,0,33,291,8.818181818181818,True,2.620122628880129,0.9965635738831616,0.9715909090909092
QmQuLYY9pR5iTfLiQ3Bb2Tw2Zsypo17x8tyJUYeUbW8Xrp,Over by the Islands to America we go,'Null air na h' eileanan dh'America gun teid sinn,Over by the Islands to America we go,Misc tunes,NA,NA,NA,publicdomain,0.0,0,0,4,1,1,0,34,238,7.0,False,2.518283047197055,1.0,0.9106182795698924
QmWz84RP6jfYZkfwNn7CC7WDqVCq3eTXwiNUP8pGEftwWp,Over hill and dale where sweetest flowers are growing - Chas. H. Gabriel,NA,Over hill and dale where sweetest flowers are growing - Chas. H. Gabriel,Chas. H. Gabriel,NA,classical,NA,publicdomain,0.0,0,0,19,2,1,0,19,346,18.21052631578948,False,2.6027061317466567,0.9855491329479767,0.9388020833333334
QmRJpFtJATApENxswHgxXwpMKVhU8DQaznB1zp7hv279DV,Over hill and lofty mountain - Chas. K. Langley,NA,Over hill and lofty mountain,Chas. K. Langley,NA,classical,NA,publicdomain,0.0,0,0,17,2,1,0,16,253,15.8125,True,2.524336090490474,0.9881422924901184,0.9430555555555556
QmWRJZ72qHZ2n6fAiV6RNvb62J2Q6XuJ7v87fnk4vdLuJ2,Over hill and valley ring the blossom bells - Grant Clufax Tullar,NA,Over hill and valley ring the blossom bells,Grant Clufax Tullar,NA,classical,NA,publicdomain,0.0,0,0,2,1,1,0,24,386,16.083333333333332,True,2.6859830070798147,0.9948186528497408,0.9592391304347826
QmX7sx6eB5BREGJY9eQRG9s2XkEvpwGoqxCS7oZZsYDgBe,Over in the Glory Land,NA,NA,NA,James Acuff and Emmett Dean,NA,copyrightfreeoldjazz-creolejazz,cc-zero,0.0,0,4,438,0,1,0,82,196,2.3902439024390243,True,2.327644346621258,0.9897959183673468,0.9546875
Qmb9WT9JRzY8nR5Sbh8ehSpdje53TJVyoyVLLbrriE9WWj,Over Jordan we shall meet - Arr. from W. T. Dale,NA,Over Jordan we shall meet,Arr. from W. T. Dale,NA,classical,NA,publicdomain,0.0,0,0,3,1,1,0,20,193,9.65,False,2.395535934711828,1.0,0.8923611111111112
QmXdu94DQJXCKyGGJLc1mj37mHRPLFc5PuuoQUdjQYF92r,Over Judah's plain long years ago - Nellis Place Chandler,NA,Over Judah's plain long years ago,Nellis Place Chandler,NA,classical,NA,publicdomain,0.0,0,0,2,2,1,0,18,286,15.88888888888889,False,2.93108027315236,0.9405594405594404,0.9791666666666666
QmYBaUrba7DA8rnXH3X9FJnUWHNoupPDTJz1SZ1ZzkJ4zt,Over Lake Baikal,NA,Over Lake Baikal,Misc tunes,NA,NA,NA,publicdomain,0.0,0,0,35,1,1,0,24,59,2.458333333333333,False,2.824802960046404,0.9661016949152542,0.9818840579710144
QmXin6Pk9BbGDa8Y6w2r6cWdZcVrAu3HzzKiCMfFzHn6dd,Over on the other side of Jordan - C. Harold Lowden,NA,Over on the other side of Jordan,C. Harold Lowden,NA,classical,NA,publicdomain,0.0,0,0,3,1,1,0,17,304,17.88235294117647,True,2.473274529872464,1.0,0.9713541666666666
QmZoWgrDCgobG7turbw4X2hT6YcJZcMzyPZMiZbT75fWRd,Over on the other side of Jordan - Robert Harkness,NA,Over on the other side of Jordan,Robert Harkness,NA,classical,NA,publicdomain,0.0,0,0,5,1,1,0,16,284,17.75,True,2.535494775401502,0.9859154929577464,0.9401041666666666
QmYureZt3aziWHZWHXMF4BnKsTXYsEZxRdG5SrEAWq5v4r,Over Somewhere (Over The Rainbow/Somewhere),Over The Rainbow and Somewhere,Over the Rainbow,Harold Arlen,E.Y HamburgLeonard Bernstein,pop-jazz,somewhere-overtherainbow-westsidestory-wizardofoz,cc-zero,0.0,0,6,1046,0,3,0-0-0,60,654,10.9,True,3.2445095551710303,0.8596491228070176,0.934322033898305
QmSqep8CmgkwUjvgyR9fAcUjFUFchXwoNi26d7NmZFGf9r,Over the billows sighing - D. O. Teasley,NA,Over the billows sighing,D. O. Teasley,NA,classical,NA,publicdomain,0.0,0,0,1,1,1,0,18,270,15.0,True,2.53505276730263,0.9812734082397004,0.9262820512820512
QmPVMTsVsquZVzdpKF3Nuoqe6Gcc2SG1S3W5t2pV18nXwp,Over the Bridge To Peggy (reel) 1234,NA,Over The Bridge To Peggy,Misc tunes,after Mr. Ennis,NA,NA,publicdomain,0.0,0,0,2,1,1,0,35,243,6.942857142857143,False,2.6099133224991533,0.9917695473251028,0.9753787878787878
QmZbQ6JWJPEdzscTjUV4bvqYNbu6VG2ar1oEvAKwgo9mkd,Over the dark wave of Galilee - Geo. C. Hugg,NA,Over the dark wave of Galilee,Geo. C. Hugg,NA,classical,NA,publicdomain,0.0,0,0,3,1,1,0,16,208,13.0,True,2.488786726496085,0.9903846153846154,0.9305555555555556
QmXXFmzZD8dfm9aGrgQmjDetqhJgD47ZUobLvfwJJHaqNk,Over the earth glad songs are ringing - John J. Thomas,NA,Over the earth glad songs are ringing,John J. Thomas,NA,classical,NA,publicdomain,0.0,0,0,2,2,1,0,37,447,12.08108108108108,False,2.909520218669092,0.9552572706935124,0.9563802083333334
QmPqasXkJmxgSLjedPnbsfQ1gq89tvVJuXGLUfLxTdhG7A,Over the Hills and Far Away. WCD3/2.116,NA,Over The Hills And Far Away,Misc tunes,NA,NA,NA,publicdomain,0.0,0,0,5,1,1,0,36,146,4.055555555555555,False,2.5476469346129376,1.0,0.9270833333333334
QmPuC944EYzS1qV3TwP2JJzzB9TUcQwxg8hp9cZegAsW9n,Over the Hills and through the Olive trees,NA,Over the Hills and through the Olive trees,Little Music Girl,Composer: Little Music Girl,NA,NA,cc-zero,0.0,0,1,66,2,1,0,140,1642,11.728571428571428,False,2.678004664937839,0.9987819732034104,0.9455645161290324
QmcaKJZBGGA39v7PJ7DhyqdydubCaYe63rBJYn1RyHqrdP,Over the hills the sun is setting - Asa Hull,NA,Over the hills the sun is setting,Asa Hull,NA,classical,NA,publicdomain,0.0,0,0,6,1,1,0,32,447,13.96875,True,2.552196316163473,1.0,0.9440104166666666
QmfTiDMPAvAHb3uG6NUDTv6nBDLUJiSYpAW4vgfZa1x5fx,Over The Moor Among The Heather,NA,the ROSE AMONG THE HEATHER,Misc tunes,NA,NA,NA,publicdomain,0.0,0,1,11,1,1,0,57,594,10.421052631578949,False,2.477977929337328,1.0,0.9144345238095238
QmYQ3EnNjSkWgnbMHEKrZK6Lng8ZtoXJTYNQs41xeSk2pj,Over the Moor Among the Heather. LW.015,NA,the ROSE AMONG THE HEATHER,Misc tunes,NA,NA,NA,publicdomain,0.0,0,0,5,1,1,0,28,206,7.357142857142857,False,2.6624490518148503,1.0,0.9270833333333334
QmdwFvsBdJJK1CpuVRNZf6s9YVh4CgAAQCKAocweEdkPQJ,Over the moor to Maggie,NA,Over The Moor To Maggie,Misc tunes,anon.,NA,NA,publicdomain,0.0,0,0,3,1,1,0,55,363,6.6,False,2.64451621792027,1.0,0.9596354166666666
QmadNn7nLTaSvBPWuTggbUCBQKacVztKRW8ifpcxYEe4s2,Over the mountain wave - E. L. White,NA,Over the mountain wave,E. L. White,NA,classical,NA,publicdomain,0.0,0,0,3,1,1,0,25,232,9.28,False,2.595644625278932,0.9956896551724138,0.9236111111111112
QmWCLre23jGRgqXtum89eamuix7v1T11HiuckKCu53p6fz,Over the ocean In silence grows - Adam Geibel,NA,Over the ocean In silence grows,Adam Geibel,NA,classical,NA,publicdomain,0.0,0,0,3,2,1,0,24,426,17.75,True,3.0483084120828647,0.9136690647482014,0.9940476190476192
QmfJymHufnAoQkerbHMFa8VTQiEJUQRviMRAJni4KgWeSb,Over the plains and hillsides - Wm. J. Kirkpatrick,NA,Over the plains and hillsides,William J. Kirkpatrick,NA,classical,NA,publicdomain,0.0,0,0,6,2,1,0,32,428,13.375,True,2.790017593710112,0.9602803738317756,0.9166666666666666
QmQr1v9qT6Ya277DbRxkLrU8TBkX8E2BMNSyTrsZ1238MH,Over The Rainbow ((Piano)),I think I like this song to much... ;;,over the rainbow,Judy Garland,Org. Harold A. Arragnged by. Luna,pop,overtherainbow-classic-ireaaaaaallylikethissong-noyoudontgetit-irealllllllylikethissong-ineedalife-piano-pianomusic-classicpianomusic,cc-zero,4.66,131,495,10971,1,1,0,38,416,10.947368421052632,False,3.1018949875186137,0.9156626506024096,0.943089430894309
QmVCVfCN9FxDv4jJKfQucARkpooRq4cNYDmXrxxGT7EN7H,Over the Rainbow Piano Solo,jazz piano solo part,over the rainbow,The Moffatts,lengjy,rock-pop,jazz-pianosolo,cc-zero,0.0,0,6,705,2,1,0,16,257,16.0625,False,3.0450004692381225,0.933852140077821,0.9418402777777778
QmTSYakVSRDt1zTt2o4xr5ULcappReWG3U3DdwX5JRAvkj,Over the river I'm going - J. M. Evans,NA,Over the river I'm going,J. M. Evans,NA,classical,NA,publicdomain,0.0,0,0,3,2,1,0,25,399,15.96,True,2.5728271125469138,0.9974937343358397,0.8854166666666666
QmUAtjZySorZU9NUKF5gUmeeS7AGuEKdTkr8Gsg2S4WuRT,Over the river of Jordan we'll meet - J. M. Hagan,NA,Over the river of Jordan we'll meet,J. M. Hagan,NA,classical,NA,publicdomain,0.0,0,0,10,1,1,0,16,281,17.5625,True,2.570884676475661,0.98220640569395,0.9097222222222222
QmXMPogTWBNUJrYFJwoNsGQncVjXp5ZEdDyjdBo2KS3KfV,Over the sea that wildly dashes - J. H. Fillmore,NA,Over the sea that wildly dashes,J. H. Fillmore,NA,classical,NA,publicdomain,0.0,0,0,5,2,1,0,20,430,21.5,False,2.463221318347097,1.0,0.9411764705882352
QmPBvZrbt7kzHqfuph4fR3fRo9zyhw3uMCpmBr1d8SVXA4,Over the stars there is rest - Franz Abt,NA,Over the stars there is rest,Franz Abt,NA,classical,NA,publicdomain,0.0,0,0,13,1,1,0,40,331,8.275,True,2.98781351096857,0.9154078549848944,0.9527777777777776
QmQRjRRuiytgAtLSoDFAwiAJW9KxV8JHWnv7WZ2QvxJMFE,Over the Water to Charlie (G version),NA,Over The Water To Charlie,Misc tunes,NA,NA,NA,publicdomain,0.0,0,0,3,1,1,0,20,206,10.3,False,2.5357985788904105,1.0,0.9541666666666668
QmYiA4d5tTWFhy58ZGMWjKGKfNatrrepwPTEUur2F2m7DT,Over the Water to Charlie with Variations. Roose.0483,NA,Over The Water To Charlie,Misc tunes,NA,NA,NA,publicdomain,0.0,0,0,4,1,1,0,128,698,5.453125,False,2.6451028504087604,1.0,0.9125434027777778
QmdrxzRLL4eoX5fmtCh1oAHG3UuFgr1HcfuXD54EW1brA7,Over The Water To Charlie. FTB.180,NA,Over The Water To Charlie,Misc tunes,NA,NA,NA,publicdomain,0.0,0,0,1,1,1,0,36,168,4.666666666666667,False,2.348166891881412,1.0,0.9565972222222222
QmUjid5xWGvtKJ2E35gV1NxVULg99KUUfqfQqBorb9Khsg,Over The Water To Charlie. HSJJ.179,NA,Over The Water To Charlie,Misc tunes,NA,NA,NA,publicdomain,0.0,0,0,1,1,1,0,65,312,4.8,False,2.644962795212628,1.0,0.9188368055555556
QmQYAUVAQQB8upgLfWWDPBWJeEeKix7TGgJRqdmhAeBRm6,Over The Water To Charlie. JaW.002,NA,Over The Water To Charlie,Misc tunes,NA,NA,NA,publicdomain,0.0,0,0,1,1,1,0,32,152,4.75,False,2.320075382754602,1.0,0.9314236111111112
QmTquxr4iNCbg6Njs53MbnD1DgnWrnm5YtUXp9i7NPUhw3,Over the waters gallantly sailing - Mrs. C. H. Morris,NA,Over the waters gallantly sailing - Mrs. C. H. Morris,Mrs. C. H. Morris,NA,classical,NA,publicdomain,0.0,0,0,6,2,1,0,22,394,17.90909090909091,False,2.942707658271904,0.9128205128205128,0.949810606060606
QmSasLybhzWYtYUfzPb6GjDnGBtvZfb3ejWwTbUNDNNMxG,Over the Waves,NA,over the waves,Juventino Rosas,NA,classical,copyrightfreeoldjazz-creolejazz,cc-zero,4.41,9,11,1042,0,1,0,64,138,2.15625,True,3.049000988875711,0.9057971014492754,0.9552304964539008
QmUcQPbE3xWJFmkrbgekKYzb1YnBhoxQt4fkDUw6KJV49x,Over there what rest is waiting - Chas. Edw. Prior,NA,Over there what rest is waiting,Chas. Edw. Prior,NA,classical,NA,publicdomain,0.0,0,0,2,1,1,0,27,362,13.407407407407408,False,2.63807958580011,0.988950276243094,0.9453125
QmNgkKxQMBdaY4bc5Xe6NQnMSbTp75byssnBibda3giUag,Over World Theme with Hurry Up,Super Mario 3D Land With Hurry Up Tune Transcription,Super Mario 3D Land,Koji Kondo,Koji Kondo,soundtrack,NA,cc-zero,4.66,3,2,169,3,1,3,65,2571,39.55384615384615,False,2.9631007185146654,0.929304897314376,0.9041005291005292
QmRvG9oj4KsiVxW1HrNYxqcUY5uaqq4ZvshCXCCmAkTHAX,Over yonder stands the mansion Christ prepared for me - C. Austin Miles,NA,Over yonder stands the mansion Christ prepared for me,C. Austin Miles,NA,classical,NA,publicdomain,0.0,0,0,4,1,1,0,34,430,12.647058823529411,False,2.746834115698209,0.9627906976744186,0.9045138888888888
QmfGs2UaQY8eKzVpX4jCiD5nx3ER57mGEprbLpXb1TvuJC,Overcome,ATSS - CSB International,Overcome,AbetheBabe08,Abe Hull,NA,NA,cc-zero,0.0,0,1,87,1,1,0,48,455,9.479166666666666,False,2.770777418403152,0.9802197802197802,0.973404255319149
QmaqPYhUAucHc6vhuL1iYXxpd4F1MLXMBLrB8txxUFU7tk,Overlapping C triads,NA,NA,NA,NA,NA,triads,publicdomain,0.0,0,1,37,1,1,0,13,66,5.076923076923077,False,3.209376899252789,0.7727272727272727,0.9973958333333334
QmYAR8x5ZkFoq6atjJRoR49jpPw3GWkzPVBzr9kUd3YUHd,Overlord - Hydra,Piano Transcription / Arrangement : MyReminiscence,hydra overlord ed,MYTH & ROID,Original Artist : MYTH & ROID,NA,NA,cc-zero,0.0,0,9,264,3,1,0,197,2864,14.538071065989849,False,3.142721666657692,0.9168704156479216,0.8824626865671642
QmNwSVSixqhJ7nvybXrRP91BhLo87Le2dDaKrAKb6Ue55w,Overseas,NA,Overseas,WisKnoUnd,Edward Loboda,NA,NA,cc-zero,0.0,0,2,57,1,1,0,51,895,17.54901960784314,False,2.523465323456996,0.9832402234636872,0.9861111111111112
QmVfhCS64HMiXwy4LpNuApVhxb9SJussJpviLDgWeRuUv4,Overshadowed are the skies - J. Lincoln Hall,NA,Overshadowed are the skies,J. Lincoln Hall,NA,classical,NA,publicdomain,0.0,0,0,3,1,1,0,26,395,15.192307692307692,False,3.052927776702458,0.926208651399491,0.9645833333333332
QmcDg7fzW4d19hapN1F5mDZTetBond5w21VEfvwEUKRxfp,Overture of the SummerWars,NA,NA,NA,Composer,NA,NA,cc-zero,0.0,0,2,51,1,1,0,145,525,3.6206896551724137,False,3.1243563667602645,0.8647619047619047,0.9770408163265306
QmePMZG99vKwzeFiQY5vD1JSohQk3ypPqNY8jSkU2cHTa1,Overture to Carmen for piano solo (By Georges Bizet),De l'opéra Carmen,Carmen,Georges Bizet,Georges Bizet,classical,opera-piano-pianosolo-pianoarrangement-classic-classical-georges-bizet-georgesbizet-carmen-theatre-musical-musicaltheatre-orchestral-orchestra-paris-french-overture-prelude,cc-zero,4.78,85,175,6174,2,1,0,136,1967,14.463235294117649,False,3.267346241456476,0.7788510421962379,0.8647486772486772
Qme6bvVh6TfocCoZbqkoxd4XkWXp86dBXuVEHx2KTiW2AP,Overture Zu Tannhäuser (R.Wagner - F.Liszt),von R.Wagner,Ouvertüre Zu Tannhäuser S.442,Franz Liszt,FRANZ LISZT,classical,tannhuser-wagner-overture-liszt,cc-zero,4.83,3,8,535,2,1,0,443,14044,31.702031602708804,False,3.5088186203689324,0.7142857142857143,0.66064453125
QmWeMZMKYZe3yok8JzTCCSfnCnVZX8oAbDJixyPzMEXAei,Overworld Theme - Super Mario Land,From Super Mario Land,super mario - land overworld theme,Misc Computer Games,Hirokazu Tanaka,soundtrack,mario-piano-videogames,cc-zero,0.0,0,6,220,2,1,0,88,1006,11.431818181818182,False,2.956517439246102,0.8866799204771372,0.92911877394636
QmRs5sLueAcBnQEFof6d4dVpMht5zir65yJTwU5QbWdWBx,Owen and Christina,NA,Owen and Christina,Misc Television,from Grey's Anatomy,soundtrack,greysanatomy-owen-christina-episode-season,cc-zero,4.6,12,67,2582,1,1,0,23,182,7.913043478260869,False,2.7629311820841727,0.8846153846153846,0.9626736111111112
QmcELwuKKhsoa2oFVzfeoZ7szESe4i9ngD3JNU85sSeBt6,Owen Malone (jig) 0951,NA,Owen Malone,Misc tunes,after Mr. Dunlap,NA,NA,publicdomain,0.0,0,0,2,1,1,0,36,194,5.388888888888889,False,2.631682857446028,0.9896907216494846,0.9722222222222222
QmcD1hvp6sGpzQHyazWLDh8BrL2ghEBJyG5Qeb2jc15MW2,Owen's Tune for the Full Moon,MIDDLE C POSITIONBoth thumbs on C,Owen's Tune for the Full Moon,Kittyko,Kittyko,NA,NA,cc-zero,0.0,0,0,147,1,1,0,8,28,3.5,True,2.488222887430908,1.0,0.9739583333333334
QmWQX9og7GSmgJiLjNSQxie2KtJJQFmhpoCJdBG9zvdoQp,Ower the Border,NA,OVER THE BORDER,Misc tunes,NA,NA,NA,publicdomain,0.0,0,0,1,1,1,0,32,332,10.375,False,2.617155114864933,1.0,0.8981481481481481
QmVufFKpftw9Vqaeu1jJatEQxuajRkGNsAw31X3Go27xHV,Owld Ocsfford. Owld Oxfford,NA,Owld Ocsfford. Owld Oxfford,Misc tunes,NA,NA,NA,publicdomain,0.0,0,0,1,1,1,0,40,188,4.7,False,2.7109161506930373,0.9574468085106383,0.9515625
QmRCp79cmkwmgjjFhZrUhQwHZTVUSLAnzmQEwPemchHrQQ,Own thy congregation - Nicolaus Ludwig Graf von Zinzendorf,NA,Own thy congregation,Nicolaus Ludwig Graf von Zinzendorf,NA,classical,NA,publicdomain,0.0,0,0,3,1,1,0,17,191,11.235294117647058,False,2.822327104004489,0.9685863874345548,0.9479166666666666
QmdYutfNFUNFJDPTUFG62PsimJpQDMHSndJRvu2xjyEami,Owo,NA,Owo,ethansolly,by ETHAN SOLLENBERGER,NA,NA,cc-zero,0.0,0,1,25,2,1,0,178,3607,20.264044943820224,False,3.394176845257615,0.7689961175818081,0.9453417602996256
QmQC7jjs3v14gX9ivMHLmHquwLeAoBrsPdS2fnwZG7b8ot,OWRE THE MUIR AMONG THE HEATHER -- Variations,NA,the ROSE AMONG THE HEATHER,Misc tunes,NA,NA,NA,publicdomain,0.0,0,0,2,1,1,0,64,398,6.21875,False,2.6379636983957995,0.984924623115578,0.9401041666666666
QmWFe19zV9seE7457BpAcZ7t5iUPCP8CxAWgxaNeUgH9xD,Oxford - Willie Whastle,NA,Willie Whastle,Oxford,Oxford,classical,NA,publicdomain,0.0,0,0,5,1,1,0,36,160,4.444444444444445,False,2.885015002450217,0.95,0.9544270833333334
QmZiDGh3EtLo1EFUnLr3hdeSkv5qFy4UkiwfSEjCfeAAZd,Oxford Act,NA,Oxford Act,Misc tunes,NA,NA,NA,publicdomain,0.0,0,0,4,1,1,0,68,279,4.102941176470588,False,3.227215898566969,0.7741935483870968,0.9640899122807016
QmTQEATEhdbgfvE8wQC7wWSeN9cNXjjbz1xrTohQrP2UkJ,Oxford Act,Longways for &c.,Oxford Act,Misc tunes,NA,NA,NA,publicdomain,0.0,0,0,1,1,1,0,32,126,3.9375,False,2.7241217419460697,1.0,0.9563802083333334
Qmd9fFExma2ykuqXMtjytPpocaMTGFsDuXt5SZE1ja7hHY,Oxford Waits,Longways for as &c.,Oxford Waits,Misc tunes,NA,NA,NA,publicdomain,0.0,0,0,2,1,1,0,35,164,4.685714285714286,False,2.7034261873391503,0.9878048780487804,0.96875
QmSHzzzD6oy9t6mVFsd5yJTookWD5zM6bs6icm7sJYNigL,Oxu deniz oxu,NA,Oxu Deniz Oxu,Tofig Alakbar Guliyev,Tofiq Quliyev,NA,NA,cc-zero,4.79,7,24,158,2,1,0,69,781,11.318840579710145,False,3.011092985891765,0.935897435897436,0.9424019607843136
QmZyKdzVVqoGGgVxk6mMDkuVDnU5sEhYLBevepNSigXvCx,Oy Na Hori Monastyr,NA,Oy Na Hori Monastyr,Misc tunes,NA,NA,NA,publicdomain,0.0,0,0,1,1,1,0,4,26,6.5,False,2.655775892805317,0.9230769230769232,0.9791666666666666
QmYYZYsPPUbuoMitVTeXeEwAkkHFjwExgcZ33aNcTVGse1,Oy to ne vecer,NA,free to go,The Folk Implosion,ÐÑÑÐºÐ Ð½ÐÑÐ¾ÐÐ½Ð ÐÐµÑÐ¼Ð,rock,NA,cc-zero,0.0,0,1,12,1,1,0,48,276,5.75,False,2.7923033285411534,0.9782608695652174,0.9197048611111112
QmNhivxhRGThFavyFmx6w9mEioXQnWkAkWQwNZ5nNcGqoT,Oyster Girl -North Skelton,North Skelton -Oyster Girl,Oyster Girl -North Skelton,Misc tunes,NA,NA,NA,publicdomain,0.0,0,0,1,1,1,0,16,62,3.875,False,2.670216771151317,1.0,0.9097222222222222
QmXh229SA8YVoZu8TP2i3CTohXmYnMSAiM4T1hCZLUtayU,Oyster Girl. JaW.317,NA,Oyster Girl. JaW.317,Misc tunes,NA,NA,NA,publicdomain,0.0,0,0,2,1,1,0,54,204,3.7777777777777777,False,2.578910273326146,1.0,0.9136904761904762
QmUwSeajh6ouhRbdgMUZ2kym4EMQqpSpBzCuhd6G9swkUp,Oyster Girl. RHu.145,NA,Oyster Girl. RHu.145,Misc tunes,NA,NA,NA,publicdomain,0.0,0,0,2,1,1,0,18,71,3.9444444444444446,False,2.7012068940804035,0.971830985915493,0.9184027777777778
QmfTooecpruq4A6WybiP6uoML88bmj5HUYsrdXq2DhSPZz,Oyster Wive's RantThe. RH.181,NA,Oyster Wive's RantThe. RH.181,Misc tunes,NA,NA,NA,publicdomain,0.0,0,0,14,1,1,0,226,1036,4.584070796460177,False,2.90329479783469,0.947876447876448,0.956741898148148
QmRc2trU5sHQJkuhsTc7opXnGa4w7qgCx4AxSv5HnZAFdm,Oändlige! O du hvars hand,NA,Oändlige! O du hvars hand,Misc Traditional,NA,folk,NA,publicdomain,0.0,0,0,2,1,1,0,50,316,6.32,False,2.7450958343644825,0.99,0.9658333333333332
QmU8tFsAAKhcCVZFtCNZ9L2h5wfXUGiFnYKZypQhYirJMg,Où vont les fleurs ?,Paroles: René Rouzeaud-Musique: Pete Seeger Arrangement: Jean-Paul Finck,Où vont les fleurs ?,Rouzeaud René and Seeger Pete,NA,NA,NA,cc-zero,0.0,0,0,37,0,2,0-1,36,236,6.555555555555555,True,2.7696189135063665,1.0,0.9417892156862744
QmdeXKq4AkjS3W46d8UBYgiDpkQNzsw8PQPcoVvHbaZGmy,P Stands For Paddy I Suppose,NA,P Stands For Paddy I Suppose,Misc tunes,NA,NA,NA,publicdomain,0.0,0,0,28,1,1,0,8,37,4.625,False,2.49471087984856,1.0,0.9107142857142856
QmUsov6b5LqthMM1nXjEGVQKkEiMgiezSY6uhpdXAaD8yU,P!ATD Death of a Bachelor,NA,death of a bachelor,Panic! At the Disco,NA,rock,NA,publicdomain,4.62,5,456,14181,1,1,0,113,783,6.929203539823009,False,2.423318953947519,0.9961685823754788,0.920169616519174
QmYLAAXNnArQw8aHefKqvjh3EkUH2KKqxJ2EeJYaWE74Te,P. of Wales's Hornpipe TS.154,Prince of Wales's Hornpipeaka TS.154Worster Hpaka TS.154Worcester Hpaka TS.154,P. of Wales's Hornpipe TS.154,Misc tunes,NA,NA,NA,publicdomain,0.0,0,0,3,1,1,0,36,242,6.722222222222222,False,2.646630109021456,1.0,0.9752604166666666
QmVcNCCPZjgj4demuYzbVpcD14u4GyzqJsoQgx2t2P9gMQ,P003-Yankee Doodle,NA,P003-Yankee Doodle,tameren,Amerikanisches Volkslied,NA,NA,cc-zero,0.0,0,1,22,1,1,0,8,36,4.5,False,2.4349978959168044,1.0,0.984375
Qmeqj7tK8ZCgFkJzaPxJHntGShJfAvY3HFRSyNSw5vZ73N,P004-Heile_Heile_Segen,NA,P004-Heile_Heile_Segen,tameren,NA,NA,NA,cc-zero,0.0,0,0,15,1,1,0,8,35,4.375,True,2.2361864179112128,1.0,0.953125
QmQkLpvvwitCJJW9mk2Pgidny68x5WZC6qFG7nV5nEmxQ7,P005-Klettermax,NA,P005-Klettermax,tameren,NA,NA,NA,cc-zero,0.0,0,0,10,1,1,0,8,40,5.0,False,2.5621169890711712,1.0,0.9739583333333334
QmdzE5eK5Rac1YzwCijsz3mE8W6eakucF7GH4ckykMoaMy,P21 Sontana,NA,P21 Sontana,Rhysb,NA,NA,NA,cc-zero,0.0,0,1,28,2,1,0,59,929,15.745762711864408,False,2.8598878887569184,0.952637244348762,0.956439393939394
Qmf31S3PCAz3GZ3kUv89qGZqRWQwpQ95dxdMUUeXUPhtaa,P382,NA,P382,tueyama,NA,NA,NA,cc-zero,0.0,0,0,4,0,1,0,40,59,1.475,False,2.4363985174353457,0.9661016949152542,0.8898809523809523
QmVTX7Xfsj2auESCDhcMagG9braqFk24pDrLyEXZAV8CD7,P4T Song One,NA,NA,NA,Ryan Frisch,NA,NA,cc-zero,0.0,0,1,5,1,1,0,59,405,6.864406779661017,False,3.096748530892506,0.928395061728395,0.9675141242937854
QmXKa4MxTq7tQyHMVn1ucz1pspKCd7mDkbJkxZeHXNM5mY,P?nar Ba?? Burma Burma,NA,P?nar Ba?? Burma Burma,Misc tunes,(Anonim),NA,NA,publicdomain,0.0,0,0,26,1,1,0,68,316,4.647058823529412,True,2.489663673255406,1.0,0.9221813725490196
QmTs7AWRMiC381peXQC3uoqV1HvqBosQMuPsWMdB2J9u6j,Paa Gud Alene,NA,Paa Gud Alene,Misc Traditional,NA,folk,NA,publicdomain,0.0,0,0,7,0,2,1-4,20,219,10.95,False,2.8526058191927133,0.9726027397260274,0.9552083333333332
QmTtz6FCy7S8cKXpcgEBa7yZ8qQMywTJg8Y8Awy4CEAiBW,Pablo Lopez - La mejor noche de mi vida,NA,La mejor noche de mi vida,Pablo López,NA,NA,NA,cc-zero,0.0,0,25,1159,1,1,0,52,653,12.557692307692308,True,2.722069133673648,0.981623277182236,0.9919871794871796
QmY4TdanDd97U2cLhbvMCBb4nDf6XVDs4h3KmCbEyCmKQJ,Pachelbel Canon Duet in D,NA,Canon and Gigue in D major P.37,Johann Pachelbel,NA,classical,NA,cc-zero,0.0,0,9,262,0,2,0-0,85,2181,25.65882352941177,False,2.770304930106453,0.9962928637627432,0.9833333333333332
QmfGu9RHmpLworz84xZoUpEgbKDLQaWkPdVVxEy2YSVSXg,Pachelbel Chaconne in F Minor,NA,Chaconne in F minor P.43,Johann Pachelbel,Johann Pachelbel,classical,pachelbel-chaconne-organ-harpsichord-variations,cc-zero,4.72,58,88,5293,0,1,6,185,2227,12.037837837837838,False,2.897623817952148,0.9321653189577718,0.9267644557823128
QmRUtxFfAsXt9omBFXBfYVRUwTFsAiPk8rB4ppSa6q9bQW,Pachelbel's Canon in D,NA,Canon and Gigue in D major P.37,Johann Pachelbel,NA,classical,canon-piano-weddingmusic-beginner-casio,cc-zero,4.75,13,14,1258,2,1,0,45,744,16.533333333333335,False,2.765414025963947,0.9946236559139784,0.9907407407407408
Qma2zg3CCYsvL4UPCLmP2iybn7KXpmTuLYgqp7u9Vv11fN,Pachelbel's Canon in D,NA,Canon and Gigue in D major P.37,Johann Pachelbel,NA,classical,canon-canonind-pechelbel,cc-zero,4.8,28,50,1470,2,1,0,65,1112,17.107692307692307,False,2.758842389775308,0.9964028776978416,0.9871794871794872
QmWiu5cZVNvpDXAHxER8gagFzY3jp13UaZPWELKYZ43Zb2,Pack die Badehose ein,NA,NA,NA,Gerhard Froboess (1906-1976),NA,NA,cc-zero,0.0,0,4,554,0,1,0,134,417,3.111940298507463,True,2.8226285523343484,0.9784172661870504,0.9735275689223056
QmYSyPQW1qaARKHexUxdWXx7MNcQjd4ZmQ99C4DxhMq5xT,Pack Up Your Troubles in Your Old Kit Bag,NA,Pack Up Your Troubles In Your Old Kit Bag,Felix Powell,Felix Powel,NA,ww-eca,publicdomain,4.59,7,23,3275,0,2,0-0,78,828,10.615384615384617,False,2.83175770000008,0.9705521472392638,0.959280303030303
Qmbb4MXzbgmP9cQzUaXFK9Mp5pMK4UCwrM9YKuS2pF3mt6,Paddies Evermore (air) 0262,NA,Paddies Evermore,Misc tunes,after Chief F. O'Neillwith spirit,NA,NA,publicdomain,0.0,0,0,2,1,1,0,25,89,3.56,False,2.692222135420488,1.0,0.8935185185185185
QmXESFnNEpNZr8gicz1MdcnjDP7NC2oU36Z4CEu3Yy77ET,Paddington Fair. ThoH.103,NA,Paddington Fair. ThoH.103,Misc tunes,NA,NA,NA,publicdomain,0.0,0,0,3,1,1,0,48,230,4.791666666666667,False,2.902731738719009,0.9565217391304348,0.943287037037037
QmcvpxhYhYbLATBKSACZNCg84FX5LomCxURCE5DeDZEs4u,Paddington Pound,NA,Paddington Pound,Misc tunes,NA,NA,NA,publicdomain,0.0,0,0,18,1,1,0,24,121,5.041666666666667,False,2.9201162706212096,0.9669421487603306,0.931818181818182
QmXVRuomY6bTcum1De9xDUQcGKmSDjLb2kqEgxcVUh9eYu,Paddy Carey (march) 1820,NA,Paddy Carey,Misc tunes,Unattributed,NA,NA,publicdomain,0.0,0,0,1,1,1,0,50,266,5.32,False,2.6647292763392105,0.9924812030075189,0.9453828828828827
QmXyKRf5AHBJReZeM1Lcok2XC5QYJHsiyPev4MmcZaaN1M,Paddy Carey. JaW.108,NA,Paddy Carey,Misc tunes,A Good One,NA,NA,publicdomain,0.0,0,0,1,1,1,0,38,164,4.315789473684211,False,2.5968782199410114,1.0,0.9266975308641976
QmTh8cD8snHqkex1YeivnvMjftqPv5rRBtPnHYfzsmnncs,Paddy Fahey's,NA,Paddy Fahey's,Misc tunes,NA,NA,NA,publicdomain,0.0,0,0,3,1,1,0,4,19,4.75,False,2.649794462043571,0.8947368421052632,0.9166666666666666
QmfQsMS4tH411Puxm6qTf825oTVJXsPYNTPqFp238DkUAw,Paddy Fahys Jig,NA,Paddy Fahys Jig,Misc tunes,NA,NA,NA,publicdomain,0.0,0,0,2,1,1,0,5,23,4.6,False,2.4962058480965483,1.0,0.9375
QmYPCdyA7Cuof2pH8e8baMXaXVWzvfUTCoPpxjXFS7MLpA,Paddy from Clare,Peaidi a' Chl\'air,Paddy from Clare,Misc tunes,NA,NA,NA,publicdomain,0.0,0,0,1,1,1,0,4,26,6.5,False,2.4895188160117065,1.0,0.9583333333333334
QmVUFmt8sv3rVQBTspQ5889GmifPMMciUH7cPsJiDW3PtF,Paddy Joe's,NA,Paddy Joe's,Misc tunes,NA,NA,NA,publicdomain,0.0,0,0,5,1,1,0,2,15,7.5,False,2.422579761842492,1.0,0.90625
QmXCfhNM3F66rNTWbaJBrctqa9ChQ6JGKqTvBSrKoTdRcr,Paddy Kelly's Jig,NA,Paddy Kelly's Jig,Misc tunes,NA,NA,NA,publicdomain,0.0,0,0,2,1,1,0,4,18,4.5,False,2.239097917988786,1.0,0.9097222222222222
Qmc7cD5jDkBLtsgHpmGAdAt53h7H11yiJjuFr6RdTAiNKU,Paddy Murphy's Wife,Braes Of Glendochart The,Paddy Murphy's wife,Misc tunes,Alexander McGlashan (c.1740-1797) Scotland,NA,NA,publicdomain,0.0,0,0,2,1,1,0,64,486,7.59375,False,2.732476663322988,0.9794238683127572,0.9606119791666666
QmVYoxa77BxWaXA9T8U8HseyNRdgVW5N6XQgrsNrUaS67N,Paddy Murphy's Wife (reel) 1526,NA,Paddy Murphy's wife,Misc tunes,after Sg't. J. O'Neill,NA,NA,publicdomain,0.0,0,0,4,1,1,0,19,141,7.421052631578948,False,2.854117997260396,0.9432624113475178,0.9571078431372548
QmcZRHkqPuWMVMeKQuuwSUHCB1NEkBkQj6hqceU5gsgtBX,Paddy Now Wont You Be Easy? (slipjig) 1143,NA,Paddy Now Wont You Be Easy?,Misc tunes,Unattributed,NA,NA,publicdomain,0.0,0,0,4,1,1,0,26,212,8.153846153846153,False,2.4225582258628875,0.9905660377358492,0.9776785714285714
QmbrcfLFwX4SnfuCq6S6YDXBRxq2f5qHjadf4FQr55cfFp,Paddy O Rafferty with variations,NA,Paddy O Rafferty with variations,Misc tunes,NA,NA,NA,publicdomain,0.0,0,0,2,1,1,0,353,2032,5.756373937677054,False,2.434666194660008,1.0,0.9623209635416666
QmTVivv4nDbDbqLqQmvDDb8wQGsPEP3fjhCwg7tJZpFumU,Paddy O'Carrol. 2voices. Dix.55,NA,Paddy O'Carrol. 2voices. Dix.55,Misc tunes,Inscription on page Islington Feby 21st 1811,NA,NA,publicdomain,0.0,0,0,4,0,2,0-0,68,700,10.294117647058824,False,2.3137680710532247,0.9942857142857144,0.9214409722222222
QmSjyCn5PhVArNHg3dmxtXmiv3ZwgnwxkkBu7NtGCg3oBw,Paddy O'Rafferty,NA,Paddy O'Rafferty,Misc Traditional,NA,folk,NA,publicdomain,0.0,0,0,0,1,1,0,160,952,5.95,False,2.609010280672017,0.9915966386554622,0.9958333333333332
QmVb6DCYwvBp3483qiFRcHreQc6HLfV6AE2wtYTpnv1tyX,Paddy O'Rafferty,NA,Paddy O'Rafferty,Misc Traditional,anon.,folk,NA,publicdomain,0.0,0,0,2,1,1,0,176,1014,5.761363636363637,False,2.538786562802509,1.0,0.985479797979798
QmT1zTfhj62XfinFLhqKX5wKVKGkmtkKvZrPnzfecn5Sqh,Paddy O'Rafferty (1),NA,Paddy O'Rafferty,Misc Traditional,NA,folk,NA,publicdomain,0.0,0,0,2,1,1,0,40,220,5.5,False,2.603494815231087,0.9954545454545456,0.9694444444444444
QmaSeYNgZcY8TWsaxUb53fB8MtuczRq6wSRM2yPsSJ35nB,Paddy O'Rafferty (2),NA,Paddy O'Rafferty,Misc Traditional,NA,folk,NA,publicdomain,0.0,0,0,1,1,1,0,32,174,5.4375,False,2.610343170175025,0.9885057471264368,0.9435763888888888
QmZJHUFQjmWcPn4gndD2ZuJ8wsNL434Vox9aJmGC6bWoMh,Paddy O'Rafferty (jig) 0954,NA,Paddy O'Rafferty,Misc Traditional,after Chief F. O'Neill,folk,NA,publicdomain,0.0,0,0,4,1,1,0,82,480,5.853658536585366,False,2.606152103903373,0.9916666666666668,0.9918032786885246
QmRWpLkyWAZaKRGRgrfJUAm5z9twiWHtsaouVoAagm5pjn,Paddy O'Rafferty's -- Jig,NA,Paddy O'Rafferty,Misc Traditional,NA,folk,NA,publicdomain,0.0,0,0,1,1,1,0,40,240,6.0,False,2.554064992162566,1.0,0.9944444444444444
QmR9aYZevujEYmwPbRzQWEgvUdrFvfpwyLBRvhTWFsKjR8,Paddy O'Rafferty. JJo.128,NA,Paddy O'Rafferty,Misc Traditional,NA,folk,NA,publicdomain,0.0,0,0,3,1,1,0,96,568,5.916666666666667,False,2.4403919364865847,1.0,0.9652777777777778
QmcjrkJX39v9hS1hKwRnfyungRFMpDWCYbdYL5JacPubNi,Paddy O'Rafferty. LW.036,NA,Paddy O'Rafferty,Misc Traditional,NA,folk,NA,publicdomain,0.0,0,0,2,1,1,0,145,866,5.972413793103448,False,2.4837138011966253,1.0,0.9701003086419752
QmcwDvmJH1TAEjQgJ7VsceJvhFNpL1QcxzWrWF1z427UqC,Paddy O'Rafferty.2voices. AJH.020,NA,Paddy O'Rafferty,Misc Traditional,NA,folk,NA,publicdomain,0.0,0,0,0,0,2,0-0,32,384,12.0,False,2.7225975057716933,0.9973118279569892,0.9739583333333334
QmenF5zRECQ2XPmMZ1NesnNoi38N9ZxziEwLrcHuJU7hVj,Paddy O'Rafferty.2voices. AJH.020,NA,Paddy O'Rafferty,Misc Traditional,NA,folk,NA,publicdomain,0.0,0,0,0,0,2,0-0,48,584,12.166666666666666,False,2.6864476579007306,0.99644128113879,0.9780092592592592
QmXNejNisR8zTYKzedpVXFg9CpzUhK3J6ep7RznysRsyjw,Paddy on the Pike,NA,Paddy on the Pike,Misc tunes,NA,NA,NA,publicdomain,0.0,0,0,1,1,1,0,3,13,4.333333333333333,False,2.4696704873718613,1.0,0.9270833333333334
QmRGYTmkNMkMkTJgo7KU631Ts3jRhzKZy3REs4Der3W88X,Paddy ORafferty,NA,Paddy O'Rafferty,Misc Traditional,NA,folk,NA,publicdomain,0.0,0,0,2,1,1,0,33,199,6.03030303030303,False,2.4579919899554694,1.0,0.984375
QmRGiRy4wVDrcgXY2PvCzLf9ZUpfcVy3rRfvMPxKZHhZjh,Paddy ORafferty,NA,Paddy O'Rafferty,Misc Traditional,NA,folk,NA,publicdomain,0.0,0,0,4,1,1,0,129,746,5.782945736434108,False,2.471414707017633,1.0,0.9626736111111112
QmcgnnessSL8x5LpaTyW82ZjS1ZjTQnkNowuVUswGSAoCP,Paddy Ryan's Dream (2nd Setting) (reel) 1182,NA,Paddy Ryan's Dream,Misc tunes,after Mr. McFadden,NA,NA,publicdomain,0.0,0,0,3,1,1,0,18,141,7.833333333333333,False,2.9398071968088835,0.9148936170212766,0.9309895833333334
QmW5qfDX4T6i3zchu36kE2sXCRsaQA3mnjFr4UNoRKptbW,Paddy the Piper (jig / slipjig) 0964,NA,Paddy The Piper,Misc tunes,after Chief F. O'Neill,NA,NA,publicdomain,0.0,0,0,2,1,1,0,56,330,5.892857142857143,False,2.7299865167876374,0.993939393939394,0.9660852713178296
QmerchVwbg61wwzLW5bQ7fBnxxTC482voHaLvWr7zwBVt9,Paddy's Own Sweet Little Island of Green. RH.362,Paddy's Green Islandaka. RH.362,The Green Island,Misc tunes,NA,NA,NA,publicdomain,0.0,0,0,3,1,1,0,36,192,5.333333333333333,False,2.553991244913348,1.0,0.9774305555555556
QmaVCKCknFTnDyHsXu3bYBm7M9udxUYbaRzM3da2VsMxgC,Paddy's Perambulations,NA,Paddy's Perambulations,Misc tunes,NA,NA,NA,publicdomain,0.0,0,0,2,1,1,0,286,1403,4.905594405594406,False,2.561705647981628,1.0,0.9526143790849672
QmQAKi5tNZ6Khpr8diDmjuUD41uwYDuBbvaoCvWPjyJjaZ,Padmoskownye vjetsjera,NA,Padmoskownye vjetsjera,Misc tunes,NA,NA,NA,publicdomain,0.0,0,0,3,0,3,0-0-0,48,465,9.6875,False,3.116664455416114,0.8861607142857143,0.9334935897435898
QmUh5gHKFVprkrFEgin3E9DEn1WCN8kJwZzgK7AxL2kLSa,PADORU PADORU âª,NA,Padoru Padoru,Saber Nero Claudius,Saber Nero Claudius,NA,padorupadoru,cc-zero,4.89,7,14,2457,0,1,0,32,24,0.75,False,2.5535088547976783,1.0,0.9583333333333334
QmS5crFxa4wRDUutVMnJrEMVuSEtgM85pUTMU3v9JXUuga,Padraig O'Keefe's Slide in G,NA,Padraig O'Keefe's Slide,Misc tunes,NA,NA,NA,publicdomain,0.0,0,0,4,1,1,0,40,176,4.4,False,2.7140897696742186,1.0,0.9097222222222222
QmPX7KhAh4296kQfEdbJkmNugukVqmcXZdmt4ntgJPfRJn,Padraig O'Keeffe's Slide,NA,Padraig O'Keeffe's Slide,Misc tunes,NA,NA,NA,publicdomain,0.0,0,0,3,1,1,0,20,169,8.45,False,2.7051037910846056,1.0,0.9111111111111112
QmfH8od9BS7ux4KVYxqp7mRJR7Lm3RUrt57AWP7taRjVtL,Padstow May Song,NA,Padstow May Song,Misc tunes,NA,NA,NA,publicdomain,0.0,0,0,8,1,1,0,52,134,2.576923076923077,False,2.662445764035624,1.0,0.956845238095238
QmVGD6ENauyp7ff7bWRQ6PyxJQJGLx9R31zHzBbWsGecfq,Padstow May Song - 1 from the singing of the man,NA,Padstow May Song - 1 from the singing of the man,Misc tunes,NA,NA,NA,publicdomain,0.0,0,0,25,0,2,0-0,59,177,3.0,True,3.1972038269607266,0.8114285714285714,0.9652777777777778
QmS8r9Yn4tLQS9eydtD5EQ3X4Pi6TFgEtdUu31B8nFieY8,Padstow May-day song - 1 from the man who dances,NA,Padstow May-day song - 1 from the man who dances,Misc tunes,NA,NA,NA,publicdomain,0.0,0,0,25,1,1,0,34,82,2.411764705882353,False,2.9531730963170904,0.8536585365853658,0.9109848484848484
QmYdHVMGWQUnbzSepx3AXpSDqjJDqevVPba9RPud7RjMRS,Paesiello - When O'er the deep Abyss the Storms fierce rage,NA,When O'er the deep Abyss the Storms fierce rage,Paesiello,Paesiello,classical,NA,publicdomain,0.0,0,0,4,1,1,0,48,187,3.8958333333333335,True,2.644958417391188,0.983957219251337,0.9524456521739132
QmbSBQ4v4HQfrbyUhAyjctxhreqGG75T5Ug7zZm4joLftj,Pagpupuri sa Dios (Doxology),(Doxology),NA,NA,Jude 1:24-25 OLD 100TH Genevan Psalter 1551,NA,imnaryongkristiyano-tagaloghymns,cc-zero,0.0,0,3,81,1,1,0,13,142,10.923076923076923,True,2.689414021934157,1.0,0.966346153846154
Qmd3Da5UErx3SniWbABTCneSPkHnPZDGYcDkbXrcmTdrFQ,Pain Is Everywhere,NA,Pain Is Everywhere,Misc tunes,NA,NA,pain-painiseverywhere-piano-violin-angel-live-succes-gain-music-beautiful,cc-zero,4.83,3,26,2119,2,1,0,48,531,11.0625,False,2.7349185753650582,0.9962335216572504,0.7171474358974359
QmNXdqk76CwyGxLGZQtcc6wJgtHjiNtocMxYumCnNFwU3p,PAIN'S FIRST SET OF QUADRILLES 4,NA,PAIN'S FIRST SET OF QUADRILLES 4,Misc tunes,NA,NA,NA,publicdomain,0.0,0,0,1,1,1,0,70,362,5.171428571428572,False,2.813403041142712,0.994475138121547,0.923828125
QmXm8eC7BWg5MoDLMozuBkvLnQsq83xX2rHyg1nQi84jna,Pain's furnace-heat within me quivers,NA,Pain's furnace-heat within me quivers,Anonymous,NA,classical,NA,publicdomain,0.0,0,0,3,1,1,0,20,255,12.75,False,2.518872620490088,1.0,0.9270833333333334
Qmb9sCtXdW7cqfStJ8KYmcgDSPCmseb1wSU6jkJ7vENwz8,Painful History,Hanako's Theme From Katawa Shoujo,Painful History,Nicol Armarfi,Composed by NicolArmarfiTranscribed and Arranged by èçª,NA,katawashoujo-hanako-painfulhistory-anime-animepiano-visualnovel-nicolarmarfi,cc-zero,4.87,5,7,179,2,1,0,44,676,15.363636363636363,False,2.766039755782105,1.0,0.9559108527131784
QmdGGr7gDBP2yosg6rvEBZhZE6T5ibDGCAX35YQFEvqrJ5,Paint It Black (Advanced Piano Solo),Westworld OSTSeason 1 Episode 1,paint it black,The Rolling Stones,Composed by The Rolling Stones & Ramin DjawadiPiano arrangement by Nicolas Del GalloFull playthrough and more athttps://www.youtube.com/c/NDGmusicIf you want to donate please check out my Patreon âºhttps://www.patreon.com/ndg,rock,westworld-pianosolo-ramin-djawadi-advanced,cc-zero,0.0,0,26,531,2,1,0,153,2460,16.07843137254902,False,3.0175329643178985,0.9210740439381612,0.9300213675213675
QmZBec2vExwRCqSheGyf42CVEX1o8PSs5PLatqSFwh19p2,Paint It Black BLACK MIDI,NA,Paint It Black BLACK MIDI,thecatgamer137,NA,NA,NA,cc-zero,0.0,0,1,78,0,4,0-0-0-0,47,41140,875.3191489361702,False,3.4280176149634856,0.7319649092922238,0.9669117647058824
QmXfp7Gv2TZmKyrRioKTcw3YMQwYvpCyLeEW3hzxzd7329,Painted Chamber. (p)1688.PLFD.301,Country Farmer's DaughterThe. (p)1688.PLFD.301,Painted Chamber. (p)1688.PLFD.301,Misc tunes,NA,NA,NA,publicdomain,0.0,0,0,3,1,1,0,28,120,4.285714285714286,False,2.726672148049512,1.0,0.943287037037037
QmfRbd5ygo1i9iyYYw2UWkKdkpZdNXrVeBiWYZgDnSdfxF,Painter's Polka,NA,Painter's Polka,Misc tunes,NA,NA,NA,publicdomain,0.0,0,0,2,0,2,0-0,21,232,11.047619047619047,False,2.6638244628883427,1.0,0.9145833333333332
QmdM7sXKEMtrKoMpUxS7zvLZAPoR1SCwrfqNCuSWwTHMJU,Pair of Wintry Winds Short Version Easy,Short Version Easy,çªå (Tsugai Kogarashi),sigotositeP,Transcribed By i c e,classical,NA,cc-zero,4.83,3,37,861,1,1,0,33,435,13.181818181818182,False,2.666740998272258,0.9954022988505749,0.9861111111111112
QmRsrNZ4dNCD75MCfhwL4eW3U4z4ua3ZcAVwZFSUqAerPB,PakÄpiens,NA,PakÄpiens,Edziic,E. KaÄ¼va,NA,NA,cc-zero,0.0,0,0,5,0,1,0,37,541,14.62162162162162,False,3.363433070315246,0.7808988764044944,0.9189814814814816
QmQU9TywC7ahT43WQWs6fLKP3n8UwCDXwNoV4qD1ADDj4c,Palatinate Wine,NA,Palatinate Wine,Kikatzu,Marc Jaworski,NA,folk-march-palatinate,cc-zero,0.0,0,2,61,2,1,0,146,1555,10.650684931506849,False,2.7770355375224822,0.9819935691318328,0.9129050925925926
QmZiDg68RDcUbmRDBX6Jug9QXf74LqZGp7qzE8nZAGF5US,PALESTINE (Mazzinghi) - Joseph Mazzinghi,NA,PALESTINE (Mazzinghi),Joseph Mazzinghi,NA,classical,NA,publicdomain,0.0,0,0,34,1,1,0,26,223,8.576923076923077,True,2.618955400521959,1.0,0.9322916666666666
QmZsqUDzyKSJxRpjvECSx2MjxuNvYVnbdct3CAra7pyqxw,Palestra di Austropoli(Castelia's Gym),NA,NA,NA,Composto da Hitomi SatoArr da R.Gargiulo,NA,pokemongymcasteliablackandwhite,publicdomain,0.0,0,5,447,1,1,0,64,402,6.28125,False,2.8202991397178234,0.965174129353234,0.9593098958333334
QmWs3BzpQaZU3LgacjXztWc4REnc4YFfGbfYagArLc13xq,Pall mall,Pell-mell,Pall mall,Misc tunes,NA,NA,NA,publicdomain,0.0,0,0,1,1,1,0,18,79,4.388888888888889,False,2.8148223127066903,0.9873417721518988,0.9479166666666666
QmP81fNob438y2bzCvTtwmr5bvNu3iu3xYwX8MM8duaotX,Pall-Mall. (p)1686.PLFD.253,Pell-Mell. (p)1686.PLFD.253,Pall-Mall. (p)1686.PLFD.253,Misc tunes,NA,NA,NA,publicdomain,0.0,0,0,2,1,1,0,38,158,4.157894736842105,False,2.819837634115393,0.9873417721518988,0.94921875
QmXBB3CGqwWUhuTMcocvhXEdeT7wc7hTZVw5mJC7zeKCdV,Palm - Forced Hand (Drum Transcription),NA,Forced Hand,Palm,Palm,NA,palm-forcedhand-drums,cc-zero,0.0,0,0,30,0,1,0,117,781,6.675213675213676,False,2.685025126324182,0.8462549277266754,0.8428030303030303
QmebTAxhaTX9ubeUiia58AaL8y6WV4wqPZL5F2ASDGXPjj,Palm Sunday (jig) 0829,NA,Palm Sunday,Misc tunes,after Chief F. O'Neill,NA,NA,publicdomain,0.0,0,0,5,1,1,0,38,176,4.631578947368421,False,2.8712147019283947,0.9545454545454546,0.9566666666666668
Qmdop8nWCXzMq2eipA87n5zrFLtC8tPb2CHQUaTevZzMu7,Palms of glory raiment bright - J. E. Gould,NA,Palms of glory raiment bright,J. E. Gould,NA,classical,NA,publicdomain,0.0,0,0,6,1,1,0,35,219,6.257142857142857,True,2.574345366911297,1.0,0.9453125
QmbBjr4WxDVXYve85gzzJ8hdKC3tBT8EBAeWaYhC6QE1st,Palo Negro,NA,Palo Negro,anonimus,NA,classical,NA,cc-zero,0.0,0,3,109,2,1,0,87,781,8.977011494252874,False,3.0234263453989976,0.8962868117797695,0.9458333333333332
QmbYmzrdQD7mBEa28Ug9tmDE2mJ36TedLwbGLdXRgjHRrW,Pam Loo or.... Car(L).38,Who's Lucky? Car(L).38,Pam Loo or.... Car(L).38,Misc tunes,NA,NA,NA,publicdomain,0.0,0,0,1,1,1,0,12,76,6.333333333333333,False,2.7232331925039768,1.0,0.8402777777777778
QmQFm4pv1XvsCRzCxiTQjyfGtFjPLpnhcCAkpFhJaNtHnB,Pamela Campbell's 20th Birthday,NA,Pamela Campbell's 20th Birthday,Misc tunes,NA,NA,NA,publicdomain,0.0,0,0,4,1,1,0,45,207,4.6,False,2.526018057693993,1.0,0.9534722222222224
QmcpHNYYm9sv5cViYmYNmQ4X8ZULXJM47t6KhVZPiA11Et,PamiÄtne dawne Lechity,NA,NA,NA,NA,NA,polskamuzykaw-polonica-pienipatriotyczne-muzykawokalna-piewniki-wroclawuniversitylibrary-publicdomain-digitallibrary-polish,cc-zero,0.0,0,0,151,1,1,0,25,96,3.84,True,2.929857650506791,0.9166666666666666,0.9348958333333334
QmYxZTL9rQ3NDGSQ7HxSBm8M7AGV13io9Jiw1rwfCtsgbt,Pamulinawen- Marc Yhuri Refuerzo-Naing,NA,Pamulinawen,Misc Traditional,Revised by: Marc Yhuri Refuerzo-Naing,folk,folksongofilocano,publicdomain,4.78,11,14,4581,1,1,0,34,225,6.617647058823529,True,2.595630806014251,0.9822222222222222,0.9227941176470588
QmaXPov1Jrvpi5hGuLW3MtEg4HMsDK6V3xeFsc5LpskFoW,Panama,NA,NA,NA,William H Tyres - 1913,NA,copyrightfreeoldjazz-creolejazz,cc-zero,0.0,0,5,727,0,1,0,126,522,4.142857142857143,False,3.193882414298049,0.8754789272030651,0.9188333333333334
QmYv7qB95mEK4FpjkQTwswdCujiCCKCgpmdpgDUxdtpBgB,Panambí Johvé,NA,NA,NA,NA,NA,NA,publicdomain,0.0,0,0,362,0,1,0,1,7,7.0,False,-0.0,1.0,NA
QmWGRRnJX8B1i1MmuwfymSa8V4wJZwi9wMLW6s6vu9QokM,Panda Eyes - ILY,NA,Panda Eyes - ILY,Juan Francisco Piqueras Toharias,NA,NA,NA,cc-zero,0.0,0,10,333,1,1,1,8,108,13.5,False,2.3395371858154785,1.0,0.9713541666666666
QmdEQoSeAiVS8hGLmAF59hffyZR8cY9z2BuBxXxfB2reSP,Pandy Y,Fulling Mill The,Pandy Y,Misc tunes,NA,NA,NA,publicdomain,0.0,0,0,1,1,1,0,14,63,4.5,False,2.6365640689850447,1.0,0.912037037037037
QmUWT86XjB6LsFVDvCEFakz7cbtYkV9yNxspvLQK4w32Wq,Panem Nostrum,(Our Bread),Panem Nostrum,James R.B. Kieliszewski,James R.B. Kieliszewski,NA,NA,cc-zero,0.0,0,1,58,0,5,0-0-0-0-0,74,1750,23.64864864864865,True,3.0936329966405287,0.9152866242038216,0.9786036036036035
QmegvzxcbpDHLH4XmHbHAky8eYv4NCzP5qZykjHMExAfep,Pangarap Ko Ang Ibigin Ka SATB with Piano,( SATB with Piano Accompaniment),Pangarap Ko Ang Ibigin Ka SATB with Piano,oms.scores,NA,NA,NA,cc-zero,4.11,6,8,100,0,2,0-0,35,200,5.714285714285714,True,2.565235033053702,0.985,0.9466666666666668
QmfSDSyrLtMnBujKkHpZPrKqQkaWQGU8rXainJagsXAA7A,Pange lingua,NA,Pange lingua,Anonymous,NA,classical,NA,publicdomain,0.0,0,0,9,0,3,0-0-0,61,311,5.098360655737705,False,2.774974298556176,1.0,0.9411962365591398
QmTVhanJscQQ8pwBUnBzdCDVB9DPTugP1qeFFNV6SSgFYC,Pange lingua (Urbs beata Jerusalem),NA,Pange lingua,Anonymous,NA,classical,NA,publicdomain,0.0,0,0,23,0,4,0-0-0-0,66,362,5.484848484848484,False,2.8480867210050245,0.9916897506925209,0.9706439393939394
Qmc2msPZkpJrQRpapnrFeMVzi2BVjdKVgwKMuUmzzWtQRV,Pange lingua - Mozarabic chantcreate page,NA,Pange lingua - Mozarabic chantcreate page,Mozarabic chantcreate page,Traditional Mozarabic chantText attrib. Thomas Aquinas,classical,NA,publicdomain,0.0,0,1,25,1,1,0,32,56,1.75,True,2.6582406692167826,0.9821428571428572,0.986328125
QmXVPp7pn4PugQkeMKS13fmoPNSkSJ3iGABa7EEaHESYyJ,Pange lingua III,NA,Pange lingua,Anonymous,NA,classical,NA,publicdomain,0.0,0,0,17,0,4,0-0-0-0,32,389,12.15625,False,2.7804838836466703,0.9973753280839897,0.953125
QmP3dsxnkmkcZv65pVYBWYqnQkdkBNoQQZpmGg9wENMeGu,Panini_by_Lil_Nas_X,Written by Lil Nas X,NA,NA,Arranged by Cameron McMahon,NA,NA,cc-zero,0.0,0,1,49,1,1,0,73,471,6.452054794520548,True,2.6553236655173538,1.0,0.9409722222222222
Qme73gBJSMZFaW1FXzHs89Jx6FZYqRemEuhiWVAXcj9NuK,Panis angelicus - Camille Saint-Saëns,NA,Panis angelicus,Camille Saint-Saëns,Camille Saint-Saens(1835-1921),classical,NA,publicdomain,0.0,0,0,110,0,3,0-0-0,75,1014,13.52,True,3.0557899313636927,0.9267192784667418,0.9695216049382716
QmXQ32PQbfmbTsRBkzksuQsUHiydL7BHW9UaSoSyDT1GFe,Panis Angelicus - César Franck,(from Messe à trois voix),Mass Op.12 No.5 (Panis Angelicus),César Franck,Cesar Franck(1872),classical,NA,publicdomain,4.83,21,6,1016,0,3,0-0-0,61,884,14.491803278688524,True,2.9947874305268907,0.9486873508353222,0.9736111111111112
QmbQkJNbSK9ftGh9e9257VmFShoheMop8Gmf5aVK4jPZ6C,Panorama - Senritsu Theme - Hunter x Hunter 1999,Hunter x Hunter - Senritsu Theme,Panorama,Hunter x Hunter,Original: Nash Music LibraryArreglo: Shima Piano,classical,hunterxhunter-hunterxhunter-kurapika-neonnostrade-senritsu-panorama-melody-nostrade,cc-zero,4.89,7,33,851,2,1,0,54,807,14.944444444444445,False,3.0417964970783498,0.9244114002478316,0.9491185897435898
QmXEY8zxEMCaX6zCkffmpvfxU8t1Exn8et4VwNuaZRaYxa,Pans Labyrinth Theme (El Laberinto del Fauno),Theme from Pans Labyrinth,pans labyrinth theme,Javier Navarrete,Javier Navarette,classical-soundtrack,NA,cc-zero,4.8,32,213,10129,0,1,0,67,397,5.925373134328358,False,2.820468336524665,0.9596977329974812,0.9729166666666668
QmSfm6idGpnkXSAERMmPwSNWBGx39XsRL4dGQP7q1i8W58,Pant Corlan Yr Wyn,NA,Pant Corlan yr Wyn,Misc Traditional,NA,folk,NA,publicdomain,0.0,0,0,1,1,1,0,36,164,4.555555555555555,False,2.450373417465388,1.0,0.9010416666666666
QmWsDKFqgmrekVDrnDvsXG1WGJpbYTpsJDJmdTp7aL9WFR,Pantera Rosa,NA,NA,NA,NA,NA,NA,cc-zero,0.0,0,6,191,1,1,0,22,87,3.954545454545455,False,2.8476144433503587,0.8045977011494253,0.878968253968254
QmfSGCAmjbPhh92PJxBXuZbuweUqbNaF21jh1SZuZ65iQG,Pantheon Cotillion. TWC.256,NA,Pantheon Cotillion. TWC.256,Misc tunes,NA,NA,NA,publicdomain,0.0,0,0,2,1,1,0,48,208,4.333333333333333,False,2.663809516962888,1.0,0.916087962962963
QmYSCMMsYwaHZzJJKMGbkHLsFsYaesSpSZ6TtKvwzHn2UJ,Pantheon CotillonThe. JaW.041,Grant's Rant. JaW.041,Pantheon CotillonThe. JaW.041,Misc tunes,Grant's Rant,NA,NA,publicdomain,0.0,0,0,3,1,1,0,32,141,4.40625,False,2.6115805039047006,1.0,0.9030797101449276
QmaQekr4memipLUbbU2LSzowXTuEGtRFWisK7q4ojc1DLE,Papageno-Papagena Duett,From Mozart's The Magic Flute (Die Zauberflöte),Papagenas Nightmare,Peter WesenAuer,Arrg by Armando Tinajero,NA,mozart-opera-piano-solo-papageno-papagena-themagicflute-diezauberflote-diezauberflte-magicflute-amadeus,publicdomain,4.59,14,95,8240,2,1,0,130,1633,12.56153846153846,False,2.6650881024395163,0.9736680955297,0.9366925064599484
QmWvKFdmJHixKUYiHNhobMgR4DTPmVvcJRqTGNARRfjmpc,papel de plata,NA,papel de plata,elmata911,NA,NA,NA,cc-zero,0.0,0,1,22,1,1,0,60,368,6.133333333333334,False,2.6941600955090026,0.967391304347826,0.9652777777777778
Qma2xymqgvsUgjQgqFwKD9UrQh1oJ8wqwDrgg6kpMPNGwx,Paper Hearts,for synco,Paper Hearts,chetmanmusic,arr. by dani,NA,NA,cc-zero,0.0,0,2,124,0,9,0-0-0-0-0-0-0-0-0,18,354,19.666666666666668,True,2.744609934838516,1.0,0.9869791666666666
QmeGBJPojy7kmGH8HtewLuLxZKKkrqVZ4dWscDriuEydJ9,Paper Moon(Soul Eater Opening 2),NA,papermoon,Tommy Heavenly6,NA,rock-pop,souleater,cc-zero,4.63,30,392,27288,2,1,0,65,1202,18.49230769230769,False,2.901698305288106,0.908485856905158,0.9794921875
QmWaVpUjCwoJWsx4Hc9Cug39o8Lw5hags1u5R9Ur4HgYRn,Papers Please Main Theme,NA,papers please theme,Misc Computer Games,by Lucas Pope Transposed by Pocketninja,soundtrack,NA,cc-zero,0.0,0,15,1654,0,2,0-0,47,413,8.787234042553191,False,2.677143549319371,0.9322033898305084,0.9023148148148148
QmcUD6aXYAZ42JUjEGmNXCNwzq8G8j59WyAYHNoUek8p7d,Papillon Op 43 No 1,Butterfly from Lyric Pieces,Lyric Pieces Op.43,Edvard Grieg,Edvard Grieg,classical,edvardgrieg-butterfly-piano-classical-sommerfugl-major-a-amajor-happy-grieg,cc-zero,4.86,12,18,890,2,1,0,47,921,19.595744680851062,False,3.355386619144503,0.8122270742358079,0.931781045751634
QmUzZpVeeV2rh7TWyZgb8CPHsY3Lr6G7QkxKeDZtkYeDrc,Pappani pellon per\all\a,NA,Pappani pellon per\all\a,Misc tunes,NA,NA,NA,publicdomain,0.0,0,0,3,1,1,0,8,39,4.875,False,2.3698834429798508,1.0,0.921875
QmWpqQB7m1q7dDFkDNXpZ7ksfwfzZVAHAEZkJczSsnYQY4,Para el mas glorioso triunfo - José de Torres,Villancico a 8 con violines y oboe o clarín,Para el mas glorioso triunfo,José de Torres,José de Torres y Martinez Bravo [1665-1738],classical,NA,publicdomain,0.0,0,0,24,0,12,0-0-0-0-0-0-0-0-0-0-0-0,328,9294,28.335365853658537,True,2.94604373761071,0.9483384905152696,0.9510091145833334
QmWjdKwxQPKvH4CFb4d4j3o3PCHFkvjHd9DavHdnH4Ebvu,Para Elisa - Piano,Beethoven,Beethoven - Para Elisa,Música Clásica,Transcripción: Darío Hernández(Febrero 2020),classical,paraelisa-frelise-piano,cc-zero,4.55,62,45,6607,1,1,0,31,197,6.354838709677419,False,2.632414804511734,0.8730964467005076,0.9855072463768116
QmemSTE1mCpaAHsNUtPH23h3PhVWJn9WpxuVMr53WY8igK,Para Judith op. 2 in A minor,NA,Para Judith op. 2 in A minor,adrianbedoyap,A. Bedoya,NA,NA,cc-zero,0.0,0,1,12,2,1,0,64,1190,18.59375,False,2.9749862003095275,0.9336134453781512,0.9166666666666666
QmZ8mim2ipTtef7N8DQtiy1L6w4wHAGUsjw821dRDhE6Ts,Para pedro,Transposição em Oitava,Para pedro,miguelitopode,NA,NA,NA,cc-zero,0.0,0,0,16,1,1,0,41,238,5.804878048780488,False,3.211952075872263,0.8865546218487395,0.8458333333333333
QmYjWpmHU4ZsVDtk7qxv9WLF9Z8q4ATGiRdwCS7kuX8FBW,Parabéns pra você em Sol maior,NA,parabéns pra você,Misc Traditional,Arrangement: Laiane Farias,folk,NA,cc-zero,0.0,0,5,527,0,1,0,18,220,12.22222222222222,False,2.8301834148224305,0.981651376146789,0.9519230769230768
QmQrNpXac81K3UbcEvQR9C4QkTaovzqDo2C4CXyx5s9YDs,PARACLETE (Burnap) - Uzziah C. Burnap,NA,PARACLETE (Burnap),Uzziah C. Burnap,NA,classical,NA,publicdomain,0.0,0,0,1,1,1,0,8,108,13.5,True,2.865925364687915,0.9351851851851852,0.9583333333333334
QmeTYjymFWfDnZVys58MJfjLakZzeRMDGpvTZvGzN3WPH7,PARACLETE (Harker) - J. Harker,NA,PARACLETE (Harker),J. Harker,NA,classical,NA,publicdomain,0.0,0,0,4,1,1,0,13,100,7.6923076923076925,True,2.890734932667646,0.95,0.9560185185185184
QmQmEXn7NqYVHvCeK5MUfqdUUHGyD3rYsq3hJJZuk3ri7t,Parade of the Wooden Soldiers,NA,Parade of the Wooden Soldiers,Misc Traditional,NA,folk,NA,publicdomain,0.0,0,0,161,0,2,0-0,135,3225,23.88888888888889,False,3.028150175736444,0.9136690647482014,0.8208955223880597
QmQUkpVwXswCxoCTM5XLt8bGY9AhKuPX4WNYyEKZKFovrz,Paradiddle Hat Variations,NA,NA,NA,NA,NA,drums-hihat-paradiddle,publicdomain,0.0,0,3,522,0,1,0,39,909,23.307692307692307,False,1.618683561145122,0.9955995599559956,0.875
QmaAZFBmUKzBnq8dsYgg9tG9tdkwUT4qkJBNXKab1ze8gA,Paradiddle Nightmare (Battery Exercise),Battery Exercise,NA,NA,NA,NA,battery-drumline-percussion-warmup-exercise,cc-zero,4.88,6,26,977,0,4,0-3-6-7,16,773,48.3125,True,2.51846241985341,0.8796895213454075,0.8763888888888889
QmPo3AfT2XvSGK5p3wRVwvdDyhNCHNaWX5iC9oRCAcMmUR,Paradiddle Permutations,8th 16th 32nd notes,NA,NA,NA,NA,NA,cc-zero,4.83,3,1,80,0,2,0-0,54,696,12.88888888888889,True,-0.0,1.0,0.9137426900584796
QmWJ6NJFX33ZS6uBsmkBBQQRk6WiZmbiRLY3tjop2bm3Ed,Paradiddle_Development_cutaway,8th 16th 32nd notes,NA,NA,NA,NA,NA,cc-zero,0.0,0,1,36,0,2,0-0,27,348,12.88888888888889,True,-0.0,1.0,0.8824404761904762
QmWsn25Pw9eKD3YBTGCqCvzcSkf24SeWg73FRrZVLDz5vr,Paradigm,NA,Paradigm,RoyalCroissant,NA,NA,NA,cc-zero,0.0,0,0,58,2,1,0,25,481,19.24,False,2.606213596852377,1.0,0.951593137254902
QmSPACBiTLFWtGQm8j9ifKTMUie2xA1q7GTT81V8WpHsbo,PARADISE (Smart) - Henry Thomas Smart,NA,PARADISE (Smart),Henry Thomas Smart,NA,classical,NA,publicdomain,0.0,0,0,2,1,1,0,22,213,9.681818181818182,False,2.8467621324314103,0.976525821596244,0.9572368421052632
QmWCGuCkv7o1HZLmNTkZ17HbRH6eyQbdkKuc7RhGPdRpa4,Parallel_composition,Reddit Composition Challenge 1- Sept 24 2019,NA,NA,Nick Piovesan,NA,binary-parallelperiod,cc-zero,0.0,0,0,84,1,1,0,16,173,10.8125,False,3.048034929334591,0.9132947976878611,0.9505208333333334
QmU2M4E8NQmfoXf59U7bBfWS3jALbRJww9BYB3TZyJyv7g,Parallelograms,NA,Tom Brier Improvisation,Tom Brier,Tom Brier https://musescore.com/user/19465036/scores/5186803 Transribed from: Album: Blue Sahara Track 2: Parallelograms,jazz-classical,ragtime-tombrier,cc-zero,4.94,16,33,1775,3,1,0,182,4882,26.824175824175825,False,3.2704558456055364,0.861771944216571,0.9186241610738256
QmU1f8iV1vhZ5RsyXGAXyL7ogfqsCdBDtMqcMcnanquWf7,Parallels,NA,Parallels,Young Composer7,NA,NA,NA,cc-zero,0.0,0,0,24,1,1,0,82,849,10.353658536585366,False,2.636071790555322,0.9623085983510012,0.9959349593495936
QmZuVFR8z9ruYGWJ9QyC2uRpocT2H899ZZxkXkF1E1bNpS,Paratum cor meum - Ascanio Trombetti,NA,Paratum cor meum,Ascanio Trombetti,NA,classical,NA,publicdomain,0.0,0,0,5,0,5,6-6-6-6-6,45,872,19.377777777777776,True,2.868083834126896,0.9659224441833136,0.9638409961685824
QmVtXBr4MchkzTsDDpmf51m7K1L3Hi29o69u49kpzFZJm6,Paratum cor meum - Giovanni Cavaccio,NA,Paratum cor meum,Giovanni Cavaccio,NA,classical,NA,publicdomain,0.0,0,0,6,0,2,0-0,38,449,11.81578947368421,False,2.9610017154163355,0.9465478841870824,0.9631410256410255
QmXVuEQ8NU5NrJ5BiYUujpK7E8ScT1gXLqTrsZp23aZDZC,Parazotti - Banks (of the River),Mrs. Taft's Hornpipe,Banks (of the River),Parazotti,Parazotti,classical,NA,publicdomain,0.0,0,0,4,1,1,0,28,328,11.714285714285714,False,2.9439531530848027,0.951219512195122,0.8975694444444444
QmPbYLCJTXi7q6nPdNZpskvjtBTHU99WqtRGU9c4jHxuwL,Parazotti - Banks Hornpipe,NA,Banks Hornpipe,Parazotti,Parazotti,classical,NA,publicdomain,0.0,0,0,11,1,1,0,61,391,6.409836065573771,False,2.8735746956033457,0.9718670076726342,0.9601934523809524
QmSZzj63jtY3AWnw1acys5tqjTYMCZXF6WUGobwvzPPU3d,Parazotti - Banks Hornpipe,NA,Banks Hornpipe,Parazotti,Parazotti,classical,NA,publicdomain,0.0,0,0,4,1,1,0,35,204,5.828571428571428,False,2.929232599571425,0.9607843137254902,0.9563802083333334
QmXrA27sD4nD9j3FE3qcRZe9MCnu11Q1eTF7iHSk3Z5BqQ,Parazotti - Mrs. Taff,NA,Mrs. Taff,Parazotti,Parazotti,classical,NA,publicdomain,0.0,0,0,0,1,1,0,61,391,6.409836065573771,False,2.8735746956033457,0.9718670076726342,0.9601934523809524
QmYkq2wffkzm4c17xfVwNir1DNdBTZ4jaMFh7gwAGSpnfo,Parazotti - Souvenir Of Venice,NA,Souvenir Of Venice,Parazotti,Parazotti,classical,NA,publicdomain,0.0,0,0,7,1,1,0,61,391,6.409836065573771,False,2.8735746956033457,0.9718670076726342,0.9601934523809524
QmbHqFenpnH7BwzSgys9QxbHnewLb22kQzBnVbAyyZC3rR,Parce mihi domine - José de Torres,Lección primera,Parce mihi domine,José de Torres,José de Torres y Martinez Bravo [1665-1738],classical,NA,publicdomain,0.0,0,0,30,0,9,0-0-0-0-0-0-0-0-0,88,1645,18.693181818181817,True,3.0246294220159013,0.9307984790874524,0.9764441287878788
QmfVx5or35cEgqjoDdWRVfh3TpDZ7mpzNxb9GgjYAHK2QY,Parcel of Rogues in the Nation A,NA,A Parcel of Rogues in a Nation,Misc tunes,NA,NA,NA,publicdomain,0.0,0,0,27,1,1,0,84,616,7.333333333333333,False,2.7194460712604047,0.987012987012987,0.8985507246376812
QmfFinbiwVwnfz9nrW66EimUTviJVvkJXywppFp8NfGMFk,PARDON (Egli) - Johann Heinrich Egli,NA,PARDON (Egli),Johann Heinrich Egli,NA,classical,NA,publicdomain,0.0,0,0,5,0,2,1-1,15,195,13.0,False,2.712569733233659,0.9897435897435898,0.9652777777777778
QmbAHTyUQMzenw4mdSS8d2nHMEhRUSnTPZZzTtTxuBwiXY,Pardon - S. M. Bixby,NA,Pardon,S. M. Bixby,NA,classical,NA,publicdomain,0.0,0,0,3,1,1,0,16,202,12.625,True,2.8174168964194326,0.9653465346534652,0.9557291666666666
QmRMAaPxf6igz1FAdPWZu4CSFuw44brbzBCt6tzNfQpzBs,Pardoning Love - William Walker,NA,Pardoning Love,William Walker,NA,classical,NA,publicdomain,0.0,0,0,2,0,3,0-0-0,34,200,5.882352941176471,False,2.4062634315748035,1.0,0.93
QmZtYMeN6cpr97jCCcogfbBAkyWtrvL7BPASNPs4vNHMPf,Parece que va llover,NA,NA,NA,Antonio Matas,NA,r-cuba,cc-zero,0.0,0,4,354,1,1,0,89,423,4.752808988764045,True,2.739968657539302,1.0,0.9454588014981272
QmXDyQAz2ZKpT5YXNT1KkEWXhPNfeBPTAvWYHDbmcV6N3U,Parmi veder la bella donna mia - Noé Faignient,NA,Parmi veder la bella donna mia,Noé Faignient,NA,classical,NA,publicdomain,0.0,0,0,17,0,5,0-0-0-0-0,35,550,15.714285714285714,False,2.9987147089827726,0.922365988909427,0.9705357142857144
QmVnoUuKyDbPe7dFBZ4kx4Z5UfuYGqT2qAmh79u6rajJvB,PARNELL - Land League,NA,Land League,PARNELL,PARNELL.,classical,NA,publicdomain,0.0,0,0,1,1,1,0,36,226,6.277777777777778,False,2.7873481555662813,0.9734513274336284,0.9114583333333334
QmdtSZSyuGDUFMPXVdGfQTpQ4dyt7F7vbcVgV3gh1z5BKR,Parody of Drumnagarny,NA,Parody of Drumnagarny,Misc tunes,NA,NA,NA,publicdomain,0.0,0,0,1,1,1,0,34,272,8.0,False,2.63880078354736,1.0,0.88671875
QmUZGyKuzUUGR8Wb4GouCswdApCkaSoVEYok1crzaxGbEC,Parowan Gallop,NA,Parowan Gallop,Misc tunes,NA,NA,NA,publicdomain,0.0,0,0,5,1,1,0,8,36,4.5,False,2.752715278979705,1.0,0.925595238095238
QmRyWfk85HWj3uqXAnwwMsAaxR1HSKPyf5UAXwdm1hN7Ri,Parson Hogg - Snow,NA,Parson Hogg - Snow,Misc tunes,Taken down by S.B.G. from Edmund Snows singing Nov. 1888,NA,NA,publicdomain,0.0,0,0,2,1,1,0,48,175,3.6458333333333335,True,3.371103613544116,0.7942857142857143,0.9041666666666668
Qmb6HcwfDmL6Z2fopkQ9CoD8US1oh9ME6efKew6Hp9Quqb,Parson in his Study,NA,Parson in his Study,Misc tunes,NA,NA,NA,publicdomain,0.0,0,0,2,1,1,0,9,65,7.222222222222222,False,2.661565450536427,1.0,0.9672619047619048
QmNUejPpn9aYLxYUdU5kP6ymMrPzXB53hC8QJUpmoiXi7c,Parson in the Suds,NA,Parson in the Suds,Misc tunes,NA,NA,NA,publicdomain,0.0,0,0,0,1,1,0,28,190,6.785714285714286,False,2.49906426650707,1.0,0.9878472222222222
QmZYkizkdnPh2yhCxibt4LR376i2ZZeauMz6XHwqQ2AXbR,Parson in the SudsThe. JBa.43,May Dayaka. JBa.43England's Gloryaka. JBa.43,Parson in the SudsThe. JBa.43,Misc tunes,NA,NA,NA,publicdomain,0.0,0,0,3,1,1,0,25,231,9.24,False,2.661292893629644,1.0,0.9497126436781608
QmXUA3JPXhmRvb3hfhUX8WBbEEY4vVj1VAvwvankMAEmRC,Parson in the SudsThe. RH.257,Devil in a Bushaka. RH.257,Parson in the SudsThe. RH.257,Misc tunes,NA,NA,NA,publicdomain,0.0,0,0,1,1,1,0,36,126,3.5,False,2.5842291675302493,1.0,0.9661458333333334
QmRKqz9MiwDeUdZ8mvUQx3z1nmfGdVHhnmzsu5EfM93pnn,Parson upon Dority. HA.207,Shepherds Daughteraka. HA.207,Parson upon Dority. HA.207,Misc tunes,J.A.,NA,NA,publicdomain,0.0,0,0,5,1,1,0,22,90,4.090909090909091,False,2.4606045314515943,1.0,0.9510416666666668
QmTBtv8JRe1jyfJWpMtmSLD3JLdCfWvbzZ7E6a5jZKGsVW,Parsons Whim. JJo5.088,NA,Parsons Whim. JJo5.088,Misc tunes,NA,NA,NA,publicdomain,0.0,0,0,1,1,1,0,72,214,2.9722222222222223,False,2.595012314245773,1.0,0.9537760416666666
QmdTzWdaMQwR7YXuakJ2wQSSa8HRGjFveJEM6AiHvvGyQz,Part 3 Scales and Arpeggio s in C Major,NA,NA,NA,Elizabeth Prince,NA,NA,cc-zero,0.0,0,9,185,1,1,0,20,213,10.65,False,2.598759443111347,1.0,0.9145833333333332
QmYGXkzJVPbCdZmczP9KsQLsPWiqMqQ5WvwQjmDi3EYXTm,Part of the Union,NA,part of the union,Strawbs,John Ford/Richard Harrison,rock-folk,NA,cc-zero,0.0,0,4,187,1,1,0,113,1319,11.672566371681416,True,2.597413277739807,0.9916158536585366,0.9516961651917404
QmekMLFwno6m9WPyboTKd3dY2JNXoniKLj7JzZ6yxLjE6S,Part of Your World,(from The Little Mermaid),the little mermaid - part of your world,Misc Soundtrack,Alan Menken,soundtrack,partofyourworld-thelittlemermaid-disney-disney,cc-zero,4.82,98,356,4698,2,1,0,51,1184,23.215686274509803,False,2.869617163438772,0.9821580288870008,0.7890625
QmSJn5pKiMQpuKgSrq7GGyZf2jR3crocTMCio4zP3yUVET,Parta moja parta,(Notový zápis zo spevníka Slovenské Ä¾udové piesne SÄ½P 80),Parta moja parta,veva.zodla,Slovenská Ä¾udová,NA,NA,cc-zero,0.0,0,0,3,1,1,0,8,22,2.75,True,2.28332693768606,1.0,0.9583333333333334
QmTy27xnergTqnpPFfkkdUa2TR7g63eernUMHqGGfmwHFs,PARTANT POUR LA SYRIE,Romance of Dunois,PARTANT POUR LA SYRIE,Misc tunes,NA,NA,NA,publicdomain,0.0,0,0,18,1,1,0,24,89,3.7083333333333335,False,2.7728995343331904,0.9662921348314608,0.9315476190476192
QmcsHPTzgQYEKQRH2Brgzm2y2evMerS9JXoyrUCZQqMKpw,Parthenia [3]. (p)1665.PLFD1.188,Jovial Beggars. (p)1665.PLFD1.188 The,Parthenia [3]. (p)1665.PLFD1.188,Misc tunes,NA,NA,NA,publicdomain,0.0,0,0,0,1,1,0,32,108,3.375,False,2.643422329310336,1.0,0.9578373015873016
QmYKorUtVx7RYPX69T2YP8YPmzZKwH2yobDRQEygMHrpMm,Parti de Lancier,NA,Parti de Lancier,Misc tunes,NA,NA,NA,publicdomain,0.0,0,0,1,1,1,0,5,22,4.4,False,2.093165418138664,1.0,0.9375
Qmego7Q5LWkQfTQNNRVQPMN1fRh5hr3rM6EXb6J9tKPDpy,Particle Arts - (Unfinished),VIRTUALSELF,Particle Arts,Porter Robinson,Skyler F.,pop-electronic,porterrobinson-edm-virtualself-svibe-particle-particlearts,cc-zero,4.3,7,16,723,1,1,0,81,588,7.2592592592592595,False,2.6659428517926336,1.0,0.9562793427230049
QmXncL9L8HyCd47ZLxDjZ6gnXbaNgwHu99JQQCjDsQedUj,Parting Hand - Jeremiah Ingalls,NA,The Parting Hand,Jeremiah Ingalls,NA,NA,NA,publicdomain,0.0,0,0,13,0,3,0-0-0,20,213,10.65,False,2.356106351704127,1.0,0.9475574712643678
QmUbCNQYQFCnL5eK3NVXpycF5KzpUumvM3xuKrNgMooZ4N,Parting Hymn - Jeremiah Ingalls,NA,Parting Hymn,Jeremiah Ingalls,NA,classical,NA,publicdomain,0.0,0,0,5,1,1,0,20,257,12.85,False,2.55731927254192,1.0,0.9114583333333334
Qmf8z75ye4SCMMTEseJZP62yu4mZMKK7R12ZjTipZB9EbY,Parting LoversThe. JaW.244,Jack in the Greenaka. Jaw.244,Parting LoversThe. JaW.244,Misc tunes,NA,NA,NA,publicdomain,0.0,0,0,2,1,1,0,48,216,4.5,False,2.8222205621184906,0.9907407407407408,0.929976851851852
QmcbzvUY73haBsinkAKNkGPBT8XXBUJXNaU9cRGkqT8nen,Parting with my Sally,Double Lead Through a 4 handed reel. Handkerchief dance,Parting with my Sally,Misc tunes,NA,NA,NA,publicdomain,0.0,0,0,2,1,1,0,34,127,3.735294117647059,True,2.3599386507990308,1.0,0.954656862745098
QmNhAqQHtPnKDxazsmjo4inroYGyXyyTWcWogFHusBAtMc,Partirò dunque - Alessandro Striggio,NA,Partirò dunque,Alessandro Striggio,NA,classical,NA,publicdomain,0.0,0,0,5,0,6,0-0-0-0-0-0,57,1057,18.54385964912281,False,3.012712235870665,0.9312320916905444,0.9703947368421052
QmThm8Xof2S69yvgiUbcpc8kvE4jEE8Xp18pJPMb7uPY88,Partite sopra Folia F 2.16,dalle Toccate e Partite d'intavolatura di Cimbalo,Partite sopra Folia F 2.16,Girolamo Frescobaldi,Girolamo Frescobaldi (1583-1644),classical,girolamo-frescobaldi-intavolatura-di-cimbalo-ed-organo-italian-renaissance-g-dorian-variations,cc-zero,4.49,3,3,297,0,1,6,97,1196,12.329896907216495,False,3.1298162365305853,0.897907949790795,0.9223251028806584
QmdHPtRo1zj5RoDor7uDMLvZcRg1pqT9btytQ5hqSbH8cB,partitura de Aaron,NA,partitura de Aaron,aarmengol,Composer,NA,NA,cc-zero,0.0,0,0,11,0,1,0,32,53,1.65625,False,2.385563643845422,1.0,0.9411764705882352
Qmd4huxa1X9TfSZoXwyuQ6fYHCqQ1c16RDPgifia6czKPu,partitura imposible de tocar por uno solo,NA,partitura imposible de tocar por uno solo,frog2,NA,NA,imposible-piano-octaves,cc-zero,0.0,0,0,41,3,1,0,517,8214,15.887814313346228,False,3.457376821806525,0.7046486486486486,0.81494140625
QmZXdTVnjEXqjds3rRPfMdHCnkmoYk1KYS4xwpzyQs4kPa,Parvulus nobis - Johannes Hermann,NA,Parvulus nobis,Johannes Hermann,Johann Herrmann1515 - 1593,classical,NA,publicdomain,0.0,0,0,12,0,4,0-0-0-0,30,232,7.733333333333333,True,2.755361874304844,0.9782608695652174,0.9963662790697676
QmRy7HeVHZDptqt5YEV3Gk7LJyBD5tt3D513vdmpTihnrr,Pas d'Ãte,Auvergne Polka,Pas d'Ãte,Misc tunes,NA,NA,NA,publicdomain,0.0,0,0,1,1,1,0,40,235,5.875,False,2.5675023867609506,1.0,0.9052083333333334
QmSQSRUFdgZc8TCB6wRmifnQSj1soM6sMQ5GTN5FHaXmq9,Pas de danse,NA,Pas de danse,Dominique Picard,Dominique Picard.,NA,NA,cc-zero,0.0,0,0,13,2,1,0,311,3884,12.488745980707396,False,3.3624867368253906,0.8098463141443084,0.9345703125
QmbU2BE85AAv4E1QxjWhLrAYUMBHGphRAL6UfEXGvqkT8k,Pasadena Prom,NA,Pasadena Prom,Misc tunes,NA,NA,NA,publicdomain,0.0,0,0,16,1,1,0,40,250,6.25,False,2.866172633537983,0.976,0.9053571428571427
QmZajbD1ogi5yFguAosK2vTHgpgSL2y8v2brpwwpsvdFnb,pasajes de el motivo,NA,NA,NA,NA,NA,ejercicio,publicdomain,0.0,0,0,19,1,1,0,32,48,1.5,False,3.233007230104884,0.7708333333333334,0.884469696969697
QmZT9zK94Uxce41LgpjM95NyNUNoCqSHTC6WEwu3GfLm4T,Paskong Anong Saya,NA,Paskong Anong Saya,Anna Abeleda,NA,classical,NA,cc-zero,4.83,3,0,176,0,8,0-0-0-0-0-0-0-0,107,3238,30.261682242990656,False,3.3147009033756247,0.8105141536683997,0.9182389937106918
QmT62vANiSvdj15p5YUYGfDQRUNidJDoLyfcKGfDNZJWxH,Paskong Pasko na Talaga,NA,Paskong Pasko na Talaga,Jhay,NA,NA,NA,cc-zero,4.62,5,6,301,0,4,0-0-0-0,180,2832,15.733333333333333,True,3.119083145049077,0.8986486486486487,0.931907894736842
QmXjxnEyhpZwvBUMBbYnBgHkWiGjWQLVvbtfrpE8obHyZ2,PASODOBLE QUINTANA,NA,NA,NA,José Bracero,NA,NA,cc-zero,0.0,0,2,405,1,1,5,85,557,6.552941176470588,False,2.649227661914301,0.992818671454219,0.9941176470588236
QmT8o5jRCNyTVCd3ecAx5UmCN8kiA31FAjyrgFQJFQN8Sb,Pasodobre do Berb\'es,NA,Pasodobre do Berb\'es,Misc tunes,NA,NA,NA,publicdomain,0.0,0,0,3,1,1,0,96,342,3.5625,False,2.6821286914555182,1.0,0.9618055555555556
QmUCQDWKrFLLDtmcgQiSBkVQ1yfxA23x8fvTntcNQ4JogG,Pasodobre do BerbÃs,NA,Pasodobre do BerbÃs,Misc tunes,NA,NA,NA,publicdomain,0.0,0,0,3,1,1,0,96,342,3.5625,False,2.6821286914555182,1.0,0.9618055555555556
QmWRxRb6kJUtnpDcf7bCSeqWycb9CLFFkbfrKa6Xq2mrPv,Paspie Minuet,NA,Paspie Minuet,Misc tunes,A.J.Vanpelt de Maastricht (1786-1824),NA,NA,publicdomain,0.0,0,0,4,1,1,0,32,148,4.625,False,2.739394591510776,1.0,0.9305555555555556
QmdsMzz1E9tdubqzAabcZvNxwYi7cY84d3R251gdHCZoem,Pasquin(missing image). PFD3.131,Dorinda's Tea-Tableaka. PFD3.131,Pasquin(missing image). PFD3.131,Misc tunes,NA,NA,NA,publicdomain,0.0,0,0,1,1,1,0,36,190,5.277777777777778,False,2.7184520602253226,1.0,0.9596354166666666
QmaZAP8N26bmNFwaB9cihEUC8WYQoMFByHsUf4Mvwun4nF,Pass along the invitation - James McGranahan,NA,Pass along the invitation,James McGranahan,NA,classical,NA,publicdomain,0.0,0,0,8,1,1,0,19,346,18.21052631578948,False,2.6509854559100607,0.9855491329479767,0.9596354166666666
QmSfQp4QMSum96SMhVTmbEf4fkoFg8a811WZD3bMBEschD,Pass along the war-cry soldiers of the Lord - Geo. C. Hugg,NA,Pass along the war-cry soldiers of the Lord,Geo. C. Hugg,NA,classical,NA,publicdomain,0.0,0,0,8,2,1,0,16,349,21.8125,True,2.678307498603985,0.9799426934097422,0.9375
QmaWtzKfjpxMAkqEvZgKotgsm1YiPyTqMAAhncLMTNnApN,Pass along the word of kindness - Chas. H. Gabriel,NA,Pass along the word of kindness,Chas. H. Gabriel,NA,classical,NA,publicdomain,0.0,0,0,2,1,1,0,17,260,15.294117647058824,True,2.59028819110381,0.9846153846153848,0.9375
Qmc8BYz7CfC5UQdAnNHJEZRa9jodLUCav1ghR4by6sybSf,Pass around the Bottle and We'll all take a Drink,NA,Pass around the Bottle and We'll all take a Drink,Misc tunes,NA,NA,NA,publicdomain,0.0,0,0,5,1,1,0,5,26,5.2,False,2.6433649698578603,1.0,0.9270833333333334
QmRUNFJo768ABWxEzUoxZn9qHdjC7qhdTmC9U8ABLobLDz,Pass me not O gentle Savior (Giffe) - W. T. Giffe,NA,Pass me not O gentle Savior (Giffe),W. T. Giffe,NA,classical,NA,publicdomain,0.0,0,1,63,1,1,0,19,260,13.68421052631579,False,2.539956348041971,1.0,0.9464285714285714
QmYWaWcvoRrQr5xvYCV99wKdFYatJrzATu75Zn3eBfjLt8,Pass me not O loving Saviour (Suffern) - J. W. Suffern,NA,Pass me not O loving Saviour (Suffern),J. W. Suffern,NA,classical,NA,publicdomain,0.0,0,0,4,1,1,0,24,286,11.916666666666666,True,2.646792398870254,0.9965034965034965,0.9392361111111112
QmUcQiYSMNpsJwgPTBfEygK4JeFXaEVamYDVrSwTbFiiL2,Pass on the sunshine that has changed you today - C. Harold Lowden,NA,Pass on the sunshine that has changed you today,C. Harold Lowden,NA,classical,NA,publicdomain,0.0,0,0,3,1,1,0,24,342,14.25,True,2.8263817020722684,0.9678362573099416,0.9489583333333332
QmUF78jZjaWBXdFk9WGdnE21TihWWP78VfVjYs3GPxjp8z,Pass the word along the line (Kettle) - C. E. Kettle,NA,Pass the word along the line (Kettle),C. E. Kettle,NA,classical,NA,publicdomain,0.0,0,0,2,1,1,0,22,247,11.227272727272728,True,2.9920160180686457,0.9433198380566802,0.9526515151515152
QmcGUUj3KJQYLTP3S1iErKMRkkeQcYHCDv8WuDkqg13LGo,Passacaglia - Handel/Halvorsen (Piano Solo),NA,Passacaglia,Johan Halvorsen,G. F. Handel,classical,NA,cc-zero,4.78,253,445,8073,2,1,0,74,1039,14.04054054054054,False,2.8895905427264217,0.9421965317919077,0.9977477477477478
Qme9QyPowPWgPLW5hsyamiBuUP2G3gnTin21M6BcUcnJPQ,Passacaglia Handel/Halvorsen,NA,Suite No. 7 g minor HWV 432,Johan Halvorsen,George Frideric Handelarr.Johan Halvorsen,classical,handel-classical-whatever,cc-zero,4.81,1319,2705,47662,2,1,0,74,1030,13.91891891891892,False,2.8765755378491087,0.9504373177842566,0.9977477477477478
QmVBzVK4yt8NLpGKKRXYR53sSMAi36tuA9df3q8dirRiJ6,Passacaglia TAS 4,NA,Passacaglia TAS 4,hugonvsc1,TAS - EMB,NA,NA,cc-zero,0.0,0,0,13,0,2,0-0,8,55,6.875,False,2.7678762896326123,0.9272727272727272,0.9453125
QmPPR9hordMK1hRuo7sDtBtBCtMsQfKwVDE6Ghmf6ff9Hq,Passacaglia. JS Bach. Piano Duet,Piano Duet,Passacaglia in C minor BWV 582,Johann Sebastian Bach,JS Bach,classical,passacaglie-groundbass-pianoduet-baroque-bach,publicdomain,4.2,12,76,5439,0,2,0-0,33,372,11.272727272727272,False,2.859325524646417,0.927027027027027,0.9683641975308642
Qmanpjp6joBUBjSk4d6QELwR1ZNfyDeRhjmypxNep9SKDw,Passametzo,NA,Passametzo,Elias Nikolaus Ammerbach,Elias Nicolaus Ammerbach (1530-1597),classical,elias-nicolaus-ammerbach-passametzo-renaissance,cc-zero,0.0,0,1,228,0,1,2,59,835,14.152542372881356,False,3.0396796116909024,0.9207317073170732,0.9605654761904762
QmVjJkPm1rXmG278mPGJBkZBJR337nb8EGZKoaZLpE9GXW,Passepied. (p)1690.PLFD1.313 A,NA,Passepied. (p)1690.PLFD1.313 A,Misc tunes,NA,NA,NA,publicdomain,0.0,0,0,12,1,1,0,28,210,7.5,False,2.82281449193829,0.9904761904761904,0.9399801587301588
QmQhn3xvsM4fuZbhe2dFyxKPyKwFDsBMafWRdYsZYKh1jx,Passing through this world a stranger - D. B. Towner,NA,Passing through this world a stranger - D. B. Towner,D. B. Towner,NA,classical,NA,publicdomain,0.0,0,0,2,1,1,0,20,210,10.5,False,2.879333106832661,0.9666666666666668,0.8506944444444444
Qme1udbabqQ29nb7kzKNC2LfgTR23S4rwbQrqvASBZuwkX,Passio secundum Joannem - Tomás Luis de Victoria,(or this),Passio secundum Joannem,Tomás Luis de Victoria,VICTORIA,classical,NA,publicdomain,0.0,0,0,13,0,9,0-0-0-0-0-0-0-0-0,400,4844,12.11,True,2.3838587421488446,0.9868345735546652,0.93603515625
QmPpMUW8GSmxdkNuxZ9ZpyS4h8x8fpnKWxwVh3KQ8wPXeG,Passio secundum Mathaeum - Tomás Luis de Victoria,(or this),Passio secundum Mathaeum,Tomás Luis de Victoria,LASSUS,classical,NA,publicdomain,0.0,0,0,76,0,9,0-0-0-0-0-0-0-0-0,545,6665,12.229357798165138,True,2.4418509664019634,0.9769094138543516,0.9402669270833334
QmUv32fhPyLu94Ru3Hri4bggfrLVs4JurjLpPtt2ZLXo2C,Passionate impromptu Mussorgsky,Passionate impromptu (Страстный экспромт)(first published - 1859)Second version,Impromptu passione,Modest Mussorgsky,Modest Mussorgsky,classical,NA,cc-zero,4.83,3,4,73,2,1,0,66,1019,15.43939393939394,False,3.046311036301487,0.8969578017664377,0.995580808080808
QmX3jPY9qgQmznvFdtXzahZh1o12w91q9bdRtddYujT9GQ,Past one a clock in a cold frosty morning,NA,Cold Frosty Morning,Misc tunes,NA,NA,NA,publicdomain,0.0,0,0,4,1,1,0,24,130,5.416666666666667,False,2.591178266839391,0.9846153846153848,0.9652777777777778
QmTwhVo7Hn4HvtrG27araoeDvP3TeH3rDXYrUpxzRUeE6i,Past Story - Fairy Tail OST Soundtrack,FairyTail OST,past story,Yasuharu Takanashi,Arr. LoisCovers,worldmusic-soundtrack,piano-emotional-sad-sadstory-ost-best-fairytail-anime-adventure,cc-zero,4.72,15,57,1114,1,1,0,49,320,6.530612244897959,False,2.7355257857678312,0.9873817034700316,0.972800925925926
QmaYUsrrdrLZso15EmSRz7GGYcbbWGXHQ6UrDoEKwa5J2c,Pastiche,Pavane,Pastiche,maindroite,NA,NA,piano-pastiche-extendedchords-pavane-cliche,cc-zero,0.0,0,0,17,2,1,0,24,386,16.083333333333332,True,3.321025394762042,0.8021108179419525,0.9746376811594204
QmeUd5uzhvJSPAFNxz5mcUgH2gMojhYzk7Yh7ETAwYEv7F,Pastime With Good Company,NA,Pastime With Good Company,Misc tunes,Henry VIII around 1513,NA,NA,publicdomain,0.0,0,0,8,1,1,0,14,69,4.928571428571429,False,2.400340450977329,0.8840579710144928,0.9404761904761904
QmVK41mGL96HgAMveDk8FhskYekhSJvDenCvtWoKPwBaSH,Pastor - C. R. Ruff,NA,Pastor,C. R. Ruff,NA,classical,NA,publicdomain,0.0,0,0,1,0,3,0-0-0,21,152,7.238095238095238,True,2.9517315781515725,0.94,0.9871031746031746
QmRuonT6yxEfZnEA5V4XpBjjRkVhR2epMGciF6bqfTFoK2,Pastor - Franz Abt,NA,Pastor,Franz Abt,NA,classical,NA,publicdomain,0.0,0,0,5,1,1,0,31,260,8.387096774193548,False,2.716699446312526,0.9769230769230768,0.960144927536232
QmT6J88Dv8k3j56dDgG1kqbZ2YS7PUEvriZbTnma4vcCAJ,Pastoral Elegy,NA,Pastoral Elegy,Misc Traditional,NA,folk,NA,publicdomain,0.0,0,0,9,0,5,0-0-0-0-0,25,535,21.4,False,2.447458649143498,1.0,0.9375
QmS7yuKfNX5toJGfD9Ljcr4HE7hh5WSG2GASWxN3oPXwzV,Pastoras alegres - Rafael Antonio Castellanos,Villancico de Navidad con violines,Pastoras alegres,Rafael Antonio Castellanos,Rafael Antonio Castellanos (ca. 1725-1791),classical,NA,publicdomain,0.0,0,0,46,0,6,0-0-0-0-0-0,161,1826,11.341614906832298,True,2.8196601817703204,0.9742138364779874,0.8982638888888889
QmS4oUUy5f3KfTbpYQm7G4x5eZyq3Ni6Q5EKP2UzAsyD46,Pastorelle 1,NA,Aria Pastorella,Valentin Rathgeber,NA,classical,NA,cc-zero,4.42,4,4,85,0,4,0-0-0-0,108,992,9.185185185185183,False,2.646854748929275,0.9855072463768116,0.938301282051282
QmRHsHXM7dD5EALBPhBnrVnD5j2vdo3hQSpRpS6mAQA7fB,Pastores dicite - Cristóbal de Morales,NA,Pastores dicite,Cristóbal de Morales,NA,classical,NA,publicdomain,0.0,0,0,10,0,4,6-6-6-6,92,980,10.652173913043478,True,2.859545117875524,0.9794450154162384,0.9594655797101448
QmWvdwrshaezsijoyx1N4PZU3KDfxxvGZ6HFjtpxogAdBg,Pastourelle de CHATEAUBRIANT,NA,Pastourelle de CHATEAUBRIANT,Misc tunes,NA,NA,NA,publicdomain,0.0,0,0,0,1,1,0,9,56,6.222222222222222,False,2.529696439528413,1.0,0.9765625
QmQNq4AJCrnp5TKB4xEx7xouFgnySTCsmYxFNPMkSdByAP,Pat O'Beirne's Favorite,Rogha Pheait U\'i Bheirn,Pat O'Beirne's Favorite,Misc tunes,NA,NA,NA,publicdomain,0.0,0,0,2,1,1,0,34,185,5.441176470588236,False,2.3683918640183337,1.0,0.9756944444444444
Qmefzmj2qhmPhecPkYZrx2MDeGY5nUZ4ebeiJQ5Zra6eVw,Pat Tuohy - The Dark Woman Of the Glenn (air) 0006,NA,The Dark Woman Of the Glenn (air) 0006,Pat Tuohy,after Pat TuohyVery Slow,classical,NA,publicdomain,0.0,0,0,9,1,1,0,21,179,8.523809523809524,False,2.7249875435590063,1.0,0.7305555555555556
QmRMgHp2V3u9UWhCEkonf9QSCgvh9JmpHPYpXTTdM5HFM9,Pat Tuohy's (A46),NA,Pat Tuohy's,Misc tunes,NA,NA,NA,publicdomain,0.0,0,0,2,1,1,0,18,118,6.555555555555555,False,2.499750982498974,1.0,0.96484375
QmcejezTgbeqxgSDgZVJ2UQqQuwijQAs893wg9S7mZ5vUp,Pat Tuohy's reel,NA,Pat Tuohy's,Misc tunes,anon.,NA,NA,publicdomain,0.0,0,0,1,1,1,0,13,107,8.23076923076923,False,2.6120032624588085,1.0,0.9407051282051282
QmSmYkKrntkRMGUtw253Sh3MNfCoWqaKGWctayJcGdw8Qu,Pat Tuohy's Reel,NA,Pat Tuohy's,Misc tunes,NA,NA,NA,publicdomain,0.0,0,0,1,1,1,0,16,131,8.1875,False,2.728922804272861,0.9389312977099236,0.9231770833333334
Qmez2XJbs25VzJTPhGKixvCHQmvMR5PPMN4kUpi5QwN1T3,Pat Tuohy's Reel 1340,NA,Pat Tuohy's,Misc tunes,by Mr. Patsy Tuohy,NA,NA,publicdomain,0.0,0,0,5,1,1,0,18,140,7.777777777777778,False,2.7756264337476555,0.9285714285714286,0.9264705882352942
QmYvMSxj8RkhbGNZNyB7dG66ssaw6ziPaZqyqKXeSyA3fT,Pat Ward's Jig,Highlander's Kneebuckle The,Pat Ward's Jig,Misc tunes,NA,NA,NA,publicdomain,0.0,0,0,26,1,1,0,32,134,4.1875,False,2.551341099991559,1.0,0.90625
QmQpxWdfTmD6asgdUFVMotvKGZKHJGqqKAAs3agbaQ4Zpj,Patchy Aid,NA,NA,NA,NA,NA,NA,cc-zero,0.0,0,6,323,3,1,0,107,4548,42.504672897196265,False,2.9914321771522507,0.9438439230160822,0.7726236979166666
QmdRFcjQz6NQyNiis2nnGKg52GZuJgJ4EA5CSmzS6kzJgr,Patchy the Cybersaur,NA,NA,NA,Composed by George Stamatiadis Transcribed by LBmyBB,NA,videogame,cc-zero,0.0,0,1,65,1,1,0,31,422,13.612903225806452,False,3.219228323021424,0.7582938388625592,0.9256944444444444
QmdYT9aXx4PJ5QNrj8Nzaj4BMKGgQFCZ6MYj2actxdAWqY,Patema Inverse,NA,NA,NA,Michiro Oshima,NA,patemainverted-anime-japan-dystopia,cc-zero,0.0,0,13,981,1,1,0,58,208,3.586206896551724,False,2.5620752812956806,0.9903846153846154,0.9298245614035088
QmNgj3KMKCSCxUNGqKxBr46Bd7vAF6MW235DgohpcxUggM,PATER NOSTER (Arabic),NA,Pater Noster,Misc Traditional,NA,folk,NA,publicdomain,0.0,0,0,42,1,1,0,18,134,7.444444444444445,False,2.233729908358076,1.0,0.9427083333333334
QmWDKRGzDd1e9xm5N23RA5mDnKR7dUMQ1dXKGcYTxwwfva,Pater Noster - Claudio Macchi,NA,Pater Noster,Claudio Macchi,NA,classical,NA,publicdomain,0.0,0,0,55,0,4,0-0-0-0,28,490,17.5,True,3.294850701641012,0.8417721518987342,0.9546130952380952
QmVt1tWi19Jz8bztsvKVVhqobcg3SiwFabPXzzeWgV4LCe,Pater Noster - Jacques Arcadelt,NA,Pater Noster,Jacques Arcadelt,Jacques Arcadelt,classical,NA,publicdomain,0.0,0,0,18,0,8,0-0-0-0-0-0-0-0,103,1571,15.25242718446602,True,2.814817674879078,0.9884432358939496,0.959546925566343
QmdL6zS4n4pKLbT46pTkPV8Cy7MumFygDAw3EVGWw8E5fs,Pater Noster - Nikolai Kedrov,NA,Pater Noster,Nikolai Kedrov,Êåäðîâà-îòöà,classical,NA,publicdomain,0.0,0,2,284,0,2,0-0,16,415,25.9375,True,2.664471293609875,0.9899244332493704,0.96875
QmWEwo7KqesGn9PP1AVXaqEbUo4J17fDehkxCY7gncPZDw,Pathetique Sonata op 13 mvt 2,NA,Piano Sonata No.8 Op.13,Ludwig van Beethoven,Ludwig Van Beethoven,classical,beethoven-sonata-pathetiquesonataopmvt,publicdomain,0.0,0,121,4696,3,1,0,99,2142,21.63636363636364,False,3.1842371125933178,0.8405479452054795,0.7044956140350878
QmToGpUtz725ESuYCFpkzVNNpjaFiVF8PwaafhoqncgHPw,Pathetique Sonata with a twist,1st Movement Opus 13,NA,NA,Ludwig van Beethoven (1770 - 1827),NA,NA,publicdomain,0.0,0,14,576,3,1,0,435,6164,14.170114942528736,False,3.38179578272337,0.8104977821586988,0.8262532552083334
QmNZDEPkeGXXUyw7zrd4DnVmK1fXzhDf27tVNipBUrpFBi,Paths by Be'lakor,NA,paths,Be'lakor,Be'lakor,NA,belakor,cc-zero,4.83,3,10,1155,2,1,0,171,1983,11.596491228070176,False,2.9723061700848104,0.8179525970751387,0.9724794238683128
QmZv2okppWyj6VQHeDnAPX7xUymW8Cii7VJvcowQBbpviL,Patience - A. J. Foxwell,NA,Patience,A. J. Foxwell,NA,classical,NA,publicdomain,0.0,0,0,6,1,1,0,25,183,7.32,True,2.811713223591343,0.9726775956284152,0.9583333333333334
QmNsJLhmLwf8V9wvVBLgpLCBpW3XUU21FzkdG1A1qNGPt3,Patience - The Lumineers,NA,patience,The Lumineers,NA,folk,NA,publicdomain,4.89,177,1268,103415,1,1,0,31,718,23.161290322580644,False,2.59028775068628,0.9554317548746518,0.9865591397849462
QmWkTHwKUG8h28d8hbAdeRddra4pXpXznJiuQxmPxE4sEc,Patient Is The Night as played by Tom Brier,as performed by Tom Brier,Patient Is The Night,The Blasting Company,Composed by The Blasting Companyfor 'Over The Garden Wall'Performed by Tom BrierTranscribed by mlololoer,classical,ragtime-tombrier,cc-zero,4.94,228,347,13123,2,1,0,105,2306,21.96190476190476,False,3.208113494979773,0.8881149325206792,0.8462783171521036
Qme4zLJfkMgihPqwWmVxvbmtqmSXVTSVkG7kkiGqBxG2Xv,Patiently Waiting on a Loved Ones Return,Home is with your family,Patiently Waiting On a Loved Ones Return,Ross_H,Ross Halkett,NA,NA,cc-zero,0.0,0,5,133,2,1,0,181,2195,12.12707182320442,False,3.211509291589075,0.835990888382688,0.8787037037037038
QmWPj7KkKGoREotFnRdytdkk77fWPH6T86zFGFz1jjXKY7,Paties Mill. JC.219,Lass Of Patty's Mill aka. JC.219,Paties Mill. JC.219,Misc tunes,by Allan Ramsay 18th C.,NA,NA,publicdomain,0.0,0,0,1,1,1,0,18,92,5.111111111111111,False,2.745093169832905,1.0,0.8971354166666666
QmPMEWdYPWccghXkouqXHSZpkSHaHF6Je5pg8wzFeBvkUo,Patrem omnipotentem - Francisco Valls,Ejemplo de estilo eclesiástica suelto,Patrem omnipotentem,Francisco Valls,Francisco Valls (1665-1747),classical,NA,publicdomain,0.0,0,0,4,0,9,0-0-0-0-0-0-0-0-0,15,346,23.066666666666663,True,2.9556559170729835,0.9593220338983052,0.9647435897435898
QmPoxrJmdpkQW1P2M1NDNV3Gkkoj2AV8qt112s3xD6X5Gf,Patria Ruben Blades,Patria,Patria,Rubén Blades,Ruben Blades,worldmusic,trombone-euphonium-patria-panama,cc-zero,4.71,4,16,1607,1,1,0,121,254,2.0991735537190084,False,2.7408121736967246,0.9881889763779528,0.9644097222222222
QmeSNZ3yyp9wL7reF4hw2rySd6kPvTMPEWwccdB3Kk6mJq,Patrick Day in the Morning. JaW.110,Barbary Belles. JaW.110St. Patrick's Dayaka. JaW.110,Patrick Day in the Morning. JaW.110,Misc tunes,NA,NA,NA,publicdomain,0.0,0,0,6,1,1,0,32,162,5.0625,False,2.519669600618247,1.0,0.953125
QmSSNVNM7rYY351zkbXsK67kMV5mxSVc9gNBUruNZgUAo5,Patrick O'Neal. JBut.242,Bung Your Eyeaka. JBut.242There Came A Young Manaka. JBut.242Prayermaster Jigaka. JBut.242 TheMary The Maidaka. JBut.242,Patrick O'Neal. JBut.242,Misc tunes,NA,NA,NA,publicdomain,0.0,0,0,6,1,1,0,36,152,4.222222222222222,False,2.6569784211948733,0.9736842105263158,0.9465579710144928
QmZjZMq5k7BM8BCY2WZXfKuXjdKhuDWSEmHtQA57nC6U6L,Patrick's Day in the Morning A Quick Step. JBut.336,NA,Patrick's Day in the Morning A Quick Step. JBut.336,Misc tunes,NA,NA,NA,publicdomain,0.0,0,0,5,1,1,0,36,189,5.25,False,2.5444957614898707,1.0,0.9598765432098766
QmQLWAVas6Dvngt7QaUNF4JS7h5AWNh4U7uuqScUTPaEJZ,Patricks' Day in the Morning with Variations. JBut.545,NA,Patricks' Day in the Morning with Variations. JBut.545,Misc tunes,NA,NA,NA,publicdomain,0.0,0,0,4,1,1,0,145,1004,6.924137931034482,False,2.766798200665729,0.9920318725099602,0.8926767676767677
QmahLV7AkNzqG93cTjF2St8gHPfWGBFf1ejL21YC2fGk8P,Patter On Pitter On. JaW.312,NA,Pitter Patter,Misc Traditional,NA,folk,NA,publicdomain,0.0,0,0,2,1,1,0,40,142,3.55,False,2.5707859974428926,1.0,0.9189814814814816
QmSBsbLUtTTJ6ZzvLazsevWv68qTxxp8PiyTPMG8ySzJeU,Patties Whim. Ru2.118,Lass and the Money is all My Ownaka. Ru2.118 The,Patties Whim. Ru2.118,Misc tunes,NA,NA,NA,publicdomain,0.0,0,0,2,1,1,0,27,139,5.148148148148148,False,2.6917646867297687,1.0,0.9444444444444444
QmQAdvgzMPxNjGHBxTgWRw3E7Sw9iASSqPDBv5opk52An7,Patties Whim. Ru2.118,Lass and the Money is all My Ownaka. Ru2.118 The,Patties Whim. Ru2.118,Misc tunes,NA,NA,NA,publicdomain,0.0,0,0,1,1,1,0,36,186,5.166666666666667,False,2.643428690950733,1.0,0.9427083333333334
QmXcC9De571M7CoSbAfTM9AuSCE4SgSkz7V6qCcYZMsLAu,Paudeen ORafferty,Páidín ORafferty,Paudeen ORafferty,Misc tunes,NA,NA,NA,publicdomain,0.0,0,0,0,1,1,0,45,212,4.711111111111111,False,2.463732680462883,1.0,0.9576388888888888
QmdFKF4F9LP6zNhQzZVUUbNvYuoV2kBzb6K5SWSdJmTrUu,Paul a prisoner of Jesus - Samuel W. Beazley,NA,Paul a prisoner of Jesus,Samuel W. Beazley,NA,classical,NA,publicdomain,0.0,0,0,5,1,1,0,16,237,14.8125,True,2.582658176721093,0.9746835443037974,0.9069444444444444
QmWMK7B14bcFExRmh7rqMQ4CpaBVTKCawDDriL71roXQ1Z,Paul Barnes - Goodby Dolly Gray,NA,Goodby Dolly Gray,Paul Barnes,Paul Barnes 1898,classical,NA,publicdomain,0.0,0,1,14,1,1,0,16,61,3.8125,False,2.35249393377582,1.0,0.9347222222222222
QmWmrCest8oqHKDTzoLp4SFojz7ydHQhYADdDM8rcGqNw6,Paul de Senneville - Murmures,(Murmúrios),MURMURES,Paul de Senneville,Paul de Senneville (1933),classical,NA,cc-zero,4.83,3,7,130,2,1,0,74,779,10.527027027027026,False,3.085584703041537,0.8997429305912596,0.9931818181818182
QmS2XgryySvood1x92demUNq2XcEsqVLBkPP2K7s9T4GbW,Paul Gitlitz - 60 Times Around the Sun,NA,60 Times Around the Sun,Paul Gitlitz,Paul Gitlitz 2006,classical,NA,publicdomain,0.0,0,0,8,1,1,0,33,222,6.727272727272728,False,2.615722577667257,1.0,0.9327956989247312
QmWnae2oGqPmuDdRnDnm6Y6UTxEdABEZPvff5BhK6E39mV,Paul Gitlitz - Blueberry Cake,NA,Blueberry Cake,Paul Gitlitz,Paul Gitlitz 2002,classical,NA,publicdomain,0.0,0,0,5,1,1,0,32,154,4.8125,False,2.083822409818273,1.0,0.9485677083333334
QmY8C7La3jhNSh6W6jw5Zdx4F6SP6ssyQdMs9AeRo3vkMp,Paul Gitlitz - Eagles on the Rocks,NA,Eagles on the Rocks,Paul Gitlitz,Paul Gitlitz 1999,classical,NA,publicdomain,0.0,0,0,18,1,1,0,32,197,6.15625,False,2.733844504574535,1.0,0.9296875
Qmdy3L7m6RzSBSo57Zd6DUaFEy91uMZQJsuSicDPEB79Jb,Paul Gitlitz - Fuller The Fiddler,NA,Fuller The Fiddler,Paul Gitlitz,Paul Gitlitz 2007,classical,NA,publicdomain,0.0,0,0,8,1,1,0,34,192,5.647058823529412,False,2.733645003376527,1.0,0.9565972222222222
QmVx8hzbUKt9wgk61Ts8tHgtEQLW5JRtBEM6zK4NzMWE33,Paul Gitlitz - Halloween,NA,Halloween,Paul Gitlitz,Paul Gitlitz1982,classical,NA,publicdomain,0.0,0,0,13,1,1,0,32,177,5.53125,False,2.3909500703794966,0.9378531073446328,0.9309895833333334
