cid,title,subtitle,song_name,artist_name,composer_name,genres,tags,license,rating,n_ratings,n_favorites,n_views,complexity,n_tracks,tracks,song_length.bars,n_notes,notes_per_bar,has_lyrics,pitch_class_entropy,scale_consistency,groove_consistency
QmUEqDqPynh6B9XnV2oSP1Yiq5fGzZWqCwP78VaTg3AFfD,The Hunters Chorus. HS.05,NA,Hunters Chorus to Der Friechuzt TS.212,Carl Maria von Weber,Nat.Quads.No.4English,classical,NA,publicdomain,0.0,0,1,15,1,1,0,64,264,4.125,False,2.3753367981967823,1.0,0.8997395833333334
QmTtYHW9gwos7GFtFEMughAWzvzu1uucvCHWpwmpi25vrX,The Hunting of Arscott of Tetcott,NA,The Hunting of Arscott of Tetcott,Misc tunes,NA,NA,NA,publicdomain,0.0,0,0,7,1,1,0,25,69,2.76,False,2.807203644051828,0.9565217391304348,0.9826388888888888
QmTpxB76ZtWoUxmrQUko8dH29R7BaHLp9AahkJWHAtY6jf,The Huntsmans Chorus. JGi.180,NA,The Huntsmans Chorus. JGi.180,Misc tunes,NA,NA,NA,publicdomain,0.0,0,0,3,1,1,0,64,254,3.96875,False,2.321429371224957,1.0,0.925
QmWS9B71CGrpoVvHyPhTRT2v5vEsNYr3M3dzLafkZxdroC,The Hurlers March,NA,The Hurler's March,Misc tunes,NA,NA,NA,publicdomain,0.0,0,0,2,1,1,0,16,88,5.5,False,2.097865556673221,1.0,0.9618055555555556
QmS3bGUMG5prazSJ5L98WzJjkyUxKnvSX9AYb8CwQKm2YY,The hurling boys,NA,The Hurling Boys,Misc tunes,anon.,NA,NA,publicdomain,0.0,0,0,3,1,1,0,48,212,4.416666666666667,False,2.7524079867486573,0.9905660377358492,0.9204545454545454
QmNtEzdmLaPdArKxqSHPd5zHkt7Vj5LPmnq3qyB2ZiBZAn,The hurling boys,NA,The Hurling Boys,Misc tunes,anon.,NA,NA,publicdomain,0.0,0,0,1,1,1,0,39,176,4.512820512820513,False,2.7349133999388378,0.9943181818181818,0.9212962962962964
QmYz1KZsaMrgCfggpWPEZ6idhGV95SFaidMciGvzXe7xLm,The Huson Camps. JBut.047,Hessian Campsaka. JBut.047 TheDuble Drag. JBut.047 A,The Huson Camps. JBut.047,Misc tunes,NA,NA,NA,publicdomain,0.0,0,0,5,1,1,0,50,230,4.6,False,2.63271461309222,1.0,0.9305555555555556
Qmcxx11BaVo69Exz5ka1sBYryaqrU3WYQHmicoZiLE9w83,The Huson Tattoo. JBut.057,Hessian Tattooaka. JBut.057 The,The Huson Tattoo. JBut.057,Misc tunes,NA,NA,NA,publicdomain,0.0,0,0,6,1,1,0,32,110,3.4375,False,2.6645153510626804,0.9818181818181818,0.9285714285714286
QmT7qMYWb8hVYnpNAkaDodKJR72pAH86v8cLohsBfZY5h2,The Hymns of Hell,NA,The Hymns of Hell,Cyrus Salahshoor,Cyrus Salahshoor,NA,NA,cc-zero,0.0,0,0,96,0,2,0-0,60,413,6.883333333333334,False,2.600083783116302,1.0,0.93395390070922
QmWfds2UoKvrS7cxb1fveFS1Kc7bgHZUVczCntqbexbFgr,The Hyway to Linton. JBut.946,Highway to Linton. JBut.946 The,The Hyway to Linton. JBut.946,Misc tunes,NA,NA,NA,publicdomain,0.0,0,0,2,1,1,0,20,114,5.7,False,2.459592979518509,1.0,0.9752604166666666
Qmd7cZukfDCNxnWKmU7xhhr3JHocGc2PmuWAGGPn6TKvhY,The Idle Road (jig) 0839,NA,The idle road,Misc tunes,after Mr. Cronin,NA,NA,publicdomain,0.0,0,0,3,1,1,0,38,192,5.052631578947368,False,2.7024143018501565,1.0,0.9172979797979798
QmW2DMHqoA5URJbUXCCLKuo55KqyMYhHmANHvS97mER9C3,The Ill-Tempered Clavier & Harp version Op. 3,NA,the well-tempered clavier - book 1 - no 1 prelude in c major bwv 846,Johann Sebastian Bach,Paige Youden,classical,classicalmusic,cc-zero,0.0,0,2,150,0,1,7,48,655,13.645833333333334,False,3.435668567910783,0.74079754601227,0.9110243055555556
QmcRPLZNDCuStqq6iVvPbr4z9aADm8ppTHgFxSBRENkVC6,The Impossible,NA,NA,NA,Krishae Clark,NA,NA,cc-zero,0.0,0,1,210,1,1,0,98,423,4.316326530612245,False,2.747123187668247,1.0,0.9677511415525114
QmbNE5p7sgqT23MCv6c1JN6icRXT2JhfzVj9KYBU84gw2p,The In Crowd - Lead Sheet,NA,NA,NA,Billy Page,NA,NA,cc-zero,4.11,6,4,359,1,1,0,31,97,3.129032258064516,False,2.855787219916312,0.8247422680412371,0.8783333333333333
Qma37peGUeaQhYFcdW99dsBypNhVd8DbKhTWrkjmz946Zy,The Indian King,NA,The Indian King,Misc tunes,NA,NA,NA,publicdomain,0.0,0,0,1,1,1,0,19,143,7.526315789473684,False,2.636201629947816,1.0,0.9479166666666666
QmbvafdWk6xo5SWonz8fun23aXbyXuy9LwCrzz1HGcKR97,The Indian's Petition,NA,The Indian's Petition,Misc Traditional,NA,folk,NA,publicdomain,0.0,0,0,3,0,3,0-0-0,22,195,8.863636363636363,False,2.291222866097499,1.0,0.9848484848484848
QmbREXrkLTUKACTqj5TLcJsvenASyncmtnCTHGJ2rKacDF,The Infare/Will Ye Go and Marry Ketty?,NA,The Infare/Will Ye Go and Marry Ketty?,Misc tunes,Stewart's Coll. 1761,NA,NA,publicdomain,0.0,0,0,2,1,1,0,18,138,7.666666666666667,False,2.690256114593637,1.0,0.8828125
QmXr1Y5mpWVCDEG9N9zM1wXqzdFAb7RAN3ymvVnpRAZtUh,the infinity chord,NA,the infinity chord,Contraclarinet,NA,NA,everynote-chord,cc-zero,0.0,0,0,56,1,1,0,5,75,15.0,False,2.8043035402251406,1.0,0.9973958333333334
QmYvYcTncFwLDcMmQDd9hJrPYRFsvJojR1hKY2bcYsfMjB,the Installation,NA,The Installation,Misc tunes,NA,NA,NA,publicdomain,0.0,0,0,1,1,1,0,72,280,3.888888888888889,False,3.080209593491487,0.8428571428571429,0.9192708333333334
QmYTGdLhP4qLqbaTUufWW2woUp3jUqZPJ7NP3sce8qwNGa,the Installation,NA,The Installation,Misc tunes,NA,NA,NA,publicdomain,0.0,0,0,4,1,1,0,52,315,6.057692307692308,False,2.931304452633351,0.9365079365079364,0.909313725490196
QmNzkRiqZ6srSuBqNnorn4wfbFukknQ9dqVWckqnPFEUB6,The Instantlation March JBut.183,Instalation March JBut.183 The,The Instantlation March JBut.183,Misc tunes,NA,NA,NA,publicdomain,0.0,0,0,0,1,1,0,68,384,5.647058823529412,False,2.721780888220104,1.0,0.9466145833333334
QmWXiei3wvmLHpyiu1jEio6uatGNYJRsamCaohh2LKJnqH,the Internationale,NA,the Internationale,Misc tunes,musique: Pierre De Geyter (1888)paroles: Eug\ene Pottier (1871),NA,NA,publicdomain,0.0,0,1,33,1,1,0,34,125,3.676470588235294,True,2.885064994737012,0.976,0.9381720430107529
QmPkCBu6W9kVJN4cokHMW3XPwH4qspA9n2dUug3KGfRi4i,The Internationale by Billy Bragg,NA,the internationale,Billy Bragg,NA,folk,NA,cc-zero,0.0,0,9,506,0,2,0-0,111,1631,14.693693693693694,False,2.784219988034792,0.9846938775510204,0.9560416666666668
QmVKMLwp8oYeyUpZSJiCJdVeeaTjLNMGp38aCPqBGWhRu3,the Intreague,Longways for as many as will.,The Intreague,Misc tunes,NA,NA,NA,publicdomain,0.0,0,0,1,1,1,0,16,64,4.0,False,2.7516652763281817,1.0,0.9544270833333334
QmT9AyKTzHo5Q5RHBoDyhVyqmt3Vz6sWT8BhrLecFg24Jd,The Inverness Rant,NA,THE INVERNESS RANT,Misc Traditional,NA,folk,NA,publicdomain,0.0,0,0,8,1,1,0,19,121,6.368421052631579,False,2.54227543252169,1.0,0.9296875
QmPXUzuMXckyyhdHxkBAcnsATKDFBqu7azmv7q44xgasos,The Invisible Girl,NA,NA,NA,NA,NA,originalsong-invisiblegirl-alexsouthood,cc-zero,0.0,0,2,45,0,3,0-0-0,146,1810,12.397260273972602,True,3.1021464996834966,0.8228060368921185,0.9521780303030304
QmUpKNQpmvfgcoaNVzYbVDmGcXLN9ZszzLFUv9SqfWFCRu,The Irish Exile (air) 0388,NA,The Irish Exile,Misc tunes,Unattributedslow,NA,NA,publicdomain,0.0,0,0,2,1,1,0,13,64,4.923076923076923,False,2.433157328518199,1.0,0.8726851851851851
QmXziVVvXXzHn32MybhzgRAHU3Ji2GgJ4b39aVna2x8kK6,the Irish Girl,NA,The Irish Girl,Misc tunes,NA,NA,NA,publicdomain,0.0,0,0,0,0,2,0-0,14,140,10.0,False,2.749095785289935,0.9714285714285714,0.8993055555555556
QmSzZNadsYjD3Kdw4AHLUEWKMe48zYwMnpJNVBfwZMiyUB,The Irish Girl Version 1 of 4,NA,The Irish Girl Version 1 of 4,Misc tunes,Sung by Mr Nappin Stanton St John Oxon. V. 07Transcribed by Simon Furey and Lewis Jones,NA,NA,publicdomain,0.0,0,0,3,1,1,0,87,319,3.6666666666666665,False,2.736751389139408,0.9937304075235108,0.9614583333333332
QmSwXAjmvM7gSNVCba3yjbNvGFR7nuqMaxaYnAR8Z8ZfLD,The Irish Hautboy (air) 0570,NA,The Irish Hautboy,Misc tunes,after Chief F. O'Neillmoderate,NA,NA,publicdomain,0.0,0,0,1,1,1,0,21,136,6.476190476190476,False,2.640658596889983,1.0,0.9358333333333332
QmY12ZdgFyy3ueQWpKs9UHbMZ5vSUoDCT7p4Fs64RWu6ci,The Irish Hautboy.,floeog eirinnea.c. an,The Irish Hautboy,Misc tunes,NA,NA,NA,publicdomain,0.0,0,0,4,1,1,0,19,126,6.631578947368421,False,2.623659627204866,1.0,0.9361979166666666
QmWk75wwEEokAfnJ8jST1n9kAHiB4BaHcBQBn5YwGXcpB2,the Irish Hoboy,the Irish Oboe,the Irish Hoboy,Misc tunes,NA,NA,NA,publicdomain,0.0,0,0,2,0,2,0-0,32,196,6.125,False,2.602188911028383,1.0,0.9453125
QmUB81Rcn886P8cwjeXTFdRroCNF8ne6FhtUdu6XYZF3aA,The Irish Man in Spain. Tho24CDs1792.20,NA,The Irish Man in Spain. Tho24CDs1792.20,Misc tunes,92,NA,NA,publicdomain,0.0,0,0,2,1,1,0,40,139,3.475,False,2.564150301073718,1.0,0.9614583333333332
QmcVJChTS3K6dW8xX7CBjAB2rDaP2dnv9yfothdioFfLoP,The Irish Man's Choice. JJo8.139,My Mind Will Never Be Easyaka. JJo8.139Woo'd and Married and a'aka. JJo8.139,The Irish Man's Choice. JJo8.139,Misc tunes,NA,NA,NA,publicdomain,0.0,0,0,2,1,1,0,62,372,6.0,False,2.858773053442966,0.956989247311828,0.9583333333333334
QmdtRFQGJTiaFoLP5zsQLThLidRVt6BGXcU9Y3G7fadXFy,The Irish Man's Choice. JJo8.139,My Mind Will Never Be Easyaka. JJo8.139Woo'd and Married and a'aka. JJo8.139,The Irish Man's Choice. JJo8.139,Misc tunes,NA,NA,NA,publicdomain,0.0,0,0,6,1,1,0,30,198,6.6,False,2.6137791846509093,0.9696969696969696,0.9660493827160492
QmRkSrfJzvfmWQFzcoTY2vC56q4g3ZGzKyj5aTckNVndVB,the Irish Molly Barn Dance,NA,irish dance,Misc Traditional,NA,folk,NA,publicdomain,0.0,0,0,6,1,1,0,53,332,6.264150943396227,False,3.0199660101231216,0.9307228915662652,0.9205729166666666
QmU2q7p2NXXDN2EQputG7a2BDfesnpg4MCJFqfFP2uiaMx,The Irish Music Club (reel) 1498,NA,The Irish Music Club,Misc tunes,after Mr. Cronin,NA,NA,publicdomain,0.0,0,1,18,1,1,0,19,128,6.7368421052631575,False,2.843278848756549,0.9765625,0.9830729166666666
QmX9PUSFNJ4mJRHu9mjwSk2XSZb1mM5Ha1p55JrdYu3zBA,The Irish Nation (air) 0204,NA,The Irish Nation,Misc tunes,after Chief F. O'Neillmoderate,NA,NA,publicdomain,0.0,0,0,1,1,1,0,19,102,5.368421052631579,False,2.753755441581664,0.9705882352941176,0.8932291666666666
QmZZ8LmTKz4tdHopVW998xTjepBL9MNDU2xMsXiGwCKqWd,The Irish Rose,NA,The Irish Rose,Misc tunes,NA,NA,NA,publicdomain,0.0,0,0,8,0,4,0-0-0-0,65,588,9.046153846153846,False,2.916624335486098,0.947265625,0.9761284722222222
Qmd2vTckqKPuSxxA5yu1xs8o5zXnxVS4dvoE8WdUCKuNwR,The Irish Rover,NA,The Irish Rover,Misc tunes,Traditional,NA,NA,cc-zero,4.44,15,98,5058,1,1,0,36,459,12.75,False,2.4899810389860164,1.0,0.972972972972973
QmcYxJMYDNYoG8W9Q14dZtJuVHhovH5uyEAjcWLMrFyHYF,The Irish Rover's -- Reel,NA,The Irish Rover,Misc tunes,NA,NA,NA,publicdomain,0.0,0,0,3,1,1,0,34,250,7.352941176470588,False,2.709037349298014,1.0,0.95703125
QmX9RXnanpYkGiTB3QDwNKhbTXrPdN13wWVRa1DwkYviVV,The Irish Washer Woman 2,NA,the irish washerwoman,Misc Traditional,Joe Buchanan's Scottish Tome - Page 261.1,folk,NA,publicdomain,0.0,0,0,9,1,1,0,43,239,5.558139534883721,False,2.543099007015624,1.0,0.9909722222222224
QmRvVBBzHgfhPs7ya3RahHVoixFV5qr91bo6X8rTMZmtoT,The Irish Washerwoman,NA,the irish washerwoman,Misc Traditional,NA,folk,NA,publicdomain,0.0,0,0,3,1,1,0,4,24,6.0,False,2.3180303358642105,1.0,0.9444444444444444
QmQEs3mfmPTUNS7C1kLg5JfLV38LdyrzoHhW6Lh4oZB9Cb,The Irish Washerwoman,NA,the irish washerwoman,Misc Traditional,NA,folk,NA,publicdomain,0.0,0,0,5,1,1,0,32,154,4.8125,False,2.765764801848521,1.0,0.9383680555555556
QmXA9RMmFr5YfZf81q8t6V2aveQR5J97vBZ9o8u23Ek6Pu,the IRISH WASHERWOMAN,NA,the irish washerwoman,Misc Traditional,NA,folk,NA,publicdomain,0.0,0,1,11,1,1,0,27,144,5.333333333333333,False,2.527958750256824,1.0,0.980324074074074
QmNWQ75AhyNCjsou7UP6HCb9KPVueZaNw6pvMAzguQ6foB,The Irish Washerwoman (4 part setting),NA,the irish washerwoman,Misc Traditional,NA,folk,NA,publicdomain,0.0,0,0,22,1,1,0,98,516,5.26530612244898,False,2.752553096952917,0.9786821705426356,0.9542910447761194
QmPjdPbjsuCsCbfDqkgewJR1G5xxAfn58BrtnKoSKjdrqC,The Irish Washerwoman. VWMLa.223,NA,the irish washerwoman,Misc Traditional,NA,folk,NA,publicdomain,0.0,0,0,5,1,1,0,95,435,4.578947368421052,False,2.634236980234615,1.0,0.964891975308642
QmSiywP5qmH65x7AHt6AC2o4C2Sdg1QhkEQCUKtnPNMe2N,The Irish Waterman3voices. JNu.32,Irish Washerwomanaka.3voices JNu.32,The Irish Waterman3voices. JNu.32,Misc tunes,NA,NA,NA,publicdomain,0.0,0,1,13,0,3,0-0-0,36,466,12.944444444444445,False,2.477840237918792,1.0,0.9748263888888888
QmYuBhphQEpXES1dbuLq5FLSopHnNVFhAKEuLskwq4wMEh,The Iron Man,W.M.F. McHardy Forgue,The Iron Man,Misc tunes,J. Scott Skinner,NA,NA,publicdomain,0.0,0,0,2,1,1,0,34,266,7.823529411764706,False,2.6790233712874767,1.0,0.8756510416666666
QmZSRcjMYWv3hCGyVxigQ9AdN3Wg686VsSZqnDtNPnMJEM,THE IRON THRONE (GAME OF THRONES) (DAENERYS TARGARYEN) (USE AUDIO SOURCE),NA,The Iron Throne,Ramin Djawadi,Ramin DjawadiArr. Kaleb Norton,classical-soundtrack,game-of-thrones-gameofthrones-got-ramin-djawadi-daenerys-targaryen-piano-hbo-movie-tv-music-soundtrack-khaleesi,cc-zero,4.62,13,32,1700,2,1,0,89,827,9.292134831460674,False,2.9724996774144805,0.9333333333333332,0.9494791666666668
QmaQdrAer59mJum68F2QcCNEkmhX6y7kukK2x6fhxmEZk6,The Irony of Choking on a Lifesaver (Piano),NA,the irony of choking on a lifesaver,All Time Low,Music by All Time LowTranscribed by sad_birb,rock,piano-intermediate-pop-alternative-alltimelow,cc-zero,4.49,3,14,175,2,1,0,80,1900,23.75,True,2.5145820751309147,0.9952631578947368,0.9272151898734178
QmdNdaP1Q3y8doBZ14t1RFa6SZ7crJAWFtpjpapYwNr4AU,the is me pianika1.mscz lanjutan,NA,the is me pianika1.mscz lanjutan,faisalghazi18,NA,NA,NA,cc-zero,0.0,0,0,4,1,1,0,32,34,1.0625,False,2.1512189023742434,1.0,0.9305555555555556
QmaXgWRgZpZVgWP2h7T1pfhxRkfYB7mXEHPvHwnfPnLVmJ,The Isle Of Ewe,NA,the ISLE OF SKYE,Misc tunes,NA,NA,NA,publicdomain,0.0,0,0,3,1,1,0,32,182,5.6875,False,2.560544928964634,1.0,0.9756944444444444
QmeWAoUZGLwztAqeXbAu6uZEQsucLd5egbNX1K9Y6AeJwy,The Isle of Skie. Ru2.167,NA,the ISLE OF SKYE,Misc tunes,NA,NA,NA,publicdomain,0.0,0,0,0,1,1,0,20,126,6.3,False,2.412832842310712,1.0,0.96875
QmVtXkLCUqvBmj6mzsNVZJdK2ht9igPFd4iUZ1oar5Gun8,The Isle of Skie. Ru2.167,NA,the ISLE OF SKYE,Misc tunes,NA,NA,NA,publicdomain,0.0,0,0,1,1,1,0,45,295,6.555555555555555,False,2.9157998683006983,0.8915254237288136,0.9583333333333334
QmPuprXVif8yBhXb7YEjiUU5mKjrs4PAjceSVvWyPCHoFN,The Isle of Sky,NA,the ISLE OF SKYE,Misc tunes,NA,NA,NA,publicdomain,0.0,0,0,2,1,1,0,34,258,7.588235294117647,False,2.6313918625697577,0.9844961240310076,0.9869791666666666
QmTgLYXKYaCnzKU1m4Rbb1C8yQvUB1WkyPcFgKGFHgnXTG,The Isle of Sky,NA,the ISLE OF SKYE,Misc tunes,NA,NA,NA,publicdomain,0.0,0,0,2,1,1,0,18,140,7.777777777777778,False,2.579072371354993,1.0,0.9479166666666666
Qma8gQGnvj8VqxwVK7WXE1GH8KcGcw79apHFFyPugNmuwZ,The Ivory Bowl,NA,The Ivory Bowl,Misc tunes,NA,NA,NA,publicdomain,0.0,0,0,2,1,1,0,36,160,4.444444444444445,False,2.53209388007465,1.0,0.9357638888888888
QmWigcjAae5AjjWdtq7Tbd6uTKzWFq2UtE7tCyL1Cxn6Q7,The Jacobite War Song,Eiridh na Fineacha' Gaidhealach,The Jacobite War Song,Misc tunes,NA,NA,NA,publicdomain,0.0,0,0,6,1,1,0,36,188,5.222222222222222,False,2.829786596786406,0.9787234042553192,0.933467741935484
QmWXx55T14haeh3RVtPuZXbuPjzN39F8E8E86o4L42oA9m,The Jacobites in their hiding places,Nach bochd a bhi 'm falach,The Jacobites in their hiding places,Misc tunes,NA,NA,NA,publicdomain,0.0,0,0,3,1,1,0,35,183,5.228571428571429,False,2.635820305584992,0.989071038251366,0.9366319444444444
Qmeo81eSzpWh6bnJzASuHpHSNmga9dHhXNivaLnENVVFjT,The Jetset Life is Gonna Kill You,NA,NA,NA,NA,NA,NA,cc-zero,0.0,0,12,177,2,1,0,85,1401,16.48235294117647,False,2.9108143738430674,0.91220556745182,0.9177350427350428
QmYZp7BXnuNTjmrg2g1b1YEsHeTpD3bsgkDgKahYB4dvZS,the JEW OF MOGADORE,NA,the JEW OF MOGADORE,Misc tunes,NA,NA,NA,publicdomain,0.0,0,0,1,0,2,0-0,36,306,8.5,False,2.7349292393572404,0.9803921568627452,0.984375
QmYokG6PowocsUSVDqrmNKHRL4V9oVMMMptieUwgedBG9T,The Jews and Romans in-a one band,NA,The Jews and Romans in-a one band,Misc Traditional,NA,folk,NA,publicdomain,0.0,0,0,8,1,1,0,35,373,10.657142857142857,False,2.4893075221187826,1.0,0.9479166666666666
QmTZiQn1XXLRSEm5egqVDBbUJXwyQszefVyEGe6wG7di6L,The Jews Harp. JJo.065,NA,The Jews Harp. JJo.065,Misc tunes,NA,NA,NA,publicdomain,0.0,0,0,30,1,1,0,36,116,3.2222222222222223,False,2.7496399289110283,1.0,0.97265625
QmVsLRba9pKfxV3MzemWG61XSUb13eEvP51gjTT5rnAH7M,The Jews Harp. JJo8.065,NA,The Jews Harp. JJo8.065,Misc tunes,NA,NA,NA,publicdomain,0.0,0,0,7,1,1,0,75,360,4.8,False,2.666771185978277,0.9888888888888888,0.9661458333333334
QmPqdWhfxibXTnk87yu8oqGe11ZBfTv5GVDZqof4MUybvA,The Jig of the Dead,Sean McGuire'sHaley's Favourite,The Jig Of The Dead,Misc tunes,NA,NA,NA,publicdomain,0.0,0,0,7,1,1,0,96,530,5.520833333333333,False,2.481861585908412,1.0,0.9722222222222222
QmeEW8cQgS2nwoMxpFX5DZ56tnnmB3CNDtttXmewFSvj7q,The Jiggernaut,NA,The Jiggernaut,Misc tunes,NA,NA,NA,publicdomain,0.0,0,0,1,1,1,0,4,18,4.5,False,2.285694614725999,1.0,0.9375
QmczDE9jAqW7orvhx5s4ChD2ifHZL39Mdk6Z1FyxDRnKuB,The Jingling Geordie,NA,The Jingling Geordie,Misc tunes,NA,NA,NA,publicdomain,0.0,0,0,1,1,1,0,4,14,3.5,False,2.495602923729013,1.0,0.9583333333333334
Qmasd7okgjnYYTKU5eqChb1CcsggCtFP31PkgEhAyN6DcV,The job of journey work,NA,The job of journey work,Misc tunes,anon.,NA,NA,publicdomain,0.0,0,0,2,1,1,0,37,250,6.756756756756757,False,2.7305948811270904,0.996,0.962962962962963
QmabAjDLXb4hwwQGgwtrBEZTYUiyb7pYKjn8QbsxhFpZTr,The Job of Journey Work (longdance) 1792,NA,The job of journey work,Misc tunes,after Chief F. O'Neill,NA,NA,publicdomain,0.0,0,0,44,1,1,0,50,310,6.2,False,2.758011251301279,0.9935483870967742,0.962962962962963
QmNpnAPXvzRpdXfkNqTyZd5E4dBqbkLDiwd3Z9yYuEqU83,The Job Of Journeywork,Job Of Journey WorkJob Of Journey Work TheJob Of Journeywork,The Job Of Journeywork,Misc tunes,NA,NA,NA,publicdomain,0.0,0,0,3,1,1,0,52,372,7.153846153846154,False,2.755214191374366,0.9731182795698924,0.9223856209150328
QmVKkwdhwhtu7YQiecmHLfPhA9Wpx6aGKBMNp7xL7pvpsf,The Jockey,Jockey to the Fair,The Jockey,Misc tunes,NA,NA,NA,publicdomain,0.0,0,0,2,1,1,0,32,144,4.5,False,2.7181361881449164,1.0,0.9346590909090908
QmPieMbwXxNAUCAxhvM5pg2J2ZVdn49pezjb2ZhNuVEMWr,The Jockey at the Fair,NA,The Jockey At The Fair,Misc tunes,file ID: onmi.misc/034jockey,NA,NA,publicdomain,0.0,0,0,7,1,1,0,57,242,4.245614035087719,False,2.8142847443312906,0.975206611570248,0.9241452991452992
QmP8EAxb2CrjHjbs4N8VFdLd1eKUh3ZFR2kgwMhRbHDXKL,The Jockey at the Fair,An Riamanaige Ag An Aonac,The Jockey At The Fair,Misc tunes,collected by J.O;Neill,NA,NA,publicdomain,0.0,0,0,2,1,1,0,54,242,4.481481481481482,False,2.8142847443312906,0.975206611570248,0.9241452991452992
QmXkYC21nQk4qpaiBChxmnbQKtbUxsGGSGp3KcqQHaffk7,THE JOCKEY DANCE,NA,THE JOCKEY DANCE,Misc tunes,Arranged by W. B. Laybourn,NA,NA,publicdomain,0.0,0,0,1,1,1,0,36,216,6.0,False,2.69008727177724,0.9814814814814816,0.95703125
QmenzcuC3qWEULw8NTYKjLuNEq4Hqo6nc2Dw4c1HModK89,the Jolly Beggar Man,the Red-Haired Boy,the Jolly Beggar Man,Misc tunes,NA,NA,NA,publicdomain,0.0,0,0,10,1,1,0,36,220,6.111111111111111,False,2.748428894970732,1.0,0.923828125
QmUSCe2u9LHSU9tHGy3r2RFqsFa8jvDmbuF4zN377pwVbR,The Jolly Beggarman (song) 0364,NA,The Jolly Beggarman,Misc tunes,after Chief F. O'Neillgaily,NA,NA,publicdomain,0.0,0,0,7,1,1,0,34,84,2.4705882352941178,False,2.701541856493764,1.0,0.9539930555555556
QmcTyatNm84E6TaqjYv7iboJLkBDjCGz4eeJAz6RrWgzPs,The Jolly Brick Makers. Roose.0032,NA,The Brick Makers,Misc tunes,NA,NA,NA,publicdomain,0.0,0,0,3,1,1,0,52,150,2.8846153846153846,False,2.8552356815104654,0.9466666666666668,0.9348958333333334
QmYSaC7CHHPDYFVamGHQm1rxCH4rD6MUUnhJVf82Ub7cR6,The Jolly Clamdiggers,Jolly Clamdigger TheOld Blackthorn TheBlackthorn Stick TheOld Blackthorn Stick The,The Jolly Clamdiggers,Misc tunes,NA,NA,NA,publicdomain,0.0,0,0,2,1,1,0,32,229,7.15625,False,2.683576115904075,1.0,0.9446614583333334
QmRy9U6s7ne8SsVSpttUPmf7hQu8bT8yQUiRhgx5mhqVfd,The Jolly Clamdiggers,Old Blackthorn TheBlackthorn Stick The,The Jolly Clamdiggers,Misc tunes,NA,NA,NA,publicdomain,0.0,0,0,2,1,1,0,16,114,7.125,False,2.694852104061104,1.0,0.94140625
QmV9K1YnVvn6uigQWBpA8gFhKpHtaKpddK6YSgjUTgqp6w,The Jolly Corkonian (jig) 0822,NA,The jolly Corkonian,Misc tunes,after Cpl. Crowley,NA,NA,publicdomain,0.0,0,0,2,1,1,0,38,198,5.2105263157894735,False,2.7225448515178727,0.9595959595959596,0.9858333333333332
QmS25fo4YkYvghVkjXpsPD3VdZkce48nKjSznDv4MPfJPF,The Jolly Goss Hawk - Westaway,NA,The Jolly Goss Hawk - Westaway,Misc tunes,Taken down from H. Westaway by H.Fl.S.,NA,NA,publicdomain,0.0,0,0,3,1,1,0,40,130,3.25,True,2.58517131998771,1.0,0.9202898550724636
QmPtACMKWecN4rA8p6Z9ffkMxwQDUfxpwzWnDhLyAxRnX6,The Jolly Gyptio. TCo.11,Jolly Gypsy O?aka. TCo.11 The,The Jolly Gyptio. TCo.11,Misc tunes,NA,NA,NA,publicdomain,0.0,0,0,1,1,1,0,14,73,5.214285714285714,False,2.7801163583523865,1.0,0.96875
QmU1LHSaPhzT5hNUhySzocN3TDgkp2ZBsVFEyKTqbxAiUu,The Jolly Little Boy (hornpipe) 1716,NA,THE JOLLY LITTLE BOY,Misc tunes,after Mr. Cronin,NA,NA,publicdomain,0.0,0,0,1,1,1,0,38,264,6.947368421052632,False,2.784297234895837,0.9924242424242424,0.9129901960784312
Qmeknmhv5a22HjTaiCqN9CJekWZpVvXnD6raE8Mt4ARDNF,The Jolly Old Man (jig) 0895,NA,The Jolly Old Man (jig) 0895,Misc tunes,after Chief F. O'Neill,NA,NA,publicdomain,0.0,0,0,5,1,1,0,38,177,4.657894736842105,False,2.647678265537322,0.9887005649717514,0.9589646464646464
QmWJD7w6pUvRU3yAnPRDSYLwH6d54udnK5ViqixwMnGUtV,The Jolly Pedlar,Ceannuidhe Sugach (An),The Jolly Pedlar,Misc tunes,NA,NA,NA,publicdomain,0.0,0,0,3,1,1,0,16,59,3.6875,False,2.388000399015236,1.0,0.9427083333333334
QmVWWiNNEhBL3zJy26AjooreRLpEMCSuG7AP1vU6MqtwAE,The Jolly Plowman (1st Setting ?) (song) 0386,NA,The Jolly Plowman,Misc tunes,after Chief F. O'Neillmoderate,NA,NA,publicdomain,0.0,0,0,2,1,1,0,19,115,6.052631578947368,False,2.617540093510944,1.0,0.9152777777777776
Qmf34CEuzTruMdt4FJLSiLq1vtSu3ofUb66mCY1SigeW1E,The Jolly Sailor. Roose.0021,Rigs of Marlowaka. Roose.0021Rakes of Mallowaka. Roose.0021,The Jolly Sailor. Roose.0021,Misc tunes,NA,NA,NA,publicdomain,0.0,0,0,12,1,1,0,16,132,8.25,False,2.6546991894939183,1.0,0.95703125
QmdCVG7pxo7BXu594DNtrmemh4RHFYv9sa4ECadSGMzS2m,The Jolly Seven (reel) 1466,NA,The jolly seven,Misc tunes,after Mr. Hartnett,NA,NA,publicdomain,0.0,0,0,1,1,1,0,17,127,7.470588235294118,False,2.7464494881512387,0.952755905511811,0.9869791666666666
QmR2XbETfKAU1XuFnRGZNmwjvnmM7hZVcgFHCpmhaKY4Wp,The Jolly Weaver (reel) 1459,NA,The Jolly Weaver,Misc tunes,after Mr. McFadden,NA,NA,publicdomain,0.0,0,0,1,1,1,0,17,128,7.529411764705882,False,2.658709388226374,1.0,0.8997395833333334
QmNdm3hQthZKBMSXqRLUoaxB8qJ6f8U64xnzsrdrcEnFpN,The Jolly Young Waterman. JBut.392,North Country Lassaka. JBut.392 The,The Jolly Young Waterman,Misc tunes,From The Waterman an opera by Charles Dibdin 1774,NA,NA,publicdomain,0.0,0,0,1,1,1,0,34,182,5.352941176470588,False,2.764595627989888,1.0,0.9539930555555556
QmXjv5v4PGWRuiYTKQGwHYCKTDieq2u32vkGkB3GRm5RbN,The Journey,NA,The Journey,DanDragon14,Daniel Funderburg,NA,NA,cc-zero,0.0,0,0,23,1,1,0,55,350,6.363636363636363,False,2.9174851259954604,0.9771428571428572,0.9776234567901234
QmYJmkidvVGxvhewHVM3W5f1otScSfhufP9H6CbGDmBBub,The joy I feel today - E. O. Excell,NA,The joy I feel today,E. O. Excell,NA,classical,NA,publicdomain,0.0,0,0,7,1,1,0,23,327,14.217391304347826,False,2.380608797046444,0.9938461538461538,0.9652777777777778
QmTQ1PTZnX2haxGWVAMb1FvN8ZoSSaVT7SnMnuJkmoSFx5,The Joy Of Christmas,NA,The Joy Of Christmas,BryceDog,Composer,NA,christmas-piano-happy-fun-christmassongforpiano-joy-thejoy-thejoyofchristmas-christmasjoy-pianochristmas-christmasforpiano-pano-christms,cc-zero,0.0,0,0,38,0,2,0-0,32,368,11.5,False,2.719515210658696,0.9237057220708448,0.9112903225806452
QmfNCjoCaqcvKGBZUWK7C9jcXU24GehDGjFrQ5n4GQtzt9,The Joy Of My Life (jig) 0808,NA,The joy of my life,Misc tunes,after Chief F. O'Neill,NA,NA,publicdomain,0.0,0,0,4,1,1,0,38,194,5.105263157894737,False,2.5679390423200945,1.0,0.9703282828282828
QmX99nm5bPThM47PZKP25cG2E91jPqtB3Uigv77W9DoZVk,The joy of my life = Donnybrook Fair (Double Jig),NA,The joy of my life,Misc tunes,anonymus,NA,NA,publicdomain,0.0,0,0,5,1,1,0,36,186,5.166666666666667,False,2.518630254089499,1.0,0.984375
QmdgcmxcaA3PLxaznubv5hrEDfmKVs1CM1Z6FRAAKsQCw3,The Joy of My Life.,NA,The joy of my life,Misc tunes,F. O'Neill.,NA,NA,publicdomain,0.0,0,0,3,1,1,0,45,230,5.111111111111111,False,2.494810648545435,1.0,0.9819444444444444
QmNgZcvL7E6YijSRAoDSNPFc5Bk2EFsLmHzq2ZadpL7ytm,The joy of the Lord is the strength of His people - Albert B. Simpson,NA,The joy of the Lord is the strength of His people,Albert B. Simpson,NA,classical,NA,publicdomain,0.0,0,0,8,2,1,0,19,356,18.73684210526316,False,2.488212466579234,0.99438202247191,0.9583333333333334
QmZKLs6uncVB3apkKpN3BQQk8xbTo4FqkHmpTMFpbkSbB5,The joy-bells of Canaan send forth a glorious peal,NA,The joy-bells of Canaan send forth a glorious peal,Misc Traditional,NA,folk,NA,publicdomain,0.0,0,0,6,2,1,0,27,378,14.0,False,2.669456644817132,0.9947089947089948,0.9325
QmSJshBKRNyzgVGTjcGtK6nWNQcd4HUq6Lr8wQ8DzT1MaM,The Joys of Summer (air) 0230,NA,The Joys of Summer,Misc tunes,after Sg't. J. O'Neillmoderate,NA,NA,publicdomain,0.0,0,0,2,1,1,0,18,55,3.055555555555556,False,2.6553427116642827,1.0,0.9635416666666666
QmVvJpqvzqLmVMjmaCZ5kPMutVb6riELBtg8PqGLxNwEqp,The Judge's Dilemma,NA,The Judge's Dilemma,Misc tunes,NA,NA,NA,publicdomain,0.0,0,0,62,1,1,0,126,630,5.0,False,2.205099167865866,1.0,0.9776785714285714
QmdbQ22se62b3qWKx5ZeB54RWJW68uzRyQmgkFaRvrdCFS,The Jug And It Full DAMAGED IRRETRIEVABLY (air) 0293,NA,the Jug and It Full,Misc tunes,after Chief F. O'Neillslow,NA,NA,publicdomain,0.0,0,0,2,1,1,0,26,107,4.115384615384615,False,2.730109861675637,0.9813084112149532,0.9328703703703703
QmbpXrMKAHkiN3r9BTsuGuVJZWGam4CxV6at86z4gAc9Zj,The Jug of Punch,curisgin an di.ge.,The Jug Of Punch,Misc tunes,NA,NA,NA,publicdomain,0.0,0,0,5,1,1,0,16,114,7.125,False,2.6745609429139288,1.0,0.9661458333333334
QmcSnhUvzg63rf6nqXCRpoFDYQ6wzLKJF2k5VtT8VaNm2y,The Jug of Punch (reel) 1542,NA,The Jug Of Punch,Misc tunes,after Mr. Carey,NA,NA,publicdomain,0.0,0,0,25,1,1,0,17,118,6.941176470588236,False,2.750635193719475,0.9830508474576272,0.96875
QmRDgMscnrGA1BDSdYUD6XUAHF36EQ8fufBGn56Qqvz2j8,The Jug of Strong Punch (reel),NA,The Jug Of Punch,Misc tunes,NA,NA,NA,publicdomain,0.0,0,0,4,1,1,0,19,162,8.526315789473685,False,2.7305327924767773,0.9691358024691358,0.9781746031746033
QmSmZXAsd9o2S3A4vpERvELdpjifXDiUufpxvNyEUMiNYV,The Juice of the Barley,NA,Juice of Barley,Misc tunes,NA,NA,NA,publicdomain,0.0,0,0,9,1,1,0,8,55,6.875,False,2.5956821989595364,1.0,0.9404761904761904
QmNgvqUa3DfnBQpU5QhZjo2dutf7AchT7S2eKyaX7hUneY,The Keel Rewe Reel. JBut.724,Keel Row. JBut.724 TheSmiling Polly aka. JBut.724,The Keel Rewe Reel. JBut.724,Misc tunes,NA,NA,NA,publicdomain,0.0,0,0,4,1,1,0,30,170,5.666666666666667,False,2.5064936866738146,1.0,0.9746376811594204
QmTfCbncGvFW1FaM3L7soLdGxV39tMdy2QzCDUDVE6XUd8,THE KEEL ROW -- with Variations,NA,The Keel Row,Misc tunes,NA,NA,NA,publicdomain,0.0,0,0,3,1,1,0,160,572,3.575,False,2.672852041790094,1.0,0.9699074074074074
QmV3NKTp9pBKjjJ74Q1q8H6D1xvw4W8iuAi4XsGx6yWtG6,The Keel Row Jim Monroe's Dance,NA,The Keel Row,Misc tunes,NA,NA,NA,publicdomain,0.0,0,0,2,1,1,0,18,246,13.666666666666666,False,2.5929630735927374,1.0,0.9375
QmSsARzXwCNxDE5LDHVb5SbuoLxpCAr3A5xA8iUuePvtUz,The Keel Row with variations by Gibson (incomplete). WTG.[038],NA,The Keel Row,Misc tunes,NA,NA,NA,publicdomain,0.0,0,0,2,1,1,0,92,614,6.673913043478261,False,2.7879158799611297,0.993485342019544,0.959155701754386
QmdqcGHEUNQ2DguHZwrvxvCCuJaQejGtAm7MyvUW9jnBch,The Keel Row. JHa.32,NA,The Keel Row,Misc tunes,NA,NA,NA,publicdomain,0.0,0,0,3,1,1,0,20,104,5.2,False,2.6433649698578607,1.0,0.9635416666666666
QmTAvUMeFCq5mTbKSKL3AupvXZBMmgc43FW5zkAygodm6j,The Keel Row.with variations JMT.024,NA,The Keel Row,Misc tunes,NA,NA,NA,publicdomain,0.0,0,0,41,1,1,0,134,1134,8.462686567164178,False,2.8367317516448622,0.980599647266314,0.946195652173913
QmapPj6WuUwnqttdi3EJXs7uAB56TQrYG9AqR1LczWwGRX,The Keel Row; with variations. WHL.[188],NA,The Keel Row,Misc tunes,NA,NA,NA,publicdomain,0.0,0,0,9,1,1,0,124,1000,8.064516129032258,False,2.848056807243937,0.982,0.9324845679012346
QmVHjBdTMbRH89YNtKM29NpkfjzJ37nGymvxHQBCsGATTc,The Keelman's Petition,NA,The Keelman's Petition,Misc tunes,NA,NA,NA,publicdomain,0.0,0,0,4,1,1,0,16,126,7.875,False,2.6665255205607914,1.0,0.94921875
QmSDFiqcRBQaimoeYrZgCdzkYuHf3L7ZVWsDGTYavuq1n4,The Keg with the Tap in it,NA,The Keg with the Tap in it,Misc tunes,NA,NA,NA,publicdomain,0.0,0,0,2,1,1,0,16,93,5.8125,False,2.311782808747677,1.0,0.9826388888888888
QmbH9oevhw2oYP5rcJh3zjHEXftn9vx53mU7c6soGQsqwN,The Kentish Cricketers. Ru1.176,NA,The Kentish Cricketers,Misc tunes,NA,NA,NA,publicdomain,0.0,0,0,1,1,1,0,13,103,7.923076923076923,False,2.44745570272664,1.0,0.9375
QmWUQkUT8nczNKnmgJxMVXznnHd6Hv3AaJMBxmNQSB3jP4,the Kentish Cricketters,NA,the Kentish Cricketters,Misc tunes,NA,NA,NA,publicdomain,0.0,0,0,1,1,1,0,18,140,7.777777777777778,False,2.526914079516437,1.0,0.94140625
Qma51BevjiW9uGndHSrd8hUTb1v1ip64femNGF3SZVG2pa,The Kerry Bag,NA,The Kerry Bag,Misc tunes,NA,NA,NA,publicdomain,0.0,0,0,1,1,1,0,40,274,6.85,False,2.5372420016213746,0.978102189781022,0.953525641025641
QmPEq9vJnzAtL9yxU5QqspJ1L651WK78vWyQqbeVeCbTzH,The Kerry Huntsman (reel) 1447,NA,The Kerry Huntsman,Misc tunes,after Sg't. Stack,NA,NA,publicdomain,0.0,0,0,7,1,1,0,25,189,7.56,False,2.637175558260948,0.9947089947089948,0.9505208333333334
QmYYsWbJeoeiYrdYioLd25oBtgjseWChCobjp8azvbqJgV,The Kerry Polka,NA,NA,NA,NA,NA,tinwhistle-traditionalirish-irishpolka,cc-zero,0.0,0,6,821,1,1,0,42,149,3.5476190476190474,True,2.296688227271228,1.0,0.9246031746031746
QmUJcSE8QwDgWPFA5Gx2ZmqypajqNHb125dRFhi4Q7pyib,The Kerry Reel,Greenfields of Rossbeg TheGreenfields of Rossbank The,The Kerry Reel,Misc tunes,NA,NA,NA,publicdomain,0.0,0,0,20,1,1,0,27,180,6.666666666666667,False,2.6319199592938265,1.0,0.9470486111111112
Qmec3yzghx38JjX566ALWa2fDTchtExLA86tTcwwKb67sV,The Kesh,arr. Gerald McAuley,NA,NA,NA,NA,irish-ireland-celtic-folk-traditional-gaelic,cc-zero,4.83,3,2,202,1,1,0,37,360,9.72972972972973,False,2.4838631574080217,1.0,0.9575
QmXpYhGV6h1NiykrFRgp4tQkUaS7yBgJp3f732oE2wV4Xz,The Key of the Cellar. SenH.089,NA,The Key of the Cellar. SenH.089,Misc tunes,in Hand B (Humph. Senhouse),NA,NA,publicdomain,0.0,0,0,3,1,1,0,24,168,7.0,False,2.853537427338142,0.9047619047619048,0.9513888888888888
QmdwUwFSxj4NZubUpUhKzJC6pSrBfvz6E3MdZDiPNGWsJV,The Kid on the Mountain,NA,The Kid On The Mountain,Misc tunes,Joe Buchanan's Scottish Tome - Page 260.1,NA,NA,publicdomain,0.0,0,0,3,1,1,0,108,929,8.601851851851851,False,2.571206675052301,1.0,0.9713541666666666
QmTiPzYqCZ98QMey5HCniNVRhr8H213UPV9dGi9uMVRxwD,The Kid On The Mountain,Kid Of The MountainKid Of The Mountain TheKid On A Mountain TheKid On The MountainKid On The Mountain Bike (courtesy Of S. Hannigan) The,The Kid On The Mountain,Misc tunes,NA,NA,NA,publicdomain,0.0,0,0,10,1,1,0,116,960,8.275862068965518,False,2.613154467054536,0.9958333333333332,0.9649038461538462
QmUcTnByUodeWANcLiLXzDXPF4kYYcX9mqQyxfrsuE7Jyq,The Kid on the Mountain (slip jig),NA,The Kid On The Mountain,Misc tunes,anonymus,NA,NA,publicdomain,4.49,3,3,68,1,1,0,40,324,8.1,False,2.601833092697061,1.0,0.9662037037037036
QmY2p2QQTcbiDymfeqBLhjoEddPWS34vErRRq6cnddRp8P,The Kid on the Mountain.,NA,The Kid On The Mountain,Misc tunes,NA,NA,NA,publicdomain,0.0,0,0,6,1,1,0,48,414,8.625,False,2.573201006163216,1.0,0.9679783950617284
QmYbS3kJFbPMaT5YQBGxsXAkfQ4yBg3bmZaxtJm1F4k3JL,The Kilchattan Wedding,Calum Figheadair,The Kilchattan Wedding,Misc tunes,NA,NA,NA,publicdomain,0.0,0,0,5,1,1,0,20,130,6.5,False,2.558725123992406,0.9692307692307692,0.9505208333333334
QmPWqRBka4g12Um9uubcCcKXXKPr4ntJBvcnz4JMJMZ3Tp,The Kildare Fancy.,ro.ga ci.lle-nara.,The Kildare Fancy,Misc tunes,NA,NA,NA,publicdomain,0.0,0,0,12,1,1,0,36,266,7.388888888888889,False,2.632946213425299,1.0,0.9036458333333334
QmQwuZmhcgcGZ3VhZwjbtFvqa8nMnxCS7yekuKMTNVfF9q,The Kildare Hornpipe 1,NA,The Kildare Hornpipe 1,Misc tunes,Joe Buchanan's Scottish Tome - Page 242.2,NA,NA,publicdomain,0.0,0,0,3,1,1,0,45,330,7.333333333333333,False,2.6617011530914936,1.0,0.89375
QmQkvYpcTVh2rPSukG3K9GH4H9S48zGXrqrUVi21ggTw45,The Kilfinane hornpipe,NA,The Kilfinane,Misc tunes,anon.,NA,NA,publicdomain,0.0,0,0,0,1,1,0,45,313,6.955555555555556,False,2.757697278791861,1.0,0.9473958333333332
QmQgiWn4vxuXu4pj8oeZQC8KWHQgbiBqAQAYPtVoSThKSk,The Kilfinane hornpipe,NA,The Kilfinane,Misc tunes,anon.,NA,NA,publicdomain,0.0,0,0,0,1,1,0,54,372,6.888888888888889,False,2.753833077421416,1.0,0.9470486111111112
Qme4dWw4kBHLtUX47Qwo6sJePzefwqNSYqbx8w7jjfz5gt,The Kilfinane Hornpipe 1762,NA,The Kilfinane,Misc tunes,after Mr. Cronin,NA,NA,publicdomain,0.0,0,0,4,1,1,0,56,380,6.785714285714286,False,2.759018913304006,1.0,0.9481292517006804
QmcSoBo6Det6B5BT7mi4AcnnbBKxL3Es1XkZ9mtjEur1y5,The Kilfinane jig,NA,The Kilfinane,Misc tunes,anon.,NA,NA,publicdomain,0.0,0,0,0,1,1,0,29,148,5.103448275862069,False,2.7571199720578936,0.9932432432432432,0.950657894736842
QmenZYyaCrDjQzey3EnpVjGTYQx7QTzppv4Y4MKRZ9uCnM,The Kilfinane Jig,NA,The Kilfinane,Misc tunes,NA,NA,NA,publicdomain,0.0,0,0,1,1,1,0,45,239,5.311111111111111,False,2.698182106135208,1.0,0.9680555555555556
QmYNvXDW4UBu9sr7V6kYJrq21sozUoAb1xdsrdrt6LEsM2,The Kilfinane Jig 1070,NA,The Kilfinane,Misc tunes,after Sg't J. O'Neill,NA,NA,publicdomain,0.0,0,0,2,1,1,0,38,200,5.2631578947368425,False,2.7654279724929864,0.99,0.9691666666666666
QmVuYKiyMLiyqaCpb8zWQXSGWrMAJvyy9iCs7RzvFFFhWE,The Kilkenny Girl (jig) 0752,NA,The Kilkenny Girl,Misc tunes,Unattributed,NA,NA,publicdomain,0.0,0,0,9,1,1,0,38,170,4.473684210526316,False,2.7139139732973616,1.0,0.9501262626262628
QmSdukMQgkaarPviCtQ3nT4iSULx7kjwUyPwGEh1ZvftDL,The Killarney Boys Of Pleasure,NA,Killarney Boys of Pleasure,Misc tunes,NA,NA,NA,publicdomain,0.0,0,0,1,1,1,0,40,275,6.875,False,2.2638408242306745,1.0,0.953125
QmZPcivfdiH37s8MqiZyvXHGZjdG31BcEPoLTFcjkZMGRx,The Killarney Boys Of Pleasure,NA,Killarney Boys of Pleasure,Misc tunes,NA,NA,NA,publicdomain,0.0,0,0,2,1,1,0,36,256,7.111111111111111,False,2.367410968897316,1.0,0.9346064814814816
QmNotosQR568U6N6cD89H6sz9zw1QMehDtQ628oLTFoFQH,The Killarney Boys Of Pleasure,NA,Killarney Boys of Pleasure,Misc tunes,NA,NA,NA,publicdomain,0.0,0,0,2,1,1,0,38,290,7.631578947368421,False,2.2526643472268515,1.0,0.9594017094017094
QmUBRP6nS72y6BoyKhFtKEcqcZjs6g1Env8rS8VPj8tqek,The Killavel Jig,Killavil Jig The,The Killavel Jig,Misc tunes,NA,NA,NA,publicdomain,0.0,0,0,1,2,1,0,118,910,7.711864406779661,False,2.522185038862533,1.0,0.978150406504065
QmUQHibcsG5tjyvHke8SgzkxCbnCYqPJ3PqZu9cBJnWbF6,The kind Shepherd seeks for the wandering sheep - F. A. Graves,NA,The kind Shepherd seeks for the wandering sheep,F. A. Graves,NA,classical,NA,publicdomain,0.0,0,1,3,1,1,0,25,300,12.0,False,2.586039202580069,0.9766666666666668,0.918859649122807
QmTLkSX6MxkF9n4dF3FMH7cvfjR4vSLkvbjQRkL3EpWVzP,The King,cover rey leon - el ciclo sin fin (flauta),circle of life,Elton John,jc,rock,lionking-flute-disney,cc-zero,0.0,0,2,2586,0,1,0,11,59,5.363636363636363,False,2.6235958995218485,0.9830508474576272,0.9625
QmVTTMq13dkwcNxSwbYbP2hHPaasBdxa4uvMLz3NMbMjhM,The King as he stood by his chariot one day - Jno. R. Sweney,NA,The King as he stood by his chariot one day,John R. Sweney,NA,classical,NA,publicdomain,0.0,0,0,3,2,1,0,18,358,19.88888888888889,False,2.628101324288999,0.988826815642458,0.9045138888888888
QmZrFWHMiFwBFVTXiFZwrEaGtzREUgfougC7kv6TzE3mzE,The King bids you come and partake of the feast - D. B. Towner,NA,The King bids you come and partake of the feast,D. B. Towner,NA,classical,NA,publicdomain,0.0,0,0,2,1,1,0,19,322,16.94736842105263,False,2.5584894383724213,1.0,0.9205729166666666
QmPJsLULMcahfo1CZHzuwZaywqnRoV2p4hpQhKqqYda2dj,The King has called for volunteers - Herbert G. Tovey,NA,The King has called for volunteers,Herbert G. Tovey,NA,classical,NA,publicdomain,0.0,0,0,4,1,1,0,15,222,14.8,False,2.875549610522913,0.9369369369369368,0.9407051282051282
QmXfEzPYzkKvvMqCWUttgHBfkq1Tw1QDFUuia1CpUf6JMD,The King has made a marriage - W. H. Doane,NA,The King has made a marriage,W. H. Doane,NA,classical,NA,publicdomain,0.0,0,0,2,1,1,0,29,362,12.482758620689657,False,2.518739303600353,0.9917127071823204,0.912037037037037
QmRDWzpKtJZBdamM4ezmkaGyAjYn6cCPVZVtuiPJ4YT3SC,The King in His beauty upon the white throne - I. H. Meredith,NA,The King in His beauty upon the white throne,I. H. Meredith,NA,classical,NA,publicdomain,0.0,0,0,4,2,1,0,19,333,17.526315789473685,False,2.7618446273203987,0.96996996996997,0.9409722222222222
QmRJMxyDVfaSugn4PTXAwFKn387fp4EBGw6hZGd2mUWZ2F,The King in His glory will come by and by - Charles E. Pollock,NA,The King in His glory will come by and by,Charles E. Pollock,NA,classical,NA,publicdomain,0.0,0,0,2,1,1,0,17,265,15.588235294117649,False,2.5844993543651897,0.9773584905660376,0.921875
QmWbPzSefwVzn3izhWxgGiGDY7EWRfXKkgC4AVKaqWNXGj,The King of all the earth is He - Ernest E. Reid,NA,The King of all the earth is He,Ernest E. Reid,NA,classical,NA,publicdomain,0.0,0,0,2,2,1,0,55,914,16.618181818181817,False,2.77165114809475,0.9693654266958424,0.9392006802721088
QmQ82FA5yVr6yXwX3F8UnLBGPmLak2cHqj2uV5s6G54cRM,The King of Ballyhooley,NA,Ballyhooley,Misc tunes,NA,NA,NA,publicdomain,0.0,0,0,6,1,1,0,21,68,3.238095238095238,False,2.688513817166522,1.0,0.9125
QmWuy9yeoZHBw1g8QziVshjRF88NjA3wm4wAwkeiDR5kVc,The King of Denmark's Favourite. Roose.0624,Promenadeaka. Roose.0624 The,The King of Denmark's Favourite. Roose.0624,Misc tunes,'Cotillon',NA,NA,publicdomain,0.0,0,0,7,1,1,0,48,198,4.125,False,2.4874838066320444,1.0,0.9033564814814816
QmWTysS6NdbFdHtVvHZfveZ3aZfoWfGoDYG6j8QF53Lm3Q,The King of Glory cometh in joy and peace to reign - R. Frank Lehman,NA,The King of Glory cometh in joy and peace to reign,R. Frank Lehman,NA,classical,NA,publicdomain,0.0,0,0,7,2,1,0,32,478,14.9375,False,3.066573127155398,0.9138655462184874,0.9588675213675214
QmQiSq46pNjFHqo9bGRxL1SmD8gCxUnNKyqs8QWwDd8GhC,The King of Love came down to earth - Frank M. Jeffery,NA,The King of Love came down to earth,Frank M. Jeffery,NA,classical,NA,publicdomain,0.0,0,0,6,1,1,0,33,383,11.606060606060606,False,2.74706651195182,0.9765013054830288,0.953125
QmP8BuNSErAbWiXiZi4eJUKLhDADFo8Djt8yqeVjnkWBf8,The King of love my Shepherd is - Gounod,NA,The King of love my Shepherd is - Gounod,Charles Gounod,NA,classical,NA,publicdomain,0.0,0,1,112,2,1,0,23,291,12.652173913043478,False,2.877364186995301,0.9415807560137456,0.95625
QmZuy9bjzUf4K6hr7SbL14K5Btag1LyF9DNqJXGoWZpnGP,The King of Poland,NA,The King of Poland,Misc tunes,NA,NA,NA,publicdomain,0.0,0,0,1,1,1,0,15,62,4.133333333333334,False,2.610549926324422,0.9838709677419356,0.85
QmTKg11H5NFH95ry1yLbR6MQR4psPeMZNEfCzfn51fTjBR,The King of Rath or Ree Raw,NA,The King of the Rath,Misc tunes,NA,NA,NA,publicdomain,0.0,0,0,3,1,1,0,28,140,5.0,False,2.734405652015078,0.95,0.941468253968254
QmSHkWHhw2weWzrKGiaUSEAZbv2e54XSxDetH6ibzGvJtW,the King of the Fairies,NA,King Of The Fairies,Misc tunes,NA,NA,NA,publicdomain,0.0,0,0,12,1,1,0,54,286,5.296296296296297,False,2.6855266939079567,0.993006993006993,0.8888888888888888
QmanWDxemM3Vak4MUPHZQZ29SbbSUepbXbhLKqiV7vb5QH,The King Of The Fairies,NA,King Of The Fairies,Misc tunes,NA,NA,NA,publicdomain,0.0,0,0,7,1,1,0,17,59,3.4705882352941178,False,2.6200849072703187,1.0,0.9236111111111112
QmNW8J1kYyhZ8AiRuMsXiJD8WGw3zZkQFtzxR3BJb21KE9,The King of the Fairies,NA,King Of The Fairies,Misc tunes,NA,NA,NA,publicdomain,0.0,0,0,2,1,1,0,52,324,6.230769230769231,False,2.7012996311052064,0.9876543209876544,0.9466145833333334
QmXo9e21GDrQxRuvHXx6qykaLZnXj11ooBqV1t4rdTzugT,The King of the Fairies,NA,King Of The Fairies,Misc tunes,NA,NA,NA,publicdomain,0.0,0,2,59,1,1,0,48,302,6.291666666666667,False,2.685434404613988,0.9933774834437086,0.9522569444444444
QmUza3pTraARBuKbGf7HFvLJXDeuK5pFL2Aw6CaUKdD4E9,THE KING OF THE PIPERS,NA,King Of The Pipers,Misc Traditional,NA,folk,NA,publicdomain,0.0,0,0,1,1,1,0,135,838,6.207407407407407,False,2.7085333994702703,1.0,0.9564200680272108
QmRp7DCpc7r2RmDc3DzaMiZj3ygaP39P4Ad7iku36UjeSH,The King of the Pipers,NA,King Of The Pipers,Misc Traditional,NA,folk,NA,publicdomain,0.0,0,0,6,1,1,0,160,892,5.575,False,2.707555393734674,0.9820627802690582,0.9755208333333332
QmX8qRpD64eHgLebGKG231vSHBjCc8eJinYYv7v7ypWkKV,The King of the Pipers,Knights of Saint Patrick The,King Of The Pipers,Misc Traditional,NA,folk,NA,publicdomain,0.0,0,0,14,1,1,0,32,176,5.5,False,2.685807583969867,1.0,0.96875
QmTH3kcnRAtJzkJCcASj2VGYTowf8cbitJdG8oNCPKzKZ2,The King Of The Rath (march) 1808,NA,The King of the Rath,Misc tunes,Unattributed,NA,NA,publicdomain,0.0,0,0,4,1,1,0,38,186,4.894736842105263,False,2.855236119133039,0.935483870967742,0.9456845238095238
QmbNgNH9foqQpkXvCDwLcfhgAbwRNJ23pgJYLLQyX4Hrnj,The King shall enjoy,When the King Enjoys His Own Again,The King shall enjoy,Misc tunes,NA,NA,NA,publicdomain,0.0,0,0,8,1,1,0,60,338,5.633333333333334,False,2.88599898921931,0.9644970414201184,0.925595238095238
QmTgh6bQamYHpMUwAaST19291pSxjaTtsbdivQbPTud1P4,The King Shall Enjoy His Own Again. HA.109,NA,The King Shall Enjoy His Own Again. HA.109,Misc tunes,NA,NA,NA,publicdomain,0.0,0,0,5,1,1,0,12,58,4.833333333333333,False,2.717175535398409,1.0,0.9444444444444444
QmUYzy6hP6y2iLS2fqB4u2Ny5ib3TeuZAUk6YXSqoVg5VN,The King shall rejoice (Coronation Anthem No. 2) - George Frideric Handel,NA,The King Shall Rejoice HWV 260,Georg Friedrich Händel,NA,classical,NA,publicdomain,4.16,3,6,249,0,4,0-0-0-0,364,3936,10.813186813186814,True,3.030181358404907,0.9379905808477236,0.91064453125
QmUViSu1DRPNqRbfdC1SqMDGtjWgMq9fgiBigt92cUSh6H,The King's Arrival (Advanced Piano Solo),NA,The King's Arrival,Ramin Djawadi,Composed by Ramin DjawadiPiano arrangement by Nicolas Del GalloFull playthrough and more athttps://www.youtube.com/c/NDGmusicIf you want to donate please check out my Patreon âºhttps://www.patreon.com/ndg,classical-soundtrack,robert-baratheon-gameofthrones-piano-got-season-king,cc-zero,4.87,13,33,605,2,1,0,149,1517,10.181208053691275,False,3.183666131263775,0.8740936058009229,0.8981269113149847
QmWvXBx5RK15JKQxzjZdQSmMQ88TDSbQamBEyCcmXNg4Zn,The King's Health,Deoch slaint' an Righ,The King's Health,Misc tunes,NA,NA,NA,publicdomain,0.0,0,0,1,1,1,0,32,128,4.0,False,2.8646305444911904,0.9609375,0.8368055555555556
QmQyRw37MK3fDfYcMWnLbSBw4HP5cBbt8UZZqKZx8Y3tUp,The King's Jig,In WInchester Was A Wedding,The King's Jig,Misc tunes,NA,NA,NA,publicdomain,0.0,0,0,3,1,1,0,19,123,6.473684210526316,False,2.7407774172241965,1.0,0.9479166666666666
QmXKNbwRrsfWNXb1UytX1q7M9fKy2aGbaaBaQ2pfGyEo9F,The King's Jig. (p)1679.PLFD1.229,Winchester Wedding. (p)1679.PLFD1.229,The King's Jig. (p)1679.PLFD1.229,Misc tunes,NA,NA,NA,publicdomain,0.0,0,0,6,1,1,0,45,249,5.533333333333333,False,2.683628755942044,1.0,0.921875
QmaYs36vLCpSCV1TwB5xZtiJW1N1cmHDX6CZ67DB87y34E,The King's Jigg. HA.007,Within a Furlong of Edenborrow Town. HA.164Painted Chamberaka. HA.007,The King's Jigg. HA.007,Misc tunes,NA,NA,NA,publicdomain,0.0,0,0,3,1,1,0,28,118,4.214285714285714,False,2.6804799966270485,1.0,0.945601851851852
QmWtKtSN2PZP7AkVpPyuRcK6cQvggugW3bHFVh3biVZuy8,The kingdom of God is within you - J. Wesley Hughes,NA,The kingdom of God is within you,J. Wesley Hughes,NA,classical,NA,publicdomain,0.0,0,0,9,1,1,0,18,273,15.166666666666666,False,2.7178363119079925,0.9853479853479854,0.9427083333333334
QmScTg8TWkWm8CiMkrTNunoMKaDp29eFTUZL7DPseBeVGw,The Kings Bridge Assembly3voices. JN.07,Liberty For The Sailorsaka. JN.07,The Kings Bridge Assembly3voices. JN.07,Misc tunes,NA,NA,NA,publicdomain,0.0,0,0,0,0,3,0-0-0,32,400,12.5,False,2.637021764457495,1.0,0.9479166666666666
QmNThC2Nqiywnkk1ekuXbgLvjJwe5AHukiNWnrUWUZHD5u,The Kingsbury Jig,Same tune as Lad Thomas & Fair Eleanor Kidson p40,The Kingsbury Jig,Misc tunes,NA,NA,NA,publicdomain,0.0,0,0,8,1,1,0,22,91,4.136363636363637,False,2.5163908330221627,0.978021978021978,0.921875
QmUTQCoR68z2WQ9PQCzj3EaKM7pZMpYyDctpSRi5Tu9zWQ,The Kingston Volunteers Quickstep2voices. JGi.117,NA,The Kingston Volunteers Quickstep2voices. JGi.117,Misc tunes,'J.Perry',NA,NA,publicdomain,0.0,0,0,4,0,2,0-0,60,464,7.733333333333333,False,2.979940994201103,0.9090909090909092,0.95
Qmbrzhtpd64GCf22DAK7JbWDizTaSUZYYBBfoXSq3hFM2N,The Kinnegad Slashers,Barley Meal,The Kinnegad Slashers,Misc tunes,NA,NA,NA,publicdomain,0.0,0,0,3,1,1,0,36,188,5.222222222222222,False,2.4840936052900275,1.0,0.9756944444444444
QmcKvgF9Gvo228GxiowPVdFWw6HdHNq8xQk3LzST6mtzwx,The Kinnegad slashers,NA,The Kinnegad Slashers,Misc tunes,anon.,NA,NA,publicdomain,0.0,0,0,4,1,1,0,45,242,5.377777777777778,False,2.574947727305509,0.9958677685950412,0.9027777777777778
QmTqWu9Gxr5ND9GpikZxE1Nbz4yJboM5MmtMX5dKv1XBc8,The Kinnegad Slashers,NA,The Kinnegad Slashers,Misc tunes,NA,NA,NA,publicdomain,0.0,0,0,1,1,1,0,96,544,5.666666666666667,False,2.562574889173857,0.9963235294117648,0.9809027777777778
QmbSWjf2PYdDGVCpSLAY8F4Drsv5MMASmcn4rZnUbvWea8,The Kinnegad Slashers (jig) 0901,NA,The Kinnegad Slashers,Misc tunes,after Chief F. O'Neill,NA,NA,publicdomain,0.0,0,0,6,1,1,0,56,296,5.285714285714286,False,2.568896486018834,0.9932432432432432,0.9078703703703704
QmbohMEoSRobt7oxtdwmG2hQAHNKrzs7BbB3SwJ4CXP3u7,The Kinnegad Slashers.,Land of Sweet ErinThe Powers of WhiskeyBannocks of Barley Meal,The Kinnegad Slashers,Misc tunes,NA,NA,NA,publicdomain,0.0,0,0,1,1,1,0,86,427,4.965116279069767,False,2.517285693180597,1.0,0.8885233918128654
QmYgPuA4kwWHdchYNvEXxcqkKEuFSuRxbQqjqjR8TPXs3r,The Kitchen Girl,NA,Kitchen Girl,Misc tunes,NA,NA,NA,publicdomain,0.0,0,0,2,1,1,0,4,18,4.5,False,2.058813890331201,1.0,0.9375
QmaqbHLJqtmCvuAULN6ADU1MW3H8ktFuc62fb6vCZRijNJ,The Kitchen Girl,NA,Kitchen Girl,Misc tunes,NA,NA,NA,publicdomain,0.0,0,0,1,1,1,0,17,74,4.352941176470588,False,2.587046361526952,0.945945945945946,0.925595238095238
QmZ3YmjAZaZSzHMSo3uzuHQtbwowrG4HxMkZUuC6Xtp9YN,The Kitchen Girl,NA,Kitchen Girl,Misc tunes,NA,NA,NA,publicdomain,0.0,0,0,9,1,1,0,72,401,5.569444444444445,False,2.806733054570352,0.970074812967581,0.9392361111111112
QmVKh42WMemuEkaf7dwb2zGhViWZaATwZVu92EtfgqNST4,The Kitchen Girl,NA,Kitchen Girl,Misc tunes,NA,NA,NA,publicdomain,0.0,0,0,3,1,1,0,36,208,5.777777777777778,False,2.732616507355024,0.9903846153846154,0.9429824561403508
QmRVLVpSqNkDqWZBDGxsVBY5F9XUV79UCGdEACr4NiNgXq,The Knot on the Cord,Junior Crehan's Favourite,The Knot on the Cord,Misc tunes,NA,NA,NA,publicdomain,0.0,0,0,2,1,1,0,65,444,6.830769230769231,False,2.4322268414594728,0.9954954954954957,0.9503205128205128
QmQnrAcYuxYQqpUzQXZh84MBAmn77L2YxmnTmFJKSssjcA,The Knotted Cord,Knot on the Cord TheJunior Crehan's Favourite,The Knotted Cord,Misc tunes,NA,NA,NA,publicdomain,0.0,0,0,5,1,1,0,65,444,6.830769230769231,False,2.4322268414594728,0.9954954954954957,0.9503205128205128
QmYn5nR4b6GJRPwRvbzSFnhJDAUkweSpvNyUmeMfLbvpoQ,The Laccaroo Boys (jig) 1007,NA,The Laccaroo Boys,Misc tunes,after Chief F. O'Neill,NA,NA,publicdomain,0.0,0,0,4,1,1,0,38,204,5.368421052631579,False,2.739048106827185,0.9705882352941176,0.8958333333333334
QmUCGiMx5KSF2sncFYpER77rNj4i7qJijYV8i9cV3YNMKo,the Lad o' Kyle,Rantin' Rovin' RobinThere was a Lad was Born in Kyle,the Lad o' Kyle,Misc tunes,NA,NA,NA,publicdomain,0.0,0,0,2,1,1,0,36,184,5.111111111111111,False,2.507786081708346,1.0,0.9635416666666666
QmQN1PJFxA5M9117wBhGskh5oMv7mtwqoEmspyxabp7Spm,the Lad o' Kyle,Rantin' Rovin' RobinThere was a Lad was Born in Kyle,the Lad o' Kyle,Misc tunes,NA,NA,NA,publicdomain,0.0,0,0,1,1,1,0,18,91,5.055555555555555,False,2.507193108614025,1.0,0.9609375
QmesH92J5nJwi2sEScARonawedNg4Ah7j1ysPJU1yD8DiL,the Ladds of Dunce,Longways for as many as will.,The Ladds of Dunce,Misc tunes,NA,NA,NA,publicdomain,0.0,0,0,1,1,1,0,36,196,5.444444444444445,False,2.574709055675967,1.0,0.9479166666666666
QmYh48cSq7FNBvY4pZofsU9hFDkumnfF3FZspS8DV8rBhi,The Ladds[sic] of Dunce. THO2.176,NA,The Ladds[sic] of Dunce. THO2.176,Misc tunes,NA,NA,NA,publicdomain,0.0,0,0,2,1,1,0,36,196,5.444444444444445,False,2.5735755225556405,1.0,0.9479166666666666
QmU5qvRXqiZoHZr732xtnDyeQnGsd1U7QpXFfShALMUsGa,The Ladies Dressed in Garments so Green,NA,The Ladies Dressed in Garments so Green,Misc tunes,NA,NA,NA,publicdomain,0.0,0,0,5,1,1,0,30,84,2.8,False,2.6529122481992182,1.0,0.9604166666666668
QmcsJHpsjS5tVBx19UpCUK42f8ueemCKDrrRTeDkj1aM2j,The Ladies Fancy,Piper's Finish TheLong Dance,The Ladies Fancy,Misc tunes,NA,NA,NA,publicdomain,0.0,0,0,4,1,1,0,48,278,5.791666666666667,False,2.715276832169148,1.0,0.9699074074074074
QmYRqzAhK3yFLy2S6FFn3Jt9T1qeGsSuyFE9wL7XH9iQk3,The Ladies God bless them. CJF.202,NA,The Ladies God bless them. CJF.202,Misc tunes,NA,NA,NA,publicdomain,0.0,0,0,3,1,1,0,31,148,4.774193548387097,False,2.625380453068101,1.0,0.8770833333333333
QmcqU1BMZ8FVjzRf4QjnVvWYYibk6LHynGbQ3qiS7X9Cpv,The Ladies Of Leinster (reel) 1460,NA,The Ladies Of Leinster,Misc tunes,after Mr. Dunphy,NA,NA,publicdomain,0.0,0,0,1,1,1,0,19,122,6.421052631578948,False,2.7392233228568665,1.0,0.97265625
QmT9NUBfytyvS5b1MyiyK38Fpi4tuR28KyFzqumQNYCdsX,The Ladies Play Thing. RH.180,Gen'l How's March. RH.180,The Ladies Play Thing. RH.180,Misc tunes,NA,NA,NA,publicdomain,0.0,0,0,2,1,1,0,44,204,4.636363636363637,False,2.456237326279002,1.0,0.9430555555555556
QmdgdrKPXv4PWUeGBM4gK5q9H7xe1ye62fz4Qn5xymxRuB,The Ladies' Pantalettes (reel) 1235,NA,The Ladies Pantalettes,Misc tunes,after Chief F. O'Neill,NA,NA,publicdomain,0.0,0,0,6,1,1,0,34,232,6.823529411764706,False,2.613123477606319,1.0,0.9671717171717172
QmcEocUBXFSGGS2QoT7cRqCmSN1HLVEBuUjFqPw9xNu6Qw,The Lads Like Beer. WHL.[129],No. 3. WHL.[129],The Lads Like Beer. WHL.[129],Misc tunes,by Jas Hill,NA,NA,publicdomain,0.0,0,0,11,1,1,0,28,182,6.5,False,2.918943398902283,0.967032967032967,0.9800347222222222
QmXbfSe2uu1u9KPDMfVKFjGoYDNLk2sHeQgfdxS4B2RqH2,The Lads of Boot. JJo5.134,Hold the Lass While I Win at heraka. JJ05.134,The Lads of Boot. JJo5.134,Misc tunes,NA,NA,NA,publicdomain,0.0,0,0,3,1,1,0,16,148,9.25,False,2.7472457821987035,1.0,0.9479166666666666
QmSxMR3QuSiXvq69YUqzE8m3Fdh1HK2pCE3A6WPEfcA7u8,The Lads of Boot. Ru1.200,Hold the Lass Till I Win at Heraka. Ru1.200,The Lads of Boot. Ru1.200,Misc tunes,NA,NA,NA,publicdomain,0.0,0,0,2,1,1,0,16,148,9.25,False,2.743122243777678,1.0,0.9479166666666666
QmSfUNCLKzp4DdG2eUuefETR6SPCDXp78BTgsxapqFaM46,The Lads of Foss aka. Roose.0468,Merry Lads of Foss aka. Roose.0468 TheReel. Roose.0468,The Lads of Foss aka. Roose.0468,Misc tunes,NA,NA,NA,publicdomain,0.0,0,0,1,1,1,0,20,126,6.3,False,2.577119758948609,1.0,0.9544270833333334
QmYJRfzw6nPPKHuKucmGU7F2w2gfnGxc7v3DEVV7bQ8MNr,The Lady Behind The Boat (reel) 1386,NA,The Lady Behind The Boat,Misc tunes,After Mr. Dillon,NA,NA,publicdomain,0.0,0,0,2,1,1,0,34,244,7.176470588235294,False,2.739829828269269,0.9918032786885246,0.9506944444444444
QmWnR4hfjAMZSrADCNZUpBPktgeRLQwL5oz6seeTsA24K1,The Laird o' Cockpen,NA,The Laird O' Cockpen,Misc tunes,NA,NA,NA,publicdomain,0.0,0,0,4,1,1,0,18,85,4.722222222222222,False,2.6732115610888685,1.0,0.9114583333333334
QmWBgPvGVxmcUYoWmFQWrLmHvcCifV3a5X795oEVBuSRwH,The LAIRD O' COCKPEN,NA,The Laird O' Cockpen,Misc tunes,NA,NA,NA,publicdomain,0.0,0,0,1,1,1,0,9,43,4.777777777777778,False,2.5880338550032405,1.0,0.8576388888888888
QmQ8aTgDQApKDVVBLM56DiYfJ8M4Kj3MSUEUfuKv2yhnZX,THE LAIRD O' COCKPEN (for Two Violins),NA,THE LAIRD O' COCKPEN (for Two Violins),Misc tunes,NA,NA,NA,publicdomain,0.0,0,0,10,0,2,0-0,108,1337,12.37962962962963,False,2.9514023326871865,0.9506828528072838,0.935474537037037
QmPX1Zxax7afUjaAzMjRrrks3SPV5eFskUSMotk1XJLkED,The Laird of Brodie,Tighearna Bhrodhi,The Laird of Brodie,Misc tunes,NA,NA,NA,publicdomain,0.0,0,0,5,1,1,0,26,204,7.846153846153846,False,2.4965273874073968,1.0,0.8923611111111112
QmUZz8MLS2U8Tciu3dLfebrsZmgRF7DJ74fexHcicj9zGF,The Lairds Of Ryton,NA,The Lairds Of Ryton,Misc tunes,NA,NA,NA,publicdomain,0.0,0,0,4,1,1,0,84,910,10.833333333333334,False,2.6001663676362483,1.0,0.94510582010582
QmSxVezN83zu1h7MXXktM621RcfT6DmUKJ8ZTXnpvY8omi,The Lake op. 42 no. 9,op. 42 no. 9,NA,NA,Alec Rowley (1892-1958),NA,NA,publicdomain,0.0,0,0,317,1,1,0,47,296,6.297872340425532,False,3.254157907195317,0.8141891891891891,0.9959239130434784
QmVbq9TX2rg4EynbHBokkbJ5QVJp6cQCGPN1dMbmL6gQdN,the Lakes Kellarnie,NA,the Lakes Kellarnie,Misc tunes,NA,NA,NA,publicdomain,0.0,0,1,2,1,1,0,88,494,5.613636363636363,False,2.770657456266063,0.9736842105263158,0.9215277777777776
QmcCNgsFJiT91yQvbKNZw3QfJGenyjMbHTAnqHSao3Dem5,The Lakes of Kellarnie,NA,The Lakes of Kellarnie,Misc tunes,NA,NA,NA,publicdomain,0.0,0,0,3,1,1,0,30,181,6.033333333333333,False,2.6118947227551432,1.0,0.9229166666666666
QmP5GHN2SHKcFm5aoNrQUUnnn1kTCY9TKwV1mrxtqpmF1L,The Lakes Of Kincora,NA,The Lakes Of Kincora,Misc tunes,NA,NA,NA,publicdomain,0.0,0,0,1,1,1,0,17,138,8.117647058823529,False,2.708999808362051,1.0,0.9231770833333334
QmUJ5fwdZMuQ37MQYAxdYGVAm55EHv3XsTPgd6piigW4ce,The Lakes Of Kincora,NA,The Lakes Of Kincora,Misc tunes,NA,NA,NA,publicdomain,0.0,0,0,1,1,1,0,112,894,7.982142857142857,False,2.6732577224109866,1.0,0.9347993827160492
QmPtX9fQL7mgueb1C3BPrbBurmRck5hYXTQCAwnv25CYxU,The Lakes Of Ponchartrain,NA,The Lakes Of Ponchartrain,Misc tunes,NA,NA,NA,publicdomain,0.0,0,0,5,1,1,0,66,154,2.333333333333333,False,2.577832521943987,1.0,0.9474826388888888
QmYWwj98DuodZQHaauE44FtPqk5GiJPzr6qFLFw9wTKSDT,the Lakes of Ponchartrain,Lily of the West,The Lakes Of Ponchartrain,Misc tunes,NA,NA,NA,publicdomain,0.0,0,0,13,1,1,0,34,72,2.117647058823529,False,2.5820214154296592,1.0,0.9505208333333334
QmREUqPL7R1A9KCv9rPH1npzPffsK3ZTiWDFkfuM99YsLE,The Lakes Of Ponchartrain,NA,The Lakes Of Ponchartrain,Misc tunes,NA,NA,NA,publicdomain,0.0,0,0,7,1,1,0,17,59,3.4705882352941178,False,2.518127484787102,1.0,0.8888888888888888
QmcZFbjEqyhbBX9CQj99fMYRfjpAoE4nX9XtGBV4AZWUvj,The Lakes of Pontchartrain,NA,The Lakes of Pontchartrain,Misc tunes,NA,NA,NA,publicdomain,0.0,0,2,69,1,1,0,33,64,1.93939393939394,False,2.5971961396282257,1.0,0.9539930555555556
QmPchvgctcW1PMWeNNGmH8p5yowiiMxJnTFEKAJneS5ezf,the Lakes of Sligo,the Lass o' Gowrie,The Lakes Of Sligo,Misc tunes,NA,NA,NA,publicdomain,0.0,0,0,1,1,1,0,16,68,4.25,False,2.644040018809888,1.0,0.9244791666666666
QmduJx53iKuqouPotbqEGgmFr49vBEaTxb7ZvhcxEdzrQz,the Lakes of Sligo,NA,The Lakes Of Sligo,Misc tunes,NA,NA,NA,publicdomain,0.0,0,0,0,1,1,0,16,68,4.25,False,2.644040018809888,1.0,0.9244791666666666
QmdA5oMiuhDZwTUacR9T7W99AqX8SRJnFEmHzFQVJV2dyr,the Lakes of Sligo,the Lass o' Gowrie,The Lakes Of Sligo,Misc tunes,NA,NA,NA,publicdomain,0.0,0,0,0,1,1,0,32,134,4.1875,False,2.6471849277895574,1.0,0.93359375
QmUrok9xACrXpniAuNASfHptcmzd5QsyTdNPZQJuS92gto,the Lakes of Sligo,the Lass o' Gowrie,The Lakes Of Sligo,Misc tunes,NA,NA,NA,publicdomain,0.0,0,0,1,1,1,0,36,142,3.9444444444444446,False,2.6578394127863247,1.0,0.9401041666666666
Qma7m9WTNJo63Y2rFrJkqiPSuY1JVzi2VcM8ZGBFKFBoK8,The Lal(Little) Schottische. WI.092,NA,The Lal(Little) Schottische. WI.092,Misc tunes,by Wm. Irwin,NA,NA,publicdomain,0.0,0,0,5,1,1,0,48,300,6.25,False,2.716605781533317,1.0,0.9379340277777778
QmeR7WynhvGyvKACGTR8T5s8W7AEqWNG1r2LdBeeE2x5Yj,The Lame Fisherman (reel) 1198,NA,The Lame Fisherman,Misc tunes,after Mr. Ryan,NA,NA,publicdomain,0.0,0,0,1,1,1,0,38,254,6.684210526315789,False,2.648624687237599,0.9921259842519684,0.9393939393939394
QmVTQvaUx28xT2F1miGaygg8dpz3jBPet8M6WRShV4qPmW,the Lament for the Union of Scotland and England,NA,the Lament for the Union of Scotland and England,Misc tunes,NA,NA,NA,publicdomain,0.0,0,0,5,1,1,0,16,228,14.25,False,2.2829353708809794,1.0,0.8424479166666666
QmRxLjyrqnR5uPfBvaufjeM3DuPG8WSZ7Cvhio4LoSJnqf,The land beyond the sea - G. Waring Stebbins,NA,The land beyond the sea,G. Waring Stebbins,NA,classical,NA,publicdomain,0.0,0,0,7,1,1,0,15,179,11.933333333333334,False,3.0221045624612217,0.9106145251396648,0.9567307692307692
QmWzNbUWHuKKzbEZ8RoAVixUYrgMt66iJ23Bji8ofpwe2Y,The Lang Whang,32S 4C,The Lang Whang,Misc tunes,attrib. to Surenne - Dance Music of Scotland pgs. 92-93 (1852)as played by Tullochgorum Shining Lights,NA,NA,publicdomain,0.0,0,0,1,1,1,0,18,145,8.055555555555555,False,2.651000216079483,1.0,0.8723958333333334
QmZQjXEHk2atH97a9xePwhhvkYTeCuLhdDtQooePyQLH1i,The Lard of Cockpen. WHL.[084],Laird of Cockpenaka. WHL.[084] The,The Lard of Cockpen. WHL.[084],Misc tunes,NA,NA,NA,publicdomain,0.0,0,0,2,1,1,0,18,88,4.888888888888889,False,2.71032913611356,1.0,0.9149305555555556
QmbrHohYojU6KgdjtGkXNAwRDFDSpy2Tah9omkGR86jGSC,The Lark in the Morn,NA,The Lark In The Morning,Misc tunes,NA,NA,NA,publicdomain,0.0,0,0,5,1,1,0,11,48,4.363636363636363,True,2.6692502555586874,1.0,0.9479166666666666
QmPq1UVbGthxqwwVewv4vNswe2TqFGdv13tZToNsZYh8mu,The Lark in the Morning,Morning Lark The,The Lark In The Morning,Misc tunes,NA,NA,NA,publicdomain,0.0,0,0,3,1,1,0,96,537,5.59375,False,2.559312771058392,0.9962756052141528,0.9756944444444444
Qmew7fCZ58VAwXLYYyu4jsqNi34eiSA8mFhokL7pArhhP1,The Lark in the Morning,NA,The Lark In The Morning,Misc tunes,NA,NA,NA,publicdomain,0.0,0,0,5,1,1,0,113,627,5.548672566371682,False,2.432434838755772,1.0,0.9771825396825397
QmbPVFTLp8PXm5YoyXmCeZV3oX9Q3UYQEEFDbYqo7nSZH5,The Lark in the Morning (1st Setting) (jig) 1019,NA,The Lark In The Morning,Misc tunes,after Mr. Carberry,NA,NA,publicdomain,0.0,0,0,2,1,1,0,38,200,5.2631578947368425,False,2.799409138308369,0.98,0.9291666666666668
QmV5PAzJEVxd3GXCF1NmUhcAPpKEkwJo8QiexTVTATZiRM,The Lark's Song,The Lark in the Morning (O'Neill No240),The Lark's Song,Misc tunes,NA,NA,NA,publicdomain,0.0,0,0,4,1,1,0,47,234,4.97872340425532,False,2.727988205875598,1.0,0.9694444444444444
QmPTVzk1dRXeTAJJ6jk2vFF6ixd4qwRm4e8uTkkAzuToeh,The Lass of Gowrie. Le4.111,NA,The Lass of Gowrie. Le4.111,Misc tunes,sung by Mr Melrose,NA,NA,publicdomain,0.0,0,0,0,1,1,0,45,174,3.866666666666666,False,2.7184167129661434,1.0,0.9125
QmdJ49KFteetKdzg1XuNgNBsFDUv9nZf8QQUZU1QxRMVKx,The Lass of Levingston,The Lass of Livingstone,The Lass of Levingston,Misc tunes,NA,NA,NA,publicdomain,0.0,0,0,1,1,1,0,34,207,6.088235294117647,False,2.4626658403809327,1.0,0.9401041666666666
QmPYebww5zhb4A6jKLCVfu5HosNVmMGeoJtQJLZ1tttj9u,The Lass of Peatie's Mill.2voices RH.069,Lass of Patie's Millaka. RH.069 The,The Lass of Peatie's Mill.2voices RH.069,Misc tunes,NA,NA,NA,publicdomain,0.0,0,0,1,0,2,0-0,36,310,8.61111111111111,False,2.7088912265070224,1.0,0.900390625
QmbwJCGjaKDZAnBLcS5RQv4cPou3DFibRBatDDAFLGJ4Ko,The Lass With The Delicate Air Accompianment,For Stephie,NA,NA,Evan Turcott,NA,NA,cc-zero,0.0,0,3,73,2,1,0,90,854,9.488888888888887,False,2.696601103977564,0.98698224852071,0.9612179487179487
QmXWKWJRcLBc2hCBH7ZjybiUDDFYqtsb8BwqRqtrKnqRog,the LASSES FASHION,NA,the LASSES FASHION,Misc tunes,NA,NA,NA,publicdomain,0.0,0,0,2,1,1,0,23,159,6.913043478260869,False,2.3381221595857125,1.0,0.9736842105263158
QmVBSMQSveAd5dQbtDJ1rCgG1DC8PMumRuabG5JWtW7LTU,The Lasses of Limerick (167),NA,The Lasses of Limerick (167),Misc tunes,NA,NA,NA,publicdomain,0.0,0,0,1,1,1,0,67,327,4.880597014925373,False,2.512593218755416,1.0,0.9474826388888888
QmSUDXwnfRngqgru7JJ6tXT7chXBrbZQyb6jHKfHLaSysk,the Lasses of Portsmouth,NA,Portsmouth,Misc tunes,NA,NA,NA,publicdomain,0.0,0,0,7,1,1,0,64,414,6.46875,False,3.1125994700624804,0.8309178743961353,0.9486607142857144
QmQMvPuVzTPioYMf7PbhjTkaVDixQibzsMuZUht1odwqPy,The Lasses of Solohod,NA,The Lasses of Solohod,Misc tunes,NA,NA,NA,publicdomain,0.0,0,0,1,1,1,0,19,103,5.421052631578948,False,2.7484387634219023,1.0,0.9117647058823528
QmZFN3TrKFLhmgXpvZvZiTdYFjfT743xoPwjs2y5LagjhH,The Lasses Tickled Me. JJo3.141,Conritch(?). JJo3.140,The Lasses Tickled Me. JJo3.141,Misc tunes,NA,NA,NA,publicdomain,0.0,0,0,5,1,1,0,36,188,5.222222222222222,False,2.8217100771975367,0.9893617021276596,0.9105902777777778
Qmc7stagvGvSSSVmzoz6N3Mt8ursVGadTDnyYJ2bonTJXx,The Lassie Lost her Silken Snood,NA,The Lassie Lost her Silken Snood,Misc tunes,NA,NA,NA,publicdomain,0.0,0,0,1,1,1,0,20,194,9.7,False,2.662481526928897,1.0,0.9049479166666666
QmY8Ugf11NaLnVxgnn4FTw49sjWm3L6QRrMqfH6fNYp8KG,The Lassie lost her silken snood,NA,The Lassie Lost her Silken Snood,Misc tunes,NA,NA,NA,publicdomain,0.0,0,0,1,1,1,0,117,502,4.2905982905982905,False,2.3403505715053434,1.0,0.909018987341772
QmdKLbvYtNzpRMmVudcuwg4vCzKsh2HWsRTTKMdABcLN4u,The last call of mercy now lingers for thee - Frank A. Miller,NA,The last call of mercy now lingers for thee - Frank A. Miller,Frank A. Miller,NA,classical,NA,publicdomain,0.0,0,0,2,2,1,0,19,318,16.736842105263158,False,2.439675499599318,0.9937106918238994,0.9375
QmfTjGhNPKqZSrUZzXV7NatqwnUro3rAh8GXLJYpwLGy9H,The Last Guardian (End Credits),NA,The Last Guardian (End Credits),Takeshi Furukawa,Written by Takeshi FurukawaArranged by Skyler Williams,classical-soundtrack,thelastguardian-piano-videogames-scores-soundtrack,cc-zero,0.0,0,3,217,1,1,0,30,274,9.133333333333333,False,3.176886877387408,0.8138686131386861,0.9791666666666666
QmV2sHQMWKhm2oozhrDiQ1LXR7kPn3aG6xPkaSwF9AGjmz,The Last House in Connacht,NA,The Last House in Connacht,Misc tunes,NA,NA,NA,publicdomain,0.0,0,0,2,1,1,0,72,539,7.486111111111111,False,2.7481907069505187,0.9907235621521336,0.947337962962963
QmcxcbN93HbFW4SVgG8MLLgfyK86R2VFv1pc6HZXYDFT8K,The LAST LINK IS BROKEN,NA,The LAST LINK IS BROKEN,Misc tunes,NA,NA,NA,publicdomain,0.0,0,0,4,0,3,0-0-0,25,235,9.4,False,2.605693179216753,1.0,0.9739583333333334
Qmc7nX38eu6zciLEZeRA8UEjVWVnuQm2FKj9vp8XnXYc6g,THE LAST OF TWENTY,NA,THE LAST OF TWENTY,Misc tunes,NA,NA,NA,publicdomain,0.0,0,0,3,0,3,0-0-0,35,514,14.685714285714283,False,2.8565485718572687,0.9746588693957114,0.936698717948718
QmSZvEfJd8uZzJNVY4DPpcD4bvQEppAVCZ2iyXhNFunBkt,The Last of Us - Main Theme,MAIN THEME,the last of us theme,Misc Computer Games,Gustavo Santaolalla,soundtrack,NA,cc-zero,4.77,6,21,608,1,1,0,16,219,13.6875,False,1.767013020166281,0.9954337899543378,0.9924242424242424
QmbAtNPP4Q8a54GaHsYjwZ3kefkcGkBGDSHC485tEKi1pi,The Last pint Ale,NA,the Last pint Ale,Misc tunes,NA,NA,NA,publicdomain,0.0,0,0,0,0,2,0-0,16,192,12.0,False,2.598285063872448,0.9375,0.921875
QmT6YkNHH4Jj46BGAjCR2sEKaRo9sWgMNhBiLya1n5Q7Yk,The Last Post - cello arrangement,NA,Last Post,Misc Traditional,for Cello,folk,cello,cc-zero,4.36,8,9,1488,1,1,0,49,117,2.3877551020408165,False,1.5028369402602872,1.0,0.9505208333333334
QmPrpFBUxEH4Comb43qgFd4BmWiRxYpm41s4eR6cmMPi7Z,The LAST ROSE OF SUMMER,NA,the LAST ROSE OF SUMMER,Misc tunes,words: Thomas Moore 1805tune: trad. Ireland,NA,NA,publicdomain,0.0,0,2,70,0,3,0-0-0,17,186,10.941176470588236,False,2.579556904810364,0.9838709677419356,0.8854166666666666
QmUy4mAxvrcV6DViTvnYKt2LwnGZFsfry2Paej8wccCkjr,the LAST ROSE OF SUMMER,NA,the LAST ROSE OF SUMMER,Misc tunes,NA,NA,NA,publicdomain,0.0,0,0,15,0,2,0-0,17,186,10.941176470588236,False,2.5754328656386263,0.9838709677419356,0.8854166666666666
QmQYcPhyJ41BZR7rwER2Bm8MgUUsjSDs1diburpUXbpQES,The Latest Today - Steve Draper,NA,The Latest Today,Steve Draper,S.Draper,classical,NA,publicdomain,0.0,0,0,18,0,2,0-0,66,1001,15.166666666666666,True,3.180792935402693,0.8656716417910447,0.9479166666666666
QmWYebJf2rMn55V7NTVvL3D9MgiZzQs5WHpEEMjde6TAw4,The Laundry,Hot Pot,the Laundry,Misc tunes,NA,NA,NA,publicdomain,0.0,0,0,0,0,2,0-0,24,166,6.916666666666667,False,2.518940421532785,1.0,0.8854166666666666
QmSXWyPvLbN2pUBnxmm26P12GgWn6GW5VmTxptAv3vNCQd,The Law of Surprise (Intermediate Piano Solo),The WitcherSeason 1,The Law of Surprise,Sonya Belousova,Composed by Sonya Belousova & Piano arrangement by Nicolas Del GalloFull playthrough and more athttps://www.youtube.com/c/NDGmusicIf you want to donate please check out my patreon âºhttps://www.patreon.com/ndg,NA,witcher-geralt-ciri-cirilla-yennefer-triss-series-pianosolo-piano-netflix-season,cc-zero,4.93,12,39,962,2,1,0,56,656,11.714285714285714,False,2.7496837965409995,0.9801829268292684,0.9611581920903954
Qmbt3ew7uidUputY9m2bibebFz8uxxjPNCitedVpbL5ELX,the LAWLAND LADS THINK THEY'RE FINE,NA,the LAWLAND LADS THINK THEY'RE FINE,Misc tunes,NA,NA,NA,publicdomain,0.0,0,0,1,1,1,0,34,244,7.176470588235294,False,2.7349724020145345,0.9917355371900828,0.8446180555555556
QmZzi79igHJQKK6MuUemxDrSah6rKr7e3ee2UskythQ5nb,The LAZY MIST HANGS ON THE BROW OF THE HILL,NA,the LAZY MIST HANGS ON THE BROW OF THE HILL,Misc tunes,NA,NA,NA,publicdomain,0.0,0,0,2,1,1,0,35,104,2.9714285714285715,False,2.3579066111997657,1.0,0.9479166666666666
QmcTruqm5SLFEY8tTUdbqpoWV3C7c7M5sKAmcBaCqLqLm4,The Ld Foppington,The Lord Phopington,The Ld Foppington,Misc tunes,NA,NA,NA,publicdomain,0.0,0,0,1,1,1,0,18,77,4.277777777777778,False,2.344935839673154,0.974025974025974,0.9322916666666666
QmUTgKndgUgW27kDo1AyLR9CcMBgqxsGgXn7THuEiFxgBh,The Leaving Of Liverpool,NA,Leaving of Liverpool,Misc tunes,NA,NA,NA,publicdomain,0.0,0,2,29,1,1,0,48,120,2.5,False,2.6169303188105912,1.0,0.9510869565217392
QmT2aBC6qkbqFdDcYqKHU9t3i9FhTbwnqkXSkMUo8wouBd,The Leaving of Liverpool,NA,Leaving of Liverpool,Misc tunes,Joe Buchanan's Scottish Tome - Page 068.2,NA,NA,publicdomain,0.0,0,0,25,1,1,0,17,86,5.0588235294117645,False,2.56247609372309,1.0,0.9401041666666666
QmUnrHMADBxkGptibmxWVUgapFzkeoddns4rTGt6VJS4AF,The Lee Rig,NA,The Lee Rig,Misc tunes,NA,NA,NA,publicdomain,0.0,0,1,3,1,1,0,319,2065,6.4733542319749215,False,2.809712054016683,0.9845036319612592,0.9339285714285714
QmeyKejLCwGi6emUy8A65kW5z4eCXA3SSFmcZePwfhqAyH,The Lee Rigg JBut.301,Lea Rigg JBut.301 The,The Lee Rigg JBut.301,Misc tunes,NA,NA,NA,publicdomain,0.0,0,0,3,1,1,0,52,194,3.730769230769231,False,2.4704193215412853,1.0,0.9574652777777778
QmXVcdUV8nKjrZ71UAA3RvRJ35Dsm9UbankNYmi2akoKf7,The Left Handed Fiddler,NA,The Left Handed Fiddler,Misc tunes,NA,NA,NA,publicdomain,0.0,0,0,1,1,1,0,2,17,8.5,False,1.54515219719895,1.0,0.90625
QmWE2inCjBNXLxkqsCqVQUv78Ek6DqK4zD1uhpje5ByRYA,The Leftovers Theme,NA,the leftovers theme,Max Richter,NA,classical-soundtrack,NA,cc-zero,4.8,22,54,934,2,1,0,21,559,26.61904761904762,False,2.6886213826678977,0.8747763864042933,0.9395833333333332
QmUKtFRdd6vN5JHK6NfwH8nc96GQi1MHyWNsUXa6qasGn8,The Leg of the Duck,Leis Lacha,The Leg Of The Duck,Misc tunes,NA,NA,NA,publicdomain,0.0,0,0,7,1,1,0,32,174,5.4375,False,2.63411528689592,1.0,0.9652777777777778
QmVpEbYdygHMaWarebRgo4J8TUyD5gB7cMGSMxHyD6v8m7,The Leg of the Duck,Leis LachaPride of the West,The Leg Of The Duck,Misc tunes,NA,NA,NA,publicdomain,0.0,0,0,4,1,1,0,32,174,5.4375,False,2.63411528689592,1.0,0.9652777777777778
Qmazfc2vTxzepCeJoHKAGfELRYBMh51KXE41FmPbmebeLX,The LEGACY,HOW SHALL WE ABSTAIN FROM WHISKY.,The Legacy,Misc tunes,NA,NA,NA,publicdomain,0.0,0,0,6,1,1,0,19,97,5.105263157894737,False,2.6655655777088008,0.979381443298969,0.8836805555555556
QmXu6gokmmAytnJMWVJYgTDGKRSWSc3JPquqTAZDemYq4H,The Legacy. JGi.060,NA,The Legacy,Misc tunes,NA,NA,NA,publicdomain,0.0,0,0,7,1,1,0,28,122,4.357142857142857,False,2.4593243146396766,1.0,0.918859649122807
Qmc7WfH4WFTHesDxiTHCsRerstDCoovxQ4vVR9npWYqn6b,The Legend of Korra Avatar: the Legend of Korra,Avatar: The Legend of Korra,The Legend of Korra,Jeremy Zuckerman,Jeremy Zuckerman,NA,avatar-lok-korra-legendofkorra-thelastairbender-nickelodeon-jeremyzuckerman-piano-atla,cc-zero,4.88,30,121,5356,2,1,0,59,729,12.35593220338983,False,2.7013320238586687,1.0,0.957274011299435
QmZmxLBR79BwnTyNKrqsYoVU6JHiRZ7ZQWihYhCqm3f5ML,The Legend of Zelda,NA,The Legend of Zelda,iisobel,Transcribed from Eâ to Bâ by Isobel SimpsonKoji Kondo,NA,NA,cc-zero,0.0,0,0,23,0,1,0,25,138,5.52,False,2.64935833511179,0.8985507246376812,0.9192708333333334
QmU1nszC4coRA3qvzTpZW7MeKGb5D7P1GqvcGA6ZVr4uXd,The Legend Of Zelda - Main Theme,NA,the legend of zelda main theme,Koji Kondo,NA,soundtrack,legendofzelda-breathofthewild-ocarinaoftime-legend-zelda-link-mastersword-rune-midi-pianosolo-piano-solo,cc-zero,0.0,0,0,109,2,1,0,75,1404,18.72,False,3.3776649139570485,0.7662152530292231,0.8693693693693694
QmfMdB44NRqqYHerFMpwm7swAzNRV9gLTeL5WDYj5fR1Bh,The legend of zelda ocarina of time - song of storms,NA,Song of Storms,Koji Kondo,NA,soundtrack,NA,cc-zero,0.0,0,0,17,1,1,0,53,375,7.075471698113208,False,2.862803337294471,0.9253333333333332,0.9461382113821138
QmSacKxQ3JQN3nhSGFTAAFy6D7cFjf9HmGeXChYSdVz43H,The Legend of Zelda Overworld Theme in A,The Legend of Zelda,NA,NA,Composed by Koji KondoArranged by NeoguizmoEdited by Nic Bova,NA,zelda-overworld-theme-legend-of-neoguizmo-koji-kondo-piano-midi-easy,cc-zero,0.0,0,4,82,2,1,0,44,772,17.545454545454547,False,3.299241177966329,0.7460732984293194,0.8887310606060606
QmWHUuhhJCuLKnX7wtbnRNHzt8dLGeZca6Ldeg7P39oHZu,The Legend of Zelda: Main Theme,NA,NA,NA,Koji Kondo Laphandaro,NA,zelda-thelegendofzelda-nintendo-piano,cc-zero,3.83,3,1,581,1,1,0,44,576,13.090909090909092,False,2.676804212473334,0.9965277777777778,0.9441287878787878
QmNaSxUNLGTBvFJyhxrqaheeGLVSeHNuTjqKMUFCvYtG97,The Legend of Zelda: The Wind Waker - Outset Island,The Wind Waker,Outset Island,Koji Kondo,Koji Kondo Arr. Michael Glendening,soundtrack,zelda-windwaker-outset-outsetisland-gamemusic-solopiano-soundtrack,cc-zero,4.89,88,237,4795,2,1,0,158,1269,8.031645569620252,False,2.6809859672770178,0.9905138339920948,0.9757383966244726
QmZno6yVZx5FMfJpmzAXmKfjapHhU31bBAEyPAzp6NekTn,The Leinster Outcry (march) 1847,NA,The Leinster Outcry,Misc tunes,Unattributed,NA,NA,publicdomain,0.0,0,0,2,1,1,0,25,156,6.24,False,2.6249384709483765,1.0,0.8704710144927537
QmS9H5794gNdFF9P5nHmvqpqNorb98MvSa7F8xwQ1Dg93z,The Leitrim Thrush (reel) 1323,NA,The Leitrim Thrush,Misc tunes,after Mr. Mcfadden,NA,NA,publicdomain,0.0,0,0,9,1,1,0,26,196,7.538461538461538,False,2.6131698495031417,1.0,0.9633333333333334
QmVhPHrBdZxcFVvTQpQaeA5sqJohSkvB6Pj8yStwd9GaXh,The Less I Know the Better by Tame Imapala,By Tame Imapala,the less i know the better,Tame Impala,Arr. Allegra Geanuracos,rock,NA,cc-zero,4.66,6,16,499,0,5,0-0-0-0-0,101,2109,20.88118811881188,True,2.795634809798664,0.961969770843491,0.945
QmfARsCCRoMH8fUFKEMSyTA3krbiQQg2FK5oYAA54ZKLpP,The lesson is hard for our learning - Alfred Powers,NA,The lesson is hard for our learning - Alfred Powers,Alfred Powers,NA,classical,NA,publicdomain,0.0,0,0,3,1,1,0,20,319,15.95,False,2.4866755546615145,1.0,0.9496527777777778
QmZyKnu24hz8n6BkteyvYHgbbu6spiMZuRUAZTJenjgkUf,The Letter That Never Came,From A Series of Unfortunate Events,the letter that never came,Charlie Poole,Thomas Newman,country-folk,piano-arrangement-of-duet-thomas-a-soundtrack-beautiful-newman-series-events-lemony-snicket-unfortunate,cc-zero,4.92,10,79,12488,0,2,0-0,42,641,15.261904761904765,False,2.56899655328573,0.9920382165605096,0.9476744186046512
QmNx9KcAmHxLZD7ydVxpdtxe3NKchjbDrfAtK12PY1DcDb,The Liar Princess and The Blind Prince Theme - Tsukiyo no Ongakukai,The Liar Princess and The Blind Prince Main Theme,Tsukiyo No Ongakukai,Shikata Akiko,Seiiyun (Aka Yunnes),NA,NA,cc-zero,4.93,12,21,928,2,1,0,59,916,15.52542372881356,False,3.0689209357824043,0.9123767798466592,0.9299242424242424
QmbJizF4fuxT3ALqUcKVN1cKKoDc1zGjZXcuFTABAgpJhP,The Liberton Pipe Band 38,NA,The Liberton Pipe Band 38,Misc tunes,NA,NA,NA,publicdomain,0.0,0,0,23,1,1,0,64,640,10.0,False,2.6171268101516416,1.0,0.9661458333333334
QmUcrZfBNf1ptrhvKvJrZVDNC5Hd9yufvy5eJ4NQaag71W,The Lichtbob's Lassie,NA,The Lichtbob's Lassie,Misc Traditional,NA,folk,NA,publicdomain,0.0,0,0,8,2,1,0,32,404,12.625,True,2.772698256773673,0.99009900990099,0.9322916666666666
Qmc4ZpxGoXt4zyLYp3em9uSis9kDhYitS314jonNUFA4hR,the lick,NA,the lick,Ajlee2006,Composer,NA,the-lick-licc-adam-neely-jazz-meme,cc-zero,0.0,0,1,25,1,1,0,2,16,8.0,False,2.6556390622295662,1.0,0.8541666666666666
QmNkUkZc8F5V12G5zHTX45YwgF9NZZV1wk8xfVSpXbB2n5,The life of love must be our highest aim - M. L. McPhail,NA,The life of love must be our highest aim,M. L. McPhail,NA,classical,NA,publicdomain,0.0,0,0,2,1,1,0,23,348,15.130434782608695,False,2.7720409357206384,0.9741379310344828,0.9265873015873016
QmWXJeZiSreRfChy84b1wshutdt3D3wCJQYsynjiaLqYZZ,The life that has no aim - T. Martin Towne,NA,The life that has no aim,T. Martin Towne,NA,classical,NA,publicdomain,0.0,0,0,2,2,1,0,30,362,12.066666666666666,False,2.754383087372913,0.9750692520775625,0.976851851851852
QmTrBLJMo2MxfyUdc6aYanqLoyTqHaLeNRmCv4MbsiK5cK,The life-boat is launched on the wild stormy sea - D. E. Dortch,NA,The life-boat is launched on the wild stormy sea,D. E. Dortch,NA,classical,NA,publicdomain,0.0,0,0,3,1,1,0,17,341,20.058823529411764,False,2.4822566490034865,1.0,0.8628472222222222
QmcJuvsR4a1dtZoNJEjsQUEVPKtD53rPpr1yu43tGHpTkT,The life-boat! the life-boat! how bravely she rides,NA,The life-boat! the life-boat! how bravely she rides,Misc Traditional,NA,folk,NA,publicdomain,0.0,0,0,8,2,1,0,19,374,19.68421052631579,False,2.525715888819524,0.9946524064171124,0.9111842105263158
QmQjdSSur73isum4ziGo6BZQDDyMxUc4G7TZ2FPqUaAXop,The Liffey's Silvery Stream (air) 0587,NA,The Liffey's Silvery Stream,Misc tunes,Unattributedslow,NA,NA,publicdomain,0.0,0,0,2,1,1,0,20,85,4.25,False,2.6909174472889377,0.9882352941176472,0.8605769230769231
QmRNB4ifPdou8H9gNjCQEnYvvoG7q2NE4J1MysTCTGrjLR,The Liffey's Silvery Stream.,an a.main lonn.ra.c liffi.,The Liffey's Silvery Stream,Misc tunes,NA,NA,NA,publicdomain,0.0,0,0,1,1,1,0,19,80,4.2105263157894735,False,2.6327434867099493,1.0,0.8229166666666666
QmYQ6G5JoWmMBAhu4hRwcwy659W1h3AvnJsTnqCxSAisJf,The light is here the blessed light - Jno. R. Sweney,NA,The light is here the blessed light,John R. Sweney,NA,classical,NA,publicdomain,0.0,0,0,2,2,1,0,21,349,16.61904761904762,False,2.606574411388198,0.9797687861271676,0.9299242424242424
QmZfeiHkB2vvv3ARbNUqcYTPcZLKbEcCDbtX8QbXoBbD88,The Light of Other Days,NA,The Light of other days,Misc tunes,No 214 Page 105 William Clarke of Feltwell,NA,NA,publicdomain,0.0,0,0,4,1,1,0,48,228,4.75,False,2.623198326243921,1.0,0.9193840579710144
QmcSBnCWer5svJaSt5Hih5BnciBtuqQCED1K8phiSxuDho,The light of truth is burning - Ralph Howard Pendleton,NA,The light of truth is burning,Ralph Howard Pendleton,NA,classical,NA,publicdomain,0.0,0,0,6,1,1,0,26,315,12.115384615384617,False,2.836542822794133,0.9714285714285714,0.9565972222222222
QmUuXGpiBHcBuSAoYsHgEvijVpJHM2MoVeFVWyaQgTPXgJ,The Lightening Flash,NA,The Lightening Flash,Misc tunes,NA,NA,NA,publicdomain,0.0,0,0,2,1,1,0,18,128,7.111111111111111,False,2.725582230364749,1.0,0.9635416666666666
QmRUY7rHcfuoGrmw9qmTDsHHKSgn2b9p8Ts27CVxuc41ur,The Lightning Flash (reel) 1458,NA,The Lightning Flash,Misc tunes,after Mr. McFadden,NA,NA,publicdomain,0.0,0,0,3,1,1,0,19,132,6.947368421052632,False,2.737047405211038,1.0,0.9674479166666666
Qmb7JG1GNPLw8CwBQ3ZYxyDgk3GvsNAaKjvNs3tAi2AHv6,The Lilac Tree,NA,The Lilac Tree,katecuttill,NA,NA,NA,cc-zero,0.0,0,2,72,0,2,0-0,41,673,16.414634146341463,True,2.979061763225636,0.9347496206373292,0.9159722222222222
QmcRRdCgU8Ls6QQeWAtGgzd5v9dGt1jAsGdNhBdAvMgAqu,The Limerick Rake,Fa/gaimi/d siu/d mar ata/ se/,The Limerick Rake,Misc tunes,NA,NA,NA,publicdomain,0.0,0,0,5,1,1,0,17,90,5.294117647058823,False,2.6127712423914566,1.0,0.9444444444444444
QmUuYM86HUryc4179nViAXHZT7C7y4ywtGwFsgddTK1A2n,The Limestone Rock,NA,The Limestone Rock,Misc tunes,NA,NA,NA,publicdomain,0.0,0,0,3,1,1,0,37,287,7.756756756756757,False,2.63349854713641,1.0,0.9065656565656566
QmaqMTiFALjePLaRSBKYbgbq3FjDXorgwRESv7f2cUudYh,The Limestone Rock,NA,The Limestone Rock,Misc tunes,NA,NA,NA,publicdomain,0.0,0,0,4,1,1,0,17,109,6.411764705882353,False,2.592137962693842,1.0,0.9518229166666666
QmXJjCESpRWkWa7hmyMTg2ysHYUAwcJ48zjM6s9FoazN5k,the Lincolnshire Lads,NA,Lincolnshire Ladds,Misc tunes,NA,NA,NA,publicdomain,0.0,0,0,3,1,1,0,32,104,3.25,False,2.719980115415485,1.0,0.9453125
QmcVNvKMyKo5u6jgcnpgYEUe25sA1gaRRujsHACK8k75rR,The Linen Cap,an caipin anairt.,The Linen Cap,Misc tunes,NA,NA,NA,publicdomain,0.0,0,0,2,1,1,0,18,125,6.944444444444445,False,2.683278600247934,1.0,0.9830729166666666
QmdDXsCkTdSJrxRhChtJApqXijxNHWC5ZhhpnPmcRdCmyk,the LINKS OF KILLAROW,NA,the LINKS OF KILLAROW,Misc tunes,NA,NA,NA,publicdomain,0.0,0,0,1,1,1,0,22,136,6.181818181818182,False,2.516489410886938,1.0,0.8802083333333334
QmQzoesxUtSfYykQMnKq9wL4dRokrNCNEvNTKNZHm5UUgm,The Lion Sleeps Tonight Loop TTBB,NA,NA,NA,Arr. Koby Lieu,NA,NA,cc-zero,0.0,0,1,539,0,4,0-0-0-0,16,300,18.75,False,2.620199951029774,1.0,0.7986111111111112
QmTzFxrBdjNxLxnFQEJJJz3YjpZvaXFCebz63fu9BUdv5M,The Lion Sleeps Tonight Piano Score,NA,the lion sleeps tonight,The Tokens,NA,folk-rbfunksoul,thelionsleepstonight-lion-sleeps-tonight-joshua-pinao-piano-score,cc-zero,4.22,29,130,11163,0,2,0-0,51,1092,21.41176470588235,False,2.5465961966121964,1.0,0.9889705882352942
QmYrei1PJ3CosDZ7G6XssfMWRkFocjM72goA3oEzBy9vGS,The Lion theme,NA,The Lion Theme,Dustin O'Halloran,Dustin O'Halloran & Hauschka,NA,lion,cc-zero,4.61,61,314,17250,1,1,0,83,658,7.927710843373494,False,2.7343275249944607,0.9696048632218844,0.9964192708333334
QmV7pmaXHxHdRFzfY7b1E57hJ7yTzPCv5ZbYjNtb7kkUta,The Lisburn Lasses (reel) 1529,NA,The Lisburn Lasses,Misc tunes,after Sg't J. O'Neill,NA,NA,publicdomain,0.0,0,0,4,1,1,0,18,137,7.611111111111111,False,2.670542081829483,0.9854014598540146,0.9301470588235294
QmVhperZrXQ97gwP9iZfjqExMSyfrhWVdmBnGUPf44251i,The Literary Dustman,NA,the LITERARY DUSTMAN,Misc tunes,NA,NA,NA,publicdomain,0.0,0,0,3,1,1,0,8,51,6.375,False,2.683804941483034,1.0,0.9401041666666666
QmP4ih1fneN1H8KtNDHVTc2XRkCDo6XcRRrnPMKfBQW689,The Little Bench of Rushes (air) 0136,NA,The Little Bench of Rushes,Misc tunes,Unattributedgracefully,NA,NA,publicdomain,0.0,0,0,5,1,1,0,18,98,5.444444444444445,False,2.788250505061762,0.9693877551020408,0.9453125
QmTtrCN4E2h1GaH4btcz1m4Xc4J9z5vFp3E2jCjZC5owAJ,The Little Black Rose (1st setting) (air) 0070,NA,THE LITTLE BLACK ROSE,Misc tunes,Unattributedtenderly,NA,NA,publicdomain,0.0,0,0,4,1,1,0,17,65,3.823529411764706,False,2.581671497419643,1.0,0.9131944444444444
QmR6LtDiaHEhs4b15Po6hrxBBDd5MqCX7R55sB44PEqVZS,The Little Black Rose (2nd Setting) (air) 0071,Transposed from Eb,THE LITTLE BLACK ROSE,Misc tunes,UnattributedTenderly,NA,NA,publicdomain,0.0,0,0,8,1,1,0,18,67,3.7222222222222223,False,2.864341461422293,0.9253731343283582,0.8958333333333334
QmeY7WWjXfsAwdc9R38nktyZDe9MH14TJyd7uSnqt2A5e6,The Little Boy in the Boat,NA,The Boy In The Boat,Misc tunes,NA,NA,NA,publicdomain,0.0,0,0,2,1,1,0,16,117,7.3125,False,2.7639431022566177,1.0,0.9674479166666666
QmPnUVHkrLB7o1tUxBw1PKW76Vfo9uQNMaedhiDTRfNbJL,The Little Cascade,NA,The Little Cascade,Misc tunes,G.S. MacLennan,NA,NA,publicdomain,0.0,0,0,5,0,2,0-0,11,65,5.909090909090909,False,2.253156612833576,1.0,0.9282407407407408
QmcyDRT6c19Lri1UzMCzJnuLFCcmwjntZKQK8fk4ojX2md,The Little Cascade CYMRU,NA,The Little Cascade CYMRU,Misc tunes,P.M. G.Mclennan,NA,NA,publicdomain,0.0,0,0,8,1,1,0,117,1275,10.897435897435898,False,2.43159238313278,1.0,0.9718013468013468
QmdT64oBTTfdXXutyAdHs9MkYeW3TNNnt2V6Ven9JMrDTe,The little deeds of kindness - J. W. Van De Venter,NA,The little deeds of kindness,J. W. Van De Venter,NA,classical,NA,publicdomain,0.0,0,0,4,1,1,0,19,383,20.157894736842103,False,2.609084406745737,0.9843342036553524,0.9635416666666666
QmU48Ud5NsTMDEWzsGwNasD88weuNeugxD6v9bCbjMpAYK,The Little Diamond,Girl from Lettermore The,The Little Diamond,Misc tunes,NA,NA,NA,publicdomain,0.0,0,0,3,1,1,0,32,128,4.0,False,2.699438042837824,1.0,0.953125
Qma2Y89hv3xxEiUpnMBxh4f4WMNzQ5CPqFGqYEpJ2dC9a9,The little drummer boy,NA,little drummer boy,The Almost,NA,rock,easypiano-christmas,cc-zero,4.79,7,10,444,0,1,0,23,100,4.3478260869565215,True,2.4215512106824337,1.0,0.9697916666666668
QmYR7q7zf1aETq2XmAct8LJuMkMn1E7xRnLLC6Mjf8xxbE,The Little Fair Child (2nd setting) (air ) 0008,NA,The Little Fair Child,Misc tunes,after Sgt. J. O'Neilltenderly,NA,NA,publicdomain,0.0,0,0,2,1,1,0,18,101,5.611111111111111,False,2.986546754339997,0.8712871287128713,0.8732638888888888
QmbkXmW4ps1F7SPuGQXa4un6fMUNsZQiEkmBMwJ7C6ZDHS,The little flowers peep through the ground - Elizabeth McE. Shields,NA,The little flowers peep through the ground,Elizabeth McE. Shields,NA,classical,NA,publicdomain,0.0,0,0,8,1,1,0,10,70,7.0,False,2.3036353581010687,1.0,0.9557291666666666
QmWTi1LxscDP8M8K16KiRqsYvfZmAMPtR4Vr3cMxrEHE86,The little folks are dreaming - J. E. Gould,NA,The little folks are dreaming,J. E. Gould,NA,classical,NA,publicdomain,0.0,0,0,4,2,1,0,31,745,24.032258064516128,False,2.627761515192568,0.9812080536912752,0.9015804597701148
QmbE6GDchcMkX7P8EQfqohrnubddmciScqZW93eez2oZ6D,The Little Girl Of My Heart (air) 0004,NA,The Girl Who Broke My Heart,Misc tunes,after Chief D. F. O'Neillslow,NA,NA,publicdomain,0.0,0,0,8,1,1,0,18,120,6.666666666666667,False,2.717242418390569,0.9915966386554622,0.9466145833333334
QmWu3ktEwmgWfgoZkWonhqa1nDKK5iQYeePQPjPQL268Ux,The Little Grey Church (jig) 1069,NA,The Little Grey Church,Misc tunes,Unattributed,NA,NA,publicdomain,0.0,0,0,5,1,1,0,38,194,5.105263157894737,False,2.705430375423303,1.0,0.9783333333333332
QmbhCUjEnxVDUHmE64R9JrCcVwZT1dJGztwf95HJnkaB62,The Little Grey Mare of the Branches,Glaisín Óg na g-Craobh,The Little Grey Mare of the Branches,Misc tunes,NA,NA,NA,publicdomain,0.0,0,0,8,1,1,0,12,48,4.0,False,2.546598880217563,1.0,0.9375
QmXhuubVDYeAgioWzuJNhiZxhPYNvyHwgRZ58o91mknK3k,The Little Horse Tied at a Public House,NA,The Little Horse Tied at a Public House,Misc tunes,NA,NA,NA,publicdomain,0.0,0,0,4,1,1,0,18,88,4.888888888888889,False,2.6400407347383963,1.0,0.8680555555555556
QmZw9gJmd4EP1t5TPtiz77uPBHgKva84Avfg9CyKzSC6h9,The Little House Hunter the Hill. JBut.274,Little House Under the Hill. JBut.274 The,The Little House Hunter the Hill. JBut.274,Misc tunes,NA,NA,NA,publicdomain,0.0,0,0,4,1,1,0,36,156,4.333333333333333,False,2.6826892252188674,1.0,0.94921875
QmcXY1qzorV4FVv79D48cqtSDkzJsdVG9KJJC3t8ykrgEq,The Little House Under The Hill,NA,The Little House Under The Hill,Misc tunes,NA,NA,NA,publicdomain,0.0,0,0,2,1,1,0,81,412,5.08641975308642,False,2.4869235670707663,1.0,0.9714506172839508
QmXoBaAeNPV4qpFd74qmAcfRGwP3SzgWMy2fkHm3eR94sf,The Little House Under the Hill,An Teac Beag Faoi An Cnoc,The Little House Under The Hill,Misc tunes,collected by F.O'Neill,NA,NA,publicdomain,0.0,0,0,3,1,1,0,81,412,5.08641975308642,False,2.4869235670707663,1.0,0.9714506172839508
QmYNCMSpQftpAdyDWgYAuSVELadUrgwVWqNWYSjJBYGrJc,The Little House Under the Hill (jig) 0988,NA,The Little House Under The Hill,Misc tunes,after Chief F.O'Neill,NA,NA,publicdomain,0.0,0,0,1,1,1,0,56,284,5.071428571428571,False,2.548092950328744,0.9929577464788732,0.9695945945945946
QmXcB5CckAQ85QpgZ6EsqSCduvcBdKo8rzDHrHtJU7pWFL,The little lad came with his loaves and his fishes - Effie Wells Loucks,NA,The little lad came with his loaves and his fishes,Effie Wells Loucks,NA,classical,NA,publicdomain,0.0,0,0,5,1,1,0,18,320,17.77777777777778,False,2.6035513535950336,0.971875,0.9010416666666666
QmWEUUiUsyMfh6zu9NAqZz2JYtkWyaKMe6nnzRRHR4cPut,The Little Munster Mantle,Fallainnín Mhuimhneach An,The Little Munster Mantle,Misc tunes,NA,NA,NA,publicdomain,0.0,0,0,2,1,1,0,17,101,5.941176470588236,False,2.5973987631532207,1.0,0.9739583333333334
QmSB3a63TmFcMgeMzfPrXBfgWmED8NGuhp3wPD8YNib4VL,The Little Red Lark (air) 0072,NA,The Little red lark of the mountain,Misc tunes,Unattributedgracefully,NA,NA,publicdomain,0.0,0,0,4,1,1,0,18,82,4.555555555555555,False,2.3677551245471733,1.0,0.8975694444444444
QmP6hDE6MiLRveNaiUyzdSbXKCYrqk3A3wh35zxAa9m6oK,The Little Stack Of Barley,NA,The Stack Of Barley,Misc tunes,NA,NA,NA,publicdomain,0.0,0,0,1,1,1,0,45,298,6.622222222222222,False,2.672564754803332,1.0,0.9458333333333332
QmXYCesYJHRzNVHZM5BTLL1wdGrTJmSPNaMp4ZQ1E6ZoKg,The Little Stack of Barley,NA,The Stack Of Barley,Misc tunes,NA,NA,NA,publicdomain,0.0,0,0,4,1,1,0,36,238,6.611111111111111,False,2.668603409660766,1.0,0.953125
QmNdhJRsUq16FE2EgBxELVjNsLufdUkhC1VfWFYoHxPxsf,The Little Stack Of Wheat,Stack Of Wheat The,The Little Stack Of Wheat,Misc tunes,NA,NA,NA,publicdomain,0.0,0,0,4,1,1,0,35,260,7.428571428571429,False,2.639135544904594,1.0,0.9192708333333334
QmV4oQajq1ydoPDfgz6seiSxrDrEny3PJgFH1gnf5jKVLp,The Little Swallow (air) 0139,NA,The Little Swallow (air) 0139,Misc tunes,Unattributedtenderly,NA,NA,publicdomain,0.0,0,0,7,1,1,0,29,208,7.172413793103448,False,2.621136294379471,0.9854368932038836,0.8690476190476191
QmResBk62Tojf3R4ZKWUjwR8ZA7iz4s7puHUCJBe8AzHhf,The Little Turtle Dove/True Lover's Farewell,NA,The Turtle Dove,Misc Traditional,NA,folk,NA,publicdomain,0.0,0,0,19,1,1,0,11,51,4.636363636363637,True,2.4726012511255777,1.0,0.925925925925926
QmaMp1bQMD78w36pPc2kdciAXPrBqV84RkD526N4Lwys2B,The Little Yellow Boy (doublejig) 0706,NA,The Yellow Little Boy,Misc tunes,after Chief Daniel Francis O'Neill,NA,NA,publicdomain,0.0,0,0,1,1,1,0,34,194,5.705882352941177,False,2.4005897378854675,0.9896907216494846,0.9703282828282828
QmcdCqRnFdFuZBqYbNK1HB8x8xXKcnJgddbM7mVvEBL6jT,The Liverpool hornpipe,NA,LIVERPOOL HORNPIPE,Misc tunes,anon.,NA,NA,publicdomain,0.0,0,0,0,1,1,0,45,294,6.533333333333333,False,2.74347367822649,0.9965986394557824,0.9734375
Qmf5mw6t4jiB9DffVjN3XHJ4M5D8n1tGprhcd8nf4v3J65,The Liverpool. JBut.121,NA,The Liverpool,Misc tunes,' - A Hornpipe',NA,NA,publicdomain,0.0,0,0,1,1,1,0,32,240,7.5,False,2.631923930157952,1.0,0.980510752688172
QmbWyEHuTuNTfmCVrwk7WqZor9pGTmgT8JUx7zTUeqYtri,The living fount is flowing now - Wm. J. Kirkpatrick,NA,The living fount is flowing now,William J. Kirkpatrick,NA,classical,NA,publicdomain,0.0,0,0,2,2,1,0,18,283,15.72222222222222,False,2.3781750942463296,1.0,0.92578125
QmdG5m3YHW3GxAfB5HfULe3mXW9usLZA1qmyu5LiGVVzM7,The Lochaber Badger,NA,The Lochaber Badger,Misc tunes,NA,NA,NA,publicdomain,4.83,3,2,111,1,1,0,24,140,5.833333333333333,False,2.264711445885763,1.0,0.9664855072463768
QmU98uS1XYgyp3EoXdjrriE3UfCcDvZtNvZjuiuHVpd6Tq,The Lochaber Badger,NA,The Lochaber Badger,Misc tunes,NA,NA,NA,publicdomain,0.0,0,0,4,1,1,0,16,100,6.25,False,2.234819582452883,1.0,0.9635416666666666
QmZn7aqyj8VkXLVY5vXFY6wdFuVwAXz9h3bBhLVMaHh9VS,The Lochaber Gathering,NA,The Lochaber Gathering,Misc tunes,G. S. MacLennan,NA,NA,publicdomain,0.0,0,0,46,1,1,0,72,948,13.166666666666666,False,2.6096573283510294,1.0,0.884765625
QmeSiG9qXij9FDLscXpAahMDbc6dNYQUM6iuL6LWVXxSA8,the London Gentlewoman,the Hemp-Dresser,The London Gentlewoman,Misc tunes,NA,NA,NA,publicdomain,0.0,0,0,3,1,1,0,8,35,4.375,False,2.661267576727715,1.0,0.8506944444444444
Qma3zUDoZLFdAPTWKT4f29Lu68JutanMEuxPsaMTAqKTCv,The London Gentlewoman,The Hemp-Dresser,The London Gentlewoman,Misc tunes,NA,NA,NA,publicdomain,0.0,0,0,2,1,1,0,7,32,4.571428571428571,False,2.687806847436231,1.0,0.8416666666666667
QmeqmY3KZrM4Q3RuFke5jW7oV9HVv3s66YYqk64JAS9ub2,The London Lasses,NA,london lasses,Misc Traditional,NA,folk,NA,publicdomain,0.0,0,0,4,1,1,0,32,216,6.75,False,2.47657081908352,1.0,0.9440104166666666
QmQSqzPpmefazPLDewzmMaST56qYVBJzqwsgYYgyhQkdYA,The London Lasses,NA,london lasses,Misc Traditional,NA,folk,NA,publicdomain,0.0,0,0,8,1,1,0,33,247,7.484848484848484,False,2.60479080657824,1.0,0.94921875
QmTboa3BYUHb9CpfTNXwpAFq7kpZ8V6hxjFHBZRhFEj832,The London Lasses,NA,london lasses,Misc Traditional,NA,folk,NA,publicdomain,0.0,0,0,3,1,1,0,17,119,7.0,False,2.441406798928604,1.0,0.9693627450980392
QmP6EnGNk663rqz5tvbAXTAkrDsTeWBMj39reDd8ieLD2g,The London Lasses -- Reel,NA,london lasses,Misc Traditional,NA,folk,NA,publicdomain,0.0,0,0,2,1,1,0,34,248,7.294117647058823,False,2.604675840451566,1.0,0.9498697916666666
QmZXERzGpvYoa9SS3e2mmP6XUkx8Xsith3YibTShrfTkvD,The Londonderry Hornpipe,NA,The Londonderry hornpipe,Misc tunes,NA,NA,NA,publicdomain,0.0,0,0,8,1,1,0,243,1568,6.4526748971193415,False,2.749652289020392,0.9923469387755102,0.9644097222222222
QmdAx7Y4mJPAFfhCE8W44rhhHrb46HrTev2m5KXWZQhbcu,The Lone Pilgrim,NA,The Lone Pilgrim,Misc Traditional,NA,folk,NA,publicdomain,0.0,0,0,21,0,4,0-0-0-0,15,173,11.533333333333331,False,2.207321631134877,1.0,0.9805555555555556
QmYY8XNVo32wf8F1eH99e3wn4dFKDkJ8TNcRQHfwGFLcTm,The Loneliest Girl,NA,NA,NA,Arr. Ori,NA,NA,cc-zero,0.0,0,6,75,0,2,0-0,100,658,6.58,False,2.6748241504167463,1.0,0.9663194444444444
QmZuGBLtVNicjKkVpC6q1iCR5ofbkTi9FABgtrZevbgvL3,The Lonely,Christina Perri,the lonely,Christina Perri,David Hodges,pop-folk,NA,cc-zero,0.0,0,1,37,1,1,0,76,476,6.2631578947368425,False,3.0873803785772944,0.8949579831932774,0.8763888888888889
QmZWKWkcdDGW1sgg5T9gPp9bntu9PEZ64FPfBtMuF25dVq,THE LONELY BEECH,NA,THE LONELY BEECH,Misc tunes,NA,NA,NA,publicdomain,0.0,0,0,4,1,1,0,12,33,2.75,False,2.3508553971075337,1.0,0.9734848484848484
QmRSryNTrAswCLvziPFdixspJNWBbTSSDfStFEzgWuNSL4,The Lonely Man Theme,NA,the lonely man,Misc Television,Joe Harmell,soundtrack,NA,cc-zero,4.66,126,575,43201,1,1,0,28,334,11.928571428571429,False,3.1445674777021866,0.9011976047904192,0.9513888888888888
QmNPwAmj2wFet7xTETaT2F3KwsZGSwmU1GdfsvB1cRFPFa,The Long Road - FE: Three Houses Piano Arrangement,Fire Emblem: Three Houses,The Long Road,Takeru Kanzaki,Original Music by Takeru Kanzaki,NA,fireemblem-threehouses-fe,cc-zero,0.0,0,11,774,1,1,0,212,1780,8.39622641509434,False,2.745793394511973,0.9662921348314608,0.972877358490566
QmRsGBdyRcaN47GUJfZb5jRZmHbkFtvSFV2xKy53LccPXZ,The long roll-call is sounding - Adam Geibel,NA,The long roll-call is sounding,Adam Geibel,NA,classical,NA,publicdomain,0.0,0,0,3,1,1,0,21,261,12.428571428571429,False,2.762062943208545,0.9808429118773946,0.9489583333333332
QmQo9b5sjFguukNkHEPH2Wqffb2kPxaCtSkSzEu5nvMYtm,The Long White Cat,Peely cuit bán,The Long White Cat,Misc tunes,NA,NA,NA,publicdomain,0.0,0,0,2,1,1,0,9,44,4.888888888888889,False,2.0019510193314285,1.0,0.9513888888888888
QmZUB1wspGoBZwVnx67RcMQFmGP82CxSZyVNWegQevYkRK,The Longest summer,from the album Secret Story,The Longest Summer,Pat Metheny,Pat Metheny Group,jazz,patmetheny-jazz-piano,cc-zero,4.63,16,42,1909,1,1,0,39,367,9.41025641025641,False,3.205705786747773,0.8719346049046321,0.9024122807017544
QmQ1Z57iroXMV1PzxwBXBgYUXFdVWei6esSMpQDMmzwdwV,The Longest Time,NA,the longest time,Billy Joel,Billy Joel,rock,tbb-acappella-billyjoel,cc-zero,3.66,3,69,6410,0,3,0-0-0,70,1012,14.457142857142856,True,3.1842660627821857,0.8757637474541752,0.9471618357487924
QmdkFw4w6DPsNd1GjqD3fwwfs1GEtj3q2UvLarmzLqFG8G,The Loon And His Quine,NA,The Loon And His Quine,Misc tunes,NA,NA,NA,publicdomain,0.0,0,0,3,1,1,0,31,221,7.129032258064516,False,2.627726518778887,1.0,0.9469086021505376
QmYXefFB7rkpDZQcTH5DukFjTR3wHRvBBsrCKrPmt2g4XJ,The Loon And His Quine,NA,The Loon And His Quine,Misc tunes,NA,NA,NA,publicdomain,0.0,0,0,6,1,1,0,46,334,7.260869565217392,False,2.624128846713353,1.0,0.9470108695652174
QmUWxNyH9JGfNCPX1ruLpkyY5pRJRDQ9FFnGBfVu3A1UrV,The Lord at first had Adam made,From Christmas Carols Ancient & Modern by Wm Sandys FSA,The Lord At First Did Adam Make,Misc Traditional,NA,folk,NA,publicdomain,0.0,0,0,7,0,2,0-0,29,172,5.931034482758621,True,2.630789033039388,1.0,0.9511217948717948
QmaCKhBLZPjG37v9GHkjgbfCKyjnv8rL31L28RCjNW4jcy,The Lord bless and keep thee in his favor - Christian Gregor,NA,The Lord bless and keep thee in his favor,Christian Gregor,NA,classical,NA,publicdomain,0.0,0,0,23,1,1,0,21,284,13.523809523809524,False,2.640962023811837,0.9964788732394366,0.9602272727272728
QmVKg4F26cbp3Rw2HyTsuuqjuWL3NNuY9UuxaL6wPNoW7u,The Lord bless thee and keep thee (Graves) - F. A. Graves,NA,The Lord bless thee and keep thee (Graves),F. A. Graves,NA,classical,NA,publicdomain,0.0,0,0,5,1,1,0,18,153,8.5,False,2.5082955118863737,1.0,0.9315476190476192
QmPTwATPxeVH3znPuFnZzicA6DSBP29oyE4uqB6CEKhuJP,The Lord bless thee and keep thee (Harkness) - Robert Harkness,NA,The Lord bless thee and keep thee (Harkness),Robert Harkness,NA,classical,NA,publicdomain,0.0,0,0,4,1,1,0,15,200,13.333333333333334,False,2.9646789029399887,0.93,0.9712301587301588
QmZKTqXWh2V3LLQpMkJWYb6ThgfKarqn93qS3QaNrd5Hmc,The Lord Bless You and Keep You,NA,NA,NA,Peter C. Lutkin ed. David McCarthy,NA,NA,cc-zero,0.0,0,2,129,0,4,0-0-0-0,24,348,14.5,False,2.9916494443603336,0.9467455621301776,0.9637681159420288
Qmf5hXX3PRBJKoSkuYfQHM7hacxAs8CuCxU89Neha1yDRX,The Lord Bless You and Keep You,NA,The lord bless you and keep you,Peter C. Lutkin,Peter C. Lutkin,classical,blessing-benediction-shape-note-hymn-chorale-lutkin-satb-vocal-voice-parting,cc-zero,4.61,23,33,2462,0,4,0-0-0-0,24,348,14.5,True,2.9864257233476823,0.9467455621301776,0.9610507246376812
QmYq7yEGURA7S6yxXzd991nCA8RbwDNNz97bPVRZsLEvNJ,The Lord descended from above - Thomas Clark,NA,The Lord descended from above,Thomas Clark,Thomas Clark,classical,NA,publicdomain,0.0,0,0,2,0,5,0-0-0-0-0,46,513,11.152173913043478,True,2.8435402958100906,0.9699074074074074,0.9613095238095238
QmcbCNSc9i38kRUCDAhgmAZM1n7hD9kB1ERYF4QjKY7t61,The Lord doth build up Jerusalem - J. E. Gould,NA,The Lord doth build up Jerusalem,J. E. Gould,NA,classical,NA,publicdomain,0.0,0,0,5,1,1,0,67,746,11.134328358208956,False,2.751571490252255,0.9745308310991956,0.9539650537634408
QmaPLmkqgt1SYgkmVnzgCXWt6diJwMMQjdXgQqp1t397P4,The Lord for ever lives who has - Charles William Hempel,NA,The Lord for ever lives who has,Charles William Hempel,Charles William Hempel,classical,NA,publicdomain,0.0,0,0,1,0,5,0-0-0-0-0,16,280,17.5,True,2.8935722678894944,0.9428571428571428,0.9836309523809524
QmbGQ7oJu6oTb5Ynm4A4nocoNuf2PKQfVynLzSitcnxXAe,The Lord God omnipotent reigneth - Haldor Lillenas,NA,The Lord God omnipotent reigneth,Haldor Lillenas,NA,classical,NA,publicdomain,4.71,4,0,217,2,1,0,36,600,16.666666666666668,False,2.9550995685034485,0.9083333333333332,0.9381510416666666
QmRDySzyt3N7ABCWhqs5cF6Pcy3mweXh1vquGpnEZoxphS,The Lord has come into my soul - P. W. Hill,NA,The Lord has come into my soul,P. W. Hill,NA,classical,NA,publicdomain,0.0,0,0,6,1,1,0,20,214,10.7,False,2.3895544292454343,1.0,0.90625
QmSs43w4wTj6avnuRpiE4EVYR52Bh6698q3kAWbD97RJRX,The Lord has need of workers to till His field today - J. Lincoln Hall,NA,The Lord has need of workers to till His field today,J. Lincoln Hall,NA,classical,NA,publicdomain,0.0,0,0,11,1,1,0,18,322,17.88888888888889,False,2.4917592544124134,0.9813664596273292,0.9466145833333334
QmQv72syZ8eW3KS9rpiJMoo4Xgz7AxuAi86DJYSbq2byci,The Lord has set before us - S. Wesley Martin,NA,The Lord has set before us,S. Wesley Martin,NA,classical,NA,publicdomain,0.0,0,0,4,1,1,0,20,225,11.25,False,2.679279169679817,0.9733333333333334,0.9010416666666666
QmfQQpgn8kN4pdoTybHV32TL9quSR6mmWk3mYF3QebQ3sC,The Lord hath made this world of ours - E. E. Hewitt,NA,The Lord hath made this world of ours,E. E. Hewitt,NA,classical,NA,publicdomain,0.0,0,0,7,1,1,0,35,474,13.542857142857144,False,2.767264268289169,0.9683544303797468,0.8975694444444444
QmUZyTxdSQF264tYnHx39ry4J6kFPjWHvCp6McHdTkxPW1,The Lord hath said that He will guide - J. J. Jennings,NA,The Lord hath said that He will guide,J. J. Jennings,NA,classical,NA,publicdomain,0.0,0,0,5,1,1,0,20,226,11.3,False,2.2867150381350823,1.0,0.8854166666666666
QmSvDutpSd8TUq4s62yJMwMz39oGBQtHFxieSksLXXuXbr,The Lord himself the mighty Lord - Stephen Jarvis,NA,The Lord himself the mighty Lord,Stephen Jarvis,Stephen Jarvis,classical,NA,publicdomain,0.0,0,0,6,0,4,0-0-0-0,13,245,18.846153846153847,True,2.708892339566498,0.9915254237288136,0.9337121212121212
Qma2A1kxV6QybTsWXvjTbacZJMW8cJVVbeimRZNQhQxAGR,The Lord is in His holy temple (11111),NA,The Lord is in His holy temple (11111),Misc Traditional,NA,folk,NA,publicdomain,0.0,0,0,8,1,1,0,11,93,8.454545454545455,False,2.812792396703724,0.967741935483871,0.953125
QmczLV6govyJDvQv6cP6nDVXdo4JwpLapPzT23cwPgyhdJ,The Lord is in His holy temple (Bartlett) - Maro Loomis Bartlett,NA,The Lord is in His holy temple (Bartlett) - Maro Loomis Bartlett,Maro Loomis Bartlett,NA,classical,NA,publicdomain,0.0,0,0,9,1,1,0,20,315,15.75,False,2.7203158331765773,0.9650793650793652,0.9479166666666666
QmQDgqffneURiuZMo3zSpswxqzWzaSrMU5XAMzahkttrvZ,The Lord is in His holy temple (Excell) - Edwin O. Excell,NA,The Lord is in His holy temple (Excell),Edwin O. Excell,NA,classical,NA,publicdomain,0.0,0,0,5,1,1,0,11,104,9.454545454545457,False,2.242771210383746,1.0,0.9488636363636364
QmVebbdcfdAQZEUFuuj9C2KeqvTpXm9DyYLddcUZ1CBCdQ,The Lord is in His holy temple (Geibel) - Adam Geibel,NA,The Lord is in His holy temple (Geibel),Adam Geibel,NA,classical,NA,publicdomain,0.0,0,0,7,1,1,0,12,129,10.75,False,2.949355713421129,0.9457364341085271,0.9458333333333332
QmRrRQH8Q9jy6pXpJiqkPsGLbD6Bncr4ZRLYiKF8s4Xmsw,The Lord is in His holy temple (Gould) - J. E. Gould,NA,The Lord is in His holy temple (Gould),J. E. Gould,NA,classical,NA,publicdomain,0.0,0,0,12,1,1,0,9,131,14.555555555555555,False,2.6409725765189127,0.9923664122137404,0.9453125
QmSFpeyg3LSk1scusGLjT1Sz9pYwUcFVxFgxSEBw7mCLxk,The Lord is my banner and the Lord is my King - Jno. R. Sweney,NA,The Lord is my banner and the Lord is my King,John R. Sweney,NA,classical,NA,publicdomain,0.0,0,0,2,2,1,0,19,347,18.26315789473684,False,2.259641730219289,0.9942363112391932,0.9596354166666666
Qmdh7bYXDZ6w1wcrdsw4ZA6JSMSbHYvhTr2e8kFShq4Q9p,The Lord is my banner To battle I go - H. P. Danks,NA,The Lord is my banner To battle I go,H. P. Danks,NA,classical,NA,publicdomain,0.0,0,0,7,2,1,0,18,384,21.33333333333333,False,2.694173927984296,0.9739583333333334,0.9154411764705882
QmatU9vurQq26KhYoBQA41FwKSWgzWYrWuRDaQgupuipYe,The Lord is my light my star of morn - John J. Thomas,NA,The Lord is my light my star of morn,John J. Thomas,NA,classical,NA,publicdomain,0.0,0,0,5,1,1,0,38,397,10.447368421052632,False,2.88505480451519,0.9445843828715366,0.9583333333333334
QmU64KSjiXiG3BtcT2Rx3krijTeZphBxsSC2ZFVrx5DwH4,The Lord is my Refuge and here will I stay - C. C. Case,NA,The Lord is my Refuge and here will I stay,C. C. Case,NA,classical,NA,publicdomain,0.0,0,0,8,2,1,0,19,423,22.26315789473684,False,2.679129048639188,0.9881796690307328,0.8671875
QmPZ5MpKLhs9i92MUAY9q6tHqq3XnE8sVpwe9X3vem4sgo,The Lord is my Refuge my Strength and Shield - Geo. C. Stebbins,NA,The Lord is my Refuge my Strength and Shield,Geo. C. Stebbins,NA,classical,NA,publicdomain,0.0,0,0,3,1,1,0,18,298,16.555555555555557,False,2.6543929578831764,0.976510067114094,0.8819444444444444
QmZXx3ntsiqxgzT7tBtf2rgs7N95RJdPh4EjUxmPsLGajg,The Lord is My Shepherd,NA,My Shepherd Is the Lord,Misc Traditional,NA,folk,NA,publicdomain,0.0,0,0,15,1,1,0,9,74,8.222222222222221,False,2.5138642537023235,1.0,0.9583333333333334
QmezLpDP5jrM7hVfdtSCm8ThLhz8hKqagWefPG67vj3g3D,The Lord is my Shepherd I shall not want (Tullar) - Grant C. Tullar,NA,The Lord is my Shepherd I shall not want (Tullar),Grant C. Tullar,NA,classical,NA,publicdomain,0.0,0,0,29,2,1,0,18,313,17.38888888888889,False,2.750234505932035,0.9552715654952076,0.9583333333333334
QmP84d6QLNZHY5EkgZu4JTD6YJME1gdckwgxi22vMCKUmb,The Lord is my Shepherd no want shall I know - Thomas Koschat,NA,The Lord is my Shepherd no want shall I know,Thomas Koschat,NA,classical,NA,publicdomain,4.56,4,0,53,1,1,0,22,214,9.727272727272728,False,2.8386957860199407,0.9672897196261684,0.9875
QmRvpmtnsQofWzAckp5ddu4Epvwbh4sgyxj4te82GRciVT,The Lord is my Shepherd unfailing - Paul Rader,NA,The Lord is my Shepherd unfailing,Paul Rader,NA,classical,NA,publicdomain,0.0,0,0,11,1,1,0,20,291,14.55,False,2.684188937425729,0.979381443298969,0.9516666666666668
QmYanB8jWrHbzDjBmycvEyF52j12B27HtqMAC9Z7JuSige,The Lord is our defence and aid - Matthew Cooke,NA,The Lord is our defence and aid,Matthew Cooke,Matthew Cooke,classical,NA,publicdomain,0.0,0,0,6,0,4,0-0-0-0,27,311,11.51851851851852,True,2.975946171536216,0.9403973509933776,0.9364035087719298
Qmdd84V7s4A78LZ4F8fTmXemu3YRBPs6vZVwomAM3fEQhb,The Lord is Risen Indeed - St Micheal,NA,NA,NA,St. Michael melody by Louis Bourgeois in the French Genevan Psalter,NA,stmichael-easter-resurrection-satb,publicdomain,0.0,0,1,135,0,2,0-0,10,105,10.5,True,2.716697067887355,0.9903846153846154,0.9791666666666666
QmWKkeiqGdhR12hLxjfYvDXEKtXuCiVdVxKxeRBqMevqvD,The Lord Jehovah reigns - D. B. Towner,NA,The Lord Jehovah reigns - D. B. Towner,D. B. Towner,NA,classical,NA,publicdomain,0.0,0,0,14,1,1,0,17,174,10.235294117647058,False,2.5391910233496304,0.9885057471264368,0.9713541666666666
Qma2pMypGvd3vRUNgeGinNiYspVgaykjJokD2m6nAKtwMH,The Lord Jehovah reigns - James Shoubridge,NA,The Lord Jehovah reigns,James Shoubridge,James Shoubridge,classical,NA,publicdomain,0.0,0,0,11,0,4,0-0-0-0,25,348,13.92,True,2.9740259581234296,0.9495548961424332,0.9470486111111112
QmdiRidncZU7rtKsXK4AyVhfNyTr9Vwe7KaaF4zJEJMufG,The Lord looked down from heaven's high tower - Samuel Wakely,NA,The Lord looked down from heaven's high tower,Samuel Wakely,Samuel Wakely,classical,NA,publicdomain,0.0,0,0,4,0,4,0-0-0-0,17,198,11.647058823529411,True,2.7930898561161106,0.9844559585492229,0.9513888888888888
QmRmW6LjTpfcp4guM3LEVZhUQcfhYKiVDHZ3SA2NWUDA1E,The Lord Mayos delight,NA,Lord Mayo,Misc tunes,NA,NA,NA,publicdomain,0.0,0,0,4,1,1,0,34,164,4.823529411764706,False,2.3804261387593586,1.0,0.925
QmecAABWqaPAnXKZQeLUQe8nP22KbnPMNGnuiZpLH31cTt,The Lord my shepherd is - Thomas Clark,NA,The Lord my shepherd is,Thomas Clark,Thomas Clark,classical,NA,publicdomain,0.0,0,0,38,0,4,0-0-0-0,29,283,9.758620689655173,True,2.764073627122392,0.9927797833935018,0.9232456140350878
QmaRPHjm5dfWUmK6BQAfZGYDUP4dyg1sf9WDN3dztZ2HFt,The Lord my shepherd is - Thomas Purday,NA,The Lord my shepherd is,Thomas Purday,Thomas Purday,classical,NA,publicdomain,0.0,0,0,16,0,4,0-0-0-0,19,203,10.68421052631579,True,2.77628899519024,0.985,0.960648148148148
QmNSk65dE5otoQYqnf4Uc5frCx8kbGrDVaAdjBwwHJFNE8,The Lord of earth and glory - D. J. P.,NA,The Lord of earth and glory,D. J. P.,NA,classical,NA,publicdomain,0.0,0,0,3,2,1,0,30,423,14.1,False,2.5763714410029075,1.0,0.957175925925926
QmTERbhLZaKxPthvPkuQ3MmdwKtwdNQsJ1Jmz1p4C9F1JZ,The Lord of glory is my light - Thomas Jarman,NA,The Lord of glory is my light,Thomas Jarman,Thomas Jarman,classical,NA,publicdomain,0.0,0,0,5,0,4,0-0-0-0,18,180,10.0,True,2.736936404735848,0.9942528735632185,0.9595588235294118
QmYLcCT9CqxjbWtNX3nYARuFmdBsopUytzedHLNpiVfmmW,The Lord of Life! behold him come - W. W. Wallace,NA,The Lord of Life! behold him come,W. W. Wallace,NA,classical,NA,publicdomain,0.0,0,0,5,1,1,0,20,226,11.3,False,2.8263583275614894,0.9734513274336284,0.9466145833333334
Qmeg3rFsZDHQc9KArcw7pukjjfcXX9TUVMciTmPsuhHxfL,The Lord of little children - Grant Colfax Tullar,NA,The Lord of little children,Grant Colfax Tullar,NA,classical,NA,publicdomain,0.0,0,0,2,1,1,0,12,124,10.333333333333334,False,2.717188330444359,0.9838709677419356,0.9652777777777778
QmYdYCa5D6s5u4x4JG3SwiYzykVSkvFsFbsoePNVwvksZc,The Lord Of The Dance,NA,lord of the dance,Misc Praise Songs,NA,religiousmusic,NA,publicdomain,0.0,0,1,22,1,1,0,32,158,4.9375,False,2.6331486564437765,1.0,0.9418402777777778
QmZNkBbBfxTBUJANj6PLDPU4CHq9FznKLcGp1oEY5B7BFA,The Lord Of The Dance,NA,lord of the dance,Misc Praise Songs,NA,religiousmusic,NA,publicdomain,0.0,0,2,47,1,1,0,48,251,5.229166666666667,False,2.747806679099557,1.0,0.9396701388888888
QmP6GRFAgvWQRqopoTq55ouDtdK19c77UAyUJ3NNULpBwK,The Lord of the Isles' Welcome to Armadale Castle,NA,The Lord of the Isles' Welcome to Armadale Castle,Misc tunes,NA,NA,NA,publicdomain,0.0,0,0,1,1,1,0,72,448,6.222222222222222,False,2.6811906973350634,1.0,0.9524739583333334
QmS5aiboidMdMqBWGYAuhsqCu8Hf9ZoJPtS2fpKH9bWWeF,The Lord s my Shepherd tenor,NA,NA,NA,Composer,NA,religious-hymn-tenor,cc-zero,0.0,0,0,55,1,1,0,14,44,3.142857142857143,False,2.512403456247038,1.0,0.96875
QmRXEWGYR7SdunGwtfJebThNvSssnqP1ETQxqcq3s6Nbzi,The Lord sends me blessings again and again - Jno. R. Sweney,NA,The Lord sends me blessings again and again,John R. Sweney,NA,classical,NA,publicdomain,0.0,0,0,2,1,1,0,27,500,18.51851851851852,False,2.518178696613555,0.994,0.955
QmYqmBCPymGaxNLxx8PXB9PgezNcEkGzoEefhoTpYepdLU,The Lord the Lord is in His holy temple - Albert J. Holden,NA,The Lord the Lord is in His holy temple,Albert J. Holden,NA,classical,NA,publicdomain,0.0,0,0,13,1,1,0,20,211,10.55,False,2.9676322177997863,0.943127962085308,0.9714912280701754
QmdQj8KFvMPXHYyHifEK1nKKCZxXPi5GBAUBwunMz4WE3o,The Lord the only God is great - John Broderip,Psalm 48th new Version,The Lord the only God is great,John Broderip,John Broderip(of Wells),classical,NA,publicdomain,0.0,0,0,6,0,4,0-0-0-0,15,134,8.933333333333334,True,2.8896357961466563,0.967479674796748,0.9781746031746033
Qme11k8XEdP65JfL2QNp6ez8CFUJJDjNa9urMc3uGWGFaN,The Lord the universal King - William Thorn,NA,The Lord the universal King,William Thorn,William Thorn,classical,NA,publicdomain,0.0,0,0,12,0,4,0-0-0-0,39,354,9.076923076923077,True,2.731691047903417,0.9883381924198252,0.9868827160493828
QmSSDHhjav2trx8aVDJob4bnj5erupya8zLp8rG15WLxuN,The Lord to thy request attend - John Valentine,NA,The Lord to thy request attend,John Valentine,John Valentine,classical,NA,publicdomain,0.0,0,0,3,0,5,0-0-0-0-0,30,345,11.5,True,2.755943121696835,0.926751592356688,0.939484126984127
QmYfeQW3x6eeZDyRhM3s4pxCspE2RNB34zcqB6QVepQQga,The Lord to thy request attend - John Wall Callcott,Psalm XX. C.M.Second Sunday after Epiphany. Second Morning,The Lord to thy request attend,John Wall Callcott,John Wall Callcott,classical,NA,publicdomain,0.0,0,0,5,0,4,0-0-0-0,9,129,14.333333333333334,True,2.759033877254191,1.0,0.9791666666666666
QmbDsLj3SPcoL4Lmpzgr2p3z63izK3Eg5Skf9sBtciaPr1,The Lord watch between me and thee (Stone) - F. L. Stone,NA,The Lord watch between me and thee (Stone),F. L. Stone,NA,classical,NA,publicdomain,0.0,0,0,2,1,1,0,11,137,12.454545454545457,False,2.83409416746418,0.9708029197080292,0.946969696969697
QmZ2ajhkVDCdTKinu37XBTEbukghv9zD5Rq4SR6rFXVPhz,The Lord watch between me and thee - Chas. H. Gabriel,NA,The Lord watch between me and thee,Chas. H. Gabriel,NA,classical,NA,publicdomain,0.0,0,0,3,1,1,0,7,92,13.142857142857142,False,2.356458237532973,1.0,0.9136904761904762
QmNcc2L1Ys6TjjKPuSZ8EL6t6M9Rpe6WGpsbSR9Z7REcAg,The Lord watch between me and thee - H. A. Henry,NA,The Lord watch between me and thee,H. A. Henry,NA,classical,NA,publicdomain,0.0,0,0,4,1,1,0,11,163,14.818181818181818,False,2.216213838475412,0.9877300613496932,0.9104166666666668
Qme34UJ24e1DVuEZSccCqrAEdaiiz1vmbeVSPabyhoE6s4,The Lord Who Has Created You,NA,NA,NA,Chr. Dolfer (?) From Zionsflange published in 1911 by Geo. Kessel,NA,christian-choir-confirmation,publicdomain,0.0,0,0,97,1,1,0,33,265,8.030303030303031,False,2.921923502531513,0.9545454545454546,0.9574829931972788
QmasxRmsQNLQSsc5csfquoYvPtvjXZn8mEbQS6nGDri59B,The Lord will send His angels down - S. J. Oslin,NA,The Lord will send His angels down,S. J. Oslin,NA,classical,NA,publicdomain,0.0,0,0,5,1,1,0,20,219,10.95,False,2.350808844987004,1.0,0.921875
QmZCQxWz7Ho5XcEJdBsBrXkEgo7s3R2ULZJiCaavE74zjt,The Lord's My Shepherd - Brother James Air,Brother James Air,The lords my shepherd,John Campbell,J L Macbeth Bain,classical,NA,cc-zero,4.56,22,15,1977,1,1,0,13,174,13.384615384615383,True,2.5796132221493817,1.0,0.9722222222222222
QmUNNHgWF8aGdR6jBzGwMbNMC7r7BL6D7W5w9JuHsR8zjn,The Lord's my Shepherd - Jessie Seymour Irvine,NA,The Lord's my Shepherd,Jessie Seymour Irvine,NA,classical,NA,publicdomain,0.0,0,1,59,0,4,0-0-0-0,15,129,8.6,True,2.788361203640528,0.96875,0.95625
QmZMUCdbMMKXgPRog6V7b4EhMpP7U2zEvZBnuY74JUXnTf,The Lord's my Shepherd I'll not want (Excell) - E. O. Excell,NA,The Lord's my Shepherd I'll not want (Excell),E. O. Excell,NA,classical,NA,publicdomain,0.0,0,0,27,2,1,0,27,294,10.88888888888889,False,2.655950997040436,1.0,0.9465579710144928
QmPprqAL9fUTVziEhmptjkBMrUwsSfb14NcN5Hfbv9Ht9x,The Lord's my Shepherd I'll not want (Wilson) - Robert H. Wilson,NA,The Lord's my Shepherd I'll not want (Wilson),Robert H. Wilson,NA,classical,NA,publicdomain,0.0,0,0,24,1,1,0,17,217,12.764705882352942,False,2.4785518900869388,0.9953917050691244,0.8940972222222222
QmSeiM4qC5pGsunUQgZKrZZUqXwCFtdQ2b9DEArpcEafso,The Lord's our Rock in him we hide (Elderkin) - Geo. D. Elderkin,NA,The Lord's our Rock in him we hide (Elderkin),Geo. D. Elderkin,NA,classical,NA,publicdomain,0.0,0,0,7,1,1,0,19,277,14.578947368421051,False,2.6291776699199976,0.9783393501805054,0.9296875
QmPGeV77nov3miJNX3XdRygbJnKjYwgnT3fGKcmjGBdR2C,The Lords my Rock in Him I hide,NA,The Lords my Rock in Him I hide,Misc Traditional,NA,folk,NA,publicdomain,0.0,0,0,6,1,1,0,26,409,15.73076923076923,True,2.489943700292986,0.9853300733496332,0.9311594202898552
QmNQAopSYJCnwin1f6vD1kGADtprVjtHJEJP5AQz6RGEmL,The Lords my Shepherd Ill not want (Towner) - D. B. Towner,NA,The Lords my Shepherd Ill not want (Towner),D. B. Towner,NA,classical,NA,publicdomain,0.0,0,0,24,2,1,0,18,231,12.833333333333334,False,2.5460719852813893,1.0,0.9518229166666666
QmYq5mGRU9Ad988BRnQ8xMJ4cKDB5G82EarHo1x81aZAmC,The Lost Art of Conversation,Pink Floyd - The Endless River,The Lost Art of Conversation,Pink Floyd,Sam Anderson,rock,NA,cc-zero,0.0,0,1,59,1,1,0,24,166,6.916666666666667,False,2.911080332436941,0.9518072289156626,0.9244791666666666
QmRTyF7riq2BtxiQx9d3bztKhTuvRmwTxijBTkoiNVYRxP,The Lost Child,NA,NA,NA,Anathema,NA,piano,cc-zero,0.0,0,11,703,1,1,0,38,98,2.5789473684210527,False,2.482792236520812,1.0,0.8880208333333334
Qmaf8CLrhCBx4Tk6KPBhcTgXatNzPqTvJpNh9jpGyoPLhK,The Lost Child,NA,The Lost Child,Toby Fox,Toby FoxArr. Somerville Munt,soundtrack,homestuck-thehandmaid-damaramegido-piano-homestuckcover,cc-zero,0.0,0,3,132,2,1,4,66,737,11.166666666666666,False,3.1023775146991195,0.8884353741496599,0.949032738095238
QmZTnBhDTj59JFecbGGds7eX3198PizP17URLaf9Ewk3Nn,The Lost Chord - Arthur Sullivan,NA,The Lost Chord,Arthur Sullivan,Sir Arthur Sulllivan (Arranged),classical-experimental,NA,publicdomain,0.0,0,0,30,0,1,0,88,442,5.0227272727272725,True,2.8869084212615896,0.9389312977099236,0.953900709219858
QmSFpobU3bcYXpi23tt15qpMkq5mdhAF7iMuZXdEypoweF,The Lost One's Weeping Piano,NA,NA,NA,NA,NA,thelostonesweeping,cc-zero,0.0,0,4,689,3,1,0,129,3384,26.232558139534884,False,2.9801363211165803,0.9398563734290843,0.8120659722222222
QmSGB62nF5J3d6Vk2qMPmZpAvFEk9SHyv9fb9eMo3j3RFu,The Lougheil March,NA,The Lougheil March,Misc tunes,NA,NA,NA,publicdomain,0.0,0,0,0,1,1,0,8,36,4.5,False,2.441068585955437,0.9444444444444444,0.9
QmU3e2wiPRf838gfwF51qSvH9cEDj51deJs1DFPGwBmQgG,The Louth Lesson,NA,The Louth Lesson,Misc tunes,NA,NA,NA,publicdomain,0.0,0,0,2,1,1,0,31,232,7.483870967741935,False,2.630119802794903,1.0,0.9739583333333334
QmZQK8KFQ6tAVTnuhkZEL32t7nqFrAcNa2pq2UdqgaWB2p,The love of Christ constraineth us - J. H. Fillmore,NA,The love of Christ constraineth us,J. H. Fillmore,NA,classical,NA,publicdomain,0.0,0,0,3,1,1,0,17,215,12.647058823529411,False,2.5881252578373664,0.9953488372093025,0.9010416666666666
QmfFCry3arwUeZcKFgRSRFU4ddurVCmFCtbET4ehFXe9MZ,The love of Christ is full and free - Thoro Harris,NA,The love of Christ is full and free,Thoro Harris,NA,classical,NA,publicdomain,0.0,0,0,2,1,1,0,20,226,11.3,False,2.726265164268374,0.9601769911504424,0.9340277777777778
QmXVJ1rpZVAKKvTZY1KTxvkqnrYgpDmNbCMcMtxRVk2U2a,The love of Christ so wonderful and holy - Adam Geibel,NA,The love of Christ so wonderful and holy,Adam Geibel,NA,classical,NA,publicdomain,0.0,0,0,2,2,1,0,18,342,19.0,False,2.778451744055988,0.9736842105263158,0.9348958333333334
QmZ71DDRWCAnpDaHnLGsCbcihMBERJ6aVFwZaczPcytmuE,The love of Jesus is better than gold - G. F. Root,NA,The love of Jesus is better than gold,G. F. Root,NA,classical,NA,publicdomain,0.0,0,0,2,1,1,0,16,231,14.4375,False,2.610993072054504,0.9913419913419912,0.9261363636363636
QmYg4UnV2bD5p3iNa569Cb5S9EdB5muKgVnrNb1iYHjGEr,The love of the Christ is so precious - A. H. Ackley,NA,The love of the Christ is so precious,A. H. Ackley,NA,classical,NA,publicdomain,0.0,0,0,2,1,1,0,18,322,17.88888888888889,False,2.8409824219633024,0.95,0.9189814814814816
QmUBXKhxYJMnYPc11Pbw6C7P8LgkQHbmvTaigsH46XvYsP,The Love that Gave Jesus to Die - D. W. Whittle,NA,The Love that Gave Jesus to Die,D. W. Whittle,NA,classical,NA,publicdomain,0.0,0,0,2,2,1,0,18,314,17.444444444444443,False,2.659661767524,0.9968152866242038,0.8767361111111112
QmRht6LnoeyzL647XZNJg73XcyojcRYFc1hC8mWzUv7zXS,THE LOVER'S DISCOURSE,NA,THE LOVER'S DISCOURSE,Misc tunes,NA,NA,NA,publicdomain,0.0,0,0,5,1,1,0,11,58,5.2727272727272725,False,2.6626209060783688,0.9482758620689656,0.9479166666666666
QmPcygwjGYQFAbWsAxLvZNJAd4WRRsG8sre1AXJvXWdvyY,The Lover's Luck,NA,The Lover's Luck,Misc tunes,Thomas Bray's Country Dances 1699 p.40attributed to Thomas Tollett,NA,NA,publicdomain,0.0,0,0,2,0,3,0-0-0,32,428,13.375,False,2.899731476210301,0.919431279620853,0.9513888888888888
QmVv4qzJ9s7ijpnr7vGredjGGbavsHWRa4waTBkyJPxQbE,THE LOVER'S WALTZ,NA,THE LOVER'S WALTZ,Misc tunes,NA,NA,NA,publicdomain,0.0,0,0,131,0,2,0-0,106,674,6.358490566037736,False,2.8479410377195187,0.9790419161676648,0.9155092592592592
QmUzmoZmvFNtYtAPsoHC89EAQ1ZbQDKqvKjoFhzfWo9iod,The Lovers Leap. ThoH.118,NA,The Lovers Leap. ThoH.118,Misc tunes,NA,NA,NA,publicdomain,0.0,0,0,4,1,1,0,32,301,9.40625,False,2.631604235666676,1.0,0.9696180555555556
QmPEDqdLuY7e5MsGnjN2oPp9NRKP6nCMbXKBmvjsUKz3jW,The Low Low Lands of Holland,Edwin of the Lowlands Low,The Low Low Lands of Holland,Misc tunes,NA,NA,NA,publicdomain,0.0,0,0,6,1,1,0,17,64,3.764705882352941,True,2.4015606645710497,1.0,0.975
QmQWVzS2xBnbwsKXhnT1r6eWtHnagQzZzz7Pm7brErPN4b,The Lowbacked Car (air) 0387,NA,The Lowbacked Car,Misc tunes,UnattributedPlayfully,NA,NA,publicdomain,0.0,0,0,2,1,1,0,25,91,3.64,False,2.6327788693736887,1.0,0.9007352941176472
QmRL7vAnfcjM9CWP7eHeWNRbeKwgWhRRoRomywLWs6JEyM,The luck penny,NA,The Luck Penny,Misc tunes,anon.,NA,NA,publicdomain,0.0,0,0,1,1,1,0,86,426,4.953488372093023,False,2.650738959157968,1.0,0.95906432748538
QmUri21JGQyovVJpToWtTzSYrbCGzJ3Pw46TxUq74AWkJS,The Lucky Lover (air) 0034,NA,The Lucky Lover,Misc tunes,after Chief F. O'Neillcheerfully,NA,NA,publicdomain,0.0,0,0,2,1,1,0,19,121,6.368421052631579,False,2.729363727229771,0.9586776859504132,0.9713541666666666
Qmbm657wqnZocdcTQ51maQdU5nkEttkRmEe2xAomrCjfnp,The Ludlows - James Horner,(A disfrustrar),the ludlows,James Horner,James Horner,classical-soundtrack,NA,cc-zero,4.41,9,23,1113,1,1,0,23,130,5.652173913043479,False,2.702756302724356,0.9923076923076924,0.9479166666666666
Qmcaa9ebbHeU8u7JNQbksSYTJUGVj4fbkpXxvtyg3oHp5k,The MacAulays of Benbecula,NA,The MacAulays of Benbecula,Misc tunes,NA,NA,NA,publicdomain,0.0,0,0,1,1,1,0,34,218,6.411764705882353,False,2.574234318932411,1.0,0.894489247311828
QmcsCfAQduxrVStxYyDVQu6xVx4fRoPQWNqxvvPyUapui4,The Magicians - Quentin's Theme,The Magicians,Quentin's Theme,Will Bates,Will Bates,NA,themagicians-magicians-quentin-quentinstheme-willbates,cc-zero,4.75,9,13,1156,1,1,0,59,841,14.254237288135592,False,2.570750636441278,0.9928656361474436,0.9915254237288136
QmUzNMq7LGDfttJp7eygSdy8iYPWaXY4kpkJCrSpgH3qum,The Maid,From The House in Fata Morgana,NA,NA,Mellok'ntranscribed by amalttea,NA,themaid-fatamorgana-novectacle,cc-zero,4.85,4,9,181,1,1,0,32,96,3.0,False,2.712197228891715,1.0,0.9383680555555556
QmcKY1rQBSxBwB5Vrro2FhJeeHKBeRYZ8oM666ZhwNsYJg,The Maid At The Churn (reel) 1462,NA,The maid at the churn,Misc tunes,after Mr. McNamara,NA,NA,publicdomain,0.0,0,0,3,1,1,0,18,149,8.277777777777779,False,2.6737547527815657,1.0,0.9309895833333334
QmR4kBWrJSvGFEPGPY6bXfaWEPQFBoJ5UkmmbxcsTxBaar,the Maid at the Spinning Wheel,the Hag at the Spinning Wheel,the Maid at the Spinning Wheel,Misc tunes,NA,NA,NA,publicdomain,0.0,0,0,6,1,1,0,72,324,4.5,False,2.7086253337347186,1.0,0.952127659574468
QmV6KiUHQpLeGtyPeKMyCVgHig58jEbVqnkhXuPkgWsLV3,the Maid at the Well,the Silver Tip,The Maid At The Well,Misc tunes,NA,NA,NA,publicdomain,0.0,0,0,2,1,1,0,36,200,5.555555555555555,False,2.7026983088698504,1.0,0.970352564102564
QmWtaUMWbtMbTkBVZ3YARStegAW4ZZy6ZyeMqTPPU4vFXF,The Maid Behind the Bar,Green Mountain The,The Maid Behind The Bar,Misc tunes,NA,NA,NA,publicdomain,0.0,0,0,7,1,1,0,45,298,6.622222222222222,False,2.595778214231026,1.0,0.9723958333333332
QmcrVajRBXKX9UdmhRmLxMwZ5sxYqmurLXsZmCGkR3uWe6,The Maid In The Moon,to the tune of All In A Garden Green,The Maid In The Moon,Misc tunes,NA,NA,NA,publicdomain,0.0,0,0,4,1,1,0,36,144,4.0,False,2.607469722620322,1.0,0.9535714285714284
QmX1dzpQUUw8Ru8hqHCChyyPvivVFqF4TggeJY24BEkGM8,The Maid in the Morning JBut.140,A Favaright Irish Gigg JBut.140,The Maid in the Morning JBut.140,Misc tunes,NA,NA,NA,publicdomain,0.0,0,0,4,1,1,0,64,324,5.0625,False,2.7242060656314404,1.0,0.8984375
QmQJE9hRW9k3YYNeEukqn8szEkFmZ8guQS1vUtGxnQLgSV,The Maid of Athlone,an aindear ua a.t-luain.,The maid of Athlone,Misc tunes,NA,NA,NA,publicdomain,0.0,0,0,2,1,1,0,28,208,7.428571428571429,False,2.5281236893200165,1.0,0.9367559523809524
QmPYjei4USwsSVKcZwkj1tj2v4rE5fxBUoyA9iz127K7Ft,The Maid of Athlone (reel) 1480,NA,The maid of Athlone,Misc tunes,after Mr. McFaden,NA,NA,publicdomain,0.0,0,0,3,1,1,0,18,127,7.055555555555555,False,2.603879943905938,0.9921259842519684,0.9387254901960784
QmVfvBUzJ8PBESu6t5V8rMrYCG729mLg8FPdfXuWMJGykg,THE MAID OF BANBRIDGE,An cailin ua Droichiod-na-bhanna,THE MAID OF BANBRIDGE,Misc tunes,NA,NA,NA,publicdomain,0.0,0,0,1,1,1,0,19,55,2.894736842105264,False,2.548114427184192,1.0,0.9340277777777778
QmeLauDgyyWiXZw168CpEscbsFnGqJjurLNvkP7cqKUyN8,The Maid Of Lismore (air) 0531,NA,The Maid Of Lismore (air) 0531,Misc tunes,after Mr. Fieldingtenderly,NA,NA,publicdomain,0.0,0,0,7,1,1,0,12,64,5.333333333333333,False,2.725207019541156,1.0,0.8958333333333334
QmSHuBkGPY6Nbv4XwZJmo5Rpm8GbX4yoB9gW3goBogcF88,The Maid Of Lodi. JaW.288,NA,The Maid Of Lodi. JaW.288,Misc tunes,January 19th 1836,NA,NA,publicdomain,0.0,0,0,1,1,1,0,22,95,4.318181818181818,False,2.670202782411497,1.0,0.8805555555555555
QmbQgo5BZdw343bDL63ghwjXpAGeGt8kCnNaWRGoxjycmX,The Maid of Lodie. JGi.153,NA,The Maid of Lodie. JGi.153,Misc tunes,NA,NA,NA,publicdomain,0.0,0,0,2,1,1,0,17,65,3.823529411764706,False,2.491323524670852,1.0,0.8920454545454546
QmcsivbiasZUM9Ej2QrR7UTYDTmBWu73t5x8GJiFwqja2Y,the Maid of Selma,NA,Maid of Selma,Misc tunes,NA,NA,NA,publicdomain,0.0,0,0,2,1,1,0,25,94,3.76,False,2.532292105322414,1.0,0.9016203703703703
Qma26iVLsUzCWDeDhUEu9ZpVX1yDw6d9KYA2oxBFhrP2wZ,The Maid of Selma,NA,Maid of Selma,Misc tunes,NA,NA,NA,publicdomain,0.0,0,0,4,1,1,0,68,206,3.0294117647058822,False,2.5639544679502104,1.0,0.9381313131313131
Qma17fwqWqDvUMKb8D7V6R76tf4b4N3XPU6Y8PshAGaK9a,The Maid Of Selma (air) 0250,NA,Maid of Selma,Misc tunes,Unattributedgaily,NA,NA,publicdomain,0.0,0,0,1,1,1,0,24,94,3.9166666666666665,False,2.532292105322414,1.0,0.903186274509804
QmWux3dzbUNGWKsH7w47kVvjfSLYDaN4kfjnwVZd9ovBXk,the Maid of Sutherland,Nighean donn a buain nan dearcag,The Maid of Sutherland,Misc tunes,NA,NA,NA,publicdomain,0.0,0,0,2,0,2,0-0,16,209,13.0625,False,2.7070495993143795,0.9760765550239234,0.8971354166666666
QmcwwJceA1wn7fEzdNzVxpzcLq6SUi82cKz4o3sgaov2Wc,The Maid Of Templemore (air) 0394,NA,The Maid Of Templemore,Misc tunes,after Chief F. O'Neillmoderate,NA,NA,publicdomain,0.0,0,0,1,1,1,0,23,106,4.608695652173913,False,2.7163027239164506,0.981132075471698,0.9427083333333334
QmR1wCo5X1bSY11Scbkkf8bA2zryxiVcEwcgeX6xnD77hu,The Maid Of The Golden Tresses (air) 0505,NA,The Maid of the Golden Tresses,Misc tunes,after Chief F. O'Neilltenderly,NA,NA,publicdomain,0.0,0,0,2,1,1,0,18,94,5.222222222222222,False,2.718901216995785,1.0,0.9097222222222222
QmcDxXdmmXfHD32ML8pp7jopVkVdvJj9f43C8irb35SP9J,The Maid of the Mill,NA,Maid Of The Mill,Misc tunes,NA,NA,NA,publicdomain,0.0,0,0,2,1,1,0,34,168,4.941176470588236,False,2.5759797721152213,1.0,0.9266304347826086
QmYy59H3HjBDUteYbsNgMuGNcDS3FXeLZgzAqTs2r8Kume,The Maid of the Mill (Brackley),NA,Maid Of The Mill,Misc tunes,NA,NA,NA,publicdomain,0.0,0,0,1,1,1,0,9,31,3.4444444444444446,False,2.6461680838825306,1.0,0.8958333333333334
QmT6hHBciDxbfS4Qk3hfC1RA3Rpng6kGib9tNb9QBH5VhY,The Maid of the Mill (D),NA,Maid Of The Mill,Misc tunes,NA,NA,NA,publicdomain,0.0,0,0,2,1,1,0,30,120,4.0,False,2.6321196498845523,1.0,0.8870614035087719
QmPUi4NNrwJqDw9p3FBSod9q9roenNRuYbg4NzP7rgMa4c,The Maid of the Mill. CJS.,NA,Maid Of The Mill,Misc tunes,NA,NA,NA,publicdomain,0.0,0,0,9,1,1,0,17,76,4.470588235294118,False,2.6128020659740363,1.0,0.928030303030303
QmZTaagJ4wiKWuWke3CqReArhJh4hXCLwdWKvAu3s3YXTe,The Maid On The Green' (jig) 0853,NA,The Maid On The Green,Misc tunes,after Chief F. O'Neill,NA,NA,publicdomain,0.0,0,0,5,1,1,0,38,190,5.0,False,2.564306962448049,1.0,0.9652777777777778
QmdFcroBi3mJxxPTJgzmEd5tUkT2WmMWx3dxBnkBNA3H8j,The Maid Peeped Out at the Window,Friar in the Well The,The Maid Peeped Out at the Window,Misc tunes,NA,NA,NA,publicdomain,0.0,0,0,4,1,1,0,27,102,3.7777777777777777,False,2.653063833748321,1.0,0.8645833333333334
QmWPcPiWAj8R9DNJpLQJdAgMvLe3S3DB4Koy4PygKCWGTi,The Maid Peept Out at (of) the Window,The Frier in the Well,The Maid Peept Out at (of) the Window,Misc tunes,NA,NA,NA,publicdomain,0.0,0,0,2,1,1,0,33,119,3.606060606060606,False,2.651248327625804,1.0,0.8621031746031746
QmU4Hg1y6qTrAJXYc8SceDPvxJTBj96C86Eoy4cwvHdYMf,The Maid peept out at the window,The Frier in the Well,the MAID PEEPT OUT AT THE WINDOW,Misc tunes,NA,NA,NA,publicdomain,0.0,0,0,6,1,1,0,14,51,3.642857142857143,False,2.653063833748321,1.0,0.8634259259259259
QmQ2da2yAs6spjexDPnKRpX2iLRyghTwKC2pFCw6Gw2J1s,the MAID PEEPT OUT AT THE WINDOW,or the FRIAR IN THE WELL,the MAID PEEPT OUT AT THE WINDOW,Misc tunes,NA,NA,NA,publicdomain,0.0,0,0,1,1,1,0,28,102,3.642857142857143,False,2.653063833748321,1.0,0.8622685185185185
QmNzgc2PtLt3uh5q4Y52Xr7rL533dbEDid5UvjeLuz3WH5,The Maid That Dare Not Tell (reel) 1405,NA,The Maid That Dare Not Tell,Misc tunes,after Sg't J. ONeill,NA,NA,publicdomain,0.0,0,0,7,1,1,0,21,130,6.190476190476191,False,2.5637122416231497,1.0,0.9754901960784312
QmPAGTXsguXGeKWJW9q27tE3qaw2VncWZSgF5gCie7q7Fj,The Maid Without Dower (air) 0611,NA,The Maid Without Dower (air) 0611,Misc tunes,Unattributedslow,NA,NA,publicdomain,0.0,0,0,5,1,1,0,15,70,4.666666666666667,False,2.6765262367779163,1.0,0.9348958333333334
QmaDUVfWVc6656ZnRH9xWpvf1gLHQrNLXiHkvgx8zw9eDf,The Maid's Invitation. Roose.0043,Garson's Quadrilleaka. Roose.0043Bob in Bed with Bessaka. Roose.0043Jackson's Shaving Brushaka. Roose.0043Planxty Mrs. O'Connoraka. Roose.0043,The Maid's Invitation. Roose.0043,Misc tunes,NA,NA,NA,publicdomain,0.0,0,0,2,1,1,0,32,156,4.875,False,2.766841075038543,1.0,0.9227430555555556
QmWgoTC9NjzbcWUV4xJ7joGKsiSrjFihYNc59z7uCmtCEM,The Maids Of Araglen (air) 0104,NA,The Maids Of Araglen (air) 0104,Misc tunes,after Sg't J. O'Neillmoderate,NA,NA,publicdomain,0.0,0,0,1,1,1,0,18,109,6.055555555555555,False,2.618136604020896,1.0,0.9611111111111112
QmPdVpv4Pu9PnpMfDqHEPeBQYXrDk5oPfTHBCw1jDC8NG8,The Maids Of Selma,NA,Maid of Selma,Misc tunes,NA,NA,NA,publicdomain,0.0,0,0,7,1,1,0,32,185,5.78125,False,2.648737871499597,1.0,0.9505208333333334
QmW1v96PBEBRMM6wmWzguDSshGk1vgnnc3szYV9tpbm453,The Maids of Tullyknockbrine,Rat in the Thatch The,The Maids of Tullyknockbrine,Misc tunes,NA,NA,NA,publicdomain,0.0,0,0,2,1,1,0,16,120,7.5,False,2.7592359538447333,0.9916666666666668,0.9700520833333334
Qma2vqPyPeKfXFY85d76FiyxzJzpwvKxLFwdc3JFfFp8me,The Mail Coach JBut.495,NA,The Mail Coach JBut.495,Misc tunes,Subtitle A Cuntry Dans,NA,NA,publicdomain,0.0,0,0,7,1,1,0,36,168,4.666666666666667,False,2.51799959788043,1.0,0.9438405797101448
QmTS2BNiyb69yx1RWtNo6DkCXa6gX6sy9zkKxP3yvtniXV,The Majors Delight. PDF2.205,NA,The Majors Delight. PDF2.205,Misc tunes,NA,NA,NA,publicdomain,0.0,0,0,2,1,1,0,36,138,3.8333333333333335,False,2.909502640784169,0.9565217391304348,0.9446614583333334
QmaJNg62VKgpTVHeQEGk6wQqeru7T2og6yHWrYfWAh6gF8,The Malta March. RH.083,NA,Malta MarchThe. RH.083,Misc tunes,NA,NA,NA,publicdomain,0.0,0,0,5,1,1,0,58,406,7.0,False,2.706447290758356,0.9950738916256158,0.9598765432098766
QmPoYy3AVbbdRSFNgF7Gj6zSu2cFzqnjJECS2eWoGpAeC3,the Maltman comes a Monday,NA,the Maltman comes a Monday,Misc tunes,NA,NA,NA,publicdomain,0.0,0,0,0,0,2,0-0,24,260,10.833333333333334,False,2.4911741229866804,1.0,0.9429012345679012
QmenagTfsqwsmS8QhzN9dLbH2FeNDn5rpVjwNmQhUQTZRv,The Maltman Comes On Monday. TWC.005,Sir Roger De Coverleyaka. TWC.005,The Maltman Comes On Monday. TWC.005,Misc tunes,'Very Old Scotch',NA,NA,publicdomain,0.0,0,0,1,1,1,0,20,110,5.5,False,2.4136238178534284,1.0,0.912037037037037
QmXRVcVT1P6BRgLDJXo2HR9oBuRggJzrXyzuAgGNX3Ewig,The Man has got his mare again,NA,The Man has got his mare again,Misc tunes,NA,NA,NA,publicdomain,0.0,0,0,2,1,1,0,101,573,5.673267326732673,False,2.581048304835708,1.0,0.9401647286821704
QmWhC1j7SJUCoUN93y37QMg6XFEiFRtffCMVWSyueZA5RU,The man in the moon,NA,The Man In The Moon,Misc tunes,anon.,NA,NA,publicdomain,0.0,0,0,2,1,1,0,37,201,5.4324324324324325,False,2.6423978131538592,1.0,0.9505208333333334
QmTrNXtfp9nEhN49o4Q2mEEZEEpfD8vCknqy7mDcKwUuqB,The man is blest that hath not lent - Thomas Clark,NA,The man is blest that hath not lent,Thomas Clark,Thomas Clark,classical,NA,publicdomain,0.0,0,0,4,0,5,0-0-0-0-0,38,344,9.052631578947368,True,2.740450450390869,0.9833887043189368,0.9574652777777778
QmS4BAofSoLzU6xqfo3kDxQZg8w7Rz6HiisNSjVK6DGpQu,The man is blest that hath not lent - Uriah Davenport,PSALM I.,The man is blest that hath not lent,Uriah Davenport,Uriah Davenport(of Rushton Spencer),classical,NA,publicdomain,0.0,0,0,7,0,4,0-0-0-0,15,110,7.333333333333333,True,2.825818806683494,0.963302752293578,0.9621212121212122
QmYkH5Px99gEyrgSQKstDHCijRQPso5re7cYNxL9Ba5orT,The man of the house,NA,The Man Of The House,Misc tunes,anon.,NA,NA,publicdomain,0.0,0,0,1,1,1,0,14,96,6.857142857142857,False,2.635175707807754,1.0,0.9895833333333334
QmTLEfq2ae35ygSWL1n6zpynfKekbh4QGjsN2BS2Ps79yS,The Man Of The House (reel) 1398,NA,The Man Of The House,Misc tunes,after Mr. O'Reilly,NA,NA,publicdomain,0.0,0,0,11,1,1,0,21,130,6.190476190476191,False,2.6633940366791022,1.0,0.9865196078431372
QmWYX47cWa13hUSBtQnX2LuGwh46hikqLnsMKKzXDm9Bgm,The Man That Cuts The Hay With The Scythe,NA,The Man That Cuts The Hay With The Scythe,Misc tunes,NA,NA,NA,publicdomain,0.0,0,0,7,1,1,0,40,270,6.75,False,2.560771665717927,1.0,0.9572916666666668
QmWvyRyfHG8M7NtywsXNMZmsuD6yW12Qf1Q4XKdyro9s3T,The Man Who Died and Rose Again,NA,The Man Who Died And Rose Again,Misc tunes,NA,NA,NA,publicdomain,0.0,0,0,5,1,1,0,5,17,3.4,False,2.5868878409958134,1.0,0.9375
QmTGJSp8QTVS3x71SrqzyEJQWxDXSo6RoJGuJ5R63QRLGa,The man who died and rose again,NA,The Man Who Died And Rose Again,Misc tunes,anon.,NA,NA,publicdomain,0.0,0,0,7,1,1,0,26,137,5.269230769230769,False,2.7036374909320853,1.0,0.956140350877193
QmQ9SRFjG477TecnJaPhvmZ9QbVFNLhktkjwMfD5jfo8D9,The Man Who Died And Rose Again (doublejig) 1096,NA,The Man Who Died And Rose Again (doublejig) 1096,Misc tunes,after Mr. Patrick Touhy,NA,NA,publicdomain,0.0,0,0,9,1,1,0,34,186,5.470588235294118,False,2.6988425052811973,1.0,0.97
QmUJzS81XPqS8CVtDMPcFcH3ziJrzEyxmh6rQ9gWnVR2nm,The Man Who Shot The Windmill,NA,The Man Who Shot The Windmill,Misc tunes,NA,NA,NA,publicdomain,0.0,0,0,6,1,1,0,32,250,7.8125,False,2.42259151085256,1.0,0.9622395833333334
QmS1WEcyWitNv3r9ZhK5hrxgm3yjacBQnmw9rnr3bZcvg1,The Man With The Red Cloak (air) 0244,NA,The Man With The Red Cloak (air) 0244,Misc tunes,after Sg't. J. O'Neillwith spirit,NA,NA,publicdomain,0.0,0,0,5,1,1,0,33,129,3.909090909090909,False,2.745235298920161,0.9689922480620154,0.9103260869565216
QmPhftnbRoiynyTaJmJSJqYzTCTE5egLoTiM4C9XZVSF2j,the Managers Contention,NA,the Managers Contention,Misc tunes,NA,NA,NA,publicdomain,0.0,0,0,1,1,1,0,20,140,7.0,False,2.5369993419006702,1.0,0.9166666666666666
QmXyuWu5vD5EStkQvHAMkhN1GiSt2ud4dBnYQetFkRCC2R,The Mandalorian,NA,The Mandalorian,Ludwig Göransson,NA,soundtrack,disney,cc-zero,4.88,6,213,4731,2,1,0,66,1568,23.75757575757576,False,2.903712202092579,0.934657270980141,0.9308712121212122
QmdRXyyTLZ1H6PRWRpVRV5t1prJHxTjv1Fsmf3eAgX1x7Y,The Mandalorian (Advanced Piano Solo),The Mandalorian OSTSeason 1,The Mandalorian,Ludwig Göransson,Composed by Ludwig GöranssonPiano arrangement by Nicolas Del GalloFull playthrough and more athttps://www.youtube.com/c/NDGmusicIf you want to donate please check out my patreon âºhttps://www.patreon.com/ndg,soundtrack,starwars-yoda-mandalorian-series-mando-themesong-disney,cc-zero,4.96,25,46,1552,3,1,0,66,2055,31.13636363636364,False,2.920749377469747,0.9211943220753792,0.9310897435897436
QmQrKHL4aPvJg8s28BVvUXoy3EJkUDciWksx4oK4wUDKzZ,The Mandalorian - Ludwig Göransson,NA,The Mandalorian,Ludwig Göransson,NA,soundtrack,NA,cc-zero,0.0,0,0,17,2,1,0,35,469,13.4,False,2.548935309372482,0.9786780383795308,0.84
QmfTwTwcM84w8tqqXX5AoTFA5R37At1a4ogHB8cHCaNcux,The Mantle So Green (air) 0357,NA,The Mantle So Green (air) 0357,Misc tunes,after Mrs. Fitzgeraldtenderly,NA,NA,publicdomain,0.0,0,0,2,1,1,0,17,53,3.117647058823529,False,2.451002402718069,1.0,0.9565972222222222
QmTQSnvp2W7koTBtcpwowqCF54vxMyeDJnLhKYbMHT7rJk,The Maple Tree (reel) 1381,NA,The Maple Tree,Misc tunes,after Sg't J. O'Neill,NA,NA,publicdomain,0.0,0,0,2,1,1,0,19,127,6.684210526315789,False,2.6635688149790298,0.9921259842519684,0.984375
QmWayHGDnGkwa9EmmtvxECcTgidYGGYy1awNGuZ3kMAkJa,The March in Scipio,NA,The March in Scipio,Misc tunes,No 156 William Clarke of Feltwell,NA,NA,publicdomain,0.0,0,0,41,1,1,0,50,184,3.68,False,2.831623079743223,0.9891304347826086,0.921875
QmRFbWzzRjnkmUSuZKj6VjpNXTa86dCSSHfkB8JoLFRD9B,The March of the 19th,NA,NA,NA,Spearhead Studios,NA,military,publicdomain,0.0,0,0,131,0,7,0-0-0-0-0-0-0,51,103,2.019607843137255,False,2.031569488843304,0.9902912621359224,0.7958333333333334
QmPD6ZHEXzFhvfNLXVdhkVbAPfp4UcuMwxwsVePyirtKd5,The March Of The Gaelic Order,NA,The March Of The Gaelic Order,Misc tunes,NA,NA,NA,publicdomain,0.0,0,0,3,1,1,0,60,408,6.8,False,2.7419302008885515,0.9877450980392156,0.9360795454545454
QmTuaaGcRxEJ24eW2th6hRSpEeSTm2UFX4CdQqMGgZUCK9,The March Of The Men Of Harlech,NA,men of harlech,Misc Traditional,NA,folk,NA,publicdomain,0.0,0,0,8,1,1,0,32,124,3.875,False,2.7833321394650112,1.0,0.9448924731182796
QmVJ6zRfVPiwA1YJ7nn3mxdEXx28cr2KKNDdKbVVPKxtQx,The March Of The Men Of Harlech,NA,men of harlech,Misc Traditional,NA,folk,NA,publicdomain,0.0,0,0,5,1,1,0,48,174,3.625,False,2.753138373526629,1.0,0.9513888888888888
QmR7GK89SVhNnvHXB4wYnqoPtTZjUVY5qZohySosEeWV6D,The March Of Warriors,NA,NA,NA,V. J. McGovern,NA,march-warriors-cool-piano-minor,publicdomain,0.0,0,1,177,1,1,1,41,401,9.78048780487805,False,2.459099261708676,0.945137157107232,0.948170731707317
QmUkeoNkruLqLLnMHfoVCRDp8vftGKs6peCjhJ3sjpEWA2,The Marchioness of Tullybardin,NA,The Marchioness Of Tullibardine,Misc tunes,NA,NA,NA,publicdomain,0.0,0,0,4,1,1,0,72,453,6.291666666666667,False,2.6603137267547843,1.0,0.9127604166666666
QmZyrvrMhxC6Xty6hKQSQHfVccpG4WLKedF8VSAVLfgFR5,the Marine Joke,NA,the Marine Joke,Misc tunes,NA,NA,NA,publicdomain,0.0,0,0,3,0,2,0-0,24,168,7.0,False,2.702316522207992,1.0,0.9270833333333334
QmdHBd83HcNzjWabNXZdpuLAVCTRN5pH1a6ZjhejLTgRYu,The Marine's March as a Duett.2voices. RH.410,NA,The Marine's March as a Duett.2voices. RH.410,Misc tunes,NA,NA,NA,publicdomain,0.0,0,0,5,0,2,0-0,21,245,11.666666666666666,False,2.738759083275921,0.9918367346938776,0.9662698412698412
QmQuDxuufjPykA1VCjos654Eq1WPbxgXTRzhmuvh7a3qpZ,The Mariners,NA,The Mariners,Misc tunes,NA,NA,NA,publicdomain,0.0,0,0,1,1,1,0,37,150,4.054054054054054,False,2.5839327613442684,0.9933333333333332,0.9508101851851852
QmUTu7ErRAdQSo3zok4HmKQxCnYQf29RncNgGMsYuSHLbr,the Mariners Compass is Grog.,NA,the Mariners Compass is Grog.,Misc tunes,NA,NA,NA,publicdomain,0.0,0,0,5,1,1,0,32,170,5.3125,False,2.850921200794408,0.9647058823529412,0.9618055555555556
QmdpuLcRD3Gekk78JoaAhAuDe77CR2t5MZgPAtRMPsULy8,The Mariners Departure,NA,the Mariners Departure,Misc tunes,NA,NA,NA,publicdomain,0.0,0,0,1,1,1,0,20,115,5.75,False,2.816063987515576,0.9652173913043478,0.9447916666666668
QmeciWLqTDEjSMwckzk4FXoGrWfwK1LTfMTsNW2qn8oTfM,The market girl,NA,The Market Girl,Misc tunes,anon.,NA,NA,publicdomain,0.0,0,0,1,1,1,0,34,192,5.647058823529412,False,2.610256242080888,1.0,0.9730902777777778
QmWYU1vnnLqanT6P6cwgqoQqaWJMmEH9GwtTsJSZftoEhF,The Market Place of Inverness,NA,The Market Place of Inverness,Misc tunes,NA,NA,NA,publicdomain,0.0,0,0,2,1,1,0,16,120,7.5,False,2.443217866202735,1.0,0.9375
QmeFtNjTWV6AntMKpYDhf7WSxGPKwV2rUQD5d2fBbScHNL,The market town,NA,The Market Town,Misc tunes,anon.,NA,NA,publicdomain,0.0,0,0,2,1,1,0,36,178,4.944444444444445,False,2.643936072795853,1.0,0.8993055555555556
QmePfXbgHTaAPfVnQSmukieavFLvGuW9faoYoP74BdiWra,The Marlborough. (p)1709.PLFD1.526,NA,The Marlborough,Misc tunes,NA,NA,NA,publicdomain,0.0,0,0,2,1,1,0,68,256,3.764705882352941,False,2.6109285138392666,1.0,0.945216049382716
QmRr5fEBnUrBaR3HEn5m88xLwSo2a2ZqcHeVAsR2LFBhoi,The Marquis of Huntly,NA,The Marquis Of Huntly,Misc tunes,NA,NA,NA,publicdomain,0.0,0,0,3,1,1,0,62,594,9.580645161290322,False,2.584276960315033,0.9848484848484848,0.860655737704918
QmcUdr9VbDiVa6d5aM6i2LpsrYPeRjE3gXvwMzTufRpQfe,The Marquis of Huntly's Favourite. 2voices. Dix.31,NA,The Marquis of Huntly's Favourite. 2voices. Dix.31,Misc tunes,NA,NA,NA,publicdomain,0.0,0,0,1,0,2,0-0,34,438,12.882352941176473,False,2.620403395106272,1.0,0.8841145833333334
QmWkHHa5AhVX66EA9Mih2AQX1WhwgXnydh486pR8v2JXiK,The Marquis of Tullibardine,Maids of Tulla The,the Marquis of Tullibardine,Misc tunes,NA,NA,NA,publicdomain,0.0,0,0,5,1,1,0,16,131,8.1875,False,2.558714686655576,0.9923664122137404,0.9752604166666666
QmeoWMGxYDJLGDxanuBc2mkDjWCrpJTsHa6rhnDhC2F6wm,the MARSEILLAISE,NA,the MARSEILLAISE,Misc tunes,NA,NA,NA,publicdomain,0.0,0,0,21,1,1,0,37,149,4.027027027027027,False,2.7369728482447364,0.9395973154362416,0.931372549019608
Qman7pTcKVnVk2KHxipPFucHrrXSc7FrQT8tmbqkPd468Q,THE MARSEILLAISE HYMN,NA,The Marseillaise Hymn,Misc tunes,NA,NA,NA,publicdomain,0.0,0,1,9,1,1,0,34,185,5.441176470588236,False,2.700714800292798,0.945945945945946,0.9311868686868688
Qmam568ynS8zmvZqZPmUzXmTdhDVLvGKbxKxmHbkuEBbKb,The Martial Trumpet - Rev. J. G. Landrum,NA,The Martial Trumpet,Rev. J. G. Landrum,NA,classical,NA,publicdomain,0.0,0,0,4,0,3,0-0-0,25,208,8.32,False,2.363570931508033,1.0,0.9496527777777778
QmZvCiyi6x8rGcHgatpeZdHU9VwsSrJjQkqJA7H58YRPw7,The Martin Quadrille,NA,The Martin Quadrille,Misc tunes,NA,NA,NA,publicdomain,0.0,0,0,2,1,1,0,16,62,3.875,False,2.76640207624115,1.0,0.9486111111111112
QmPgPtx2FwHJLhXR31ksTdabg8qZCCZVvm6VaD933PcJKr,The Martyr's Lament (march) 1844,NA,The Martyr's Lament,Misc tunes,after Chief F. O'Neill,NA,NA,publicdomain,0.0,0,0,2,1,1,0,18,69,3.8333333333333335,False,2.6618770418395266,1.0,0.8836805555555556
QmQwohZvje9bZG83vgYTJUKz3jM8AXuygGwU8L6BQesash,The Mascot,NA,The Mascot,Misc tunes,NA,NA,NA,publicdomain,0.0,0,0,2,1,1,0,32,178,5.5625,False,2.398404806171593,1.0,0.9704861111111112
Qmf4hgJ8sjRGf8oHrxgJ2sts7voLu3McgJTVVZw9p2PNBt,The Masher Polka,NA,THE MASHER POLKA,Misc tunes,W.B. Laybourn 1885 (Newly out),NA,NA,publicdomain,0.0,0,0,2,1,1,0,72,419,5.819444444444445,False,2.9759558566724302,0.9522673031026252,0.7970238095238096
QmYjUSmCBmiW6kRw8ULPpVjZHujNw1o3J7DLDWMh7Zd2nn,The Mask. (p)1688.PLFD1.300,Hey To The Camp. (p)1688.PLFD1.300,The Mask. (p)1688.PLFD1.300,Misc tunes,NA,NA,NA,publicdomain,0.0,0,0,6,1,1,0,75,507,6.76,False,2.757755108413789,1.0,0.9427083333333334
QmYX8rAp56fNy4CA9A97cPJcXG2m7TMWpCPCuPxaGLChZX,The Mason's Apron,NA,The Mason's Apron,Misc tunes,NA,NA,NA,publicdomain,0.0,0,0,2,1,1,0,105,775,7.380952380952381,False,2.7317463019227137,1.0,0.9824029126213591
QmamH6BdSjG8DCQgFBEAhh5r826KxDySEw3LDPYhgBjk1c,The Mason's Apron,NA,The Mason's Apron,Misc tunes,NA,NA,NA,publicdomain,4.49,3,1,286,1,1,0,99,661,6.6767676767676765,False,2.539780795900193,1.0,0.9820075757575758
QmNus1Yu7HXgT4ByHvMphULQhiL1iCUXdzazNbF11DGLd2,The Mason's Apron,NA,The Mason's Apron,Misc tunes,NA,NA,NA,publicdomain,4.71,4,0,80,1,1,0,113,836,7.398230088495575,False,2.707821895284068,1.0,0.9760044642857144
QmVZk6jgR8TwHWPwsjPQ7bnfMGwkLqUNNGM1hMm9US5se9,The Mason's Apron 1,NA,The Mason's Apron,Misc tunes,Joe Buchanan's Scottish Tome - Page 179.3,NA,NA,publicdomain,0.0,0,0,10,1,1,0,45,288,6.4,False,2.6698415013063017,1.0,0.9697916666666668
Qmad8QC75eYpPxU3fGtH1tG54HZPd45Jq6S9oES3Svheie,The Mason's Apron 2,NA,The Mason's Apron,Misc tunes,Joe Buchanan's Scottish Tome - Page 202.1,NA,NA,publicdomain,0.0,0,0,2,1,1,0,126,867,6.880952380952381,False,2.656141298747384,1.0,0.9918154761904762
QmXdQMrpzQEDNmAqT16YhVi3yJzuxW5xBNtEjPNTKe7dsW,The Mason's Apron Trad. arr. P.M. Norman Gillies Ullapool,NA,The Mason's Apron,Misc tunes,NA,NA,NA,publicdomain,0.0,0,0,16,1,1,0,146,1948,13.342465753424657,False,2.639639277836263,1.0,0.9710648148148148
Qmbxpqg1XhMZzCb6W34cMsV1JADhuf7i9hXTTKpTxN4u14,The Mason's Apron. Roose.0465,NA,The Mason's Apron,Misc tunes,NA,NA,NA,publicdomain,0.0,0,0,3,1,1,0,36,240,6.666666666666667,False,2.581993417727929,1.0,0.9752604166666666
QmQdUgF2HivHhoqQsEXHRzki26iKWrmD2gyfGdbaYPcqJ8,The Masons Apron (Sean McGuire version),NA,The Mason's Apron,Misc tunes,NA,NA,NA,publicdomain,0.0,0,0,52,1,1,0,18,138,7.666666666666667,False,2.7012963681263065,1.0,0.94140625
Qmc3SWMPhWjbPAJHx2KKxdRujCeh14h1APXjVSoYL8UEbs,The Master comes! He calls for thee - Edward Husband,NA,The Master comes! He calls for thee,Edward Husband,NA,classical,NA,publicdomain,0.0,0,0,4,2,1,0,13,213,16.384615384615383,False,2.999575906068649,0.863849765258216,0.9774305555555556
QmRiEBsky7BAU2GPF4H81pmbtZwofyJP3vaChdfJi5qERn,The Master has gone to a distant country - Charles Hutchinson Gabriel,NA,The Master has gone to a distant country,Charles Hutchinson Gabriel,NA,classical,NA,publicdomain,0.0,0,0,3,1,1,0,26,369,14.192307692307692,False,2.5981370419058303,0.994579945799458,0.9027777777777778
QmVivcMQY6BhhCrPjqPahjzBa1275drwBmBXJtA1B18s5J,The Master has lent us a season - Pemberton Pierce,NA,The Master has lent us a season,Pemberton Pierce,NA,classical,NA,publicdomain,0.0,0,0,7,2,1,0,27,451,16.703703703703702,False,2.7644920191038,0.9645232815964524,0.9027777777777778
QmUkRdMejJifV12m2igoZfZfvyKrt189P7ZRBx7oAeD2cq,The Master is calling for someone today - Wm. J. Kirkpatrick,NA,The Master is calling for someone today,William J. Kirkpatrick,NA,classical,NA,publicdomain,0.0,0,0,3,1,1,0,20,330,16.5,False,2.5600154660959573,0.9787878787878788,0.8680555555555556
QmU4TDua6xFREBe4tLjxfBWLHnGXZqPpc9kveViN9rJ6Yo,The Master is calling for workers today - J. Wesley Hughes,NA,The Master is calling for workers today,J. Wesley Hughes,NA,classical,NA,publicdomain,0.0,0,0,2,2,1,0,28,416,14.857142857142858,False,2.880850683095844,0.96875,0.9375
QmQaBDEK9xR4eiNUQQh6UeCPA5MAEf3uHuDfggny7XPqNz,The Master is calling in some way to all - Adam Geibel,NA,The Master is calling in some way to all,Adam Geibel,NA,classical,NA,publicdomain,0.0,0,0,4,1,1,0,19,313,16.473684210526315,False,2.75128236099998,0.9648562300319488,0.9392361111111112
QmYChSjDra3P91DZzaQSPZGJzXZr6xhrX4q122BZfcdr3z,The Master is come O penitent one - J. M. Black,NA,The Master is come O penitent one,J. M. Black,NA,classical,NA,publicdomain,0.0,0,0,3,1,1,0,18,305,16.944444444444443,False,2.5512416422150594,0.9770491803278688,0.9316666666666666
Qmf8viv275pKE8wLtBVpoq9B8xwZRNLZ84ktew3FLkXR3g,The Master is coming He calleth for thee - Henry A. Lewis,NA,The Master is coming He calleth for thee,Henry A. Lewis,NA,classical,NA,publicdomain,0.0,0,0,4,2,1,0,17,365,21.47058823529412,False,2.6744243378139023,0.989041095890411,0.9296875
QmNkfpvMXwkpaETvNyUZ18JDYNc3DV73L4f17GovE9Rfsv,The Master leads the pathway may be shadowed - W. S. Nickle,NA,The Master leads the pathway may be shadowed,W. S. Nickle,NA,classical,NA,publicdomain,0.0,0,0,2,1,1,0,16,133,8.3125,False,2.821089487281592,0.9774436090225564,0.9464285714285714
QmWVKmE24jS1GnawfzBoCEHkfvDHotLPLjv1bveHZQrA9F,The Master stands outside the door - Adam Geibel,NA,The Master stands outside the door,Adam Geibel,NA,classical,NA,publicdomain,0.0,0,0,2,1,1,0,20,268,13.4,False,3.017031191020042,0.9253731343283582,0.946078431372549
QmfRPBkC41aaafHMbFSELhvL1e35fHDSVoipucTvrEjrQa,The Master walks with me - Chas. G. Maynard,NA,The Master walks with me,Chas. G. Maynard,NA,classical,NA,publicdomain,0.0,0,0,6,1,1,0,27,311,11.51851851851852,False,2.648888925802584,0.977491961414791,0.9201388888888888
QmVGoU1ifHuSyVy2GMvcDNzcS6d5vuZQyZ1dLGaJJn3UPy,The Mathematician,NA,The Mathematician,Misc tunes,NA,NA,NA,publicdomain,0.0,0,0,8,1,1,0,33,288,8.727272727272727,False,3.0854532740470697,0.9270833333333334,0.921875
QmVyjcR9PBjPgadGDdED97ktwFiidCBad6qm54Kk9Y889q,The Mathematician,NA,The Mathematician,Misc tunes,NA,NA,NA,publicdomain,0.0,0,0,1,1,1,0,18,146,8.11111111111111,False,2.982995936257379,0.958904109589041,0.921875
QmXZ6HDZwmmoUDNWb67qPTREyKC1ziLzKgPnsSsiD2oHjr,the Mathematician,NA,The Mathematician,Misc tunes,J.S.Skinner,NA,NA,publicdomain,0.0,0,0,9,1,1,0,18,145,8.055555555555555,False,2.9847854156593807,0.9586206896551724,0.8246527777777778
QmWovQCadvQwPP4i6CK8tLsLM85bm9yTvoejhQMwMmMzWF,The May Fly. CAM2.,I'll Get Wedded in my Auld Claesaka. CAM2.[17]Hexham Quadrilleaka. CAM2.[17],The May Fly. CAM2.,Misc tunes,NA,NA,NA,publicdomain,0.0,0,0,2,1,1,0,28,136,4.857142857142857,False,2.616390402882346,1.0,0.9699074074074074
QmSnBCFkvQ81SKR8AZLakbmdfTWMp8Fqg1sqiwJz1c5HoN,The May Morning Dew,NA,The Morning Dew,Misc tunes,NA,NA,NA,publicdomain,0.0,0,1,53,1,1,0,106,546,5.150943396226415,False,2.599237875375718,0.978021978021978,0.9418316831683168
Qme91CRi3G7mxN23uFKoW6CGnxxZ9PR5B3XUMpc8fQ3Pk7,The May Morning Dew,NA,The Morning Dew,Misc tunes,NA,NA,NA,publicdomain,4.74,5,6,213,1,1,0,17,59,3.4705882352941178,False,2.629400350136717,0.9830508474576272,0.9045138888888888
QmVE6bSd17cCemhgjRvArkzcVYbpdS8TWahhkMdsVetQsF,The May Morning Dew,NA,The Morning Dew,Misc tunes,NA,NA,NA,publicdomain,4.33,3,2,173,1,1,0,169,340,2.011834319526628,False,2.69582601482693,0.9881656804733728,0.9144467213114754
QmVBe9r38bJ14WarqR1HETJu5XKiheXmhRsVwxBxSUoYK5,The Mayor of Garratt,NA,The Mayor of Garratt,Misc tunes,NA,NA,NA,publicdomain,0.0,0,0,0,1,1,0,32,152,4.75,False,2.7072768476752667,0.986842105263158,0.890625
QmQNfTPhvDEY6jRkhvZyBXGbxuEWVvf6KrjnmPSsGC6Tbr,The Maze Runner - Finale Piano Soundtrack,NA,misc soundtrack,Misc Soundtrack,Jonh Paesano,soundtrack,cinematic-music-musik-filmmusik-film-movie-moviemusic-johnpaesano,cc-zero,4.77,6,38,1618,2,1,0,93,866,9.311827956989248,False,2.559250512359869,0.9953703703703703,0.9875452898550724
QmQLZe9AM2ihFyAufBBrwCCtDcYBamYZ5emFtBcJsQKtJm,The Meadow,NA,the meadow,Alexandre Desplat,Alexandre Desplat,soundtrack,NA,cc-zero,0.0,0,6,121,2,1,0,117,1436,12.273504273504274,False,2.7611543471893825,0.9692522711390636,0.9814814814814816
QmYrGy6ULTa3CzzDVgdFBtA7j9WARA7HrjCBefcRfvni2b,The Meadow Harry Poter easy piano,NA,NA,NA,From The Twilight Saga: New Moon,NA,harrypotereasypiano,cc-zero,4.58,9,53,2623,1,1,0,74,311,4.202702702702703,False,2.825728532036574,0.9581993569131833,0.9673423423423424
QmZvRzVAZunHNY7ucUnFksjsJeeZ78dBSsTuvsL7xDooz6,The Meikleour Beeches,NA,The Meikleour Beeches,Misc tunes,J. Scott Skinner (1843-1927),NA,NA,publicdomain,0.0,0,0,6,1,1,0,18,92,5.111111111111111,False,2.7201198123607666,1.0,0.9388020833333334
QmW2UXHA7dQo3SnnYkruQzu3YccUPneMrNxSNBW9STEf2U,The Meltdown - Maxence Cyrin,NA,The Meltdown,Maxence Cyrin,Maxence Cyrin,classical,piano,cc-zero,4.66,3,30,1411,2,1,0,76,2027,26.67105263157895,False,2.5356700829077194,0.844597927972373,0.9480593607305936
QmTZhLYDNvTcDy8Gekzw9yXEZzq1ARS1J5XX73nssC472n,The Memphis Blues,NA,NA,NA,WC Handy - 1912,NA,copyrightfreeoldjazz-creolejazz,cc-zero,0.0,0,7,390,0,1,0,45,263,5.844444444444444,False,3.3813212747110826,0.7538461538461538,0.9559659090909092
Qmc8d5Rt1QPSfwsPkqcwJo4WXBj2QbicYDPXf8uJJu9ngF,The Men They Stand And Stay,NA,The Men They Stand And Stay,Misc tunes,NA,NA,NA,publicdomain,0.0,0,0,1,1,1,0,20,104,5.2,False,2.6197529788022496,0.9903846153846154,0.8867753623188406
QmPhMcDkwYNLJ9H4hd6niYVrZem76DRHJhaQRrtS7QoKEN,The mercy of Jesus is wondrous and free - Arhur Willis Spooner D. D.,NA,The mercy of Jesus is wondrous and free,Arhur Willis Spooner D. D.,NA,classical,NA,publicdomain,0.0,0,0,4,1,1,0,19,279,14.68421052631579,False,2.452146383338477,0.996415770609319,0.8993055555555556
QmUVHqyuSxWLcpcRGubJk7Q3RWjdnzM69uwv1bmNHwUygw,The Mermaid of Mullaghmore,Maids of Mullach The,The Mermaid Of Mullaghmore,Misc tunes,NA,NA,NA,publicdomain,0.0,0,0,1,1,1,0,33,249,7.545454545454546,False,2.675863603704312,0.9759036144578314,0.9785353535353536
QmUL2o5y3v6PU95SZufqm4LA7A8CwmqhsECXtLmv4Ejitp,The Mermaid's Bridal March,NA,The Mermaid's Bridal March,Misc tunes,NA,NA,NA,publicdomain,0.0,0,0,1,1,1,0,6,20,3.333333333333333,False,2.5219280948873624,1.0,0.8680555555555556
QmPUMeGUcmQWcMv27iTvMDjwPV7hJ7iXuEtTcboRa9d5JG,The Mermaid.,NA,The Mermaid,Misc tunes,NA,NA,NA,publicdomain,0.0,0,0,5,1,1,0,36,158,4.388888888888889,False,2.808304452289847,0.9873417721518988,0.928191489361702
QmPqk7RuBcxMmyhuTeG2rrHzdtyEYuipiwpDpWtMzzLhbL,The merry bells are gaily ringing - W. A. Post,NA,The merry bells are gaily ringing,W. A. Post,NA,classical,NA,publicdomain,0.0,0,0,7,2,1,0,17,452,26.58823529411765,False,2.962561647466817,0.9402654867256636,0.9301470588235294
QmWQdxv3q5Q7BnZJGWuK1ZVXScpwy2WsHUQZKuRVsRajKc,The Merry Boys Of Greenland,NA,DA MERRY BOYS O' GREENLAND,Misc tunes,NA,NA,NA,publicdomain,0.0,0,0,6,1,1,0,20,142,7.1,False,2.6344212666845688,1.0,0.9677083333333332
QmaSJFxpfw8gfj9F73E24quUNhDrnhENHxDWr2d7oUmcX7,The Merry Boys Of Greenland,Da Merry Boys o' Greenland,DA MERRY BOYS O' GREENLAND,Misc tunes,NA,NA,NA,publicdomain,0.0,0,0,1,1,1,0,16,112,7.0,False,2.602930185237097,1.0,0.9674479166666666
QmNqiFZkzWaLhfy72tkE6PU19YQgtAAmZ8hKPJhcjsVPmb,The merry carols rise again over land and sea - C. Harold Lowden,NA,The merry carols rise again over land and sea,C. Harold Lowden,NA,classical,NA,publicdomain,0.0,0,0,3,2,1,0,134,1510,11.26865671641791,False,2.9497909375621854,0.935483870967742,0.9557291666666666
QmPNEWBL1zh2dThcv7LTwDZ74rxKgedDdCWrrzRcgaKJCb,The Merry Christmas,NA,the Merry Christmas,Misc tunes,NA,NA,NA,publicdomain,0.0,0,0,3,0,2,0-0,24,192,8.0,False,2.5907649696811497,1.0,0.9201388888888888
QmYVn75ZaKSeL5obpcCTrf4QypoiR3apLmiSCHqJqTcmEM,The Merry Conclusion. PFD2.316,AssemblyTheaka. PFD2.316,The Merry Conclusion. PFD2.316,Misc tunes,NA,NA,NA,publicdomain,0.0,0,0,2,1,1,0,32,272,8.5,False,2.6383552248955326,0.9705882352941176,0.9561631944444444
QmUU2LQMsJHuFBsHD7Af8iPA3ibpPoqBbmtmcEp74nuvnw,The merry Dancers,NA,The Merry Dancers,Misc tunes,NA,NA,NA,publicdomain,0.0,0,0,0,0,2,0-0,54,476,8.814814814814815,False,2.620679931080553,1.0,0.9328703703703703
QmcXLMi1jVxE8vHc9w7948yKwt5qaig96wBo3weQRLBmQW,The Merry Dancers. JBut.562,Lasses of Our Townaka. JBut.562 The,The Merry Dancers. JBut.562,Misc tunes,'A Quick Step',NA,NA,publicdomain,0.0,0,0,2,1,1,0,54,272,5.037037037037037,False,2.717322433523835,1.0,0.9282407407407408
QmPe4di1xXDskdD11ZZkKVZvQit8ec4xpDEgEc7HsHRp79,The Merry Dances. WCD3/6.079,Bonny Lass of Our Town. WCD3/6.079,The Merry Dances. WCD3/6.079,Misc tunes,NA,NA,NA,publicdomain,0.0,0,0,2,1,1,0,54,280,5.185185185185185,False,2.705619307387752,1.0,0.9675925925925926
QmUM7LYAhc8vmiAS5ABrgmVUQ9HJV2APcLoq2nAqA9B9Ft,The Merry Girl,Kiss Behind the Door The,The Merry Girl,Misc tunes,NA,NA,NA,publicdomain,0.0,0,0,1,1,1,0,32,178,5.5625,False,2.8460130690846115,0.9438202247191012,0.9166666666666666
Qmc34WBB1MEc3otyfBqhK6PLmrfgv9gL4T1bfRMBL31uNf,The Merry Making,A' Chridhealachd,The Merry Making,Misc tunes,NA,NA,NA,publicdomain,0.0,0,0,3,1,1,0,40,265,6.625,False,2.7406497617055963,0.9924528301886792,0.9700520833333334
QmTMBQzwSztBA5Dom3JVA9xbJQArLNxPtit2vChubZ4HwD,The Merry Merry Milk Maids,The Merry Milkmaids In Green,The Merry Merry Milk Maids,Misc tunes,NA,NA,NA,publicdomain,0.0,0,0,5,1,1,0,22,91,4.136363636363637,False,2.709552638649606,1.0,0.925
QmXpyx5e7cH4eF3a9hArF4grfHE1YjjRGZvWMzqDw6cLzq,The merry merry Milke Maids,NA,the MERRY MERRY MILKE MAIDS,Misc tunes,NA,NA,NA,publicdomain,0.0,0,0,5,1,1,0,22,92,4.181818181818182,False,2.7021005264889912,1.0,0.8458333333333333
QmR4XvMekwCNJ8C3LZKjEcTN9VcRw4DKs24aEPVUKArYtz,The Merry Milk-maids,NA,the Merry Milk-maids,Misc tunes,NA,NA,NA,publicdomain,0.0,0,0,1,1,1,0,22,91,4.136363636363637,False,2.7603698014336446,0.989010989010989,0.9222222222222224
QmVCsp4TNqpwe5zYpC23YTsJyhhzop2jh2T6p5jsNz6Rvz,The Merry Month of May,Month of May,The Merry Month Of May,Misc tunes,NA,NA,NA,publicdomain,0.0,0,0,8,1,1,0,18,78,4.333333333333333,False,2.6467388135938665,1.0,0.9027777777777778
QmdCgexTnQCVh1Ad7dTbiRCwKmq3Y371U1qTUn3QwAba49,The Merry Sisters (reel) 1267,NA,The Merry Sisters (reel) 1267,Misc tunes,after Mrs. Cantwell,NA,NA,publicdomain,0.0,0,0,3,1,1,0,26,205,7.884615384615385,False,2.7518486967222007,0.946341463414634,0.9358333333333332
QmTtKJD3aHiuo3Tpgw3CARhYKFXLmAAQWzcgtf4R7fWzM7,The Merry Tailor (slipjig /jig) 1127,NA,The Merry Tailor (slipjig /jig) 1127,Misc tunes,after Mr. Cronin,NA,NA,publicdomain,0.0,0,0,4,1,1,0,30,148,4.933333333333334,False,2.825986174340183,0.9864864864864864,0.9431818181818182
Qma63jHuF7kjiY4ZqAvJLd7eEPQa7dp1uQwGE5a7Gq9L4d,The message blest again repeat - E. S. Lorenz,NA,The message blest again repeat,E. S. Lorenz,NA,classical,NA,publicdomain,0.0,0,0,3,1,1,0,19,239,12.578947368421051,False,2.535439839261578,0.99163179916318,0.9557291666666666
QmRynVpMMNCtaMRiiYQZeQYzWmUymigyyjYHD5QzVnGJUH,The Messenger - The Arcane Shoppe (by Rainbowdragoneyes) (See more in description for download),NA,The Messenger (Original Soundtrack) Disc I: The Past - The Arcane Shoppe,Rainbowdragoneyes,NA,electronic-soundtrack,themessenger-theshopkeeper-shopkeeper-messenger-themessenger-themessengergame-dotagsevenmatter-pleasedonttouchthecabinet,cc-zero,4.55,6,18,899,2,1,1,133,1789,13.451127819548873,False,2.617944736154844,0.9351593068753492,0.9570802005012532
QmdqkGcMbC2LEMvLMiG7FhYCpBJHZyqoNb9CsycmGDT5aa,the Mickey Mouse Club March,NA,the Mickey Mouse Club March,Misc tunes,NA,NA,NA,publicdomain,0.0,0,0,27,1,1,0,32,96,3.0,False,1.8664393312273209,1.0,0.8976449275362319
QmYbGnttTU4XHRSqvPaPuW2BKgVk66RbWQwtAMn6HGqjJh,the Mickey Mouse Club March,NA,the Mickey Mouse Club March,Misc tunes,NA,NA,NA,publicdomain,0.0,0,1,77,1,1,0,45,117,2.6,False,1.9721845327020944,1.0,0.9
Qmb2gP9xqBF3TaTLdV9d2KTqShcYVdNAusjod57Z1RqiaM,The Midlothian Pipe Band,NA,The Midlothian Pipe Band,Misc tunes,NA,NA,NA,publicdomain,0.0,0,0,9,1,1,0,31,149,4.806451612903226,False,2.6488405027882083,1.0,0.8285984848484849
QmaVepPG86fPPKDAqZf2ViZSSRxDaukA1x6EyrYJgZ4xfz,The Midlothian Pipe Band,NA,The Midlothian Pipe Band,Misc tunes,NA,NA,NA,publicdomain,0.0,0,0,2,1,1,0,33,161,4.878787878787879,False,2.6785623636071367,1.0,0.8272569444444444
QmVhaikGHUWgUeTfeKuKGMzEqAJectCqWHru6cdMWEd8M4,The mighty hills encircling - Adam Geibel,NA,The mighty hills encircling,Adam Geibel,NA,classical,NA,publicdomain,0.0,0,0,2,1,1,0,26,298,11.461538461538462,False,2.905787680056157,0.9395973154362416,0.9722222222222222
QmT52iavTJ5Q6c898pVrXV4CDKDcea8MovdcUc1kbCejsZ,The Milk Maid. JJo8.074,NA,The Milk Maid. JJo8.074,Misc tunes,NA,NA,NA,publicdomain,0.0,0,0,1,1,1,0,16,96,6.0,False,2.600291004223121,1.0,0.9244791666666666
Qmcqhp8t7A8aNcudeanJ63xkX4g64EwfRUauBQ7knA7676,The Mill Mill O JClw.37,Deadly Warsaka JClw.37 The,The Mill Mill O JClw.37,Misc tunes,NA,NA,NA,publicdomain,0.0,0,0,2,1,1,0,36,218,6.055555555555555,False,2.6756669786227527,1.0,0.9127604166666666
Qmb9GQWmxZNFqb37K4BzQTKP4DfrbC1zvWP83G4AMFNMdY,The Miller a Droon. JBut.839,Miller of Drone. JBut.839 The,The Miller a Droon. JBut.839,Misc tunes,NA,NA,NA,publicdomain,0.0,0,0,3,1,1,0,28,190,6.785714285714286,False,2.581977890386744,1.0,0.9774305555555556
QmSyEAXrK2rw8uwG9tLnjou6BnzeQG9Wp4Z9Lt6EcJcUVR,The miller of Glanmire,NA,The miller of Glanmire,Misc tunes,anon.,NA,NA,publicdomain,0.0,0,0,5,1,1,0,10,50,5.0,False,2.3791467045125207,1.0,0.9523809523809524
QmSpsYUo15hxhNuEKYWdaUPqEiKUJcbrTvw8eiHH8nvPEt,The Miller's Daughter. (p)1687.PLFD1.280,NA,The Miller's Daughter. (p)1687.PLFD1.280,Misc tunes,NA,NA,NA,publicdomain,0.0,0,0,1,1,1,0,20,78,3.9,False,2.556693490018363,1.0,0.9548611111111112
QmeDDnk7AHGugcmznybEhAbCyBm9kZbH6j5caHMzhGpCNN,The Miller's Wedding,The Miller's Daughter,The Miller's Wedding,Misc tunes,NA,NA,NA,publicdomain,0.0,0,0,6,1,1,0,9,28,3.111111111111111,False,2.177867318291878,1.0,0.9375
QmUQVGGiyrJ6HqJB7N4tvSTpuZmQMYUdonA64ag9JSS2Dk,The Millers Wedding -- Strathspey,NA,the Millers Wedding -- Strathspey,Misc tunes,NA,NA,NA,publicdomain,0.0,0,0,2,0,2,0-0,54,564,10.444444444444445,False,2.3831524931067163,1.0,0.9521780303030304
QmS77TWED6Z6qbXzAVmFRL57uJmasoJhKFvuDcQYXU5VeR,The Mills Are Grinding,NA,The Mills Are Grinding,Misc tunes,NA,NA,NA,publicdomain,0.0,0,0,1,1,1,0,45,342,7.6,False,2.964951954940611,0.9181286549707602,0.9810185185185184
Qmayic8tMTN6wWseTx3QmdP8UDYNJZKFKB4Wo4jU7oQ4Bb,The Mills Are Grinding,NA,The Mills Are Grinding,Misc tunes,NA,NA,NA,publicdomain,0.0,0,0,2,1,1,0,126,796,6.317460317460317,False,2.5696348150406725,1.0,0.9652157738095238
Qma91iLpNB7Fnjfxf3SLhDw28rHw3tPFfpC7KfNQei687g,The Mills are Grinding,NA,The Mills Are Grinding,Misc tunes,NA,NA,NA,publicdomain,0.0,0,0,2,1,1,0,32,258,8.0625,False,2.7101422400269763,1.0,0.939453125
Qma342SuCRu7RFvp49nMMCq925rRJ1wzMjD9ErEnZefuio,The Mills are Grinding,NA,The Mills Are Grinding,Misc tunes,NA,NA,NA,publicdomain,0.0,0,0,1,1,1,0,16,129,8.0625,False,2.7101422400269763,1.0,0.9361979166666666
Qmbwbmjvc23xZ7CJUScs9vnNvysu4y6wVB8Tzv24DXki8n,The Mills Are Grinding (1st Setting) (reel) 1378,NA,The Mills Are Grinding (1st Setting) (reel) 1378,Misc tunes,after Sg't. J. O'Neill,NA,NA,publicdomain,0.0,0,0,1,1,1,0,17,121,7.117647058823529,False,2.8673014381102355,0.9256198347107438,0.9674479166666666
QmQbAQirXLaAD5ky5Svs7BMMRb4FeaSHNLUCN5LKgZjazJ,The Mills are Grinding (2nd Setting) (reel) 1379,NA,The Mills are Grinding (2nd Setting) (reel) 1379,Misc tunes,after Mr. Ennis,NA,NA,publicdomain,0.0,0,0,1,1,1,0,26,205,7.884615384615385,False,2.7621718395542976,0.9902439024390244,0.9444444444444444
QmYLo1CSpWZYkF4RZQM5h74bFTQTVVhmwjc8gv5qAGF3Tv,The Mind Electric (Fixed Arpeggios) (full song),NA,The Mind Electric,Miracle Musical,NA,NA,themindelectric-miraclemusical-hawaiipartii,cc-zero,4.8,57,188,4295,2,1,0,110,1310,11.909090909090908,False,3.0018718155385784,0.8951798010711554,0.9755681818181818
QmQf9RrCFpCxaU6RuZT7y5Zr1wsVomU8aPmvrKGUccSbxe,The Minecraft Medley,From 'Minecraft - Volume Alpha' and 'Minecraft - Volume Beta' for Piano Solo,The Minecraft Medley,graphetmusics,Daniel Rosenfield (AKA C418),NA,minecraft-minecraftvolumebeta-minecraftvolumealpha-blindspots-wethands-dryhands-sweden-subwooferlullaby-door-beginning-piano-pianosolo-medley-arrangement-minecraftmedley-moogcity-miceonvenus-clark-haggstrom-livingmice-ariamath-calm-creative-menu-hal-piano-calm-calm-hal-piano-creative-alpha-beta-minecraftalpha-minecraftbeta-calm-creative-menu-hal-piano-calm-calm-hal-piano-creative-minecraftsoundtrack,cc-zero,4.91,52,223,6625,3,1,0,500,5307,10.614,False,3.251178657690563,0.8581153708348263,0.962646484375
QmVhgo5vvAmBbYRReoYhFsmJhxvvAjoUJju16wtt9W4EVw,The Miners of Wicklow,NA,The Miners Of Wicklow,Misc tunes,NA,NA,NA,publicdomain,0.0,0,0,4,1,1,0,34,187,5.5,False,2.683655567319676,1.0,0.9835069444444444
QmcHppj1aSvPrMX3tPAziuYtGKLfg1qeTyUX5Xmw4tfK4r,The Minor Spaniard,NA,The Minor Spaniard,Misc tunes,NA,NA,NA,publicdomain,0.0,0,0,3,1,1,0,8,120,15.0,False,2.349567740328544,1.0,0.9001736111111112
QmboE2oX8Zy6opjyrWFejHYS2HqXq3XeZpQd7poNDCanzw,the Minstrel Boy,NA,The Minstrel Boy,Misc tunes,NA,NA,NA,publicdomain,0.0,0,1,25,1,1,0,44,95,2.159090909090909,False,2.7072071332826666,1.0,0.9718992248062016
QmRpBKDFxdw3zP6DfppgfqWvsuxoMBxLaZLCDiyEAZ1iRB,The Minstrel Boy,The MorinThe Lover's LuteThou Soldier Come Fill High the Wine,The Minstrel Boy,Misc tunes,NA,NA,NA,publicdomain,0.0,0,0,11,1,1,0,19,79,4.157894736842105,False,2.8040285749901,0.9746835443037974,0.9458333333333332
QmQ5cy5ujBVYBt48Wc3iTD9b9ywpAgXpuUE5GqMyGQ51pa,The Minstrel Boy,NA,The Minstrel Boy,Misc tunes,NA,NA,NA,publicdomain,0.0,0,0,3,1,1,0,19,81,4.2631578947368425,False,2.810405736176852,0.9753086419753086,0.9166666666666666
QmdgufhRv31RM5hy699tq5MmqFGLgcpP11gng9XaJA9EMR,The Minstrel Boy air/song) 0203,NA,The Minstrel Boy,Misc tunes,after Sg't J. O'Neillmoderate,NA,NA,publicdomain,0.0,0,1,4,1,1,0,19,81,4.2631578947368425,False,2.810405736176852,0.9753086419753086,0.9166666666666666
Qmacp6eZApzE6zqbMmtw4Xmz3PaaRsPWCs1maXqKGCkLw4,The Minstrel of the Macdonalds,Smeorach Chlainn Domhnuill,The Minstrel of the Macdonalds,Misc tunes,NA,NA,NA,publicdomain,0.0,0,0,13,1,1,0,51,126,2.4705882352941178,False,2.6074422475972,0.9603174603174603,0.9315476190476192
QmWu2GrJRQ1achQrp2cfcrRg2a5PDBgV3snJid1G1wQ8rh,The Minstrel to His Soul,NA,The Minstrel to His Soul,Misc tunes,J. Scott Skinner (1843-1927),NA,NA,publicdomain,0.0,0,0,2,1,1,0,17,100,5.882352941176471,False,2.96753228935348,0.87,0.9
QmcdVAgQqWFjvetvqoYrCb6Aw97Lnvvx3Lc3FrXPBMCB6D,the Mist Covered Mountain (Air),NA,The Mist Covered Mountain,Misc tunes,NA,NA,NA,publicdomain,0.0,0,0,2,1,1,0,64,132,2.0625,False,2.5947927527152586,1.0,0.9192708333333334
QmPKi694wf8oKfgCGbzqnA6LjXkeDoHPNg9R3iHWvdNHaj,The Mist Covered Mountains,Chi Mi Na Morbheanna,The Mist Covered Mountain,Misc tunes,NA,NA,NA,publicdomain,0.0,0,0,5,1,1,0,40,159,3.975,False,2.6275194584201618,1.0,0.8423611111111111
QmPrDwhPAf1avGg156Bo62Hb2ZnAWYL2pDpMFCTd29ZvfR,The Mist on the Mountain,NA,The Mist Covered Mountain,Misc tunes,NA,NA,NA,publicdomain,0.0,0,0,2,1,1,0,34,252,7.411764705882353,False,2.69164888486336,1.0,0.9654947916666666
Qmd5MRMp66x8SkFrpAVhHjchCSAsTQPytqyLHwRhbN7dRT,The Mist On The Mountain,NA,The Mist Covered Mountain,Misc tunes,NA,NA,NA,publicdomain,0.0,0,0,3,1,1,0,32,65,2.03125,False,2.591848824373715,1.0,0.9253472222222222
QmTuNSfjhtdr8obgSLQd3qPtairSH1ZeBwezXuSv3KZfU1,The Mist On The Mountain,NA,The Mist Covered Mountain,Misc tunes,NA,NA,NA,publicdomain,0.0,0,0,2,1,1,0,40,188,4.7,False,2.638344079846795,1.0,0.8375
QmT8iNMHdeuc4kropzepWmzGnNLfaWopjCBCvatPxZMJLe,The Mist On The Mountain,NA,The Mist Covered Mountain,Misc tunes,NA,NA,NA,publicdomain,0.0,0,0,4,1,1,0,4,16,4.0,False,1.936278124459133,1.0,0.8611111111111112
QmQuYA1h9NqZKZxTgaoN7aEPDyVfMaGD67ksPHgtzb4kaW,the Mist-Covered Mountain [ABABC],NA,The Mist Covered Mountain,Misc tunes,NA,NA,NA,publicdomain,0.0,0,0,18,1,1,0,45,214,4.755555555555556,False,2.404994279054287,1.0,0.9444444444444444
Qmee7EKhQzVT16KAR2tLQdZj8wV4GCYFy9xyvXBwzXwrrM,The Mist-Covered Mountains Of Home,NA,The Mist Covered Mountain,Misc tunes,NA,NA,NA,publicdomain,0.0,0,0,25,1,1,0,65,161,2.476923076923077,False,2.6658039514470007,1.0,0.9236111111111112
QmWD66SWFT2wj2hBAjW75MoNasT4Vo8ii4CoRuw8PGXBwW,The mistakes of my life are many - D. C. John,NA,The mistakes of my life are many,D. C. John,NA,classical,NA,publicdomain,0.0,0,0,2,1,1,0,19,232,12.210526315789474,False,2.397758192276137,1.0,0.9388020833333334
QmTSnUWS5qSK7GUVBcYozGdnY2mpNKXTdkgaaB71MdU42D,The Mock Hobby Horse. (p)1698.PLFD1.405,NA,The Mock Hobby Horse. (p)1698.PLFD1.405,Misc tunes,NA,NA,NA,publicdomain,0.0,0,0,3,1,1,0,28,124,4.428571428571429,False,2.9025439848526435,0.967741935483871,0.9363425925925926
QmdRp8ioztkJ7hxZ1FCxURvyLGLmY5ZJgPaBELRuF6QUDN,The Modest Question. SenH.046,NA,The Modest Question. SenH.046,Misc tunes,in Hand B (Humph. Senhouse)Ed. Stanley,NA,NA,publicdomain,0.0,0,0,5,1,1,0,27,110,4.074074074074074,False,2.791736880130538,0.9727272727272728,0.929398148148148
QmQc85SetmUNibpbdJC7DnMt36D4ps2a5oiB4gmrdkotsr,The Moldau,má vlast,Vltava JB 1:112/2,BedÅich Smetana,BedÅich Smetana,classical,NA,cc-zero,4.83,73,167,2673,2,1,0,142,1820,12.816901408450704,False,2.8368364901835648,0.9543956043956044,0.9689465408805032
QmVB1eXEBx7APGQURue25FbP8VrqqbrRG1xZpG6zzjmv8n,The moments are passing the days quickly fly - Haldor Lillenas,NA,The moments are passing the days quickly fly,Haldor Lillenas,NA,classical,NA,publicdomain,0.0,0,0,2,2,1,0,26,385,14.807692307692308,False,2.896026160974689,0.9532467532467532,0.9398148148148148
QmepA63rQs3XBuPpuCqBwJvgXSXLF66Nqk8sgmFUifBnkL,The Monaghan jig,NA,The Monaghan jig,Misc tunes,anon.,NA,NA,publicdomain,0.0,0,6,119,1,1,0,64,368,5.75,False,2.584027629190816,1.0,0.9830729166666666
QmXwQVHzwiBqhr3RB9rahhcmZiCLNJ2DSjiS3KU63nsgSe,The Monaghan jig,NA,The Monaghan jig,Misc tunes,anon.,NA,NA,publicdomain,0.0,0,0,5,1,1,0,51,279,5.470588235294118,False,2.604371100406928,1.0,0.9660087719298246
QmXJXoD1wj1ggzFdyFfta7TBtdWVqL4sVKb98tTpYqj89Q,The Monaghan Jig,NA,The Monaghan jig,Misc tunes,NA,NA,NA,publicdomain,0.0,0,0,3,1,1,0,352,1899,5.394886363636363,False,2.626075652683787,1.0,0.96875
QmPgVab4mRbBjQGSBWdXnPGisA6oBQ1Pe2TJKL5YLVqifK,The Monday Morning,NA,Monday Morning,Misc tunes,NA,NA,NA,publicdomain,0.0,0,0,6,1,1,0,40,303,7.575,False,2.628109592354704,1.0,0.9520833333333332
QmZhgMyrfawMBhhsejM9NDDq9H5YbezLKpKL82jUZtv4Xo,The Monk's Jig,Sonny Brogan's Fancy,The Monk's Jig,Misc tunes,NA,NA,NA,publicdomain,0.0,0,0,5,1,1,0,40,204,5.1,False,2.5544532309488086,1.0,0.9527777777777776
QmeyrwPy4RZdWDzVfE4tXRuoQ36kw7XDY4PWYqV4Rj3w8M,The Monkey Woman And The Psionic Boy,NA,The Monkey Woman And The Psionic Boy,Misc tunes,NA,NA,NA,publicdomain,0.0,0,0,5,1,1,0,2,10,5.0,False,1.5709505944546684,1.0,0.875
QmQxM4bYdahSMtWhLb9gtmZnZwRBy27Y9T8h35BfAfsPML,The Monkey's Wedding. Roose.0756,Michael Finneganaka. Roose.0756Paw-paw Patchaka. Roose.0756,The Monkey's Wedding. Roose.0756,Misc tunes,NA,NA,NA,publicdomain,0.0,0,0,8,1,1,0,26,116,4.461538461538462,False,2.695574051742637,1.0,0.921875
QmW2fFdWoupAp4bzmzkqtqyFSgR1dge1sbhsyNTFXqSovo,The Monks Jig,Port Padraig na CarraLady Ann McGregory?,The Monks Jig,Misc tunes,NA,NA,NA,publicdomain,0.0,0,0,15,1,1,0,33,173,5.242424242424242,False,2.487613130517459,1.0,0.9661458333333334
QmWTxJeCFEpmAhAdUAmuH5ZsyE1NZAUsJPczMAj1FGmf5U,The Monks Of The Screw (air) 0020,NA,The Monks Of The Screw (air) 0020,Misc tunes,after Chief F. O'Neillmoderate,NA,NA,publicdomain,0.0,0,0,6,1,1,0,18,74,4.111111111111111,False,2.4467328025956325,1.0,0.875
QmS7sz7gL3p5rtcyZvUct7rfZL2ysCfc3eDsmYmDt8TuPN,The Monmouth __ or the Victory.,NA,The Monmouth __ or the Victory.,Misc tunes,NA,NA,NA,publicdomain,0.0,0,0,1,0,2,0-0,24,294,12.25,False,2.533120997468523,0.9863945578231292,0.9392361111111112
QmaJdhX7kmKENqMc1aEHYcxvoCQwJi1m7h5GQ6kcBGKZb8,The Month of January,NA,The Month of January,Misc tunes,NA,NA,NA,publicdomain,0.0,0,0,28,1,1,0,33,74,2.242424242424242,False,2.5674056689659186,1.0,0.9288194444444444
QmV44zjJps4dQBKXW6K9Vn7muuXWi785iDALQTSK4cQMG8,The Month of March. THO2.158,Caw Haakieaka. THO2.158,The Month of March. THO2.158,Misc tunes,NA,NA,NA,publicdomain,0.0,0,0,2,1,1,0,32,110,3.4375,False,2.555265073464115,1.0,0.9505208333333334
QmRz2RN8ZS78QeXa2Hd79UamZfohBb94aAtyaZvAaTtujS,The Mony Faads,(i.e. many folds-tripe),The Mony Faads,Misc tunes,NA,NA,NA,publicdomain,0.0,0,0,3,1,1,0,17,43,2.5294117647058822,True,2.165361259951193,1.0,0.9661458333333334
QmTp7ABKWt7Mwgg7oEMZAjoY67FuDXoTWbzwpKdprjdZPr,The Moon In May,NA,The Moon In May,Misc tunes,NA,NA,NA,publicdomain,0.0,0,0,2,1,1,0,54,330,6.111111111111111,False,2.787521526874491,0.987878787878788,0.9587673611111112
QmSqnStKSEgbkMXtFQKJykPxVU1QVYb7LzUfWi9D51s8qC,The Moon Shines Bright - Notes,NA,The Moon Shines Bright,Misc Traditional,NA,folk,NA,publicdomain,0.0,0,0,20,1,1,0,8,38,4.75,True,2.598689764415767,0.9473684210526316,0.9375
QmTfUcDFwECE2KurMrhT6MMi6VBgC3Qgo93KUHaiJnX2dQ,The Mooncoin Jig 1034,NA,The mooncoin jig,Misc tunes,after Fr. Fielding,NA,NA,publicdomain,0.0,0,0,5,1,1,0,144,872,6.055555555555555,False,3.210482935906631,0.8211009174311926,0.9934413580246914
QmcYtit1kpEVc7UbKmQj46yyTqU9QdXeFqP9s2dZQUH5jG,The Moonlight Ramble (air) 0594,NA,The Moonlight Ramble (air) 0594,Misc tunes,Unattributedslow,NA,NA,publicdomain,0.0,0,0,5,1,1,0,21,137,6.523809523809524,False,2.8340514860726658,0.9635036496350364,0.8898809523809523
QmRdENZ8vuKpmhaQ4GPQ44eTufB2WBnNmD3EHUA2pCZm98,The Moonlight Ramble.,an siu.bal faoi soluis n-gealui.ge.,The Moonlight Ramble.,Misc tunes,NA,NA,NA,publicdomain,0.0,0,0,4,1,1,0,19,127,6.684210526315789,False,2.799655798024803,0.9763779527559056,0.8489583333333334
QmTd6xYvpvKnWKGPLDT9T9S5NmSpfhTTcsNBZAWsCCdR5v,The More We Get Together,NA,the more we get together,Misc Children,Music by Marx Augustin,soundtrack,music-traditional-more-friend-friends-childrensong,cc-zero,4.83,9,6,1129,1,1,0,17,51,3.0,True,2.286718783872337,1.0,0.9635416666666666
QmYZ8zzsLHgF24cE8daeB2pocQdsvArx73oRVhURWogYpS,The morn shall be in darkness,In the middle of the ocean,The morn shall be in darkness,Misc tunes,NA,NA,NA,publicdomain,0.0,0,0,2,1,1,0,9,31,3.4444444444444446,True,2.525673326027382,1.0,0.9375
QmY6iXRqtyL9qcMTxuaiccAiWtbgVzYA7MugoXTbcJXffL,The Morning Air (song) 0109,NA,The Morning Air (song) 0109,Misc tunes,Unattributedgaily,NA,NA,publicdomain,0.0,0,0,2,1,1,0,18,71,3.9444444444444446,False,2.635187640516806,0.8873239436619719,0.9149305555555556
QmYATDoCpu7ebnaLZ1tzpU19QWfn8dJCeLbLB3L3WuyaXz,The morning bright with rosy light - John Bower,NA,The morning bright with rosy light,John Bower,NA,classical,NA,publicdomain,0.0,0,0,4,1,1,0,9,93,10.333333333333334,False,2.5491682648991705,1.0,0.8888888888888888
QmcHjtMJbQUNYBfa1p7pHxeNjyJbfHxw4LKZrBBSB323TK,The Morning Dew,NA,The Morning Dew,Misc tunes,NA,NA,NA,publicdomain,0.0,0,0,2,1,1,0,97,698,7.195876288659794,False,2.5502702687935,1.0,0.9759450171821306
QmcDHaKkWbbn85udP4CeDSUAJi18CmgbjGY7o3QuBueh8b,The Morning Dew,Hare in the Heather The,The Morning Dew,Misc tunes,NA,NA,NA,publicdomain,0.0,0,0,2,1,1,0,48,354,7.375,False,2.600593376030529,1.0,0.97265625
QmcN2uoHiLZKuJhwB7yu1HN6eBsdzQpf6Ruh9PXe4VhFvR,The Morning Dew,Hare in the Heather The,The Morning Dew,Misc tunes,NA,NA,NA,publicdomain,0.0,0,1,23,1,1,0,24,176,7.333333333333333,False,2.6015277027165387,1.0,0.9739583333333334
QmQ3QwbkpzYe2jcF4o6ckjhCZ2hS7jdnwFk8tnY9gVqV7e,The Morning Dew,Joe Cooley's Morning Dew,The Morning Dew,Misc tunes,NA,NA,NA,publicdomain,0.0,0,0,7,1,1,0,16,115,7.1875,False,2.557531806791971,1.0,0.98046875
QmZD5VDDL5mWPwL5aQUjuPFX557oziKij3sU7qJvmUc5ij,the Morning Dew,the Hare in the Heather,The Morning Dew,Misc tunes,NA,NA,NA,publicdomain,0.0,0,0,25,1,1,0,40,294,7.35,False,2.5579109965818305,1.0,0.9760416666666668
QmT9fAQwjxpHbTdP3aB6aeekUXYoyUDZsnXwDfLJPj2hAD,The Morning Dew,NA,The Morning Dew,Misc tunes,NA,NA,NA,publicdomain,0.0,0,0,3,1,1,0,8,59,7.375,False,2.5585401474269687,1.0,0.9713541666666666
QmRNTo4BkJ6nM6R4xjLDC3A2oEquSAEbZ6cyJfdAgD73Qj,The Morning Dream.,aisling na maidne.,The Morning Dream.,Misc tunes,NA,NA,NA,publicdomain,0.0,0,0,2,1,1,0,18,79,4.388888888888889,False,2.62546416028546,1.0,0.9109848484848484
QmR76UwK3qrwLHHBX6Tpqv3MzNfp8PJCiXNNoQfZrxn6YS,The morning light is breaking - I. N. McHose,NA,The morning light is breaking,I. N. McHose,NA,classical,NA,publicdomain,0.0,0,0,3,1,1,0,18,216,12.0,False,2.351263959840343,0.9861111111111112,0.9079861111111112
QmYdSJ813svXgkm4UrRVYZPmmcVsC5ZjSp9uZbhdhL41cw,The Morning of Life,NA,The Morning of Life,Misc tunes,O'Carolan,NA,NA,publicdomain,0.0,0,0,2,1,1,0,19,110,5.789473684210527,False,2.656584714656837,0.9818181818181818,0.909313725490196
QmPwXxJp13L9ievtgYXDP4vteuh3Yur5322MfgFmiohH9e,The morning star,NA,The Morning Star,Misc tunes,anon.,NA,NA,publicdomain,0.0,0,0,3,1,1,0,22,119,5.409090909090909,False,2.713468966912554,0.9915966386554622,0.9328703703703703
QmR1Pkrn4CAiiQRMJBAgYqqcapiuh3UeVDU7Mu7Q6E9uXg,The Morning Star (air) 0422,NA,The Morning Star,Misc tunes,after Cpl. Kerwinmoderate,NA,NA,publicdomain,0.0,0,0,2,1,1,0,17,79,4.647058823529412,False,2.675628875502683,1.0,0.8784722222222222
QmbBkKYMft9E9a7jVR8L3o9vetco1AetTnEYGwVT1Q2LUu,The Morning Star (reel) 1191,NA,The Morning Star (reel) 1191,Misc tunes,after Chief F. O'Neill,NA,NA,publicdomain,0.0,0,0,6,1,1,0,26,154,5.923076923076923,False,2.686912291259148,0.9935064935064936,0.9692460317460316
QmTnKStMDZQi4JmgXuZPh1qT5bqio8bozwwcU817FyPKcV,The Morning Trumpet - B. F. White,NA,The Morning Trumpet,B. F. White,NA,classical,NA,publicdomain,0.0,0,0,19,0,3,0-0-0,27,230,8.518518518518519,False,2.6054268271115166,1.0,0.9310897435897436
QmeiPFau4AMarqY94STBp3YgPCuCXpw4c3uGWKBCbwVJYz,The Morpeth Rant,NA,Morpeth Rant,Misc tunes,NA,NA,NA,publicdomain,0.0,0,0,2,1,1,0,72,458,6.361111111111111,False,2.6461781727966738,1.0,0.9518229166666666
QmUssQrg7fyPKnwhodKRMrqZ9rjdymuMBHH6vTzKVL65f4,The Mother And Child,NA,Mother And Child,Misc Traditional,NA,folk,NA,publicdomain,0.0,0,0,2,1,1,0,24,156,6.5,False,2.622721902811497,1.0,0.9375
QmUBZoZVASNMk7r7Vb2ABhRzV82ktr2q1fqcWvEiqjRGw1,THE MOULDERING VINE (Carrell) - James P. Carrell,NA,THE MOULDERING VINE (Carrell),James P. Carrell,NA,classical,NA,publicdomain,0.0,0,0,1,0,6,0-0-0-0-0-0,26,441,16.96153846153846,False,2.567007419109565,1.0,0.953525641025641
Qmc8Mfujs4gteNkCRHooYwq84dhEpthvJj1GvTdircsSfs,The Mouldy Pineapple,NA,The Mouldy Pineapple,Misc tunes,NA,NA,NA,publicdomain,0.0,0,0,4,1,1,0,45,288,6.4,False,2.3884545389191607,1.0,0.9713541666666666
QmYTchycKWTd86drPH9GLqpYx5PNbNaeF3zD5MpbKHqg5r,The Mountain Sprite,In yonder valley there dwelt alone,The MOUNTAIN SPRITE,Misc tunes,NA,NA,NA,publicdomain,0.0,0,0,2,1,1,0,11,56,5.090909090909091,False,2.7091904234199458,1.0,0.8779761904761905
QmNNz43e5vNhMoSihQQyKSFGscCQk8o4tcQJnurZFpe4U1,The Mountain Streams,Mountain Streams Where the Moorcocks Crow The,The Mountain Streams,Misc tunes,NA,NA,NA,publicdomain,0.0,0,0,9,1,1,0,41,191,4.658536585365853,False,2.745298989011366,0.9685863874345548,0.9107142857142856
QmWog4zgrKEsrQ1dDJTrWS8fBZNKceuNFxF7WMWUkhRoke,The Mountain Streams Where The Moorcocks Crow,NA,The Mountain Streams Where The Moorcocks Crow,Misc tunes,NA,NA,NA,publicdomain,0.0,0,0,7,1,1,0,27,134,4.962962962962963,False,2.445151240769096,1.0,0.8918010752688172
Qme415DmPrmoLfekcqTgPLEktYsE7NQD1yrVNUcWa1W3DJ,The Mountain Streams Where The Moorcocks Crow,NA,The Mountain Streams Where The Moorcocks Crow,Misc tunes,NA,NA,NA,publicdomain,0.0,0,0,5,1,1,0,36,230,6.388888888888889,False,2.5406341377034654,1.0,0.9622395833333334
QmRrFkoxevDY7M51CGp9YgpQbZzzWv7vkekQCu1mUbLUUe,The mountain-path is rough and steep - Jno. R. Sweney,NA,The mountain-path is rough and steep,John R. Sweney,NA,classical,NA,publicdomain,0.0,0,0,6,1,1,0,37,392,10.594594594594597,False,2.692358555015425,0.9897959183673468,0.9537760416666666
Qma8nRKbCe6Spprhkwp3RmCNBbwN3u5azra3YU8a79F1KU,The Mountaineer's March (doublejig) 1030,NA,The Mountaineer's March (doublejig) 1030,Misc tunes,after Chief F. O'Neill,NA,NA,publicdomain,0.0,0,0,1,1,1,0,38,204,5.368421052631579,False,2.6603595210017184,1.0,0.97
QmRynJdEiMYcryJLWxnUVSBWUj478mjyozKZxvEuLBA9VW,The Mouse behind the Dresser,Mary O'Neill's Fancy,The Mouse Behind The Dresser,Misc tunes,NA,NA,NA,publicdomain,0.0,0,0,9,1,1,0,17,107,6.294117647058823,False,2.4794591503389576,1.0,0.9361979166666666
QmW8MV9wNoBFu3171VHZDMj5r5mnzzuFVrAuNfddhVigN2,The Mouseskin Shoe,NA,The Mouseskin Shoe,Misc tunes,NA,NA,NA,publicdomain,0.0,0,0,4,1,1,0,33,313,9.484848484848484,False,2.699682343932724,1.0,0.9583333333333334
QmdekDBTE1JoURkU9jTkNS9j5jreCzTDqoeVg5UyjePKKr,The Muffin Man that Kisses the Lasses O. JGi.185,La Belle Catherineaka. JGi.185Come Dance and Singaka. JGi.185,The Muffin Man. WM.051,Misc tunes,NA,NA,NA,publicdomain,0.0,0,0,8,1,1,0,32,100,3.125,False,2.366328436014491,1.0,0.9527777777777776
QmceRvAaVEaT9zeAEdsec8i2LFYWMkTEZzJSm3E4BuN63W,The Mug of Brown Ale,Jug of Brown Ale The,The Mug Of Brown Ale,Misc tunes,NA,NA,NA,publicdomain,0.0,0,0,1,1,1,0,96,527,5.489583333333333,False,2.506523407793024,1.0,0.9704861111111112
QmPDnfeahMF63FdfwmfpePcPN61zqdwEufGVCbEVERxt6o,The Mug of Brown Ale,Jug of Brown Ale The,The Mug Of Brown Ale,Misc tunes,NA,NA,NA,publicdomain,0.0,0,0,3,1,1,0,112,630,5.625,False,2.440912447667627,1.0,0.9791666666666666
QmdgvYWq4RKUMQ1ZMGRXcgVmLV4JXJNdZcn57GwbZzkqHs,The Mug of Brown Ale,Jug of Brown Ale The,The Mug Of Brown Ale,Misc tunes,NA,NA,NA,publicdomain,0.0,0,0,1,1,1,0,216,1216,5.62962962962963,False,2.57585499025732,1.0,0.9799382716049384
QmTqQs6bah3mwaYRK1nJrKHeX5dg9q8845ygAvVVfCs3kr,The Mug Of Brown Ale,NA,The Mug Of Brown Ale,Misc tunes,NA,NA,NA,publicdomain,0.0,0,0,8,1,1,0,8,46,5.75,False,2.616076471780464,1.0,0.9916666666666668
QmYvs6gqX9cn3oA9QW4jsj4qpWo1u4WtcF3tQhnaUAp4oj,The Mulberry Garden,NA,the Mulberry Garden,Misc tunes,NA,NA,NA,publicdomain,0.0,0,0,3,1,1,0,14,53,3.7857142857142856,False,2.737420910860821,0.9433962264150944,0.96875
QmU6NBKhqyC4Pv82oRQUdAuc8pRjyjggJt2rRL3JnN1Nv5,The Mulberry Garden,NA,the Mulberry Garden,Misc tunes,NA,NA,NA,publicdomain,0.0,0,0,10,1,1,0,18,68,3.7777777777777777,False,2.706590632498246,0.9558823529411764,0.921875
QmT76VqCRsQ1LHLrsaEaA7R3UWttj7M4rK7qW16DGjhBCY,The Mulberry Garden. (p)1670.PLFD1.204,Maid In The Mill. (p)1670.PLFD1.204 The,The Mulberry Garden. (p)1670.PLFD1.204,Misc tunes,NA,NA,NA,publicdomain,0.0,0,0,2,1,1,0,28,102,3.642857142857143,False,2.748255068498778,0.9411764705882352,0.964699074074074
QmTdRmmjyXDjCDEprnnbtwx2G6fnk2EpdRtjaZsvwXh15v,The Mullingar Lee,Nine Pint Coggie The,The Mullingar Lee,Misc tunes,NA,NA,NA,publicdomain,0.0,0,0,3,1,1,0,16,110,6.875,False,2.816685105404179,0.990909090909091,0.9596354166666666
QmXQr4SjZAtAj18fFwqG2UhycLx1MCZCyYwgRGzZuHt8qJ,The Mullingar Lee,Nine Pint Coggie The,The Mullingar Lee,Misc tunes,NA,NA,NA,publicdomain,0.0,0,0,5,1,1,0,32,226,7.0625,False,2.8282210392976785,0.986725663716814,0.9537760416666666
QmVWdMqq1JHCKMvfvVMiZcGB7uvp4r3cRRSk1uAKUTjd9a,The MUNSTER BUTTER MILK,NA,The MUNSTER BUTTER MILK,Misc tunes,NA,NA,NA,publicdomain,0.0,0,0,5,1,1,0,56,326,5.821428571428571,False,2.5887008386805763,1.0,0.9851190476190476
Qmd3BKmt1Yz6xUtYKKVUqceNezMvSmF8urStqYuo7Rp7oy,The Munster Lass (march) 1838,NA,The Munster Lass (march) 1838,Misc tunes,Unattributed,NA,NA,publicdomain,0.0,0,0,1,1,1,0,34,196,5.764705882352941,False,2.6810296937091995,1.0,0.9483333333333334
QmfRHhV75ZmvNDsy5rGuSfvrsJ6MYvmcjEBpT5k5nKDnJ2,The Munsters Theme (for accordion),NA,The Munsters Theme,Jack Marshall TV Theme Song,Jack Marshall,NA,munsters-theme-the,cc-zero,4.87,5,26,832,2,1,2,28,391,13.964285714285714,True,2.9973677511072845,0.9360613810741688,0.9441964285714286
QmUmSXuM47neGhqNqLSDVFJRPJm1CtMjMWVtnfBaJ8GdCc,The Murroe,East LimerickLeitrim TheMurroePeg Ryan'sPeggy Ryan's Fancy,The Murroe,Misc tunes,NA,NA,NA,publicdomain,0.0,0,0,8,1,1,0,32,122,3.8125,False,2.5792754623191803,1.0,0.9348958333333334
QmdMCvjCGpwB1j3AY82nbfhFjuXXZJHkUwo6vgHKnRMBy5,the Muses,NA,the Muses,Misc tunes,NA,NA,NA,publicdomain,0.0,0,0,0,0,2,0-0,18,125,6.944444444444445,False,2.7368637877209294,0.984,0.9461805555555556
QmR5HayMMLz5TwoiZedvuaoCjbRj8uaPTgMkTrXG4mcyjN,The Mushroom Treatment,NA,The Mushroom Treatment,Misc tunes,NA,NA,NA,publicdomain,0.0,0,0,2,1,1,0,32,234,7.3125,False,2.428416523452412,1.0,0.9576822916666666
QmQrFNWNrE5YkkntRrBGuo39xkDVRxDMUQvAZkNF9otU4C,The Music of CSU,Arts for Good Project,NA,NA,Sara Chaudhary/CSU Students,NA,communitymusic-csu-musicofcsu-leap,cc-zero,0.0,0,0,72,0,1,0,32,32,1.0,False,3.042837797403416,0.84375,0.9333333333333332
QmcSZb9B4sMKkNmeq6h29A6EYk8fC2jS2CrP6BuSpvisrX,The Musical Snuff Box. JHa.06,NA,The Musical Snuff Box. JHa.06,Misc tunes,NA,NA,NA,publicdomain,0.0,0,0,8,1,1,0,45,258,5.733333333333333,False,2.518318262725563,0.984375,0.90625
QmfMWd3h3qGYc2SgqnPqYc54sMAUiJbJUPdksRyttLE1K3,The Muìneachan Switch,Monaghan Switch,The Muìneachan Switch,Misc tunes,NA,NA,NA,publicdomain,0.0,0,0,8,1,1,0,34,124,3.647058823529412,False,2.828191258152219,0.9516129032258064,0.9205729166666666
QmZdDHN74LbeZtVgKihF5akLAZnnrQKqzXB94ZHtZ7Dmph,The Mystery,First Draft,The Mystery,SP.Megown,S.P. Megown,NA,piano-pianosolo-mystery-themystery,cc-zero,0.0,0,0,44,1,1,0,117,993,8.487179487179487,False,2.9445433416776368,0.8578629032258065,0.9646317829457364
Qme3uLXakZEaNpbfAvhAdSVMARdqqQRZePGi9nkhDr6tfg,The Mystic Flames Of Boitatá,NA,The Mystic Flames Of Boitatá,Misc tunes,NA,NA,NA,publicdomain,0.0,0,1,2,1,1,0,32,236,7.375,False,2.4769342438594912,1.0,0.978515625
QmW1vnvannpyqNpo5n5j5W1DyuBpm8WBVeT3zML2iPVuvo,The Name of Life,NA,The Name of Life,Joe Hisaishi,Joe Hisaishi,classical-soundtrack,thenameoflife-spiritedaway-inochinonamae-pianosolo,cc-zero,4.8,17,36,782,2,1,0,126,1700,13.492063492063492,False,3.2882111652796246,0.8329411764705882,0.9426666666666668
QmadzkNtvteUwU54gvozA7EQTqzihpsRBZGugtxmC36h9p,The name of the Lord shall be exalted - J. P. Scholfield,NA,The name of the Lord shall be exalted,J. P. Scholfield,NA,classical,NA,publicdomain,0.0,0,0,33,2,1,0,43,537,12.488372093023257,False,2.79377260530678,0.9646182495344506,0.9510416666666668
QmSbQwqBe9jnsQyBQxD5UP7YwhTyiMNMZwKJ1gWc5qaYUe,The Nameless Lassie,NA,The Nameless Lassie,Misc tunes,Joe Buchanan's Scottish Tome - Page 562.1,NA,NA,publicdomain,0.0,0,0,4,1,1,0,41,75,1.829268292682927,False,2.7166362627559844,1.0,0.9465277777777776
QmYh5HxZwNUZ8uCUzvjaZjcLj6AjRUkwnTJuSgXUXpKQij,the Namure,Longways for as &c.,the Namure,Misc tunes,NA,NA,NA,publicdomain,0.0,0,0,0,1,1,0,32,140,4.375,False,2.752230962705322,1.0,0.9253472222222222
QmePRhYhR3rwVo1LMDZq4wK4fYGE4B4RYU1fXjCdoZCrW1,The Narrow Way - Andrew Grambling,NA,The Narrow Way,Andrew Grambling,NA,classical,NA,publicdomain,0.0,0,0,5,0,2,0-0,21,222,10.571428571428571,False,2.3526100580288847,1.0,0.9291666666666668
QmWrSn3Gacb5yQiLu4uf6F4mbcj96esCrSsUaRAYYE4dy5,The Naval Pillar,NA,the Naval Pillar,Misc tunes,NA,NA,NA,publicdomain,0.0,0,0,4,0,2,0-0,20,190,9.5,False,2.6951729929670125,0.9789473684210528,0.953125
QmRRfUgn5hKZ6tYAMpQNB6u12X6FisnfCmScvyXCdNjGHA,The Navvy. WHL.[113],Worcester Hpaka. WHL.[113] TheNew Bridge Hpaka. WHL.[113] The,The Navvy. WHL.[113],Misc tunes,NA,NA,NA,publicdomain,0.0,0,0,2,1,1,0,28,178,6.357142857142857,False,2.7113981010613744,1.0,0.9704861111111112
QmSjNBgKCxteY7RrwD2yN9yLHXRUZYeUNQuFCiLe59R7Aa,The nearer I reach the end of life (Ackley) - B. D. Ackley,NA,The nearer I reach the end of life (Ackley),B. D. Ackley,NA,classical,NA,publicdomain,0.0,0,0,3,1,1,0,18,218,12.11111111111111,False,2.8395558636493266,0.9534883720930232,0.9716666666666668
QmR95LhPvz2ArzJY1rxz2Ewpb1tpkWiNLTAUHHuZgwF1RH,The Neglected Tar,NA,The Neglected Tar,Misc tunes,NA,NA,NA,publicdomain,0.0,0,0,4,1,1,0,50,202,4.04,False,2.72116169783248,1.0,0.9539930555555556
QmZ216UwRQ2YuPSv9REYoHkNSZZ4YhyvLH85kzn4vtp3CR,The Nemesiss,NA,The Nemesiss,Misc tunes,No 143 Page 68 William Clarke of Feltwell,NA,NA,publicdomain,0.0,0,0,11,1,1,0,37,244,6.594594594594595,False,2.6873777922139,1.0,0.970959595959596
QmVaYGbt6db2MKfcJVzjDbmSa95LAwNQLQrk5txrAkpz5v,the Nether Bow has Vanished,NA,the Nether Bow has Vanished,Misc tunes,NA,NA,NA,publicdomain,0.0,0,0,0,0,2,0-0,24,290,12.083333333333334,False,2.540661859486708,0.986206896551724,0.9392361111111112
QmVghDJRV3E8tCAPbHmyFpHxaSfwTSoRsEnnRzqakB2tA6,The New 23rd,Psalm 23,NA,NA,Ralph Carmichael,NA,NA,cc-zero,4.66,3,5,801,0,2,0-0,47,1449,30.829787234042552,False,2.8877404960639588,0.9565826330532212,0.9640151515151516
QmXEa3idV8hMJ3Jo8HL2kCbKyW7BM3fhECp6dXirmqcD5K,The New Brunswick,NA,BRUNSWICK WALTZ,Misc tunes,NA,NA,NA,publicdomain,0.0,0,0,2,1,1,0,20,148,7.4,False,2.692712406743443,1.0,0.9227430555555556
QmQEMP3fSoNYJ2RvTe7rAe4Y6Lfn9v447dXDA25Bv1m7Bf,The New Comet,NA,The New Comet,Misc tunes,NA,NA,NA,publicdomain,0.0,0,0,2,1,1,0,38,200,5.2631578947368425,False,2.637703592787846,1.0,0.9153645833333334
Qme3ptRTvtaNgh4mVzzybSfvSbQfj7TSo1PcdyoTVHqdDM,The New Demesne (1st setting) (reel) 1208,NA,The New Demesne (1st setting) (reel) 1208,Misc tunes,after Mr. Kennedy,NA,NA,publicdomain,0.0,0,0,7,1,1,0,18,154,8.555555555555555,False,2.673972936073299,0.987012987012987,0.909313725490196
QmYFCZEkw9zY4xDvcnxuJbncy49TdVqhKbrPjDdUyF3BNq,The New Exchange,The New Royal Exchange,The New Exchange,Misc tunes,NA,NA,NA,publicdomain,0.0,0,0,4,1,1,0,9,36,4.0,False,2.578252086271541,1.0,0.8680555555555556
QmVHypvTMYJaxy99ctdHbujpGPwXnVytdJAhanVD9U7FRX,The New Fandango,NA,The New Fandango,Misc tunes,Thompson - Apted Book 1778,NA,NA,publicdomain,0.0,0,0,15,1,1,0,36,150,4.166666666666667,False,2.573105951693724,1.0,0.9236111111111112
QmSoYXXgVWaLQifG25WpFpbqnnLWhzECChMWWWYfvfyFiS,The New Mail Coach,NA,The New Mail Coach,Misc tunes,NA,NA,NA,publicdomain,0.0,0,0,6,1,1,0,32,233,7.28125,False,2.83028493338177,0.9828326180257512,0.9252873563218392
QmagA7CacaKANStpegkFbGfbk7WobG5jWeYj1fFvy6TMu4,The New Mail Coach (reel) 1302,NA,The New Mail Coach (reel) 1302,Misc tunes,after Mr. McNamara,NA,NA,publicdomain,0.0,0,0,4,1,1,0,21,138,6.571428571428571,False,2.833184348106247,0.9855072463768116,0.909313725490196
QmZub1agYXndGAH8Zo3JFg8cqDMsDYTJdtNHrgBuf8Y5G4,The New Mailcoach,NA,The New Mailcoach,Misc tunes,NA,NA,NA,publicdomain,0.0,0,0,2,1,1,0,19,132,6.947368421052632,False,2.7448683069783035,1.0,0.8997395833333334
QmY24AeRoE5h9ALsDQmmR8zE6BFHWAKjJ4YegZxXuk3Mbv,The New Miss McLeod,Ríl Nua Iníon Mhic LeoidCaptain Kelly's Reel (3),Miss McLeod's,Misc Traditional,NA,folk,NA,publicdomain,0.0,0,0,1,1,1,0,16,116,7.25,False,2.4186605337319387,1.0,0.9557291666666666
QmSYjYi5fDwfPw2rpexc6hDmkdeUB2DWTomep5suHBXNff,The New Name - J. E. Hall,NA,The New Name,J. E. Hall,NA,classical,NA,publicdomain,0.0,0,0,2,1,1,0,25,340,13.6,True,2.633216178114384,0.9941176470588236,0.957427536231884
QmRN6JXwspKj1Tyj6wgy9NJoBfvWHr43gh8mMPjU6jzFMY,The new policeman,NA,The new policeman,Misc tunes,anon.,NA,NA,publicdomain,0.0,0,0,2,1,1,0,21,123,5.857142857142857,False,2.507959079469499,1.0,0.9340277777777778
QmaVceHxqNYJT8o3UqXUHBKTEgNBBkM3vfwHi6CkovvDWx,The New Redowa of Paris,NA,The New Redowa of Paris,Misc tunes,Leaflets of the Ball Room 1847. Play AABA as nauseam,NA,NA,publicdomain,0.0,0,0,4,1,1,0,27,106,3.925925925925926,False,2.812484027270004,0.9716981132075472,0.9398148148148148
QmPiJY3eN69qZAmYMVfKRzbt2qPTKfYKL4BwbrTV2ziSfY,The New Rigged Ship,NA,The New Rigged Ship,Misc tunes,NA,NA,NA,publicdomain,0.0,0,0,3,1,1,0,88,417,4.738636363636363,False,2.721802023686849,1.0,0.9439890710382514
QmQ2FESdvXoL3PXLZnnxHR6vJMSCWjfoHquGJxJZjaPk8r,The New Rigged Ship/Miss Finlay's Delight,NA,The New Rigged Ship,Misc tunes,Niel Gow 1788 and older,NA,NA,publicdomain,0.0,0,0,1,1,1,0,52,244,4.6923076923076925,False,2.68964713213726,1.0,0.9236111111111112
QmepMGRQWGpeTZJw1qSbS43GmQb9VqUW1voCA1oPxspJ2x,The New Road,New Post Office Reel The,The New Road,Misc tunes,NA,NA,NA,publicdomain,0.0,0,0,2,1,1,0,64,462,7.21875,False,2.646584019932777,0.9848484848484848,0.9690755208333334
Qmd9HLZXbjxJsx7zdrtytXymFKqfeAYEoz4incSqM7YepN,The New Road To Berwick. HA.124,Go To BerwickBilly. HA.124,The New Road To Berwick. HA.124,Misc tunes,NA,NA,NA,publicdomain,0.0,0,0,3,1,1,0,28,204,7.285714285714286,False,2.5121761140926124,1.0,0.9533730158730158
QmRRNLN5v28dLJA6m76QEoicuT6RVvKQgUcdnMqBvy3D8P,The New School,NA,The New School,Misc tunes,file ID: onmi.misc/048new_sch,NA,NA,publicdomain,0.0,0,0,1,1,1,0,48,218,4.541666666666667,False,2.657103942690872,1.0,0.8796296296296297
QmWH9MTmbvbULUHhhExY1QWjULBtsVo9gjjNYxtcouVuSp,The New Tambourin. Ru1.032,Bagpipersaka. Ru1.032,The New Tambourin. Ru1.032,Misc tunes,NA,NA,NA,publicdomain,0.0,0,0,1,1,1,0,27,88,3.259259259259259,False,2.73813475116679,1.0,0.9626736111111112
QmP3atKZbSif87B8Xbek9ibiuaGPkktAsy9HNNLYHXqm6L,The New Tambourin. Ru1.032,Bagpipersaka. Ru1.032,The New Tambourin. Ru1.032,Misc tunes,NA,NA,NA,publicdomain,0.0,0,0,1,1,1,0,36,118,3.2777777777777777,False,2.793921739660243,1.0,0.9602864583333334
QmbH3KBYCBiqiPvqpzYiQgzRkk8WU2vRwQZioptLHwjkWz,THE NEW TARIFF HUNT -- Reel,NA,THE NEW TARIFF HUNT -- Reel,Misc tunes,NA,NA,NA,publicdomain,0.0,0,0,2,1,1,0,36,226,6.277777777777778,False,2.694371247428343,1.0,0.970703125
QmWb9JdAUvWGBRzHNphjoFGzgJvZQ9NmxdGxsNMMhGZvbe,the New Town of Edinburgh,NA,The New Town of Edinburgh,Misc tunes,NA,NA,NA,publicdomain,0.0,0,0,0,0,2,0-0,40,410,10.25,False,2.351772250780396,1.0,0.9466145833333334
QmYDkUzxGbnJ2oeK2jJMnaGVeuJUjAULxRjvbxEC7tF62A,The New Vagary. (p)1665.PLFD1.184,New Figary. (p)1665.PLFD1.184 The,The New Vagary. (p)1665.PLFD1.184,Misc tunes,NA,NA,NA,publicdomain,0.0,0,0,2,1,1,0,34,182,5.352941176470588,False,2.867296853316612,0.945054945054945,0.93125
QmYZ9WZsDiSKCJ6PtMBzWe9CuQg1vNi5dn7yFLfyj1rqBu,The New Varsoviana,NA,The New Varsoviana,Misc tunes,NA,NA,NA,publicdomain,0.0,0,0,3,1,1,0,260,938,3.607692307692308,False,3.0573328229473136,0.9232409381663113,0.9169007490636704
QmbksQrq4APFFyuxsXSjEr9X5A5mHe3nQjJ8eMynoQckr2,The Newcastle,NA,NEWCASTLE,Misc tunes,NA,NA,NA,publicdomain,0.0,0,0,1,1,1,0,18,134,7.444444444444445,False,2.832088157117568,0.9776119402985076,0.8815104166666666
QmbNPeKY1swYxEog6Lv1JBG2wUwFmBLkcKBjY9FzwrnbNt,The Newcastle,NA,NEWCASTLE,Misc tunes,NA,NA,NA,publicdomain,0.0,0,0,0,1,1,0,36,236,6.555555555555555,False,2.9175978666114704,0.9661016949152542,0.9485677083333334
QmcCnEJ9LMXeAhTxRjC9RrgAm26u2DSJvphYE7Uk4GZhF9,the NEWCASTLE,NA,NEWCASTLE,Misc tunes,NA,NA,NA,publicdomain,0.0,0,0,1,1,1,0,28,155,5.535714285714286,False,2.850235262684037,0.9741935483870968,0.8878968253968254
QmX6rMVJULS3sZCHa6vTEH1AxVswz7acEAhxRJLVQwoB2w,The Newcastle Hornpipe. WHL.[107],Kirkgate Hpaka. WHL.[107],NEWCASTLE,Misc tunes,NA,NA,NA,publicdomain,0.0,0,0,3,1,1,0,18,107,5.944444444444445,False,2.710062270690344,1.0,0.9635416666666666
QmZaBYmNo1C87HVfqEnbjG47E44VSTgzdkDEaQrPEFN5nE,The Newcastle Raceror.... PFD3.087,Damsels Delight. PFD3.087 The,The Newcastle Raceror.... PFD3.087,Misc tunes,NA,NA,NA,publicdomain,0.0,0,0,1,1,1,0,12,78,6.5,False,2.675518684419828,1.0,0.9652777777777778
QmSFQkzyAhy4bdAcjrxiWHt4Xy2MzWHR7wqLe7EgTJQbnb,The Next Right Thing (Piano Arrangement),From Disney's Frozen II,The Next Right Thing,Kristen Anderson Lopez Bobby Lopez,Kristen Anderson-Lopez and Robert Lopez,NA,disney,cc-zero,4.51,30,81,1395,2,1,0,77,925,12.012987012987011,True,3.4335790568874267,0.6985854189336235,0.9306469298245614
QmWzsa38MswMrPfD7S4R874F2K7nk8cju8yQA5XJrwVPJv,The Night Before Larry Was Stretched,Night Poor Larry Was Stretched The,The Night Before Larry Was Stretched,Misc tunes,NA,NA,NA,publicdomain,0.0,0,0,5,1,1,0,32,268,8.375,False,2.732315760419775,1.0,0.9739583333333334
QmPt6wids2JmbM249nzH2wVFUHrVRoCuQFYWAx4cUUHJbE,The Night Before Larry Was Stretched,NA,The Night Before Larry Was Stretched,Misc tunes,NA,NA,NA,publicdomain,0.0,0,0,3,1,1,0,16,136,8.5,False,2.725876054666013,1.0,0.9733796296296297
QmYCcoNYfEpQU7D8Rzcaa7M4Wdkjrw8AJUWn1TSqAAu6xW,The Night Before Larry Was Stretched,NA,The Night Before Larry Was Stretched,Misc tunes,NA,NA,NA,publicdomain,0.0,0,0,2,1,1,0,24,199,8.291666666666666,False,2.7366962134450508,1.0,0.9652777777777778
QmVUJNJhV1tNRi13bAm8wxE2nfBLHknmd8nFJFpPptkQmG,The night before Larry was stretched,NA,The Night Before Larry Was Stretched,Misc tunes,NA,NA,NA,publicdomain,0.0,0,0,2,1,1,0,17,78,4.588235294117647,False,2.268339588543609,1.0,0.9270833333333334
QmT5b7TvjGGoVX5HRVVs9yF1AartW7sC2iCmNbRx3AJHLL,The night is fast passing - A. J. Gordon,NA,The night is fast passing,A. J. Gordon,NA,classical,NA,publicdomain,0.0,0,0,2,1,1,0,34,234,6.882352941176471,False,2.691033454694133,0.9786324786324786,0.9496527777777778
QmbSUabx8J6fhPtBtjapDXEnP4k55qGkBNE9s7Cjrhsces,The Night King (Advanced Piano Solo),Game of Thrones OSTSeason 8 Episode 3,The Night King,Ramin Djawadi,Composed by Ramin DjawadiPiano arrangement by Nicolas Del GalloFull playthrough and more athttps://www.youtube.com/c/NDGmusicIf you want to donate please check out my Patreon âºhttps://www.patreon.com/ndg,classical-soundtrack,thenightking-piano-gameofthrones-ramin-djawadi-advanced-complete-full,cc-zero,4.91,9,49,1603,3,1,0,125,2964,23.712,False,3.160554912932472,0.8545081967213115,0.9291325136612022
QmWZzCQ1bAmDXuG8nVS5c276oewTnnVnFpaWbDEJvzf2oT,The Night Visiting Song,NA,The Night Visiting Song,Misc tunes,NA,NA,NA,publicdomain,0.0,0,1,63,1,1,0,9,54,6.0,False,2.361474758402565,1.0,0.8932291666666666
QmTDPVMxGmkGn6gjMDGVoJzrARfa5cQz1xoQzEtvLk9Rx3,The Night Was Calm (air) 0582,NA,The Night Was Calm (air) 0582,Misc tunes,after Sg't. J. O'Neillslow,NA,NA,publicdomain,0.0,0,0,1,1,1,0,18,69,3.8333333333333335,False,2.558095099436164,1.0,0.9427083333333334
QmbQi88r15RKkyrvnvNENbDjp2u1Hd4jCYUTjMm3mijtms,The Night Was Calm.,do .bi an oi.d.ce cuin.,The Night Was Calm.,Misc tunes,NA,NA,NA,publicdomain,0.0,0,0,4,1,1,0,17,64,3.764705882352941,False,2.552168510232848,1.0,0.9427083333333334
QmW3sxtiqe11hJfpppqxwxL1GiKaMmjowNgkvVjCJxyJKy,The night was dark; the watchers slept - Chas. H. Gabriel,NA,The night was dark; the watchers slept,Chas. H. Gabriel,NA,classical,NA,publicdomain,0.0,0,0,2,2,1,0,24,254,10.583333333333334,True,2.9794548707822126,0.9291338582677166,0.9479166666666666
QmPofAKKp3yDYEtHFXgMfrSbtxfB15WQ1kRBn9wsVQ7KE8,The night we made the match,NA,The night we made the match,Misc tunes,anon.,NA,NA,publicdomain,0.0,0,0,2,1,1,0,36,240,6.666666666666667,False,2.803863908083565,0.9583333333333334,0.9765625
QmdeUZvP7HEUaJUtc6rF3WURDxnCgs4sri1vHz62s5gV7u,The night we made the match,NA,The night we made the match,Misc tunes,anon.,NA,NA,publicdomain,0.0,0,0,2,1,1,0,27,185,6.851851851851852,False,2.802876721529396,0.9621621621621622,0.9809027777777778
QmcvWL6FZXtqAQp4HXnpsT7Z97VcLgAc1WJztCApv7BECF,The Night We Met,NA,NA,NA,Composer,NA,piano-solo,cc-zero,0.0,0,7,176,0,2,0-0,169,789,4.668639053254438,False,2.2853863789495543,1.0,0.9877645502645502
QmRyz663ScU71ivASBzZnTRDbTQx94oEi86oyuWiUDEeQw,The Night We Met Acapella - Lord Huron (Six Sisters Cover),(Six Sisters Acapella),the night we met,Lord Huron,Nathan Wood,folk,acapella-thenightwemet-lord-huron-sixsisters,cc-zero,4.5,9,48,1930,0,6,0-0-0-0-0-0,65,1717,26.41538461538461,True,2.6142000490956527,1.0,0.9331808943089432
QmW3e3LJMm1KpibmE47m4NZ9r3ijQWm7ZsthvaVsQz9ZqJ,The Night We Met REUPLOAD,Serendipity a Capella,the night we met,Lord Huron,OPB. Lord Huron,folk,NA,cc-zero,0.0,0,4,173,0,7,0-0-0-0-0-0-0,48,1049,21.854166666666668,True,2.575114552328829,1.0,0.9751344086021504
QmQmbz3YiLqaAMKMJtMGs4iKNbjfQ2KvJsipoztskiSscz,The Nights- Avicii (INCOMPLETE),NA,the nights,Avicii,Composer,pop-electronic,NA,cc-zero,0.0,0,0,115,0,2,0-0,36,172,4.777777777777778,False,2.3520107356976747,1.0,0.8914930555555556
QmQe5PVS2kiSKQhmf2mxiWbjZcXyRhDozsQyHZVTBkyL4h,The Nine Pint Coggie,The Collier's Daughter,The Nine Pint Coggie,Misc tunes,NA,NA,NA,publicdomain,0.0,0,0,2,1,1,0,34,240,7.0588235294117645,False,2.696100988734436,0.9666666666666668,0.9361979166666666
QmP16W4kWGUADydEzxUvs8G6gcw2k3sdHaMsrVaQ3kaTBi,The Nine Points of Roguery,NA,The Nine Points Of Roguery,Misc tunes,NA,NA,NA,publicdomain,0.0,0,0,5,1,1,0,45,277,6.155555555555556,False,2.674369541899264,0.9855595667870036,0.9302083333333332
QmdmADMvMvBjAmJzxne6qEzbT9Ke5G8pUMba1bjvNvW2tu,The Nine Points of Roguery,NA,The Nine Points Of Roguery,Misc tunes,NA,NA,NA,publicdomain,0.0,0,0,1,1,1,0,126,771,6.119047619047619,False,2.799470846197454,0.9766536964980544,0.9714714714714716
QmSm9vkPvAgwTTnRpFdXqQgkV3fAAKdh94BTGuzGCZqeK6,The Nine Points Of Roguery,NA,The Nine Points Of Roguery,Misc tunes,NA,NA,NA,publicdomain,0.0,0,0,4,1,1,0,66,432,6.545454545454546,False,2.728428023810745,0.9907407407407408,0.95734126984127
QmXVAzmKpNsVyUa26et8U6sr5hg4PpP8z2jXU8TeeY9KuT,The Nine Points Of Roguery,NA,The Nine Points Of Roguery,Misc tunes,NA,NA,NA,publicdomain,0.0,0,0,4,1,1,0,71,529,7.450704225352113,False,2.714169066236416,0.9584120982986768,0.9449869791666666
QmZ83beArxZGGHrK3S4876ivpVKu8gjcPC4YecmS58aGy5,The Ninety-Eight March,NA,The Ninety-Eight March,Misc tunes,as played by Randal Bays: The Salmon's Leap,NA,NA,publicdomain,0.0,0,0,2,1,1,0,33,120,3.636363636363636,False,2.624367113082811,1.0,0.9453125
QmXoerPxLK9KKH6RdZi5qAZqqwzaiNmynpog9hUzsz5Fz6,The Nobleman's daughter,Caroline and HEr Young Sailor Bold,The Nobleman's daughter,Misc tunes,NA,NA,NA,publicdomain,0.0,0,0,4,1,1,0,9,38,4.222222222222222,True,2.430594618023543,1.0,0.9333333333333332
QmQD3iU3B8yiR2gFjB9x6s8xnXyfYnPXEMjxFsDXnE6AKU,The Noon Herald,NA,The Noon Herald,Misc tunes,NA,NA,NA,publicdomain,0.0,0,0,2,1,1,0,16,116,7.25,False,2.551691352436348,1.0,0.9453125
QmeUqNFdNQDfZn7qeP6HB7iyYFo45Xxv8T1rzsD2SpHEJ9,The Northern Lights Of Old Aberdeen,NA,The Northern Lights Of Old Aberdeen,Misc tunes,NA,NA,NA,publicdomain,0.0,0,0,17,1,1,0,11,20,1.818181818181818,False,2.1609640474436813,1.0,0.9583333333333334
QmQmov1BeqMVNdxkY8D5gLoWVKvshLDQ5VRVKchisZBAHi,The Not So Bashful Bachelor,NA,The Bashful Bachelor,Misc tunes,NA,NA,NA,publicdomain,0.0,0,0,4,1,1,0,45,303,6.733333333333333,False,2.656568617365461,1.0,0.9416666666666668
QmTBChyb4QWNnd7DqF7fyZoZxNwoyz3PoJKTNBb4PiYjYs,The noveltones - left bank two,NA,the noveltones - left bank two,Misc Unsigned Bands,NA,NA,NA,cc-zero,0.0,0,3,167,1,1,0,17,253,14.882352941176473,False,3.1917200531684564,0.8853754940711462,0.9388020833333334
QmRWghBkVf5VqatWDP3fZDZrCR61VU35QdpxfNukGsG9bP,The Novelty. JC.154,March of the Men of Devonaka. JC.154Ymdiath Gwyr Dyfnantaka. JC.154,The Novelty. JC.154,Misc tunes,NA,NA,NA,publicdomain,0.0,0,0,1,1,1,0,68,354,5.205882352941177,False,2.647950600030002,1.0,0.92578125
QmUybN6bK9XhwrsLXgHZrgvMgmhPWHqeuUSizfWHAyrZgH,The Nuptial Knot,Snaim a'phòsaidh,The Nuptial Knot,Misc tunes,NA,NA,NA,publicdomain,0.0,0,0,10,1,1,0,33,172,5.212121212121212,False,2.734962406202787,1.0,0.970108695652174
QmdtVK2Z8uZA2TQNkG3D4grPrNgWgUzPKrM2ajvB3bdKT7,The Nutcracker 1. Decoration of the Christmas tree (Remaster Piano),The Nutcracker Piano Arrangement for 3 hands,The Nutcracker (ballet) Op.71,Pyotr Ilyich Tchaikovsky,Hinci,classical,NA,cc-zero,4.94,16,24,1275,3,1,0,134,3332,24.86567164179105,False,3.4004558556829765,0.7898703647874585,0.9088729016786572
QmZHNVQPnGUn8hFjxyAr1c66nhXkb6fMBXGqEw8UJ9WQoL,The Nutcracker 10. Scene (The Kingdom of Sweets Piano),The Nutcracker Piano Arrnagement for 3 hands,The Nutcracker (ballet) Op.71,Pyotr Ilyich Tchaikovsky,Hinci,classical,NA,cc-zero,0.0,0,3,165,3,1,0,105,2665,25.38095238095238,False,2.997310080329163,0.9394281414597442,0.8825757575757576
QmSd2toHm8yyws75aa5yL7JaY8bQSRbPAYmA6MuykJpTJB,The Nutcracker 12a. Spanish Dance (Chocolate Piano),The Nutcracker Piano Arrangement for 3 hands,The Nutcracker (ballet) Op.71,Pyotr Ilyich Tchaikovsky,Hinci,classical,NA,cc-zero,4.85,4,3,227,0,2,0-0,78,1153,14.782051282051285,False,2.9909919297515746,0.8829141370338248,0.9067982456140352
QmbNDacN9gXmysJpFDZVwEySy6G2sjFcYEqyCYjbKELqmt,The Nutcracker 12c. Chinese Dance (Tea Piano),The Nutcracker Piano Arrangement for 3 hands,The Nutcracker (ballet) Op.71,Pyotr Ilyich Tchaikovsky,Hinci,classical,NA,cc-zero,4.76,35,41,4308,2,1,0,31,1092,35.225806451612904,False,2.3107526786159536,0.9871794871794872,0.9125
QmbmidSUocFqPzYBPUaauFruS1yUNw9gaHioi4HUTh1yKz,The Nutcracker 12d. Russian Dance (Trepak Piano),The Nutcracker Piano Arrangement for 3 hands,The Nutcracker (ballet) Op.71,Pyotr Ilyich Tchaikovsky,Hinci,classical,NA,cc-zero,4.81,13,15,837,2,1,0,84,1673,19.916666666666668,False,2.891318656217948,0.9520383693045564,0.9559108527131784
QmYvoNjZE3h4WbeDrrgBRxUB4T2BHPBGSdUZ3qL2ZMjgq8,The Nutcracker 12e. Dance of the Mirlitons (Piano),The Nutcracker Piano Arrangement for 3 hands,The Nutcracker (ballet) Op.71,Pyotr Ilyich Tchaikovsky,Hinci,classical,NA,cc-zero,4.71,4,3,392,2,1,0,77,2108,27.37662337662337,False,3.140535553624421,0.8840648854961832,0.924890350877193
QmNqd9yqUJNb8CxqStw4mZxHWzpmedbTFRZTc4sGspQBce,The Nutcracker 13. Waltz of the Flowers (Piano),The Nutcracker Piano Arrangement for 3 hands,The Nutcracker (ballet) Op.71,Pyotr Ilyich Tchaikovsky,Hinci,classical,NA,cc-zero,4.89,7,20,1212,3,1,0,389,6136,15.773778920308484,False,3.213598861887118,0.8909853249475891,0.9573567708333334
QmYsPS9qZvd3vBpSWyB2Da2mhVJWodckGbsiKb4b321vEJ,The Nutcracker 14a. Pas de deux (Piano),The Nutcracker Piano Arrangement for 3 hands,The Nutcracker (ballet) Op.71,Pyotr Ilyich Tchaikovsky,Hinci,classical,NA,cc-zero,4.87,5,11,518,3,1,0,74,3861,52.17567567567568,False,3.0695765786724567,0.9057758850146392,0.8612588652482269
QmP9aZReNZ4XdJafghEWnkc8uhR65ZiLjW4Chkca4oouFb,The Nutcracker 2. March (Piano),The Nutcracker Piano Arrangement for 3 hands,The Nutcracker (ballet) Op.71,Pyotr Ilyich Tchaikovsky,Hinci,classical,NA,cc-zero,4.89,7,10,451,3,1,0,88,2291,26.03409090909091,False,3.111352165161075,0.9070175438596492,0.926484674329502
QmebEPdX1TUcZdUYexi51snixihCQetUMg5uR4yLWfAQRA,The Nutcracker Guards,NA,The Nutcracker Guards,jake_murillo14,Jake Murillo,NA,tenordrums-quads-quadlick-marchingpercussion-lick-drumline-christmas-nutcracker,cc-zero,0.0,0,1,180,0,1,7,16,242,15.125,True,2.500967393558477,0.8008298755186722,0.7597222222222222
QmTirz9SZmPVszZZBbSaKi2RvaABMqidv4rFmcrwV97GBm,The Nutcracker Overture (Piano),The Nutcracker Piano Arrangement in 3 hands,The Nutcracker (ballet) Op.71,Pyotr Ilyich Tchaikovsky,Hinci,classical,NA,cc-zero,4.95,36,46,3431,2,1,0,182,2584,14.197802197802195,False,3.2453361261679023,0.8695990657843519,0.9611111111111112
Qmab36hgGNrN6jBMAY9juuJpeJrBWC3Szn9Bjig96z7qcx,The Nutcracker Suite,For Three Pianos,The Nutcracker (ballet) Op.71,Pyotr Ilyich Tchaikovsky,P. I. Tchaikovsky,classical,NA,cc-zero,4.71,4,6,274,0,3,0-0-0,1006,26865,26.704771371769382,False,3.371792051159705,0.7893530759739115,0.9282852564102564
QmWYsN92sPRjVAuLrkZ1euUqpKxq5w2dkreDfcqnKgxRVs,The Oak and the Ash and the bonny Eilen Tree,Amble is a Fine TownThe Oak and the Ash,The Oak and the Ash and the bonny Eilen Tree,Misc tunes,NA,NA,NA,publicdomain,0.0,0,0,22,1,1,0,36,97,2.6944444444444446,True,2.5548633158027085,1.0,0.9231770833333334
QmXmJ2hfTEtnEe5CsdSmG9cs65crdq3rS9RSGTjWBhpLsr,The Oak Stick. JJo.059,Mrs.Caseyaka. JJo.059,The Oak Stick. JJo.059,Misc tunes,NA,NA,NA,publicdomain,0.0,0,0,3,1,1,0,52,210,4.038461538461538,False,2.67940322564057,1.0,0.9077380952380952
QmQP1Hdfe5XzoJ9Vjvv1RV8ET8PAaQyip2YYGy1QVhxBDV,The Oaks Assembly,NA,The Oaks Assembly,Misc tunes,NA,NA,NA,publicdomain,0.0,0,0,3,1,1,0,36,170,4.722222222222222,False,2.650158639618638,1.0,0.9429012345679012
QmUmn3ceVxs51Cp71SajFKkQGMxoQe7skpBiTSTh2mK3JQ,The ocean of life I am crossing - C. Austin Miles,NA,The ocean of life I am crossing,C. Austin Miles,NA,classical,NA,publicdomain,0.0,0,0,2,1,1,0,19,294,15.473684210526317,False,2.641755330052476,0.979591836734694,0.9166666666666666
QmTQRwybTwaXszsiSvG1b6mydwCAX8URVm2auNGqaHSdrk,The Odd Fish. HSJJ.126,Paddy Careyaka. HSJJ.126,The Odd Fish. HSJJ.126,Misc tunes,NA,NA,NA,publicdomain,0.0,0,0,2,1,1,0,36,158,4.388888888888889,False,2.5465790111368816,1.0,0.9418402777777778
QmVDM4ZJMB3dMyLzB58pkKKKCpQxG5MPZG7YDg7Vu83Edz,The Oddfellows,NA,The Oddfellows,Misc tunes,J. Scott Skinner,NA,NA,publicdomain,0.0,0,0,2,1,1,0,88,485,5.511363636363637,False,2.4646708028154354,1.0,0.9208333333333334
QmZTEZHKQ9WS7gmFUrQZ9XB3sbNuV8kGzQJ5SMASGBjXrh,The Odity. WM.112,Oddity. WM.112 The,The Odity. WM.112,Misc tunes,NA,NA,NA,publicdomain,0.0,0,0,0,1,1,0,32,176,5.5,False,2.55700436851612,1.0,0.9722222222222222
QmeyVjYVrQusZui3B27xZJLtwNF4akF4BHhn9iDtTj9Vce,The Office Theme Song,NA,The Office Theme Song,Elijah Valdivia,bruh,NA,NA,cc-zero,4.87,5,18,535,1,1,0,22,272,12.363636363636363,False,2.567019051157421,1.0,0.9649621212121212
QmPA526kmH1KAp3iu8DaanKohjkP6SPMnyoS5YVFm74efp,The Old Black Rum - Great Big Sea [Piano],NA,the old black rum,Great Big Sea,Great Big Sea,rock,greatbigsea-theoldblackrum-celtic-newfoundland-pianoscore-canadianrock,cc-zero,4.85,4,13,383,2,1,3,72,1187,16.48611111111111,False,2.6407768283514184,0.9983150800336984,0.9525462962962964
QmbUY1uTez3yNvnf3e5LzyAVXLFoZ5N8a3ApX6ktYTygUL,The Old Cambrain Dame,Yr hèn Gymraes,The Old Cambrain Dame,Misc tunes,NA,NA,NA,publicdomain,0.0,0,0,2,1,1,0,44,280,6.363636363636363,False,2.8076056583044835,0.9424460431654677,0.8919270833333334
QmWk8mWG8jpwYYnShc3MyeXNg6ohCN1wXcCMQ1DAEfewnf,The Old Coolin,NA,The Coolin,Misc tunes,NA,NA,NA,publicdomain,0.0,0,0,6,1,1,0,36,144,4.0,False,2.73253779271769,0.9861111111111112,0.9375
QmNjWMj2L6WUBQLajPmngEvRXewL6ZtkRuRBDTMdQeq5gu,The Old Coolin,NA,The Coolin,Misc tunes,NA,NA,NA,publicdomain,0.0,0,0,5,1,1,0,18,71,3.9444444444444446,False,2.747189092076159,0.9859154929577464,0.9340277777777778
QmNw1KomtNwQdFht2QapzDXqSDFSkR9GhTeXv6KY8wuxnu,The Old dog died,NA,The Old dog died,Misc tunes,NA,NA,NA,publicdomain,0.0,0,0,2,1,1,0,58,304,5.241379310344827,False,2.465458341453254,0.986842105263158,0.9609375
QmSeQwQLUsjTG5HRN82gehC51awWtbehvGyWGsofW6rrty,the Old Dutch Churn,Dever the Dancer,The Old Dutch Churn,Misc tunes,NA,NA,NA,publicdomain,0.0,0,0,2,1,1,0,17,114,6.705882352941177,False,2.587061858756358,0.9912280701754386,0.9232456140350878
QmX2fN2vMAvAVtvY9VRFAsnfu9TkqcJG5Vq1mMCTCcapk1,The Old Fryer. PFD3.044,NA,The Old Fryer. PFD3.044,Misc tunes,NA,NA,NA,publicdomain,0.0,0,0,1,1,1,0,14,56,4.0,False,2.5549932564768207,1.0,0.9704861111111112
QmVY8G8T3Z9T3PmfoYQLgXECZewjV1YQBGeUf4ZMMoZ33R,The Old Gray Mare,NA,The Old Grey Mare,Misc Traditional,NA,folk,NA,publicdomain,0.0,0,0,13,1,1,0,36,216,6.0,False,2.454912945710718,1.0,0.8958333333333334
QmcUPg9CLCuXRUchocSwJqwTaTZGYngSrGcrQYbTSTsNjH,The old grey goose,NA,The Old Grey Goose,Misc tunes,anon.,NA,NA,publicdomain,0.0,0,0,15,1,1,0,197,1039,5.274111675126903,False,2.689553832853127,1.0,0.9733270202020202
QmUWN9bu15y8oqbsLjN78Zs1nBqFVJyHrXxkmoKModthV9,The Old Grey Goose,An Sean Gead Liat,The Old Grey Goose,Misc tunes,collected by J.O'Neill,NA,NA,publicdomain,0.0,0,0,2,1,1,0,243,1276,5.251028806584362,False,2.67927930443368,1.0,0.9769804526748972
QmWxRRxFW4Po3dGXbVNRbSV2UUnKHBHSKMWjagvDb2FpQw,The Old Hag Tossed Up In A Blanket,NA,The Old Hag Tossed Up In A Blanket,Misc tunes,NA,NA,NA,publicdomain,0.0,0,0,3,1,1,0,36,182,5.055555555555555,False,2.4527024118649594,1.0,0.9618055555555556
QmSqKDmYyohENHznFWJY9uV9gcck1hXm2drAbsSGfwkfjH,The Old Hag Tossed Up In A Blanket,NA,The Old Hag Tossed Up In A Blanket,Misc tunes,NA,NA,NA,publicdomain,0.0,0,0,4,1,1,0,40,202,5.05,False,2.660103231952696,0.99009900990099,0.9506944444444444
QmRMLopNCGpQ3wPhhmuxSqdkLMvu4u6X8Uo7zBkbULvJgD,The Old Hag Tossed Up In A Blanket,NA,The Old Hag Tossed Up In A Blanket,Misc tunes,NA,NA,NA,publicdomain,0.0,0,0,2,1,1,0,57,301,5.280701754385965,False,2.462387788681994,1.0,0.9538690476190476
Qmb6VJX1vYHhJARxSgtCArmjWsi6HNBAFFStmAY4WVqQ1S,The Old High Reel,The Galway High Reel,the (Old) Dominion Reel,Misc tunes,NA,NA,NA,publicdomain,0.0,0,0,0,1,1,0,56,408,7.285714285714286,False,2.63007735799302,0.9901960784313726,0.9739583333333334
QmUpqXtnrQDf9D626Dnme7L2wcXjpnnsKsMuTeahpoTuaB,The Old Hornless Cow,Brown Ewe The,The Hornless Cow,Misc tunes,NA,NA,NA,publicdomain,0.0,0,0,2,1,1,0,26,95,3.6538461538461537,False,2.5007576157059104,1.0,0.8831018518518519
QmT7ypuGMGbYoKMdcWzvBNUU8LYYyyPA7VRbrZf4bkjrej,The Old Langolee (air) 0247,NA,The Old Langolee (air) 0247,Misc tunes,Unattributedplayfully,NA,NA,publicdomain,0.0,0,0,2,1,1,0,16,88,5.5,False,2.6345689221396413,1.0,0.8888888888888888
QmeME36DF2bfziU11tditUVENq7oQkg97z7U9oWnEEy5xE,The Old Leather Breeches (air) 0167,NA,The Old Leather Breeches (air) 0167,Misc tunes,after Chief F. O'Neillspirited,NA,NA,publicdomain,0.0,0,0,1,1,1,0,18,96,5.333333333333333,False,2.73740128638572,1.0,0.890625
QmP9w4gghgnuVYR4vMiSRJiwBPE9webic13vF5J9zYVMym,The Old Maids of Galway,Maids of GalwayJohnny When I DieJohnny's Gone to FrancePaddy's Gone to France,The old maids of Galway,Misc tunes,NA,NA,NA,publicdomain,0.0,0,1,2,1,1,0,16,115,7.1875,False,2.3560475329238604,1.0,0.95703125
QmWqCDsXeXUuZrPAUnTMMtQe418THnu7BKYckx6pbpPK1P,The Old Man,An Seanduine,The Old Man,Misc tunes,NA,NA,NA,publicdomain,0.0,0,0,2,1,1,0,50,287,5.74,False,2.55910889454769,1.0,0.9508101851851852
Qma3yaN47cw7exZYHgxoSPWfZ2nib4RdbNTBE7ygWrqDPS,The Old Man,An Seanduine,The Old Man,Misc tunes,NA,NA,NA,publicdomain,0.0,0,0,2,1,1,0,16,88,5.5,False,2.5282747770994938,1.0,0.9618055555555556
Qmbszcav686GjA7Q6UU8rp7ZE6vRfeXUUtwMmE8joWsENp,The Old Man will never Die,NA,The Old Man Will Never Die,Misc tunes,NA,NA,NA,publicdomain,0.0,0,0,4,1,1,0,34,244,7.176470588235294,False,2.4970792630349865,1.0,0.9576822916666666
QmQioGYkehUfYYttxi164HHjwcsbbUYvuCyXtEeQ4vtir8,The Old Man Will Never Die,NA,The Old Man Will Never Die,Misc tunes,NA,NA,NA,publicdomain,0.0,0,0,3,1,1,0,18,158,8.777777777777779,False,2.64523406362507,1.0,0.925
QmPtkpSBTgM1tXzhLYcch5hbRtvKawUCdCCQKqG1MUaoFN,The Old man will never die. Roose.0146,Auld Man ill ne'er die. Roose.0146 TheBridge of Nairnaka. Roose.0146 The,The Old Man Will Never Die,Misc tunes,NA,NA,NA,publicdomain,0.0,0,0,5,1,1,0,24,198,8.25,False,2.4372067788688443,1.0,0.9435763888888888
QmbTFCpRDKDvGdxvtze3DfB99k7GiAyMVGY39zdhNwACRZ,The Old Man With Three Thumbs,NA,The Old Man With Three Thumbs,Misc tunes,NA,NA,NA,publicdomain,0.0,0,0,2,1,1,0,16,130,8.125,False,2.4695326906699337,1.0,0.9114583333333334
QmPCZGFdGahbTXweBoaLzTUCeE6rg6mMHY87GVCGCUuiKB,The Old Man Wouldn't Give Me Straw,Gun do dhiùlt am bodach fodar dhomh,The Old Man Wouldn't Give Me Straw,Misc tunes,NA,NA,NA,publicdomain,0.0,0,0,1,1,1,0,10,62,6.2,False,2.412815543992977,1.0,0.9479166666666666
QmZqRU5xnH7EMnUUCJTVhvBhZ8VxnXC7SsgxLVy4H82uWr,The Old Man's Blackthorn Stick,NA,The Blackthorn Stick,Misc Traditional,NA,folk,NA,publicdomain,0.0,0,0,6,1,1,0,16,116,7.25,False,2.8442174067227386,0.9396551724137931,0.9622395833333334
QmVCKGUTMumvC7QL4XQdv84SgU9NeWivGmYtCDDVQvBx4j,The Old Morpeth Rant,NA,Morpeth Rant,Misc tunes,NA,NA,NA,publicdomain,0.0,0,0,1,1,1,0,416,2721,6.540865384615385,False,2.772348394145086,1.0,0.9647623697916666
QmXdwHm9vt7s8L49yQC3kVA1KdmYz7gUwEjbqyGaYeWvkc,The Old Oxford,Old Molly Oxfordaka,The Old Oxford,Misc tunes,NA,NA,NA,publicdomain,0.0,0,0,2,1,1,0,32,142,4.4375,False,2.968821157907989,0.9154929577464788,0.9459635416666666
QmY7x5BmnDoYWx88DyHDRhSvRhPwtUSd4qbWShJ6NTyiYJ,The Old Rocking Chair,NA,Old Rocking Chair,Misc tunes,NA,NA,NA,publicdomain,0.0,0,0,5,1,1,0,32,184,5.75,False,2.559048377076093,1.0,0.9600694444444444
QmVmihDrRFHF4dv5VJ5KQf1oqZoKGxWL4DejX6a9yPz8v5,The old rugged cross! yes I love it - F. Birdsall,NA,The old rugged cross! yes I love it,F. Birdsall,NA,classical,NA,publicdomain,0.0,0,0,151,1,1,0,19,329,17.31578947368421,False,2.437760682910161,1.0,0.9154411764705882
QmdvUdFWcUK3zg23CdwtsKpZUSpgdyme5JmfvZe4fMisjn,The Old Shady Bohereen,Cahirciveen,The Old Shady Bohereen,Misc tunes,NA,NA,NA,publicdomain,0.0,0,0,2,1,1,0,19,94,4.947368421052632,False,2.685941078757601,1.0,0.8923611111111112
QmZyv35Wcnsfew8kEotS5ehf9mVCyJ6Vpa9jea1f75ifxN,The Old Soldier,Poor Old Soldier The,The Old Soldier,Misc tunes,NA,NA,NA,publicdomain,0.0,0,0,1,1,1,0,16,55,3.4375,False,2.5231906177858408,1.0,0.8863636363636364
QmTjCYLZq3wQ17KJ6oVFePzmQJmRdndBHAkdMFSkgwCNMT,The Old Songs - Geoffrey O'Hara,NA,The Old Songs,Geoffrey O'Hara,NA,classical,NA,publicdomain,0.0,0,0,45,0,2,0-0,5,97,19.4,True,3.258511761962016,0.8350515463917526,0.8385416666666666
QmdJacnNxsguzT33oCjnmE4eJEb8Bd8k96wmxBmc9mUj3p,The Old Tenth,NA,The Old Tenth,Misc tunes,NA,NA,NA,publicdomain,0.0,0,0,1,1,1,0,5,23,4.6,False,2.5957925461597355,1.0,0.9236111111111112
QmNyRGqdxhxeFLwptwKwFq6i4zcGStXdXirWPmgJbnzzPE,The Old Torn Petticoat I Bought in Mullingar,NA,The Old Torn Petticoat,Misc tunes,NA,NA,NA,publicdomain,0.0,0,0,2,1,1,0,4,29,7.25,False,1.99701937751626,1.0,0.9513888888888888
QmfM8aTPGoTpzdCEWY2HUfuvEYES7uGMDyguh6yHLqeaaT,The Old Walls of Liscarroll (164),NA,The Old Walls of Liscarroll (164),Misc tunes,NA,NA,NA,publicdomain,0.0,0,0,4,1,1,0,72,378,5.25,False,2.6541417223854533,1.0,0.9817708333333334
QmUwenRhWT4AipLdDuxTXQENr1USScBQ4NhbY6B1h9vVc3,The Old Woman Lamenting Her Purse.,an sean .bean ag caoinea.d a sporan.,The Old Woman Lamenting Her Purse.,Misc tunes,NA,NA,NA,publicdomain,0.0,0,0,1,1,1,0,43,237,5.511627906976744,False,2.623075306743197,1.0,0.9597222222222224
QmfHoYkWv86caRKhsZJkxc8TYvWcXecWD7wMw69Pxqfqt4,The Old Woman Tossed Up,NA,THE OLD WOMAN TOSSED UP,Misc tunes,NA,NA,NA,publicdomain,0.0,0,0,4,1,1,0,24,122,5.083333333333333,False,2.233363961047169,1.0,0.9201388888888888
QmS4iXKjhVUjjN9JMwz4DqBP5it6HW99roQjf7Pjrfm2dB,The Old Woman Tossed Up In A Blanket,NA,THE OLD WOMAN TOSSED UP IN A BLANKET,Misc tunes,NA,NA,NA,publicdomain,0.0,0,0,4,1,1,0,16,86,5.375,False,2.676448264370632,1.0,0.9444444444444444
QmZPSg7pd5t9DtWyCif8xLRrw1FSWscxqMiB1TjmG23gvV,The Old Woman Tossed Up In A Blanket,NA,THE OLD WOMAN TOSSED UP IN A BLANKET,Misc tunes,NA,NA,NA,publicdomain,0.0,0,0,6,1,1,0,20,102,5.1,False,2.7466359630727544,0.9901960784313726,0.956845238095238
QmS3cXxksTnRUnRNBZeZtGxjJw73xiG9xCoUFA1B85WfcG,The Old Woman Tossed Up in a Blanket (jig) 0771,NA,The Old Woman Tossed Up in a Blanket (jig) 0771,Misc tunes,after Chief F. O'Neill.,NA,NA,publicdomain,0.0,0,0,6,1,1,0,38,190,5.0,False,2.5091623502913203,0.9894736842105264,0.9633333333333334
QmP4YpayYceBC88fgQMZA87ETSGiqbP1g2CA3TMtUEKdiw,The Old Woman Tossed Up in a Blanket.,Sweeping the Cobwebs Out of the Sky.,The Old Woman Tossed Up in a Blanket.,Misc tunes,F. O'Neill.,NA,NA,publicdomain,0.0,0,1,7,1,1,0,47,226,4.808510638297872,False,2.426103730813616,1.0,0.9509408602150538
QmPW7JK7ZJuQNF96yPwLAyGUhNkwzcxbLuuN1JCawWntX7,The old woman who swallowed a fly,NA,The old woman who swallowed a fly,Misc tunes,anon.,NA,NA,publicdomain,0.0,0,0,12,1,1,0,6,25,4.166666666666667,True,2.151119777314698,1.0,0.9166666666666666
Qmd7T7bnabrkMSaBRTLByfGpPSQvZhC9gdFUCkk2F8uXCc,The old world needs Jesus to heal its sin - Adam Geibel,NA,The old world needs Jesus to heal its sin,Adam Geibel,NA,classical,NA,publicdomain,0.0,0,2,142,1,1,0,19,316,16.63157894736842,False,2.8669058662838247,0.930379746835443,0.9461805555555556
QmfSRQ1GTKcKV1vQA81TJzDfxB3G8qKqSYXJ5nbXWRNDMU,The One and Only You,NA,NA,NA,NA,NA,NA,cc-zero,0.0,0,0,64,1,1,0,76,761,10.013157894736842,False,2.786749215262984,1.0,0.914612676056338
QmPp1T1jaeSn2ftqqt9J4breYdmK13LKui3DpVAsUx8YWE,The One Horse Open Sleigh (Jingle Bells),by James Pierpont,NA,NA,Arr. for piano solo by Alexandre Borille,NA,NA,cc-zero,4.83,3,11,199,2,1,0,168,2041,12.148809523809524,False,2.744918909941307,0.9857912787849094,0.9553571428571428
QmdfeSBDx2FAzhRt5BG3BvqH56wtE5Mh4DqqMaw2EVHcJH,the one piano test 3,NA,the one piano test 3,desmondddd,NA,NA,NA,cc-zero,0.0,0,0,4,1,1,0,26,114,4.384615384615385,False,2.7901407887525225,0.9736842105263158,0.9471153846153846
QmYvqCr6EyPy51qrfoX1QU6eLSXm4qKCuwLneaXtwLyzPz,The One who once walked on the waters - Arthur W. McKee,NA,The One who once walked on the waters,Arthur W. McKee,NA,classical,NA,publicdomain,0.0,0,0,6,1,1,0,18,318,17.666666666666668,False,2.9174583550224686,0.9337539432176656,0.9516666666666668
QmToLQYYJ3a3kFUw6XbVFGgzJ72eqMe9DVrkcsdKR1kDjg,THE OPEN WINDOW,An fuinneog fuasgailte,The Open Window,Misc tunes,NA,NA,NA,publicdomain,0.0,0,0,2,1,1,0,19,67,3.526315789473684,False,2.55627887394292,1.0,0.90625
QmTFPMVUVuWLbUXeV62EuBa8yd7QjjazwghAgTeCPtuUBn,The Open Window (song) 0322,NA,The Open Window (song) 0322,Misc tunes,after Sg't. J. O'Neilllively,NA,NA,publicdomain,0.0,0,0,1,1,1,0,18,67,3.7222222222222223,False,2.55627887394292,1.0,0.9192708333333334
QmWUQLSb4h9prTcf29FLhqfS7ge4WFsjbmRDT5G6BGhyvg,The Opened Way,NA,The Opened Way,Kow Otani,Kow Otani,soundtrack,piano-easy,cc-zero,0.0,0,18,1082,0,2,0-0,58,417,7.189655172413793,False,3.030132861496278,0.920863309352518,0.9321120689655172
QmRQpgfgWuQrkR3B2f6M1K3jsPPBBM4ZqFR8cM5PieHScd,The Optimist,NA,The Optimist,Misc tunes,NA,NA,NA,publicdomain,0.0,0,0,2,1,1,0,5,32,6.4,False,2.902017877819773,0.9375,0.9583333333333334
QmSkkPRbGC3WvQCU2q1zZDNNXn6mRp6mMSWcASPagu6FVy,The Orange And Blue,NA,ORANGE AND BLUE,Misc tunes,NA,NA,NA,publicdomain,0.0,0,0,9,1,1,0,19,229,12.052631578947368,False,2.460966269488172,1.0,0.890625
QmZY5oyAGREsrLEvCEPVUrWbSgvucGDauSQvSs6YFdtqBH,The Orange And Blue,NA,ORANGE AND BLUE,Misc tunes,NA,NA,NA,publicdomain,0.0,0,0,3,1,1,0,26,164,6.307692307692308,False,2.5610862225175417,1.0,0.9121376811594204
QmePcG1YtW8sVnqkHt1TXg2HuUNfhizsWFwJLHhHhnKxxc,The Origin Of The World,NA,The Origin Of The World,Misc tunes,NA,NA,NA,publicdomain,4.73,16,17,548,1,1,0,64,326,5.09375,False,2.729556302615182,1.0,0.9561631944444444
QmeyvQCjNB36AfDpXxvpEgu1PfvQU1oLFyaWyB39zV8Vac,The Original Cellarius Waltz. Le4.222,NA,The Original Cellarius Waltz. Le4.222,Misc tunes,NA,NA,NA,publicdomain,0.0,0,0,2,1,1,0,36,156,4.333333333333333,False,2.953008994931738,0.9230769230769232,0.8524305555555556
QmYgvZ75gkdcy8KskkNYTf2J8qVWGcHJZj22ku2Q7AAGZC,The Original Highland Laddie,NA,Highland Laddie,Misc tunes,NA,NA,NA,publicdomain,0.0,0,0,11,1,1,0,77,310,4.025974025974026,False,2.4856976109310174,1.0,0.9142156862745098
QmUcHaS3FEcxzA3VmSc8nFmT7rJo3hm3axhDJuvrpXtTYR,The ORIGINAL HIGHLAND LADDIE,NA,Highland Laddie,Misc tunes,NA,NA,NA,publicdomain,0.0,0,0,5,1,1,0,72,288,4.0,False,2.539487740731577,1.0,0.892578125
QmWQ5zbsdtZNxL6c9NpKyJ6wDBLufWdpy4ZugFDPLQaKGc,The Original Varsoviana. WI.100,VarsovianaThe Original. WI.100,The Original Varsoviana. WI.100,Misc tunes,NA,NA,NA,publicdomain,0.0,0,0,2,1,1,0,64,214,3.34375,False,3.0154651143015605,0.8878504672897196,0.9370039682539684
QmRpHa64oRykoqdHZqBS4cY81hSvQerkXGnAVEcz2UYntH,The Orphan,An Dilleachdan,The Orphan,Misc tunes,NA,NA,NA,publicdomain,0.0,0,0,4,1,1,0,19,136,7.157894736842105,False,3.018528565633218,0.8828125,0.9088541666666666
QmRUjFdPzoD8aSjrzWizTsWwTdNAJqNaB91o8bLmqPZjjT,The Orphan Girl,NA,The Orphan Girl,Misc tunes,Music by Eld. C.G. Keith. Nov. 1 1905,NA,NA,publicdomain,0.0,0,0,21,1,1,0,24,57,2.375,True,2.195116650886432,1.0,0.9068627450980392
QmUdayziKxodDXtBK2jQJpwR5aNFF89DZG6FHd9kkBF4aW,The Other Promise / Vector to the Heavens - Kingdom Hearts III,NA,Hearts as One,Yoko Shimomura,NA,NA,NA,cc-zero,4.94,52,158,3570,2,1,0,89,1703,19.13483146067416,False,3.048848600555224,0.9316440777843252,0.918113425925926
QmSoX2M2Grr3cSxhLPsJVznANwUqEwmihpiypircRjj5hU,The Other Side of the Sky,Symphonic Rain,çºãåããã,å²å å¾å,NA,NA,symphonicrain-theothersideofthesky-arrangement-op-full-ritsukookazaki,cc-zero,0.0,0,8,241,2,1,0,164,1747,10.652439024390244,False,3.4085773873869365,0.7706422018348624,0.9489402697495184
QmbTghF8mE4WKkyfZXwucc6MEGmACCpLuCYN1SFX7KZNPi,The Otter's Holt,Poll an Madra Uisce,The Otter's Holt,Misc tunes,NA,NA,NA,publicdomain,0.0,0,0,2,1,1,0,32,232,7.25,False,2.2817610116876046,1.0,0.9622395833333334
QmcBzP3tEv8EnuWF4BEdHNBRHycwHTPD5UrFg4cNK4SKdU,the Otter's Holt,the Otter's Lairthe Otter's NestPol An Madra Uiscethe Waterdog's Hole,The Otter's Holt,Misc tunes,NA,NA,NA,publicdomain,0.0,0,0,3,1,1,0,55,376,6.836363636363636,False,2.463902979273916,1.0,0.9421768707482994
QmeZjbRfJwtZs9Qr7UiGJamgJPgz1NXMWZSpqFs41PbjtS,The Outer Worlds OST,Piano Arrangement,The Outer Worlds Soundtrack,Justin E. Bell,As played by: Ryan Yard,NA,videogames-games-soundtrack,cc-zero,4.63,19,70,2412,2,1,0,43,527,12.255813953488373,False,2.788072428192564,0.9411764705882352,0.9656007751937984
QmXwNEcTfF1q4xA7vQbAdwuZv5AcU4PiXbJJiBjEmLLeri,The Outlandish Knight,NA,The Outlandish Knight,Misc tunes,anon.,NA,NA,publicdomain,0.0,0,0,8,1,1,0,12,41,3.4166666666666665,False,2.2666584634856046,1.0,0.9305555555555556
QmRJS3vxKLMiEmV4XNmsvTXq4TGdeW2o8DuNWYRubtGtZK,The Outsider - A Perfect Circle (Drums),NA,the outsider,A Perfect Circle,Transcribed by: Brian Hurst Drums by: Josh Freese,rock-metal,NA,cc-zero,4.87,5,16,1385,0,1,0,110,1329,12.081818181818182,False,3.0053444743193403,0.753217259651779,0.8856981981981982
QmViPhhSKzYeZG8vvW2JSkMLcacUyjqonH9fzwJBjUiheT,The Oxfordshire Tragedy,NA,The Oxfordshire Tragedy,Misc tunes,NA,NA,NA,publicdomain,0.0,0,0,2,1,1,0,10,32,3.2,False,2.792837797403416,0.96875,0.9166666666666666
QmRPKm6derpLVkFk9hGHAAtykDgUqcD892hbBAdD9s2cPU,The Oyster,NA,The Oyster,menzlu17,Trad. Sheltand Islands,NA,NA,cc-zero,0.0,0,0,6,1,1,0,16,112,7.0,False,2.391454817982812,1.0,0.953125
QmWGJURJ3P89eWqiXjKFcrJcFQytvDtET63QEU9ZSpqwmm,The Oyster Catcher And The Actress,NA,The Oyster Catcher And The Actress,Misc tunes,NA,NA,NA,publicdomain,0.0,0,0,6,1,1,0,40,301,7.525,False,2.7455244951823503,1.0,0.9354166666666668
QmNrDyiN2qAcMgqmh8JpQtNWqEcw9AUKZ3R6eSSbDZB3MA,The OYSTER GIRL,NA,The Oyster Girl,Misc tunes,NA,NA,NA,publicdomain,0.0,0,2,31,0,3,0-0-0,35,380,10.857142857142858,False,2.785670324051793,0.979591836734694,0.9001736111111112
QmeJYxSwpQmwhUUxTRrftQyWQSjMi7G7EyvFE9XthV1F6Y,The OYSTER GIRL'S -- JIG.,NA,The Oyster Girl,Misc tunes,NA,NA,NA,publicdomain,0.0,0,0,2,1,1,0,61,245,4.016393442622951,False,2.7281853780957195,0.9836734693877552,0.8993055555555556
QmPeJMHNpWryjNvQXiP6D15tEew7sCwLne7Fe4jHXD1xrW,The Oyster Girl. JC.261,NA,The Oyster Girl,Misc tunes,NA,NA,NA,publicdomain,0.0,0,0,1,1,1,0,28,108,3.857142857142857,False,2.5669114978433214,1.0,0.985
QmP6Y4vU7WPM9SJVWovNX5kzkdMesnKvHkcyKQRYYTMpJG,The Oyster Wives Rant,NA,The Oyster Wives Rant,Misc tunes,NA,NA,NA,publicdomain,0.0,0,0,1,0,2,0-0,20,190,9.5,False,2.390033647227398,1.0,0.9388020833333334
QmVuY6iUa25Z41F3b4XuaFwM2ZfgBj5HPxrTbx2vJvb7PW,The Painful Plough - Rickards,NA,The Painful Plough - Rickards,Misc tunes,Taken down from John Rickards Lamerton by H.Fl.S.,NA,NA,publicdomain,0.0,0,0,7,1,1,0,34,116,3.411764705882353,False,2.6725172947651203,1.0,0.9616935483870968
QmcWNyG4JJS1h4TGBRhBL29b2GHYArgf8ChzGn4E9V3q5r,The Painters Sett Of Quadrilles No.2. Le4.072,NA,The Painters Sett Of Quadrilles No.2. Le4.072,Misc tunes,NA,NA,NA,publicdomain,0.0,0,0,8,1,1,0,93,414,4.451612903225806,False,2.9230657071201582,0.8647342995169082,0.8367248062015504
QmU2RBDQQgnebaKe9heF6VCeUJS83axnXZP49t8aS8moJG,The Palatine Lass. JJo8.017,NA,The Palatine Lass. JJo8.017,Misc tunes,NA,NA,NA,publicdomain,0.0,0,0,2,1,1,0,45,279,6.2,False,2.80552789722069,0.96415770609319,0.9113095238095238
Qma6n4PvVMDaL9mmtnHa31wrDdCg3QahPQ9thr8FfXrUdS,The Palatine's Daughter,NA,The Palatine's Daughter,Misc tunes,NA,NA,NA,publicdomain,0.0,0,0,5,1,1,0,35,211,6.0285714285714285,False,2.767608378043737,1.0,0.9342447916666666
QmTmLGroAdxj5juaic9QdmYQzP6Wy6NnaWeZpDQec3PeWp,The Palatine's Daughter,NA,The Palatine's Daughter,Misc tunes,NA,NA,NA,publicdomain,0.0,0,0,4,1,1,0,35,138,3.942857142857143,False,2.6844680082044663,1.0,0.9713541666666666
QmXAP736c9r1ShmFMuAJbxKFtP91tcAu2BAiUy7C6CE15q,The Palatine's Daughter,NA,The Palatine's Daughter,Misc tunes,NA,NA,NA,publicdomain,0.0,0,0,3,1,1,0,35,146,4.171428571428572,False,2.693952372334272,1.0,0.9153645833333334
QmUQTuEx3zJARVuVvorgPo2yFYVdqQFCmtbHF1NTxxDhcL,the Panthon Cotillion.,the Pantheon Cotillion.,the Panthon Cotillion.,Misc tunes,NA,NA,NA,publicdomain,0.0,0,0,1,1,1,0,64,282,4.40625,False,2.6115805039047006,1.0,0.9127604166666666
QmNpd3HpiURVHmUoA43DuJhxpH2YvcpY5pr3aSKJ3YCGw4,The Paper-Cut Plant,NA,The Paper-Cut Plant,Misc tunes,NA,NA,NA,publicdomain,0.0,0,0,4,1,1,0,4,36,9.0,False,2.0362376705219405,1.0,0.8802083333333334
QmYDxsqh54BAd32Scsb2edQRYajFZpvHuCLZXZ9eTGXokc,The Parson & his Boots,NA,The Parson & his Boots,Misc tunes,NA,NA,NA,publicdomain,0.0,0,0,0,0,2,0-0,32,240,7.5,False,2.58019519810544,1.0,0.9548611111111112
Qmbq2nbpHGL5fkXSVkMvDQTX98ia5VRudrtjzU6Xz5Pzzv,The Parson Boasts of Mild Ale,NA,The Parson Boasts of Mild Ale,Misc tunes,NA,NA,NA,publicdomain,0.0,0,0,5,1,1,0,17,127,7.470588235294118,False,2.659243200478911,0.9606299212598424,0.943627450980392
Qma65dDdxPPNArTZ5DRzwAYey96Zq7mM6yw9czQjLbmEpp,The Parson Boasts Of Mild Ale (air?) 0384,NA,The Parson Boasts Of Mild Ale (air?) 0384,Misc tunes,after Sg't. J. O'Neillgaily,NA,NA,publicdomain,0.0,0,0,4,1,1,0,16,127,7.9375,False,2.607659192679208,0.968503937007874,0.9398148148148148
QmVbmCwRJ8hVpjbPGSNWCQ7FJR3yMyRdcdM1qx6UMg9q9S,The Parson in the Suds. RH.257,Devil in a Bushaka. RH.257,The Parson in the Suds. RH.257,Misc tunes,NA,NA,NA,publicdomain,0.0,0,0,2,1,1,0,36,126,3.5,False,2.5842291675302493,1.0,0.9661458333333334
QmUDMkKwzBgEbZQcP3FzNEoTTS8ujr5yo2RSnssYJN9z2X,THE PARSON'S CAP,NA,THE PARSON'S CAP,Misc tunes,NA,NA,NA,publicdomain,0.0,0,0,7,0,3,0-0-0,36,338,9.38888888888889,False,3.000932468396768,0.9491017964071856,0.9638480392156864
QmQkqGZCfVJTMThWLcAZiPmRmkwp6mofnSTTFujC9SHPt8,The Parting Glass,NA,the parting glass,Misc Traditional,NA,folk,NA,publicdomain,0.0,0,0,3,1,1,0,36,202,5.611111111111111,False,2.779089342031194,0.99009900990099,0.92578125
QmZvt5LXcS3MUuP8cxyXFzXrAMAcp5oBAfx9YCDRbhcXsv,The Parting Glass,NA,the parting glass,Misc Traditional,NA,folk,NA,publicdomain,0.0,0,2,51,1,1,0,34,170,5.0,False,2.3796404757479275,1.0,0.9510135135135136
QmYCDEPGSjbBt4o3DEXPY9vnQWDQpCye3CHUWEquVv6g4K,The Parting Glass (air) 0058,NA,the parting glass,Misc Traditional,after Chief F. O'Neillslow,folk,NA,publicdomain,0.0,0,0,5,1,1,0,18,101,5.611111111111111,False,2.7806354550768697,0.99009900990099,0.90625
QmZgacR2u6zq31Nr1LiESbL78hpWDt7okhc2XPaZ6nDxzB,The Parting Lovers. JaW.244,Jack in the Greenaka. Jaw.244,The Parting Lovers. JaW.244,Misc tunes,NA,NA,NA,publicdomain,0.0,0,0,3,1,1,0,48,216,4.5,False,2.8222205621184906,0.9907407407407408,0.929976851851852
QmXi49Wtv6DNVQg1Z32BaTNm7hAdR1XcbFhVPSKgG7eZUw,The Parting of Friends,sGariunt na gCompanach,The Parting Of Friends,Misc tunes,NA,NA,NA,publicdomain,0.0,0,0,6,1,1,0,21,108,5.142857142857143,False,2.4570703439532102,1.0,0.8482142857142857
QmeJUR4zS1A5pLXRfEULXZ3RShBhZGh2cdff2UXw6wDYbU,The past we never can undo - P. G. Fithian,NA,The past we never can undo,P. G. Fithian,NA,classical,NA,publicdomain,0.0,0,0,3,1,1,0,20,246,12.3,False,2.779024108511494,0.959349593495935,0.9045138888888888
QmZBu3tAPjKuMqHnRxRNVuN2nxTx6DDYAFJHbECBuXTkkq,The Pastel-Coloured Town (Piano),NA,The Pastel-Coloured Town (Piano),sugarsaki,composed by sugarsaki :),NA,NA,cc-zero,0.0,0,0,25,2,1,0,40,722,18.05,False,2.717607827396009,1.0,0.9513888888888888
QmYrWyNnJYAuHjaA1qV7QDZEKVtVPQcJuMReX7C8c7ArEW,The Pastime of Ned the Blind Harper,Dyfyrwch Ieuan Delynor Dall,The Pastime of Ned the Blind Harper,Misc tunes,NA,NA,NA,publicdomain,0.0,0,0,5,1,1,0,44,174,3.954545454545455,False,2.776071687265552,1.0,0.940625
QmVUFgxSdXPMLFUNm12nkzdb1fBYKrPJ5XVuGd5WFmZBgr,The Patriot Game,Merry Month of May The,The Patriot Game,Misc tunes,NA,NA,NA,publicdomain,0.0,0,0,41,1,1,0,9,44,4.888888888888889,False,2.190515847687587,1.0,0.9362745098039216
QmTJ8CN18wksJzPaP43eGYsXQKFBWeYCbQcxH68xHR6reA,The Patriotic Song,Патриотическая песня,NA,NA,Glinka,NA,NA,publicdomain,4.79,7,19,1223,1,1,0,32,328,10.25,False,2.7801569997329363,0.9877675840978594,0.9703703703703704
QmVZFYhubiT5VRUTvTg9yg5aepZFA9D4ZRAWaFiZ1y4UmB,The Pavilion.(2 voices). TWC.300,NA,The Pavilion.(2 voices). TWC.300,Misc tunes,NA,NA,NA,publicdomain,0.0,0,0,0,0,2,0-0,36,242,6.722222222222222,False,2.6431535666161503,0.9586776859504132,0.9409722222222222
QmeVXwNDu5RQqLXBjUbxVzYX2psaonLn4yCuoSijrrF5tK,The peace of God my glad heart thrills - Samuel W. Beazley,NA,The peace of God my glad heart thrills,Samuel W. Beazley,NA,classical,NA,publicdomain,0.0,0,0,7,2,1,0,20,285,14.25,False,2.964696970109188,0.9438596491228072,0.8420138888888888
QmeQ3sY6kxDvsbou92CtmgaMQrhJz6CXKU4yNxRtCSSSyC,The Peaceful World,NA,The Peaceful World,edward123hk,Edward Lai,NA,NA,cc-zero,0.0,0,0,18,1,1,0,25,235,9.4,False,3.0521914655590106,0.8638297872340426,0.9125
Qme71MqPovboJRAE1SAHL96w9Yj9SuhA8SwvR8fPZRseGR,The Peacock,Peacock Followed the Hen,The Peacock,Misc tunes,NA,NA,NA,publicdomain,0.0,0,0,5,1,1,0,16,160,10.0,False,2.5062469233462226,1.0,0.9050925925925926
QmZuXhJiNsEQDhtE4iHo6nTMRMfzGuoxJKu2u76YxL7VEe,The Peacock follows the Hen,NA,The Peacock follows the Hen,Misc tunes,NA,NA,NA,publicdomain,0.0,0,0,2,1,1,0,62,646,10.419354838709678,False,2.636466582413663,1.0,0.9051616915422884
QmfWJHqXgPqVHZKzqyYKb1qCR3FFYwFfkim4ykL3VGMa2N,The Peacock's Feather,NA,The Peacock's Feathers,Misc tunes,NA,NA,NA,publicdomain,0.0,0,0,5,1,1,0,36,252,7.0,False,2.612516133135036,1.0,0.921875
QmTFLxFgtgLRj24bU3ir3sUzhL73R1b2c85BALNbVhozCv,The Peacok follows the Hen,NA,The Peacok follows the Hen,Misc tunes,NA,NA,NA,publicdomain,0.0,0,0,4,1,1,0,80,883,11.0375,False,2.712624587209156,1.0,0.8851851851851852
QmZRwM9hHCm7EXoc9Kx9VKynTFJhwQL2YQipMRiZvsVDbm,The pealing bells are sounding - Adam Geibel,NA,The pealing bells are sounding,Adam Geibel,NA,classical,NA,publicdomain,0.0,0,0,3,2,1,0,25,304,12.16,False,2.8448354390820696,0.9671052631578948,0.86875
QmXpbHu8E1z6ANEztuN4aR9M2RSLonSV1mTZjKRWEqNGcp,The Pearl Of The Flowing Tresses (air) 0284,NA,The Pearl Of The Flowing Tresses (air) 0284,Misc tunes,after Chief F. O'Neillrather slow,NA,NA,publicdomain,0.0,0,0,2,1,1,0,18,56,3.111111111111111,False,2.5057424333391864,0.9642857142857144,0.9322916666666666
Qme2fBLVJJurodhf7aqqvDmuNMB11ZgzRrvo8owMsFxhuJ,The Pearl Of The White Breast (air) 0511,NA,The Pearl Of The White Breast (air) 0511,Misc tunes,Unattributedslow with feeling,NA,NA,publicdomain,0.0,0,0,1,1,1,0,20,95,4.75,False,2.7138887666231604,1.0,0.9088541666666666
Qmcwd3DP6g4rtpseo2qDj1BY8QDXt2Le8XsckUk3KP6UkS,The Peat Fire Flame,NA,The Peat Fire Flame,Misc tunes,Joe Buchanan's Scottish Tome - Page 035.3,NA,NA,publicdomain,0.0,0,0,9,1,1,0,40,154,3.85,False,2.5374592945066303,1.0,0.9135416666666668
Qmde2xAsFx5sqLKhZCtPJJ8C5A8UQHpWSoiSmKjDXzPYSu,The Peat-Fire Flame,NA,The Peat-Fire Flame,Misc tunes,NA,NA,NA,publicdomain,0.0,0,0,3,1,1,0,20,72,3.6,False,2.531590617443084,1.0,0.8958333333333334
QmWUTLHqbDoWRUZG4Esg6Av9EoJDSm95HdFDjt6n3QuAX1,The Peeler And The Goat (song) 0296,NA,The Peeler And The Goat (song) 0296,Misc tunes,after Chief F. O'Neill (The Big Peeler)lively,NA,NA,publicdomain,0.0,0,1,44,1,1,0,18,78,4.333333333333333,False,2.895200803946557,0.9487179487179488,0.9270833333333334
QmNv2pVyAS7U8UfXLFHUGLew3YYXDPDSdTZPsJr4yxtPgW,The Penitent's Prayer,NA,The Penitent's Prayer,Misc Traditional,NA,folk,NA,publicdomain,0.0,0,0,1,0,2,0-0,15,95,6.333333333333333,False,2.2826878423901804,1.0,0.931818181818182
QmPiS5NzXdxKBfaWdCmP4jCynE1DdsxFHeM6yW7WP4QFvc,The Penniless Traveller (156),NA,The Penniless Traveller (156),Misc tunes,NA,NA,NA,publicdomain,0.0,0,0,1,1,1,0,36,188,5.222222222222222,False,2.6051491983103574,1.0,0.9661458333333334
QmYhZR41dYqJXnohCYyj7Z9zYzXRGzuayGLP38dTJenvxq,The People to their Land,NA,The People to their Land,Edward Carpenter,AirZu Mantua in Banden.,classical,NA,cc-zero,0.0,0,1,42,1,1,0,22,262,11.909090909090908,True,2.9686393431544684,0.9516129032258064,0.9652777777777778
QmQgZC74sCKuWKJVeHLSP6LVMhg62WzpRm5XH6SFKYwJk7,The People United Will Never Be Defeated!,NA,The People United Will Never Be Defeated,Sergio Ortega,Sergio Ortega (1973),NA,piano-political-anthem,cc-zero,4.58,16,26,765,2,1,0,37,797,21.54054054054054,False,2.943893604214813,0.9246231155778896,0.8426535087719298
QmQTjrHP8yojoGYsRNiwtWKmQ6Pouz6AytSmB8ykXNY7WQ,The Perfect Drug Nine Inch Nails drum solo,NA,the perfect drug,Nine Inch Nails,NA,rock-electronic,drums,publicdomain,0.0,0,14,2381,0,1,0,16,268,16.75,False,1.5232093551127903,1.0,0.921875
QmUFKiEVj1xBaPb5YzsWPaWA8qQdPZsaXwwVntEyah2HQW,The Periwig,A' Phiorbhuic,The Periwig,Misc tunes,NA,NA,NA,publicdomain,0.0,0,0,5,1,1,0,33,251,7.606060606060606,False,2.559017841517188,0.9681274900398408,0.9479166666666666
QmeQ2NVAfHgv9asmQfWGNV8q4jGGM3mibtHv65DPnKXFSN,The Periwig (bagpipe version),NA,The Periwig,Misc tunes,NA,NA,NA,publicdomain,0.0,0,0,22,1,1,0,25,154,6.16,False,2.6100342366725764,1.0,0.9572916666666668
QmYUsFUgtJ4TtPVUXkPc6PYLRGnoPNgzTYWJCFZ5hrkJR6,The Persian Dance. JBut.974,Galopede. JBut.974Yarmouth Reel. JBut.974,The Persian Dance. JBut.974,Misc tunes,NA,NA,NA,publicdomain,0.0,0,0,9,1,1,0,54,284,5.25925925925926,False,2.604207830853732,1.0,0.9296875
QmPeJfyvYFMAPfeoCSaCaGBJN5ajoHf8rsAL7sZrYKHNdd,The Persian Dance3voices. JNu.22,Gallopedeaka. JNu.22,The Persian Dance3voices. JNu.22,Misc tunes,NA,NA,NA,publicdomain,0.0,0,0,17,0,3,0-0-0,54,732,13.555555555555555,False,2.515095254526062,1.0,0.9331597222222222
Qmej76roCPBmEEGv4HcYf4Q169GeJiits9oGNq24qp3DL1,The Perth Hunt,Perthshire Hunt The,The Perth Hunt,Misc tunes,NA,NA,NA,publicdomain,0.0,0,0,2,1,1,0,22,139,6.318181818181818,False,2.40638676435164,1.0,0.9926470588235294
QmcMS4pELs6NJqaEww74WLXLUgmgRnc8NeWJRDvGPnntP5,The Perthshire Hunt,NA,The Perth Hunt,Misc tunes,NA,NA,NA,publicdomain,0.0,0,0,2,1,1,0,28,198,7.071428571428571,False,2.4104114997704915,1.0,0.9678819444444444
QmcYtFnxfayr6S2uUAbipCJ9y4HzJFKKKRyLeWV12NhC9d,The Perthshire Hunt,NA,The Perth Hunt,Misc tunes,NA,NA,NA,publicdomain,0.0,0,0,1,0,2,0-0,20,201,10.05,False,2.3522796519511013,1.0,0.9583333333333334
QmYpPAMmhtj4DyHd44Rvec3cK9x9KRRU8z3cKhVtD4jGqp,The Pet of The House,NA,The pet of the house,Misc tunes,Joe Buchanan's Scottish Tome - Page 238.3,NA,NA,publicdomain,0.0,0,0,1,1,1,0,36,226,6.277777777777778,False,2.713991537937731,0.991150442477876,0.941532258064516
QmR2mNVZQ8ik8tPjXJfTdyF5K8CS2RGEZB7JEWKqAxWGmS,The pet of the house,NA,The pet of the house,Misc tunes,anon.,NA,NA,publicdomain,0.0,0,0,0,1,1,0,36,226,6.277777777777778,False,2.713991537937731,0.991150442477876,0.9459635416666666
QmdwjSWYS9VcEWecjdijPZiGTQL12KQkqXkvLjvdndesK1,the Petticoat ?? white,NA,the white petticoat,Misc Traditional,NA,folk,NA,publicdomain,0.0,0,0,0,1,1,0,32,94,2.9375,False,2.5447498506212347,1.0,0.9583333333333334
QmPM6aMmLEumAtuPkwbwJg8KwHxbiD6bvCrTfRGty1ZuyM,The Petticotee Jig - an Ancient Munster March and Jig Tune,NA,The Petticotee Jig - an Ancient Munster March and Jig Tune,Misc tunes,NA,NA,NA,publicdomain,0.0,0,0,2,1,1,0,34,169,4.970588235294118,False,2.6441945810627034,1.0,0.9427083333333334
QmYqzoHtKbKRZ8Zy6boat1DQGELxEFjHxPTwYcVv9vpBEz,The Pewter Plug,NA,The Pewter Plug,Misc tunes,NA,NA,NA,publicdomain,0.0,0,0,2,1,1,0,32,166,5.1875,False,2.662432214295872,1.0,0.9557291666666666
QmYWujwiuoLdvnBAjLmgzxYjuUj7DCR9XYjcqYv6unimy7,The Phantom of the Opera Recital,NA,NA,NA,NA,NA,NA,cc-zero,0.0,0,5,91,1,1,0,62,149,2.403225806451613,False,2.9084982887745423,0.8389261744966443,0.9163306451612904
QmZo5MAb8hJrbhGW5uriyDmVRLCf2TRZmsXymN41aUzoaz,The Pharroh or War March,Faire! faire! ar aghaidh ar agaidh [watch! watch! advance advance],The Pharroh or War March,Misc tunes,NA,NA,NA,publicdomain,0.0,0,0,8,1,1,0,90,437,4.855555555555555,False,2.5809945781619943,0.9633867276887872,0.9245283018867924
QmUsKYNDShYk8iYkEo1c7nGx9s5QjmNZf1JpAGyVATDKxp,The Phoenix. (p)1670.PLFD1.208,NA,The Phoenix,Misc tunes,NA,NA,NA,publicdomain,0.0,0,0,4,1,1,0,16,82,5.125,False,2.694401377428388,1.0,0.9322916666666666
QmdMnYtnnLKdCjvQVWA7hsjFaSX8GXyGyM9fH1rUnpdLYF,The Phoenix. PFD2.268,NA,The Phoenix,Misc tunes,NA,NA,NA,publicdomain,0.0,0,0,3,1,1,0,22,99,4.5,False,2.8593114782096163,0.9595959595959596,0.9145833333333332
QmdjRJhEo9trBFN3oPZzHoL2rK17sMKJzAukPTsmHL3Nwb,The Physiognomist. HSJJ.085,NA,The Physiognomist. HSJJ.085,Misc tunes,NA,NA,NA,publicdomain,0.0,0,0,0,1,1,0,27,126,4.666666666666667,False,2.675652546073791,0.984126984126984,0.953125
QmYBHkk7gVF8LFYTazuZNuRqVY6gx6fvNvrKvMMbjZbjcg,The Piano - Michael Nyman,NA,the promise - theme from the piano,Michael Nyman,NA,classical-soundtrack,thepianomichaelnymanthesacrifice,publicdomain,4.51,38,281,17438,0,1,0,48,3342,69.625,False,2.612943917066531,0.9877928076542396,0.9794776119402984
QmSgtHzQo7daJqNcHLXqkHw8z7dA4gdMtQgwv3BSjfaqCL,The Piano Tuner's Nightmare,An Irritatingly Off-Tune Rag,The Piano Tuner's Nightmare,Terwiliger Thumbs Malone,Terwiliger Thumbs Malonetranscribed by Austin Kitchell,classical,NA,cc-zero,4.87,5,7,299,2,1,0,176,3172,18.02272727272728,False,3.2951047576028283,0.8372239747634069,0.9415708812260536
QmVsRLQawNioBEguVNfejEwoSdEnkHWu8i1KeTafBGFXEU,The Pigeon on the Gate,NA,The Pigeon On The Gate,Misc tunes,NA,NA,NA,publicdomain,0.0,0,1,7,1,1,0,117,782,6.683760683760684,False,2.61372950861118,1.0,0.9545272435897436
QmSbbVkD9wfRwjWyzKuADUekPpsQbz3hoyCPaLMJe2JSSv,The Pigtown Fling,NA,The Pigtown Fling,Misc tunes,NA,NA,NA,publicdomain,0.0,0,0,3,1,1,0,8,10,1.25,False,1.8365916681089791,1.0,0.8541666666666666
QmeJ5cMFvcNsmKhhCSYQyNy1TjpXesQLyTHxmRURZuwxps,The Pigtown Fling,NA,The Pigtown Fling,Misc tunes,NA,NA,NA,publicdomain,0.0,0,0,6,1,1,0,16,108,6.75,False,2.3940767914932737,1.0,0.9635416666666666
QmXX7vW3qPXGQD3iUcWLVf632gk31exN9hcmdv66MiNiUE,The Pigtown Fling,NA,The Pigtown Fling,Misc tunes,NA,NA,NA,publicdomain,0.0,0,0,2,1,1,0,5,44,8.8,False,2.4171193481757256,1.0,0.9166666666666666
QmWddjdjK5SGWkn5fDAPef28JAWw5me6ro9iaZ4oaw8uvm,the Pilgrim,the Ld Foppingtonthe Lord Phopington,The Pilgrim,Misc tunes,NA,NA,NA,publicdomain,0.0,0,0,5,1,1,0,18,77,4.277777777777778,False,2.344935839673154,0.974025974025974,0.9322916666666666
QmeTVupfHMwSLQ38FctxeL7WhPQV6XTbcQPiG7TgiHEnsz,The Pilgrim or... WCD3/1.144,Ld Foppington WCD3/1.144 The,The Pilgrim or... WCD3/1.144,Misc tunes,NA,NA,NA,publicdomain,0.0,0,0,2,1,1,0,18,77,4.277777777777778,False,2.265981010498293,0.987012987012987,0.9322916666666666
QmV2VZtw8H5rq7AMxQ3wSoX8eb1vxRXH1ioxfSKXJNjZuT,The Pilgrim's Lot - Andrew Grambling,NA,The Pilgrim's Lot,Andrew Grambling,NA,classical,NA,publicdomain,0.0,0,0,2,0,3,0-0-0,19,211,11.105263157894736,False,2.431777817370916,1.0,0.9107142857142856
QmarveYp9DRYHPTfpbUMZGkeXZbceoRRgUHZTnVYfSJVUS,The Pilgrim's Song,NA,The Pilgrim's Song,Misc Traditional,NA,folk,NA,publicdomain,0.0,0,0,5,0,3,0-0-0,12,100,8.333333333333334,False,2.2563268573566293,1.0,0.9618055555555556
QmPjpphCqqdFLmA2vwDC65hhASHKBCBB3cRuxvW4C2zpkL,The Pin Cushion. JJo6.90,NA,The Pin Cushion. JJo6.90,Misc tunes,NA,NA,NA,publicdomain,0.0,0,0,2,1,1,0,28,204,7.285714285714286,False,2.925892663424224,0.9411764705882352,0.9244791666666666
QmejY2rfDspZmTLKBpLkV13ZNq9tjfnTXYmXJqxvdtDW42,The Pipe On The Hob (doublejig) 0705,NA,The Pipe On The Hob (doublejig) 0705,Misc tunes,after Mr. Carey,NA,NA,publicdomain,0.0,0,0,1,1,1,0,54,254,4.703703703703703,False,2.667827243424802,0.984251968503937,0.949074074074074
Qmb5tsi2pRtaCEoG7wqkzHvt1A2Bx7hVoZVKKEPsiXBvmX,The Pipe Slang,NA,The Pipe Slang,Misc tunes,NA,NA,NA,publicdomain,0.0,0,0,2,1,1,0,33,216,6.545454545454546,False,2.508439297165639,0.9907407407407408,0.949404761904762
QmbDkaXHs5eGULUwgoFYXGmSuHAodKb5263EY24qZRUTsr,the PIPE SLANG,NA,The Pipe Slang,Misc tunes,NA,NA,NA,publicdomain,0.0,0,0,1,1,1,0,20,128,6.4,False,2.5868558327227538,0.9765625,0.9518229166666666
QmU5Mt3rWzPSYCDzBDTz7GtBFrUF46SkfZNDCS6bBLodQC,the Piper o' Dundee,the Drummer,the Piper o' Dundee,Misc tunes,NA,NA,NA,publicdomain,0.0,0,0,8,1,1,0,20,115,5.75,False,2.7473047746382457,0.982608695652174,0.9505208333333334
Qmcq7bNYbwHLM24VBgPoasNZe5eLxbBBbQULAYa9So48Ri,The Piper of Drummond,NA,THE PIPER OF DRUMMOND,Misc Traditional,NA,folk,NA,publicdomain,0.0,0,0,8,1,1,0,19,103,5.421052631578948,False,2.4004139152119066,1.0,0.96875
QmayYZzHRxqFXHESnQ1jzfyuBBqYnDpdYedYWT6Urvbpgo,The Piper of Drummond's Rant,NA,THE PIPER OF DRUMMOND,Misc Traditional,NA,folk,NA,publicdomain,0.0,0,0,0,1,1,0,18,109,6.055555555555555,False,2.383029056483286,1.0,0.9596354166666666
QmTY9drqacFVTC8VjCe6GqUBtrCyqzuL3zz4xcDLeUZLFn,The Piper's Despair,NA,The Piper's Despair,Misc tunes,NA,NA,NA,publicdomain,0.0,0,0,2,1,1,0,40,304,7.6,False,2.5840043342849883,1.0,0.9729166666666668
Qmb2SvXMJN2jpT5J6BYMoRLcUwfUjfrwqtAERTewuG2G1x,The Pipers Weird,NA,The Pipers Weird,Misc tunes,Joe Buchanan's Scottish Tome - Page 571.3,NA,NA,publicdomain,0.0,0,0,2,1,1,0,17,104,6.117647058823529,False,2.311932069384969,1.0,0.8712121212121212
QmdqzmdTdhNoLY7vPJGcuMxRP7Njv3x9e6cN4v4mVKUEhT,The Pirate3voices. JNu.31,Roxianaaka. JNu.31,The Pirate3voices. JNu.31,Misc tunes,NA,NA,NA,publicdomain,0.0,0,0,3,0,3,0-0-0,36,390,10.833333333333334,False,2.6008624103953584,1.0,0.9383680555555556
QmQLgmdqAM4bm31C2Lu1Kw2Vt5BoFE3i5aDSs7RwkUrmVb,The Pitlochry High School Centenary,NA,The Pitlochry High School Centenary,Misc tunes,NA,NA,NA,publicdomain,0.0,0,0,16,1,1,0,68,414,6.088235294117647,False,2.601410973377756,1.0,0.9823113207547168
QmVJTQNDC4Qh3KdtBk4TsebLaXBwnQrJPWaMW3zAZNVW6u,The Pitnacree Ferryman,Boatman of Pitnacree The,The Pitnacree Ferryman,Misc tunes,NA,NA,NA,publicdomain,0.0,0,0,70,1,1,0,18,136,7.555555555555555,False,2.31227278968326,1.0,0.9596354166666666
QmeA1NRCVDqzFSRZzoBeS1wBHbJ6wwTRHWZ1EEqzsGCD3n,The Place I Once Called Home,Nuclear Throne OST,nuclear throne untitled,Jukio Kallio,By Jukio KallioArranged By matthew o.,electronic-soundtrack,nuclearthrone-soundtrack-jukiokallio,cc-zero,4.85,4,3,282,1,1,0,66,259,3.924242424242424,False,3.2851057646625907,0.8301158301158301,0.9987373737373736
QmZckrVsiXAK1HP9TiWFsXuhTboq7GjptCpvkwT3mPYBWS,The Plains Of Boyle,Plains Of BoyleRoscommon Airport,The Plains Of Boyle,Misc tunes,NA,NA,NA,publicdomain,0.0,0,0,11,1,1,0,144,1015,7.048611111111111,False,2.6229292841225407,0.9960591133004926,0.9354005167958656
QmWnJiunandy1dSqhkhyxFUiCbGd1xGUvzi9Xvdk555Wvp,The Pleasures of the Town,The Pleasure of Providence,The Pleasures of the Town,Misc tunes,NA,NA,NA,publicdomain,0.0,0,0,1,1,1,0,36,184,5.111111111111111,False,2.5521403663256006,1.0,0.9809027777777778
QmPxUcmJiQ1jiJZCyimkMMq3oiiuSzFyx4NTQ2Q54xkrcL,The Pledge - S. M. Bixby,NA,The Pledge - S. M. Bixby,S. M. Bixby,NA,classical,NA,publicdomain,0.0,0,0,3,1,1,0,31,317,10.225806451612904,False,2.818401145796685,0.9589905362776026,0.9177083333333332
QmSRNoYa6hD55N2oh3Ra7wqwaeVDaSH9hw5Bdi5k8ZuJo2,The Plough Boy,NA,The PLOUGH BOY,Misc tunes,No 237 William Clarke of Feltwell,NA,NA,publicdomain,0.0,0,0,2,1,1,0,72,330,4.583333333333333,False,2.8673071196551407,0.9517241379310344,0.939031862745098
QmX6e2T8EUqj3yauXRnJto171ZoBW7CdVLCcZSU7G6qpKW,The Plough Boy. WES.013,Curly Headed Ploughboyaka WES.013 The,The Plough Boy. WES.013,Misc tunes,NA,NA,NA,publicdomain,0.0,0,0,3,1,1,0,45,155,3.4444444444444446,False,2.838955988925401,0.9225806451612903,0.9354166666666668
QmeLB9h5HBZvC12odoabpEcAAVpwUcNvxGJ8juSesdWZ64,The Ploughboy - Masters,NA,The Ploughboy - Masters,Misc tunes,Taken down from J. Masters Bradstone by H.Fl.S.,NA,NA,publicdomain,0.0,0,0,6,1,1,0,26,117,4.5,False,2.9833206982855405,0.8974358974358975,0.9444444444444444
QmZ8DsJipCP2wCXvMzEG8AuoXHPiRpgVww3udxXrrtLv43,The Ploughboy. JNu.59,Curly Headed Ploughboyaka. JNu.59 The,The Ploughboy. JNu.59,Misc tunes,Hart's 8th Set,NA,NA,publicdomain,0.0,0,0,5,1,1,0,34,175,5.147058823529412,False,2.8519349918055417,0.9714285714285714,0.90625
QmawHuxMxfMNSLeaArBVfE33jEHF9VWLe82J6M1kkMTm35,The Ploughman and the Tailor,NA,The Ploughman and the Tailor,Misc tunes,NA,NA,NA,publicdomain,0.0,0,0,6,1,1,0,17,89,5.235294117647059,False,2.7518216666289863,1.0,0.9296875
Qma1BVTRqenHdkreidr7doiiVV7dswrn68NHoxs4gU8Nyx,The Ploughman's Whistle [Claire],NA,The Ploughman's Whistle [Claire],Misc tunes,NA,NA,NA,publicdomain,0.0,0,0,1,1,1,0,8,60,7.5,False,2.538556206752797,0.9666666666666668,0.921875
QmcAhAVXf5TWVAjBiboY1DvF1YAvg73yqKwppEntWAZfM5,The Ploughman's Whistle [Killkenny],NA,The Ploughman's Whistle [Killkenny],Misc tunes,NA,NA,NA,publicdomain,0.0,0,0,1,1,1,0,12,45,3.75,False,2.507217736473202,0.9777777777777776,0.9050925925925926
QmbrychpdSpWfpdoEXfaZmcN2GXuLMYEDV2gHRMkkYjhHA,The Ploughman's Whistle [King's County],NA,The Ploughman's Whistle [King's County],Misc tunes,NA,NA,NA,publicdomain,0.0,0,0,1,1,1,0,11,38,3.4545454545454546,False,2.372480782007681,1.0,0.8958333333333334
QmNjk2tvdj1NbMdJTNWaQrXDeWNQfFvDs4EPSdMuWU1m63,The Ploughman. JaW.139,NA,The Ploughman. JaW.139,Misc tunes,Clarinetto Primo,NA,NA,publicdomain,0.0,0,0,3,1,1,0,29,189,6.517241379310345,False,2.811870250762284,0.984126984126984,0.949404761904762
QmfE7ik1wFpkAu49v7fTzWvwunXBKT7676MaeNzVxr1BoE,The Poachers,Poaching Song,The Poachers,Misc tunes,NA,NA,NA,publicdomain,0.0,0,0,3,1,1,0,28,94,3.357142857142857,True,2.561531206433164,1.0,0.8991228070175439
QmYRJxVPuyPZVsZ49XGnBBcVwNvntKmJSNE4u4RaWu8SFc,The Poet's Grave,Uaigh a'Bhaird,The Poet's Grave,Misc tunes,NA,NA,NA,publicdomain,0.0,0,0,1,1,1,0,16,36,2.25,False,2.604961211785719,0.9722222222222222,0.9166666666666666
QmRfENimontRCUMGcZzdrpJbNPtHSvrFspBRxoc9FSofp5,The Polish (Waltz),NA,The Polish (Waltz),Misc tunes,NA,NA,NA,publicdomain,0.0,0,0,4,1,1,0,6,18,3.0,False,2.2584598927441624,1.0,0.9236111111111112
QmShKwsGy6GdiVMnJLMpifEDtGefLhMTgH1daQsMofGRuH,The Pony I Want To Be,MLP:FIM: Crusaders of the Lost Mark,the pony i want to be,Daniel Ingram,NA,pop-soundtrack,mylittlepony-mlp-theponyiwanttobe-song,cc-zero,4.69,10,85,3368,1,1,0,45,619,13.755555555555556,False,2.637338071012724,1.0,0.978825136612022
QmVwNkKD6HGmKJEgj5zdiRaoena5vCcADShejRVX9gHPzX,THE POOR OLD WOMAN,An sean bhean bhochd,The Poor Old Woman,Misc tunes,NA,NA,NA,publicdomain,0.0,0,0,3,1,1,0,9,52,5.777777777777778,False,2.6534114109511986,0.9807692307692308,0.9296875
QmRHWG3UPLzn8ynNt3nAwLuifp2Tq2E7BZ7KiuQVcen8Cx,The Pope's Toe,The Templeglantine ReelJumping GeordieThe Prince of Wales' Fancy,The Pope's Toe,Misc tunes,NA,NA,NA,publicdomain,0.0,0,0,11,1,1,0,33,246,7.454545454545454,False,2.53682267324217,1.0,0.9301075268817204
QmXtXg6UJbs9buPs9oo6YicKiJRgtEH6L6rPHMH4qxeXvw,The Possum's Tail is Bare,NA,The Possum's Tail Is Bare,Misc tunes,NA,NA,NA,publicdomain,0.0,0,0,7,1,1,0,36,170,4.722222222222222,False,2.816529128470657,0.9647058823529412,0.9192708333333334
QmSAM5KQDP5RHmbeY39mVDDBZpPujD5cdsb7rf4j5MUM9U,The Post Office,NA,The Post Office,Misc tunes,NA,NA,NA,publicdomain,0.0,0,0,2,1,1,0,36,232,6.444444444444445,False,2.5551047780756666,1.0,0.9661458333333334
QmeVM3sM1Z52S62vD8ZeV1rdCNnvDh8romn3uH8grxPsMj,The Post Office,NA,The Post Office,Misc tunes,NA,NA,NA,publicdomain,0.0,0,0,2,1,1,0,45,294,6.533333333333333,False,2.600293267230386,1.0,0.9708333333333332
Qme9HChhw8iapN3dXqeRabXMdKkHqavoGBrrsKPBc2gsKU,The Postman's Knock,Morris Stick Dance - used in Adderbury as remembered by William Walton,The Postman's Knock,Misc tunes,NA,NA,NA,publicdomain,0.0,0,0,30,0,2,0-0,52,478,9.192307692307692,True,2.270317464398413,0.99581589958159,0.944627192982456
QmYpEwzyyWq71v1ti6pqXavWqnmbrNPYHtWK3m5awRhpVz,The pow'rs of sin and darkness are still engaged in war - Haldor Lillenas,NA,The pow'rs of sin and darkness are still engaged in war - Haldor Lillenas,Haldor Lillenas,NA,classical,NA,publicdomain,0.0,0,0,4,2,1,0,17,375,22.058823529411764,False,2.572312434497001,0.9893333333333332,0.9322916666666666
QmNX6vSZEzbUaZvuNvpNnzbvvyp5QaU23wm56Zsco5up86,The power that fell at Pentecost - Mrs. C. H. Morris,NA,The power that fell at Pentecost,Mrs. C. H. Morris,NA,classical,NA,publicdomain,0.0,0,0,31,2,1,0,23,339,14.73913043478261,False,2.576794458413098,0.9852507374631267,0.953125
QmXsZrKtFsm9cu3XqP7wVbUTjMAWSSD7cK143ChxozppEf,The Praise of Prince Charlie,NA,The Praise of Prince Charlie,Misc tunes,NA,NA,NA,publicdomain,0.0,0,0,1,1,1,0,17,56,3.294117647058824,False,2.5795589656089843,1.0,0.9640151515151516
QmRRzw1bfhkyh5W7a65XvorGz7cQpfhHkMp86fAQzBc8Kc,The praise of the heav'nly King - R. Frank Lehman,NA,The praise of the heav'nly King,R. Frank Lehman,NA,classical,NA,publicdomain,0.0,0,0,6,2,1,0,37,466,12.594594594594597,False,3.001383008161487,0.9484978540772532,0.9673423423423424
QmZk1KaAwcyhk6MEjGyXPt6GvJ2PKLns3CktEWy1BPRUM8,the PRATIES ARE DUG,NA,the PRATIES ARE DUG,Misc tunes,NA,NA,NA,publicdomain,0.0,0,0,4,1,1,0,36,186,5.166666666666667,False,2.5471158277460093,1.0,0.984375
QmYHPtQXTmZKnZy5RMt6VKPjAoLyHrYtvm1bC8suoAzvaC,The Praties are Dug and the Frost is all Over,NA,The Praties are dug and the frost is all over,Misc tunes,NA,NA,NA,publicdomain,0.0,0,0,2,1,1,0,36,186,5.166666666666667,False,2.540599918917383,1.0,0.9722222222222222
QmdsEPB9Ejxkn3Q7RknCV3eqtcAsy961KbQzZ8yHHPBdvc,The precious blood of Christ - Chas. Edw. Pollock,NA,The precious blood of Christ,Chas. Edw. Pollock,NA,classical,NA,publicdomain,0.0,0,0,4,1,1,0,20,205,10.25,False,2.5098035574267965,1.0,0.9557291666666666
QmZZCqHZY4zw2JAcyknATRY5jmF1zABeUGzyv9gtyVt8En,The precious book is filled with gems - M. Edwin Johnson,NA,The precious book is filled with gems,M. Edwin Johnson,NA,classical,NA,publicdomain,0.0,0,0,4,2,1,0,30,408,13.6,False,2.6646407882972745,0.982843137254902,0.9108796296296297
QmTmkAc6qKaFbHtrhCG5YS5fZohpwhj8eUNB9hzUCra389,The Prelude - Final Fantasy,Final Fantasy,final fantasy prelude,Nobuo Uematsu,Nobuo Uematsu,classical-soundtrack,NA,cc-zero,4.84,36,57,1105,2,1,0,46,875,19.02173913043478,False,3.1322109445796027,0.8777142857142857,0.9927536231884058
QmWUQJBDFEQ9xHjGPWqEn6goguxFEbtu72QvM4FKnQEVWF,The Pretender,drum transpription by Lawrence Butler,the pretender,Foo Fighters,Foo Fighters,rock,NA,cc-zero,4.71,4,9,399,0,1,0,166,1146,6.903614457831325,False,2.508529073151497,0.7141608391608392,0.9696236559139784
QmfQ5weLDuTcBDT1EcPxWJB5hpByrhFEBAMofFcaUB9PPm,The Pretty Brown Girl,Cailín Deas Donn (An),The pretty brown girl,Misc tunes,NA,NA,NA,publicdomain,0.0,0,0,1,1,1,0,18,91,5.055555555555555,False,2.6628890944052404,1.0,0.8806818181818181
QmeBsxb5CZbh71A8dtt5hqcuCyufXWg8R3i8t5a8j9uoaQ,The Pretty Girl Milking Her Cow,NA,The Pretty Girl Milking Her Cow,Misc tunes,NA,NA,NA,publicdomain,0.0,0,0,2,1,1,0,13,39,3.0,False,2.702195337215989,1.0,0.962962962962963
QmQRtunCg2KhMLycQcWuKcmNrtfmDMbCnkXYq1rwFdV1FB,The Pretty Girl Milking Her Cow,NA,The Pretty Girl Milking Her Cow,Misc tunes,NA,NA,NA,publicdomain,0.0,0,0,1,1,1,0,4,12,3.0,False,2.084962500721156,1.0,0.90625
QmSZpeGezpLAW2SrhDR6Jq1Q59UWFTxwtbWBuVF5s7ncW6,The Pretty Maid Milking Her Yow (air) (2nd Set) 0103,NA,The Pretty Maid Milking Her Yow (air) (2nd Set) 0103,Misc tunes,Unattributedslow,NA,NA,publicdomain,0.0,0,0,6,1,1,0,34,79,2.323529411764706,False,2.9062421706857235,0.9493670886075948,0.9314236111111112
QmNaNYEq7LkmzDR1997fEKGJcHuNQD7xsbXbUykgwR9sre,The Pretty Maid Milking the Cow,NA,The Pretty Maid Milking the Cow,Misc tunes,NA,NA,NA,publicdomain,0.0,0,0,6,1,1,0,9,83,9.22222222222222,False,2.781271052447673,0.9518072289156626,0.875
QmS7uQqDydKVE9JqdRn8gH5xWW3toioQXhrB3w7GsT3gnF,The Pride of Bucktown,Rag Two-Step,The Pride of Bucktown,Robert S. Roberts,Robert S. Roberts,classical,NA,cc-zero,0.0,0,1,40,0,2,3-3,104,1769,17.009615384615383,False,3.1395722466761256,0.8869417750141323,0.9314903846153846
QmbbRy4561YHg98r1sCMpY3jyL24gamUS5LECitgf6NwXm,The Pride of March,Pequeña Marcha en Sol Jónico,NA,NA,Crynd (Pablo Albasanz García),NA,rookiesrock-firstscore-march-gmajor,cc-zero,0.0,0,1,304,1,1,0,9,128,14.22222222222222,False,2.423075767786017,1.0,0.9479166666666666
QmPm5rGd8sb8EKzoCo74TmrdzVmtd3WnRQ3k1NztiVKbSv,The Pride of Rathmore,Rabbit's BurrowThe Kerryman's Daughter,The Pride of Rathmore,Misc tunes,NA,NA,NA,publicdomain,0.0,0,0,5,1,1,0,16,125,7.8125,False,2.6046938202517658,1.0,0.91796875
QmPJKs3wdayTb4fJxmiDUaguaiHq9unvbRoX4y2UnA2tXx,The Priest and his Books,NA,The Priest and his Books,Misc tunes,The Parson and his Boots 1788; Gow's 2nd Repository c. 1801,NA,NA,publicdomain,0.0,0,0,6,1,1,0,24,136,5.666666666666667,False,2.6175785686567155,1.0,0.9398148148148148
QmcHEC53TV561RCnwGmBRaiQTgMhu13Vmx9ubX8PR7TGhT,The Priest and His Boots,NA,The Priest In His Boots,Misc tunes,NA,NA,NA,publicdomain,0.0,0,0,3,1,1,0,45,240,5.333333333333333,False,2.6652642220408804,1.0,0.9534722222222224
QmefQr68J49v841Q3gTFFiyNk7uz8wJZeZFQgRjf9paQRq,The priest and his boots,NA,The Priest In His Boots,Misc tunes,anon.,NA,NA,publicdomain,0.0,0,0,2,1,1,0,36,194,5.388888888888889,False,2.678144145623037,1.0,0.9522569444444444
Qmf6v7T3TEvUCWwx1GLSyXFCj14KLbZnMEqLQczDqYdcvX,The priest and his boots,NA,The Priest In His Boots,Misc tunes,anon.,NA,NA,publicdomain,0.0,0,0,5,1,1,0,27,151,5.592592592592593,False,2.7421340091756936,0.9933774834437086,0.9513888888888888
QmYmdDgghCwWDmEoqskhZ7XkmHnqu2e4UVLpSpiN3ZUjzk,The Priest and His Boots (jig) 0968,NA,The Priest and His Boots (jig) 0968,Misc tunes,after Chief F. O'Neill,NA,NA,publicdomain,0.0,0,0,5,1,1,0,38,202,5.315789473684211,False,2.750745813265336,0.99009900990099,0.9533333333333334
QmPbTxwt4j75XrPv343K3piJ8XLbsoN49gJP2ysz9iJr1q,The Priest in his Boots,There are sounds of mirth,The Priest In His Boots,Misc tunes,NA,NA,NA,publicdomain,0.0,0,0,6,1,1,0,18,87,4.833333333333333,False,2.6777901992622497,1.0,0.9027777777777778
QmUhJ2Q1joVDwupyjLEw2LwjzaGwPdnt3Vv7TGNd9hr5bs,The Priest in His Boots. JBut.261,Parson in His Boots. JBut.261 The,The Priest in His Boots. JBut.261,Misc tunes,NA,NA,NA,publicdomain,0.0,0,0,3,1,1,0,36,162,4.5,False,2.6531891450840384,1.0,0.9314236111111112
QmYmp2V4QBSuomz3nFxxkZxk7uu38tpcpNwH8c8cXMdG1T,The Priest's Leap (jig) 0781,NA,The Priest's Leap (jig) 0781,Misc tunes,Unattributed,NA,NA,publicdomain,0.0,0,0,2,1,1,0,38,190,5.0,False,2.719724772385588,1.0,0.9783333333333332
QmW2rdCeX8Xzy8Zr6SbhXEDxwkRFPLuFdLspTQt5NjfjoT,The Primal Scene of Japan the Girl Watched,Touhou 10 - Mountain of Faith - Stage 5 Theme,åå³ãèãææãåéæ,ZUN,ZUN,soundtrack,touhou,cc-zero,4.81,8,14,551,2,1,0,203,3969,19.55172413793104,False,3.5329537438832097,0.6661565927059424,0.9523514851485148
Qmci2hRKK5KHDCVv8RCAZsWP2cr8Kw6UzwKHvhzTwDAtNK,The primrose lass,NA,The Primrose Lasses,Misc tunes,anon.,NA,NA,publicdomain,0.0,0,0,0,1,1,0,40,288,7.2,False,2.519573034142223,1.0,0.9645833333333332
QmNkSoXSz2BPHAoutGLDRdrNdigJNkwWLKdb69nS7HrQFX,The Primrose Lass,NA,The Primrose Lasses,Misc tunes,NA,NA,NA,publicdomain,0.0,0,0,2,1,1,0,32,234,7.3125,False,2.5697424425013886,1.0,0.9680989583333334
QmX3YFFsc1ttNUZ6LUG3Q6vUTY4PHxG9M7n7gSJovWcxca,The primrose lass,NA,The Primrose Lasses,Misc tunes,anon.,NA,NA,publicdomain,0.0,0,0,0,1,1,0,24,179,7.458333333333333,False,2.513047150983856,1.0,0.9696180555555556
QmUWJGj6JW57HZVczcy2CPNHdfB87BkEDvcb7HPLVAPESp,The Prince of Brunswick's. ThoH.091,NA,The Prince of Brunswick THO4.187,Misc tunes,NA,NA,NA,publicdomain,0.0,0,0,1,1,1,0,98,626,6.387755102040816,False,2.903585941378607,0.9648562300319488,0.96875
QmTxm1ESdBjmQHAsX4DCHvN6J5fr5Ar5VhQF591cmmYBa9,The Prince of glory Gods own son - H. C. Blosser,NA,The Prince of glory Gods own son,H. C. Blosser,NA,classical,NA,publicdomain,0.0,0,0,3,2,1,0,20,300,15.0,False,2.966558165976721,0.9566666666666668,0.91015625
QmQp8PjyLUEpmDrFmWcszW3qtvEBM3AGuuVMg5rKfsNoYG,The Prince of Glory left his throne - F. S. Shepard,NA,The Prince of Glory left his throne,F. S. Shepard,NA,classical,NA,publicdomain,0.0,0,0,1,1,1,0,15,168,11.2,False,2.8314540435521725,0.9285714285714286,0.9375
QmaPJZf5fGSRiXWsMW8BhQhfjWv79u6iibdHevRaxiGBaW,The Prince of Mecklenburg's Jigg. THO2.127,NA,Mecklenburg,Misc Traditional,NA,folk,NA,publicdomain,0.0,0,0,0,1,1,0,32,152,4.75,False,2.734736090236624,0.986842105263158,0.9357638888888888
QmeFCeupky3jPUCduPHMF12PsjcLFfjxjtAes1e1N67C89,The Prince of Tunis,NA,The Prince of Tunis,Misc tunes,NA,NA,NA,publicdomain,0.0,0,0,3,1,1,0,36,186,5.166666666666667,False,2.642656483983279,1.0,0.9049479166666666
QmUJAuJpsbe56v4CgWKsoZhBp3WE7NFBAv1vFAz7ynnU5Z,The Prince of Whailse's Fansey. JBut.323,Prince of Wales' Fansey. JBut.323 The,The Prince of Whailse's Fansey. JBut.323,Misc tunes,'A Scotch Quick Step',NA,NA,publicdomain,0.0,0,0,0,1,1,0,24,168,7.0,False,2.2382411340551904,1.0,0.9322916666666666
QmYgys5sU5EiY5fqwR562ajpXQUr36P4EUzMmm8AY3yFtj,The Prince Regent,NA,the Prince Regent,Misc tunes,NA,NA,NA,publicdomain,0.0,0,0,3,0,3,0-0-0,42,355,8.452380952380953,False,2.6866462642688163,0.994269340974212,0.9583333333333334
QmP59ag2PcAgEb5eaQNkAiDhP4P3LFHN16Qx2iLk2wfZBU,The Princes Favorite,NA,The Princes favorite,Misc tunes,NA,NA,NA,publicdomain,0.0,0,0,1,1,1,0,34,130,3.823529411764706,False,2.805049869962043,0.953846153846154,0.9569444444444444
QmNhVtYbw4MoWmR3VAJWNwH7zY7NFbMcx4MABcoRhpcQMn,the Princes favorite,NA,The Princes favorite,Misc tunes,NA,NA,NA,publicdomain,0.0,0,0,2,1,1,0,53,337,6.358490566037736,False,2.5451585752303623,1.0,0.9010416666666666
QmTzrRhmY6f37AkBT3QenZdT89sFrVYbuhKgGxhimPHgEn,The Princes Royal,The Princess Royal,The Princes Royal,Misc tunes,NA,NA,NA,publicdomain,0.0,0,0,2,1,1,0,53,280,5.283018867924528,False,2.7473719492574933,0.9535714285714286,0.9487847222222222
QmZYPKha9mbt3GLiEsWNnxgUTUv8r1sQfMXfadjqqHggCE,The Prism Of Memories,NA,NA,NA,NA,NA,NA,cc-zero,0.0,0,2,101,0,2,0-1,72,1073,14.90277777777778,False,2.676709500682992,0.9953401677539608,0.9646739130434784
QmcfiXPL4pbK27icEgGGAv3wAz3BjvwTprNfN5tzDXzgfB,The Proclamation,NA,The Proclamation,Misc tunes,NA,NA,NA,publicdomain,0.0,0,0,4,1,1,0,36,240,6.666666666666667,False,2.5490523933184988,1.0,0.9453125
QmX2n8iHVNfPcGV9cmFeBeYddHZcitWAYud6wZBVRxXxNH,The Prodigal Son,NA,prodigal son,Misc Praise Songs,NA,religiousmusic,NA,publicdomain,0.0,0,0,13,1,1,0,45,282,6.266666666666667,False,2.7300068019785324,0.9893617021276596,0.9578125
QmQ5TEYP3osVv4FcKPp53gi2FsYyRnANfsYxx5n7GUjCbY,The Promise,NA,NA,NA,Matthew Meredith,NA,pop-classical-contemporary-original,cc-zero,0.0,0,94,3832,1,1,0,91,936,10.285714285714286,False,2.4967146533858764,1.0,0.9716760299625468
Qmej6oCtZCCcab9aKs3zYsKG4bWQEBhCST4C5Us8ujgTV7,The promises how precious - Jno. R. Sweney,NA,The promises how precious,John R. Sweney,NA,classical,NA,publicdomain,0.0,0,0,3,1,1,0,14,335,23.928571428571427,False,2.4042586324115844,0.9940298507462688,0.9198717948717948
QmQDG9X4pWaUiJ3uzwBRkkTzSxMfnLAtWwNh6ipnCMNk31,The Prussians. ThoH.039,NA,The Prussians. ThoH.039,Misc tunes,NA,NA,NA,publicdomain,0.0,0,0,2,1,1,0,36,226,6.277777777777778,False,2.801021485151663,0.991150442477876,0.928763440860215
Qmb2dQuBncq8LCAWV1PAJmNh8jh7C7QkqxBgJkusPht9nX,The Punch Bowl. JJo6.87,NA,The Punch Bowl. JJo6.87,Misc tunes,NA,NA,NA,publicdomain,0.0,0,0,3,1,1,0,16,136,8.5,False,2.741956107255369,1.0,0.9175347222222222
QmZDSh6kUwLppx7LRf93mDXVPqAhPemA3JpM5MEDzBLr12,The Purse Rusted Shut,NA,The Purse Rusted Shut,Misc tunes,NA,NA,NA,publicdomain,0.0,0,0,2,1,1,0,32,166,5.1875,False,2.725311057465248,0.9879518072289156,0.9600694444444444
QmYyS1ApQfFj4a7peAFhbFVHPDMEeJyHm3xTyYVkoruxhx,The Quadrille,NA,The Quadrille,Misc tunes,NA,NA,NA,publicdomain,0.0,0,0,0,0,2,0-0,24,172,7.166666666666667,False,2.692863900296093,1.0,0.9520833333333332
QmWYKHNYcVyXSxWBkTfSaW2fWzJXoWibksAWNS5AeNq5kD,The Quaker's Triumph or... Roose.0713,Non mi Ricordo. Roose.0713,The Quaker's Triumph or... Roose.0713,Misc tunes,NA,NA,NA,publicdomain,0.0,0,0,2,1,1,0,36,168,4.666666666666667,False,2.771020836989459,0.988095238095238,0.9522569444444444
QmVmRdQ3e59RAisELJY5pPCX3JR4dFbU8KaRqybvMKCAgg,The Quakers Hornpipe. JBa.36,NA,Quakers HornpipeThe. JBa.36,Misc tunes,NA,NA,NA,publicdomain,0.0,0,0,1,1,1,0,27,188,6.962962962962963,False,2.720457306403232,1.0,0.9508547008547008
QmW51cTGTqzPEEcrQRdh9Pgza27H6X3TH7VU2s8UcVq2xN,The Quakers Wife,NA,Merrily Kiss the Quaker's Wife,Misc tunes,NA,NA,NA,publicdomain,0.0,0,0,1,1,1,0,54,480,8.88888888888889,False,2.614906867400555,1.0,0.8524305555555556
QmTpx7zETtDyASkM1C9xkdTPX4aRSrrgaFD61iwSZfJihs,The Quakers Wife RH.024,Merrily Kissed The...aka. RH.024,Merrily Kiss the Quaker's Wife,Misc tunes,NA,NA,NA,publicdomain,0.0,0,0,4,1,1,0,19,66,3.473684210526316,False,2.452849624874597,1.0,0.8663194444444444
QmTBR13HRNK7ANRtRJMbEPKUskdZTCSypusuni91gVUHPd,The Quarentine Challenge (I wrote the first 4 bars You write the rest!!),(READ DESCRIPTION),A Quarantine Challenge,Various,Various composers,classical,original-challenge-piano-ragtime-rag-community-quarentine-fun-timewasted-doctorjoshua-adamloi-subwoofers-rebejrob-isstanger-abog-tkkaa-missthequeen-johnclement-milnotsniw-itiseragon-squadra-empemanuelmusicpublishing-alanflores,cc-zero,4.49,5,21,732,2,1,0,115,968,8.417391304347825,False,3.1539872919433365,0.9039256198347108,0.9504781420765028
QmYthiUd6NB2KWbtP7Mn8w2wqdLE3Y2Rxz4hQWYU6er8rH,The Quarentine Challenge v12,(READ DESCRIPTION),The Quarantine Challenge,Various Composers,Various composers,classical,quarantine-challenge-collaboration-group,cc-zero,0.0,0,1,56,2,1,0,104,716,6.884615384615385,False,3.1513017770884235,0.9120111731843576,0.9526909722222222
QmUfdmb1AYGGMuV2rTn2tqcyZeFE1AmkqEudtsVfhvqZHb,The Quarrelsome Piper.,an piobaire troda.c.,The Quarrelsome Piper.,Misc tunes,NA,NA,NA,publicdomain,0.0,0,0,5,1,1,0,18,148,8.222222222222221,False,2.7360252162783687,1.0,0.87890625
QmbY41CkG6VZhsme9zw6XJyPdVaEGvZv5CHm3W9WXsa1d2,the Queen of Hungary's Tattoo,NA,the Queen of Hungary's Tattoo,Misc tunes,NA,NA,NA,publicdomain,0.0,0,0,4,1,1,0,38,138,3.631578947368421,False,2.693919283889964,1.0,0.9247685185185184
QmbgHS8TE9dnt6Dakq6JWP7QsEMborPTpH75fJ28FsW3Zu,The Queen Of May (hornpipe) 1728,NA,The Queen Of May,Misc tunes,after Chief O'Neill,NA,NA,publicdomain,0.0,0,0,8,1,1,0,38,250,6.578947368421052,False,2.764516125263889,1.0,0.9485294117647058
QmcweyzTRXWrARdBGt6WZxuPAFfYK4g7Yuh9KsTjhY8Qwt,The queen of the fair,NA,Queen Of The Fair,Misc tunes,anon.,NA,NA,publicdomain,0.0,0,0,1,1,1,0,58,309,5.327586206896552,False,2.606967728168609,0.9935275080906149,0.9490131578947368
QmNZQKEWX3uyWEPrhJZAm1onvEbxhLzsZkVYRwpHMog25F,The Queen of the May,NA,The Queen Of May,Misc tunes,NA,NA,NA,publicdomain,0.0,0,0,3,1,1,0,32,206,6.4375,False,2.961186697556753,0.9509803921568628,0.8763020833333334
Qme1ooaNTya4cQvtYX9um18M85k4x9PNhZSEgeqk8KcKvv,The Queen Of The Rushes,Bower TheChorus TheCoors TheQueen Of The Rushes,The Queen Of The Rushes,Misc tunes,NA,NA,NA,publicdomain,0.0,0,0,44,1,1,0,158,793,5.018987341772152,False,2.822544777901021,0.978562421185372,0.9470870206489675
QmcSDuj3MisR5Ag58ExxwyLDSvTjsUTzgno5KCSLkH6g3L,The Queen's Delight. (p)1706.PLFD1.527,Rakes Delight. (p)1706.PLFD1.527 The,The Queen's Delight,Misc tunes,NA,NA,NA,publicdomain,0.0,0,0,2,1,1,0,24,94,3.9166666666666665,False,2.6418291951817774,1.0,0.9409722222222222
QmXLAXt3KDvj1PkGZ41NfVAJ4WubbrdR82XSJ8r8YKgDBG,The Queen's Farewell,Ymadawiad y Vrenines,The Queen's Farewell,Misc tunes,NA,NA,NA,publicdomain,0.0,0,0,2,1,1,0,28,158,5.642857142857143,False,2.76504558504223,0.9873417721518988,0.9375
QmU2i3aUDoVW3pZrDtyTkMhUK7vXyJsRwvUezfVUnbFwkz,The Queen's Jigg. JJo3.041,NA,the Queen's Jig,Misc tunes,NA,NA,NA,publicdomain,0.0,0,0,0,1,1,0,18,77,4.277777777777778,False,2.5925968084449886,1.0,0.9201388888888888
QmZbrm5Frj9TpbiQALmdpWpFN7H73WSXfCKQHAFwUGgKPg,The QuickStepGrand MarchT.Thompson. RH.356,Grand MarchT.Thompson. RH.356 The,The QuickStepGrand MarchT.Thompson. RH.356,Misc tunes,NA,NA,NA,publicdomain,0.0,0,0,3,1,1,0,51,294,5.764705882352941,False,2.690198173289532,1.0,0.9071180555555556
QmbpeZf3omPSaHUDDwagGPNtNjBmHFA9hqiongJKT5Z7GA,The Quizes. Roose 419,NA,The Quizes. Roose 419,Misc tunes,NA,NA,NA,publicdomain,0.0,0,0,0,1,1,0,36,182,5.055555555555555,False,2.708298667835851,1.0,0.90625
QmZm8rH1DjrbM9bvuECiwwjj7s9ZNGiuZB3B4ReFWfMLRH,The Quotient Rule,NA,NA,NA,D Brian Walton,NA,NA,cc-zero,0.0,0,0,22,1,1,0,3,12,4.0,True,1.918295834054489,1.0,0.96875
QmTscnKyGQfnPoHxdEgckjNRsxByfcqicQDNWV3ff1ZhB7,The radiant morn hath passed away - Herbert Hall Woodward,Inscribed with singers regards to E.G.Monk Esq Mus. Doc.,The radiant morn hath passed away,Herbert Hall Woodward,Rev H.H.Woodward M.A. (1847-1909),classical,NA,publicdomain,0.0,0,0,3,0,5,0-0-0-0-0,86,1819,21.15116279069768,True,3.270050447322982,0.828637147786084,0.9561011904761904
QmWucjQgyXVFKJCB4QnGBx7Hoq5PZM9rWm2xBpJ9RABnY7,The Radical Road,NA,The Radical Road,Misc tunes,NA,NA,NA,publicdomain,0.0,0,0,7,1,1,0,76,741,9.75,False,2.3857838743344217,1.0,0.9993206521739132
Qmdjr8oU9M4UucjDYYEcWFt4hVvq3FWBq52doEZprbz4gS,The Ragg,NA,The Ragg,Misc tunes,1726,NA,NA,publicdomain,0.0,0,0,1,1,1,0,36,162,4.5,False,2.601490855864347,1.0,0.9270833333333334
QmbYhxZFo9HZBk1zA1XPekRhVJUxjzCC15PMnPT2sEQ45c,The Ragged Hank Of Yarn,NA,The Ragged Hank Of Yarn,Misc tunes,NA,NA,NA,publicdomain,0.0,0,0,3,1,1,0,24,155,6.458333333333333,False,2.731075643419456,1.0,0.9548611111111112
QmWWXeRHkToGLX4ur5hRz2o3D2LKQsD69Ce8tVeCXcsDnV,The Ragged Hank Of Yarn,NA,The Ragged Hank Of Yarn,Misc tunes,NA,NA,NA,publicdomain,0.0,0,0,3,1,1,0,16,119,7.4375,False,2.5503492133353936,0.9915966386554622,0.9596354166666666
QmYqNCTsSDWMb7HQgSusGSYTGrrkcgNMp5pwHybbt1dwB9,The Ragged Hank of Yarn,NA,The Ragged Hank Of Yarn,Misc tunes,NA,NA,NA,publicdomain,0.0,0,0,2,1,1,0,32,232,7.25,False,2.646438131818441,0.9956896551724138,0.9466145833333334
QmaK7hXrpBgJkF51tdAeuLYYbJNgyA7Hvd4eE8MJnu1Ysg,The Ragged Hank Of Yarn,NA,The Ragged Hank Of Yarn,Misc tunes,NA,NA,NA,publicdomain,0.0,0,0,1,1,1,0,18,147,8.166666666666666,False,2.6771660303747487,0.9931972789115646,0.9396929824561404
QmQcF82mkaUVz3GQJZz3vJkJhzJYbpP3kULnpeDP92mtkt,The Ragged Hank Of Yarn,NA,The Ragged Hank Of Yarn,Misc tunes,NA,NA,NA,publicdomain,0.0,0,0,2,1,1,0,32,246,7.6875,False,2.6001327366267097,1.0,0.953125
QmYtQd62DqhcztLJtyowVg49kXiAKrPUzF4AZetkKHBsBQ,The Raggle Taggle Gypsies,NA,The Raggle Taggle Gypsies,Misc tunes,NA,NA,NA,publicdomain,0.0,0,0,26,1,1,0,17,81,4.764705882352941,False,2.6819851987639938,1.0,0.94921875
QmXX8QvBZHxDzdVyujRyHjagyd3GKWkawcSWedxpAK3gz5,The Raggle Taggle Gypsies,NA,The Raggle Taggle Gypsies,Misc tunes,NA,NA,NA,publicdomain,0.0,0,2,14,1,1,0,17,49,2.8823529411764706,False,2.719459123030813,1.0,0.9453125
QmaHGkSmZcYHuhNfdZN9HBkKvUcMSq2uxxjp6hCuNqkAFC,The Railroad,Bóthar Iarainn An,The Railroad,Misc tunes,NA,NA,NA,publicdomain,0.0,0,0,3,1,1,0,5,33,6.6,False,2.5930652408862995,1.0,0.890625
QmPWxovYZqf5HUHuLaRQG1Yczik19Aa4ucbML7Ko5JUpcj,The Rainbow Connection,Arranged for The Potsdam Pitches :),NA,NA,Arr. Leandra Wahlen,NA,NA,cc-zero,0.0,0,4,131,0,4,0-0-0-0,54,971,17.98148148148148,True,3.5281474735825884,0.6663157894736842,0.932748538011696
QmXtKLWzgF5HGBN1N5D8sg3usK6WaqK3BVnZiz3sY3pinE,The Rainbow Connection,NA,rainbow connection,The Muppets,Paul Williams and Kenneth L. Ascher Arr. Mark Taylor,soundtrack,NA,cc-zero,0.0,0,7,566,1,1,0,140,872,6.228571428571429,False,2.937623377162911,0.9438073394495412,0.9232142857142858
QmQUGjEr12nRcoAf9cgYdfesgfxPtoUiNThfSQPvNqkAyA,The Rainbow Tune,Maggies Pancakes,The Rainbow Tune,Misc tunes,NA,NA,NA,publicdomain,0.0,0,0,4,1,1,0,40,286,7.15,False,2.7130672292885167,1.0,0.9692708333333332
QmaNUsB8nwLLvwAyZiBWTDhTfJgSKVKzgqX8qrKk4WXWuo,The raindrops decided a frolic - Chas. H. Gabriel,NA,The raindrops decided a frolic,Chas. H. Gabriel,NA,classical,NA,publicdomain,0.0,0,0,2,2,1,0,17,286,16.823529411764707,False,2.816379007231748,0.9788732394366196,0.9672619047619048
QmSKe7KtuhXebmQun7Tw6zLpFyBkEh4ddq6uu2HgGYjYYD,The Rains of Castamere,(From HBO's Game of Thrones),NA,NA,By Ramin Djawadi Arr: Jean Michael Courtois,NA,NA,cc-zero,0.0,0,11,399,1,1,0,49,303,6.183673469387755,False,2.70688888202812,1.0,0.9724842767295596
QmSyK527tUVd7oaVRdYPfQG4uVmscabb42m2muZjoZ1A8X,The Rains Of Castamere,(From HBO's Game Of Thrones),the rains of castamere,Ramin Djawadi,Ramin Djawadi,classical-soundtrack,piano-gameofthrones-therainsofcastamere-ramindjawadi,cc-zero,4.95,36,107,2223,2,1,0,40,573,14.325,False,2.783678787105746,0.9650959860383944,0.9661458333333334
QmSLN3LEsFXATgbKLxTUwxR7RCHkXw4fWWkkXPHMocVs4T,The Raising Fighting Spirit,NA,naruto - the raising fighting spirit,Misc Cartoons,NA,soundtrack,NA,cc-zero,0.0,0,0,290,0,1,0,80,462,5.775,False,2.810256451438689,0.982608695652174,0.9166666666666666
QmZZAt8mwm3fGZV2FHVDNDqKBkLX2VsEpe1d6NzxeNfAH9,The Rakes of Clonmel,Ben Kelly's Delight,The Rakes Of Clonmel,Misc tunes,NA,NA,NA,publicdomain,0.0,0,0,2,1,1,0,108,548,5.074074074074074,False,2.685738087805172,1.0,0.9797453703703703
QmVUH7ecaP2PpqYqkHcM9jC4swadokQnT5T1rHUYfnUS1A,The Rakes of Clonmel,Ben Kelly's Delight,The Rakes Of Clonmel,Misc tunes,NA,NA,NA,publicdomain,0.0,0,0,9,1,1,0,243,1232,5.0699588477366255,False,2.6784141606373546,1.0,0.981224279835391
QmQn7ByvWTxwMXvcLt94vyGMxvAMhhjqBTx9cEu1xKS2Xt,The Rakes of Clonmel (A50),NA,The Rakes Of Clonmel,Misc tunes,NA,NA,NA,publicdomain,0.0,0,0,4,1,1,0,81,426,5.25925925925926,False,2.7888972011179023,0.988262910798122,0.9548611111111112
QmRJkMY8ZTA84yCu7VMvP72xS99tzJwFdTuioWaJ9oBx3x,The Rakes Of Clonmel (jig) 0902,NA,The Rakes Of Clonmel,Misc tunes,after Chief F. O'Neill,NA,NA,publicdomain,0.0,0,0,19,1,1,0,56,288,5.142857142857143,False,2.855741747672689,0.9652777777777778,0.963425925925926
QmQ6gy2XTaA1xK7rV9AthhwDZAUHMrjBtRtVxPoJnd4XMu,The Rakes of Clonmel.,NA,The Rakes Of Clonmel,Misc tunes,NA,NA,NA,publicdomain,0.0,0,0,2,1,1,0,79,397,5.025316455696203,False,2.834455940275047,0.9722921914357684,0.9603365384615384
QmY7dZdHWQaVVYGNyYYQHvkhy8mQExUiS2rn6FjrrXsbvT,The Rakes Of Kildare (Ador),https://thesession.org/tunes/84 (X:1),trad folk,Misc Traditional,NA,folk,tradfolk-irish-trad-thesessionorg,cc-zero,0.0,0,2,59,1,1,1,40,208,5.2,False,2.544784490340284,1.0,0.9527777777777776
QmeozH2faYtcvNBSD84ujCu8Jikohz3kJjB8FtcetosADE,The Rakes Of Kildare (jig) 0847,NA,The Rakes Of Kildare,Misc tunes,Unattributed,NA,NA,publicdomain,0.0,0,0,6,1,1,0,38,182,4.789473684210527,False,2.8077259892374364,0.934065934065934,0.9526515151515152
QmPMbquP8twjFNih6VtCnooKmiTqEerPcU55CrBP8dzbMC,The Rakes of Kildare 2,NA,The Rakes Of Kildare,Misc tunes,Joe Buchanan's Scottish Tome - Page 252.3,NA,NA,publicdomain,0.0,0,0,2,1,1,0,44,193,4.386363636363637,False,2.627009676664233,0.9689119170984456,0.9567901234567902
QmUe1T3mdxAdxA3SDgSzikr7KcC9eBwzhaB1uk9FoMAKSu,The Rakes of London. Ru1.180,Rakes of Mallowaka,The Rakes of London. Ru1.180,Misc tunes,NA,NA,NA,publicdomain,0.0,0,0,0,1,1,0,12,104,8.666666666666666,False,2.6902929622585128,1.0,0.9461805555555556
Qmd8v5NLqx3VGBSbG9Yd4X4knBgSeobRoDVGBYraeQYmEE,The Rakes Of Mallow,NA,The Rakes Of Mallow,Misc tunes,file ID: onmi.misc/051rakes_m,NA,NA,publicdomain,4.62,5,0,70,1,1,0,32,188,5.875,False,2.648831460407605,1.0,0.9430555555555556
QmfFno5YfYEyesG12SMotPEMHxpbx5bn7rgoGtJEc9Uc7F,The Rakes of Mallow (Jolly Sailor),Sandy Lent the Man His Mill,The Rakes Of Mallow,Misc tunes,NA,NA,NA,publicdomain,0.0,0,0,12,1,1,0,32,146,4.5625,False,2.6202408315889305,1.0,0.9440104166666666
QmUBgG9JynGXQjLTFa9ouQGC6b5puvW4suPsvytkfe63MY,The Rakes Of Mallow (march) 1814,NA,The Rakes Of Mallow,Misc tunes,after Sg't. J. O'Neill,NA,NA,publicdomain,0.0,0,0,2,1,1,0,33,192,5.818181818181818,False,2.653476003597308,1.0,0.93359375
QmYEG6rBHvYxuGwdyeqifAj6jmYQ6KZ3W8EvPT4uXVXmLM,The Rakes Of Mallow. WM.050,Little Billyaka. WM.050,The Rakes Of Mallow,Misc tunes,NA,NA,NA,publicdomain,0.0,0,0,6,1,1,0,32,146,4.5625,False,2.6103431263586647,1.0,0.9296875
Qme75tVqF67NjHbuSFRAYEkmmdUARSayHcnDEsxKAcaCRc,The Rakes of Rochester Tune name,NA,The Rakes of Rochester Tune name,Misc tunes,1750,NA,NA,publicdomain,0.0,0,0,4,1,1,0,35,124,3.5428571428571427,False,2.656797124702406,1.0,0.9
QmTRkJLzbrcQMFJzsKus5HfrfvvMofNjMTgq6HmBgxZF3q,The Rambling Laborer (song) 0299,NA,The Rambling Laborer (song) 0299,Misc tunes,after Chief F. O'Neillmoderate,NA,NA,publicdomain,0.0,0,0,2,1,1,0,18,73,4.055555555555555,False,2.6713857284485645,1.0,0.9270833333333334
QmYw1docKKvfq5zgRbhzbDth8xcNrH9rck4t5gPobTJXHD,The Rambling Pitchfork,NA,The Rambling Pitchfork,Misc tunes,NA,NA,NA,publicdomain,0.0,0,0,1,1,1,0,112,638,5.696428571428571,False,2.8142498378538194,0.9184952978056428,0.9821428571428572
QmYzTWbV7Yi5JMnjkPJp3ke9Z4oaQ4wYnzPpPKBdquiReX,The Rambling Pitchfork,NA,The Rambling Pitchfork,Misc tunes,NA,NA,NA,publicdomain,0.0,0,0,0,1,1,0,64,352,5.5,False,2.7837656893566334,0.9261363636363636,0.96875
QmRsYjjAnSSrRAd8yJj6EUgPdCWhYpQwhBFoRUtNcsskMP,The Rambling Rake,An Racaire Fanac,The Rambling Rake,Misc tunes,collected by Hartnett,NA,NA,publicdomain,0.0,0,0,4,1,1,0,35,229,6.542857142857143,False,2.771592177961158,1.0,0.951171875
QmaDYQNVioguTxskTu2iFvKSmynh6MEoqYEQeWM6XjRnbe,The Rambling Sailor,an loingseoir siu.tarras.,The Rambling Sailor,Misc tunes,NA,NA,NA,publicdomain,0.0,0,0,3,1,1,0,25,194,7.76,False,2.7362023562971656,1.0,0.9609375
QmbDEHcg6zR6LzwjF8CYHYLYp3B4QAAaYaUihgF4hGUvLV,The Random Jig,Random Notes,The Random Jig,Misc tunes,James Hill (1811-1853) Northumberland (?),NA,NA,publicdomain,0.0,0,0,2,1,1,0,32,152,4.75,False,2.7387589815336897,1.0,0.9375
QmXPPszizbHvazpsmbfNFJqPCTQiYvnRuaApfVSdxi2ikK,The Ranger,R\'ana\'i (An),The Ranger,Misc tunes,NA,NA,NA,publicdomain,0.0,0,0,9,1,1,0,36,242,6.722222222222222,False,2.737422422616537,1.0,0.9615885416666666
QmQjtBMXoWZsBdeTeMVNzJpdJrqKNKGpLAUKgK6QrUf7NH,the Ranting Highlandman.,the White Cockade,The Ranting Highlandman,Misc tunes,NA,NA,NA,publicdomain,0.0,0,0,1,1,1,0,45,211,4.688888888888889,False,2.414335238146152,1.0,0.9734375
QmdfLyNQe4jo6k4QFkt3gTmwm3A2HTFPN6q6aq67gQaVBZ,The Rape. Walsh 4. Volume 1.058,NA,The Rape. Walsh 4. Volume 1.058,Misc tunes,NA,NA,NA,publicdomain,0.0,0,0,1,1,1,0,36,166,4.611111111111111,False,2.807002452716384,0.9759036144578314,0.9774305555555556
QmWyu8sSvW7U1AYNiqQyY1gsiD8QTsX4XKR37HQDSR4LYT,The Raven Through The Bog,The Rover Through The BogThe Mullingar RacesBealltaineThe Butchers of BristolTaylor's HornpipeGeary's Hornpipe,The Raven Through The Bog,Misc tunes,NA,NA,NA,publicdomain,0.0,0,0,6,1,1,0,32,254,7.9375,False,2.730724648553544,1.0,0.9466145833333334
QmYeqg4F6XkzGbQqgL1WCEBFNUQg5HhaZmYuxRpuAvDhpw,The Raw Recruit,NA,The Raw Recruit,Misc tunes,To M.L.Maynard Fifer Chardon O. Co.E.105th O.V.I.,NA,NA,publicdomain,0.0,0,0,1,1,1,0,36,152,4.222222222222222,False,2.631928410475902,1.0,0.9331597222222222
QmVReYUAAxT658bEUY6qWwfact4rdkTfM7prTUbiLsUEgw,The Read House Rant. HA.136,Old Lancashire Hpaka. HA.136Cheshire Hornpipeaka. HA.136,The Read House Rant. HA.136,Misc tunes,see HA.010,NA,NA,publicdomain,0.0,0,0,2,1,1,0,80,412,5.15,False,2.812351603915329,0.9805825242718448,0.9361979166666666
QmVPepgQqF8SHSGiAxCk1e82T1vNoDTsB7hFFH6HHqNq8W,The Reading made Easy,NA,The Reading made Easy,Misc tunes,NA,NA,NA,publicdomain,0.0,0,0,2,1,1,0,18,91,5.055555555555555,False,2.7430006048524627,0.978021978021978,0.9322916666666666
QmYqRas7tofaBRsMYvMKHVBHwGmQLiKCpyy6UzkddPBeTh,The Real Folk Blues - Cowboy Bebop Ending Theme,Cowboy Bebop OST,the real folk blues,The Seatbelts,Composed by The Seatbelts,soundtrack,piano-theseatbelts-cowboybebop-ost,cc-zero,4.75,66,384,12547,1,1,0,69,667,9.666666666666666,False,2.6539839100094254,1.0,0.9480676328502416
QmWbuNMkp9gzUoBJ6BdkhpnTqcm9ryzC7gY2j16e1WAN6P,The Real Scotch Polkas(2). Le4.109,NA,The Real Scotch Polkas(2). Le4.109,Misc tunes,Lea Rig,NA,NA,publicdomain,0.0,0,0,4,1,1,0,39,226,5.794871794871795,False,2.9063507715434835,0.9424778761061948,0.8700980392156863
QmaFCaHipRnYhHGQvVxXf1jgunRqtEqiwWtnRkVincsCyX,The Real Scotch Polkas(4). Le4.108,NA,The Real Scotch Polkas(4). Le4.108,Misc tunes,NA,NA,NA,publicdomain,0.0,0,0,3,1,1,0,106,492,4.6415094339622645,False,2.8149993603943493,0.9549180327868853,0.9197048611111112
QmZJJrQSQ5WUbXntusmPzNzn9fCnt9SZCEuiGHkMZCs8q4,The reason for Christmas,NA,The reason for Christmas,assuntadip1,Music & lyrics: Assunta Di PasqualeChristmas 2019,NA,NA,cc-zero,0.0,0,0,12,0,1,0,46,221,4.804347826086956,True,3.4242136206648555,0.7601809954751131,0.8967391304347826
QmWPcSsKttkjHnpqJSVtjQnr2ynPsa5N7ra4ARaLbpm3Kq,The Rebel Girl,NA,the rebel girl,Joe Hill,Words & Music byJOE HILL,NA,iww-rebelgirl-feminism,cc-zero,0.0,0,3,230,1,1,0,75,749,9.986666666666666,True,3.060625761757476,0.9212283044058746,0.9873826291079812
QmehWKeH8SDgxSPE6PQk8NvnvhTA2XVT2SHfAT9sApyca1,The Rebel's Farewell,NA,The Rebel's Farewell,Misc tunes,NA,NA,NA,publicdomain,0.0,0,0,3,1,1,0,9,42,4.666666666666667,False,2.4544619739459392,1.0,0.8875
QmSMPsH5biUH8vZVVmMaCQXZMZjxggd6XBt6MWC8ug8d3E,The Recollection of that day,O Chiadainn an l\o,The Recollection of that day,Misc tunes,NA,NA,NA,publicdomain,0.0,0,0,6,1,1,0,36,144,4.0,False,2.355096366373695,1.0,0.8993055555555556
QmdRNLUdKDMRJkUz6Li17LmTAnerdMrQARd1gaRnbByWXK,The Reconciliation 2,NA,The Reconciliation 2,Misc tunes,Joe Buchanan's Scottish Tome - Page 184.3,NA,NA,publicdomain,0.0,0,0,1,1,1,0,45,295,6.555555555555555,False,2.530294636758205,1.0,0.9739583333333334
QmP2HfuqKwfhsKBirH8oHQtY78pDmN11v6dzyeWVuahZri,the Reconciliation Reel,the Olive Branch HornpipeHumphrey's ReelCrannciuil Umfrei,The Reconciliation Reel,Misc tunes,NA,NA,NA,publicdomain,0.0,0,0,7,1,1,0,40,244,6.1,False,2.587564655799312,1.0,0.9324324324324323
QmTjeySBCju1CKc1hCQcFZpJ8X9iQZQreCdPMpL5PA6263,The Recovery. Car(G).05,NA,The Recovery. Car(G).05,Misc tunes,NA,NA,NA,publicdomain,0.0,0,0,3,1,1,0,4,20,5.0,False,2.333206219346496,1.0,0.90625
QmXGVDG3gUS433b85ozqcTFEmqsaDLDFrgeJqf1kVeZYhP,The Recovery. RH.049,NA,The Recovery. RH.049,Misc tunes,NA,NA,NA,publicdomain,0.0,0,0,2,1,1,0,48,204,4.25,False,2.573985591323994,1.0,0.9053819444444444
QmZZbaWFTKurThuf4CBWEca25qQ1AgR26L2EwoFaNwqxbd,THE RECRUIT'S SONG,NA,THE RECRUIT'S SONG,Misc tunes,NA,NA,NA,publicdomain,0.0,0,0,3,1,1,0,17,46,2.7058823529411766,False,2.594062560203797,1.0,0.9609375
QmP65hETfXTKeCorejqvbjVge8hxr64wLYvVYv8CMNAboy,the Recruiting Officer.,NA,The Recruiting Officer,Misc tunes,NA,NA,NA,publicdomain,0.0,0,0,2,1,1,0,45,201,4.466666666666667,False,2.770856264287982,1.0,0.9333333333333332
QmPJYfYuW8jJeN1evWFDNcMKXtPhm3DV5owvTPWgT1Ra9g,The Recruiting Sergeant,NA,The Recruiting Sergeant,Misc tunes,NA,NA,NA,publicdomain,0.0,0,0,104,1,1,0,80,343,4.2875,False,2.735425652594686,1.0,0.90625
QmYyU9FqjLK4hvSBrBn1JnHbDnsp2XTHc4aRsWvBd63JQN,The Recruiting Sergeant,NA,The Recruiting Sergeant,Misc tunes,NA,NA,NA,publicdomain,0.0,0,2,55,1,1,0,18,67,3.7222222222222223,False,2.749083430127363,1.0,0.8993055555555556
QmVD3EgCAEEaZGAzXGchHyhodyuPeL7WarqV2LoD36VREL,The Recruiting Sergeant +,NA,The Recruiting Sergeant +,Misc tunes,Donated by Col. Le Roy Van Horn Co. A. 18th U.S. Inf.,NA,NA,publicdomain,0.0,0,0,13,1,1,0,36,140,3.888888888888889,False,2.831160496584565,0.9714285714285714,0.8984375
QmVAWEyr2Vs3j4RLa5ekaMr2gE1XpNnKSFEPLGGAqFQ4H6,The red Admiral Butterfly,NA,NA,NA,NA,NA,NA,cc-zero,0.0,0,1,645,1,1,0,99,671,6.777777777777778,False,2.9551204088450143,0.932935916542474,0.9114583333333334
QmcdPqcdGKkCrxxtwSe2Ziz7Z1jH9gRCnTXrwDmw4iTxpG,The Red Army Is The Strongest - Red Army Choir,Original by Red Army Choir,red army is the strongest,Alexander Alexandrov,Arr. by Felix Zander,NA,the-red-army-is-the-strongest-choir-russland-russian-europa,cc-zero,4.96,25,56,1859,2,1,0,73,1164,15.945205479452056,False,2.7329113023914524,0.9559204840103716,0.9606164383561644
QmVZj4s78EzEAYXkFcDpJzEkoTfCmSbRJ971DJupMtbGWT,The Red Cross Knight - John Wall Callcott,Glee for 3 voices,The Red Cross Knight,John Wall Callcott,John Wall Callcott (1766-1821),classical,NA,publicdomain,0.0,0,0,6,0,4,0-0-0-0,127,2497,19.661417322834644,True,2.8448323944340563,0.9744455159112826,0.9221666666666668
QmQgUeWenhoCEwS4iGfT6RoTkP2nAvtBjdW3WjDT7zgKZu,The Red Fox (air) 0390,NA,The Red Fox (air) 0390,Misc tunes,Unattributedwith spirit,NA,NA,publicdomain,0.0,0,0,3,1,1,0,18,85,4.722222222222222,False,2.610133399286672,1.0,0.9518229166666666
QmfPcsR566gJC4SJUkF9po7vhCh6Vso285hpU16Uvh7rUM,The Red Hood,NA,NA,NA,Composer,NA,piano,cc-zero,0.0,0,0,88,2,1,0,58,1030,17.75862068965517,False,2.978557114041733,0.9161793372319688,0.9511494252873564
QmRNbYbVPdroC7xDYG4SLyAbdNucru1WYRzsHtdyGCKGWx,the Red-Haired Boy,the Little Beggar Man,Red Haired Boy,Misc tunes,NA,NA,NA,publicdomain,0.0,0,1,5,1,1,0,36,196,5.444444444444445,False,2.655445226642504,1.0,0.9407552083333334
QmRCk5XkPhAGWCxxLfCFKUCaGxUNnk1SmsMJ8Fm82WAyYM,The Red-Haired Lass,Red Haired Lass TheShearing the SheepCrusheen TheJim Seery'sPeter Kennedy's Fancy,The Red-Haired Lass,Misc tunes,NA,NA,NA,publicdomain,0.0,0,0,4,1,1,0,32,216,6.75,False,2.431467520437929,1.0,0.953125
QmVUW1uMNUuw7XV9GEhFASUfTfv77N9pHF3QV5wiMPnJRU,The redeemed of the Lord in glad freedom returning - Adam Geibel,NA,The redeemed of the Lord in glad freedom returning,Adam Geibel,NA,classical,NA,publicdomain,0.0,0,0,2,2,1,0,17,417,24.529411764705884,False,2.83264201679939,0.9496402877697842,0.9635416666666666
QmSw24KfdeJ7UZvEEEmvNrWRKj3ytuQ5NKUAapmuazSL5R,The Redhaired Hag (jig) 0923,NA,The redhaired hag,Misc tunes,after Chief F. O'Neill,NA,NA,publicdomain,0.0,0,0,1,1,1,0,38,188,4.947368421052632,False,2.9466530195551592,0.946808510638298,0.975
Qmb8eh7aVgxHyiKWN2nkoTJ56u2fkpyzom6GMZP4N9jLEF,The Redhaired Hag.,NA,The redhaired hag,Misc tunes,NA,NA,NA,publicdomain,0.0,0,0,0,1,1,0,50,244,4.88,False,2.867625341054772,0.9549180327868853,0.966540404040404
QmeWfmf78BuAHsrhH7wL92tS3pdwSPTLxqdRbxxQySxm2W,The Reel of Glames,NA,the Reel of Glames,Misc tunes,NA,NA,NA,publicdomain,0.0,0,0,2,0,2,0-0,16,200,12.5,False,2.2763276429557364,1.0,0.9388020833333334
Qmdv1CY7T1McQH3HYo6sqmniS5wyr6ZR1Dn2wpkm9zYuLc,The Reel of Glamis/The Clever Lad,NA,The Reel of Glamis/The Clever Lad,Misc tunes,Johnson's Caledonian Country Dances 1748,NA,NA,publicdomain,0.0,0,0,3,1,1,0,18,132,7.333333333333333,False,2.555785802136804,1.0,0.9440104166666666
QmQizz76j2Z7FDt8BAzTbn4Qs3stemJ65HbeFjNtmHXBkb,The Refiner sat by the seven-fold fire - D. B. Towner,NA,The Refiner sat by the seven-fold fire,D. B. Towner,NA,classical,NA,publicdomain,0.0,0,0,16,1,1,0,26,405,15.576923076923077,False,2.797504136202031,0.9753086419753086,0.9487847222222222
QmUKDN3xCyzLbP8BWhFHHkyPFEnUnjyKVvWvMSxtozG46j,The Regency.(2 voices). TWC.297,NA,The Regency.(2 voices). TWC.297,Misc tunes,NA,NA,NA,publicdomain,0.0,0,0,1,0,2,0-0,32,270,8.4375,False,2.645479333438764,0.9925925925925926,0.9427083333333334
QmSTc6n7DZeVrJd5YByqvitBurgxxGiSif8tbe4V7LYWx3,THE REJECTED LOVER,An gradhuigtheoir treigthe,The Rejected Lover,Misc tunes,NA,NA,NA,publicdomain,0.0,0,0,2,1,1,0,20,66,3.3,False,2.481714572986073,1.0,0.8923611111111112
QmVvdaTAPiicrFu3kSqKqTzfoEkcvACJe5jt9fdoKyEJ54,The Rejected Lover,Fhear nan casun caola,The Rejected Lover,Misc tunes,NA,NA,NA,publicdomain,0.0,0,0,1,1,1,0,57,373,6.543859649122807,False,2.694948358061221,1.0,0.9685374149659864
QmWHjzVYxMjKXjyPkDXMghtZECLSTn6keNrJBixXxt891y,The Repeal Of The Union,NA,The Repeal Of The Union,Misc tunes,NA,NA,NA,publicdomain,0.0,0,0,1,1,1,0,16,131,8.1875,False,2.519074243251052,1.0,0.9013888888888888
QmWsdPo1FB5Hp8pUj4BLiRtExht83PgypfLqJ2hr1yhRvW,The Repeal of the Union,Hen and Her Brood The,The Repeal Of The Union,Misc tunes,NA,NA,NA,publicdomain,0.0,0,0,3,1,1,0,48,335,6.979166666666667,False,2.528257397569379,1.0,0.9496527777777778
QmU3nLbGbfrAgnsA6uxbJjxLbDwb8KXccWvp1ez1ndL5av,The Repeal of the Union,Hen and Her Brood The,The Repeal Of The Union,Misc tunes,NA,NA,NA,publicdomain,0.0,0,0,3,1,1,0,16,113,7.0625,False,2.545392334908501,1.0,0.9557291666666666
QmRnE1Ffc4Nb2pa4ySBAp1RMGCYWAbHS45VngFkugAK5Ye,The Repeal Of The Union,NA,The Repeal Of The Union,Misc tunes,NA,NA,NA,publicdomain,0.0,0,0,1,1,1,0,16,108,6.75,False,2.5589882589500235,1.0,0.9440104166666666
QmTdTqQWhSKoyCJrGRBw3iG66uAqv5tkVaNfzdfHY9Bv1C,The Repeal of the Union,Hen and Her Brood The,The Repeal Of The Union,Misc tunes,NA,NA,NA,publicdomain,0.0,0,0,2,1,1,0,76,540,7.105263157894737,False,2.546921216867223,1.0,0.9512061403508772
QmStAEWFgVSJokbbBxaJvVxPuQuLegrm62yKGuWig1Joqb,The Reprisal. BC.54,Lads A'BunchumAdderburyaka. BC.54Ohdear mother what a fool I beaka BC.54Balance A Strawaka. BC.54,The Reprisal. BC.54,Misc tunes,NA,NA,NA,publicdomain,0.0,0,0,2,1,1,0,13,93,7.153846153846154,False,2.5744931441549133,1.0,0.9548611111111112
QmTjFPGZCFyvayhfumS56BMkmXdidLuHwS7XiSGxZ3xg61,The Republican Set,Doc Boyd's JigOld Jubiter,The Republican Set,Misc tunes,NA,NA,NA,publicdomain,0.0,0,0,5,1,1,0,18,95,5.277777777777778,False,2.6387451197919587,1.0,0.9409722222222222
QmVyX7ZwTe4qnzViercaKvha57UNq7RanjxN7ELEp37HBk,The Resolution Cutter,NA,The Resolution Cutter,Misc tunes,NA,NA,NA,publicdomain,0.0,0,0,2,1,1,0,11,46,4.181818181818182,False,2.3817739156726634,1.0,0.9652777777777778
QmPaTiR5P8YQs6nB79iZyBjY2ZV8TyXRvxB1S8bpH2B1WZ,The Retreat Play At Sunset. - Regulation Fife Calls 1776-1856 6,NA,The Retreat Play At Sunset. - Regulation Fife Calls 1776-1856 6,Misc tunes,NA,NA,NA,publicdomain,0.0,0,0,8,1,1,0,21,67,3.1904761904761907,False,2.481833088958344,1.0,0.9361111111111112
QmaJMQXTpUjzvbgP6gbqttzMQCztxac5MzMBwTPhW3Ako1,The Retreat. JJo6.16,Pretenders March.Rock and a Wee Pickle Towaka.,The Retreat,Misc tunes,NA,NA,NA,publicdomain,0.0,0,0,2,1,1,0,40,240,6.0,False,2.647500645930516,1.0,0.8823529411764706
QmcYHSKwuByAygwxr9JFgP3kRQZNm1F9bD9AQ5RoXwrbmd,The Retreat. Ru1.051,Banks of the Deeaka. Ru1.051 The,The Retreat,Misc tunes,NA,NA,NA,publicdomain,0.0,0,0,1,1,1,0,46,275,5.978260869565218,False,2.68394529160627,1.0,0.9083333333333332
QmZ7vUEFQSE9cSzVZAhdz9K1GfydYVsAmmHT6XpJSmDbcs,The Retreat. Ru1.051,NA,The Retreat,Misc tunes,NA,NA,NA,publicdomain,0.0,0,0,3,1,1,0,94,427,4.542553191489362,False,2.858649702706652,0.9695550351288056,0.9244791666666666
QmNtVwteyGbxvNaHESwF2UGGembPCGJVdZ9X4cQyGEVr5d,The Retreat. Ru1.051,Banks of the Deeaka. Ru1.051 The,The Retreat,Misc tunes,NA,NA,NA,publicdomain,0.0,0,0,1,1,1,0,32,209,6.53125,False,2.683037742628989,1.0,0.9086021505376344
QmTxys8LBLqpXX8rUHdrQ9QZrnnpwSFR8qzoVVmfcQhppf,The Retreat. THO2.152,Buff Coataka. THO2.152 The,The Retreat. THO2.152,Misc tunes,NA,NA,NA,publicdomain,0.0,0,0,4,1,1,0,28,134,4.785714285714286,False,2.5799480205749963,1.0,0.962962962962963
QmQJ2veMq9hhkcRtv1QPCc6JXjHSqrgDAAu2w96k6mCwhD,The Revenge Of The Smelly Whistle,NA,The Revenge Of The Smelly Whistle,Misc tunes,NA,NA,NA,publicdomain,0.0,0,0,2,1,1,0,2,10,5.0,False,2.321928094887362,0.9,0.875
QmPA73mkzWpF6LGxHVAnvRCM7rtaLqdAtUd4m8b7jGw1Tp,The Reverend Brother's Jig,Port an BhrathairMonk's Jig TheSonny Brogan's FancySonny Brogan's 1,The Reverend Brother's Jig,Misc tunes,NA,NA,NA,publicdomain,0.0,0,0,2,1,1,0,48,245,5.104166666666667,False,2.508488936614352,1.0,0.953125
QmUNTt6pTWChAptzeJDEts768eWa6N8NXGppZFajmKj9P5,The Reverend Brother's Jig,Port an BhrathairMonk's Jig TheSonny Brogan's FancySonny Brogan's 1,The Reverend Brother's Jig,Misc tunes,NA,NA,NA,publicdomain,0.0,0,1,8,1,1,0,64,332,5.1875,False,2.549153063956651,1.0,0.9500868055555556
QmRrngb65kvFk4evcp86bfWu4GkExVM4jGHsbpfUsjNaJB,The Reverse Paradiddle Samba,NA,NA,NA,bangthedrumschool.com,NA,drums,cc-zero,0.0,0,6,1661,0,1,0,23,552,24.0,False,1.584962500721156,1.0,0.9855072463768116
QmekU9ji8GzcAKKWHZJbp8DtMqtuTHZkRvcJvbDGkcMyL3,The Rhone. VWMLa.229,NA,The Rhone. VWMLa.229,Misc tunes,NA,NA,NA,publicdomain,0.0,0,0,3,1,1,0,32,129,4.03125,False,2.505892617850749,1.0,0.9479166666666666
QmfKRjqdWdfYr5U5KnTJZZ15y4gPNQFVsCRDhzNoUwygRk,The Richardly Quickstep. Car(G).14,Davy Davy Nick Nackaka. Car(G).14,The Richardly Quickstep. Car(G).14,Misc tunes,NA,NA,NA,publicdomain,0.0,0,0,3,1,1,0,32,180,5.625,False,2.6823017132911344,0.9888888888888888,0.9244791666666666
Qmb8MMQDCEi19LK4P8u8PLJQj2DN3cv3SyGLYmQCVpDbNs,The Ridotta. WCD3/6.146,Portobello Hornpipeaka. WCD3/6.146 The,The Ridotta. WCD3/6.146,Misc tunes,NA,NA,NA,publicdomain,0.0,0,0,2,1,1,0,32,190,5.9375,False,2.782836406202138,1.0,0.939453125
Qmco81XB3ohpNfmMZg216AQheWWA9AXudzpAy6RjkJii43,The Rifal Jockey - A Hornpipe (Incomplete). JBut.122,Rival Hornpipeaka JBut.122 The,The Rifal Jockey - A Hornpipe (Incomplete). JBut.122,Misc tunes,NA,NA,NA,publicdomain,0.0,0,0,2,1,1,0,8,40,5.0,False,2.587971933980081,1.0,0.875
QmcAMybNFAkVUBdY13uuBEotMozQqnXrcn95kjHqNbE92b,The righteous cry unto the Lord - J. B. Herbert,NA,The righteous cry unto the Lord - J. B. Herbert,J. B. Herbert,NA,classical,NA,publicdomain,0.0,0,0,2,1,1,0,19,284,14.947368421052632,False,2.6544147536778886,0.9647887323943662,0.9466145833333334
QmQpzAp71qNYK4DQPfwS9mYN65pye8me9TR4MguCNjLisw,The righteous Father knoweth best - Frank M. Davis,NA,The righteous Father knoweth best - Frank M. Davis,Frank M. Davis,NA,classical,NA,publicdomain,0.0,0,0,3,2,1,0,18,220,12.22222222222222,False,2.7496846690435515,0.9818181818181818,0.9548611111111112
Qmdm48mKzQCpccUUjt2en9BK3oF2Z9D724KWq7f9gAWcKh,The Rights Of Man,Bedlam BoysRights Of Man,The Rights Of Man,Misc tunes,NA,NA,NA,publicdomain,0.0,0,1,31,1,1,0,53,346,6.528301886792453,False,2.608791645049985,0.9913294797687862,0.961436170212766
QmUdNWLmdj1B1ac6GPffNxhhLmkmnn346nR8DLFiJXGT8y,The Rights of Man(for Piano),NA,NA,NA,irish traditional arr. H.Kelly,NA,irish-irishtraditional-traditional-celtic-celticmusic-piano,cc-zero,4.72,15,19,471,1,1,0,35,480,13.714285714285714,False,2.6938399641495128,0.9916666666666668,0.9742647058823528
QmaNoVZBabTHj1Uz68YQWBQKbPPp9GMmnmHEQFU39PopCR,The Ring in the Jacket (unfinished),(Grindhouse - Planet Terror),NA,NA,NA,NA,NA,cc-zero,0.0,0,3,413,2,1,0,25,158,6.32,False,1.9709169253752283,0.9936708860759492,0.9085648148148148
QmZc9PT4Fi6oJ3DqbHxoucihajNNoFqTksKQPgoMg4jBY6,The Ripper's Night,NA,The Ripper's Night,jskfbjsn018,NA,NA,NA,cc-zero,0.0,0,0,31,2,1,0,114,1948,17.087719298245613,False,2.7546218909574502,0.9825462012320328,0.94996719160105
QmS1LsUUmjofKpnRWRcxA6ibL4fpUhjDCgQzJb6bvp7dcv,THE RISING,NA,NA,NA,Melencio Guerrero,NA,rising,cc-zero,0.0,0,0,72,1,1,0,32,84,2.625,False,2.6845720628507608,0.9523809523809524,0.9464285714285714
QmS11wrWkrHbuWLvQk2wWkePHAAWyiFxLk9K5L1Da5j7pa,THE RISING FULL,NA,NA,NA,Melencio Guerrero,NA,NA,cc-zero,0.0,0,0,40,1,1,0,32,160,5.0,False,2.586356483091086,0.975,0.9541666666666668
QmZ5Nwpzs9QsWAijEC6WuG8pgZtPQfet6ogyiEd5c2X71r,The Rising Of The Larkwith variations. RHu.132,NA,The Rising Of The Lark,Misc tunes,NA,NA,NA,publicdomain,0.0,0,0,16,1,1,0,144,906,6.291666666666667,False,2.785294115508641,0.9757174392935982,0.8617149758454106
QmPcn5RmJLtHgb34gVTi45oApqz3NcPJrvhC2PQj1X6ofd,The Rising of the Moon,Wearing of the Green,The Rising of the Moon,Misc tunes,NA,NA,NA,publicdomain,0.0,0,0,5,1,1,0,18,60,3.333333333333333,False,2.4811939311696194,1.0,0.921875
QmR1fkvGDecF4RtY13eYDks1pPpV2NSVzKfoScZscGQb8d,The Rising of the Moon (song) 0158,NA,The Rising of the Moon,Misc tunes,after Mr. O'Brienanimated,NA,NA,publicdomain,0.0,0,0,8,1,1,0,16,60,3.75,False,2.656676632379183,1.0,0.9375
QmTLRfZkLHQwUSfA1b6yUF7Y1gb9otsHu9m16x2wPDBCNU,The Ritzy Rag,NA,NA,NA,Bridger Mikolai With help from John Narborough,NA,rag-ragtime-piano,cc-zero,0.0,0,0,174,2,1,1,153,2433,15.901960784313726,False,2.91530285731542,0.9457459926017264,0.9454113924050632
QmQQXCrxwryVfzewbUxyRVsPaEQmW36vDhjuAYRtYCv84v,The River Roe,Patrick Sheehan,The River Roe,Misc tunes,NA,NA,NA,publicdomain,0.0,0,0,2,1,1,0,17,60,3.5294117647058822,False,2.414377351449425,1.0,0.8958333333333334
QmNT7q8zVGxb8ccD1oPBTrB7ZeDLAN9JD43Adfd3PpvGik,The River: Flowing Exercise For Left Hand,For Left Hand,The River: Flowing Exercise For Left Hand,Duncan Christensen,Duncan Christensen,NA,NA,cc-zero,0.0,0,1,28,1,1,0,46,232,5.043478260869565,False,2.6891428942575075,1.0,0.9733527131782944
QmZwsm1dzrWdi62zhYHFSaZCFcRYj655QgLXYBtSn9kp5h,The Rivers Flow In Your Heart,NA,The Rivers Flow In Your Heart,bh182573,NA,NA,NA,cc-zero,0.0,0,5,270,2,1,0,60,1334,22.23333333333333,False,2.895801258627999,0.9834834834834836,0.8791666666666667
QmU8o8hNuzJpyYG6D8GhzmGoY18MzDVZs2fvGSZHdkh3CC,the Road and Miles to Dundee,NA,The Road To Dundee,Misc tunes,NA,NA,NA,publicdomain,0.0,0,1,42,1,1,0,18,46,2.555555555555556,False,2.672289880055459,1.0,0.9513888888888888
QmdMHQLekzqMCqDycVeGho3naC4Twb4BS3coQ3za86njkK,The Road to Athlone (slipjig) 1170,Transposed from F,The Road to Athlone (slipjig) 1170,Misc tunes,Unattributed,NA,NA,publicdomain,0.0,0,0,4,1,1,0,22,146,6.636363636363637,False,2.672053712432303,1.0,0.9714912280701754
QmWf71ZeNieXZvc7fjgFbLgq7TxfZzPj79BUdwSCMMhHfH,The Road to Boston,The March to Boston,Road To Boston,Misc tunes,NA,NA,NA,publicdomain,0.0,0,0,6,1,1,0,36,124,3.4444444444444446,False,2.629645847134192,0.9838709677419356,0.96875
QmV56oNf4pSxBrzKv6ws3jNvzxQWsJ1hbKjWrYsAy62xW2,The road to heaven by Christ was made (Excell) - E. O. Excell,NA,The road to heaven by Christ was made (Excell),E. O. Excell,NA,classical,NA,publicdomain,0.0,0,0,4,1,1,0,20,251,12.55,False,2.097321326315024,1.0,0.90625
QmfFr9UqMYTyeScTNKqoRio1on89VJJVKnq6mxDaUXeTaK,The road to heaven by Christ was made - Hall Booth,NA,The road to heaven by Christ was made,Hall Booth,NA,classical,NA,publicdomain,0.0,0,0,3,1,1,0,20,150,7.5,False,2.238734979170079,1.0,0.90625
QmQGHhiE28PzW1ojDNsTg1Pn99dvCBC8QgpZGMKxyQSviy,THE ROAD TO HOLLYHILL,An bothar go Cnoch-chuileann,THE ROAD TO HOLLYHILL,Misc tunes,NA,NA,NA,publicdomain,0.0,0,0,1,1,1,0,19,93,4.894736842105263,False,2.6963791768057925,1.0,0.8923611111111112
QmYyUpB6Swpr6hz8deubXy5bnYvqcqDnwoeQRLzyWfCEkt,The Road to Lisdoonvarna,All the Ways to Galway [1],The Road To Lisdoonvarna,Misc tunes,NA,NA,NA,publicdomain,0.0,0,0,1,1,1,0,16,100,6.25,False,2.7816915441446293,0.94,0.9453125
QmRTWaqEuKh3U1BmE2oV21GmycAfkheGrCDMdPfTHEPz6W,The Road to Lisdoonvarna,All the Ways to Galway,The Road To Lisdoonvarna,Misc tunes,NA,NA,NA,publicdomain,0.0,0,0,16,1,1,0,32,220,6.875,False,2.799862057851384,0.9409090909090908,0.9596354166666666
Qma7qsRRDqowFLboL8QmaKPdbGvRsxSXkemnSXubiYooGs,The Road To Lisdoonvarna,All The Way To GalwayRoad To Listonvarna,The Road To Lisdoonvarna,Misc tunes,NA,NA,NA,publicdomain,0.0,0,1,12,1,1,0,107,624,5.831775700934579,False,2.669346031999644,1.0,0.9713541666666666
QmcDzwg7MGB9gnesvXSryjG19HjTaEcuoSf3Ad1TodqTAU,The Road To The Isles,NA,The Road To The Isles,Misc Traditional,NA,folk,NA,publicdomain,0.0,0,0,4,1,1,0,45,243,5.4,False,2.6956918341198177,1.0,0.9322916666666666
QmWctbwbchVA5FUcS42Z1nuWJLyChVRUzUP4Ph27LUL4Bt,The Road to the Isles,NA,The Road To The Isles,Misc Traditional,NA,folk,NA,publicdomain,0.0,0,0,10,1,1,0,21,118,5.619047619047619,False,2.6678397192886667,1.0,0.928125
QmPxmUFzxqNKJRKQXGhEkzFyw21HhHP6LVvSKyUdQ6BpZu,The Road To The Isles,NA,The Road To The Isles,Misc Traditional,NA,folk,NA,publicdomain,0.0,0,0,4,1,1,0,5,28,5.6,False,2.7273966735744795,1.0,0.9479166666666666
QmSLE7DAaF7A3BW1rXQ9USwxEZv9BZVmis6zfUoWd7YhRS,The Road To The Isles,NA,The Road To The Isles,Misc Traditional,NA,folk,NA,publicdomain,0.0,0,0,7,1,1,0,36,199,5.527777777777778,False,2.6223960316764257,1.0,0.904296875
QmZVVkEsvUfmFA1XqVmhadTjx5yCZhzuMh4ojd7XkNwmNe,The Road To The Isles,NA,The Road To The Isles,Misc Traditional,NA,folk,NA,publicdomain,0.0,0,0,3,1,1,0,36,228,6.333333333333333,False,2.6519515332087304,1.0,0.9479166666666666
QmXHbRnY7HMCYPhjWLkAEF7N79Gb9X5LUe5anjaQGo1eYn,The Roaring Barmaid,B part harmonies,The Roaring Barmaid,Misc tunes,NA,NA,NA,publicdomain,0.0,0,0,3,1,1,0,43,213,4.953488372093023,False,2.323524870846027,1.0,0.9557291666666666
Qmb7Pn63Bbf6VSkGmrCU1zqjNbRzuQLEtbReCKsf4vZmBB,The Roaring Barmaid (Tony Sullivan; J-76),NA,The Roaring Barmaid,Misc tunes,NA,NA,NA,publicdomain,0.0,0,0,4,1,1,0,32,164,5.125,False,2.239330141546949,1.0,0.9505208333333334
QmSWctSr2u83Mu1UXiBvnjArLksLZDTK9DaQPtUX3wedfa,The Roast Beef of Old England,Air used as a Morris Dance at Adderbury Oxon by William Walton's Morris Side,The Roast Beef of Old England,Misc tunes,NA,NA,NA,publicdomain,0.0,0,0,7,1,1,0,57,237,4.157894736842105,False,2.796220904822567,0.978902953586498,0.8404605263157895
QmX7iNZtDG66L7yYqWCok3QSKo7KVwwMaEaJVrz97sKVNi,The Roast Beef. JBs.084,NA,The Roast Beef. JBs.084,Misc tunes,NA,NA,NA,publicdomain,0.0,0,0,1,1,1,0,12,55,4.583333333333333,False,2.809738069278015,0.9818181818181818,0.925595238095238
QmWX8HKaqN69BAzTFFQmzunErtNDvDHP3JQKYCHXGLESMu,The Robbery Of Chester Jail,NA,The Robbery Of Chester Jail,Misc tunes,NA,NA,NA,publicdomain,0.0,0,0,6,1,1,0,32,249,7.78125,False,2.6077078729412966,1.0,0.9791666666666666
QmPcFoKzAfUJ6jXPREKzCbm3xESL3hVKMPpUNXTfxjcP87,The rock and the sand - Henry R. Trickett,NA,The rock and the sand,Henry R. Trickett,NA,classical,NA,publicdomain,0.0,0,0,6,1,1,0,17,308,18.11764705882353,False,2.54723635106946,1.0,0.9142156862745098
QmaDVYLoUcSzwSeniLYEYHpjuvzadeLhXYHsjGnxzwjt76,The Rock And The Wee Pickle Tow,NA,The Rock And The Wee Pickle Tow,Misc tunes,Joe Buchanan's Scottish Tome - Page 325.1,NA,NA,publicdomain,0.0,0,0,8,1,1,0,45,212,4.711111111111111,False,2.532391284871832,1.0,0.8243055555555556
QmQJTPDiq9LxYHxg3xA5qPc8XHEx9xuVvrJvfgg3kNnD9s,The Rocking of the Cradle,Rocking the Cradle [1],Rocking The Cradle,Misc tunes,NA,NA,NA,publicdomain,0.0,0,0,2,1,1,0,18,109,6.055555555555555,False,2.6599268677908308,0.981651376146789,0.8958333333333334
QmadtsN3MTczNQieiaaeJq3xh5J1dSMnTPda6d8VEufWRt,The Rocks Of Cashel (march) 1819,NA,The Rocks Of Cashel (march) 1819,Misc tunes,after Chief F. O'Neill,NA,NA,publicdomain,0.0,0,0,1,1,1,0,26,235,9.038461538461538,False,2.4879759065615823,1.0,0.9358333333333332
QmbgY86eJiTH5oDjjjFFKG466CjfMYLRzLiiv9y4wJPu4Z,The Rocky Road To Dublin,NA,rocky road to dublin,Misc Traditional,NA,folk,NA,publicdomain,0.0,0,0,3,1,1,0,32,192,6.0,False,2.657293735650231,1.0,0.8981481481481481
QmcZMwAcizva5KbmUNguontmfmbC7XToJ3bf8Q36tZfVkL,The Rocky Road To Dublin,NA,rocky road to dublin,Misc Traditional,NA,folk,NA,publicdomain,4.53,12,22,515,1,1,0,22,123,5.590909090909091,True,2.6549079557381505,1.0,0.8958333333333334
QmSgnS7vzsCq1QLYjELQZbYff66y4GXXyRXXQYpwBz9npT,The Rocky Road to Dublin,NA,rocky road to dublin,Misc Traditional,NA,folk,NA,publicdomain,0.0,0,0,4,1,1,0,16,98,6.125,False,2.7884233947759363,0.9591836734693876,0.8836805555555556
Qmesy1Hf2Rq7zLtq5YSjj66VXwiAk9P8maTv4pwSNHkabu,The Rocky Road to Dublin,NA,rocky road to dublin,Misc Traditional,NA,folk,NA,publicdomain,0.0,0,0,61,1,1,0,48,314,6.541666666666667,False,2.738518516090747,1.0,0.9112654320987654
QmQLLdS1aZEzMrUmPKrzU28X1kUgeYsMHA29PHLdi2WMsc,The Rocky Road to Dublin,NA,rocky road to dublin,Misc Traditional,NA,folk,NA,publicdomain,0.0,0,0,10,1,1,0,24,281,11.708333333333334,False,2.649716004550472,1.0,0.933641975308642
QmTcBa7b3VWSoq6ug33bPmpVCYXxU8zCPaFbpZiX2eCxWr,the Rocky Road To Dublin,NA,rocky road to dublin,Misc Traditional,NA,folk,NA,publicdomain,0.0,0,0,4,1,1,0,17,113,6.647058823529412,False,2.800165029709186,0.9734513274336284,0.9224537037037036
QmTU1N55y7qdSEB1HaeSWsr6vw8K4yj3dEh5UetZXoZ7fN,The rocky road to Dublin,NA,rocky road to dublin,Misc Traditional,anon.,folk,NA,publicdomain,0.0,0,0,23,1,1,0,20,159,7.95,False,2.731901973133596,0.9937106918238994,0.9402173913043478
QmV2xPUm2ND7Sf7zgGVfLeJXUarftnNLASnu3TGTKZs5ig,The Rocky Road to Dublin,NA,rocky road to dublin,Misc Traditional,NA,folk,NA,publicdomain,0.0,0,0,12,1,1,0,16,105,6.5625,False,2.723476633492286,1.0,0.9097222222222222
QmfJQJAQH4ZzsB2RATyr6UMuAFKeaq3ZAxryHMNNZyQ3g9,the ROCKY ROAD TO DUBLIN,NA,rocky road to dublin,Misc Traditional,NA,folk,NA,publicdomain,0.0,0,0,3,1,1,0,32,206,6.4375,False,2.751663964613776,0.9902912621359224,0.9023809523809524
QmPr9ue46QnPDnueszTnN9k2kNHdF3C5mDLaFZsCyqjG2U,The Rocky Road To Mount Collins,NA,The Rocky Road To Mount Collins,Misc tunes,NA,NA,NA,publicdomain,0.0,0,0,4,1,1,0,32,114,3.5625,False,2.381369205513668,1.0,0.9557291666666666
QmPUfRzSXywRDUhmrHPW1aNpExv7dAcLddh5g6tyhg5Gqq,The Rocky Road To Mount Collins,NA,The Rocky Road To Mount Collins,Misc tunes,NA,NA,NA,publicdomain,0.0,0,0,3,1,1,0,36,136,3.7777777777777777,False,2.515889634863945,1.0,0.9153645833333334
QmSf193xzpMJ8GYjmv6q1BvF3KiFYtoGTQryTrM6UhgMgr,The Rocky Road To Mount Collins,NA,The Rocky Road To Mount Collins,Misc tunes,NA,NA,NA,publicdomain,0.0,0,0,6,1,1,0,36,155,4.305555555555555,False,2.5361282023431646,0.9935483870967742,0.921875
QmcjK4igLXN5JqTX5M8akhp9mkKySzopCuEfKZU9PksFBo,The Rolling Wave,NA,The Rolling Waves,Misc tunes,NA,NA,NA,publicdomain,0.0,0,0,4,1,1,0,32,163,5.09375,False,2.582612738375162,1.0,0.9140625
Qme5Q7U2KuE8B8zYWRV9FuT3o7yVaqDoWKSjxLqfhtk8V1,The Rolling Wave,The Humours of Trim,The Rolling Waves,Misc tunes,NA,NA,NA,publicdomain,0.0,0,0,14,1,1,0,32,164,5.125,False,2.5100674686847047,1.0,0.9470486111111112
QmQ1r85oBCN2Ewm8qQMBUv6ddUgVp6QwRUWKXNBhsvvEr3,THE ROMANTIC KERRYMAN,An ciarraigheach finnsgeulach,The Romantic Kerryman,Misc tunes,NA,NA,NA,publicdomain,0.0,0,0,9,1,1,0,35,90,2.571428571428572,False,2.669556929376479,1.0,0.9644097222222222
QmaBCuSYAvaHj9fyAzNoWWdc1JDyuZz2eDNVdE6L4Gn2xv,The Romantic Kerryman (song) 0320,NA,The Romantic Kerryman (song) 0320,Misc tunes,after Chief F. O'Neillspirited,NA,NA,publicdomain,0.0,0,0,4,1,1,0,34,90,2.647058823529412,False,2.669556929376479,1.0,0.9678819444444444
QmevLuF5cs9LzAPbTaHM6NBxqd22dLb5L8Qy8VF14339RR,the Romp,Longways for &c.,The Romp,Misc tunes,NA,NA,NA,publicdomain,0.0,0,0,2,1,1,0,40,170,4.25,False,2.6435643981930874,0.9882352941176472,0.9382716049382716
QmQcrxNJEJw22nNPU2zovtoPVTwwgkJHNAUdUejABdkjZD,The Room is Spinning,NA,The Room is Spinning,hearcomestrebble1998,Hudson Harris,NA,piano-bminor-original-originalscore,cc-zero,0.0,0,4,40,2,1,0,46,887,19.282608695652176,False,2.895814033904615,0.91156462585034,0.9497549019607844
QmYS1hRESzZDd4y6ikDvqBxnRsLqkLjXsRLZZUuZEUWTZv,The Room Main Theme (video game soundtrack),Main Theme,The Room,David Newby,David Newby,NA,room-room-soundtrack-main-theme-video-game-piano-the-the,cc-zero,4.49,3,7,561,1,1,0,27,105,3.888888888888889,False,2.8404306534925547,0.7714285714285715,0.970679012345679
QmUM4VVoxeAX2Shrnjth1dWmbKnYWwfFRFo7THmpHj8pUK,the Rooms Of Dooagh,Pat Canny's JigPetticoats Loose,The Rooms Of Dooagh,Misc tunes,NA,NA,NA,publicdomain,0.0,0,0,2,1,1,0,64,360,5.625,False,2.559066403967928,1.0,0.9756944444444444
QmaxwEDoyzUjUVGFqq2Lcu6ZYWHAqytEtq3pQwShcRQVx5,THE ROOTLESS A & B FORMS,NA,NA,NA,NA,NA,chords-harmony-pianovoicings,cc-zero,0.0,0,2,102,1,1,0,62,333,5.370967741935484,False,3.1630797389773537,0.8888888888888888,0.9872311827956988
QmUnjhMRVRfktjNDDbrSGdipf6YNjSvgM7rJiZg1C97cc9,The Rose Of Aranmore,NA,The Rose Of Aranmore,Misc tunes,NA,NA,NA,publicdomain,0.0,0,0,7,1,1,0,5,14,2.8,False,2.235926350629033,1.0,0.8541666666666666
QmWSoC52sYzN1nWaSNZ9ZkJVADFZ2yuwtDw6BF18mDmkUC,The Rose Of Tralee,NA,The Rose Of Tralee,Misc tunes,NA,NA,NA,publicdomain,4.66,6,2,61,1,1,0,66,192,2.909090909090909,False,2.768527996813693,0.96875,0.9544270833333334
QmcL2N6ZK13VX3d5zQwCV6oe3X3Aq8EEUWgAwf1m3tqj16,The ROSE THAT ALL ARE PRAISING,NA,the ROSE THAT ALL ARE PRAISING,Misc tunes,NA,NA,NA,publicdomain,0.0,0,0,0,0,3,0-0-0,18,173,9.61111111111111,False,2.5079411677414045,0.993975903614458,0.8958333333333334
QmRQXRjaxrErvcqhqgZihemosPq8w1f7cjFh363cWm7vdv,The Rose that's ceas'd to Blow. CJF.184,NA,The Rose that's ceas'd to Blow. CJF.184,Misc tunes,NA,NA,NA,publicdomain,0.0,0,0,2,1,1,0,23,151,6.565217391304348,False,2.9217703397442905,0.9668874172185432,0.8390151515151515
QmR6pdqEkmdoW81qo78fDbQR5yK5uUgZJGjqA4XL59Wy6s,The Rose Tree. WES.038,NA,The Rose Tree,Misc tunes,NA,NA,NA,publicdomain,0.0,0,0,2,1,1,0,27,112,4.148148148148148,False,2.369008097931376,1.0,0.9149305555555556
QmPLnhhBsPXiBFMkjknNzmMTmddkC1KmDxRFHtMPxVQyS5,The Rose Without Rue,NA,Rose without Rue,Misc tunes,NA,NA,NA,publicdomain,0.0,0,0,2,1,1,0,37,230,6.216216216216216,False,2.6808715121377524,1.0,0.9524739583333334
QmYtSNFJsUTQJweMGchWeFxFzGDFN7ApGTLvA4eMpd24ua,The Rose without Rue,NA,Rose without Rue,Misc tunes,NA,NA,NA,publicdomain,0.0,0,0,13,1,1,0,18,118,6.555555555555555,False,2.657230617528348,1.0,0.925595238095238
QmXMtoZcx75JFzeVJar1XToW1v5vcp6WCHSHyX6mXQ2ttG,the Rose-bud of Allenvale,NA,the Rose-bud of Allenvale,Misc tunes,J. Scott Skinner,NA,NA,publicdomain,0.0,0,0,5,1,1,0,35,71,2.0285714285714285,False,2.8544672983319224,0.971830985915493,0.9375
QmbfVKrn2mRZnRpsrBsfX9cDCbuSxJ2ZzqsVsHdBNE2KH4,The Ross Battery,NA,The Ross Battery,Misc tunes,NA,NA,NA,publicdomain,0.0,0,0,8,1,1,0,70,339,4.842857142857143,False,2.6700119881708497,1.0,0.8289007092198581
QmTyXJmNzHi72Zh2s1ZfPdDjpviQQASuscy3e4ymzdoa4C,The Ross Battery,NA,The Ross Battery,Misc tunes,NA,NA,NA,publicdomain,0.0,0,0,5,1,1,0,88,457,5.193181818181818,False,2.675083508631936,1.0,0.954229797979798
QmcemSZtWq2PaZzQPETqEGZ9wHp3obryhBNZWYBUutHyiR,The Round,NA,the Round,Misc tunes,for which play only A1 A2 B1,NA,NA,publicdomain,0.0,0,0,4,1,1,0,32,152,4.75,False,2.387637120148342,0.9736842105263158,0.963037634408602
QmVhCjUhBMPcgRfJmEhn2CCs2so6N9juZVj3otXNE6deyv,The Round,Mr Lane's Maggot,the Round,Misc tunes,NA,NA,NA,publicdomain,0.0,0,0,3,1,1,0,32,152,4.75,False,2.3876371201483426,0.9736842105263158,0.963037634408602
QmRU23dB1zUrYU1VbUSjBoTVmyhiM454ayWZNdgSFQNkTv,The Rover,I've been a Rover,The Rover,Misc tunes,NA,NA,NA,publicdomain,0.0,0,0,5,1,1,0,9,38,4.222222222222222,True,2.544377333998193,1.0,0.953125
QmQfPyxC3Br25Vm2dAi8VG1mxW6msJTVikqnUYfLoDUkpA,The Rover (155),NA,The Rover (155),Misc tunes,NA,NA,NA,publicdomain,0.0,0,0,2,1,1,0,36,180,5.0,False,2.6387603150202588,1.0,0.953125
QmZ8c1FUYruadKF3bYK4JfmGbHdZw6CWwwCjNB2Q3ewefe,The Rover's Return (O'Reilly's Jig),NA,O'Reilly's,Misc tunes,NA,NA,NA,publicdomain,0.0,0,0,9,1,1,0,33,210,6.363636363636363,False,2.533697394042524,1.0,0.96875
QmQDAzd5vs6GqL7hS6xdG25DiLnWnzRUrjRrLqhsXDzj91,The Roving Blade (199),NA,The Roving Blade (199),Misc tunes,NA,NA,NA,publicdomain,0.0,0,0,3,1,1,0,16,106,6.625,False,2.5258763194220832,1.0,0.925925925925926
QmVxgDiKZjd35rBYZjEW7dWLytakjxBZeM1F43ojHUBKgu,The Rowan Tree harmony,NA,The Rowan Tree harmony,euanmcnab8gmail.com,Trad,NA,NA,cc-zero,0.0,0,0,87,1,1,0,17,158,9.294117647058824,False,2.5955898285356733,1.0,0.9479166666666666
QmV4v36Fk6JaeNUApGF486aNSaYbCMrdocarDBXi2Jt7jt,The Royal Archers or... . Tho24CDs1792.18,Kentish Bowmen. Tho24CDs1792.18 The,The Royal Archers or... . Tho24CDs1792.18,Misc tunes,90,NA,NA,publicdomain,0.0,0,0,2,1,1,0,24,232,9.666666666666666,False,2.693921782842994,1.0,0.90625
QmaaToQUwGnLJt6xywChXnTgKpvgHC3zHnGKyZRy6zT4JL,The Royal Banner - James McGranahan,NA,The Royal Banner,James McGranahan,NA,classical,NA,publicdomain,0.0,0,0,6,2,1,0,16,194,12.125,False,2.848050618170612,0.9742268041237112,0.95703125
QmbuAviDjADb3ZuiUWavbMmYDQ3hhdKhDYs8DkFAJpae9C,The Royal George,Version 1 of 2,The Royal George,Misc tunes,Mr. Robert Hurr c. 50 Southwold X. 10Transcribed by Simon Furey and Lewis Jones,NA,NA,publicdomain,0.0,0,0,3,1,1,0,60,302,5.033333333333333,False,2.699263552162998,1.0,0.9288522012578616
QmSoUpkm6MY6XqdP2AEYC861mv9N8r427rgt2LFT9aAQ29,The Royal Irish Quadrilles No. 1. Le4.216,Black Jokeaka,The Royal Irish Quadrilles No. 1. Le4.216,Misc tunes,NA,NA,NA,publicdomain,0.0,0,0,3,1,1,0,70,354,5.057142857142857,False,2.7028466970145364,1.0,0.91015625
QmSjRDz6F3fx6tBqxrdG697zsj9HUtTU58CZg7deuYFDNv,The Royal Navy. (p)1703.PLFD1.515,NA,The Royal Navy,Misc tunes,NA,NA,NA,publicdomain,0.0,0,0,1,1,1,0,36,210,5.833333333333333,False,2.6953124969180946,1.0,0.9264322916666666
QmTXTg8ADFaVXB92S9YAu4TJig4A5WjCVX6qBGaFrkc9jF,The Royal Quick Step. RH.421,Boys & Girls Come Out To Playaka. RH.421,The Royal Quick Step. RH.421,Misc tunes,NA,NA,NA,publicdomain,0.0,0,0,3,1,1,0,36,152,4.222222222222222,False,2.6475340920191943,1.0,0.9192708333333334
QmP8PbQaEN2R5m8PhXdcuKgutQTvMpcub7pTSeusKMRizV,The Royal Quick Step. TJD.51,Boys and Girls Come Out to Playaka. TJD.51,The Royal Quick Step. TJD.51,Misc tunes,NA,NA,NA,publicdomain,0.0,0,0,1,1,1,0,36,152,4.222222222222222,False,2.655552935368969,1.0,0.9322916666666666
Qmd61vpEvctvN17DpNe2F3BaKqZKSaJ7KnHEU1H96sEJLX,The Royal Quickstep continued second part.(fragment) CJS.,Weymouth Quickstep (fragment)aka. CJS.[74],The Royal Quickstep continued second part.(fragment) CJS.,Misc tunes,NA,NA,NA,publicdomain,0.0,0,0,4,1,1,0,9,40,4.444444444444445,False,2.063865121950854,1.0,0.9409722222222222
QmUJrjzqHcfvA5zKJLkD4sS5eVZwst99evV83VnRoEsBtB,the Royal salute,NA,The Royal salute,Misc tunes,NA,NA,NA,publicdomain,0.0,0,0,15,1,1,0,76,480,6.315789473684211,False,3.2326975547411125,0.8458333333333333,0.97265625
QmbRaL77zpVGxuXCDZXVgdUPK4RSQYXGAEQUnaniFii5dt,The Ruffans Rant,Roys Wife,The Ruffans Rant,Misc tunes,NA,NA,NA,publicdomain,0.0,0,0,2,1,1,0,52,196,3.769230769230769,False,2.357792255464718,1.0,0.9427083333333334
QmSG2XxMXhanUEKLPNGEyNpyC7Zodi36F5vtRu3WvQmiL2,The Rummeraka. HA.014,Johnny Tooaka. HA.014,The Rummer,Misc tunes,NA,NA,NA,publicdomain,0.0,0,0,3,1,1,0,53,231,4.358490566037736,False,2.6559185367781395,1.0,0.9444444444444444
QmfFiUhaKo2z4N3xheZ9feGkgFM4rF2RoWgY9udFnnMbtm,The Rumours Of A Dart,NA,The Rumours Of A Dart,Misc tunes,NA,NA,NA,publicdomain,0.0,0,0,3,1,1,0,33,176,5.333333333333333,False,2.50889578280609,1.0,0.9696180555555556
QmZY7LMwqSDiiBdntSigcXxvkSEo79VdjdUABZoKe7TGFM,The Runaway Train,NA,The Runaway Train,Misc tunes,Joe Buchanan's Scottish Tome - Page 428.2,NA,NA,publicdomain,0.0,0,0,31,1,1,0,18,110,6.111111111111111,False,2.27117480990568,1.0,0.8958333333333334
QmYzbt2NxsEsTkn7b8BeiPmpPkFbhot2RHTCFsJRsLQYkr,The Sabbath-school's a place of prayer - W. C. Ewing,NA,The Sabbath-school's a place of prayer,W. C. Ewing,NA,classical,NA,publicdomain,0.0,0,0,19,1,1,0,15,143,9.533333333333331,False,2.5012755611162083,1.0,0.8935185185185185
QmXZKUikREX5FQWQMq4Nx5nGtDyqo6PyhqLefoBWetECyg,The sacrifice is now completed - J. Lincoln Hall,NA,The sacrifice is now completed,J. Lincoln Hall,NA,classical,NA,publicdomain,0.0,0,0,5,2,1,0,27,638,23.62962962962963,False,2.95921203199706,0.9373040752351096,0.9618055555555556
QmebSifvwgR16QfjaPUAgpfg11x4BbFq6BbjyeZKqw9sMd,The Sad Hobo,NA,NA,NA,NA,NA,NA,cc-zero,0.0,0,0,73,1,1,0,32,161,5.03125,False,2.75838981439148,0.8695652173913043,0.9722222222222222
QmeiFRwS1QHavnuXgo9q97tFJ3Lx5mn9N1xnjq3sK6NPLh,The sailor's cravat,NA,The Sailor's Cravat,Misc tunes,anon.,NA,NA,publicdomain,0.0,0,0,0,1,1,0,17,121,7.117647058823529,False,2.6062582175131874,0.9917355371900828,0.9544270833333334
QmcEWrcSBggd83eVzAUZ29ChDYUgRHhCcsnHS4VVf4TrdR,The Sailor's Delight. WCD3/1.072,NA,The Sailor's Delight,Misc tunes,NA,NA,NA,publicdomain,0.0,0,0,1,1,1,0,18,82,4.555555555555555,False,2.671034352362455,0.9878048780487804,0.9253472222222222
QmZUbgDpa6tjPo6YRYu8NBCE6ydSDpCHJuJhV4Sf7sKQpu,The Sailor's Home - William Walker,NA,The Sailor's Home,William Walker,NA,classical,NA,publicdomain,0.0,0,0,5,0,3,0-0-0,17,180,10.588235294117649,False,2.2375635943349232,1.0,0.9338235294117648
QmaDQ5DTifytXrcRztq3dwo978swU6xeLcQv7kNo1aySyB,The Sailor's Jacket,NA,The Sailor's Jacket,Misc tunes,Joe Buchanan's Scottish Tome - Page 155.3,NA,NA,publicdomain,0.0,0,0,3,1,1,0,12,89,7.416666666666667,False,2.694020741468825,1.0,0.9545454545454546
QmNtVuM4j5dK8piBU4NQQs7oEQbqAcRvjxFvBdEDFSfuKM,The sailor's return,NA,The sailor's return,Misc tunes,anon.,NA,NA,publicdomain,0.0,0,0,1,1,1,0,16,134,8.375,False,2.8108863026551303,0.9477611940298508,0.9375
QmR5xsx5SxDfHxycQ4rhnZfV4Yoj9hDz24jnCBZme6rPE5,The Sailor's Return (reel) 1375,NA,The sailor's return,Misc tunes,After Chief F. O'Neill,NA,NA,publicdomain,0.0,0,0,2,1,1,0,17,135,7.9411764705882355,False,2.8088310079374104,0.9481481481481482,0.9388020833333334
QmPQsRGzCnmzfximAPNpBVgpvx6UCPkDJkaZEdhqETdPf3,The Saints Bound For Heaven - J. King,NA,The Saints Bound For Heaven,J. King,NA,classical,NA,publicdomain,0.0,0,0,14,0,2,0-0,20,194,9.7,False,2.302611450720464,1.0,0.9541666666666668
Qmanu8QFitiYhTVvqynVyqBr1uNmsxQC5BMdSVYx5n7ahE,The Saints have been weeping praying for years - Chas. H. Gabriel,NA,The Saints have been weeping praying for years,Chas. H. Gabriel,NA,classical,NA,publicdomain,0.0,0,0,5,2,1,0,18,318,17.666666666666668,False,2.607646002463775,0.981132075471698,0.9309895833333334
QmZWH48hsDptJ5u6ZJEAuKiHmvFAxH918jeUdJjWaU59P4,The Saints' Delight,NA,The Saints' Delight,Misc Traditional,NA,folk,NA,publicdomain,0.0,0,0,15,0,3,0-0-0,25,262,10.48,False,2.4382746209536084,1.0,0.9608333333333332
QmcCxNjSnJHQs2jojRVXeVt9UfcYb7AAiShCpkX1ZPyqYF,The Salamanca,NA,salamanca,Misc Traditional,NA,folk,NA,publicdomain,0.0,0,0,1,1,1,0,51,369,7.235294117647059,False,2.7050808813028526,1.0,0.94140625
QmUnYjxZuBRZ6bH2zDp3HG8gAbguXSiavRfzkD51sKRHDJ,The Salamanca,NA,salamanca,Misc Traditional,NA,folk,NA,publicdomain,0.0,0,0,1,1,1,0,5,33,6.6,False,2.793464575798032,0.9696969696969696,0.90625
QmQ2hPUFWf2mhCvY1GvGURVGGbqg9R52TJYaq1YgghK6W3,The Salamanca,NA,salamanca,Misc Traditional,NA,folk,NA,publicdomain,0.0,0,0,2,1,1,0,8,44,5.5,False,2.642423961771975,1.0,0.9833333333333332
QmVTN7iXKMaiZ6xwjJ3ynounaRmCziBvqHwZG4jMiabZbv,The Salamanca,NA,salamanca,Misc Traditional,NA,folk,NA,publicdomain,0.0,0,0,0,1,1,0,45,297,6.6,False,2.698268093006841,1.0,0.9551282051282052
QmXFapFzgPiy4MEa4c1YUGbwKw4BHzrSks4fgy9DPPTMHP,The Sally Gardens 3,NA,The Sally Gardens,Misc tunes,Joe Buchanan's Scottish Tome - Page 286.1,NA,NA,publicdomain,0.0,0,0,3,1,1,0,45,278,6.177777777777778,False,2.4921370165397576,1.0,0.9626068376068376
QmdXoV9afabsS5LgzW4Qy92f9niEkBwc2X6A9hjWKAv6xg,The Same Old Story,an sean sgeal cea.dna.,The same old story,Misc tunes,NA,NA,NA,publicdomain,0.0,0,0,6,1,1,0,18,117,6.5,False,2.759179251435337,0.9829059829059827,0.9427083333333334
QmP78DY7FmArHekNByhC9daFhcifL2MAGYaX5dbPn9MLhE,The Same Old Story (reel) 1540,NA,The Same Old Story (reel) 1540,Misc tunes,after Mr. Walsh,NA,NA,publicdomain,0.0,0,0,3,1,1,0,19,121,6.368421052631579,False,2.769192566978938,0.9834710743801652,0.9505208333333334
QmVu8ECu62QfYhR4kyKSCG5FspvGmMBMgHzGzF5m4WtUMo,The Sandhurst Waltz,NA,The Sandhurst Waltz,Rockie Hasker,Miss Rockie Hasker,classical,NA,cc-zero,0.0,0,1,46,2,1,0,192,1899,9.890625,False,2.855552328873242,0.9567282321899736,0.9533872901678656
QmdqqJwBBsKQ5kWYrPJjqyTV9rcLHpRBFoWsZxXtVa5tzk,The Sandmount Reel,Mick Hand's,The Sandmount Reel,Misc tunes,NA,NA,NA,publicdomain,0.0,0,0,1,1,1,0,48,347,7.229166666666667,False,2.399584909465558,1.0,0.9626736111111112
QmWadVQMoTJsEpudxYyFTTqf1knRKYtT1Y5qoacYDL9uSu,The Sands of Kuwait,NA,The Sands of Kuwait,Misc tunes,NA,NA,NA,publicdomain,0.0,0,0,45,1,1,0,57,902,15.824561403508772,False,2.468831197547895,1.0,0.8859126984126984
QmZ4d1mQZ39BxqVrwRq5H7EXvrT2kqEiwJfpvVPshnPxrM,The SANDS OF KUWAIT,NA,The Sands of Kuwait,Misc tunes,NA,NA,NA,publicdomain,0.0,0,0,180,1,1,0,33,516,15.636363636363637,False,2.464765164500273,1.0,0.8871527777777778
Qmb5JcdxjqgvJj6ueUJVHjGkDvS2FHtnu5TVC9u6KwiRKA,The sands of time are sinking (Kirkpatrick) - Wm. J. Kirkpatrick,NA,The sands of time are sinking (Kirkpatrick) - Wm. J. Kirkpatrick,William J. Kirkpatrick,NA,classical,NA,publicdomain,0.0,0,0,9,1,1,0,21,253,12.047619047619047,False,2.982621127319074,0.9407114624505928,0.9553571428571428
QmTPN6uBYAz1UYVXtd9ajdJiqZehg5KFUdWQzGbwpicABL,The sands of time are sinking (Lorenz) - E. S. Lorenz,NA,The sands of time are sinking (Lorenz),E. S. Lorenz,NA,classical,NA,publicdomain,0.0,0,0,8,1,1,0,20,209,10.45,False,2.895187461655028,0.9617224880382776,0.9609375
QmX8Yi49XRAWTRrBZnuDa9TtaqnwiPqef9DBoQonTbNZ2w,The sands of time are sinking (Root) - G. F. Root,NA,The sands of time are sinking (Root),G. F. Root,NA,classical,NA,publicdomain,0.0,0,1,13,1,1,0,26,358,13.76923076923077,False,2.764298601041712,0.9664804469273744,0.9085648148148148
QmWUtyfgwoGDjss4ayVUpZahqt92hMMPC9JF5guQdZ1zgg,The sands of time are wasting (Sherwin) - W. F. Sherwin,NA,The sands of time are wasting (Sherwin),W. F. Sherwin,NA,classical,NA,publicdomain,0.0,0,0,1,1,1,0,21,269,12.80952380952381,False,2.6026223336027576,0.9814126394052044,0.9637096774193548
QmeXHFqL42xpZkcegSgWF4mHAg1BQeu4oQfB6LKQReu5SA,The Saraband. (p)1651.PLFD1.087,NA,the SARABAND,Misc tunes,NA,NA,NA,publicdomain,0.0,0,0,1,1,1,0,32,176,5.5,False,2.6310845831159586,1.0,0.9782986111111112
QmQtz7mZF5pZUSWnbHqWLmtH8vAgPfZ4rXPATowTZW9pVT,The Sark. JBut.978,Tank. JBut.978 The,The Sark. JBut.978,Misc tunes,NA,NA,NA,publicdomain,0.0,0,0,2,1,1,0,16,84,5.25,False,2.700613259191596,1.0,0.931818181818182
QmY4XSEXZ9hX8C7BAhEp9w31TSttnLzLsfX5YkPmntVcoz,The Savior calls the Spirit pleads - J. Howard Entwisle,NA,The Savior calls the Spirit pleads - J. Howard Entwisle,J. Howard Entwisle,NA,classical,NA,publicdomain,0.0,0,0,2,2,1,0,18,226,12.555555555555555,False,2.6673228776129143,0.9778761061946902,0.9505208333333334
QmR6gtKbJjmapjEqnkLEKapHu7eXEejRsRyWzQWma6mkqk,The Savior calls thee to His side - Geo. C. Stebbins,NA,The Savior calls thee to His side,Geo. C. Stebbins,NA,classical,NA,publicdomain,0.0,0,0,3,1,1,0,20,219,10.95,False,2.8397299357016186,0.9360730593607306,0.9409722222222222
QmXeNKdD3iLPpzR2cwV3GiQjUdGZ7onqihPUpfiVVPR6To,The Savior is calling (Excell) [1] - E. O. Excell,NA,The Savior is calling (Excell) [1] - E. O. Excell,E. O. Excell,NA,classical,NA,publicdomain,0.0,0,0,2,1,1,0,26,245,9.423076923076923,False,2.459225887103992,1.0,0.9166666666666666
QmRE1eBon4NLUDmdfBfRn2sApeRDfDbQZDLxPEFayAmjq5,The Savior is calling (Excell) [2] - E. O. Excell,NA,The Savior is calling (Excell) [2],E. O. Excell,NA,classical,NA,publicdomain,0.0,0,0,2,1,1,0,17,282,16.58823529411765,False,2.634353185224624,0.9786476868327402,0.9340277777777778
Qmf5PX9RFuBxdDnkeLY6N9Z3zPtqrH49c7RFpurNDb3diW,The Savior is calling the wanderer home - Thoro Harris,NA,The Savior is calling the wanderer home,Thoro Harris,NA,classical,NA,publicdomain,0.0,0,0,3,2,1,0,18,340,18.88888888888889,False,2.931931538113891,0.9411764705882352,0.9392361111111112
QmVYHzdMEvUEXxfupZyxfJ2q4Uj8xycF2rAQfFWVHbDBX8,The Savior is my Guide and stay - Chas. A. McCormick,NA,The Savior is my Guide and stay,Chas. A. McCormick,NA,classical,NA,publicdomain,0.0,0,0,8,1,1,0,20,243,12.15,False,2.5303262866953924,0.9958847736625516,0.8940972222222222
QmQoRKa1Hgbuvnf7JGmxXRrc34aQjCHfy1wNHWmA9yApi2,The Savior is tenderly saying to thee - O. A. Miller,NA,The Savior is tenderly saying to thee,O. A. Miller,NA,classical,NA,publicdomain,0.0,0,0,2,1,1,0,23,332,14.434782608695652,False,2.478257679168785,0.9698795180722892,0.9361111111111112
QmYAfZ2yELsuySxg9QcXmh5mYwb4xXCophwg8MVbVG4dZS,The Savior leads his faithful on - J. Lincoln Hall,NA,The Savior leads his faithful on,J. Lincoln Hall,NA,classical,NA,publicdomain,0.0,0,0,3,1,1,0,28,346,12.357142857142858,False,2.720278382398558,0.9826589595375722,0.900462962962963
QmVqQobsrjhx2R9gqcAJq2Mtoy3rQf6ZFJjZSZVQJ8XHFd,The Savior left heaven the sinner to save - Chas. H. Gabriel,NA,The Savior left heaven the sinner to save,Chas. H. Gabriel,NA,classical,NA,publicdomain,0.0,0,0,4,2,1,0,19,272,14.31578947368421,False,2.6940317774960287,0.9522058823529412,0.9533333333333334
QmTVKdznzK7KY5nxjdrHCKv7hRBUKtVhtSkTNGTrzN1upT,The Savior left his home above - Howard E. Smith,NA,The Savior left his home above,Howard E. Smith,NA,classical,NA,publicdomain,0.0,0,0,8,1,1,0,20,253,12.65,False,2.341213455984905,1.0,0.9600694444444444
QmdnsqKMptbo6Dsuy43Lsneqi8Ric6C1KG1h9nrMEXqtDb,The Savior said in pleading tones - Susie E. Hatfield,NA,The Savior said in pleading tones,Susie E. Hatfield,NA,classical,NA,publicdomain,0.0,0,0,8,1,1,0,20,263,13.15,False,2.681901103477435,0.9809885931558936,0.9079861111111112
Qmd9pbW6r4mpfRHVxraGghEDsSbYn9ptT4rGoXMTGkfgb5,The Savior seeks to enter in - Rev. E. A. Hoffman,NA,The Savior seeks to enter in,Rev. E. A. Hoffman,NA,classical,NA,publicdomain,0.0,0,0,9,1,1,0,18,215,11.944444444444445,False,2.5638722666541205,0.9906976744186048,0.9635416666666666
QmP8bE8MfENkmY4ejRCX6BnxSs5CTrAwhc9S73FdBhaZAf,The Savior's hand is knocking still - James M. Black,NA,The Savior's hand is knocking still,James M. Black,NA,classical,NA,publicdomain,0.0,0,0,2,1,1,0,20,249,12.45,False,2.512407973676866,0.9919678714859438,0.9010416666666666
QmPevRCsmFjgXmdsxn2TuVow9ijPSPDHyVwntb2PP2B9qn,The Savior's love is wonderful - Thoro Harris,NA,The Savior's love is wonderful,Thoro Harris,NA,classical,NA,publicdomain,0.0,0,0,6,2,1,0,18,213,11.833333333333334,False,2.935510605590058,0.943661971830986,0.9114583333333334
QmeTYuqAgRy4RKSMicXoapg9ELL3AUbBcZ5RNPRWYZY7uV,The Savior's own word tells the story - Wm. N. Spessard,NA,The Savior's own word tells the story - Wm. N. Spessard,Wm. N. Spessard,NA,classical,NA,publicdomain,0.0,0,0,2,1,1,0,19,294,15.473684210526317,False,2.522272698557803,0.9897959183673468,0.9513888888888888
QmdyC44YHfF8K2ZivrWUAzTbfMbNgdbCYwzj9dEN9k84or,The Saviour is calling today - George W. Lassiter,NA,The Saviour is calling today,George W. Lassiter,NA,classical,NA,publicdomain,0.0,0,0,5,1,1,0,18,287,15.944444444444445,False,2.4992578732574,1.0,0.9600694444444444
QmXA4ZS7yeNzZSQdaJB6F6Kddc7etBqdzxhKrgnmNhxuqM,The Saviour is waiting and calling - Robert Lowry,NA,The Saviour is waiting and calling,Robert Lowry,NA,classical,NA,publicdomain,0.0,0,1,29,1,1,0,18,273,15.166666666666666,False,2.825876342376692,0.978021978021978,0.9283854166666666
QmdNCF8SYu4y3XbpSKpzyqxxbyiPvbpibs25SJVyM8JNea,The Saviour lov'd the children - Florence W. Williams,NA,The Saviour lov'd the children,Florence W. Williams,NA,classical,NA,publicdomain,0.0,0,0,1,1,1,0,18,215,11.944444444444445,False,2.7986752381177835,0.9534883720930232,0.9661458333333334
QmZkgJMJr9PuxEa8GU7Gx5fMq4unMN2fdNetSawNhEagjh,The Saxcobourge Waltz. Roose.0837,Saxe-Coburg Waltz. Roose.0837 TheSachsen-Coburg Waltz. Roose.0837 The,The Saxcobourge Waltz. Roose.0837,Misc tunes,NA,NA,NA,publicdomain,0.0,0,0,6,1,1,0,54,198,3.6666666666666665,False,2.6572206137453804,0.98989898989899,0.8900462962962963
QmQSiwAsJ3fLApPUZpPK6Zo8iDiK6zmhQphr6RpBLUN1NJ,The Scartaglen Reel,New Road TheNew Post Office Reel The,The Scartaglen Reel,Misc tunes,NA,NA,NA,publicdomain,0.0,0,0,1,1,1,0,32,234,7.3125,False,2.564416494832623,1.0,0.966796875
QmZTN26Ck7LPPtGBFupep9Z58SEGQoTQvnamfoADLGzWjn,The Scartaglen Reel,New Road TheNew Post Office Reel The,The Scartaglen Reel,Misc tunes,NA,NA,NA,publicdomain,0.0,0,0,2,1,1,0,70,751,10.728571428571428,False,2.657671019004933,0.9906790945406124,0.9736519607843136
QmTGXc1jdB3PAqwoRayPNeSBRdJkscjGfCK3TjMYWJNDgU,The Scartaglen Reel,Ríl Scairteach an Ghlinne,The Scartaglen Reel,Misc tunes,NA,NA,NA,publicdomain,0.0,0,0,1,1,1,0,16,114,7.125,False,2.326492082292866,1.0,0.9348958333333334
QmRcUQsfWptTxF8KGYKBxAT8B8F2KjnU8sJ98aNBXPfGQm,The Scent of the Bog,Smell of the Bog The,The Scent of the Bog,Misc tunes,NA,NA,NA,publicdomain,0.0,0,0,2,1,1,0,72,534,7.416666666666667,False,2.7078039403475103,0.99250936329588,0.9173177083333334
QmPaxUph4PduRKhW3LCikTov6SKH63NBRCND26uNyiRiGH,The Scholar (306),NA,The Scholar,Misc tunes,NA,NA,NA,publicdomain,0.0,0,0,1,1,1,0,54,390,7.222222222222222,False,2.700109158173432,1.0,0.9613715277777778
QmSDRvPfJb38nT6TSktbok2tZ5uzLD6xQ5HNLjhETB8U2X,The Scholar. JJo3.179,NA,The Scholar,Misc tunes,NA,NA,NA,publicdomain,0.0,0,0,1,1,1,0,31,133,4.290322580645161,False,2.768222209798082,1.0,0.9305555555555556
QmW269YcdqrubCxzkp1dHNy3pftywAAtMAAGrvp1nJQPiE,The School Of Velocity - 1,Binário-8,The School of Velocity Op.299,Carl Czerny,Carl Czerny Op. 299,classical,NA,cc-zero,0.0,0,6,302,2,1,0,44,834,18.954545454545453,False,2.861239211893453,0.9904076738609112,0.9136904761904762
Qmar1uRoS21zVKS2nGBRBvctmRxBXP5hv3pUNUaY2pzArM,The School Road,The school road,NA,NA,Øyvind Nielsen 16 September 2018,NA,NA,cc-zero,0.0,0,2,185,1,1,0,29,273,9.413793103448276,False,2.754414442262533,1.0,0.9605654761904762
QmUpUX7NhmkY2PjqFSRjNqFb2Ysmi6F82tSgRk7rUzBsUb,The Schottische. Le4.149,Original Schottischeaka. Le4.149 The,The Schottische. Le4.149,Misc tunes,NA,NA,NA,publicdomain,0.0,0,0,0,1,1,0,81,367,4.530864197530864,False,2.848582057391858,0.9618528610354224,0.9328703703703703
QmdHeHH6uGpk5atpTtVUShtpTiLV4MpQwGSeZLFcAFV5s6,The Scientist,NA,the scientist,Coldplay,Coldplay,rock,NA,cc-zero,0.0,0,2,49,1,1,0,35,300,8.571428571428571,True,2.3818896531867546,1.0,0.9571428571428572
QmdkybbcYoQvYXXmfRyryox5soKGquvQVkaHn2bVx6oBZ7,The Scientist,NA,the scientist,Coldplay,NA,rock,piano-thescientist-coldplay,cc-zero,0.0,0,306,4648,1,1,0,36,562,15.61111111111111,False,2.4383706667727427,1.0,0.962962962962963
Qmcwq3YAmPM6g5DH81GRc5iBEwdBXLNku3z8fftw3kESue,The Scorch Trials - Mercenary (from the trailer),The Scorch Trials,NA,NA,Max Cameron,NA,soundtrack-film-music-musik-movie-maze-runner,cc-zero,4.71,4,14,320,1,1,0,76,622,8.18421052631579,False,2.101701092748722,1.0,0.9857456140350878
QmatDAuH6dKYs1iqqDdVndUk6rswCnuY1y9TQBZqCiWNGM,The Scotch Bamble. JaW.271,Scotch Rambleaka. JaW.271 TheHigh Way to Eglinton. JaW.271 The,The Scotch Bamble. JaW.271,Misc tunes,NA,NA,NA,publicdomain,0.0,0,0,2,1,1,0,36,196,5.444444444444445,False,2.2729222236945885,1.0,0.9340277777777778
QmVentrDmFZT1UcgVohiEFV3oCoDeZZGwRa4SEooTAt22W,The Scotch Grays March. JBut.069,Scots Greys March. JBut.069Foul Weather Callaka. JBut.069,The Scotch Grays March. JBut.069,Misc tunes,NA,NA,NA,publicdomain,0.0,0,0,3,1,1,0,32,174,5.4375,False,2.727586642679527,1.0,0.9498697916666666
QmbDUS6tHt9Uy2w9CK4KemN1dJieNYes7EXguNZv5L7p7q,THE SCOTCH MEASURE,NA,THE SCOTCH MEASURE,Misc tunes,NA,NA,NA,publicdomain,0.0,0,0,2,0,2,0-0,44,355,8.068181818181818,False,2.778398708437402,0.9887323943661972,0.9450757575757576
QmSeL2FfVpXWqwYGu2bHxTCxhfywkYF5BmBVUM6fP3HGHY,The Scotch Ramble [1]aka. JaW.271,High Way to Eglinton. JaW.271 The,The Scotch Ramble [1]aka. JaW.271,Misc tunes,NA,NA,NA,publicdomain,0.0,0,0,1,1,1,0,36,196,5.444444444444445,False,2.2729222236945885,1.0,0.9340277777777778
QmSGi3X6mVUHpT2M3icPkESt3oocC9FrAe9dvzGj4Ny7nv,The Scots came oer the Borders,NA,The Scots came oer the Borders,Misc tunes,NA,NA,NA,publicdomain,0.0,0,0,5,1,1,0,77,433,5.623376623376624,False,2.513056695772857,1.0,0.9583333333333334
QmV5m43yWXFqaKLotkQyYs6KULzVHZpPL76VefF9FFKGW5,the Scottish Legacy,NA,The Legacy,Misc tunes,NA,NA,NA,publicdomain,0.0,0,0,3,1,1,0,19,119,6.2631578947368425,False,2.5615518835819984,1.0,0.95703125
QmbWHkKon1U5nToXmkub7T9mEciKu6evYH5tQNj5H968qN,The SCP Foundation Main Theme (Part 1),Part 1. Fan made by Ajoura,The SCP Foundation Main Theme,Ajoura,Arranged by KaratemasterXSM,NA,scp-scpfoundationtheme-scpmaintheme-scptheme-piano-horror,cc-zero,4.73,12,73,7353,1,1,0,54,461,8.537037037037036,False,2.7229567205579555,0.9978308026030368,0.9787414965986394
QmSfBWSe7FZenYax33UGbPxNkkUaHrTenhfpmxcLCU856T,The Script - Superheroes,NA,superheroes,The Script,NA,rock,NA,cc-zero,4.81,18,563,46263,2,1,1,114,2272,19.92982456140351,False,2.6543186568955885,1.0,0.8448103792415169
QmRkwf8eGbLtNwVfxyoSc2d9WeEUfBR2Xu2fxJNp2mDAoN,The sea,NA,NA,NA,NA,NA,NA,publicdomain,0.0,0,0,251,1,1,0,32,31,0.96875,False,1.945256395553212,1.0,0.984375
QmWz4Pq6XXTcrx29X3ZsefZ9cQF41HqBnj7ueCAspt6Xry,The sea is wildly tossing,NA,The sea is wildly tossing,Misc Traditional,NA,folk,NA,publicdomain,0.0,0,0,2,1,1,0,26,278,10.692307692307692,False,2.356559180963256,0.9928057553956836,0.9473039215686274
QmbaZ2vSehk3wyC2itkDHV8EM4Xb4zSfn6nHqFj8TRiFd5,The sea of life rolls gently on and peacefully we glide - F. L. Jackson,NA,The sea of life rolls gently on and peacefully we glide,F. L. Jackson,NA,classical,NA,publicdomain,0.0,0,0,4,2,1,0,30,298,9.933333333333334,False,3.019170010449563,0.9362416107382552,0.8472222222222222
QmaLnKVCgtA9SfYDtDHZgANVH5gw2JbcQyB9AoCdWn14C1,The Sea Shells Schottische,NA,The Sea Shells Schottische,Misc tunes,NA,NA,NA,publicdomain,0.0,0,0,9,1,1,0,33,205,6.212121212121212,False,2.77459529493516,1.0,0.947265625
QmUiRCnFc1WmxriBoNNQ5f1NvXZnokAiZDv1ra7F3hZNub,The Seamstress by Mussorgsky,NA,The Seamstress,Modest Mussorgsky,Modeste Mussorgsky,classical,scherzino-mussorgsky-orchestrationchallenge,cc-zero,0.0,0,3,116,3,1,0,72,2044,28.38888888888889,False,3.277053897622323,0.8256385068762279,0.9623493975903614
QmTjC5hR68Pqv1Sr5GjMrwpYKQA7gXZzGWR6kCxhcs8CHH,The Seas are Deep,NA,The Seas Are Deep,Misc tunes,Turlough O'Carolan (1670-1738)ADAGIO,NA,NA,publicdomain,0.0,0,0,3,1,1,0,20,76,3.8,False,2.582132120123907,0.9210526315789472,0.9027777777777778
QmNpKpq82DUBdAwPxBR1iK4gK7p5jZDPDaJH1aU3fAiWsH,The Seasons March: Song of the Lark Op. 37a No. 3 Pyotr Ilyich Tchaikovsky,Song of the Lark. Op. 37a No. 3,The Seasons Op.37a,Pyotr Ilyich Tchaikovsky,Pyotr Ilyich Tchaikovsky,classical,NA,cc-zero,4.91,32,71,1225,2,1,0,46,600,13.043478260869565,False,2.894188563944932,0.8694915254237288,0.8996212121212122
QmSsdq6tyq542DYFB45kqJWxmPCFW9gWNvDGzK82aVpoWU,The Seasons Op. 37a February Carnival,(Carnival),The Seasons Op.37a,Pyotr Ilyich Tchaikovsky,P.Tchaikovsky Op. 37a â2,classical,NA,publicdomain,4.81,18,25,1024,2,1,0,182,2169,11.917582417582418,False,3.409003219886624,0.7658491439148543,0.9396701388888888
QmSpsDNVKHyq45jmF31A5wdB5LbKXDn4NkuurHXHdQuCyD,The Seasons Op. 37a January By the Fireside,By the fireside,The Seasons Op.37a,Pyotr Ilyich Tchaikovsky,P. Tchaikovsky Op. 37a â1,classical,NA,publicdomain,4.94,16,43,1566,3,1,0,102,1572,15.411764705882351,False,3.4322256085726064,0.7355003186743149,0.7742117117117118
QmdBQuVBmPgh1WAGFo2frfeJyiPV2LYED52uuXsTaAnahm,The Second Church Call. JBut.062,2nd Church Call. JBut.062 The,The Second Church Call. JBut.062,Misc tunes,NA,NA,NA,publicdomain,0.0,0,0,2,1,1,0,36,150,4.166666666666667,False,2.620401687960213,1.0,0.9244791666666666
QmXFL3YMr6g3SC2a922SezvtD4Lj4bKqbCXkpmGEa3A6en,The Second Dubble Drag. JBut.048,2nd Dubble Drag. JBut.048 The,The Second Dubble Drag. JBut.048,Misc tunes,NA,NA,NA,publicdomain,0.0,0,0,4,1,1,0,20,84,4.2,False,2.698616758260492,1.0,0.9496527777777778
QmNv3qZ99DtLkn6JYHwfZcpHoNH75DHYcKMpC5iRkWwwXt,The Second Revaley. JBut.052,2nd Revaley. JBut.052 The,The Second Revaley. JBut.052,Misc tunes,NA,NA,NA,publicdomain,0.0,0,0,1,1,1,0,32,80,2.5,False,2.600227558871908,1.0,0.9583333333333334
QmQLRPriFqmZnD4fph13bqxFZ8DJsEU9G1Coq7qFPj9tj2,The Second Service - Meirion Wynn Jones,The Second Service,The Second Service,Meirion Wynn Jones,MEIRION WYNN JONES,classical,NA,publicdomain,0.0,0,0,3,0,2,0-0,110,2858,25.98181818181818,True,3.510035922352756,0.6907630522088354,0.9147135416666666
Qmaqx5QuRiXNvQMPSpT3it4e39cBCvuY2udeRgNgeTotM4,The Secret,NA,NA,NA,Rob,NA,pianosolo-new,cc-zero,0.0,0,14,397,2,1,0,63,986,15.65079365079365,False,2.8048306788009096,0.9694501018329938,0.8543859649122807
Qmf8TJyRuQeUEHpKqowA2KfXrVnGXav9BCdfEQLzdbSnPT,The Seer came back from paradise - L. H. Baker,NA,The Seer came back from paradise,L. H. Baker,NA,classical,NA,publicdomain,0.0,0,0,11,1,1,0,18,297,16.5,False,2.558325485541909,0.98989898989899,0.955
QmVdeVakMrznLMpHDBQLZwzveJ8x2tZqnwNPzpkLxPMqHo,The Seige of Delhi,NA,The Seige of Delhi,Misc tunes,NA,NA,NA,publicdomain,0.0,0,0,6,1,1,0,40,344,8.6,False,2.530118017882219,1.0,0.8828125
QmV86vUaiycJewWGdERkGZTS7ADHfU8zBmjPzP3cGn4kTS,The Seige of Delhi,NA,The Seige of Delhi,Misc tunes,Joe Buchanan's Scottish Tome - Page 110.0,NA,NA,publicdomain,0.0,0,0,0,1,1,0,126,584,4.634920634920635,False,2.467609588724873,1.0,0.896969696969697
QmQodLanwX9pbor4gSB1VHbKJsMp4SnA3NHW7g2Hrmh9MS,The Senate Redux,NA,NA,NA,NA,NA,NA,cc-zero,0.0,0,11,293,0,4,0-1-6-7,25,958,38.32,False,2.144865685898032,0.8308977035490606,0.8428819444444444
QmbpX6mgf7FMy1AhjxJzuAw6Ux7uAgYfjsotufTbjUyVvk,the Separation of Soul and Body,NA,the Separation of Soul and Body,Misc tunes,Turlough O'Carolan,NA,NA,publicdomain,0.0,0,1,33,1,1,0,16,92,5.75,False,2.572825521758312,1.0,0.9505208333333334
QmdcA6F5dsqGeCyVFYA3tpTfUaf7PosJdpXW2mvZVWkMgt,The sepulchre was empty - Adam Geibel,NA,The sepulchre was empty,Adam Geibel,NA,classical,NA,publicdomain,0.0,0,0,6,1,1,0,17,239,14.058823529411764,False,2.9305250071439333,0.9661016949152542,0.9557291666666666
QmQ55cGKcTV1kXeq8V3qUCsHB6NnRgVhmN5HmWdLiNV4dh,The Seqestered Beauty,An Euchdag,The Seqestered Beauty,Misc tunes,NA,NA,NA,publicdomain,0.0,0,0,4,1,1,0,36,108,3.0,False,2.680220375089265,1.0,0.9510869565217392
QmeH2JBnsJXExECRKqjjRtXqKp28rRSk6kn5exSTyAuB8S,The service of our King is a joy beyond compare - Charles H. Maskell,NA,The service of our King is a joy beyond compare,Charles H. Maskell,NA,classical,NA,publicdomain,0.0,0,0,2,2,1,0,27,865,32.03703703703704,False,3.0760489630005208,0.9175377468060396,0.974609375
QmbFwHxFCdHKGrhFaku2fBdsUf8Xv4U1krnxGUskyB4kJg,The Setting of the Sun (air) 0111,NA,The Setting of the Sun (air) 0111,Misc tunes,after Mr. Hartnettslow,NA,NA,publicdomain,0.0,0,0,2,1,1,0,18,73,4.055555555555555,False,2.5867110864434766,1.0,0.9036458333333334
QmTZEzUy3g7As2FzUmTvK6JD61uM4grp2vrLM6HuXJXKG5,The seven diatonic natural minor chords (in A minor),NA,The seven diatonic natural minor chords (in A minor),ÐÐÐÐÑÐÐÐ² ÐÐÐÐÐ¾Ð²,Composer,NA,NA,cc-zero,0.0,0,0,26,0,1,0,7,21,3.0,False,2.807354922057604,1.0,0.9970238095238096
QmcrgwJPWhJ554htBf175aWXmjFs2JsawexSxwiKNkvNnP,The Seven Stars THO4.165,NA,The Seven Stars,Misc tunes,NA,NA,NA,publicdomain,0.0,0,0,2,1,1,0,48,294,6.125,False,2.6215011815260487,1.0,0.9461805555555556
QmSMU6x2YRrXrCJjqBx5F1LSqX2RV1fhnJxDyztWgnbd2y,The Severn Bore,NA,The Severn Bore,Misc tunes,Tune is Sarabande by Corelli,NA,NA,publicdomain,0.0,0,0,21,1,1,0,33,138,4.181818181818182,False,3.0124554740461984,0.9130434782608696,0.9123263888888888
QmNMRCVDqkgutAEKJqAsNjPiuW9GXLgpBSw9Djf53y5U2a,The Sex,in The Universal Magazine of Knowledge and Pleasure,NA,NA,Mr ROLT (1755),NA,voicepianothcentury,publicdomain,0.0,0,3,429,1,1,0,59,570,9.66101694915254,False,2.829160040905935,0.9719298245614036,0.874031007751938
QmZ9vJ5QGCx97cYTaFfVUwKMjekLMYC3d1WgEUMiLpBPyJ,The Shackled Wolves - Fire Emblem: Three Houses Piano Arrangement,Fire Emblem: Three Houses,The Shackled Wolves,Takeru Kanazaki,Original Music by Takeru Kanazaki,NA,fireemblem-feh-threehouses-fireemblemthreehouses,cc-zero,4.9,8,54,1693,2,1,0,112,1187,10.598214285714286,False,3.309095941484605,0.7961246840775064,0.9269894894894894
QmcijZ2wjQKWbx7MAcM2FiqzS9U86dcK8DSDYxb9o7jMWj,The shadow of the Rock - J. E. Gould,NA,The shadow of the Rock,J. E. Gould,NA,classical,NA,publicdomain,0.0,0,0,3,1,1,0,19,220,11.578947368421051,False,2.715979996816816,0.9772727272727272,0.9444444444444444
QmZiBYEQhD2TtZ5tzC99WPChqbxMx6fqBEG8PLVCRwJhMu,The Shadows - The Frightened City,NA,NA,NA,NA,NA,NA,cc-zero,0.0,0,1,566,0,5,0-0-0-0-0,45,3408,75.73333333333333,False,2.882507778714626,0.9167434715821812,0.952724358974359
QmdZ7YN9iCd7vaLiWdAxU6Xokn5LkcvRS3oqcYsXEG3tv9,The shadows innocence,NA,NA,NA,Kiki_AnimateArt,NA,NA,cc-zero,0.0,0,0,55,1,1,0,31,339,10.935483870967742,False,2.7778674740893976,1.0,0.9663978494623656
QmW7YpnZP3Mbp3dKqrCuysKY3rh88R5apGbSdNC4rXiXVi,The shadows of night are creeping fast - R. S. T.,NA,The shadows of night are creeping fast,R. S. T.,NA,classical,NA,publicdomain,0.0,0,0,6,1,1,0,18,252,14.0,False,2.612309075026595,0.992063492063492,0.9006410256410257
QmP4sdDxzF72G157FeBFoaRbn3wo7f5rFVFvdHeCuZXv7o,The Shady Grove,NA,Shady Grove,Misc tunes,NA,NA,NA,publicdomain,0.0,0,0,84,1,1,0,16,72,4.5,True,2.26360666476954,1.0,0.9361111111111112
Qmd7wYub2gxAQjuBjr4gYFB9d8ngjpNxrAyj54zDVc7ZD8,The Shady Grove,NA,Shady Grove,Misc tunes,NA,NA,NA,publicdomain,0.0,0,0,5,1,1,0,32,106,3.3125,False,2.4642358269798303,1.0,0.94921875
QmXpjF6vTrVqQ15Gg63hXTMEpGRCmuvJroufmePNageUG4,The Shady Groves Of Piedmont,NA,Shady Grove,Misc tunes,NA,NA,NA,publicdomain,0.0,0,0,4,1,1,0,41,231,5.634146341463414,False,2.6428967751609207,1.0,0.98125
QmRfE6HXmWesbwN6ymtZXyY9TA849nCyi1qHNp3Z5VkSBV,the shallow end,NA,NA,NA,NA,NA,grantleebuffalo-theshallowend,publicdomain,0.0,0,0,186,1,1,0,86,292,3.395348837209302,False,2.673932303969099,0.9897260273972602,0.945251937984496
QmSYFHUTGsJkcm5rTVMxgmyQmbrSFEjbRUg1VpTKiTCF5v,The Sham Doctor. (p)1698.PLFD1.388,NA,The Sham Doctor,Misc tunes,NA,NA,NA,publicdomain,0.0,0,0,5,1,1,0,16,90,5.625,False,2.72067033179106,1.0,0.9348958333333334
QmWeBJdfXhn56Ceq3MLmLvmFGA6Q1pwN8KbzNkU4Y2U5uP,the Shambuy,Sean Bui(dhe)the Marquis of GranbyOver the Water to Charlie,The Shambuy,Misc tunes,NA,NA,NA,publicdomain,0.0,0,0,1,1,1,0,32,184,5.75,False,2.473072414373093,1.0,0.9036458333333334
QmWRvf2GGkLcoLTSJcXWbAMbFepwrH5rtG9JjC9sy6Xyui,The Shark. JJo6.77,NA,The Shark. JJo6.77,Misc tunes,NA,NA,NA,publicdomain,0.0,0,0,4,1,1,0,24,87,3.625,False,2.704101201889684,1.0,0.9166666666666666
QmVTFXcu39PQoZTEzWkiKzd2QPs49yEeekjVwd7djz5M8i,The Shark. JJo6.77,NA,The Shark. JJo6.77,Misc tunes,NA,NA,NA,publicdomain,0.0,0,0,1,1,1,0,32,116,3.625,False,2.6922380671133954,1.0,0.9083333333333332
QmbkF6AcKrC9t6X7HSv6mrUxKvgPjVGVJ2k5YnP6xQ3WDq,The Shealing in the Braes of Rannoch,Bothan airidh m braighe Raineach,the Shealing in the Braes of Rannoch,Misc tunes,NA,NA,NA,publicdomain,0.0,0,0,0,1,1,0,18,62,3.4444444444444446,False,2.729451034829457,0.967741935483871,0.9507575757575758
QmbS5NR8b5vpB1vcE7Dfwu7PmBVFc4yc33tJfbjbGcUVXS,the Shealing in the Braes of Rannoch,Bothan airidh 'm braighe Raineach,the Shealing in the Braes of Rannoch,Misc tunes,NA,NA,NA,publicdomain,0.0,0,0,5,0,2,0-0,18,101,5.611111111111111,False,2.7597155828897755,0.9801980198019802,0.9507575757575758
QmX9snuSxBK639pDzFG5neVJtFKWQLwRvRyGPpcBuMXNNr,The Sheik of Araby,NA,the sheik of araby,Fats Waller,NA,jazz,copyrightfreeoldjazz-creolejazz,cc-zero,4.92,10,18,2533,0,1,0,56,117,2.0892857142857144,True,2.973741993697345,0.8974358974358975,0.9766081871345028
QmSPFHqWCcNgrmDmCFZWz3N9TqeuoxvEfdEEkqD7Qvc4hA,The Shepherd and Shepherdess,NA,The Shepherd and Shepherdess. JJo8.027,Misc tunes,Thompson: 24 Country Dances for the Year 1799,NA,NA,publicdomain,0.0,0,0,26,1,1,0,48,212,4.416666666666667,False,2.6327505698724574,1.0,0.9166666666666666
QmY2JgyZnQ3NwLy11c8k6MyLMfrRNYepnBfH8wouLBguAp,The Shepherd Boy - Grenville D. Wilson,NA,The Shepherd Boy,Grenville D. Wilson,NA,classical,NA,publicdomain,0.0,0,1,21,1,1,0,24,379,15.791666666666666,False,2.693497558677707,0.9815303430079156,0.9027777777777778
QmaZAhugSrWAjS6JZ5CxSyZu8oCu7rQ6gVPdymMyKF8R7N,The Shepherd of souls - William B. Bradbury,NA,The Shepherd of souls - William B. Bradbury,William B. Bradbury,NA,classical,NA,publicdomain,0.0,0,0,4,1,1,0,10,151,15.1,False,2.3639611122226403,1.0,0.8981481481481481
QmSB4NdNYhsHQG7PQB2fxse6umCUPPK8cNSyWpC2VoLZdN,The Shepherd went after the wandring sheep - Leonard C. Voke,NA,The Shepherd went after the wandring sheep,Leonard C. Voke,NA,classical,NA,publicdomain,0.0,0,0,6,2,1,0,13,326,25.07692307692308,False,2.886301681948006,0.9141104294478528,0.9068627450980392
QmVyufid6Rf4zx9TLUwpYwM5EyJLFMQBoWygK2xEehGDYq,The Shepherd's Boy - Piano,Doctor Who,The Shepherd's Boy,Murray Gold,Written by Murray GoldArranged by Jaeden Pheonix,soundtrack,NA,cc-zero,4.76,14,22,1827,2,1,0,34,663,19.5,False,3.092264073774851,0.8413897280966768,0.9616013071895424
Qmc92CHEJvbiFSrkz41FVMVTR4kPKcaMWemYmGC1y35uZ5,The Shepherdess,Nighean nan Caorach,The Shepherdess,Misc tunes,NA,NA,NA,publicdomain,0.0,0,0,1,1,1,0,19,155,8.157894736842104,False,2.655524081925472,1.0,0.9140625
QmXwSiK4sH6dQ5xGwpV4qjqAQGbWWfDqcZMtKLtYTKxiBN,The Shetland Fiddlers' Society,NA,The Shetland Fiddlers' Society,Misc tunes,NA,NA,NA,publicdomain,0.0,0,0,2,1,1,0,36,304,8.444444444444445,False,2.719712192402831,1.0,0.8561197916666666
QmWcU1qZyWLCJupMGrZoiRguVeB7iSKzfA9SdqSAbfXEAL,The Shetland Molecule,NA,The Shetland Molecule,Misc tunes,NA,NA,NA,publicdomain,0.0,0,0,11,1,1,0,34,229,6.735294117647059,False,2.416582976278395,1.0,0.9427083333333334
QmYMSUxpYhHDTVL8sdpLWGTHzvcWfrHUuHzrCyHVasyQic,The Shieling in the Braes of Rannoch,Bothan airidh m braighe raineach,The Shieling in the Braes of Rannoch,Misc tunes,NA,NA,NA,publicdomain,0.0,0,0,8,1,1,0,18,67,3.7222222222222223,False,2.674077999381743,1.0,0.9450757575757576
Qma3pDxWDLHyyzqQZvBELhSCY5GfXmGDy39hqYKPJns2SQ,The Ship in Full Sail (A81),NA,the Ship in Full Sail,Misc tunes,NA,NA,NA,publicdomain,0.0,0,0,6,1,1,0,36,188,5.222222222222222,False,2.195394116370911,1.0,0.9878472222222222
QmRMb82x1hAHc9kXBqGkUzKeMF853JZ4UqoBgy3iaykMo6,The Ship went down with all on board,NA,The Ship went down with all on board,Misc tunes,NA,NA,NA,publicdomain,0.0,0,0,7,1,1,0,18,94,5.222222222222222,False,2.433009343837146,1.0,0.8802083333333334
QmXVXiGFJuCUj6K33CecHAjxwxesSy5FdTU3R3uujm58hi,The Ships Are Sailing,NA,Ships are Sailing,Misc tunes,NA,NA,NA,publicdomain,0.0,0,0,6,1,1,0,40,297,7.425,False,2.6139397312594275,1.0,0.9260416666666668
QmdUdXHTvmbnpgTT22PEPhu66sMpVW3XR2vHPue6jJHDhd,The Shoals of O'Herrin,NA,The Shoals of O'Herrin,Misc tunes,Joe Buchanan's Scottish Tome - Page 046.1,NA,NA,publicdomain,0.0,0,0,4,1,1,0,18,65,3.611111111111111,False,2.476602384209642,1.0,0.9227941176470588
QmajqNstiVK3Ljty4jupkG81SrEEm2DUQSpBEx3rCMzdru,The Shoemaker's Fancy,Hills of Larraga The,The Shoemaker's Fancy,Misc tunes,NA,NA,NA,publicdomain,0.0,0,0,3,1,1,0,36,178,4.944444444444445,False,2.725875032369262,0.9775280898876404,0.9704861111111112
QmV7ayyK58b7VNkQvGDCBTytCJfn6oLDm7EBTs9KYKeTzH,The Shores of Amarthoy,NA,The Shores of Amarthoy,Misc tunes,Joe Buchanan's Scottish Tome - Page 627.3,NA,NA,publicdomain,0.0,0,0,0,1,1,0,66,148,2.242424242424242,False,2.6594651007324965,1.0,0.9288194444444444
QmXao97za6qcJ7uhRJrsMSnpeNvnhgMVF3wqH1p8n7RB3j,The Shores of Scotland,From Mary Queen of Scots Original Motion Picture,The Shores of Scotland,Misc tunes,Arranged by Brandon Merritt,NA,piano-soundtrack-scotland,cc-zero,4.33,3,35,1638,2,1,0,25,451,18.04,False,2.6580602303842222,1.0,0.9852430555555556
QmR4WqH4XnMLkqv1uHaCRypByhqpLKFpbUg93vrwzt8rGM,The Short Apron,NA,Short Apron,Misc tunes,NA,NA,NA,publicdomain,0.0,0,0,2,1,1,0,36,187,5.194444444444445,False,2.50158648064202,1.0,0.9644097222222222
QmVsQNxaA57Zkfxg5r1snVaY5sTvycYVt3u4XaWDAATnmN,The Short Grass,An Feur Gearr,The Short Grass,Misc tunes,collected by J.O'Neill,NA,NA,publicdomain,0.0,0,0,3,1,1,0,45,230,5.111111111111111,False,2.4217572229657534,1.0,0.9756944444444444
QmW2Zd3pM9JfA9y4AoVMZBNjCKGux3M1tikmaudnN7zoJK,The Shropshire Lass. PFD3.109,NA,Shropshire Lass (The),Misc Traditional,NA,folk,NA,publicdomain,0.0,0,0,0,1,1,0,36,148,4.111111111111111,False,2.6744297913278325,1.0,0.9348958333333334
QmUaCV4J5ZxQjwktDGMuRoZQ43Cnw4t1VvpTjrmDea6jxT,The Sick Boy,An Bouchail Breoighte,The Sick Boy,Misc tunes,NA,NA,NA,publicdomain,0.0,0,1,186,1,1,0,48,306,6.375,False,2.572043800238856,0.9673202614379084,0.9678819444444444
QmbY1M7op88NBMgGeEAHAPpJSyCbMxdb6txyEtxfMpwrix,The Siege of Acre,NA,the Siege of Acre,Misc tunes,NA,NA,NA,publicdomain,0.0,0,0,0,0,2,0-0,45,440,9.77777777777778,False,2.660420085616646,0.990909090909091,0.9364583333333334
QmNunwpuFbrdApZAywtoUNZPsJz3N95ogmScBDmUP7zGaA,The Siege of Algiers. CJS.,NA,The Siege of Algiers. CJS.,Misc tunes,NA,NA,NA,publicdomain,0.0,0,0,1,1,1,0,16,120,7.5,False,2.5730262658946272,1.0,0.9739583333333334
QmQRJLYVRtodAp1hxXRGou6dtbcEXhcy4i13VF3FDq3TGC,The Siege Of Buda. (p)1689.PLFD1.306,NA,Siege of Buda,Misc tunes,NA,NA,NA,publicdomain,0.0,0,0,6,1,1,0,26,121,4.653846153846154,False,2.6676145154156976,1.0,0.9501811594202898
QmVnYKf86FKLfighRS8DGbjLRmVHt4YtpZzGjn3ZbWDNRr,The Siege Of Ennis,Andy Irvine'sBanks Of Inverness TheIonsaÃ Na HInseTullaTulla The,The Siege Of Ennis,Misc tunes,NA,NA,NA,publicdomain,0.0,0,0,3,1,1,0,48,192,4.0,False,2.5461720723547887,1.0,0.9505208333333334
QmeBbyXimxxCoRnwmVQRBtVYc2u9PsBP2kuxivc5ekUSeV,The Silk Handkerchief,NA,The Silk Handkerchief,Misc tunes,NA,NA,NA,publicdomain,0.0,0,0,3,1,1,0,43,315,7.325581395348837,False,2.622427492813296,1.0,0.9401041666666666
Qmarz7eoNBoxDsh9cQUPEbJDF163ZsiuxP8qrhnAmp8uiJ,The Silk Handkerchief (hornpipe) 1665,NA,The Silk Handkerchief (hornpipe) 1665,Misc tunes,after Mr. Cronin,NA,NA,publicdomain,0.0,0,0,2,1,1,0,38,256,6.7368421052631575,False,2.624804087123408,1.0,0.9056372549019608
QmTDsHRJ3Ndc6iMwwTHYkNCDxTsLTPbAHeJ3TFvdsGR2CY,The Silk-Worm,NA,The Silk-Worm,Misc tunes,NA,NA,NA,publicdomain,0.0,0,0,3,1,1,0,8,32,4.0,True,2.7349873163214484,1.0,0.9895833333333334
Qmc4mHsqcX2LfuQ8ioQJBbLqbYu1Nh33D8ht2W44W18nZu,The silken wallet,NA,The silken wallet,Misc tunes,anon.,NA,NA,publicdomain,0.0,0,0,2,1,1,0,38,174,4.578947368421052,False,2.7007602698022586,1.0,0.9288194444444444
QmPTKavdmLfkGVRighDendf7dBzRtsQTLeAspLbivqEbhA,The Silly King's Riegn,NA,NA,NA,by J franco,NA,thefantasticfranco-franco,cc-zero,0.0,0,1,121,2,1,0,55,698,12.690909090909091,False,2.7682439881509344,1.0,0.8729166666666667
QmY3HGMULdcBhhFaqUNsTLRZFHC6jkevkKHzYUDipbbUPi,The Silver Primrose,NA,The Silver Primrose,Misc tunes,The Lydian Jig (1997) by Stapledon,NA,NA,publicdomain,0.0,0,0,2,1,1,0,9,156,17.333333333333332,False,2.7345468325973696,1.0,0.9461805555555556
QmU92Ttzkjnq5HCWcA1oNpArjpKVb4TSesWxmB3hcimQkR,The Silver Spear,Old Silver Spear TheSilver SpearSilver Tip The,The Silver Spear,Misc tunes,NA,NA,NA,publicdomain,0.0,0,0,19,1,1,0,163,1190,7.300613496932515,False,2.706212347976869,0.984033613445378,0.935570987654321
QmR1FgcPP4WEV6pP8tSopzwzNKJYJgzogMe2GoFK9Bkmth,The Silver Tip (reel) 1185,NA,The Silver Tip (reel) 1185,Misc tunes,after Mr. Kennedy,NA,NA,publicdomain,0.0,0,0,5,1,1,0,18,134,7.444444444444445,False,2.7794281875671625,0.9850746268656716,0.9596354166666666
QmRNR6MEQk8YwEmRV57AqoK3HdzJmGWBZoeukTGdRY9qy5,The Simeron's Dance. (p)1665.PLFD1.191,NA,Simeron's DanceThe. (p)1665.PLFD.191,Misc tunes,NA,NA,NA,publicdomain,0.0,0,0,6,1,1,0,26,108,4.153846153846154,False,2.8556823875365303,0.9814814814814816,0.9479166666666666
QmNfLPPYgpNKrs8NUjk6Xv1zirmfeHJsnzMNQiryMFrYun,The Sims - Build Theme No. 6 - The Simple Life,NA,Build Theme No. 6 - The Simple Life,Jerry Martin,NA,NA,NA,cc-zero,4.53,10,33,1009,2,1,0,99,1897,19.161616161616163,False,2.812825332169753,0.9403693931398416,0.9046052631578948
QmS1NiBKhQmzoAzGicxsSkuhhXsmYEq7G5B3fEMk3ey9Kv,The singers go before with joy - John Arnold,PSALM LXVIII Verse 26 27 29 30.,The singers go before with joy,John Arnold,John Arnold,classical,NA,publicdomain,0.0,0,0,5,0,4,0-0-0-0,16,163,10.1875,True,2.710918810300483,0.9936305732484076,0.9621212121212122
QmWbeFtENmdFbAaUNNi7NBsNSDvdsykCa5PGvrfrws7wqR,The singers go before with joy - Thomas Clark,NA,The singers go before with joy,Thomas Clark,Thomas Clark,classical,NA,publicdomain,0.0,0,0,5,0,5,0-0-0-0-0,57,583,10.228070175438596,True,2.6939221902628083,0.9903100775193798,0.878858024691358
QmdbTbPhNMFiasn5JEN3UVQKKocfTnUyu9AGDNFtic7kDT,The Singing Christian,NA,The Singing Christian,Misc Traditional,NA,folk,NA,publicdomain,0.0,0,0,2,0,2,0-0,17,179,10.529411764705882,False,2.533012570981829,1.0,0.9475
QmdFYPNkL65hqjWS73u8JK2XVQqAUHbQsKWmjorx14jjZr,The Single Pedal of a Rose from The Queen's Suite - Duke Ellington,from Queen's Suite 1959,The Single Petal Of A Rose,Duke Ellington,Duke Ellington,jazz,jazz-dukeellington-thesinglepetalofarose-jazzpiano-solopiano-solojazzpiano,cc-zero,4.79,26,50,1774,2,1,0,123,904,7.349593495934959,False,2.9663893874996337,0.92,0.8983739837398375
QmY9o2XF8KX8sPDAyw5DH4uhm2uhYk7XRtP7nGApUxVvHo,The sinner's lips with curses fraught - Osborne Wight,NA,The sinner's lips with curses fraught,Osborne Wight,Osborne Wight,classical,NA,publicdomain,0.0,0,0,6,0,3,0-0-0,100,726,7.26,True,3.069457102623543,0.9040697674418604,0.9680989583333334
QmRV5CdjYGq97b3psmgc3qEsbXNGmnyHrtKA6UsB4U8gDv,the Six following Tunes are taken from Oscar & Malvina,NA,the Six following Tunes are taken from Oscar & Malvina,Misc tunes,NA,NA,NA,publicdomain,0.0,0,0,5,1,1,0,98,466,4.755102040816326,False,2.644193926555769,1.0,0.9424019607843136
QmeGfbjRAie2jszxPdVjqaizEAVmaLSwBPGC4jUJUc9Wpc,The Six-Leafed Clover,NA,The Six-Leafed Clover,Misc tunes,NA,NA,NA,publicdomain,0.0,0,0,2,1,1,0,36,262,7.277777777777778,False,2.6723386798288105,1.0,0.91015625
QmbiMsLaNsDEYtq9ZCDGxRR6KZqZfnfbCsa3Lcw1c11Wzx,The Sixth Station,NA,sixth station,Joe Hisaishi,Joe Hisaishi,classical-soundtrack,spiritedaway-joehisaishi-anime-piano,cc-zero,4.8,17,60,1233,1,1,0,68,614,9.029411764705882,False,3.29081998486725,0.8192182410423453,0.944920091324201
QmZ8qaMvH2sZtWgYjMXDP91mErvbvhfFDdvr8V4jnMjUrq,The Skye boat song (Outlander theme song),Traditional Scottish folksong,the skye boat song,Bear McCreary,NA,soundtrack,easypiano-outlander-traditional,cc-zero,4.67,74,487,32742,0,2,0-0,48,142,2.958333333333333,False,2.4680652616278733,1.0,0.925925925925926
Qmc58au2CA4ut5kQNn8qZUkVjZdxbK3mMEM1GVksyhpLdQ,The Skylark (air) 0187,NA,The Skylark,Misc tunes,after Chief F. O'Neilltenderly,NA,NA,publicdomain,0.0,0,0,5,1,1,0,18,74,4.111111111111111,False,2.74298246509588,1.0,0.875
QmcA6vaYVoMAa3tE4KdFejLoJr5PBXGd9r1afnjjoLW2Va,The Slack Rope Dance. Roose.0057,Rope Danceaka. Roose.0057 TheHarlequin Danceaka. Roose.0057 TheSturgess's Hornpipeaka. Roose.005732nd Regiment Quickstepaka. Roose.0057,The Slack Rope Dance. Roose.0057,Misc tunes,NA,NA,NA,publicdomain,0.0,0,0,3,1,1,0,36,166,4.611111111111111,False,2.8363810627279213,0.9759036144578314,0.9522569444444444
QmRxoAM1MskwkHrnTk3wjuT4Wgc1754492rNuuwMtySW8f,The Sleepless Swain,NA,The Sleepless Swain,Misc tunes,Noch Dagh noch Nacht is Mijne rust,NA,NA,publicdomain,0.0,0,0,5,1,1,0,40,98,2.45,False,2.81942405387828,0.9693877551020408,0.9305555555555556
QmcP3a5jDVQpZGAeKjw3zQrKkEXdz4wc6f5XMQCRFGvh24,The Slender Mountain Ash,Tonkaya Ryabina,The Slender Mountain Ash,Misc tunes,NA,NA,NA,publicdomain,0.0,0,1,18,1,1,0,24,38,1.5833333333333333,False,2.742654895653114,0.9736842105263158,0.9448529411764706
QmTDxpr55nPypgXf3g9yFU4ZgJ71zDFRpcinTUoE94Eh1Z,The Slender Mountain Ash,Tonkaya Ryabina,The Slender Mountain Ash,Misc tunes,NA,NA,NA,publicdomain,0.0,0,2,27,0,2,0-0,24,76,3.1666666666666665,False,2.818787111497896,0.971830985915493,0.9448529411764706
QmZjFsFwLRz4Fgq7JhPc52LU6PcASfXQ33ganGepdnzzeL,The Slopes Of Slieve Gullion,NA,The Slopes Of Slieve Gullion,Misc tunes,NA,NA,NA,publicdomain,0.0,0,0,5,1,1,0,22,175,7.954545454545454,False,2.7374233018559635,0.9942857142857144,0.9375
QmXSwbXDUhz2wpw98mqMYrQNNq1KGszGqWxzNMrVBMcWka,The Slopes Of Slieve Gullion,NA,The Slopes Of Slieve Gullion,Misc tunes,NA,NA,NA,publicdomain,0.0,0,0,1,1,1,0,20,184,9.2,False,2.736926045406924,1.0,0.9756944444444444
Qmek1Q28VCSbVQg8VQyZnJQzJMVcFhBphvcBN5qUtrktXB,The Slovenian Chicken,NA,The Slovenian Chicken,Misc tunes,NA,NA,NA,publicdomain,0.0,0,0,25,1,1,0,112,881,7.866071428571429,False,2.26676492676768,1.0,0.9427083333333334
Qmbw3QS1kwgnSGrNsSt8WBUYgzuzz1BMzw9sUtNUHzPpke,The Smack of the Whip. JMP.076,NA,Smack of the WhipThe. JMP.076,Misc tunes,81...A Retreat,NA,NA,publicdomain,0.0,0,0,1,1,1,0,20,120,6.0,False,2.549375726191617,1.0,0.943287037037037
QmeWDFXwDc6fQqRriBAyQ2CeDVuHWw3iuQG3NmdbVJsvbn,The Small March Of Tranquility,NA,NA,NA,Ignacio Galarraga,NA,piano-music-march-montevideo-uruguay-southamerica,cc-zero,0.0,0,0,6,1,1,0,16,86,5.375,False,2.7628461120657923,1.0,0.9756944444444444
QmPasNF5rxk21asXotLZkxFzT83LxVQhNCbZmGtYBSkSvw,The Small Music Book,Key of Bb Major,The Small Music Book,tshawn3107,T Shawn,NA,NA,cc-zero,0.0,0,0,47,2,1,0,60,1254,20.9,False,2.8278529014485434,0.984,0.9248366013071896
QmVGvDRybkoTvMTpo3gJ9fz6eqDXc6zgU1kWMPjru6Khjc,The smell of weather turning op. 23,NA,The People United Will Never Be Defeated,Frederic Rzewski,Fabian Reiß,NA,the-smell-of-weatherturning,cc-zero,0.0,0,0,61,2,1,0,98,1326,13.53061224489796,False,2.6263825471876383,0.9193061840120664,0.9452861952861952
QmZugb36fVXChLeJLtLk34b3SWxeADKihvzSFfnC9zMh9H,The Smith's A Gallant Fireman,Carrick's RantMore Luck To Us,The Smith's A Gallant Fireman,Misc tunes,NA,NA,NA,publicdomain,0.0,0,1,14,1,1,0,16,112,7.0,False,2.630734994405909,1.0,0.9166666666666666
QmfMeafjsLyr3ofzL3LQzGt3DXPmsuvTmRkJjKUKhnNzxa,The Smuggler's Reel,Old Grey Cat The,Smuggler's Reel,Misc Traditional,NA,folk,NA,publicdomain,0.0,0,0,22,1,1,0,32,202,6.3125,False,2.696271687254032,1.0,0.9401041666666666
QmX8h7zwS35ojZxUcvvXj6KxBWT8RoKL71mSoX2TE9PECq,the Snapping Bug,NA,the Snapping Bug,Misc tunes,NA,NA,NA,publicdomain,0.0,0,0,2,1,1,0,36,216,6.0,False,2.6556279476729983,1.0,0.9049479166666666
QmevGknX6WXcotyvdgKUHHVrcYaQZX7doke5ZwtTRCBP5Z,The Snood,Hey the bonnie Breast-knots,the SNOOD,Misc tunes,NA,NA,NA,publicdomain,0.0,0,0,3,1,1,0,42,152,3.619047619047619,False,2.716634637111069,1.0,0.9645833333333332
QmXYyEWKe3XYZkjmDzVVJMkFWExVoWpVZWhrvb9Mx3VL8K,The Snood,Bonny Breast Knot (1) (The),the SNOOD,Misc tunes,NA,NA,NA,publicdomain,0.0,0,0,2,1,1,0,32,120,3.75,False,2.698037135167351,1.0,0.9583333333333334
QmRTEyZpszFYyCsEMxRBofCDudmNZHikKFpHxt1UXJ9ka6,the Snow Lay on the Ground,NA,the Snow Lay on the Ground,Misc tunes,NA,NA,NA,publicdomain,0.0,0,0,14,1,1,0,36,88,2.4444444444444446,True,2.5968747319204173,1.0,0.9103260869565216
QmciZNNNxSNGKjr2Bz5BJmZtU7rwbF4kcFYnhpzesJn89L,The snow was drifting over the hill (Palmer) - H. R. Palmer,NA,The snow was drifting over the hill (Palmer),H. R. Palmer,NA,classical,NA,publicdomain,0.0,0,0,4,1,1,0,19,256,13.473684210526317,False,2.534224220798031,0.99609375,0.9122023809523808
Qmb6zmiArsdG4oSDqrj41GhvRP65RPzMUDtV45jHEaJAwU,The snow was drifting over the hill (Williams) - W. A. Williams,NA,The snow was drifting over the hill (Williams),W. A. Williams,NA,classical,NA,publicdomain,0.0,0,0,4,1,1,0,24,220,9.166666666666666,False,2.437126934399692,1.0,0.925
QmUy2TVfXLc8RvjdfaD4r8eJ3nJZZNcRkrYMUdApyKqwyL,The Snowy Breasted Pearl,NA,The Snowy Breasted Pearl,Misc tunes,NA,NA,NA,publicdomain,0.0,0,1,12,1,1,0,18,103,5.722222222222222,False,2.719404030136402,1.0,0.9166666666666666
QmWgbY3G4yE1VeH6eU8mMjzkfyZK28tWwRhji2ZuYr8Uah,The Snowy-Breasted Pearl (air) 0512,NA,The Snowy Breasted Pearl,Misc tunes,after Sg't. J. O'Neillmoderate,NA,NA,publicdomain,0.0,0,0,7,1,1,0,21,79,3.761904761904762,False,2.6654497731640703,1.0,0.8928571428571429
Qmb9iax8ntr32xm7R9jeVP9n3ttqBaeuGPcyKcoVm2DAzM,The Sod of Turf We Took to School,NA,The Sod of Turf We Took to School,Misc tunes,NA,NA,NA,publicdomain,0.0,0,0,2,1,1,0,40,152,3.8,False,2.35415708638315,1.0,0.9729166666666668
QmYs5VUe7FFuyxUfREnmuDiY7S8zC7VAFFsbmh8yBZXLYx,the Soldier's Joy,NA,Soldier's Joy,Misc tunes,NA,NA,NA,publicdomain,0.0,0,1,5,1,1,0,36,256,7.111111111111111,False,2.4790147008722765,1.0,0.94921875
QmXXbw2H8Axwd4Rp1HVojfcqTY5qaES7hkyaPko3dUhk8t,The Soldier's Joy,NA,Soldier's Joy,Misc tunes,NA,NA,NA,publicdomain,0.0,0,0,1,1,1,0,45,276,6.133333333333334,False,2.4656083302063445,1.0,0.953125
QmR77PEaVhKFJ8UpV3VqQAoeE5HXy4zNwheXhe3DrfxEzt,The SOLDIER'S RETURN,The Mill Mill OThe Cuba MarchThe Blue Eyed Stranger,The SOLDIER'S RETURN,Misc tunes,NA,NA,NA,publicdomain,0.0,0,0,1,1,1,0,18,94,5.222222222222222,False,2.6663148917599555,1.0,0.9375
QmaKqURL5z6hiqgYWQRKL5iZBmg8thY5B2Vz8aqkGuGiCH,The Soldier's Return,NA,The SOLDIER'S RETURN,Misc tunes,NA,NA,NA,publicdomain,0.0,0,0,9,0,3,0-0-0,20,256,12.8,False,2.680017638897743,1.0,0.9229166666666666
QmaA1JmQzS5bka9NExaswucUjMukaXW5RHZkmQd6G52KHT,The Soldier's Song,Amhr'an na bhFiann,The Soldier's Song,Misc tunes,NA,NA,NA,publicdomain,4.83,3,0,154,1,1,0,40,154,3.85,False,2.7272491479731817,1.0,0.9481837606837606
QmaonSKTsnyU8Art6Skqi7Rg4wzCQ8ij51G6n8hbz3k9Z6,The soldiers are gathering from near and from far - J. B. Herbert,NA,The soldiers are gathering from near and from far,J. B. Herbert,NA,classical,NA,publicdomain,0.0,0,0,4,2,1,0,25,379,15.16,False,2.787396701526458,0.9656992084432716,0.9375
QmZynU1J8J7eECmzTLDuyBdFJX1TveEKiZJFVWaCq84awx,The Soldiers Return CYMRU,NA,The Soldiers Return CYMRU,Misc tunes,NA,NA,NA,publicdomain,0.0,0,0,4,1,1,0,36,334,9.27777777777778,False,2.5556820202022674,1.0,0.8346354166666666
QmPVovHoUBviLSjQWh82sCVCtLigLkDz1kxFivrWYaSxgX,The Soldiers Return. RH.470,MillMill Oaka. RH.470Blue-eyed Strangeraka. RH.470,The Soldiers Return. RH.470,Misc tunes,NA,NA,NA,publicdomain,0.0,0,0,9,1,1,0,36,188,5.222222222222222,False,2.664127083360917,1.0,0.9251302083333334
QmPPSxeDPnRB7viHqQqfPtqaP8a1jQs2QMQm2LHTZ2qtoj,The Somerset Wassail Verse 5,NA,The Somerset Wassail Verse 5,Misc tunes,NA,NA,NA,publicdomain,0.0,0,0,2,1,1,0,27,72,2.6666666666666665,False,2.7549722205353424,0.9861111111111112,0.9602272727272728
QmQ5kgBzaZgJrUKyp8VzHrUEEXtRa8SPoWyzRPCg6FwJTU,THE SON OF GOD COMES (Arabic),NA,THE SON OF GOD COMES (Arabic),Misc Traditional,NA,folk,NA,publicdomain,0.0,0,0,15,1,1,0,12,53,4.416666666666667,False,2.544785563051324,0.9622641509433962,0.9722222222222222
QmXFSnbbPgtA4MsPZkxrPDns2tiaqoeYLBNikBVW4EZN8q,The Son of God goes forth to war (Babcock) - Maltbie D. Babcock,NA,The Son of God goes forth to war (Babcock),Maltbie D. Babcock,NA,classical,NA,publicdomain,0.0,0,1,17,1,1,0,20,222,11.1,False,3.041610392309758,0.9369369369369368,0.969758064516129
QmaSUKqdFPANvKBqiyvQp8UGbC81K7S8tRNNb1ckksvmCg,The Son of God goes forth to war (Geibel) - Adam Geibel,NA,The Son of God goes forth to war (Geibel),Adam Geibel,NA,classical,NA,publicdomain,0.0,0,0,48,1,1,0,27,362,13.407407407407408,False,3.081804645484564,0.9226519337016574,0.9675
QmWNruAa2vgJJjnae5vuFkXXxft1yPeWNTJLHyVXbpg9ok,The Son of God has died for thee - George C. Stebbins,NA,The Son of God has died for thee,George C. Stebbins,NA,classical,NA,publicdomain,0.0,0,0,5,2,1,0,19,252,13.263157894736842,False,2.6322891690956105,0.9642857142857144,0.925595238095238
QmdE3zvphL5rtcYCDuRAag8pBEbdnRaATLiVxuuTun9qyQ,The Son of Man is passing by - Howard E. Smith,NA,The Son of Man is passing by,Howard E. Smith,NA,classical,NA,publicdomain,0.0,0,0,4,1,1,0,19,254,13.36842105263158,False,2.694900247146435,0.984251968503937,0.93359375
QmYXHPkPdZUDwirkTnPg3W6rrKCpdZQKLpUZAorehvGmjR,The Song,NA,NA,NA,Lia Weiss,NA,NA,cc-zero,0.0,0,1,42,1,1,0,9,52,5.777777777777778,False,2.732522818528678,1.0,0.9537037037037036
QmQCr9LwNPT4GW8vTC8gTXAAFRFTxSo3TZGUoWYxhaZK9M,The Song Of Sound And Silence,NA,NA,NA,Bianca Washington,NA,awesome-lit-dope,cc-zero,0.0,0,1,722,2,1,0,16,170,10.625,False,3.560185483197892,0.6411764705882353,0.94921875
QmUSmsaAg9u3saYra85cABEdxgRx23gzbr6PHLCLHSmsiu,The Song Of The Riddles,NA,The Song Of The Riddles,Misc tunes,NA,NA,NA,publicdomain,0.0,0,0,1,1,1,0,35,89,2.5428571428571427,False,2.227047406443667,1.0,0.9620098039215688
QmZ4KGH9oCjAEQwrVrdATWsRqRszDxR5TQmry7JZsw8eE1,The Song of the Riddles,NA,The Song Of The Riddles,Misc tunes,NA,NA,NA,publicdomain,0.0,0,0,4,1,1,0,17,63,3.7058823529411766,False,2.2194704907507363,1.0,0.90625
QmegAcjQB4bBSagqzXuNSH1ahy1pYQQgJnMFYJpxctGacE,The soul hath a hope ever dear - R. M. McIntosh,NA,The soul hath a hope ever dear,R. M. McIntosh,NA,classical,NA,publicdomain,0.0,0,0,5,1,1,0,21,319,15.19047619047619,False,2.4585393481943014,1.0,0.8958333333333334
QmSHPxd5CgPPWzdUu2KnfwU5z9VDhdJrjMk8XBRYqcV1MD,The souls of the righteous - Stanley Marchant,NA,The souls of the righteous,Stanley Marchant,Stanley Marchanted. R Bolyard 2016,classical,NA,publicdomain,0.0,0,0,9,0,2,0-0,55,240,4.363636363636363,True,3.028532414346569,0.9155555555555556,0.9795597484276728
QmYoZ6TaqmWnqXJ1rAaQbWcxKtyPG4A1wfKPFRyNqfMq8H,The sound of his footsteps,NA,The sound of his footsteps,Misc tunes,Chippewa Songs 1910,NA,NA,publicdomain,0.0,0,0,13,1,1,0,37,70,1.891891891891892,False,1.8592330790448144,1.0,0.8958333333333334
QmaPMXkot5JaZvWvgndJ4KFrVNkCE4nWRpUyvPKGtmWwrc,The Sound of Music,NA,The Sound of Music,Anri Nishida,Richard RodgersArr. Claudia Scardigli,NA,NA,cc-zero,0.0,0,3,19,0,5,0-0-0-0-0,50,513,10.26,False,3.0135817883898954,0.9301397205588824,0.9552951388888888
QmU4xAgYYodfUvWex7fdExALZWprRKmEghpwqJgXiVsxHt,The Sound of Music (Sonrisas y lágrimas) Do Re Mi,Sonrisas y Làgrimas The Sound of Music,Do-Re-Mi,Rodgers & Hammerstein,Richard Rodgers (1902-1960),classical-soundtrack,thesoundofmusic-sonrisasylgrimas-doremi-pianofcil-easypiano-piano-withthetwohands,cc-zero,4.6,32,70,2414,1,1,0,21,153,7.285714285714286,True,2.9680815052557983,0.954248366013072,0.9196428571428572
QmZov5v5SSbLxJFWGPcmVDYqo5Prj3bU2VGg8zknZmZnL6,The Sound Of Music Easy Piano Score,NA,The Sound Of Music Easy Piano Score,Joshua667746,NA,NA,thesoundofmusic-soundofmusic-music-sound-easypianoscore-piano-score-pianoscore-joshua,cc-zero,4.86,12,17,1043,0,3,0-0-0,69,1018,14.753623188405795,False,2.94037280085142,0.9456066945606696,0.9690563725490196
QmYfLP7473TRjeXdfTgjJJ7SHmKLcTG7qSbZqa5fwsZ4Hm,The Sound of Silence,Simon & Garfunkel,the sound of silence,Simon & Garfunkel,Arr.: Riley W.,folk,NA,cc-zero,4.53,92,328,4597,1,1,0,52,511,9.826923076923077,False,2.552206954452267,1.0,0.9628267973856208
QmS7eCScya4fTF9r3Q1ai3hKerkYKUvfMAPaPgQnhrC618,The sound of silence piano,NA,the sound of silence,Simon & Garfunkel,NA,folk,NA,cc-zero,4.69,111,239,3307,1,1,0,22,235,10.681818181818182,False,2.5647283233482128,1.0,0.9924242424242424
QmdqMBgSdQLfeJYjDkpHoU4ooxFGnZYNoZmTjcH2WZQWBc,The Sound Of Speed II,Wait. There is MORE??,The Sound Of Speed II,FunBoy07,Owen Lenton,NA,NA,cc-zero,0.0,0,1,30,2,1,0,146,3130,21.438356164383563,False,2.149252049861601,1.0,0.944920091324201
QmRUKRXe2sLzYkdvwRXRSMifN5GbP5v528WjvRNLdEQysU,The Sounds of the Sea,NA,NA,NA,Aryan Vaswani,NA,NA,cc-zero,0.0,0,0,312,2,1,0,32,851,26.59375,False,2.756467992501835,1.0,0.9127604166666666
QmRNomkCU952kNQGwUn9MceaPgNP3qnxutm4XrAxnTzuqw,The Soutars of Cromarty CYMRU,NA,The Soutars of Cromarty CYMRU,Misc tunes,P/M G.S. MacLennan,NA,NA,publicdomain,0.0,0,0,7,1,1,0,72,654,9.083333333333334,False,2.6177092154433943,1.0,0.7969858156028369
QmRsC8Nxc2F96ABa1jVfT22Tdm6gCJxVskR3oQjUncpYam,The South Bridge of Edinburgh,The Haddington Assembly,The South Bridge of Edinburgh,Misc tunes,NA,NA,NA,publicdomain,0.0,0,0,4,1,1,0,36,160,4.444444444444445,False,2.6941125669678905,1.0,0.9427083333333334
QmYbGRFSjqarvRZeKDBPDQUVKP2jUrQSag5RdjBr1iXKdT,The South Fencebles Quick Step. JBut.379,Quick Step South Fencibles aka. JBut.379Gloucester Regimentaka. JBut.379 TheBobby Shaftoaka. JBut.379,The South Fencebles Quick Step. JBut.379,Misc tunes,NA,NA,NA,publicdomain,0.0,0,0,2,1,1,0,32,140,4.375,False,2.5992680313658525,1.0,0.9388020833333334
QmWazJKadCyFQFxwU1Dq91L8kV8cAp3bgA62w2VKqdgarH,The South Wind,An Gaoth AndheasAn Gaoth AneasAn Gaoth AnneasAn Ghaoth Aniar AneasSouthwindWind From The South The,The South Wind,Misc tunes,NA,NA,NA,publicdomain,4.83,3,1,59,1,1,0,100,257,2.57,False,2.7354437213809373,1.0,0.906539351851852
QmSsXdzwRf6B1Yk4VhRGdKJqJ6axFSj1CzHMQCs3NLkXqY,The Southern Breeze (song) 0510,NA,The Southern Breeze (song) 0510,Misc tunes,after Sg't. J. O'Neillbriskly,NA,NA,publicdomain,0.0,0,0,5,1,1,0,18,80,4.444444444444445,False,2.607091223358524,1.0,0.9409722222222222
QmTpMiw3uxYhXPjtcZhjdkhP2zGBUJoKr8hX3TRGLH9Zx6,The Southwark Grenadiers trumpet tune,NA,The Southwark Grenadiers trumpet tune,Misc tunes,NA,NA,NA,publicdomain,0.0,0,0,1,1,1,0,36,130,3.611111111111111,False,2.4195565961777628,1.0,0.935483870967742
Qmaf8z4LBpYHd7JcgVmhFThEYtgdX3zHvzh5GvMsTQTxob,The spacious firmament on high (tune name CREATION) - Joseph Haydn,NA,The spacious firmament on high (tune name CREATION),Joseph Haydn,Arr. from F. J. Haydn,classical,NA,publicdomain,0.0,0,0,192,0,1,0,33,93,2.8181818181818183,True,2.589656065883536,1.0,0.9791666666666666
QmcUW7MMNTiJth4xzg9BHEnjTGfiWRW2Mj78EYoAqvyRRr,The spacious firmament on high - O. B. Bird,NA,The spacious firmament on high,O. B. Bird,NA,classical,NA,publicdomain,0.0,0,0,32,2,1,0,26,514,19.76923076923077,False,2.620488837327786,0.990272373540856,0.921875
QmT99Gf4apEcVURRsrrsKEtGSuTTtzKBY1wuV71BKuR6ZV,The Spaniard. (p)1651.PLFD1.095,NA,The Spaniard,Misc tunes,NA,NA,NA,publicdomain,0.0,0,0,1,1,1,0,16,100,6.25,False,2.626581234665025,1.0,0.9548611111111112
QmWYHDdi9qMaiMdC9VCqRNZSX8Tidw7LwGsTzzSc9oQnfd,The Spanish Armada,NA,The Spanish Armada,Misc tunes,NA,NA,NA,publicdomain,0.0,0,0,1,1,1,0,16,108,6.75,False,2.504591792582523,1.0,0.953125
QmayxQsAAVesP2PhSzMusvhFdWuJLhGKKwYKAuCPRJr61C,The Spanish Gipsy. (p)1651.PLFD1.096,NA,The Spanish Gipsy. (p)1651.PLFD1.096,Misc tunes,NA,NA,NA,publicdomain,0.0,0,0,3,1,1,0,34,124,3.647058823529412,False,2.5008951341047645,1.0,0.9348958333333334
QmevbowRAf94BXhuJuVh6G4Wne9V6sFjpPnkSEgKM43v4i,The Spanish Patriots or ... Roose.0998,Miss Fenton's Favourite. Roose.0998,The Spanish Patriots or ... Roose.0998,Misc tunes,NA,NA,NA,publicdomain,0.0,0,0,5,1,1,0,36,222,6.166666666666667,False,2.637002144975841,1.0,0.923828125
QmcQZwacEHaYC69k1ohQPSSxijen5cg4cHGCKHVRbxiFtC,The Spectre + On My Way,NA,The Spectre + On My Way,Kai Mun See,Composed by Alan WalkerArranged by Jun SernTranscribed by Kai Mun,NA,NA,cc-zero,0.0,0,2,123,2,1,0,163,1131,6.938650306748467,False,2.70485007218992,1.0,0.9840534979423868
QmZNwzN5GYH7R6tBNQsrnyGy4CgSrnD8kFvAtePgS3ijVA,The Spirit came in childhood (Northup) - E. G. Northup,NA,The Spirit came in childhood (Northup),E. G. Northup,NA,classical,NA,publicdomain,0.0,0,0,7,2,1,0,36,423,11.75,False,2.5630063329508346,0.9929078014184396,0.9001736111111112
QmdvcA1pALA6tyZP8BBQ7xgKKC3456VX1iV2Q7bjYWA5FZ,The Spirit in our hearts (Rider) - Geo. H. Rider,NA,The Spirit in our hearts (Rider) - Geo. H. Rider,Geo. H. Rider,NA,classical,NA,publicdomain,0.0,0,0,2,1,1,0,17,216,12.705882352941176,False,2.413760039708288,0.9907407407407408,0.9348958333333334
QmUkmp3SFqzfXrrDhZM4uuYDy9uWMJ3vawBFNLFXsLd6r3,The Spirit in our hearts Is whisp'ring sinner come - G. F. Root,NA,The Spirit in our hearts Is whisp'ring sinner come,G. F. Root,NA,classical,NA,publicdomain,0.0,0,0,4,1,1,0,23,261,11.347826086956522,False,2.7600754896464275,0.946360153256705,0.9541666666666668
QmU6Ao1tqb6MXE9GLqnMgQLSmCvEJoeJcDKWMfTCKQdvZs,The Spirit is softly calling - W. H. Doane,NA,The Spirit is softly calling,W. H. Doane,NA,classical,NA,publicdomain,0.0,0,0,4,1,1,0,32,411,12.84375,False,2.641544901175426,0.9805352798053528,0.9083333333333332
QmTvGAVekSftDifuNqpzX8M18C6XiXp3kb58WGsZQLLhzj,The Spirit Of Whiskey,NA,The Spirit Of Whiskey,Misc tunes,NA,NA,NA,publicdomain,0.0,0,0,3,1,1,0,20,163,8.15,False,2.613971961347169,0.9877300613496932,0.9479166666666666
QmbyYu1HBNZbhsHDaM71yDfZRkr4rqRfcx9dGPD8xHSCWX,The Spirit once came to an innocent child - Gertrude Manly Jones,NA,The Spirit once came to an innocent child,Gertrude Manly Jones,NA,classical,NA,publicdomain,0.0,0,0,11,2,1,0,19,309,16.263157894736842,False,2.71871372694661,0.964401294498382,0.8958333333333334
QmXiyBCAqtbK4pXJYzUpTH57E6LPqXh1h5DLknGGJ1qgaz,The Spirit pleads again with you - R. E. Winsett,NA,The Spirit pleads again with you - R. E. Winsett,R. E. Winsett,NA,classical,NA,publicdomain,0.0,0,0,2,1,1,0,21,263,12.523809523809524,False,2.6756011679474803,0.988593155893536,0.9427083333333334
QmXTVvaCSA8mfkLcbEvPtFfbmgtxUvNWLk4kpB3TdAs2mK,The Splashing of the Churn (2),NA,The Splashing of the Churn (2),Misc tunes,NA,NA,NA,publicdomain,0.0,0,0,3,1,1,0,16,116,7.25,False,2.6681153941227813,0.9913793103448276,0.9236111111111112
QmRo6QecohQXgiSmJRBdrsdK7gCtbaXRTVLVcZ2i8Kazns,The Spoils of War (Advanced Piano Solo),Game Of Thrones OSTSeason 7 Episode 4,The Spoils of War,Ramin Djawadi,Composed by Ramin DjawadiPiano arrangement by Nicolas Del GalloFull playthrough and more athttps://www.youtube.com/c/NDGmusicIf you want to donate please check out my Patreon âºhttps://www.patreon.com/ndg,classical-soundtrack,ramin-djawadi-spoilsofwar-gameofthrones-season,cc-zero,4.91,9,17,600,3,1,0,174,4010,23.04597701149425,False,3.0740066071349754,0.8299200799200799,0.8476482617586912
QmVqVdVF4ubYM5fBQPJyRCBqzon1jW6QcgH1Lexg97JNyh,The Sport Of The Chase,NA,The Sport Of The Chase,Misc tunes,NA,NA,NA,publicdomain,0.0,0,0,1,1,1,0,178,1337,7.51123595505618,False,2.831540837258581,0.9798055347793568,0.8958333333333334
QmWa3t6rKAXkHjraEY4hhVzCNcC6nmLXLXa57jMSTFoEy9,The Sporting Days Of Easter,Micho Russell's,The Sporting Days Of Easter,Misc tunes,NA,NA,NA,publicdomain,0.0,0,0,1,1,1,0,16,114,7.125,False,2.5199312076485243,1.0,0.9127604166666666
QmRf7ae2QcjRnri44NnYBfse1tPheNUuLPKsHjYLGMWUaB,The Spot where my Forefathers dwelt,Mo Dhuthchas,The Spot where my Forefathers dwelt,Misc tunes,NA,NA,NA,publicdomain,0.0,0,0,2,1,1,0,18,135,7.5,False,2.4269311975413035,1.0,0.8658854166666666
QmaPxZbiZMb5tC1A7p85k3oo1Pp1fPvhjS8TPCaMAjW6gx,The Spotify Wrap-Up,NA,The Spotify Wrap-Up,riverrichart,NA,NA,NA,cc-zero,0.0,0,0,13,1,1,0,8,96,12.0,False,2.8473927001322394,0.9375,0.9453125
QmZrN3FgpbBGBZ7tMy6mDCHgQBmmcwUMihiX84Xdr27uMb,The Spotted Cow,An Bo Breac,The Spotted Cow,Misc tunes,collected by F.O'Neill,NA,NA,publicdomain,0.0,0,0,8,1,1,0,72,417,5.791666666666667,False,2.3648150557516456,1.0,0.9722222222222222
QmTzAxwKCbZnSEDVNHuHtHcoqsw4kMca9Ej3HM9aVyAiW3,The Spotted Cow,NA,The Spotted Cow,Misc tunes,Mrs. Bowker Sunderland Point Lancashire c. 1909,NA,NA,publicdomain,0.0,0,0,15,1,1,0,52,186,3.576923076923077,True,2.921568925473344,0.9516129032258064,0.9493243243243245
QmSBncq5sXAwKWGq2ADVq2gG7NJaZxJBn7eDCMESNxVfEm,The Sprig of Ivy,NA,The Sprig Of Ivy,Misc tunes,Joe Buchanan's Scottish Tome - Page 334.0,NA,NA,publicdomain,0.0,0,0,98,1,1,0,116,718,6.189655172413793,False,2.577874580096423,1.0,0.8658333333333333
QmNit5bTJvxG57MsxKnS5sMeAwrbktCpv6cNNbBo6e24Wh,The Sprig Of Ivy,NA,The Sprig Of Ivy,Misc tunes,NA,NA,NA,publicdomain,0.0,0,0,26,1,1,0,70,436,6.228571428571429,False,2.51866064041241,1.0,0.9329427083333334
QmQ268idbTLwdBYDLV6456FzawtMfSKhPogoPm92YDD5iT,The Sprig of Shillela. WES.087,Banks of the Deeaka WES.087New Lango Leeaka WES.087,The Sprig of Shillela. WES.087,Misc tunes,NA,NA,NA,publicdomain,0.0,0,0,2,1,1,0,27,136,5.037037037037037,False,2.675848867611282,1.0,0.9745370370370372
QmZe6JQMNTtXiXW9L4JavGsbZQi4ELjSZSH86sbPAesXJs,The Sprig of Shillelah. JC.214,Black Joke.aka. JC.214,The Sprig of Shillelah. JC.214,Misc tunes,NA,NA,NA,publicdomain,0.0,0,0,1,1,1,0,20,103,5.15,False,2.702705823832755,1.0,0.921474358974359
QmcfJpSLkk3WwyBPo94jNzkDtBPPHfMGK7hzDVTjXeLkXJ,The squire & fair maid - hoskins,NA,The squire & fair maid - hoskins,Misc tunes,Taken down from J. Hoskins by H.Fl.S. 1888.,NA,NA,publicdomain,0.0,0,0,1,1,1,0,38,141,3.710526315789474,False,2.6064416917616944,1.0,0.9498697916666666
QmdJRrXdyxaA313HMKhn8WBfwCce4i4Q9gVq4DtMEKVwt3,The Squirrel Hunter's Q.S. +,NA,The Squirrel Hunter's Q.S.,Misc tunes,NA,NA,NA,publicdomain,0.0,0,0,3,1,1,0,36,198,5.5,False,2.567256860475563,1.0,0.921875
QmStgXotdDrADpy55MRGF4wkvQV2xktAbgjmZuvF7vdSeC,The Stack of Barley,NA,The Stack Of Barley,Misc tunes,NA,NA,NA,publicdomain,0.0,0,0,2,1,1,0,81,521,6.432098765432099,False,2.711079457303798,1.0,0.9453125
QmNzALpVMPP3eS9djQ6uYeKQReFWDvnEmFvyKst4CVGsi2,The Stack of Barley,NA,The Stack Of Barley,Misc tunes,NA,NA,NA,publicdomain,0.0,0,0,5,1,1,0,72,460,6.388888888888889,False,2.710788178483156,1.0,0.9456380208333334
QmYf7sHJ92ajxsAxEiFqCfHnpd7X8GK4FRK2QqFDBbndst,The Stack Of Oats,NA,The Stack Of Oats,Misc tunes,NA,NA,NA,publicdomain,0.0,0,0,2,1,1,0,35,151,4.314285714285714,False,2.7649715227926825,0.9933774834437086,0.92578125
QmNW6sDc5Q7TdjWBR9s6oGDBtHe4MSENWHy5tv5KZKT5aQ,The Stack Of Oats,NA,The Stack Of Oats,Misc tunes,NA,NA,NA,publicdomain,0.0,0,0,2,1,1,0,35,231,6.6,False,2.8560751663847985,0.9783549783549784,0.9166666666666666
QmRwBEMHo5S2AiS33Q5ZaqiNiK4qvXnjx1AF56YjEhDsKZ,The Stack Of Rye,NA,The Stack Of Rye,Misc tunes,NA,NA,NA,publicdomain,0.0,0,0,1,1,1,0,36,222,6.166666666666667,False,2.4998325876430645,1.0,0.9466145833333334
QmeXUKFWpcaCnj9Gc9ugcxsMuAJJcCUb9Zc9cYFzbFDiQy,The Stack Of Rye,NA,The Stack Of Rye,Misc tunes,NA,NA,NA,publicdomain,0.0,0,0,6,1,1,0,36,242,6.722222222222222,False,2.642592586348586,0.975206611570248,0.9114583333333334
Qmaz4BqCiNWX2rJKUEBrK6XZ6WJuhBQKFqga2FknpWbVYs,The Stack of Wheat,The Little Stack of Wheat,The Stack of Wheat,Misc tunes,NA,NA,NA,publicdomain,0.0,0,0,4,1,1,0,45,316,7.022222222222222,False,2.4778107559645264,1.0,0.9510416666666668
QmW2fqGnga22Cr2LWB5EGyNTQumUC5ha8knHDQoHsHvNC6,The Staff In The Baggot,NA,The Staff In The Baggot,Misc tunes,NA,NA,NA,publicdomain,0.0,0,0,1,1,1,0,48,366,7.625,False,2.7565273693882704,1.0,0.9678819444444444
QmafTZC2D5NNBpbFMZruwgMYR8GJ5qPSUXDStx6GAAni4C,The Stag Hunt or .... Roose.0165,Windsor Amusement. Roose.0165 The,The Stag Hunt or .... Roose.0165,Misc tunes,NA,NA,NA,publicdomain,0.0,0,0,7,1,1,0,32,164,5.125,False,2.787840690064316,0.9878048780487804,0.9505208333333334
QmT1LrPCfjZu1YiT6mt2Tbzp5HuZJzC1mTS5o63Whoxk7H,The Stageaka. Roose.1012,Grimaldi's Hpaka. Roose.1012Pet of the Houseaka. Roose.1012Hornpipe. Roose.1012,The Stageaka. Roose.1012,Misc tunes,NA,NA,NA,publicdomain,0.0,0,0,3,1,1,0,36,224,6.222222222222222,False,2.710249244118528,1.0,0.9720052083333334
QmfJqgcnaFysvRnWmExoZvT7FZUhHuLd3sakUxCwxAF368,The Stand (1994) - Headin' West,The Stand,Headin' West,W. G. Snuffy Walden,W. G. Snuffy Walden,NA,NA,cc-zero,0.0,0,3,104,1,1,0,21,137,6.523809523809524,False,2.542555992331692,0.9854014598540146,0.9305555555555556
QmbTD7cpgnSn331X14MBxGmy3ija25Vwj6GwA8b1eH8gqR,The standard of the Lord among his people - Adam Geibel,NA,The standard of the Lord among his people,Adam Geibel,NA,classical,NA,publicdomain,0.0,0,0,4,2,1,0,18,344,19.11111111111111,False,2.844099469764198,0.9563953488372092,0.91796875
QmaebhCesgyCvXjU6ogw7r52itQrwuehi7BYW8Dwe92dbr,The Star And The Green Stone,NA,The Star And The Green Stone,Misc tunes,NA,NA,NA,publicdomain,0.0,0,0,4,1,1,0,59,326,5.52542372881356,False,2.798312879237255,0.9846625766871164,0.9933943089430894
QmY1MaWBGeKFWKmHrrC9yhgvVvYDHWxf6iX3cA9JjYe1MF,The star of Kilkenny,NA,The Star Of Kilkenny,Misc tunes,anon.,NA,NA,publicdomain,0.0,0,0,1,1,1,0,38,250,6.578947368421052,False,2.726955510779868,1.0,0.9700520833333334
QmPUFvsdSryGJc8dybXHhvq6FewZoswcZcLpfTbJdy3aeJ,The Star Of Kilkenny (reel) 1349,NA,The Star Of Kilkenny (reel) 1349,Misc tunes,after Mr. McNamara,NA,NA,publicdomain,0.0,0,0,2,1,1,0,29,187,6.448275862068965,False,2.802854450151936,0.9893048128342246,0.9791666666666666
QmeDr2mdt9M9ZadDLvsZjj28jrwfKDGjcoRjSoTbLE94AT,The Star of Munster,NA,The Star Of Munster,Misc tunes,NA,NA,NA,publicdomain,0.0,0,0,4,1,1,0,64,489,7.640625,False,2.8089869391996776,0.9591002044989776,0.9456380208333334
QmZDaWoYmUKKv2w3dz7hSYMEbZUH9W1Tp4bLu2Rde2xC5b,The Star Of Munster,NA,The Star Of Munster,Misc tunes,NA,NA,NA,publicdomain,0.0,0,0,1,1,1,0,50,405,8.1,False,2.682099671335719,0.977667493796526,0.9202127659574468
QmTQ1jxXtRRSNJo3jyK8BwvhnzhqihGA9d9A6t1Mg9445y,The Star Of Munster,NA,The Star Of Munster,Misc tunes,NA,NA,NA,publicdomain,0.0,0,0,1,1,1,0,33,257,7.787878787878788,False,2.7247578788148927,0.9221789883268484,0.986328125
Qmf53gviXfbMApVJPLafpj1EWuCKtvm7F1gTLRft71TEJL,The Star Of Munster (reel) 1218,NA,The Star Of Munster,Misc tunes,after Chief F. O'Neill,NA,NA,publicdomain,0.0,0,0,4,1,1,0,18,125,6.944444444444445,False,2.8297734719589225,0.952,0.9778645833333334
QmRisTaCk3Bz4bvhBCWe5WMXgeUm2RBqQqBiK83XKa68D9,The Star of the County Down jig,NA,The Star Of The County Down,Misc tunes,NA,NA,NA,publicdomain,0.0,0,0,4,1,1,0,27,114,4.222222222222222,False,2.4950441512855512,1.0,0.9276960784313726
QmTaPofgB7Tae1JeF7u7LmgvK9m2WacbSpe2njXFLzWW4Q,The Star Spangled Banner - Full Score,NA,the star-spangled banner,John Stafford Smith,NA,classical,NA,cc-zero,0.0,0,2,44,0,4,0-0-0-0,33,410,12.424242424242424,False,2.790263263266086,0.9748603351955308,0.9383680555555556
Qmc1fUWeRjqbJjMqjS4uBmDdyo1GcgDUhRiavhNan899QX,The Star Spangled Banner EASY,NA,the star-spangled banner,John Stafford Smith,NA,classical,easynationalanthemusa-nationalanthemusa-easystarspangledbanner-easysongs-easy-easy-easy,cc-zero,4.28,4,10,367,1,1,0,26,200,7.6923076923076925,False,2.750467132250946,0.985,0.952724358974359
QmR31YtALrjwTWw6fxE1ZzRMYEA6J6WHNyq6u35dUvkvFa,The Star-Spangled Banner - John Stafford Smith,NA,the star-spangled banner,John Stafford Smith,NA,classical,NA,publicdomain,0.0,0,0,47,0,4,0-0-0-0,33,519,15.727272727272728,True,2.7899319334732566,0.9774436090225564,0.9418402777777778
QmQJ5MnvjcXiscqsGrnPxiqKPSuyd5hQFc35jzWgJkDqN6,The Star-Spangled Banner for Solo Piano,NA,the star-spangled banner,John Stafford Smith,John Stafford Smith arr. Sergey Rachmaninoff,classical,thestarspangledbanner-rachmaninoff-piano-solo-americananthem-usaanthem,cc-zero,4.77,37,71,2223,2,1,0,33,615,18.63636363636364,False,2.8244437567621445,0.9736842105263158,0.9382440476190476
QmUVF6hCiitDpGFv631D76V8tGHcfTjxVEaVR6UytpfxKc,The Star-Spangled Banner Service Edition,Service Version,NA,NA,Francis Scott Key - att. John Stafford Smith,NA,nationalanthem,publicdomain,0.0,0,11,467,2,1,0,33,349,10.575757575757576,False,2.790605862318903,0.971264367816092,0.9353448275862069
QmUTu2F9NpJmPPN3uFS9sdPJPSV6C97KmQQSpTbDMXZB69,The Starry Nights of Shetland 2,NA,The Starry Nights Of Shetland,Misc tunes,Joe Buchanan's Scottish Tome - Page 621.1,NA,NA,publicdomain,0.0,0,0,8,1,1,0,33,71,2.1515151515151514,False,2.7442207875366287,1.0,0.957427536231884
QmWuXCCa1du4cFvkbGn2AuLtA2vAcrUwKEFjCrxf7LxRt7,The stars shone bright that Christmas night - M. E. Kunsman,NA,The stars shone bright that Christmas night,M. E. Kunsman,NA,classical,NA,publicdomain,0.0,0,0,7,1,1,0,9,64,7.111111111111111,False,2.469522335565046,1.0,0.9826388888888888
QmSLrCNrvsikwsforGSMEwgVu9r8CgXNM6x5mq8kYqFdMc,The start,Matura Arbeit,The start,jessienelson0,Jessica Nelson,NA,composing-start-new-music-school-life-songcycle,cc-zero,0.0,0,1,22,1,1,0,40,564,14.1,False,2.951989198269551,0.8865248226950354,0.96875
Qmagjo3yYrCoXs2vWq37hte1TWrKKqpkHhzuwN4YTLPpZj,The Statistician,NA,The Statistician,Misc tunes,NA,NA,NA,publicdomain,0.0,0,0,1,1,1,0,36,272,7.555555555555555,False,3.127452624538318,0.8970588235294118,0.9095052083333334
QmU5q39sWMvH6x5qFXkXPWZLGmGUYhhcLjiCpvGunf7URp,the Steeple Clock,NA,The clock in the steeple,Misc tunes,NA,NA,NA,publicdomain,0.0,0,0,2,1,1,0,20,114,5.7,False,2.630145498983348,1.0,0.9424019607843136
QmdSzJTdU1dpEmAyGruWb1W2KLSnza54ovmVg1XtpKK3Hp,The Still Small Voice,NA,The Still Small Voice,Misc Traditional,NA,folk,NA,publicdomain,0.0,0,0,10,2,1,0,20,374,18.7,False,2.3531425134220387,1.0,0.9154411764705882
Qmda4WvSZkirMHH6kqcUCF6FbNkEUimLRWyMa9yX5434p7,The still waters flow where He leadeth me - C. F. Green,NA,he leadeth me,Misc Praise Songs,NA,religiousmusic,NA,publicdomain,0.0,0,0,32,1,1,0,29,405,13.96551724137931,False,2.7743007106923403,0.9604938271604938,0.9418402777777778
QmU5d3yqUbZNEyk71ASA4QsxeLPLTKiRHs2nZBP8EdQj5W,The Sting - The Entertainer,NA,the sting - the entertainer,John Williams,NA,classical-soundtrack,NA,cc-zero,4.83,3,55,4197,0,2,0-0,76,6566,86.39473684210526,False,3.140901457402228,0.8837974683544304,0.9833333333333332
QmVLo7wHEqCM1LrbsdxnLLZRFtQZ4jbAr1ABCqpmA2DwF4,The Stone Court,NA,The Stone Court,Misc tunes,Joe Buchanan's Scottish Tome - Page 291.2-293.1AKA Miss Hadden's Reel,NA,NA,publicdomain,0.0,0,0,6,1,1,0,33,136,4.121212121212121,False,2.681519624014652,0.9926470588235294,0.911231884057971
QmPr1hY5Pi2PV5RW8yAP1W9KW8vUxF5jZHZGBE9BLAbaSe,The Stone In The Field,The Maid in the Meadow,The Stone In The Field,Misc tunes,NA,NA,NA,publicdomain,0.0,0,0,9,1,1,0,36,190,5.277777777777778,False,2.45826608331089,1.0,0.984375
Qmet4PdgqahuxPaXExekM6E1y55q39sYQ3QSrDUzgDmn97,The Stone Outside Dan Murphy's Door,NA,The Stone Outside Dan Murphy's Door,Misc tunes,NA,NA,NA,publicdomain,0.0,0,0,2,1,1,0,4,10,2.5,False,1.7609640474436812,1.0,0.9270833333333334
QmTSawiFrPEVcnweQtFYWQR6iF4XyKsN52peJS8FdxfSag,The Stone Outside Dan Murphy's Door,NA,The Stone Outside Dan Murphy's Door,Misc tunes,NA,NA,NA,publicdomain,0.0,0,0,9,1,1,0,25,121,4.84,False,2.748544612223249,1.0,0.9409722222222222
QmVxMVE4AYWSxp937FC2Xks4kRCXcVQXQMFBpkgv7cxY7U,The Stone Outside Dan Murphy's Door,NA,The Stone Outside Dan Murphy's Door,Misc tunes,NA,NA,NA,publicdomain,0.0,0,0,14,1,1,0,66,157,2.378787878787879,False,2.7290362495862173,0.9872611464968152,0.9453125
QmWV76bdZr8E1Q7q1LBcC72NJq9yLfBqdPu5vjdkmiHcNp,The Stool of Repentance,NA,The Stool Of Repentance,Misc tunes,Joe Buchanan's Scottish Tome - Page 277.2,NA,NA,publicdomain,0.0,0,0,5,1,1,0,43,210,4.883720930232558,False,2.627818112825409,1.0,0.9333333333333332
QmPPjPykfTn1Q6WrhF2jgiomJ8YEVPNuMuLGDxfu4ntQDu,The Stool Of Repentance,NA,The Stool Of Repentance,Misc tunes,NA,NA,NA,publicdomain,0.0,0,0,6,1,1,0,112,571,5.098214285714286,False,2.639805238633346,1.0,0.949156746031746
QmZFdXuz9rRj9dagohaNeiZEvMGsW247BuvzoAvPMgWB5y,The Stool Of Repentance,NA,The Stool Of Repentance,Misc tunes,NA,NA,NA,publicdomain,0.0,0,0,2,1,1,0,34,178,5.235294117647059,False,2.469532391376571,1.0,0.9678819444444444
QmTXkCwR1a3nzfbPCRrRuZEFbR8epXZ3hPFsWejWEtq3iG,The Stool of Repentance,NA,The Stool Of Repentance,Misc tunes,NA,NA,NA,publicdomain,0.0,0,0,3,1,1,0,41,223,5.439024390243903,False,2.6859395153631014,1.0,0.9409722222222222
QmXCBB1kuia2tqH1vuXApUCUQ8KQgbNxWxh7jH5BFczRkd,the Stool of Repentance,NA,The Stool Of Repentance,Misc tunes,NA,NA,NA,publicdomain,0.0,0,0,6,1,1,0,16,87,5.4375,False,2.6616341263705827,1.0,0.9444444444444444
QmU5F34XmyEXt9BD5TpBmA9kdCpmNMbYyxBSyCTXH983Ca,The Storm,NA,The Storm,davidli101,NA,NA,NA,cc-zero,0.0,0,1,38,2,1,0,114,1829,16.04385964912281,False,3.266141425833073,0.8286808976464148,0.9590978593272173
QmdY8zokHZDhSiJrvGYFTdcSUJA6H7N73GSr6bB4xnR9YZ,The storm is high but at the helm - H. H. McGranahan,NA,The storm is high but at the helm,H. H. McGranahan,NA,classical,NA,publicdomain,0.0,0,0,3,1,1,0,20,214,10.7,False,2.7659507581282208,0.9766355140186916,0.8802083333333334
QmVygsMNfaAq6zDYbCfu9nnCQuGsu2mEFReqPztdzHAWP6,The Stormount Lads is Walking,NA,The Stormount Lads is Walking,Misc tunes,NA,NA,NA,publicdomain,0.0,0,0,1,1,1,0,20,116,5.8,False,2.3128085830422367,1.0,0.9713541666666666
QmTxSyNSqhFU8bRfqdM9Lnk9cTL9gPTX6FHivC3mPpoDef,The Stormy Scenes Of Winter,NA,The Stormy Scenes Of Winter,Misc tunes,NA,NA,NA,publicdomain,0.0,0,0,2,1,1,0,17,76,4.470588235294118,False,2.925752617983511,0.9210526315789472,0.9305555555555556
QmTU6pF5msK6cKxHK6yF5vwyRBexxTCh2ohQFTRdN2bY7r,The Stormy Voyage (air) 0086,NA,The Stormy Voyage (air) 0086,Misc tunes,Unattributedspirited,NA,NA,publicdomain,0.0,0,0,3,1,1,0,18,66,3.6666666666666665,False,2.6156743677155823,0.9696969696969696,0.9583333333333334
QmdYwgt67QhphjmCDyoZ23sGrnH8bg7Y4rbHLxrxnk9sT1,The story of my pony,NA,NA,NA,NA,NA,NA,cc-zero,0.0,0,0,20,0,1,0,4,33,8.25,True,2.0067651556184765,1.0,0.9444444444444444
QmSnr7uMKup36Uj8ynB3iVuu9j5g5nhXe1JMPHENJvWTi9,The story oft we've heard - Lida Shivers Leech,NA,The story oft we've heard,Lida Shivers Leech,NA,classical,NA,publicdomain,0.0,0,0,5,1,1,0,26,312,12.0,False,2.8030059412970165,0.967948717948718,0.9541666666666668
QmRXeUf3cRLgFnfpABnFgGnoiJhfVKNDEohX7bQG237fKW,The Stranger,NA,The Stranger,Misc tunes,NA,NA,NA,publicdomain,0.0,0,0,4,1,1,0,33,230,6.96969696969697,False,2.633021285055259,1.0,0.9401041666666666
QmaJLKqDp1BrTyyzRcUCKcxFD9bpTVJmMhZrpJ8ongfAYM,The Stranger,NA,The Stranger,Misc tunes,NA,NA,NA,publicdomain,0.0,0,0,2,1,1,0,40,289,7.225,False,2.819052378683146,0.972318339100346,0.9199561403508772
Qmbvtr2pVT7ky57qTxQP2i4hhqbaBn1aUeMvxEz7MkDMBU,The Strathspey Polka Mazurka,Jack Heagney's Polka Mazurka,The Strathspey Polka Mazurka,Misc tunes,NA,NA,NA,publicdomain,0.0,0,0,2,1,1,0,18,76,4.222222222222222,False,2.4087994009199827,1.0,0.9322916666666666
QmWwjHhZAiLKdApesGGT9eqRgVAJmug7WNnHg2mhxJqNHi,The Strawberry Blossom,Boys of Ballynahinch The,The Strawberry Blossom,Misc tunes,NA,NA,NA,publicdomain,0.0,0,0,2,1,1,0,17,124,7.294117647058823,False,2.614297555393443,1.0,0.9505208333333334
QmRthta3f1oWErvvNhDLz5CEVAVzKXnEhB7Mw4kTw11WbA,The Strawberry Blossom,NA,The Strawberry Blossom,Misc tunes,NA,NA,NA,publicdomain,0.0,0,0,5,1,1,0,17,123,7.235294117647059,False,2.627818895375152,1.0,0.96875
QmR5Pz1JVWhW1Woet6cKaBJ2XNXuKcpo8wX5UM8TVRmFe9,The Strawberry Blossom,NA,The Strawberry Blossom,Misc tunes,NA,NA,NA,publicdomain,0.0,0,0,5,1,1,0,25,186,7.44,False,2.647302945179633,1.0,0.9704861111111112
QmPY2epK68tfVLSjXTMti1szhceQGgTXpNz2vd2gpAeUCg,The Strawberry Blossom (2nd Setting) (reel) 1355,NA,The Strawberry Blossom (2nd Setting) (reel) 1355,Misc tunes,after Chief F. O'Neill,NA,NA,publicdomain,0.0,0,0,0,1,1,0,26,200,7.6923076923076925,False,2.700887563693141,0.99,0.9325
QmQwW8CR2dPmhRsx7MtLP8gu5nm8Dwkqm1i9nvKgFa417p,The Strayaway Child,NA,The Strayaway Child,Misc tunes,NA,NA,NA,publicdomain,4.85,4,3,130,1,1,0,107,517,4.831775700934579,False,2.562043710175536,1.0,0.9652777777777778
QmVnKTpHjpPmeCpdM5brXARmze9zmVKVZCMXrLHgUKpfRo,The Streams of Kilnaspig (173),NA,The Streams of Kilnaspig (173),Misc tunes,NA,NA,NA,publicdomain,0.0,0,0,3,1,1,0,36,188,5.222222222222222,False,2.7576644473776253,1.0,0.9817708333333334
QmYfj2R3VVgKsJ96Rm1m6gbpErbrNTPNcyRQSc4oRS8HG9,The Streets of Laredo - Phelim Brady the Bard of Armagh,NA,Streets of Laredo,Misc Traditional,The Streets of Laredo,folk,NA,publicdomain,0.0,0,0,34,1,1,0,34,182,5.352941176470588,False,2.4721576473279274,1.0,0.9513888888888888
QmPQAkx4vw6ra73VvHvf8TQXX5KLEMmbVpXxW39tqVTTbX,The Streets of Whiterun (The Elder Scrolls V: Skyrim),The Elder Scrolls V: Skyrim,Streets of Whiterun,Jeremy Soule,composed by Jeremy Soule,classical-soundtrack,skyrim-theelderscrolls-piano-streetsofwhiterun-arrangement,cc-zero,4.72,8,53,1253,1,1,0,45,533,11.844444444444443,False,2.3801800586996094,1.0,0.972064393939394
QmXmenzZ61wAyw4D45CSTrUS3PkJJY3UpcxzyZHur9sRcr,The struggle here seems hard and long - E. S. Howard,NA,The struggle here seems hard and long,E. S. Howard,NA,classical,NA,publicdomain,0.0,0,0,2,1,1,0,20,253,12.65,False,2.4868645195241528,0.984189723320158,0.8385416666666666
QmQqyshUrEiP4aUbSs7dt3FbvR5ThQv1Rdax9k8vtqLQMg,The Students' March,NA,The Students' March,Misc tunes,Play 4 times,NA,NA,publicdomain,0.0,0,0,2,1,1,0,63,310,4.920634920634921,False,2.787604870183961,0.9870967741935484,0.9563172043010753
QmYjfavD5rKKRpJnh2JZqrQCwZoMXh5rsuCWu5yNbxKWy6,The study of God's word reveals - Adam Geibel,NA,The study of God's word reveals,Adam Geibel,NA,classical,NA,publicdomain,0.0,0,0,4,2,1,0,20,276,13.8,False,2.836926223251355,0.967391304347826,0.9079861111111112
QmRipgJqxnMPNQ5TuaUzPpgfCGFUBbUQexjPT4jw9ydCXr,The Sufferings Of Christ - William Walker,NA,The Sufferings Of Christ - William Walker,William Walker,NA,classical,NA,publicdomain,0.0,0,0,3,0,3,0-0-0,18,198,11.0,False,2.42833433960629,1.0,0.9591346153846154
QmPF73NRLCTjpXxjwyVLgV6Je96gNCg2NSbz8eNkUPNuGg,The Sulters of Sellkerke,NA,The Sulters of Sellkerke,Misc tunes,NA,NA,NA,publicdomain,0.0,0,0,3,1,1,0,84,324,3.857142857142857,False,2.7438144425113142,0.9969135802469136,0.9519489247311828
QmU3R4L4KZPXv54aoP7tjar6MC6xKr46UKAer3qgjg52Xd,The Summoner - Brave Frontier Piano Version,Brave Frontier,The Summoner,Hikoshi Hashimoto,NA,NA,bravefrontier-brave-frontier-vgm,cc-zero,0.0,0,5,83,1,1,0,176,828,4.704545454545454,False,2.743480072201885,0.9492753623188406,0.9889520202020202
QmUdSj895ZR2EeiKjiukCjruRfaSFEwjQMuUaMHFsKq8W7,The Summons G,NA,NA,NA,NA,NA,NA,cc-zero,0.0,0,1,98,1,1,0,41,122,2.975609756097561,False,2.681401786805031,1.0,0.9497549019607844
QmZ41avDGmDrbBGhrWkcvVEHLF8Cuz9GD4UnJssV8nz7zd,The sun may raise the grass to life - J. Lincoln Hall,NA,The sun may raise the grass to life,J. Lincoln Hall,NA,classical,NA,publicdomain,0.0,0,0,3,1,1,0,25,302,12.08,False,2.881291266534571,0.956953642384106,0.9557291666666666
QmQPhjahYfYnwSdh52RHW2JzBANVqEZEBF5KcUCZ3z7gW9,The Sunday School Lighthouse shines out on life's wave - Flora Hamilton Cassel,NA,The Sunday School Lighthouse shines out on life's wave,Flora Hamilton Cassel,NA,classical,NA,publicdomain,0.0,0,0,6,2,1,0,17,346,20.352941176470587,False,2.7195813822181925,0.9595375722543352,0.8576388888888888
QmZDthFFW166WCYgGEmKLMTxUw6qq9oRTcZi5oDbzKqfM6,The Sunday-school army is marching along - J. J. Jelley,NA,The Sunday-school army is marching along,J. J. Jelley,NA,classical,NA,publicdomain,0.0,0,0,5,1,1,0,18,340,18.88888888888889,False,2.648157946147763,0.9794117647058824,0.8940972222222222
QmTZoyx62bUP97ARqVemHyk7v6ztGWzPPXtMcH8DUnRe3G,the SUNNY RAYS OF MORNING,NA,the SUNNY RAYS OF MORNING,Misc tunes,NA,NA,NA,publicdomain,0.0,0,0,3,1,1,0,21,99,4.714285714285714,False,2.734228326527042,0.9690721649484536,0.8833333333333333
QmUB2xUTMDKezin7dDW5VNB53o6Jb5izJ5tQ7gjBGevFZV,The sunny way that leads to glory - John R. Bryant,NA,The sunny way that leads to glory,John R. Bryant,NA,classical,NA,publicdomain,0.0,0,0,3,2,1,0,19,351,18.473684210526315,False,2.664020129670286,0.9885057471264368,0.9528508771929824
QmUgGVipmS5j8HsccWm6RMf5N4pCTZKPUvZnSRLLGghvaC,The suns asleep neath western hills - J. Lincoln Hall,NA,The suns asleep neath western hills,J. Lincoln Hall,NA,classical,NA,publicdomain,0.0,0,0,4,1,1,0,26,325,12.5,False,2.7537190847160167,0.9846153846153848,0.9236111111111112
QmZpwyfLvC9PkHWHGFBLwNyyJeDqKPn89H9VmK2jyY1ufQ,The Sunshine Land is a big bright land - B. D. Ackley,NA,The Sunshine Land is a big bright land,B. D. Ackley,NA,classical,NA,publicdomain,0.0,0,0,3,2,1,0,25,257,10.28,False,2.840919497115278,0.9610894941634242,0.97265625
QmeqmgNCBM4c8sAu6y2wZNqEUJVZQTaw6hFmo6kZbsbH2Z,The Surrender of Toulon. JBut.598,NA,The Surrender of Toulon. JBut.598,Misc tunes,NA,NA,NA,publicdomain,0.0,0,0,2,1,1,0,19,121,6.368421052631579,False,2.595616500525509,1.0,0.9739583333333334
QmZM6FJaD4trYAwg8ej9C67oQM2xtWyqQCXWoRxBNudGND,The Surrender of Toulon. Roose.0449,NA,The Surrender of Toulon. Roose.0449,Misc tunes,NA,NA,NA,publicdomain,0.0,0,0,6,1,1,0,28,182,6.5,False,2.634604078389395,1.0,0.9782986111111112
QmRE7RGFnH7dSWUjn49skXqWTothX74k6i74RcwxAktzMq,The Sutherlandshire Militia's March,NA,The Sutherlandshire Militia's March,Misc tunes,NA,NA,NA,publicdomain,0.0,0,0,2,1,1,0,54,288,5.333333333333333,False,2.605639577290713,1.0,0.8532986111111112
QmP5zPP9XxMNH4HfAi5cKKTVepKiH7yDCJubG4HFEwkHT3,The Sutours of Selkirk,NA,The Sutours of Selkirk,Misc tunes,NA,NA,NA,publicdomain,0.0,0,0,8,0,2,0-0,50,312,6.24,False,2.7331670896304634,0.9935897435897436,0.9467592592592592
QmXrogLvEkLXF25KCgMJkGQGtoWeQX2rdk7UCvmFyRD5bf,The Swallow's Nest,NA,The Swallow's Nest,Misc tunes,NA,NA,NA,publicdomain,0.0,0,0,3,1,1,0,52,398,7.653846153846154,False,2.700882156768828,0.9899497487437184,0.93359375
QmanDUvyvvuJ2vQ35iEUY3fB3pJatQT2j9eodmZCzRtoF9,The Swallowtail,NA,swallowtail jig,Misc Traditional,NA,folk,NA,publicdomain,0.0,0,0,2,1,1,0,45,310,6.888888888888889,False,2.7227668490413,1.0,0.9401041666666666
QmZbkYgRaM6SYH6aCVodzhuSsMMppUQCPjfVjqEgMcdQvP,The Swallowtail Jig,NA,swallowtail jig,Misc Traditional,NA,folk,NA,publicdomain,0.0,0,0,1,1,1,0,33,183,5.545454545454546,False,2.6727535957690662,1.0,0.9647435897435898
Qmc1qzMXWzEQqLkhreZJ3C1tEGUrkWP6xQ3651KNyfsVYz,The Swan,NA,The Swan,25gumball1,NA,NA,NA,cc-zero,0.0,0,1,32,0,1,0,36,299,8.305555555555555,False,3.139879305132274,0.8821548821548821,0.9915123456790124
QmcQnyeMdp8rEg1iZhoB8tJo6zyxPoVo5sJnrXzv7EVAva,The Swan - Jazz Lead Sheet Peter Cole,NA,Le carnaval des animaux,Camille Saint-Saëns,NA,classical,NA,cc-zero,4.74,5,5,170,1,1,0,26,123,4.730769230769231,False,3.144774338718089,0.902439024390244,0.9413377192982456
QmU5AVnxcS8akcVNzEfi8ZJqSWv6trg53PYv7c4ENeQpP2,The Swan - Secret (äè½èççå) (2007) OST 16 Jay Chou/Saint-Saëns,Jay Chou/Saint-Saëns,Le carnaval des animaux,Camille Saint-Saëns,Arr. By Lee-Daniel Tran,classical,NA,cc-zero,4.83,15,69,2108,2,1,0,29,1192,41.10344827586207,False,3.286372371855716,0.8511354079058032,0.9883720930232558
QmWaE6WEc56nhqPHvcy5TynuSdJA2YL75xMNmDca8PcbST,THE SWEET BIRDS ARE SINGING,NA,THE SWEET BIRDS ARE SINGING,Misc tunes,NA,NA,NA,publicdomain,0.0,0,0,4,0,2,0-0,21,132,6.285714285714286,False,2.432505339354948,1.0,0.9541666666666668
QmaocZuSGp5GJ8fJDdHBLQ8U6bHeQbqqUSU4gM8mmDmMqk,The Sweet-toothed Baker,NA,The Sweet-toothed Baker,Misc tunes,NA,NA,NA,publicdomain,0.0,0,0,3,1,1,0,32,191,5.96875,False,2.7427966456147463,1.0,0.9791666666666666
QmXh5FbcbtA4gGKtofEzaLTWZ9WkdaQgdhpd5Gf4xS8pTP,The sweetest songs I fain would offer - E. S. Lorenz,NA,The sweetest songs I fain would offer,E. S. Lorenz,NA,classical,NA,publicdomain,0.0,0,0,2,1,1,0,20,246,12.3,False,2.945810947538334,0.9390243902439024,0.9375
QmREP44PjAHuAEoA2AeLEQJbFAa6kG1pZu5fKLyjqXBdpG,The sweetness of a thousand tongues - C. Harold Lowden,NA,The sweetness of a thousand tongues,C. Harold Lowden,NA,classical,NA,publicdomain,0.0,0,0,8,1,1,0,17,223,13.117647058823527,False,2.8059364342165973,0.968609865470852,0.9583333333333334
QmV2RMMZuHxhgQqEUV98FpFGJ5mPuDVSXy36xRDW62c8S4,The Sweetness Of Mary,NA,The Sweetness Of Mary,Misc tunes,NA,NA,NA,publicdomain,4.85,4,3,71,1,1,0,35,250,7.142857142857143,False,2.733787111570952,1.0,0.8984375
QmZsadu8zd8tuPsSDuEfzpUvMRwLnW739e7its5apzL4bB,The Sweets of May,NA,The Sweets Of May,Misc tunes,NA,NA,NA,publicdomain,0.0,0,0,5,1,1,0,108,368,3.4074074074074074,False,2.846394420057854,0.9239130434782608,0.9128521126760564
QmULLyKXMEuYE1QxdpkbHe2MDXNMSo48ZxZ464wT8XJUXw,The Swift Revaley. JBut.050,NA,The Swift Revaley. JBut.050,Misc tunes,NA,NA,NA,publicdomain,0.0,0,0,8,1,1,0,40,142,3.55,False,2.703950258795226,1.0,0.9027777777777778
QmNkbfhviAaQYaBgiw3kykAMr5yLWF5FKbibmaNJtR9wK6,The SWISS TOY GIRL.--the ROSE OF LUCERNE,NA,The SWISS TOY GIRL.--the ROSE OF LUCERNE,Misc tunes,NA,NA,NA,publicdomain,0.0,0,0,1,1,1,0,27,79,2.925925925925926,False,2.595600729503259,1.0,0.9340277777777778
QmQHZn8ERqxnokr57nWx1xBweCuDs3PgKyZtosqi2JCbEB,The Sword Dance,NA,The Sword Dance. (p)1702.PLFD1.499,Misc tunes,NA,NA,NA,publicdomain,0.0,0,0,3,1,1,0,32,160,5.0,False,2.5112708474088103,1.0,0.9296875
QmUsXW4ahkM3HqsRBjWb8Cj3ZUX743cHxkTBQ5qAaA4cEx,The Sword Dance or... . PFD2.158,Strum. PFD2.158,The Sword Dance. (p)1702.PLFD1.499,Misc tunes,NA,NA,NA,publicdomain,0.0,0,0,6,1,1,0,16,100,6.25,False,2.666499062545832,0.94,0.9519675925925926
QmQyYSMsZS6Yo5MCj37ToGtUYbWSaachZbszYzDSJPcHBc,The Sword of St. Columba,NA,Sword of St. Columba,Misc tunes,NA,NA,NA,publicdomain,0.0,0,0,4,1,1,0,40,196,4.9,False,2.7215274647610253,1.0,0.9083333333333332
QmSGNcKpDoAZmfUzTLdn51hffY5oyHgqDrwtNvHdrTMen1,the Sydney Flash,NA,the Sydney Flash,Misc tunes,NA,NA,NA,publicdomain,0.0,0,0,2,1,1,0,20,117,5.85,False,2.724972857699508,1.0,0.9583333333333334
QmRUxGKVfgvt1yRpxTSVNJtRRQcqPTwKkWJP5mkscosdAP,the Sydney Flash,NA,the Sydney Flash,Misc tunes,NA,NA,NA,publicdomain,0.0,0,0,1,1,1,0,35,233,6.6571428571428575,False,2.7256657222467053,1.0,0.9603494623655914
QmcB9hJXmeQPkGTB9NButqZzD2XTxu59thR8D5uvWXMcV9,The Symphonic One,NA,NA,NA,by Bussul,NA,NA,cc-zero,0.0,0,2,44,2,1,0,39,740,18.97435897435897,False,3.000960818245583,0.8701854493580599,0.9324324324324323
QmSpJywGdNiFoqJJUYBK6qsmGiEYRhVtEj77hDG1mBRTAz,The Tailor and the Mouse,NA,the Tailor and the Mouse,Misc Traditional,NA,folk,NA,publicdomain,0.0,0,0,36,1,1,0,17,61,3.588235294117647,True,2.1830266815038724,1.0,0.9635416666666666
QmQa2oGbY5nXSCWdiYewxoSumSBF82KemaXL9pjGjEe2cn,The Tailor's Shirt,NA,The Tailor's Shirt,Misc tunes,NA,NA,NA,publicdomain,0.0,0,0,3,1,1,0,16,76,4.75,False,2.799158572831052,0.9473684210526316,0.9010416666666666
QmdecF3vhdp5H27zJRjx91UVzD27FyXESuUDkEALaX9Sqm,The Tailor's Wedding (jig) 0848,NA,The Tailor's Wedding (jig) 0848,Misc tunes,after Chief F. O'Neill,NA,NA,publicdomain,0.0,0,0,3,1,1,0,38,208,5.473684210526316,False,2.666579054902028,1.0,0.9577020202020202
QmepCrVNp2RcWQ7JgbYEYMRMNJ9Ykuni4CmwEyVAFCyX2r,The Tall Slender Maiden (air) 0586,NA,The Tall Slender Maiden (air) 0586,Misc tunes,Unattributedwith expression,NA,NA,publicdomain,0.0,0,0,1,1,1,0,18,71,3.9444444444444446,False,2.4554299041620924,1.0,0.9149305555555556
QmQxxJm37z15zsLmdPYqtibCq2mmnUKG1UxwHpmpe5uf4g,The Tall Slender Maiden.,an og-.bean caol .fada.,The Tall Slender Maiden.,Misc tunes,NA,NA,NA,publicdomain,0.0,0,0,3,1,1,0,17,66,3.882352941176471,False,2.364053814707896,1.0,0.8984375
QmSpQfrrywhP1s2hs5z8iMLM5ZVxrpQJfhaDxx7uX1CCYc,The Tatler,NA,The Tatler,Misc tunes,Feuillet / John Essex 1710,NA,NA,publicdomain,0.0,0,0,2,1,1,0,42,216,5.142857142857143,False,2.7435093582516674,0.9629629629629628,0.9475806451612904
QmR5PWAybSY3DeiYX5k1qGdBDCnZheVmPffTe7xwXtVgVr,The Tatler tune 1,NA,The Tatler tune 1,Misc tunes,Unknown,NA,NA,publicdomain,0.0,0,0,3,1,1,0,72,320,4.444444444444445,False,2.6886970974110604,0.9875,0.9483251633986928
QmbuzPTkwSuJrB9RR55g9eQ59afvpabJSGiWZhf29Pg8SX,The Tatler. PFD2.001,NA,The Tatler. PFD2.001,Misc tunes,NA,NA,NA,publicdomain,0.0,0,0,1,1,1,0,36,160,4.444444444444445,False,2.684090692609923,0.9875,0.9481209150326796
QmWP4sdU1jA7z2m2uFUZiYGbRjFNe46Kf2fDDzfC1rX1q6,The Tattoo. JBut.060,NA,The Tattoo. JBut.060,Misc tunes,NA,NA,NA,publicdomain,0.0,0,0,4,1,1,0,20,80,4.0,False,2.335074986452246,1.0,0.9027777777777778
QmV5f8ZvMZjYugyrDFCw5KCpdoGVdhSi47yQXYwKRTYUPb,The Taylor's Measure,NA,The Taylor's Measure,Misc tunes,NA,NA,NA,publicdomain,0.0,0,0,2,1,1,0,16,136,8.5,False,2.28525694368337,1.0,0.9348958333333334
QmfWLaEcGVyoeeX9mbrNU2guRDUkcufaN9csAYBGGefr2r,The Teatotaller,Temperance reel The,The Teatotaller,Misc tunes,NA,NA,NA,publicdomain,0.0,0,1,5,1,1,0,64,468,7.3125,False,2.716836398499648,0.9914529914529916,0.9736328125
QmSc9DzFyRZDW2qxLzBxDvVLVfnCehryVgdJerwjxpNCCf,The Teetotaler's,O! My FootProhibitionRoad To Newbridge TheTeetotallerTeetotaller's TheTeetotaller TheTemperanceTemperance TheTemplehouse The,The Teetotaler's,Misc tunes,NA,NA,NA,publicdomain,0.0,0,0,3,1,1,0,32,234,7.3125,False,2.7270341206749102,0.9914529914529916,0.9733072916666666
QmYNSsQY1B4CL7NKM9uTnNfbwMjJ5mu6B7BJhU9L6sj7am,The Temperance Call - Franz Abt,NA,The Temperance Call,Franz Abt,NA,classical,NA,publicdomain,0.0,0,0,3,2,1,0,19,239,12.578947368421051,False,2.577012032384704,0.9707112970711296,0.9622395833333334
QmboGPMnF9eNe9icprH7whicZVBuBqRVoiGPjjDViPg1L2,The temperance cause is moving on - Wm. J. Kirkpatrick,NA,The temperance cause is moving on,William J. Kirkpatrick,NA,classical,NA,publicdomain,0.0,0,0,4,2,1,0,19,336,17.68421052631579,False,2.598929100831016,0.9910179640718564,0.8515625
QmRcRK62TFRvon6X4nLDsWSUXrGxcyLxKsURS8uMbXBmBo,The Temple Change,NA,The Temple Change,Misc tunes,Tune is Cockle Shells,NA,NA,publicdomain,0.0,0,0,5,1,1,0,33,164,4.96969696969697,False,2.286145493602172,1.0,0.9622395833333334
QmZxNuUxhQqZpEPpPLtQi7JYpK8iQci3WpcjWcQpp9jFo4,The Temple Of The King (16th),Rainbow,temple of the king,Rainbow,NA,rock,drum-rainbow-ritchieblackmore,publicdomain,4.85,4,6,2549,0,1,0,96,1459,15.197916666666666,False,1.734434749313551,0.9588759424263192,0.9475524475524476
QmPoCe6hpDhRxUwzjZAmHcbpTJ8uTsYZWNFnQek45YEJ22,The Temple Of The King (8th),Rainbow,NA,NA,NA,NA,drum-rainbow-ritchieblackmore,publicdomain,0.0,0,2,460,0,1,0,96,1304,13.583333333333334,False,1.827707196146096,0.9532208588957056,0.9331293706293706
QmdM9sf5PeN1p6Z8RdfBqtwYTkbQYkFL5e9pVa4gUY6WX2,The Temple. (p).1701.PLFD1.473,Prince of Denmark's Marchaka. (p).1701.473,The Temple. (p).1701.PLFD1.473,Misc tunes,NA,NA,NA,publicdomain,0.0,0,0,22,1,1,0,64,226,3.53125,False,2.533424203991632,1.0,0.9479166666666666
QmbVjW6JadXxYte5bSRV6SJG2n8MqRPPgeQe5hDK96SMm3,The Temple. WCD3/1.163,Trumpet Voluntary. WCD3/1.163 The,The Temple. WCD3/1.163,Misc tunes,Jeremiah Clarke (attributed to Purcell),NA,NA,publicdomain,0.0,0,0,8,1,1,0,32,115,3.59375,False,2.5259479561345515,1.0,0.953125
QmcSwU6EFj7YTha7VqDVW2kVuMKx7mQ8zKyDejFo9vVmCc,The Templehouse Jig (2nd Setting) 0756,NA,The Templehouse Jig (2nd Setting) 0756,Misc tunes,after Sgt J. O'Neill,NA,NA,publicdomain,0.0,0,0,5,1,1,0,36,170,4.722222222222222,False,2.5962664753670044,0.9941176470588236,0.9574652777777778
QmPMEXiesGoWQUx4otRJyBJvjizoG7i3A2hdq2zPrptq4t,The Templehouse Reel (269),NA,The Templehouse,Misc tunes,NA,NA,NA,publicdomain,0.0,0,0,1,1,1,0,16,121,7.5625,False,2.707738670168762,1.0,0.9505208333333334
QmWXCnLD5SU9zAJuhSLVoSf8E1zG9Z98sW5xXtUtgdsFXa,The Tenpenny Bit,Cock O The NorthTen Penney BitTen Penny BitTen Penny Bit TheTenpenny BitThree Little Drummer BoysThree Little Drummer Boys TheThree Little DrummersThree Little Drummers The,The Tenpenny Bit,Misc tunes,NA,NA,NA,publicdomain,0.0,0,1,50,1,1,0,146,786,5.383561643835616,False,2.3860859950404443,0.9923664122137404,0.9848856209150328
QmYbuUcmrgRMeu4nSWPN3ZWyjFzv8GuwkKgDg9RdVZLZRM,The Tenpenny Bit,Three Little Drummers The,The Tenpenny Bit,Misc tunes,NA,NA,NA,publicdomain,0.0,0,1,12,1,1,0,64,346,5.40625,False,2.312062449897447,1.0,0.9722222222222222
QmYXGoWeAk4yvqBcv7crBMDFZCfhXtgxkfNJE9eSdCbCRS,The Tenpenny Bit (2nd Setting) (jig) 0930,NA,The Tenpenny Bit,Misc tunes,after Mr. J. Kennedy,NA,NA,publicdomain,0.0,0,0,3,1,1,0,38,192,5.052631578947368,False,2.992809894318148,0.9166666666666666,0.9625
QmRCKvbgeawr7F59VKTMX4MReN5Yohiq4jDKmfv11V1afE,The Tenpenny Bit. 2nd Setting.,NA,The Tenpenny Bit,Misc tunes,NA,NA,NA,publicdomain,0.0,0,0,4,1,1,0,47,231,4.914893617021277,False,2.957298089384197,0.9264069264069263,0.9509408602150538
QmZb8QR7FutDyHRw4hfQrSLssRbhsFYYHvygcB6hNxZ8e9,The Terpsichore.(2 voices). TWC.299,NA,The Terpsichore.(2 voices). TWC.299,Misc tunes,NA,NA,NA,publicdomain,0.0,0,0,8,0,2,0-0,32,250,7.8125,False,2.574672097556674,0.968,0.9704861111111112
QmQdWPLWxB58Rd2w3M3E9KrujpUm92HE5VJPDvR13ZQDuy,The Thanksgiving,NA,THANKSGIVING,Misc tunes,NA,NA,NA,publicdomain,0.0,0,0,2,1,1,0,32,93,2.90625,False,2.60797884028385,1.0,0.9166666666666666
Qmbq3hSHF4cQQCzyCM7dqQDwTRiEi1wHehLupKGrkA2P2T,The Thaw (Ottepel),NA,NA,NA,Andrey Ronzhin,NA,thawclassics,cc-zero,0.0,0,2,809,0,2,0-0,189,3840,20.31746031746032,False,2.903916588748896,0.9246467817896388,0.8588755707762556
QmaY2ppPxR9sxPxwdYeLYKYwNY3iEyd1c5cQujZdGLJF9Y,The Third Reg't of Guards Quick Step. JBut.407,3rd Foot Guards.aka JBut407 TheGrand Paradeaka. JBut.407 The,The Third Reg't of Guards Quick Step. JBut.407,Misc tunes,NA,NA,NA,publicdomain,0.0,0,0,3,1,1,0,32,164,5.125,False,2.644878013331815,1.0,0.9583333333333334
QmSNpk19iRdNM6jfaSJZ99WF4pUNfJChuLXheuPUK1RqCs,The Third Revaley. JBut.053,3rd Revaley. JBut.053 TheLads A'Bunchumaka JBut.053Balance A Strawaka JBut.053Captain And His Whiskersaka JBut.053 The,The Third Revaley. JBut.053,Misc tunes,NA,NA,NA,publicdomain,0.0,0,0,3,1,1,0,20,108,5.4,False,2.5979729053130645,1.0,0.96484375
Qmc7SCmsN5kS3FyMuB2DADJfdNHeD4ySMDZWouJ4JSzL3c,THE THREADBARE COAT,An casog caitighthe,THE THREADBARE COAT,Misc tunes,NA,NA,NA,publicdomain,0.0,0,0,7,1,1,0,19,101,5.315789473684211,False,2.5700568795989795,0.99009900990099,0.9127604166666666
QmexhLDHQfHAorNzHK4bduAcnVE7UVz9ukxYQ629ZiyYLZ,the Three Blind Mice,NA,three blind mice,Misc Children,NA,soundtrack,NA,publicdomain,0.0,0,0,7,1,1,0,16,48,3.0,True,2.5732677116589096,1.0,0.9128787878787878
Qmb2bN5uwmBcu1ALH9wB63ZVDYYQ5CR2vxYLfABSPZWsBy,The Three Captains,Three Seas Captains The,The three captains,Misc tunes,NA,NA,NA,publicdomain,0.0,0,0,1,1,1,0,40,346,8.65,False,2.652025109199044,1.0,0.8859953703703703
QmShofRb2VzJ9kg1wWr2bapeUumvU2p1HS6CmrLBm8M3Ur,The Three Captains,NA,The three captains,Misc tunes,file ID: onmi.misc/061three_c,NA,NA,publicdomain,0.0,0,0,1,1,1,0,138,1086,7.869565217391305,False,2.63184428464934,1.0,0.9191868279569892
QmUXhTHktaJb3LxkriHagSV8bymEPL4J2N9GSAaJcVM1f3,The Three Captains (longdance) 1787,NA,The Three Captains (longdance) 1787,Misc tunes,after Sgt. J. O'Neill,NA,NA,publicdomain,0.0,0,0,2,1,1,0,42,358,8.523809523809524,False,2.6613040318021888,1.0,0.8811936936936937
QmdoddkvoDnQdQUR2GCNm8Rmqxm4Hcr9GZ1rPNnGEzMm54,The Three Little Drummers (jig) 0969,NA,The three little drummers,Misc tunes,after Chief F. O'Neill,NA,NA,publicdomain,0.0,0,0,5,1,1,0,56,290,5.178571428571429,False,2.5259957017325565,0.9724137931034482,0.9859234234234234
QmVEnYPNvS6jFcAWBwHBtC48Lfo6dVsrPaYstmpDWxe31Q,The Three Little Kittens,NA,The Three Little Kittens,Misc tunes,words: Nursery Rhyme.music: English.,NA,NA,publicdomain,0.0,0,1,79,1,1,0,9,29,3.2222222222222223,True,2.1833767603228407,1.0,0.9131944444444444
QmcDbAER8Hh2sbY8m5neg2Tn9vWSceoesn5LSD3it6zSMG,The Three Ravens,NA,The Three Ravens,Misc tunes,NA,NA,NA,publicdomain,4.12,5,1,57,1,1,0,15,54,3.6,False,2.675395302857214,0.9629629629629628,0.9647435897435898
QmdHVVeo2T4bbMx8fPQ83fr5scZ1MbxFPa58hv9Grzrkre,The Three Ravens,NA,NA,NA,Thomas Ravenscroft Melismata (1611),NA,NA,cc-zero,0.0,0,2,321,0,3,0-0-0,14,114,8.142857142857142,False,2.8549605016283977,0.9292035398230089,0.9551282051282052
QmUL63ceSRuFRnUKrSFriAF9kr2fog9iscuT38thBYzxWP,The Three Sea Captains,Three CaptainsThree Captains TheThree Sea Captains,The Three Sea Captains,Misc tunes,NA,NA,NA,publicdomain,0.0,0,0,27,1,1,0,298,1320,4.429530201342282,False,2.7051861516746527,0.9962121212121212,0.9281976744186048
Qmcv9n923wR9DzfcCzjvdQY14GGGYNf7zCRqRqNq6sEYrd,The Threepenny Bit (reel) 1367,NA,The threepenny bit,Misc tunes,after Chief F. O'Neill,NA,NA,publicdomain,0.0,0,0,2,1,1,0,17,131,7.705882352941177,False,2.624420332959029,1.0,0.9192708333333334
QmZMKhKPf6PegbgveuzLpF28tQycfvoy8yts7DAMYJW4aG,The Thrush In The Storm,NA,The Thrush In The Storm,Misc tunes,NA,NA,NA,publicdomain,0.0,0,0,1,1,1,0,86,621,7.22093023255814,False,3.00243614316998,0.8711755233494364,0.9530038759689924
QmXydR1GZcL2sgPQq8fVPkhdpjQk8smHLGt4eooo8LNKgi,The Thrush In The Storm,NA,The Thrush In The Storm,Misc tunes,NA,NA,NA,publicdomain,0.0,0,0,2,1,1,0,40,310,7.75,False,2.508045388806004,1.0,0.96875
QmTG8M1ZhJfxpcXt3Bp67EFupnxFf1P1nu12B6HyQcrMv7,The Tide Comes in. LW.126,Till the Tide Comes Inaka. LW.126When the Tide Comes Inaka. LW.126,The Tide Comes in. LW.126,Misc tunes,NA,NA,NA,publicdomain,0.0,0,0,4,1,1,0,36,208,5.777777777777778,False,2.751905017582089,1.0,0.9576822916666666
QmTFuStfxWbNCSXMbUH4FYnGqwKkdvzfGMBWaS2s5n5kVT,The Time Before You; The Time Long After,NA,The Time Before You; The Time Long After,Jacob D'Lallo,JACOB D'LALLO,NA,spacesoundtrack-time-space-cosmos-life-death-birth-joy-hardship-age-aging-piano,cc-zero,0.0,0,0,18,3,1,0,64,1552,24.25,False,2.9418494948089435,0.9245647969052224,0.9182942708333334
QmWpmctqT4wqjDPi5593f5Dmocr2wzaF35VUcBELeiETLn,The Time Has Come,NA,The Time Has Come,Misc Traditional,NA,folk,NA,publicdomain,0.0,0,0,16,2,1,0,24,479,19.95833333333333,False,2.2832257087873566,0.9937369519832986,0.9387254901960784
QmQ25FLupVaHauT7gXqQxufrRKgi4TPMna6PFZQSvBrMYo,The time is swiftly passing onward - R. E. Winsett,NA,The time is swiftly passing onward,R. E. Winsett,NA,classical,NA,publicdomain,0.0,0,0,5,2,1,0,20,299,14.95,False,2.694285366015515,0.9732441471571908,0.9215686274509804
QmWRcsV5EPFaUoxzEgMjg9Ctx9EMbQQNrpBdMKZDDyhWDC,The times are hard,NA,The times are hard,Misc tunes,NA,NA,NA,publicdomain,0.0,0,0,2,1,1,0,9,37,4.111111111111111,True,2.3937558124564084,1.0,0.9479166666666666
QmNXxXNYZ7EWdeHNvgNLu8ELkEDhMf6tws84YRqfxreF4D,The Tipperary Hills,Michael Gorman's,Tipperary Hills,Misc tunes,NA,NA,NA,publicdomain,0.0,0,0,1,1,1,0,16,104,6.5,False,2.73429952737117,1.0,0.9108796296296297
QmVt2t2fSoLTn3cJS4sQ2heK5yarChTPp9QnYcDmUqUHwC,THE TIPSY PARSON,NA,The Tipsy Parson,Misc Traditional,NA,folk,NA,publicdomain,0.0,0,0,3,1,1,0,38,216,5.684210526315789,False,2.8047333678372413,0.9722222222222222,0.943627450980392
QmY3z9czferhz9G14zSL4HJWeUv1waeQqC51onChDos3Ds,The Toast,NA,The Toast,Misc tunes,Feuillet / John Essex 1710,NA,NA,publicdomain,0.0,0,0,2,1,1,0,52,230,4.423076923076923,False,2.964969416105744,0.9217391304347826,0.931712962962963
QmUGy9QgWNDrkczTzMqzbX5PRBvGyVoWXRa1vs1DeeQtyP,The tongs by the fire,NA,NA,NA,Trad. arr. spir.sucram,NA,NA,cc-zero,0.0,0,0,32,1,1,0,32,186,5.8125,False,2.6889278673410475,1.0,0.9909420289855072
QmcRtynmrqhjTyGtCaoEj3uX74JhHQargQwiKwQuZ8jipd,The Top - Initial D 5th Stage,NA,The Top,Ken Blast,NA,NA,intiald-thetop-initialdthetop-initiald-drift-music-initial-toyota-anime-stage-toyotaae-ae-musics-score-dave-ken-kenblast-blast-tokyo-touge-euro-eurobeat-eurobeat,cc-zero,4.56,31,141,5147,2,1,0,180,2923,16.238888888888887,False,2.7867137456316176,0.9815258296270954,0.976273148148148
QmTAn5Re31exFFbFn4e5JewejEdgBFsbKeuCM3Svir5y9Q,the Top Of Ben Lomond,NA,Ben Lomond,Misc tunes,NA,NA,NA,publicdomain,0.0,0,0,5,1,1,0,36,164,4.555555555555555,False,2.379812921947552,1.0,0.8654513888888888
QmTQy3BV6PZn4dMncsXgRyczTgFzEwcZCDcTjwggiLLwn3,The Top of Ben Lomond,NA,Ben Lomond,Misc tunes,Joe Buchanan's Scottish Tome - Page 300.2,NA,NA,publicdomain,0.0,0,0,7,1,1,0,45,212,4.711111111111111,False,2.3686335027104093,1.0,0.81875
QmWMZN2gsSajtPCs5U5tGwyLjtd3qyMaCE5SL7wX52ivdN,The Top of Cork Road,NA,Top of Cork Road,Misc tunes,NA,NA,NA,publicdomain,0.0,0,0,2,1,1,0,45,236,5.2444444444444445,False,2.6637419889649845,1.0,0.9826388888888888
Qme62EQxtRyCF4XADsZLYKuS2439io8nZkXMvkPibFrz8o,The top of Cork road,NA,Top of Cork Road,Misc tunes,anon.,NA,NA,publicdomain,0.0,0,0,1,1,1,0,25,131,5.24,False,2.7210832953585213,0.9923664122137404,0.9856770833333334
QmQGqHqwfGvEfxeTYYbzUgTyE8yfTinrRphh8XDYVNxJ3w,The Top of Cork Road,NA,Top of Cork Road,Misc tunes,NA,NA,NA,publicdomain,0.0,0,0,6,1,1,0,69,391,5.666666666666667,False,2.7339342909175013,0.9872122762148338,0.9803921568627452
QmNfMRpQt9W4GyWbrJSVv3iLXiyF1CEi33f6v3x4Egh4LH,The Top Of The Cork Road(jig) 1031,NA,Top of Cork Road,Misc tunes,Unattributed,NA,NA,publicdomain,0.0,0,0,7,1,1,0,38,196,5.157894736842105,False,2.737295496662874,0.9897959183673468,0.9825
QmWmXhmD3HH3Gu6M7CHHuBZoUkQJHpkvn4HG5rQPcsb9C6,The Top of the Morning,NA,The top of the morning,Misc tunes,(Collected from F. O'Neill),NA,NA,publicdomain,0.0,0,0,7,1,1,0,36,230,6.388888888888889,False,2.6898408067169224,1.0,0.9322916666666666
QmajpzQeSraqaGAf5RoptvJCDmgr3i2wzpn9WvhCLVFBHK,The Topsail Shiver in the Wind. Roose.0503,NA,The Topsail Shiver in the Wind. Roose.0503,Misc tunes,NA,NA,NA,publicdomain,0.0,0,0,3,1,1,0,19,130,6.842105263157895,False,2.741773212697788,0.9846153846153848,0.9050925925925926
QmQKanqDu1UaU1jtpNJJoByeeJR9gqtvSLePbgqSA4nXzQ,The Tower (Intermediate Piano Solo),Game Of Thrones OSTSeason 6 Episode 10,the tower,Ramin Djawadi,Composed by Ramin DjawadiPiano arrangement by Nicolas Del GalloFull playthrough and more athttps://www.youtube.com/c/NDGmusicIf you want to donate please check out my Patreon âºhttps://www.patreon.com/ndg,classical-soundtrack,got-jonsnow-winteriscoming-nedstark-theme-stark-gameofthrones,cc-zero,4.87,5,14,509,1,1,0,37,411,11.108108108108109,False,2.7781826763599624,0.9876543209876544,0.9703947368421052
QmaYYnvdvy2So468XFx4cfLdwaoZz2qRec7kUKHmUb2dym,The Toybox,NA,The Toybox,Jacobb.te,NA,NA,original-composition-composer-college-piano-harpsichord-plzlike-imtryingtofeedmykids,cc-zero,0.0,0,1,46,0,1,0,125,1208,9.664,False,2.8194971360276293,0.9900662251655628,0.9787186379928317
QmY1mjsxf2GV3fuCfqmY531tLS3EqnATB6K1kcsxrGX56Y,The Traveller - Lowry,NA,The Traveller,Lowry,NA,classical,NA,publicdomain,0.0,0,0,2,0,4,0-0-0-0,18,231,12.833333333333334,False,2.615231462583303,1.0,0.9525462962962964
QmUYi9AAYJxthbCXnEWf8sGGmYyb2WQjjsy6Eu1qeBqrAG,The Travelling Curricle,NA,the Travelling Curricle,Misc tunes,NA,NA,NA,publicdomain,0.0,0,0,2,0,2,0-0,36,390,10.833333333333334,False,2.583232172320894,0.9897435897435898,0.9635416666666666
QmbXQuDun7ZsJradgh7pBFvD24uYHzume453vEj44YByzp,The Tree Song - Kaiba OST,Kaiba OST,The Tree Song,Yoshida Kiyoshi,Composer: Yoshida Kiyoshi Arranger: Ryvius Ongaku,NA,kaiba-treesong,cc-zero,4.88,6,36,1405,1,1,0,88,774,8.795454545454545,False,2.9998392158048715,0.9509043927648578,0.9756155303030304
QmbCYNDfA9Y2i1tbanqfcSNRJVf4oP7bagNzYz9rHFn816,The Trees they do Grow High,NA,The Trees they do Grow High,Misc tunes,NA,NA,NA,publicdomain,0.0,0,0,48,1,1,0,18,57,3.1666666666666665,True,2.6237942203232048,1.0,0.8975694444444444
QmXsvHSLpvXcRSdoZ5wBnYiULjcnSQwonwLr7b3g2C7HFk,The Trees They Grow so High,NA,The Trees They Grow so High,Misc tunes,Mrs Marina Russell Upwey coll. HED HammondTranscibed to abc by PJHeadford,NA,NA,publicdomain,0.0,0,0,34,1,1,0,6,27,4.5,True,2.3089949089298485,1.0,0.9114583333333334
QmVsyuZPEUmdexLA5MXCWWqDTk3w2opfuoEQnTbK3NMqSa,The Trial Of Jim Kelly,NA,The Trial Of Jim Kelly,Misc tunes,NA,NA,NA,publicdomain,0.0,0,0,3,1,1,0,32,226,7.0625,False,2.271367704548309,1.0,0.966796875
QmeZ6TiJymbm8rshysrCSXoxaVufSGJRXE8n5oApAHcwrt,The trials of life oft shadow the soul - Lydia Shivers Leech,NA,The trials of life oft shadow the soul,Lydia Shivers Leech,NA,classical,NA,publicdomain,0.0,0,0,3,2,1,0,30,438,14.6,False,2.648868359788721,0.9817351598173516,0.931712962962963
QmSoVZUWiaYPzWLQiPCQfy9c18FZgnpaTEqwoZEoTE1KvU,The Trip to the Quarry,A Curious Denis Murphy Jig,The Trip to the Quarry,Misc tunes,NA,NA,NA,publicdomain,0.0,0,0,4,1,1,0,32,176,5.5,False,2.904209341004862,0.9204545454545454,0.9678819444444444
QmQ8ewYAoUsscKAyBXrCAULfES91vqzwjKcHxxGwqyThQD,The Triple Down,NA,NA,NA,NA,NA,NA,cc-zero,0.0,0,1,12,1,1,0,34,1028,30.23529411764705,False,1.9387756542530428,1.0,0.993872549019608
QmTFsT2SYfy43ZW7X7U1nZbLycbeUHiZ2rCgHLTzjmVJG3,The Triumph of Venizelos (1918),NA,The Triumph of Venizelos,Akrivis Anemogiannis,γπο ΑΚΡΙΒΗΣ ΑΝΕΜΟΓΙΑΝΝΗ,classical,akrivisanemogiannis-s-march-greek-greekmusic-publicdomain,cc-zero,4.71,4,7,187,2,1,0,107,1589,14.850467289719626,False,3.062662300343498,0.9301447451227188,0.9459134615384616
QmX9sC7jUZdLXzSrnHw3Wtb6wUSHHqDrosXKrVjWQkLHaw,The Triumph. Roose.0697,NA,The Triumph,Misc tunes,NA,NA,NA,publicdomain,0.0,0,0,2,1,1,0,32,218,6.8125,False,2.8231626661551568,0.981651376146789,0.970703125
Qmcf3JKQzA7bUWepGUXuzf6zB6JsVmbW8yjdXAn41hniGJ,The Triumph. TWC.152,NA,The Triumph,Misc tunes,NA,NA,NA,publicdomain,0.0,0,0,2,1,1,0,27,144,5.333333333333333,False,2.607675236743635,1.0,0.953125
QmZ4TPkhF2ZCfEhPG7uMdp2rhAP4TDwbzgpQ4GitCyaoCL,The Triumphaka. WHL.[029],Set Dance WHL.[029],The Triumph,Misc tunes,NA,NA,NA,publicdomain,0.0,0,0,1,1,1,0,30,164,5.466666666666667,False,2.681581855851753,1.0,0.9600694444444444
QmVQipLgmf8fbwdvr8npLzbaYWvA8CGaPsdiSBE66GCGY1,The Triumphal March,NA,The Triumph,Misc tunes,NA,NA,NA,publicdomain,0.0,0,0,12,1,1,0,54,358,6.62962962962963,False,2.7247201717551475,0.9832402234636872,0.9019097222222222
QmcE6DqJnKzhZwdzpiDxoS3xnaApLNs4ASymbBA3xuHK5B,The Trooper,NA,The Troopers Quick Step. RH.217,Misc tunes,NA,NA,NA,publicdomain,0.0,0,0,7,1,1,0,12,77,6.416666666666667,False,2.444071529602044,1.0,0.925
QmWmDiuiKdi5eHZj93dYp7663ABwjWw3E47dcqL4sxrrSu,The Trooper,NA,The Troopers Quick Step. RH.217,Misc tunes,NA,NA,NA,publicdomain,0.0,0,0,3,1,1,0,6,26,4.333333333333333,False,2.66122625626979,0.9230769230769232,0.8697916666666666
QmeQiFPTNQJqhinGSjSfwCyCeJstpusYaXDQfSvEMaWjsH,The Trooper,NA,The Troopers Quick Step. RH.217,Misc tunes,NA,NA,NA,publicdomain,0.0,0,0,4,1,1,0,34,166,4.882352941176471,False,2.521200101634544,1.0,0.9253472222222222
QmT2eMmmeyDgMWYuf9SABYbo3V7g5zdMAPznsULbp6mw9d,The Trooper,NA,The Troopers Quick Step. RH.217,Misc tunes,NA,NA,NA,publicdomain,0.0,0,0,4,1,1,0,40,217,5.425,False,2.8345997018395144,0.9170506912442395,0.9439655172413792
QmQpbSmLd7TdyPPX6duYporxsYhHXm6MpGJvBqRGQxWoKg,The True Briton. THO2.124,NA,The True Briton. THO2.124,Misc tunes,NA,NA,NA,publicdomain,0.0,0,0,1,1,1,0,16,122,7.625,False,2.3129565813777764,1.0,0.9713541666666666
QmRa8F5ujRMKjh3wx8v41xEDKeGgKGeEvs11GkB7LAFxfi,THE TRUMPET HORNPIPE,NA,The Trumpet Hornpipe,Misc Traditional,Arr. by W. B. Laybourn,folk,NA,publicdomain,0.0,0,0,7,1,1,0,34,252,7.411764705882353,False,2.5494546219139465,0.984126984126984,0.8756720430107527
QmX5ihqgsESJVHiTXqH6oxKdRd5f8fMDAvjHGzExdaGc34,The Trumpet Hornpipe,NA,The Trumpet Hornpipe,Misc Traditional,NA,folk,NA,publicdomain,0.0,0,0,4,1,1,0,45,276,6.133333333333334,False,2.446680240034984,1.0,0.9135416666666668
QmXMR1m1hk9EU3mXWQ86hpdWRTeLqguqxVBWtjTYuD4QD7,the Trumpet Hornpipe,NA,The Trumpet Hornpipe,Misc Traditional,NA,folk,NA,publicdomain,0.0,0,0,2,1,1,0,36,236,6.555555555555555,False,2.372824548022355,1.0,0.8984375
QmVr2kAhhGzh84SQBucgvkwLUda3RmtYTFoZZZ7aB4dC8q,The Tumbler. PFD3.168,Phenixaka. PFD3.168 The,The Tumbler. PFD3.168,Misc tunes,NA,NA,NA,publicdomain,0.0,0,0,7,1,1,0,44,192,4.363636363636363,False,2.8559136049813825,0.9583333333333334,0.913074712643678
Qmd7jwZxAs6PB5b3J31VDoLeikv4sGp723uE3fey6viUHv,the Tune of Farrinel's Ground to the Song of (All joy to Great Caesar.),NA,the Tune of Farrinel's Ground to the Song of (All joy to Great Caesar.),Misc tunes,NA,NA,NA,publicdomain,0.0,0,0,19,1,1,0,200,702,3.51,False,2.7707273384546545,0.8917378917378918,0.9288793103448276
QmU4GoRKP1KtZMkthji9sjB5zqfr7QbY9D39TFD9TNkhQb,The Turkey Gobbler,NA,The Turkey Gobbler,Misc tunes,Donated by John A. Cruthers Bass Drummer Co.D.18th O.V.I.,NA,NA,publicdomain,0.0,0,0,1,1,1,0,32,244,7.625,False,2.5947870091043863,1.0,0.9557291666666666
QmZvg2yze6sBd9oKyvbMzVcnsQyh1tKdwa8bHaonKWbt3b,The Turnpike Gate,NA,The Turnpike Gate,Misc tunes,NA,NA,NA,publicdomain,0.0,0,0,1,1,1,0,41,319,7.780487804878049,False,2.5286065538300395,1.0,0.9416666666666668
QmZUVdJeh8BgQKYX3SGeECTgrqfh9tEAbNux1QbTSr5RCt,The Turnpike Gate,NA,The Turnpike Gate,Misc tunes,NA,NA,NA,publicdomain,0.0,0,0,2,1,1,0,8,52,6.5,False,2.305525904179075,1.0,0.9270833333333334
QmTevm1SUGz5briJzzw9rPTtzLfbyPXe7EygSHP27pCxzz,The Turtle Dove,NA,The Turtle Dove,Misc Traditional,NA,folk,NA,publicdomain,0.0,0,0,24,0,3,0-0-0,20,209,10.45,False,2.5348860719205386,1.0,0.9569444444444444
QmNoJDwhjH97EfD9asubNkxNkHVws7YczCnRRZaNFdRzgX,The Turtle Dove,The True Lover's Farewell,The Turtle Dove,Misc Traditional,NA,folk,NA,publicdomain,0.0,0,0,40,1,1,0,22,87,3.954545454545455,True,2.013417473095624,0.9885057471264368,0.935
QmfPbDiRXZCi3KRPDFy8FMAud79GzGdNc7R2scwnM72YzL,The Twa Tramps,NA,The Twa Tramps,Misc tunes,J. Scott Skinner,NA,NA,publicdomain,0.0,0,0,2,1,1,0,19,134,7.052631578947368,False,2.319052377750079,1.0,0.90625
QmaZt6saksQtJNt2Npdke5qM5C4RKdZAHgV3gZ4PrJuaRy,THE TWEEDDALE CLUB,NA,the TWEEDDALE CLUB,Misc tunes,NATH. GOW,NA,NA,publicdomain,0.0,0,1,5,0,2,0-0,17,205,12.058823529411764,False,2.468534602253078,1.0,0.918154761904762
QmbBRXDnfeoyvhLFSjwxzWPkbV9dgNUwRqxQxCcTS4HGeY,The Twelve Days of Christmas,NA,twelve days of christmas,Misc Christmas,NA,soundtrack,thetwelvedaysofchristmas-xmas-christmas-joshua-piano,cc-zero,4.53,12,9,516,0,2,0-0,45,325,7.222222222222222,False,2.6565524637590587,0.9876923076923076,0.9424603174603174
QmdQzL8r6TfkHjn9SQyZceEPwRgTj2cNNTNZp3o3CKAFiv,The Twelve Days of Christmas,NA,twelve days of christmas,Misc Christmas,NA,soundtrack,NA,publicdomain,0.0,0,0,5,1,1,0,10,47,4.7,True,2.4090856109541288,1.0,0.960648148148148
QmYHHCryeNF41YxCrHrXGFN4GYLLLUNHzDmTWFFb3U2PAf,The Twelve Days of Christmas,NA,twelve days of christmas,Misc Christmas,anon.,soundtrack,NA,publicdomain,0.0,0,0,2,1,1,0,12,43,3.583333333333333,True,2.784683939842972,0.9767441860465116,0.9315476190476192
QmUrSmqMfY5Db93zTg2yr7r3wFxWDUi3JwYJ8gxrWhLEvB,The Twelve Days of Christmas,NA,twelve days of christmas,Misc Christmas,NA,soundtrack,NA,publicdomain,0.0,0,1,25,1,1,0,12,43,3.583333333333333,True,2.784683939842972,0.9767441860465116,0.9315476190476192
QmUPBheKKWqrVr8173R189cydm7yMpjseRtostZSw1wyHz,THE TWELVE DAYS OF CHRISTMAS VERSE 1 LINE 1 VERSE 2-4 LINE 2 VERSE,NA,twelve days of christmas,Misc Christmas,NA,soundtrack,NA,publicdomain,0.0,0,0,9,1,1,0,31,167,5.387096774193548,False,2.603479144445266,1.0,0.9340277777777778
QmQX6JP7X6xFptakDqUkDv5RToE4k2LtXSmVMJNjxPMHR2,The Twin Brothers (reel) 1237,NA,The Twin Brothers (reel) 1237,Misc tunes,after Chief F. O'Neill,NA,NA,publicdomain,0.0,0,0,10,1,1,0,25,161,6.44,False,2.5247353844950373,1.0,0.9488636363636364
QmbNqnuFEY2XrvLEVTD4CP2Mz8ix3xiAtgKh65xLbL8CJm,The Twins. (p)1657.PLFD1.133,NA,The Twins. (p)1657.PLFD1.133,Misc tunes,NA,NA,NA,publicdomain,0.0,0,0,0,1,1,0,24,92,3.8333333333333335,False,2.8964981766154057,0.9130434782608696,0.9461805555555556
QmWfwFXvhMdnoL5BPUgX37q6MDCa6tWNajRumUFPLq4PGd,The Twisting of the Rope (Casadh an tSugain),Twisting the Hayrope,The Twisting of the Rope (Casadh an tSugain),Misc tunes,NA,NA,NA,publicdomain,0.0,0,0,15,1,1,0,35,194,5.542857142857143,False,2.6184225799714658,1.0,0.9016927083333334
QmaQJ6a7fKiDa8s68HT8gaLpUTHmqdyjRNXKbiT82FfRsf,The Twisting of the Rope (Casadh an tSugain),Twisting the Hayrope,The Twisting of the Rope (Casadh an tSugain),Misc tunes,NA,NA,NA,publicdomain,0.0,0,0,44,1,1,0,39,233,5.974358974358975,False,2.6879574036049863,1.0,0.9146825396825397
QmdnRZA66P7BNHXCQmMHMyKsgjP5GmJKRe8K5naUP5oaCT,The Two Celebrated Royal Gallopades,NA,The Two Celebrated Royal Gallopades,Misc tunes,NA,NA,NA,publicdomain,0.0,0,0,7,1,1,0,96,406,4.229166666666667,False,2.875702512839202,0.9655172413793104,0.964095744680851
QmS3JE6BW4jxDpAMbm1q1vRKyNFajV4K2NJc2gomYLHhGr,The Tyger. JJo5.068,NA,The Tyger,Misc tunes,NA,NA,NA,publicdomain,0.0,0,0,12,1,1,0,36,200,5.555555555555555,False,2.535102206104124,1.0,0.9236111111111112
QmbLzjrYpsXTx5nMJLqy8EhZx7Yk6nBoVg8W5fo5xb46Wp,The Tythe Pig,NA,Tythe Pig. (p)1695.PLFD.345,Misc tunes,NA,NA,NA,publicdomain,0.0,0,0,3,1,1,0,18,77,4.277777777777778,False,2.7133695844756573,1.0,0.9182692307692308
QmZ6ztqF4Zojo4JEfhDx97XCfGtq9KTeFE8ArFNMNBiBfy,The Ugly Thief,An Gadaighe Grána (The Goddhee Grawna),The Ugly Thief,Misc tunes,NA,NA,NA,publicdomain,0.0,0,0,4,1,1,0,19,100,5.2631578947368425,False,2.476428182891881,1.0,0.865530303030303
QmWmhtLHFVY5C6VJsE6deM91Foi3RcGNZYdgwcV4tL2tzX,The Unfortunate Snow Incident,NA,The Unfortunate Snow Incident,Misc tunes,NA,NA,NA,publicdomain,0.0,0,0,3,1,1,0,65,323,4.969230769230769,False,2.831386696974969,0.9690402476780186,0.9535590277777778
QmZ8WCLzjvGQXX4WS4BHLnJSExNd6PbCCQpR8mGNWHttJA,The Union.(2 voices). TWC.298,NA,The Union.(2 voices). TWC.298,Misc tunes,NA,NA,NA,publicdomain,0.0,0,0,4,0,2,0-0,32,260,8.125,False,2.8218417472903887,0.9692307692307692,0.82421875
QmPD2K9bc6ufhBRSqVCYA8KALLFxdpampdnCJnqpz9fgDY,The Unknown,NA,NA,NA,R S,NA,piano-classical-waltz,cc-zero,0.0,0,3,22,1,1,0,72,560,7.777777777777778,False,2.6298218513517737,1.0,0.9545454545454546
QmVqiYrsVv5EiCEikvPHHNcv4XHeNTD6YuiUx5iCZqVGf7,The Unquiet Grave,Cold Blows the Wind,The Unquiet Grave or Dives and Lazarus,England Folk Song,NA,classical,NA,publicdomain,0.0,0,0,29,1,1,0,9,31,3.4444444444444446,True,2.354609812840077,1.0,0.9427083333333334
QmbHAVn3CoTDrG3Wfr4FunAG6XfeSvHDeomzdEkbyvG982,The Unquiet Grave - Medley,Medley,the unquiet grave,Gryphon,PianoHendo,NA,piano-klavier-the-unquiet-grave-hendo-sad-beatiful-sheet-piece,cc-zero,0.0,0,1,223,1,1,0,41,482,11.75609756097561,False,2.675248841047288,1.0,0.9890625
QmQJG86txCBBnZWQ6wqL7TSPFKQFk6V8xSuxY9PExLnDWE,The Up Northern Wolves Rag,NA,The Up Northern Wolves Rag,ItsDesens,Arr. Justin Desens,NA,NA,cc-zero,0.0,0,0,65,1,1,0,42,1050,25.0,False,2.660313157873828,0.9628571428571427,0.9861111111111112
QmcsBBubJYMoFmG7u5KPh38Te9VW2VMrAfbmptEK8q7b6H,The Venerable Ancient Battlefield Suwa Foughten Field,Touhou 10 - Mountain of Faith,çãã³ãåæåãï½ Suwa Foughten Field,ZUN,ZUN,soundtrack,touhou-finalbosstheme,cc-zero,4.83,3,14,456,2,1,0,210,3933,18.728571428571428,False,3.44659484429739,0.7438837920489296,0.9365577889447236
QmVsBn9pY4LPEhtVyx8AAtpf91dG68EsfTEWVghnofT4dS,The Versevianna,Father Halpin's Top Coat,The Versevianna,Misc tunes,NA,NA,NA,publicdomain,0.0,0,0,2,1,1,0,54,152,2.814814814814815,False,2.705268089391467,0.993421052631579,0.945601851851852
QmWgzNJtBDVchmyCJcWJF1Esyc5VV6YxbbNFZ9Vxjnc4au,The Vexed Editor,NA,The VEXED EDITOR,Misc tunes,NA,NA,NA,publicdomain,0.0,0,0,1,1,1,0,16,100,6.25,False,2.515463381276494,1.0,0.9479166666666666
QmUBHt6Zoid5pCsso2BMjwiQphfoFuadLZjWtgDSwK73P1,The Village Lawyer. Tho24CDs1792.03,NA,The Village Lawyer. Tho24CDs1792.03,Misc tunes,75,NA,NA,publicdomain,0.0,0,0,3,1,1,0,36,134,3.7222222222222223,False,2.44121617973921,1.0,0.9609375
QmeKcW9TgwKQ8St92jxJ1b1F2XaB2xnrjk87j6Ag3H9S8p,The Villagers3voices. JNu.24,NA,The Villagers3voices. JNu.24,Misc tunes,NA,NA,NA,publicdomain,0.0,0,0,1,0,3,0-0-0,32,424,13.25,False,2.434284519998191,1.0,0.9618055555555556
Qmf2CjACGS63BkgWS5bvuXBRQ8pzWWnY8D6WAqa1Uon33X,The Virgin Mary Had a Baby Boy,NA,Mary Had A Baby,Misc Traditional,NA,folk,NA,publicdomain,0.0,0,1,27,0,1,0,116,438,3.775862068965517,False,2.478947787725079,1.0,0.9943840579710144
QmZnu8G4JfKAJpqH6cefttRCMzobZp4s83ALzx3BGDURCe,The Virgin Queen. (p)1702.PLFD1.502,NA,The Virgin Queen,Misc tunes,NA,NA,NA,publicdomain,0.0,0,0,3,1,1,0,16,152,9.5,False,2.439565074269637,1.0,0.9699074074074074
QmQB61odt9FbDyrggRBCFWgUVqZRiwapWcbXqtcS6eNjNp,The virgins all were sleeping - Henry P. Morton,NA,The virgins all were sleeping,Henry P. Morton,NA,classical,NA,publicdomain,0.0,0,0,3,2,1,0,26,372,14.307692307692308,False,2.61079367756122,0.9756756756756756,0.9622093023255814
QmTErKBuVP6XXQEsf2qqUHRj9AxnZQTzcgsqBj6yofJm8r,The voice of God is calling (Smith) - Howard E. Smith,NA,The voice of God is calling (Smith),Howard E. Smith,NA,classical,NA,publicdomain,0.0,0,0,4,1,1,0,20,260,13.0,False,2.652657351436887,0.9769230769230768,0.8732638888888888
QmPD19UjTTMgi6p2FAXXJrUhF9pisV6NjeG9E5iZZunYNk,The voice of thanksgiving we cheerfully raise - Geo. W. Stockton,NA,The voice of thanksgiving we cheerfully raise,Geo. W. Stockton,NA,classical,NA,publicdomain,0.0,0,0,7,1,1,0,19,286,15.052631578947368,False,2.466770248325654,1.0,0.9427083333333334
QmaebEyLssQatLFhMrsguL3JMYor4kn6cX1rDyECexJZwk,The voice of the Savior is calling today - R. E. Winsett,NA,The voice of the Savior is calling today,R. E. Winsett,NA,classical,NA,publicdomain,0.0,0,0,9,1,1,0,18,302,16.77777777777778,False,2.5005049137868527,0.9933554817275748,0.9340277777777778
QmeVKXRme44G5H85PC99gTaAXHaavxXG2fmAZJocwjP7D2,The voice of the Spirit is wooing - H. W. Porter,NA,The voice of the Spirit is wooing,H. W. Porter,NA,classical,NA,publicdomain,0.0,0,0,4,2,1,0,27,390,14.444444444444445,False,2.7270159637221973,0.9487179487179488,0.8935185185185185
QmcGcuqPCkwToNTRc6h7ByJYAhXkf4j4QRfeGAqLt4wJJx,The Volley Voe. RHu.027,OatsPeas and Beansaka. RHu.027Voulez Vous Danser?aka. RHu.027,The Volley Voe. RHu.027,Misc tunes,NA,NA,NA,publicdomain,0.0,0,0,3,1,1,0,43,169,3.930232558139535,False,2.5266521064411323,1.0,0.9048611111111112
QmNn6jATDX5MTKZkuKhNbau5qFFuWCKjRM7z1wG2fnkr5u,The vows of God are on you - E. O. Excell,NA,The vows of God are on you - E. O. Excell,E. O. Excell,NA,classical,NA,publicdomain,0.0,0,0,7,1,1,0,30,354,11.8,False,2.6823180124279684,0.9830508474576272,0.9016203703703703
QmaRsNke8zy4vbQdPJBa9bjXuw9UctNuUPzpEfSSwFZxQS,The Vulture Rag,NA,NA,NA,Tom Brier (1994),NA,thevulturerag-ragtime-tombrier-fast,cc-zero,4.62,5,8,412,2,1,0,145,2928,20.193103448275863,False,3.240510772079673,0.8690150478796169,0.9701967592592592
QmeZoDnT4vxtC3YPQcsZC7NQFsNAB4za9xnJ8MrYr6LcU2,The Waits. (p)1657.PLFD1.163,NA,WaitsThe. (p)1657.PLFD.163,Misc tunes,NA,NA,NA,publicdomain,0.0,0,0,2,1,1,0,16,90,5.625,False,2.5024310492753474,1.0,0.9444444444444444
QmZTJYdQ6zJn8WmRMNX5jb6yumH9Us66XmC2NkvY3ogPJP,The Walk of the Two Penny Postman,Gary Owen,The Walk of the Two Penny Postman,Misc tunes,NA,NA,NA,publicdomain,0.0,0,0,5,1,1,0,18,79,4.388888888888889,False,2.766455606291471,1.0,0.9392361111111112
QmTmW1539Xti8PXZpsPvcfchrwu4AwvPWefXTJj3VUYjmg,The Wallace Twins (281),NA,The Wallace Twins (281),Misc tunes,NA,NA,NA,publicdomain,0.0,0,0,2,1,1,0,16,122,7.625,False,2.5128946096032587,1.0,0.9674479166666666
QmaLcWjZf1a5mW23YLzzvJZB6wv6CogUMcuDBvmkwcELrh,The Walling of the Plading. Roose.0360,Waulking of the Plaiding? Roose.0360 The,The Walling of the Plading. Roose.0360,Misc tunes,NA,NA,NA,publicdomain,0.0,0,0,2,1,1,0,28,204,7.285714285714286,False,2.477805701441049,1.0,0.9340277777777778
QmXDbEdx8ZD15NRUsGWkrucWNQwZm2k59EUEz9ZKu5MSuf,The walls of Jericho fell down (Herbert) - J.B. Herbert,NA,The walls of Jericho fell down (Herbert),J.B. Herbert,NA,classical,NA,publicdomain,0.0,0,0,7,1,1,0,21,169,8.047619047619047,False,2.4321845539620868,0.9940828402366864,0.884469696969697
QmWvCqxerWzY2wehfc6L93KYEzriTrzxaKEJ8N9Wp4Ssva,the Walls of Limerick,the Eight and Forty SistersTie the Ribbons,The Walls Of Limerick,Misc tunes,NA,NA,NA,publicdomain,0.0,0,0,23,1,1,0,28,172,6.142857142857143,False,2.820936535986824,0.9651162790697676,0.9848484848484848
QmamtZ1aGQoHysQHbrz47v1mAKwRrAFyevypNS4eZ1q5mo,the Walls of Limerick,Tie the Ribbons,The Walls Of Limerick,Misc tunes,NA,NA,NA,publicdomain,0.0,0,0,5,1,1,0,25,159,6.36,False,2.738050694039303,1.0,0.9666666666666668
QmQrYewxA6V1tcyyYmApK4BfC6q2mw9Een4Ymh12yLnh7Z,The Waltz of Lupin the Third - Piano Duo,Arranged for Piano Duo,lupin the third theme,Yuji Ohno,Franco Micalizzi,NA,pianoduo-piano-waltz-lupin,cc-zero,4.55,28,103,4443,0,2,0-0,163,1788,10.969325153374234,False,3.187095488495304,0.8920581655480985,0.8908811475409836
QmbWieeP8VhY4nPUNhewRLf2mmEQpx4DXeZSWEhFRnH5BJ,The Wanderer,NA,NA,NA,NA,NA,NA,cc-zero,0.0,0,4,2070,0,1,0,86,3830,44.53488372093023,False,2.906762651041093,0.8859007832898173,0.9762254901960784
QmZosYTZz2J1FVQQ4vWf32xoGBKgExBZx4Bp1dJwTBTKqF,The Wanderer Boy,NA,The Wanderer Boy,Misc tunes,No 82 Pages 36-37 Wm Clarke MS Feltwell Norfolk,NA,NA,publicdomain,0.0,0,0,2,1,1,0,28,122,4.357142857142857,False,2.7015104501640548,1.0,0.944078947368421
Qmcxc7XC2AMkDuCR8HRL9ugm7SjFt4Pt2JEnxjjHRzz3dd,The Wanderer; Or Cease Awhile Ye Winds To Blow,NA,The Wanderer; Or Cease Awhile Ye Winds To Blow,Misc tunes,NA,NA,NA,publicdomain,0.0,0,0,5,1,1,0,8,36,4.5,False,2.3963563505544148,1.0,0.9464285714285714
QmXxgsQ4AXXEZw2jtkPom45f33WQGKAMXV9dQWDAx3p5iE,The Wandering Minstrel,Gallant Boys of Tipperary The,The Wandering Minstrel,Misc tunes,NA,NA,NA,publicdomain,0.0,0,0,26,1,1,0,64,342,5.34375,False,2.3645774542222613,1.0,0.9618055555555556
Qma4NVg5hPyT5Hcxr5VBjz4Pb16jEZyArjRee29Fo6wWE2,The war is on the battle cry is ringing out - Haldor Lillenas,NA,The war is on the battle cry is ringing out,Haldor Lillenas,NA,classical,NA,publicdomain,0.0,0,0,3,2,1,0,32,519,16.21875,False,3.0049810565923574,0.907514450867052,0.9331896551724138
QmQNecyaqmYdJW2MvzpvqRHX297BFzBeqdw3iUcgZ6VCUS,The Warmouth Lasses. WHL.[089],Wearmouth Lassesaka. WHL.[089] TheYarmouth Lassesaka. WHL.[089] The,The Warmouth Lasses. WHL.[089],Misc tunes,NA,NA,NA,publicdomain,0.0,0,0,1,1,1,0,26,122,4.6923076923076925,False,2.672365527747284,1.0,0.9409722222222222
QmSMrFwCtSqFqKPXWDafn9CLVLXAhJQPjLFTXtof1wLabs,the Warrior's Return,dance: The MonMouth Ramble [Gillian Charters],the Warrior's Return,Misc tunes,J. Scott Skinner,NA,NA,publicdomain,0.0,0,0,4,1,1,0,20,73,3.65,False,2.816679807847545,0.9726027397260274,0.9398148148148148
QmWfz29vugrN3M3k3S4hx5zUV5b1UGAJVctoGmcUU1Trqz,The was an old man with a beard,NA,NA,NA,NA,NA,NA,publicdomain,0.0,0,0,133,1,1,0,17,47,2.764705882352941,False,2.458597052488428,1.0,0.9696969696969696
QmebWMp1V2HKnagfMzFP6CXrZyfLYQGjNXEBXD49JbsRbR,The Washing Day,Stick Dance by the whole set. 6 8 or 12 or as many as will.,the WASHING DAY,Misc tunes,NA,NA,NA,publicdomain,0.0,0,0,3,1,1,0,109,350,3.2110091743119265,True,2.653091729508343,1.0,0.8950320512820513
Qmd9iac38xXHeU6qKz1JfATQiomDnBKMUctTHC191rkhJB,The Wassail Song,NA,NA,NA,Traditional Harmonized by Sir John Stainer,NA,pilgrimpresbyterian-christmas-newyears-carols,cc-zero,0.0,0,6,379,0,4,0-0-0-0,20,258,12.9,False,2.842644975052456,0.9758064516129032,0.9485294117647058
Qmbice3rpw7ZpZ7Y6srxCWxdexQaLaqMi5pkfALfs1MPLj,The Watchmaker,an uar.fairea.can.,The Watchmaker,Misc tunes,NA,NA,NA,publicdomain,0.0,0,0,1,1,1,0,17,130,7.647058823529412,False,2.6541344761282177,0.9923076923076924,0.9609375
QmPVJvLwvE9s2Fmq3t2MeaYREiVGEcnmri6rNJQpkVN9vP,The Watchmaker,John Gaffney's FlingNiel Gow's HighlandNeil Gow's Second Wife,The Watchmaker,Misc tunes,Daniel McLaren (Edinburgh Scotland) or maybe Niel Gow Scotland (1727-1807),NA,NA,publicdomain,0.0,0,0,8,1,1,0,16,128,8.0,False,2.644811834248529,0.9921875,0.9453125
QmehoopCdz96bPaE2rz4Ss4zAYzo27uZLMLnXKKuYVVDwY,The Watchmaker,Niel Gow's Wife,The Watchmaker,Misc tunes,NA,NA,NA,publicdomain,0.0,0,0,2,1,1,0,16,117,7.3125,False,2.540938183951857,1.0,0.9739583333333334
QmQjmz3kXdz7rNgPc72BzyFvudzpseLXysJ1FKgfxNGd8B,The Watchman's Call - William Walker,NA,The Watchman's Call,William Walker,NA,classical,NA,publicdomain,0.0,0,0,1,0,3,0-0-0,21,206,9.80952380952381,False,2.417378575108593,1.0,0.9434523809523808
QmZrHHPwMbdAi9pmcG58dL2xgfe8NxViwRfgnXTTUd2Pc2,The Water is Wide,NA,The Water is Wide,katecuttill,NA,NA,NA,cc-zero,0.0,0,1,88,0,3,0-0-0,63,693,11.0,True,2.5956641238319484,1.0,0.9846153846153848
QmZA6tTkAZeaY69AevvHWQVd4NpCj9oHEZoPtCbRe7Gmnv,The Water Is Wide,NA,the water is wide,Misc Traditional,NA,folk,NA,publicdomain,0.0,0,1,15,1,1,0,34,72,2.117647058823529,False,2.6377440154403264,1.0,0.9065860215053764
QmTqFFPKZ6hNcQGzxFxE1yhpQ7fQtjxuXNbn2sDh2dnTrX,The Water Is Wide,NA,the water is wide,Misc Traditional,NA,folk,NA,publicdomain,0.0,0,0,23,1,1,0,15,38,2.533333333333333,False,2.637391737758377,1.0,0.9375
QmNrJgW7f23Kc8GQ56yz11fz3bz7M6pXytbr3jY8y78pxN,The Water is Wide,NA,the water is wide,Misc Traditional,NA,folk,NA,publicdomain,0.0,0,0,26,1,1,0,17,46,2.7058823529411766,False,2.5089067089673875,1.0,0.92578125
QmZt78GNPmhoXbkerpdapuGPSRfoRtqNZTWz269fwNECqo,The Water is Wide acc,NA,The Water is Wide acc,katecuttill,NA,NA,NA,cc-zero,4.66,3,0,80,0,3,0-0-0,63,693,11.0,True,2.5956641238319484,1.0,0.9846153846153848
QmRHfRHSca4CTDq2F6bDcAeFDRC1LXdEQBpiRssmN62Xxx,The Water is Wide part 2,NA,The Water is Wide part 2,katecuttill,NA,NA,NA,cc-zero,0.0,0,0,34,0,3,0-0-0,63,693,11.0,True,2.5956641238319484,1.0,0.9846153846153848
QmSTuEJ8861xNCFqsvFBwEmqiWkbbexiQqQUn7Yqqy3Q1q,The Water of Boyne,NA,The Boyne Water,Misc tunes,NA,NA,NA,publicdomain,0.0,0,0,1,1,1,0,17,81,4.764705882352941,False,2.7906777307680475,0.9753086419753086,0.9427083333333334
QmRcrywRF43iY6mVmPxjMzGJTH6wLVRf8nV6L4eNFBr8Jm,The Water of Tyne,NA,The Water Of Tyne,Misc tunes,NA,NA,NA,publicdomain,0.0,0,0,7,1,1,0,9,47,5.222222222222222,False,2.487120971902645,1.0,0.8680555555555556
Qmb83hXuqjhZze6bNNRjTLvzRTn8zsT5nWN5LCB5rrsR4Z,The Waterloo Medal. CJF.181,NA,The Waterloo Medal. CJF.181,Misc tunes,by T.H.Bayly,NA,NA,publicdomain,0.0,0,0,1,1,1,0,19,114,6.0,False,2.6698216981894896,0.9649122807017544,0.9421296296296297
QmPEFN4PptYpCcxuFmv3iJFHh6Za97dp2o4xDrHhPb1Rp8,the Watermen's Rant,NA,The Watermen's Rant,Misc tunes,NA,NA,NA,publicdomain,0.0,0,0,0,0,2,0-0,16,204,12.75,False,2.380919271024467,0.9950980392156864,0.9361979166666666
Qmcv8MyiyFsyVbusEKgrZvAjqfQPdpzFmVot6NmrTFFD77,The waters are troubled - Samuel Morrison,NA,The waters are troubled,Samuel Morrison,NA,classical,NA,publicdomain,0.0,0,0,5,1,1,0,17,209,12.294117647058824,False,2.556730217336209,1.0,0.9097222222222222
QmcGXRjT37iFQVrzvU5aQ1wVfVL3ghvytzLGxGFuBcANHw,The Way I Am - Eminem,Eminem,the way i am,Eminem,Arranged by Eneas Rotterdam,hiphop,eminem-the-way-i-am-thewayiam-thewayiam-rap-hiphop-hiphop-marshallmathers-marshall-mathers,cc-zero,4.35,62,477,18471,1,1,0,8,123,15.375,False,2.6942497297073,0.8536585365853658,0.9375
QmSLdV61cEk7yeHWn4ktngGZJLVXv5Jpv2es4cge51podY,The way is long and dreary - Wm. J. Kirkpatrick,NA,The way is long and dreary - Wm. J. Kirkpatrick,William J. Kirkpatrick,NA,classical,NA,publicdomain,0.0,0,0,4,1,1,0,21,280,13.333333333333334,False,2.84519312960091,0.9642857142857144,0.9333333333333332
QmZjw2PM3ncSu7kD45defQvBXhtPtz9YpBTAAaTxAV5MdB,The way is long and rough - Jno. R. Sweney,NA,The way is long and rough,John R. Sweney,NA,classical,NA,publicdomain,0.0,0,0,3,1,1,0,19,302,15.894736842105264,False,2.717047465409329,0.9834437086092715,0.9085648148148148
QmdCsv4bmh7FCXFSbabynvzw65v5yAMC3BQv7em36MQBvJ,The way is so easy we need never stray - C. E. Koch,NA,The way is so easy we need never stray,C. E. Koch,NA,classical,NA,publicdomain,0.0,0,0,4,1,1,0,17,119,7.0,False,2.702737954456391,0.9915966386554622,0.9322916666666666
QmeebHHUo4hp6ahi4QWwg1DSxovmbyH5VkHSrPgxq6DP3L,The way of salvation must lead by the cross - C. E. Koch,NA,The way of salvation must lead by the cross,C. E. Koch,NA,classical,NA,publicdomain,0.0,0,0,3,2,1,0,19,312,16.42105263157895,False,2.5371647164928004,1.0,0.8611111111111112
QmUczPcdMXTKGMJAf3gc8YmRXxW9E5v82ZFzdaHAjB29aU,The way the truth the life - C. H. Ogborn,NA,The way the truth the life,C. H. Ogborn,NA,classical,NA,publicdomain,0.0,0,0,3,2,1,0,18,364,20.22222222222222,False,2.6488257217177824,0.9835164835164836,0.9191176470588236
QmTQ1VwdWvNk6VzcqQbVFCrRCSaCJYDAWvQGNV1NTfnM5F,The way to heaven will brighter grow - J. M. Black,NA,The way to heaven will brighter grow,J. M. Black,NA,classical,NA,publicdomain,0.0,0,0,2,1,1,0,18,260,14.444444444444445,False,2.630202165176921,0.9846153846153848,0.91796875
QmeH3xgXeNwWCgdDhNwh5KCrTECsBd1A32Z93hdv3mKnBz,The Wayfaring Stranger,NA,Wayfaring Stranger (I am a Poor),Misc Traditional,NA,folk,NA,publicdomain,0.0,0,0,22,1,1,0,64,178,2.78125,False,2.0662566512029983,1.0,0.9196428571428572
QmNtBeYhNnKGQUJT7M7Yxwdo53diHqpuP8VKZGRFg82JP9,The Wayfaring Stranger,NA,Wayfaring Stranger (I am a Poor),Misc Traditional,NA,folk,NA,publicdomain,0.0,0,0,16,1,1,0,48,168,3.5,False,2.350534423447294,1.0,0.9456521739130436
QmeUspsAp7a76jYa5yCjCAPKWCv3jg9jFZCTny6qDGBqv7,The Wayfaring Stranger - Traditional,NA,Wayfaring Stranger (I am a Poor),Misc Traditional,American Folk Song,folk,wayfaringstranger-edsheeran-jamiewoon-vocal-satb-ssab-singlish-musicalame-musicalme-singlish-crizefoi,cc-zero,4.83,3,44,5473,0,4,0-0-0-0,56,448,8.0,True,2.412068123001725,1.0,0.9162878787878788
QmWftCYdMCV1upG2r8cJJeSTyPQd2jXyay9wxxuhSis548,The weakening pulse the shortening breath - Adam Geibel,NA,The weakening pulse the shortening breath,Adam Geibel,NA,classical,NA,publicdomain,0.0,0,0,4,1,1,0,20,242,12.1,False,3.1300859651097706,0.9132231404958676,0.9518229166666666
QmTQocQQHs2W9ScHNBfRGSC76gpkNkoLsDGZUWC8P9sont,The Weapons Of Non Existence,NA,The Weapons Of Non Existence,Misc tunes,NA,NA,NA,publicdomain,0.0,0,0,1,1,1,0,48,254,5.291666666666667,False,2.612518106443944,1.0,0.962962962962963
QmV1Nksv6QghAKp2snRCbq1NWb2rtwKfFAZtMyAswtcv9g,The weary hours like shadows come and go - Ira D. Sankey,NA,The weary hours like shadows come and go,Ira D. Sankey,NA,classical,NA,publicdomain,0.0,0,0,4,1,1,0,11,164,14.909090909090908,False,2.80801953423942,0.9695121951219512,0.9296875
QmYDVmDEtKj7uCxVcdH21EbdwAy5VgVG6HPeGSQhTxcxMz,the WEARY PUN' O' TOW.,HEY THEN UP GO WE.,The WEARY PUN' O' TOW.,Misc tunes,NA,NA,NA,publicdomain,0.0,0,0,3,1,1,0,36,144,4.0,False,2.520877139036992,1.0,0.8550347222222222
Qmex7CwyQ2RtK6cgBcCeGnuRAWBwuSiZrikE4SPcuJrcZv,The Weazle A Sleep. JBut.309,Howlet and the Weazelaka. JBut.309 The,The Weazle A Sleep. JBut.309,Misc tunes,'A Quick Step',NA,NA,publicdomain,0.0,0,0,2,1,1,0,32,144,4.5,False,2.6619441911182475,0.9861111111111112,0.9227430555555556
QmZGybpHxsRbPSyHzVeV8qJ3RHDPDxXLXCFzPdJ9pU6WJa,The Wedding o' Blyth,Blue's Gaen Oot o' the Fashion,The Wedding O' Blyth,Misc tunes,NA,NA,NA,publicdomain,0.0,0,0,2,1,1,0,28,192,6.857142857142857,False,2.7280577895450286,0.9895833333333334,0.9544753086419752
QmSJtXdGga9bgxuxdg1HeBP3iEMGSA9iK7RuesA5SyH5FJ,The Wedding of the Frog and Mouse,NA,The Wedding of the Frog and Mouse,Misc tunes,NA,NA,NA,publicdomain,0.0,0,0,4,1,1,0,9,26,2.888888888888889,False,2.3442426054933985,1.0,0.9513888888888888
QmeMkyek2EuCgzhAbgvNqRBLc7L9u8Aa66cAyjEwdiW7FN,The Wee Bag of Praties,NA,The Wee Bag of Praties,Misc tunes,NA,NA,NA,publicdomain,0.0,0,0,1,1,1,0,9,55,6.111111111111111,False,2.67774242772276,1.0,0.9010416666666666
QmYCasFXXZuxGXfimTx7p8pCRZ3CzxDfKPSUqBj4HTDX2b,The Wee Kirkcudbright Centipede 1,NA,The Wee Kirkcudbright Centipede 1,Misc tunes,Joe Buchanan's Scottish Tome - Page 429.0,NA,NA,publicdomain,0.0,0,0,23,1,1,0,33,116,3.515151515151515,False,2.427204408396872,1.0,0.904891304347826
QmZyannrqUhbFUyhHEydaFm8tZT3UQUy9Y88UtA4eUQraq,The Wee Man At The Loom,NA,the WEE WEE MAN,Misc tunes,NA,NA,NA,publicdomain,0.0,0,0,16,1,1,0,36,150,4.166666666666667,False,2.5950624884563696,1.0,0.9153645833333334
QmbPhAZdLcLWNNrmsfqq6inMf2YS78CGKvomErX7TrL4zC,The Wee Man From Uist,NA,the WEE WEE MAN,Misc tunes,NA,NA,NA,publicdomain,0.0,0,1,7,1,1,0,40,233,5.825,False,2.4014699120540515,1.0,0.9390625
QmQEJQ5LqCUvhMV7uzD1oWn8FCb8suMwRhZfWPw3TetUaC,The Wee Wee Bag of Praties,NA,The Wee Wee Bag of Praties,Misc tunes,NA,NA,NA,publicdomain,0.0,0,0,3,1,1,0,10,62,6.2,False,2.5209543137283856,1.0,0.9192708333333334
QmPryDa16yVbNYygnUT7oW4wgUsmLGuSGxU1ZCtP4BAcJe,The Weekend - Blinding Lights - Easy Piano,NA,Blinding Lights,The Weeknd,NA,electronic-rbfunksoul,NA,cc-zero,4.65,205,833,12621,1,1,0,128,1003,7.8359375,False,2.517729376915036,1.0,0.9366861979166666
QmSaLqZXgH393WBEDfpXV4VonWAtqDhyDRdYgoGqjW7kGm,The Weeknd - Call Out My Name.,NA,call out my name,The Weeknd,NA,electronic-rbfunksoul,piano-theweeknd-calloutmyname-partitura-gritemeunome,cc-zero,4.62,86,808,29846,2,1,0,78,1092,14.0,False,2.509972596819569,1.0,0.8632990867579908
QmWr7GAwpLZ3hHVkZr6hHXFunjovmFXoGnFGn4NdgmUpBb,The Weeknd- Call Out My Name,NA,call out my name,The Weeknd,NA,electronic-rbfunksoul,NA,cc-zero,4.42,4,38,1538,1,1,0,33,213,6.454545454545454,False,2.5359801412189102,1.0,0.9071180555555556
QmZBhkQaeSgSHXCQst1bNXUtdX6Jy3SGwFSVnQa6YDQZnS,The Weeping Birches of Kilmorack,NA,The Weeping Birches Of Kilmorack,Misc tunes,J. Scott Skinner,NA,NA,publicdomain,0.0,0,0,5,1,1,0,18,152,8.444444444444445,False,2.935806464267764,0.9407894736842104,0.8694444444444445
QmWM4JhHYLFnZuTgVDZxwjHHfDr18zhToJd2BJuPuJJNwU,THE WEEPING WILLOW TREE,NA,The Willow Tree,Misc tunes,NA,NA,NA,publicdomain,0.0,0,0,3,1,1,0,18,62,3.4444444444444446,False,2.5189491895394327,1.0,0.8923611111111112
QmTexrE1HSfXNwT5V8QuZkXEtT5WsR9TyrqGFKVnHyP9Y5,The Weezle. Ru1.104,Owlets and Weaselsaka. Ru1.104Howlets and Weezlesaka. Ru1.104,The Weezle. Ru1.104,Misc tunes,NA,NA,NA,publicdomain,0.0,0,0,8,1,1,0,32,134,4.1875,False,2.7087936102695163,0.9850746268656716,0.8671875
QmZ75XH7MPBaZhXEXdshEeAALo9bDCRWxg8AHe7K1gqksf,The welcome news my soul makes glad - W. H. Doane,NA,The welcome news my soul makes glad,W. H. Doane,NA,classical,NA,publicdomain,0.0,0,0,4,1,1,0,20,242,12.1,False,2.4343913147918417,1.0,0.9408333333333332
QmNX5N2XQJ6gaggpb42PrGr3WY82TpnVUfTNG9bT1R4Vep,The Westbrook Bell,NA,The Westbrook Bell,Misc tunes,NA,NA,NA,publicdomain,0.0,0,0,3,1,1,0,16,135,8.4375,False,2.693467347797212,1.0,0.9036458333333334
QmfQsA4uem9t5Lbmuvn2NHFHpJXjXJwcqb7T1LZafE4cto,The Western Harvest Home,NA,Harvest Home,Misc tunes,NA,NA,NA,publicdomain,0.0,0,0,1,1,1,0,18,124,6.888888888888889,False,2.6430822079428187,1.0,0.98046875
QmViGfdUMhTaeeNMUrNYwdw6ZT2tpa3WqeTMCMP2DhKwni,The western lasses,NA,The western lasses,Misc tunes,anon.,NA,NA,publicdomain,0.0,0,0,1,1,1,0,26,197,7.576923076923077,False,2.6533142116185093,1.0,0.9375
QmWhSjtS5Ghxfr8D8nvuAfQquy3qxD1Bsv87UgGLokrwSn,The Western Lasses (reel) 1552,O'Neill's Music Of Ireland (The 1850) Lyon & Healy Chicago 1903 Edition.,The western lasses,Misc tunes,after Mr. Dunlap,NA,NA,publicdomain,0.0,0,0,6,1,1,0,26,198,7.615384615384615,False,2.6573894881321576,1.0,0.9470486111111112
QmbTf55gM7HbkuVdK9knmY5ogm39jbTk2ULhZ7HasX5MaS,The Westminster Slow March.2voices RH.429,NA,The Westminster Slow March.2voices RH.429,Misc tunes,NA,NA,NA,publicdomain,0.0,0,0,3,0,2,0-0,16,162,10.125,False,2.7995746516783298,0.9937106918238994,0.9361111111111112
QmSJy4wbtnhkNKi1BjWfRb8YGS4urjTwCsUEvLGmctMz8Q,The Westphalia,NA,The Westphalia,Misc tunes,NA,NA,NA,publicdomain,0.0,0,0,5,1,1,0,75,325,4.333333333333333,False,3.0514003366623426,0.9415384615384615,0.9471450617283952
QmZmLPG8GasJ4obmYNJkWjKwfngAHNGnRtr4TCHPkstqKC,The Wexford Carol,NA,The Wexford Carol,Misc tunes,Traditional,NA,folk-christmas-carol-wexford,publicdomain,4.42,11,10,1201,0,1,0,17,89,5.235294117647059,False,2.728064832606165,0.9213483146067416,0.9340277777777778
QmTj51BFqTgTr743BK7379puh47dAfRbijH2jkG3DoKgoC,The Wexford Lasse (reel) 1390,NA,The Wexford Lasses,Misc tunes,After Mr. McFadden,NA,NA,publicdomain,0.0,0,0,1,1,1,0,28,209,7.464285714285714,False,2.7596493593533493,0.9904306220095692,0.9608333333333332
Qmci3osbPkAeGbrhxSmkUanbsTbNMqj57uT4CMN4jysjDU,The Whalking of the Feld JBut.167,Walking of the Field? JBut.167 The,The Whalking of the Feld JBut.167,Misc tunes,NA,NA,NA,publicdomain,0.0,0,0,52,1,1,0,68,276,4.0588235294117645,False,2.3716849061733125,1.0,0.923828125
QmernBYkimvFSLBqTitVPSLgcrJC89i4HG7fav9HmXpEvC,The Wheat is ready for reaping now,NA,The Wheat is ready for reaping now,Misc tunes,NA,NA,NA,publicdomain,0.0,0,0,3,1,1,0,17,67,3.941176470588236,False,2.4790446499690617,1.0,0.8958333333333334
QmVYp6q8CopcwTKfGLTiT9Fawa8wAtDqeiQtcb9gCRQk8Y,The Wheels on The Bus,For Aden and Blake,the wheels on the bus,Misc Children,NA,soundtrack,NA,publicdomain,4.49,58,144,6104,1,1,0,32,88,2.75,True,2.308635224346048,1.0,0.975
QmbBEvkdvCxPByYYPhG94kw4jGDg59r1hwnB4Rz8gg93ZJ,The Whigs of Fife,NA,the Whigs of Fife,Misc tunes,NA,NA,NA,publicdomain,0.0,0,0,2,0,2,0-0,20,196,9.8,False,2.269527409665133,1.0,0.9440104166666666
Qmc383UnRXWdpnaE6Sg7KxmcwKd2HUuTKAEcWXRDox1jGC,the Whigs of Fyffe,NA,The Whigs of Fyffe,Misc tunes,NA,NA,NA,publicdomain,0.0,0,0,0,0,2,0-0,23,215,9.347826086956522,False,2.3813486087631777,0.9906976744186048,0.925189393939394
QmcfJYEYME9GEsGdZk2YkyErpjgmtxoEZeh5zboUbG3sGU,The Whigs Of Fyffe. Ru2.151,NA,The Whigs Of Fyffe. Ru2.151,Misc tunes,NA,NA,NA,publicdomain,0.0,0,0,2,1,1,0,36,218,6.055555555555555,False,2.751112044491241,0.9908256880733946,0.9421875
QmdESBbgaHs8aiTyeWGEvYEmHNzZjuMjDSeSrSmM7PTL2S,The Whigs Of Fyffe. Ru2.151,NA,The Whigs Of Fyffe. Ru2.151,Misc tunes,NA,NA,NA,publicdomain,0.0,0,0,1,1,1,0,15,90,6.0,False,2.580780732863692,0.9888888888888888,0.9322916666666666
Qma7wUi96fKhLScHBav8QpKhvFaMGVrzh5MfiwPcdHmVe4,The Whim. (p)1695.PLFD1.347,Bartholomew Fair. (p)1695.PLFD1.347,The Whim. (p)1695.PLFD1.347,Misc tunes,NA,NA,NA,publicdomain,0.0,0,0,1,1,1,0,28,124,4.428571428571429,False,2.628527132921529,1.0,0.943287037037037
Qmdk8nkqpHyFM4LRUqMbfRS5sh2pMfdrMo4daiPNnELezi,The Whipman's Rant,Is Your Graith in Order,The Whipman's Rant,Misc tunes,NA,NA,NA,publicdomain,0.0,0,0,2,1,1,0,14,106,7.571428571428571,False,2.400343019886122,1.0,0.9079861111111112
QmU4tTqG4zg3G6sDfZTMMGMK9XFzK3yRdvdVb7rSkdndNX,The Whistling Thief,CucanandyCuaichin Aindi,The Whistling Thief,Misc tunes,NA,NA,NA,publicdomain,0.0,0,0,6,1,1,0,16,81,5.0625,False,2.6627950178948416,1.0,0.8912037037037037
QmWZDV2smAramSEL6ui7gF8VnuL19AjfQq2xuHeBgBJHya,The White Blanket,An Súisín Bán,The white blanket,Misc tunes,NA,NA,NA,publicdomain,0.0,0,0,3,1,1,0,17,146,8.588235294117647,False,2.776137775503832,0.9863013698630136,0.8871527777777778
QmZw11AJBEatoNbYiopusY7AGkfQeoV3LWYJVSc7mk3j4n,The White Blanket,An Suisin Ban,The white blanket,Misc tunes,collected by Cronin,NA,NA,publicdomain,0.0,0,0,2,1,1,0,53,302,5.69811320754717,False,2.6858966013822463,1.0,0.8854166666666666
QmU87pYszuqiuDQM9nqYPaqqARJUq3tBTZTsz2Y4NPdAsw,The White Blanket (longdance) 1794,NA,The White Blanket (longdance) 1794,Misc tunes,after Mr. Cronin,NA,NA,publicdomain,0.0,0,0,1,1,1,0,46,262,5.695652173913044,False,2.695845733509236,1.0,0.8928571428571429
QmeHeoyD5AR7CJHS5ZToa1SK2v9EVovVoWBqLrbqPFitJ4,The White Cockade,Highland Laddie,The White Cockade,Misc tunes,NA,NA,NA,publicdomain,0.0,0,0,4,1,1,0,72,368,5.111111111111111,False,2.580165312080026,0.9891304347826086,0.9537760416666666
QmQ5Dw7eHMuQ1mye5DSHoRZbjXrZZHpLbY9AFhDp6KvjP7,The White Flail,Súistín bán An,The White Flail,Misc tunes,NA,NA,NA,publicdomain,0.0,0,0,2,1,1,0,17,78,4.588235294117647,False,2.4844178589545765,1.0,0.9388020833333334
QmUGBfBpLR6L1goWKZMPnhTWpdatoW391eE4Fai1rBRcTF,The White Goat,An Gabhar B\'an,The White Goat,Misc tunes,NA,NA,NA,publicdomain,0.0,0,2,5,1,1,0,71,348,4.901408450704225,False,2.603714439675102,1.0,0.951522435897436
Qmd6dqryekd4BeSvtVtWw2bWJEM6by8vezevvHYRZUhacz,The White House. JJo6.117,NA,The White House. JJo6.117,Misc tunes,NA,NA,NA,publicdomain,0.0,0,0,4,1,1,0,48,256,5.333333333333333,False,2.866244984971768,0.96875,0.9380787037037036
Qmf9LQaUzPAdGpTXP8xz6xMwvw4LrnddHZFeT4KoSsChUb,The White Houses of Sheildag,Taighean Geala Shieldaig,The White Houses of Sheildag,Misc tunes,NA,NA,NA,publicdomain,0.0,0,0,6,1,1,0,20,116,5.8,False,2.419421573215387,1.0,0.9153645833333334
QmYFUJZKRYTnLXpCpDLqWvxCZBseSYKZJcKP1Qc2iLCk2p,The White Petticoat,NA,the white petticoat,Misc Traditional,NA,folk,NA,publicdomain,0.0,0,0,0,1,1,0,4,20,5.0,False,2.423219672335508,1.0,0.9375
QmYdHdGJb3afHVdfdrFckGcqp3aU8e2YLtsM9VK6qWkda4,the White petticoat,NA,the white petticoat,Misc Traditional,NA,folk,NA,publicdomain,0.0,0,0,3,1,1,0,36,188,5.222222222222222,False,2.548022424603197,1.0,0.9878472222222222
QmRXhZmWvQZVwSjqnv2j4c2Rqk2YiMoty9MibxNfraX45B,The White Petticoat (jig) 0773,NA,the white petticoat,Misc Traditional,Unattributed,folk,NA,publicdomain,0.0,0,0,3,1,1,0,38,210,5.526315789473684,False,2.7046514525854346,0.9904761904761904,0.9883333333333332
QmY1eqXrgVEurCo6HBpXWALCpeY6N44oMNsHG6YpDZAzW7,The White Petticoat.,NA,the white petticoat,Misc Traditional,NA,folk,NA,publicdomain,0.0,0,0,0,1,1,0,47,253,5.382978723404255,False,2.69425707095194,0.9920948616600792,0.9751344086021504
QmTMDKFGcjknBW1mtFEC9wj5dWcTbZFVwAuTJU5R6CHpFK,The White Swan,NA,The White Swan,Misc tunes,NA,NA,NA,publicdomain,0.0,0,0,24,1,1,0,5,16,3.2,False,2.382856063692049,1.0,0.9027777777777778
QmQYJmSbpR9pyjEdLhB73V7cUZBziLYqKEd4MqUCyD22z2,The Whole Tone Scale,aka. the I Wish I Was Back Home Scale,The Whole Tone Scale,lillesvin,NA,NA,NA,cc-zero,0.0,0,1,45,1,1,0,2,25,12.5,False,2.579470570797252,0.68,0.8333333333333334
QmVR24p82weJ954xNNwUcCPsLDaiDFEhUFNWcJLsfh4JTK,The whole wide world for Jesus (Kirkpatrick) - Wm. J. Kirkpatrick,NA,The whole wide world for Jesus (Kirkpatrick),William J. Kirkpatrick,NA,classical,NA,publicdomain,0.0,0,0,4,1,1,0,34,341,10.029411764705882,False,2.714869038833759,0.9736070381231672,0.9661458333333334
QmNP3FhXw7CWJymvQp4wzCadTJVindyp13GRor6WArSQUe,The whole wide world for Jesus (Thompson) - Will L. Thompson,NA,The whole wide world for Jesus (Thompson),Will L. Thompson,NA,classical,NA,publicdomain,0.0,0,0,4,1,1,0,26,288,11.076923076923077,False,2.790715934736511,0.9583333333333334,0.9774305555555556
QmeFTXf9A2tEZczAjp3JvtyojGUjQFQpXKUVtNe1VFw6Y9,The whole world needs the gospel - Victor H. Benke,NA,The whole world needs the gospel,Victor H. Benke,NA,classical,NA,publicdomain,0.0,0,0,5,1,1,0,30,299,9.966666666666669,False,2.9796549379038417,0.9297658862876256,0.9652777777777778
QmetsEGYieN7wtFzsKKhscVU5TdyxgG1VvtyfAh3EqgcQw,The whole world was lost in the darkness of sin (Moody) - May Whittle Moody,NA,The whole world was lost in the darkness of sin (Moody),May Whittle Moody,NA,classical,NA,publicdomain,0.0,0,0,5,2,1,0,17,296,17.41176470588235,False,2.833904951869042,0.9527027027027029,0.9097222222222222
QmfWo6EuFzWF6YPJzkLMze6tNXbkPm2KzsPk9e7tKdHxHd,The Wicklow Waltz,NA,The Wicklow Waltz,Misc tunes,NA,NA,NA,publicdomain,0.0,0,0,0,1,1,0,5,11,2.2,False,2.1180782093497093,1.0,0.9895833333333334
QmPztJ35GUWCiggrCHfVXWDhqm9ZdfvhvdZspL2xXyqxZ7,The Widow Bewiched in her Pashon. JBut.248,Widow Bewitched in her Passion. JBut.248 The,The Widow Bewiched in her Pashon. JBut.248,Misc tunes,NA,NA,NA,publicdomain,0.0,0,0,7,1,1,0,36,168,4.666666666666667,False,2.785349429407937,0.988095238095238,0.9210069444444444
QmUi3X875Lvs6KzhJ5gGSjxWtrt9y9D9jKtzMCWVapojFt,The Wife She Brewed It,NA,The Wife She Brewed It,Misc tunes,NA,NA,NA,publicdomain,0.0,0,0,3,1,1,0,17,121,7.117647058823529,False,2.512821418909272,1.0,0.9625
QmVa47YbVgnkiMZLvV7h6zEP4DAqVfPu389TAF3K83q9Fy,The Wife She Brewed It,NA,The Wife She Brewed It,Misc tunes,NA,NA,NA,publicdomain,0.0,0,0,3,1,1,0,34,222,6.529411764705882,False,2.661538220569871,1.0,0.919921875
Qmai16Azj8XEqmiAzTePYBbjXVGB8uEXnJPj2s23NMPTbg,The Wife's Answer to the Henpeckt Cuckold's Complaint,to the tune 'Aye! Marry and thank you too',The Wife's Answer to the Henpeckt Cuckold's Complaint,Misc tunes,NA,NA,NA,publicdomain,0.0,0,0,4,1,1,0,9,35,3.888888888888889,True,2.778406590159426,0.9714285714285714,0.9548611111111112
QmcBPrXqWWZvVUqbJJzpZjT7Ve7VPAYvG4nm9dC4GtRnU2,The Wild Colonial Boy,NA,the Wild Colonial Boy,Misc tunes,NA,NA,NA,publicdomain,4.36,8,2,74,1,1,0,36,57,1.5833333333333333,True,2.631859480090719,1.0,0.9487847222222222
QmQ5XJC3jJUU7aXkidGF4xYpScEdUDoitQEgyxS4He4byn,The Wild Colonial Boy,NA,the Wild Colonial Boy,Misc tunes,Joe Buchanan's Scottish Tome - Page 639.2,NA,NA,publicdomain,0.0,0,0,10,1,1,0,33,58,1.7575757575757576,False,2.7036411778766927,1.0,0.9505208333333334
QmRYHrUaKWix8ejKysgGJp8AAZVvPHCRXkYXzJb6VY6n3F,The Wild Geese (air) 0170,NA,The Wild Geese,Misc tunes,Unattributedslowly,NA,NA,publicdomain,0.0,0,0,54,1,1,0,49,271,5.530612244897959,False,2.5560174544083902,1.0,0.9035714285714286
QmSZf3dyWrqhAViHhw9inidVvevxNQqeyy4ex1ZqHisz7k,The Wild Irish Boy (air) 0353,NA,The Wild Irish Boy (air) 0353,Misc tunes,after Mrs. Fitzgerald,NA,NA,publicdomain,0.0,0,0,2,1,1,0,9,52,5.777777777777778,False,2.686783285826383,1.0,0.84375
QmVvMWq47VNiNsUipgaBhxYKij2xanCDtXQgeLfMDf7Sqv,The Wild Mountain Thyme 2,NA,Wild Mountain Thyme,Misc Traditional,Joe Buchanan's Scottish Tome - Page 578.3,folk,NA,publicdomain,0.0,0,0,19,1,1,0,41,79,1.9268292682926829,False,2.3752769530276265,1.0,0.9569444444444444
QmXwwDdnPVSqSB4JUUvnU4KGzD8v2tKG2aTGTYk3ubPL9K,The Wild Rover,NA,the wild rover,Misc Traditional,NA,folk,NA,publicdomain,0.0,0,0,4,1,1,0,53,143,2.69811320754717,False,2.748431633060976,1.0,0.9502032520325204
QmUsc8goA2HqNFfs22Z4znzP8cguVhwMzgmvGG6Y5uxQ9L,The Wild Rover CYMRU,NA,the wild rover,Misc Traditional,NA,folk,NA,publicdomain,0.0,0,0,8,1,1,0,30,199,6.633333333333334,False,2.64318000385341,1.0,0.921875
QmRP5dYbVL4nzs9JHbyioaRwWkbjoRYnMYpYYVe8QWPhLF,The wilderness of sin I roamed - B. D. Ackley,NA,The wilderness of sin I roamed,B. D. Ackley,NA,classical,NA,publicdomain,0.0,0,0,2,2,1,0,15,176,11.733333333333333,False,2.763176393553022,0.9602272727272728,0.9375
QmPcVh5tQa7c785FPDQKnNSGdc7276rRVZbAb8XQH9cPvs,The Willow Song,NA,The Willow Song,katecuttill,NA,NA,NA,cc-zero,4.71,4,3,196,0,2,0-0,34,379,11.147058823529411,True,2.992758981293197,0.9283819628647216,0.9512310606060606
QmTWDvBz6Vvw8iQwAd8EEgG7yDZtCXsh1ZvxsJbBmbx8bn,The Winchester Wedding,Ralph of Redding and black Bess of the Green,The Winchester Wedding,Misc tunes,NA,NA,NA,publicdomain,0.0,0,0,2,1,1,0,33,82,2.484848484848485,False,2.7361456164460107,1.0,0.9774305555555556
QmdEjrUwQUGBo1XzMxwomkYMLZNkjqDTD6Le5a8Bq8m7A5,The Wind That Shakes The Barley,An Ghaoth A Bhogann An EornaLittle Pack Of TailorsLittle Pack Of Tailors ThePack Of Tailors TheWind That Shakes The BarleyWind That Shakes The Barley The,The Wind That Shakes The Barley,Misc tunes,NA,NA,NA,publicdomain,0.0,0,0,3,1,1,0,165,1007,6.103030303030304,False,2.884104828081385,0.9523336643495532,0.9641884531590414
QmUM3tgLdp1UWFLjCe97NQFJtZFHq1uHwguEqQ9Qu4JrsE,The Wind That Shakes The Barley,NA,The Wind That Shakes The Barley,Misc tunes,NA,NA,NA,publicdomain,0.0,0,0,3,1,1,0,17,63,3.7058823529411766,False,2.5999745159190795,1.0,0.9921875
QmRoouGRgvLWETmkdgGGmSrEyrQzz44Nsi5UmHSH3MVJhv,The Wind that Shakes the Barley,NA,The Wind That Shakes The Barley,Misc tunes,NA,NA,NA,publicdomain,0.0,0,0,2,1,1,0,40,274,6.85,False,2.7194698774793564,1.0,0.9671875
QmRVuAHgFi13SBQFDeFRLsSYUt4erdzfuwYFWF8K7GdgnW,The Wind that Shakes the Barley,NA,The Wind That Shakes The Barley,Misc tunes,NA,NA,NA,publicdomain,0.0,0,0,4,1,1,0,16,124,7.75,False,2.772537318353608,1.0,0.96484375
QmQbR6iTktBMC7hkHRQegq3F7MfmcMkE29q3oypZzgLR25,The Wind that Shakes the Barley,NA,The Wind That Shakes The Barley,Misc tunes,NA,NA,NA,publicdomain,0.0,0,0,8,1,1,0,5,25,5.0,False,2.368102070191481,1.0,0.9236111111111112
QmQMtS9yzFBGJoJZ2JSvhvZeXoZKzsUYggq8f1edU1i9c6,The Wind That Shakes The Barley,NA,The Wind That Shakes The Barley,Misc tunes,NA,NA,NA,publicdomain,0.0,0,0,22,1,1,0,48,451,9.395833333333334,False,2.609283764979484,1.0,0.9552951388888888
QmQ8NoADaLQuAWPiu9gDZDaFuaVxff5GKtpWTddzZoin2C,The Wind That Shakes The Barley,NA,The Wind That Shakes The Barley,Misc tunes,NA,NA,NA,publicdomain,0.0,0,0,1,1,1,0,8,53,6.625,False,2.5847660880735623,1.0,0.9642857142857144
QmTFkHAszdULwsR5AqbLme9dQvg5FALShCwWg7R5G3kqSs,The Wind That Shakes The Barley,NA,The Wind That Shakes The Barley,Misc tunes,NA,NA,NA,publicdomain,0.0,0,0,2,1,1,0,19,94,4.947368421052632,False,2.3481014424823736,1.0,0.9153645833333334
QmfZqXWrmKW34Nzv2P4kC5T9qmbUw9idvt4wpEjg3QiqtD,The wind that shakes the barley,NA,The Wind That Shakes The Barley,Misc tunes,NA,NA,NA,publicdomain,0.0,0,0,6,1,1,0,40,300,7.5,True,2.780253152750372,0.9866666666666668,0.980654761904762
QmRVgR3tvTCvAqSuqQsiZo7rXLW5xonszL7XWPSrPFsGdK,the Wind-Baby.,NA,the Wind-Baby.,Misc tunes,Anon.,NA,NA,publicdomain,0.0,0,0,3,1,1,0,17,34,2.0,True,2.6998960209640552,1.0,0.9322916666666666
QmSNFHrPbn5YzfBGHBr49pfyV7kFVa2uz3vi2bwjdzKtsS,The Winde,NA,NA,NA,ÐÐÐ²ÐÐ ÐÐµÐ²ÑÑÐº,NA,NA,publicdomain,0.0,0,3,257,0,1,0,57,622,10.912280701754383,False,2.6100881664120017,0.9823151125401928,0.9912280701754386
QmaaPvF2dL5ygjanT5PwNrCwnE1mePoNFkxZWbBq324sdk,The Winds of Winter,Game of Thrones,the winds of winter,Ramin Djawadi,Ramin Djawadi,classical,NA,cc-zero,4.63,16,54,1446,0,1,0,91,1348,14.813186813186814,False,2.8082435193267323,0.9747774480712166,0.9720695970695972
QmRn61an7HucwgYq9dDS1gUUbpdCtiEKyBEGhTqxC9h8Pu,The winds were howling over the deep - J. D. Vinton,NA,The winds were howling over the deep,J. D. Vinton,NA,classical,NA,publicdomain,0.0,0,0,2,1,1,0,17,258,15.176470588235292,False,2.536853225829279,0.98046875,0.9565972222222222
QmesoX1NgJpuBW8at3Uvc4d5XACgmBtwSzQq9AMtweXFUk,The Winsome Widow (song) 0312,NA,The Winsome Widow (song) 0312,Misc tunes,after Chief F. O'Neillspirited,NA,NA,publicdomain,0.0,0,0,2,1,1,0,36,132,3.6666666666666665,False,2.576360665824579,0.9848484848484848,0.9114583333333334
QmRFgAbGkjRnam8shcskAaxnAhSoXiwAdNctUTNTghe7yT,The Winster Gallop,NA,Winster Gallop,Misc tunes,NA,NA,NA,publicdomain,0.0,0,0,3,1,1,0,4,16,4.0,False,2.4056390622295662,0.9375,0.9166666666666666
QmfXFdFzVJKaENKERJEvv4USZze1efJJV7kXgTyjv9H7do,The Winter it is Passed or The Curragh of Kildare,NA,The Winter it is Passed or The Curragh of Kildare,Misc tunes,NA,NA,NA,publicdomain,0.0,0,0,14,1,1,0,13,71,5.461538461538462,False,2.595282423911959,1.0,0.9236111111111112
QmbCkJVgkXG6Ginr1XjKUihHXz392L5PNLxadotGJ4cFAh,The Winter's Tale. HSJJ.135,NA,The Winter's Tale. HSJJ.135,Misc tunes,NA,NA,NA,publicdomain,0.0,0,0,3,1,1,0,40,280,7.0,False,2.790865457136668,0.9857142857142858,0.95625
QmRPAX82BXYDRpMFWGfY8n4GsDj1NDLWGRGnRHJ9QtCuoX,The Witches. (p)1675.PLFD1.218,Turnham Green. (p)1675.PLFD1.218,The Witches,Misc tunes,NA,NA,NA,publicdomain,0.0,0,0,1,1,1,0,36,124,3.4444444444444446,False,2.7220381027102847,0.9516129032258064,0.9322916666666666
QmfR9dbf3T8QqV8DWrCDCiwgAJShFpvNjse8TwjGPtTkmv,The Wizard's Walk,NA,The Wizard's Walk,Misc tunes,NA,NA,NA,publicdomain,4.66,3,2,98,1,1,0,71,573,8.070422535211268,False,3.02877384583147,0.9232111692844676,0.9875578703703703
QmQmsKsy55TRcrF4g8N2WNnS13SV1dzwqANZ2TJHX1cCoD,The Woeful Lover,NA,The Woeful Lover,Misc tunes,Ick hebbe mijne klachten,NA,NA,publicdomain,0.0,0,0,1,1,1,0,128,170,1.328125,False,2.8428827609670178,0.9647058823529412,0.9733796296296297
QmezZoGZy7UuyQSgZfRF8Vm653LQ5LUfYMQwArzMoeBMpG,The Wolves of Paris (Act II),NA,NA,NA,Connor Cochrane,NA,NA,cc-zero,4.83,3,3,259,1,1,0,29,85,2.931034482758621,False,2.8815331248209577,0.9058823529411764,0.9970238095238096
QmVKFzggxrBFhrYmNqZUHYksEBndY3r9xgNtk7DykGc3wt,The Woods Of Kilkenny (hornpipe) 1693,NA,The Woods Of Kilkenny (hornpipe) 1693,Misc tunes,after Fr. Fielding,NA,NA,publicdomain,0.0,0,0,6,1,1,0,38,256,6.7368421052631575,False,2.782801166294953,0.9921875,0.9375
QmfRLMsybZcRmc3WZTU6X1rwEHVQ43eba44wYCopjANmGe,The Woolen Shuttle,Wooden Shutter?,The Woolen Shuttle,Misc tunes,NA,NA,NA,publicdomain,0.0,0,0,2,1,1,0,18,131,7.277777777777778,False,2.677809991870004,1.0,0.953125
QmaEFkRutwdpj8ztFhJeqD6mAdo37Sjn4dpKsyFuwMmKct,The Word - E. P. Tate,NA,The Word,E. P. Tate,NA,classical,NA,publicdomain,0.0,0,0,2,1,1,0,21,284,13.523809523809524,False,2.893447430303983,0.9507042253521126,0.961622807017544
Qme2MWXxPa85ccTV5aa3Wk9v5sqKPLftPifMHLzcqyWojS,The word God has spoken shall ever prevail - T. B. Mosley,NA,The word God has spoken shall ever prevail,T. B. Mosley,NA,classical,NA,publicdomain,0.0,0,0,5,1,1,0,34,349,10.264705882352942,False,2.830976424376676,0.9570200573065902,0.9700520833333334
QmSdXMVynqjTTz1wzKTZygSY5boAmfzPGBJwq8y5jzWaic,The Word of God is shining - C. Harold Lowden,NA,The Word of God is shining,C. Harold Lowden,NA,classical,NA,publicdomain,0.0,0,0,5,2,1,0,33,366,11.090909090909092,False,3.008215372544025,0.9234972677595628,0.9576822916666666
QmUFKdr497h5HyeFmQbM6TxQBkMRtQUg5PgvmK9wBNjHwW,The word of the Lord can never fail - C. Austin Miles,NA,The word of the Lord can never fail,C. Austin Miles,NA,classical,NA,publicdomain,0.0,0,0,2,1,1,0,20,284,14.2,False,2.559570944444933,0.9753521126760564,0.9079861111111112
Qmf4Tvxnxa4mCwaeB3n63jtUvD9vbhWLbAdZMGx181c4q4,The word that God has given why should a man deny - C. Austin Miles,NA,The word that God has given why should a man deny,C. Austin Miles,NA,classical,NA,publicdomain,0.0,0,0,2,1,1,0,20,399,19.95,False,2.642927351475054,0.974937343358396,0.8984375
QmeKKAqFPiXb1bTFQcJJ524SeH9fNJtADNE3w5b5dH9GGx,The workers in the vineyard have gone forth - Edgar A. Holme,NA,The workers in the vineyard have gone forth,Edgar A. Holme,NA,classical,NA,publicdomain,0.0,0,0,10,0,2,0-0,18,334,18.55555555555556,False,2.59726485057002,0.9758308157099698,0.9322916666666666
QmNNj4jqg9eEm9aJFz7p5925Y6MUKJC5ZaqhaCYWQYe4Cx,The World Above-Piano,Triton Reprise,The World Above-Piano,Kibota,Alan Menken,NA,disney,cc-zero,0.0,0,1,27,0,2,0-0,60,985,16.416666666666668,False,3.310528864279376,0.818089430894309,0.8063524590163934
QmU7Ew3qxAjAHGNLjpJNi6GcaRJjzWRTtJu5b5qY8QB5hN,The world for Jesusearnestly - Robert Lowry,NA,The world for Jesusearnestly,Robert Lowry,NA,classical,NA,publicdomain,0.0,0,0,4,1,1,0,17,207,12.176470588235292,False,2.538660737404544,0.9903381642512076,0.953125
QmQNcFJLgVD6MKgFzyWpdN3KcSBmfWaivt1jtvRTLYPAf6,The world is bowed down by its toiling and care - B. D. Ackley,NA,The world is bowed down by its toiling and care,B. D. Ackley,NA,classical,NA,publicdomain,0.0,0,0,7,1,1,0,18,310,17.22222222222222,False,2.71740956844527,0.9612903225806452,0.9683333333333334
QmSRZQATDQ5D6hwknzkmd4ojTyFwo5AmCGM7wtUy8s1K7E,The world is bright and life is gay - Robert Harkness,NA,The world is bright and life is gay,Robert Harkness,NA,classical,NA,publicdomain,0.0,0,0,7,1,1,0,20,260,13.0,False,2.220219385648073,1.0,0.9205729166666666
QmRgMhmq9rnheBn6YfM97oy54pYiaAwTjJdwo9faWoeRLS,The world is filled with sorrow (Bula) - George E. Bula,NA,The world is filled with sorrow (Bula),George E. Bula,NA,classical,NA,publicdomain,0.0,0,0,2,2,1,0,19,287,15.105263157894736,False,2.756414079554195,0.9790940766550522,0.9340277777777778
QmPu3a2h1Hbcxp4GDYTMAwRCi63o2RTFvKqM7eozG365hg,The world is full of beauty - Asa Hull,NA,The world is full of beauty,Asa Hull,NA,classical,NA,publicdomain,0.0,0,0,3,1,1,0,30,313,10.433333333333334,False,2.655822266201975,0.9169329073482428,0.929398148148148
QmfPX6h94QgLAgLSV1ntGjkYKxAuFv6n31BFaijb6GM4SF,The world is full of sin and pain - J. Howard Entwisle,NA,The world is full of sin and pain,J. Howard Entwisle,NA,classical,NA,publicdomain,0.0,0,0,7,2,1,0,22,497,22.59090909090909,False,2.80401419742806,0.9554655870445344,0.955
QmZyZ5VsRF4j8ggtmojXMWT6NMihVWi4H8cfzh4fBVzTPJ,The world is full of singing (Gill) - Joshua Gill,NA,The world is full of singing (Gill),Joshua Gill,NA,classical,NA,publicdomain,0.0,0,0,2,1,1,0,27,318,11.77777777777778,False,2.4834050273500066,0.9968553459119496,0.9253472222222222
QmQu1fJuZ1dbYbWfkxvvHGzpQ7bZmBndoo6cWFvQaBMg3v,The world is growing better ev'ry day and ev'ry hour - James M. Black,NA,The world is growing better ev'ry day and ev'ry hour,James M. Black,NA,classical,NA,publicdomain,0.0,0,0,8,2,1,0,18,373,20.72222222222222,False,2.5647319734666776,0.9892761394101875,0.9440104166666666
QmZ7EwL6NhjSewDCH3HkdzCWPdeh7TdcB4tkbL1Jv1qGK3,The World Must Be Taken For Jesus - R. Frank Lehman,NA,The world must be taken for jesus,R. Frank Lehman,NA,classical,NA,publicdomain,0.0,0,0,2,1,1,0,18,249,13.833333333333334,False,3.040428120113009,0.8955823293172691,0.9322916666666666
QmXmMSeeV1yaGjuDSQ5C9vzuBywNeiECGA9S4LcQdYcFHE,The world needs Jesus! The sick and sad - C. Harold Lowden,NA,The world needs Jesus! The sick and sad,C. Harold Lowden,NA,classical,NA,publicdomain,0.0,0,0,7,1,1,0,36,302,8.38888888888889,False,2.71035415636688,0.9668874172185432,0.9765625
QmaqXExuDz9XNQagU3hxWbYmv9kcR4dgN5BcrgKJVDkdbr,The world of sinners know not God - A. L. Byers,NA,The world of sinners know not God,A. L. Byers,NA,classical,NA,publicdomain,0.0,0,0,6,1,1,0,20,257,12.85,False,2.41161253982901,0.9961089494163424,0.93359375
QmYLdjB9uUccqb7TGE4XABL79d2deLhcUtRJ7coMEAs8JH,The World s Number One Oden Store,NA,NA,NA,Guillem Masdemont,NA,NA,cc-zero,0.0,0,1,148,1,1,0,30,170,5.666666666666667,False,2.7396473250350946,0.976470588235294,0.9347222222222222
QmUnN6RKw54KBVmqhL1ZS5pt8N6MtLnuDatkJBN3knKa5n,The World Turned Upside Down,NA,The World Turned Upside Down,Misc tunes,NA,NA,NA,publicdomain,0.0,0,1,9,1,1,0,34,160,4.705882352941177,False,2.6821711428755424,1.0,0.947265625
QmTHQtZ7N27CFJkAv2CzdfCGbm8WVi89Mqzm8fcwevugX9,The world was hushed in a dreamless sleep - Adam Geibel,NA,The world was hushed in a dreamless sleep,Adam Geibel,NA,classical,NA,publicdomain,0.0,0,0,9,2,1,0,26,389,14.961538461538462,False,2.965056889268126,0.9383033419023136,0.9328703703703703
QmSzauTVKJ1MKvQi4vo2ZXF725HDkxkUptKwNvZm7mwJia,The world was like a stormy night - Wm. J. Kirkpatrick,NA,The world was like a stormy night,William J. Kirkpatrick,NA,classical,NA,publicdomain,0.0,0,0,2,1,1,0,20,236,11.8,False,2.440729902353478,0.9872881355932204,0.9620098039215688
QmWsvxebsnquUBLWmBNPBUae1NQsQjAWjRpca8zQVxFao2,The Wounded Hussar,Wounded Huzzar The,The Wounded Hussar,Misc tunes,NA,NA,NA,publicdomain,0.0,0,0,47,1,1,0,45,215,4.777777777777778,False,2.756588977333744,0.9953488372093025,0.8803763440860215
QmQUADuKHY3TGxDu5MLHHRgUGPYaaZDTBif8RFrj6KaQGf,The Wounded Hussar,NA,The Wounded Hussar,Misc tunes,No 166 William Clarke of Feltwell,NA,NA,publicdomain,0.0,0,0,16,1,1,0,34,148,4.352941176470588,False,2.72460959940098,0.9527027027027029,0.9479166666666666
QmbEn7HSvzP7LSzujdpDmJErBkpzyLgDzbkScSBk4QXA1W,The Wreck off Scilly - Parsons,NA,The Wreck off Scilly - Parsons,Misc tunes,Taken down from James Parsons by S.B.G. 1888.,NA,NA,publicdomain,0.0,0,0,5,1,1,0,17,57,3.3529411764705883,False,2.652024622918705,1.0,0.9609375
QmV5jadUBLwAPQZYe8d3A5xZy8RGsaMeKwzMAFYUXx7chR,The Wrestling Match - Olver,NA,The Wrestling Match - Olver,Misc tunes,Taken down from Jas. Olver Launceston by H.Fl.Sh.,NA,NA,publicdomain,0.0,0,0,6,1,1,0,15,52,3.466666666666667,False,2.73997696396915,1.0,0.9166666666666666
QmcHeGWi3PLATjLoG63H6zQP6vdHRPqLWMbA3N5NtxrDBB,The Wright's Rant,NA,The Wright's Rant,Misc tunes,NA,NA,NA,publicdomain,0.0,0,0,0,0,2,0-0,32,262,8.1875,False,2.577764601571276,0.9847328244274808,0.9288194444444444
QmUP8EB5g8pNMboUdGRWJoZysbbjBRWuxZqmaVmCBYg2yJ,The Wrights of Litchfield,NA,The Wrights of Litchfield,Misc tunes,La Precieuse by Chaxelle,NA,NA,publicdomain,0.0,0,0,3,1,1,0,9,147,16.333333333333332,False,2.865472783775356,0.8979591836734694,0.9079861111111112
QmdE8uZ12aXUfZa5wD7VEgS8Yr4uNNzawR6H5895DhaMPp,the Year of Jubilo,NA,Year Of Jubilo,Misc tunes,NA,NA,NA,publicdomain,0.0,0,0,8,1,1,0,20,134,6.7,False,2.43768520556112,1.0,0.9088541666666666
QmP6uRpvXHi5U6wwLhZexQpqKrYPSRYXhNFKfqXmPCrbuZ,The Yellow Bittern,An Bonnán Buidh,The Yellow Bittern,Misc tunes,NA,NA,NA,publicdomain,0.0,0,0,4,1,1,0,18,93,5.166666666666667,False,2.694358764749773,1.0,0.9411764705882352
QmWpDdtR7nbeCFEPMveSmFhiM66fpMoRNGeYX7X1SczzPx,The Yellow Flail,An Súiste Buide,The Yellow Flail,Misc tunes,NA,NA,NA,publicdomain,0.0,0,0,2,1,1,0,18,87,4.833333333333333,False,2.609772655811085,1.0,0.9600694444444444
QmWJdiYuEhYiFuw3BLwmCazxsAGQAHeda76sGqXMVTjBLw,The Yellow Rose of Texas,in G major for piano,the yellow rose of texas,Misc Traditional,NA,folk,folk-american-traditional,cc-zero,4.74,40,70,2940,1,1,0,21,175,8.333333333333334,True,2.356198283760948,1.0,0.9659090909090908
Qmf9qgtCzBJeHbMp8UFWHkcDc7a6MWCVXrxQUGCCxWJK2B,The Yellow Rose of Texas. WES.018,NA,the yellow rose of texas,Misc Traditional,NA,folk,NA,publicdomain,0.0,0,0,35,1,1,0,18,57,3.1666666666666665,False,2.395652800881043,1.0,0.921875
QmcmQR2rwGA7wjAYkiiJwdazNHcc1sGf6CBTke2BzLg623,The Yorkshire Bite,John Bull,THE YORKSHIRE BITE,Misc tunes,NA,NA,NA,publicdomain,0.0,0,0,2,1,1,0,13,66,5.076923076923077,False,2.672197690501684,1.0,0.9398148148148148
QmVCwGmkHoD6szWsgc6JQrN5pq39rzAnjQe93K3NFCmMgr,The Young Man's Dream (air) 0382,NA,The Young Man's Dream (air) 0382,Misc tunes,after Sg't. J. O'Neillvery slow,NA,NA,publicdomain,0.0,0,0,5,1,1,0,19,85,4.473684210526316,False,2.5144083575878944,1.0,0.8628472222222222
QmWi2VhwDF6Y6XXVXEKfHUw9vMHe99iCZzeYc4uhZKMDwx,The Young Mans Dream. JBut.949,NA,The Young Mans Dream. JBut.949,Misc tunes,'A Retreat',NA,NA,publicdomain,0.0,0,0,8,1,1,0,58,202,3.4827586206896552,False,2.5051998855252617,1.0,0.9115853658536586
QmPNusnerkHTap41UjuJjcUcc1J2Kk11BzhLUzhPDnWVsH,The Young Sailor Cut Down in his Prime,NA,The Young Sailor Cut Down in his Prime,Misc tunes,NA,NA,NA,publicdomain,0.0,0,0,5,1,1,0,17,44,2.588235294117647,False,2.6864027898112783,1.0,0.9444444444444444
QmX9CvZYaNnXtTZyXPKjxf5D87PuhCYzSBNQP1digt3o7N,The Youngest Ancient Mariner,NA,The Youngest Ancient Mariner,Misc tunes,NA,NA,NA,publicdomain,0.0,0,0,16,1,1,0,64,126,1.96875,False,2.3060792493309616,1.0,0.921875
QmWF1VqqUTSrxCrJsiWdUjaCKgescWi2s3GAKDG23K3x47,The youngest daughter,NA,The youngest daughter,Misc tunes,anon.,NA,NA,publicdomain,0.0,0,0,1,1,1,0,12,94,7.833333333333333,False,2.4866514458660207,0.9893617021276596,0.9774305555555556
QmQu4bqo62U81AmdUTjh71U845kzHD2bTBAj2nG8WeWunE,The Youngest Daughter,NA,The youngest daughter,Misc tunes,R-63,NA,NA,publicdomain,0.0,0,0,7,1,1,0,24,182,7.583333333333333,False,2.399192390314653,1.0,0.9782986111111112
QmQASF3ni8cDbcQYRr8isJUj9MZdaWQqSe6fsB7DCWP5vT,The youngest daughter,NA,The youngest daughter,Misc tunes,anon.,NA,NA,publicdomain,0.0,0,0,1,1,1,0,16,120,7.5,False,2.3684267498552907,1.0,0.97265625
QmP399aEFuqJhj2Et2xJA4HgnndLSdXdRirmRoTWFjKTrv,The Youth of the Curly Locks,Ogánaigh an chuil dualaigh,Curly Locks,Misc tunes,NA,NA,NA,publicdomain,0.0,0,0,4,1,1,0,11,43,3.909090909090909,False,2.5116885556580475,1.0,0.925595238095238
QmTQ1LXx8vsooWtpCLLr7Asptwysga31Xa7L94eqGKNvz4,The Yumors of the Point. JBut.342,Humors of the Point. JBut.342 The,The Yumors of the Point. JBut.342,Misc tunes,'A Quickstep',NA,NA,publicdomain,0.0,0,0,6,1,1,0,25,153,6.12,False,2.7233895159356565,1.0,0.9453125
QmVSjBYSW3aiZB7aBVf1nkr1SpSDwjHW23mt4P6gTC7uhS,The_Two-Bar_Collab,NA,NA,NA,NA,NA,NA,cc-zero,0.0,0,0,43,2,1,0,30,390,13.0,False,3.15038061081168,0.9051282051282052,0.8395833333333333
QmXwozTjKFDMQbWt9xQdkk5GU8wY7sUyopjoL6unZ7RH7h,The_Two-Bar_Collab (5),NA,NA,NA,NA,NA,NA,cc-zero,0.0,0,0,57,2,1,0,38,476,12.526315789473683,False,3.1329123608510003,0.9159663865546218,0.8489583333333334
QmSyqsy9JkvFYK6Y9eHLssxe5UNbsQLwK14rN6KLMGfLqv,Thearlich na'n tigadh tu,If Charlie comesFlora MacDonald,Thearlich na'n tigadh tu,Misc tunes,NA,NA,NA,publicdomain,0.0,0,0,2,1,1,0,20,126,6.3,False,2.3631423761815693,1.0,0.9869791666666666
QmUJtGjXpiyZF4osfAcqPYfwV5xJcEKMqMDyVg8QpaYZSz,TheARTofTHeCanon14 Eb MOONDOG,NA,NA,NA,NA,NA,moondog,cc-zero,0.0,0,6,337,1,1,0,32,263,8.21875,False,2.778160516508268,0.8333333333333334,0.9716666666666668
QmU9Z6K9MLt5HFffQv6oJCZWAuA2HidJ7sCKekGkMs7Vbx,Thee I'll extol my God and King - John Smith,NA,Thee I'll extol my God and King,John Smith,John Smith,classical,NA,publicdomain,0.0,0,0,2,0,4,0-0-0-0,17,256,15.058823529411764,True,2.901922747512191,0.9791666666666666,0.9401041666666666
Qma8DKLYuJnv1CRAtBr4JZCD9qxTexphCCK1xd4fFBYnDq,Thee Lord I love with sacred awe - Martin Schaling,NA,Thee Lord I love with sacred awe,Martin Schaling,NA,classical,NA,publicdomain,0.0,0,0,5,1,1,0,58,223,3.844827586206896,False,2.8441719289093563,0.9641255605381166,0.9813218390804598
QmQ3h7FMkGEmkTjrGdZRVUeCTpHjxY6PgxDySngAwsyHoj,Thee will I bless my God and King - Richard Partridge,NA,Thee will I bless my God and King,Richard Partridge,Richard Partridge,classical,NA,publicdomain,0.0,0,0,13,0,5,0-0-0-0-0,38,568,14.947368421052632,True,2.655421763315684,0.9970238095238096,0.9654605263157896
QmRtciLBLywGETNPiWMjUg4hH37z2yrHMXjiMFgfsQgtu9,Thee will I love my strength my tower - John Fawcett,NA,Thee will I love my strength my tower,John Fawcett,John Fawcett,classical,NA,publicdomain,0.0,0,0,9,0,4,0-0-0-0,24,268,11.166666666666666,True,2.624632826618032,0.992248062015504,0.9738095238095238
QmVJmCECrgU9mLTgqAGy9fDP8VD2Goik5sRWTfbaowshQB,Thee will I love O Lord my strength - James McGranahan,NA,Thee will I love O Lord my strength,James McGranahan,NA,classical,NA,publicdomain,0.0,0,0,8,2,1,0,20,276,13.8,False,2.681854075272841,0.9891304347826086,0.9388020833333334
Qmf7FtV5CmDwfZWtaRAhNKGFUZ3eQh9mZAKVTMnxQaXmSv,TheFatRat - Monody,NA,monody,TheFatRat,Transcribed by: Nathan S. Composed by: Kim Hoang Huy,electronic,thefatrat-monody-clarinet-piano-advanced-thefatratmonody-thefatratmonody,cc-zero,4.87,5,78,4609,0,2,0-0,162,4113,25.38888888888889,False,2.6970504380093816,1.0,0.8481735159817352
QmUNvuJsWRMLyBS2ZZLqJijAX8qw1HWxkGerWYZwAoq7JY,Thele - John P. Hobson,NA,Thele,John P. Hobson,NA,classical,NA,publicdomain,0.0,0,0,1,1,1,0,12,95,7.916666666666667,True,2.867441613674087,0.9789473684210528,0.9704861111111112
QmRuZpwQXLgSvSbohjU6Jfsihfsdh9v2AuBKnAVy6NGZaT,Theme,NA,Theme,lana.klaibyahoo.com,NA,NA,NA,cc-zero,0.0,0,0,10,1,1,0,32,57,1.78125,False,2.7459432239544816,1.0,0.9416666666666668
QmQBhWdi5RYkYLobmGkPh63PFQaVEaefW2ERHM8imFdyCU,Theme,NA,Theme,Uymaynjo Þhrmapoljayn,NA,NA,NA,cc-zero,0.0,0,1,752,0,1,0,24,73,3.0416666666666665,False,2.713533531907334,0.9863013698630136,0.9618055555555556
QmP7HqZw35vUtafuJNcETdfhwRP6gZqAg9BqnEjzL7qYcZ,Theme and variation,NA,NA,NA,Zay,NA,NA,cc-zero,0.0,0,1,14,1,1,0,17,263,15.470588235294118,False,2.598508942225331,1.0,0.9767156862745098
QmUpBVJkrTqPFVAmFqRi2pojX5pv7jCe5a5JAtEuijP5Kc,Theme and Variations on a Stock Tune,for Luca,Theme and Variations on a Stock Tune,evan.wilde.1,E. Wilde,NA,NA,cc-zero,0.0,0,0,12,2,1,0,87,771,8.862068965517242,False,2.104203430706632,0.9427083333333334,0.9741465863453816
QmbrLpSgTfPJDn5S4FHbqH72HWwxsiryr5hx4iXS6kSYFd,Theme For A New Decade,Op. 1 No. 1,Theme For A New Decade,bypig20051,Chris De Graauw,NA,NA,cc-zero,0.0,0,0,36,2,1,0,53,1212,22.867924528301888,False,2.984826458291757,0.8886986301369864,0.9075
QmTGWmKnrA3Qge3jcxgpt28CFAbhecpMGreB2GznAQ5ehk,Theme From Animaniacs,NA,Theme from Animaniacs,Tom Brier,Richard Stone,jazz,tombreir,cc-zero,4.82,20,52,1106,2,1,0,102,1659,16.264705882352942,False,3.4446315709574167,0.7685800604229607,0.9808006535947712
QmZ6Dx8rPYxXXeLccHLpjMjV5J3vGacJLwsqBNnuPMJg9H,Theme from Black Sails - Bear McCreary,From the Black Sails Original Soundtrack,black sails theme,Bear McCreary,Composed by Bear McCreary Arranged by Raoul Harel,soundtrack,blacksails-bearmccreary-tv,cc-zero,4.66,21,162,9556,2,1,0,58,873,15.051724137931034,False,2.449150138994413,0.9805269186712484,0.8634672619047619
QmaaSoCEo4BaH323RKr9AUsKRon8axis5849SGNamampGS,Theme From Schindlers List,NA,Schindler's List Theme,John Williams,NA,classical-soundtrack,pianoscore-piano-score-themefromschindlerslist-schindlerslist-joshua,cc-zero,4.74,95,263,3541,0,2,0-0,27,445,16.48148148148148,False,2.86510406456778,0.9617977528089888,0.9441666666666668
QmbnCvCdKEYD4gZPkYKuVQobaaqeZPjm6nZV2JekNnsoaB,Theme from Schindlers List Solo Cello,NA,Schindler's List Theme,John Williams,John WilliamsArr. Byron Riveiro,classical-soundtrack,NA,cc-zero,4.75,9,34,965,1,1,0,45,315,7.0,False,3.035090384696068,0.9203821656050956,0.9057765151515152
QmadR3DVYDcBrZJYeVsGDNEXeTFQnrp5xyCPdVnDXvLTm7,Theme of King JJ in G,In the Key of G,yuri on ice - theme of king jj,Misc Cartoons,Tarou Umebayashi Arranged By Elaina Day,soundtrack,yurionice,cc-zero,4.85,4,97,3050,2,1,0,58,1854,31.96551724137931,False,2.6930216582210487,1.0,0.8216374269005848
QmXJ5C9BGtVnbfGy9drAxYLocLgL1kJSByFAUyyTK7xUFP,Theme of SSS for Piano,From エンジェルビーツ,misc soundtrack,Misc Soundtrack,Jun Maeda Orignal Arrangement: Hugo Daniel Arrangement by Tsaikuna,soundtrack,angelbeats-themeofsss-piano,cc-zero,4.95,37,202,10001,2,1,0,46,970,21.08695652173913,False,3.062711457369045,0.9082474226804124,0.9624094202898552
QmPQ7ep4TEfEe6zkiq4n8Tykw5o5egszd1jrPEcf6Unowg,Theme Spooky and Jazzy,MUS 1501,Theme Spooky and Jazzy,C_Danielson,Caleb Danielson,NA,NA,cc-zero,0.0,0,0,65,2,1,0,24,338,14.083333333333334,False,3.2064937618491487,0.849112426035503,0.9592391304347826
QmP5wukW67HdywJE71aAH3Pa4NiEhatByv7cv6nHY3EiQN,Theme Vannitaise (Twiglet),NA,Theme Vannitaise (Twiglet),Misc tunes,NA,NA,NA,publicdomain,0.0,0,0,11,1,1,0,32,172,5.375,False,2.4346123762551164,1.0,0.9420572916666666
QmNzuoBUJxdT2sMvtDRs7CRXceN4JHG2dntDxVvTnjAq61,Themepark - GCSE Music,NA,Themepark - GCSE Music,3rror404,NA,NA,gcse-piano,cc-zero,0.0,0,0,28,2,1,0,42,437,10.404761904761903,False,3.219916762944813,0.8695652173913043,0.9543650793650794
QmePLKrbvpY6iXekNAaKFsr59nFq5yRvaTHfTaybP8a5wW,Themes and variations-AlphaVersion,Opus 1 - No. 1(Alpha ver),Themes and variations-AlphaVersion,Cairill,Cairill,NA,NA,cc-zero,0.0,0,0,40,2,1,0,56,567,10.125,False,3.0153645200281067,0.92226148409894,0.9127358490566038
QmQdH3hUDeH7SfMmrcwrmdUd5oueF6eriRXGJoYahQ9ifu,themes song,NA,themes song,Henry Naw Seng,a&;- q&mRefpdkif;vHk,NA,NA,cc-zero,0.0,0,0,21,1,1,0,66,318,4.818181818181818,True,2.6461878393523643,1.0,0.9351851851851852
QmW2X1J6UwizXzF4Ev7b7bVaKkC2J4zgW2uujdPLAjmZCb,Theophany - Times End - Piano,Time's End I - Track 10,Theophany - Times End - Piano,Herr_Stahly,Theophany,NA,NA,cc-zero,0.0,0,12,230,2,1,0,83,882,10.626506024096386,False,2.800677685519404,0.91156462585034,0.9074612403100776
QmTg9c6WKBnjS1LcR4eCiHDedRvGt8WFGUVjrvqghbqsAo,THEOPHILUS (Stanger) - C. G. Stanger,NA,THEOPHILUS (Stanger) - C. G. Stanger,C. G. Stanger,NA,classical,NA,publicdomain,0.0,0,0,3,2,1,0,20,249,12.45,False,2.776838546014853,0.9598393574297188,0.9409722222222222
QmeA15mMWvoeAugSauzkrekrnM1h7r2tFajE5kpWFBNKeb,Theory 2 Assignment Stephen Yang,NA,Theory 2 Assignment Stephen Yang,user220106288,Stephen Yang,NA,NA,cc-zero,0.0,0,0,5,1,1,0,4,56,14.0,True,2.68698424911744,1.0,0.96875
Qmco3ZKvX1AkgTsE3EqpR8QuNSUiVVn7cWgLYEusA8Bqmy,theory assignment 7 pg,NA,theory assignment 7 pg,irenenoel95,Irene Noel,NA,NA,cc-zero,0.0,0,1,5,1,1,0,4,46,11.5,False,2.685676852444447,1.0,0.9739583333333334
QmX4B7ZitUVsApnFcUdzm2BAAdW2UviJmoyqjkiP7a4oXe,Theory Composition,NA,Theory Composition,kenziehill00,Makenzie Hill,NA,NA,cc-zero,0.0,0,0,3,1,1,0,24,241,10.041666666666666,False,2.297741234030035,1.0,0.9279513888888888
QmTp14tTMR7PNE94xYxzyXUjboGzfBRakT6Hxfv6bo99oX,Theory Composition Nate Smith,NA,Theory Composition Nate Smith,natesmith11248341,Nate Smith,NA,NA,cc-zero,0.0,0,0,39,1,1,0,32,314,9.8125,False,2.7640753143110715,1.0,0.9557291666666666
QmUjU5tA5FvcGEg3Vg2mFydM21HQjLSoWvE3xRhNPzm5ie,Theory Compostion Project 10,NA,Theory Compostion Project 10,Monb,Casey Swartz,NA,NA,cc-zero,0.0,0,0,6,2,1,0,12,254,21.166666666666668,False,3.347180854858851,0.7677165354330708,0.9071180555555556
QmRxeoGBAzDKVx9BLYV6p8bQSnZZkecq4ccEQ25pEBvHtR,Theory Compostion Project 8,NA,Theory Compostion Project 8,Monb,Casey Swartz,NA,NA,cc-zero,0.0,0,0,8,2,1,0,8,142,17.75,False,3.3866605936139225,0.7394366197183099,0.9466145833333334
QmXZgH53kWo6hkv7EqNBA3L6YakZNGwpHkVZ66cganE4Yv,Theory Compostion Project 9,NA,Theory Compostion Project 9,Monb,Casey Swartz,NA,NA,cc-zero,0.0,0,0,1,2,1,0,8,163,20.375,False,3.435556579806045,0.7239263803680982,0.9440104166666666
QmRGZTL9oxuM67WMWKygB2Njb6nbEHEefoa4udCq276DCp,Theory Song,NA,Theory Song,Christopher Panish,Chris Panish,NA,NA,cc-zero,0.0,0,0,7,1,1,0,31,34,1.096774193548387,False,2.007322186307181,0.9411764705882352,0.9533333333333334
QmYZT1CNctHgCn5z9khbAM7HF7BXEQk5AMpDaMtiECLNgQ,There are angels hovering round,NA,There are angels hovering round,Misc Traditional,NA,folk,NA,publicdomain,0.0,0,0,23,1,1,0,9,101,11.22222222222222,False,2.522943742730514,0.99009900990099,0.9296875
QmUpESzREiEQPhQQ3MPqXEUhnThmCYQhvk6XsBrbG5kN3f,There are blessings gently falling on us like the rain - Chas. H. Gabriel,NA,There are blessings gently falling on us like the rain,Chas. H. Gabriel,NA,classical,NA,publicdomain,0.0,0,0,4,2,1,0,16,389,24.3125,True,2.514481050311991,0.9897172236503856,0.9192708333333334
QmWqBqkVS6enSqHqBoBW7dvfj5xQAf15w8Wntc7jiap3Qn,There are blessings in that duty hard - Rev. Wm. Stone,NA,There are blessings in that duty hard,Rev. Wm. Stone,NA,classical,NA,publicdomain,0.0,0,0,5,1,1,0,22,463,21.045454545454547,False,2.648978634496308,0.9913606911447084,0.9387254901960784
QmS6bdZqkooukP1BM7SRmRB36N3hSzoxvon3byX31Y8goT,There are burdens to be lightened ev'ry day - R. Frank Lehman,NA,There are burdens to be lightened ev'ry day,R. Frank Lehman,NA,classical,NA,publicdomain,0.0,0,0,2,2,1,0,18,371,20.61111111111111,False,2.6972964214476653,0.9757412398921832,0.9388020833333334
QmZaUWmDaxkzNzKDxbX3pUv6ZuD9MJ3rvFjoChpRB7Ab2k,There are countless blessings all our way adorning - Adam Geibel,NA,There are countless blessings all our way adorning,Adam Geibel,NA,classical,NA,publicdomain,0.0,0,0,3,2,1,0,27,534,19.77777777777778,False,3.0489643000262285,0.9269662921348316,0.9433333333333334
QmXaR27KswcHwR8JPXqXEU9uSUXi34YSMKCSRKmBQwv8dW,There are dangers drear on the sea of life - J. H. Hall,NA,There are dangers drear on the sea of life,J. H. Hall,NA,classical,NA,publicdomain,0.0,0,0,4,1,1,0,18,329,18.27777777777778,False,2.6980735981784614,0.9665653495440728,0.9583333333333334
QmRoDcBTgrdKCUDbXvi4soWAqQBFy3oXWKWEuc6oWwPcAk,There are days so dark that I cannot see - Chas. H. Gabriel,NA,There are days so dark that I cannot see,Chas. H. Gabriel,NA,classical,NA,publicdomain,0.0,0,0,2,2,1,0,19,272,14.31578947368421,False,2.547189746415748,0.9889705882352942,0.8732638888888888
QmX3XTN5TEAwnMA9SEiA3cKDLLtwr6T4n4GA7GTULKNvVw,There are dear little children far over the sea - C. Harold Lowden,NA,There are dear little children far over the sea,C. Harold Lowden,NA,classical,NA,publicdomain,0.0,0,0,4,1,1,0,22,458,20.818181818181817,False,2.808922053961511,0.9519650655021834,0.967741935483871
QmdBvJfoJpXZ6SK5aGqoPqm73WDQJFxduzKf3fKQQ9udue,There are faces dear that I hold in memry - Thoro Harris,NA,There are faces dear that I hold in memry,Thoro Harris,NA,classical,NA,publicdomain,0.0,0,0,2,1,1,0,17,284,16.705882352941178,False,2.745539415449416,0.9647887323943662,0.9231770833333334
QmPw4biycxcV4ythhWGoNgCSXYGw8TTo9PAoGkbtMuDQRL,There are foes that must be conquered - J. W. Van de Venter,NA,There are foes that must be conquered,J. W. Van De Venter,NA,classical,NA,publicdomain,0.0,0,0,2,2,1,0,17,460,27.058823529411764,False,2.338950574360888,0.991304347826087,0.9049479166666666
QmP3oxMt2nWnrVvHSQDL22LCfvcv8y7UFaGQ7WnDG98hXn,There are friends I recall - J. W. Van DeVenter,NA,There are friends I recall - J. W. Van DeVenter,J. W. Van DeVenter,NA,classical,NA,publicdomain,0.0,0,0,4,2,1,0,17,356,20.94117647058824,False,2.711039859736968,0.9747191011235956,0.9338235294117648
QmQGp2KvXzhYkeEJHVZEY7raPdDUiafRd3kqXUYQLpqEjQ,There are gloomy paths along the way - Geo. W. Stockton,NA,There are gloomy paths along the way,Geo. W. Stockton,NA,classical,NA,publicdomain,0.0,0,0,5,1,1,0,18,309,17.166666666666668,False,2.62361796998614,0.9838187702265372,0.9309895833333334
Qmc3h5tC3kv2D2EsXCqvbeDagLaGZT9v7B7uxep5zfD2yk,There are happy voices singing - C. E. Koch,NA,There are happy voices singing,C. E. Koch,NA,classical,NA,publicdomain,0.0,0,0,7,1,1,0,16,196,12.25,False,2.867621326653119,0.9642857142857144,0.9184027777777778
QmNubfKnrqNMPEuZmGVLjdpi765qCjaE8JUQWnib2Fhu8z,There are hills beyond the valley where the river glideth by - J. H. Fillmore,NA,There are hills beyond the valley where the river glideth by,J. H. Fillmore,NA,classical,NA,publicdomain,0.0,0,0,7,2,1,0,18,401,22.27777777777778,False,2.589382930193851,1.0,0.9338235294117648
QmTK2ExXjdQCyRjfkUQGZDmsu56t17LCK2u1JCgML13Yn5,There are joys we fondly cherish - Asa Hull,NA,There are joys we fondly cherish,Asa Hull,NA,classical,NA,publicdomain,0.0,0,0,2,2,1,0,24,356,14.833333333333334,True,2.59683003895764,0.9887640449438202,0.921875
QmaduGhXqjkyi7YGWdb4jGnc54yAyXyzYvVdrmx6JLQ1dp,There are lights by the shore of that country - E. Roberts,NA,There are lights by the shore of that country,E. Roberts,NA,classical,NA,publicdomain,0.0,0,0,2,2,1,0,18,365,20.27777777777778,False,2.407825808739927,1.0,0.9049479166666666
QmejpYoGrPfCGx2u7JZm8JLSCT4hoLBK16cMdMWSZbiXUv,There are lights hung out from the walls - Adam Geibel,NA,There are lights hung out from the walls,Adam Geibel,NA,classical,NA,publicdomain,0.0,0,0,2,1,1,0,20,255,12.75,False,2.6342213267010046,0.984313725490196,0.9505208333333334
QmPHqBsBbrR1bw2y89TrjZ3Dkbxr623QuGFe1NZPMTDdvk,There are lonely hearts to cherish (Gould) - J. E. Gould,NA,There are lonely hearts to cherish (Gould),J. E. Gould,NA,classical,NA,publicdomain,0.0,0,0,3,1,1,0,24,272,11.333333333333334,True,2.296594338075443,1.0,0.953125
QmSqDM44zVAyW6PE1GCkQS7GCHeREYUPYHZnhLxS8cv9pX,There are lonely hearts to cherish (Hull) - Asa Hull,NA,There are lonely hearts to cherish (Hull),Asa Hull,NA,classical,NA,publicdomain,0.0,0,0,3,1,1,0,30,334,11.133333333333333,False,2.4835336172889866,0.997005988023952,0.9416666666666668
QmQuxFC9H63zUCTWrsjGi5fZZyRndX1fQ1yDGTWkVTbacH,There are lonely hearts to cherish (Sweney) - Jno. R. Sweney,NA,There are lonely hearts to cherish (Sweney),John R. Sweney,NA,classical,NA,publicdomain,0.0,0,0,5,2,1,0,15,349,23.266666666666666,False,2.5402938957082326,0.991304347826087,0.8942307692307693
Qmdb9KoVnEVtv9DWFYSQkN6MdT67gJnkketPeMU56YoB6M,There are loved ones over yonder - Powell G. Fithian,NA,There are loved ones over yonder,Powell G. Fithian,NA,classical,NA,publicdomain,0.0,0,0,4,1,1,0,37,480,12.972972972972974,False,2.672564005393351,0.9791666666666666,0.9309895833333334
QmYJStqtsoTwRVsjM23sHhnW735Y5aa8beTaN5Mg27ECd1,There are mansions awaiting for you and for me - B. D. Ackley,NA,There are mansions awaiting for you and for me - B. D. Ackley,B. D. Ackley,NA,classical,NA,publicdomain,0.0,0,0,3,2,1,0,19,292,15.36842105263158,False,2.9567534031407106,0.9273356401384084,0.9618055555555556
QmXEAk6Hzb8KQ4KqCGWUAxgBudLjx3x78HJr6wcd5jKcUV,There are mansions in the skies - George S. Weeks,NA,There are mansions in the skies,George S. Weeks,NA,classical,NA,publicdomain,0.0,0,0,3,2,1,0,24,363,15.125,True,2.633581936302904,0.9807162534435262,0.8877314814814815
QmUdt2DhEVW9N221MHF9APt86GXgNSjWUPFXAFfzMaFdg2,There are many flags in many lands,NA,There are many flags in many lands,Misc Traditional,NA,folk,NA,publicdomain,0.0,0,0,29,2,1,0,20,267,13.35,False,2.6293227395494783,0.99250936329588,0.93359375
QmSvc71knMKMtK82toJorqKB8zU4ckQv5bGYyuuhW6KmPk,There are many little children who are sad - Haldor Lillenas,NA,There are many little children who are sad,Haldor Lillenas,NA,classical,NA,publicdomain,0.0,0,0,10,2,1,0,18,332,18.444444444444443,False,2.796223157082861,0.963855421686747,0.9049479166666666
QmQZ7geBqh9CitCNh9GvV1RestXb2WUmtzVyPf8myPYtyq,There are many sorrows hard to bear - Robert Harkness,NA,There are many sorrows hard to bear - Robert Harkness,Robert Harkness,NA,classical,NA,publicdomain,0.0,0,0,4,2,1,0,16,264,16.5,True,2.891273518366828,0.9507575757575758,0.9427083333333334
QmU2RX4CWEGEDozTzZVwrckZTkiVnLAPHrT5r3eJsvpNtY,There are many still from God astray - Haldor Lillenas,NA,There are many still from God astray - Haldor Lillenas,Haldor Lillenas,NA,classical,NA,publicdomain,0.0,0,0,4,2,1,0,58,742,12.79310344827586,False,2.5430241553549973,0.973045822102426,0.9506340579710144
QmYvFxPQM4g8KpuFuoWVMyXbA8izvHzDShnBWL8V4k7R1v,There are many stormy trials along my pilgrim way - Chas. H. Gabriel,NA,There are many stormy trials along my pilgrim way,Chas. H. Gabriel,NA,classical,NA,publicdomain,0.0,0,0,2,2,1,0,18,363,20.166666666666668,False,2.4020015466343256,0.9862258953168044,0.9427083333333334
QmYcYr2KCvwBouKG8SZ1qzzrdgxuwYp2nb9ot7BPPbwP2j,There are millions who have never - I. H. Meredith,NA,There are millions who have never,I. H. Meredith,NA,classical,NA,publicdomain,0.0,0,0,4,1,1,0,15,348,23.2,False,2.453619750052769,1.0,0.9118589743589745
QmfCZNWq6EvwtnVkWWSWpYnk4CiTL7fRp9LdW6dNZNziLU,There are needy ones around us - Lydia Shivers Leech,NA,There are needy ones around us,Lydia Shivers Leech,NA,classical,NA,publicdomain,0.0,0,0,4,1,1,0,27,440,16.296296296296298,False,2.487331128652466,0.9977272727272728,0.9626736111111112
QmNrRiRtbNwLiC9b8aadSeG8SkVWMXYiMien2sb4zYNhiN,There are no good-byes in heaven where the many mansions be - Edna G. Young,NA,There are no good-byes in heaven where the many mansions be,Edna G. Young,NA,classical,NA,publicdomain,0.0,0,0,5,1,1,0,22,384,17.454545454545453,False,2.513938219833028,0.9895833333333334,0.953125
QmUAuJsJ6BghdWuFLY9347T2CJBHR6j2X3PhMAEPxpryu8,There are precious promises - T. Frank Allen,NA,There are precious promises,T. Frank Allen,NA,classical,NA,publicdomain,0.0,0,0,2,1,1,0,16,200,12.5,True,2.5908424796210943,0.985,0.953125
QmZFAetM7jyyUBVkMnhVU3bGrm2M3g1Aei8jN39rGxKZsq,There are songs sweet songs that I love to hear - I. H. Meredith,NA,There are songs sweet songs that I love to hear,I. H. Meredith,NA,classical,NA,publicdomain,0.0,0,1,5,1,1,0,18,321,17.833333333333332,False,2.564340156056645,0.9844236760124612,0.965686274509804
QmRDQxwZCgEMV2uN9VAorsKr1FFsPfQkhcu4HRtnCmm6rF,There are souls opprest by sorrow - E. S. Lorenz,NA,There are souls opprest by sorrow,E. S. Lorenz,NA,classical,NA,publicdomain,0.0,0,0,2,1,1,0,17,407,23.94117647058824,False,2.658366800926491,0.9705159705159704,0.9283854166666666
QmUXU9sZ5PUqTFruKALEUHB3VSr5ZeqUhuBDBgNPNzK5SU,There are souls perishing souls over the sea - Wm. J. Kirkpatrick,NA,There are souls perishing souls over the sea,William J. Kirkpatrick,NA,classical,NA,publicdomain,0.0,0,0,6,2,1,0,18,316,17.555555555555557,False,2.840526893910169,0.9430379746835444,0.8958333333333334
QmUzgBWQozoCeYQBR4FTC5sEN7ATu5qmxx52zAKMt2uqVp,There are souls to save souls of young and old - T. R. Middleton,NA,There are souls to save souls of young and old,T. R. Middleton,NA,classical,NA,publicdomain,0.0,0,0,3,1,1,0,18,300,16.666666666666668,False,2.7020096956485107,0.9766666666666668,0.9387254901960784
Qmc8aYHQzg1WsiHBN1y5o6Fc4yJnZNjDL76GoXLzkjwWEe,There are sunbeams of joy - J. Wesley Hughes,NA,There are sunbeams of joy,J. Wesley Hughes,NA,classical,NA,publicdomain,0.0,0,0,2,2,1,0,18,346,19.22222222222222,False,2.7540972450313017,0.9653179190751444,0.8993055555555556
QmQvvkW8ibCUKMHeVvAGXLnoHRL2xx56bsHSbgs6DTd6dB,There are those around watching day by day - B. D. Ackley,NA,There are those around watching day by day,B. D. Ackley,NA,classical,NA,publicdomain,0.0,0,0,2,1,1,0,18,303,16.833333333333332,False,2.80685059470016,0.9504950495049505,0.9652777777777778
QmT6sc55GdHKGUwHZJoavNono6uKD6jarmA9AYZjSFQV7J,There are those we must encourage - Chas. H. Gabriel,NA,There are those we must encourage,Chas. H. Gabriel,NA,classical,NA,publicdomain,0.0,0,0,2,2,1,0,19,368,19.36842105263158,False,2.709244209514632,0.96986301369863,0.9135416666666668
QmbNwJRnKnedPwmRUCFQMB96WX9WgeTkMPFAE2Tmhy464Q,There are times when a word just a friendly word - Ira B. Wilson,NA,There are times when a word just a friendly word - Ira B. Wilson,Ira B. Wilson,NA,classical,NA,publicdomain,0.0,0,0,2,1,1,0,19,330,17.36842105263158,False,2.771249805695261,0.9787878787878788,0.9348958333333334
QmZ3fD2UcjMWhbDfZtYHdiAdUnizGjz1125aBG2E7re7fy,There Cam a Young Man,NA,There Cam a Young Man,Misc tunes,NA,NA,NA,publicdomain,0.0,0,0,2,1,1,0,45,196,4.355555555555555,False,2.6709329526879704,0.9744897959183674,0.94375
QmQVjNTtNSK7VuKvDH3QD7z8Ui5AgyKdJFrVzxdHyhQqao,There Came a Little Child To Earth - Anonymous. Tune in use by 1926.,NA,There Came A Little Child To Earth,Misc Traditional,NA,folk,NA,publicdomain,0.0,0,0,7,1,1,0,17,68,4.0,True,2.646721942985117,0.9852941176470588,0.9010416666666666
QmS6G9W5jz6M8Tmy6bUnUr8XKYT6km1bnwy7mzMhqkY6Y1,There came a man to Jesus - J. Lincoln Hall,NA,There came a man to Jesus,J. Lincoln Hall,NA,classical,NA,publicdomain,0.0,0,0,2,1,1,0,36,450,12.5,False,2.889333737645353,0.9355555555555556,0.9216954022988506
QmR7m3EpTxAAEPuz3VewzurihJwMTvma1sCyPjqfZFxsQQ,There came from the skies in the days long ago - J. W. Van de Venter,NA,There came from the skies in the days long ago,J. W. Van De Venter,NA,classical,NA,publicdomain,0.0,0,0,5,1,1,0,18,320,17.77777777777778,False,2.89735552848982,0.940251572327044,0.9583333333333334
QmNrCdEq5cLznZwEpmqqE74db8KEVxX6hp7owvyK6FrSfS,There came to the earth a pilgrim - A. H. Ackley,NA,There came to the earth a pilgrim,A. H. Ackley,NA,classical,NA,publicdomain,0.0,0,0,2,1,1,0,20,275,13.75,False,2.8846684848343225,0.9309090909090908,0.96
QmYAYmVjrF7EzeDK9zUxaio4v61fjBor6Vu6zMB7c5uNzT,There comes a call for warriors - Victoria Booth-Clipborn Demarest,NA,There comes a call for warriors,Victoria Booth-Clipborn Demarest,NA,classical,NA,publicdomain,0.0,0,0,5,1,1,0,45,594,13.2,False,2.790987531110344,0.9730639730639732,0.9791666666666666
QmVEzMMyyEuwWQeePSNtqHhRHtt7EXehDSfsEch2A64P1X,There comes a time when life is sped - H. G. Spafford,NA,There comes a time when life is sped,H. G. Spafford,NA,classical,NA,publicdomain,0.0,0,0,4,1,1,0,16,132,8.25,False,2.8014390280209747,0.9848484848484848,0.96875
QmWcnNfYYGKMaizcHwoxx1yDUK4kjGTzP7A1z5PWzBsgC6,There Grows A Bonnie Brier Bush,NA,The BONNIE BRIER-BUSH,Misc tunes,Joe Buchanan's Scottish Tome - Page 564.1,NA,NA,publicdomain,0.0,0,0,9,1,1,0,33,60,1.818181818181818,False,2.4796209720897435,1.0,0.9557291666666666
QmcBAKrPPxKT7LbBfqUmhb1mycGQBrmrzm2ny6CuDcKSt4,There have been full many trials - Robert Lowry,NA,There have been full many trials,Robert Lowry,NA,classical,NA,publicdomain,0.0,0,0,3,1,1,0,29,352,12.137931034482758,False,2.6805920379928225,0.9857954545454546,0.9522569444444444
QmYB54gtWSHH4ysBiC7RKCtQRTeQNBR74ia9DpwuKddpLx,There in that golden city fair - Louise Swan,NA,There in that golden city fair,Louise Swan,NA,classical,NA,publicdomain,0.0,0,0,2,1,1,0,32,248,7.75,True,3.053842831421596,0.8991935483870968,0.9619565217391304
QmT8fQoRPS3FBd2R4RshZHnYJsMUSFbVeePjf9HxVHyXeV,There is a beautiful home - J. Howard Entwisle,NA,There is a beautiful home,J. Howard Entwisle,NA,classical,NA,publicdomain,0.0,0,0,4,1,1,0,20,237,11.85,True,2.4149935148006647,0.9957627118644068,0.939102564102564
QmWKWEEBZp7cxGtewtCMgThBjwUMM2ouABeTkfdvGNRsm4,There is a beautiful world (Holmes) - J. M. Holmes,NA,There is a beautiful world (Holmes),J. M. Holmes,NA,classical,NA,publicdomain,0.0,0,0,2,1,1,0,22,275,12.5,False,2.657862915896506,0.9744525547445256,0.9205729166666666
QmUBeRdfrariM8gn7gPEfPFBUQjbQdG3v1sx4DvsyfD8Gv,There is a beauty born of love - J. M. Stillman,NA,There is a beauty born of love,J. M. Stillman,NA,classical,NA,publicdomain,0.0,0,0,2,1,1,0,20,264,13.2,False,2.8408596951952134,0.9734848484848484,0.9270833333333334
QmNevnZHEdsWuWrNJAerbcv11rihi2YVxm88FCYk9JRVNb,There is a bright and happy home - J. Lincoln Hall,NA,There is a bright and happy home,J. Lincoln Hall,NA,classical,NA,publicdomain,0.0,0,0,4,1,1,0,20,285,14.25,False,2.724447450199556,0.9859649122807016,0.9534313725490196
QmYMKMpDJ4R8d6pZPEjDjgbX3TVTeFraKf4MNYv7vg7wK4,There is a City I am told - Frank A. Simpkins,NA,There is a City I am told,Frank A. Simpkins,NA,classical,NA,publicdomain,0.0,0,0,2,2,1,0,13,252,19.384615384615383,False,2.678699968571255,0.9642857142857144,0.9479166666666666
QmPnfSk6zZhkJthKDuo6HJFRHiqkzxhkg9GKDEfmWaCjX5,There is a city in God's word we're told - D. D. Ford,NA,There is a city in God's word we're told,D. D. Ford,NA,classical,NA,publicdomain,0.0,0,0,3,2,1,0,16,319,19.9375,True,2.715846733781371,0.9686520376175548,0.9231770833333334
QmPsVxr2YYUw7tQrzEqnu8Prv8DUxfUb6z6ndKmxepybdU,There is a city made by God - C. E. Leslie,NA,There is a city made by God,C. E. Leslie,NA,classical,NA,publicdomain,0.0,0,0,7,2,1,0,47,516,10.97872340425532,False,2.56950751324332,0.994186046511628,0.9276960784313726
QmdC2C1jZEMw8XV8PFQ5Zp76TZiMiqXMnPwfEpBHgt4DgR,There is a city that gleams afar - R. Frank Lehman,NA,There is a city that gleams afar,R. Frank Lehman,NA,classical,NA,publicdomain,0.0,0,0,4,1,1,0,56,464,8.285714285714286,True,2.705616379223736,0.9655172413793104,0.9522357723577236
QmNjeRQy9mGDJGp1YeUGzW4rZRkBy3aszeLjqqchXKJyJf,There is a day between the Spring and Summer - Adam Geibel,NA,There is a day between the Spring and Summer,Adam Geibel,NA,classical,NA,publicdomain,0.0,0,0,2,2,1,0,18,372,20.666666666666668,False,2.760299266450821,0.956989247311828,0.96875
QmYsYe4Hg6SYXv4rWeCjowQjSF3ggFc8C7zvJQSk6awXmu,There is a fountain deep and wide - Rev. J. H. Stockton,NA,There is a fountain deep and wide - Rev. J. H. Stockton,Rev. J. H. Stockton,NA,classical,NA,publicdomain,0.0,0,1,11,1,1,0,17,220,12.941176470588236,False,2.533447406130048,0.9954545454545456,0.9205729166666666
QmbksS3UhjgcZ1tpKbq7Fhrj9iP2DunA1FNJtoXA2JAY1k,There is a fountain filled with blood (Excell) - E. O. Excell,NA,There is a fountain filled with blood,Misc Traditional,NA,folk,NA,publicdomain,0.0,0,0,50,1,1,0,19,299,15.736842105263158,False,2.4910804479924624,1.0,0.9166666666666666
QmcffhhUNbkuS6AAJbq7QdXRvDy6hKzL4QWe8AcRzTx5CW,There is a fountain filled with blood (Kieffer) - A. S. Kieffer,NA,There is a fountain filled with blood,Misc Traditional,NA,folk,NA,publicdomain,0.0,0,0,21,1,1,0,20,249,12.45,False,2.1956274918172216,1.0,0.9666666666666668
QmZhVvmeW7NVKHkzxyzjn3rjiHWGf6UV2AX8x8NFQqtKtw,There is a fountain filled with blood (Kirkpatrick),NA,There is a fountain filled with blood,Misc Traditional,NA,folk,NA,publicdomain,0.0,0,0,9,1,1,0,17,195,11.470588235294118,False,2.568169106647296,0.9948717948717948,0.9713541666666666
QmTDZufZBT66x9vp5VkYJ6Kr7QwDZF9oeorP7iLDtwRkz1,There is a fountain filled with blood (O'Kane) - T. C. O'Kane,NA,There is a fountain filled with blood (O'Kane),T. C. O'Kane,NA,classical,NA,publicdomain,0.0,0,0,17,1,1,0,27,351,13.0,False,2.4556599489514244,0.9914529914529916,0.900462962962963
QmTLR1GN5jhQShwH6eAtniTbLAwkCgruH5VwykBp6kSXR1,There is a fountain filled with blood (Peacock),NA,There is a fountain filled with blood,Misc Traditional,NA,folk,NA,publicdomain,0.0,0,0,26,2,1,0,38,621,16.342105263157894,False,2.5328536540223445,1.0,0.951171875
QmRf3QoFTgxsNRKXF2FUpXbF3BdAfo16GFZm4xC31dbake,There is a fountain filled with blood - J. Lincoln Hall,NA,There is a fountain filled with blood,Misc Traditional,NA,folk,NA,publicdomain,0.0,0,0,32,2,1,0,29,434,14.96551724137931,False,2.743332249775281,0.9815668202764976,0.9241666666666668
QmYk7NGoKPEHAggCtdh8hNadujpvcRuFdZhbPDBNymKFFx,There is a Friend a patient Friend - W. H. Doane,NA,There is a Friend a patient Friend,W. H. Doane,NA,classical,NA,publicdomain,0.0,0,0,2,2,1,0,19,454,23.894736842105264,False,2.794285406051768,0.9713656387665198,0.8650793650793651
QmZMupo3tp4Xn2y4Sm4tcwzkBfRrkcLRmeYMqHqBTphpVZ,There is a friend a precious friend - F. S. Shepard,NA,There is a friend a precious friend,F. S. Shepard,NA,classical,NA,publicdomain,0.0,0,0,2,2,1,0,20,219,10.95,False,2.6965862611529623,0.954337899543379,0.9010416666666666
QmZBTtKjr2PaQE54A5pR9Y3EYBoCtkJUNy6Z4jHr6LjHXe,There is a Friend whos closer than a brother - Harry Dixon Loes,NA,There is a Friend whos closer than a brother,Harry Dixon Loes,NA,classical,NA,publicdomain,0.0,0,1,49,2,1,0,18,340,18.88888888888889,False,3.0828535417922347,0.923529411764706,0.9424019607843136
QmaEqJgGUcsUucSYBRdyZqYhvdqGV7MKVBM7CkgwosaYSL,There is a Friend whose love is free - J. Howard Entwisle,NA,There is a Friend whose love is free,J. Howard Entwisle,NA,classical,NA,publicdomain,0.0,0,0,2,2,1,0,30,344,11.466666666666669,False,2.6965460912192407,0.9854651162790696,0.8958333333333334
QmaYQfmL8S2ZTq2tCkYzAbW3jbWXRoCSLVePcxdyKQcoBb,There is a gate of shining pearl - S. J. Vail,NA,There is a gate of shining pearl,S. J. Vail,NA,classical,NA,publicdomain,0.0,0,0,4,1,1,0,18,231,12.833333333333334,False,2.5698201436283163,0.9913419913419912,0.8871527777777778
QmTmdvRDrSKmcS2tNgFedqh7MedMoCEvQrUMtoh6YVQddk,There is a gate that opens wide,NA,There is a gate that opens wide,Misc Traditional,NA,folk,NA,publicdomain,0.0,0,0,3,1,1,0,20,265,13.25,False,2.5342402767981365,0.9962264150943396,0.8871527777777778
QmV5W1ZpfZKmLayNWYRkXaTU1uhELHiA5x2XEGMwrkRQN3,There is a gate! O bless the Lord - D. B. Towner,NA,There is a gate! O bless the Lord,D. B. Towner,NA,classical,NA,publicdomain,0.0,0,0,5,1,1,0,18,264,14.666666666666666,False,2.7473641988522446,0.9734848484848484,0.9241071428571428
QmYkxxMZuRfqByWREQakaQwNzsdebpLnGjvaRXn5RUyUXr,There is a green hill far away (Perkins) - T. E. Perkins,NA,There is a green hill far away (Perkins),T. E. Perkins,NA,classical,NA,publicdomain,0.0,0,0,26,1,1,0,19,266,14.0,False,2.4362513592770725,1.0,0.9461805555555556
QmQ2QYPfcF6zAvTHSL4WUcX6yCPuDA38ioi1mVLs3sX2qm,There is a Guide that never falters - A. H. Ackley,NA,There is a Guide that never falters,A. H. Ackley,NA,classical,NA,publicdomain,0.0,0,0,7,1,1,0,20,287,14.35,True,2.7533984359072035,0.9372822299651568,0.8854166666666666
QmcRuChAGhQC1bjidmQPWiiciSVyFEPzjnxTBCSdt1U9dG,There is a happy land - W. H. Jude,NA,There is a happy land,W. H. Jude,NA,classical,NA,publicdomain,0.0,0,0,15,2,1,0,20,162,8.1,True,2.757598751272785,0.9876543209876544,0.9241071428571428
QmY5Scb99vN9EqFSF27di3khxfbycak8gbfR8XNPFgh9bs,There is a holy city (Hoag) - John Hoag,NA,There is a holy city (Hoag),John Hoag,NA,classical,NA,publicdomain,0.0,0,0,4,1,1,0,17,207,12.176470588235292,False,2.893829538759036,0.9516908212560388,0.9453125
QmW7TjMH6BDaNfQ5tNjZRePtaB6E9K3VcczzzWtjDAw39b,There is a home a peaceful home - J. O. Spurgeon,NA,There is a home a peaceful home,J. O. Spurgeon,NA,classical,NA,publicdomain,0.0,0,0,2,1,1,0,19,241,12.68421052631579,False,2.3117510406173207,1.0,0.9583333333333334
Qmf5t9hfUBZTfCMCeLjpxMFWQKXrrs1Jocvp16tLKsmu2k,There is a home among the blest - Florence W. Williams,NA,There is a home among the blest,Florence W. Williams,NA,classical,NA,publicdomain,0.0,0,0,3,1,1,0,19,196,10.31578947368421,False,2.8592605338955,0.9693877551020408,0.8402777777777778
Qmf2dKB8Hdhv9AsqQZDsyy2sD9MCN8z1PatALAkydVb3T9,There is a home eternal Beautiful and bright - H. R. Palmer,NA,There is a home eternal Beautiful and bright,H. R. Palmer,NA,classical,NA,publicdomain,0.0,0,0,5,1,1,0,24,270,11.25,True,2.5566021443903604,1.0,0.9375
QmXGc3sUBRCjEngFxwJjFhoyYeJDg2CNfrKNK9xxKyJH57,There is a home that waits for me - Florence Williams Falconer,NA,There is a home that waits for me,Florence Williams Falconer,NA,classical,NA,publicdomain,0.0,0,0,3,1,1,0,18,215,11.944444444444445,False,2.9308260457088844,0.9439252336448598,0.9045138888888888
QmYSjqb2XitXJ84uryT3hHdQLhkT8ESprES3yNSnSzdCuT,There is a home where we may dwell - Ira D. Sankey,NA,There is a home where we may dwell,Ira D. Sankey,NA,classical,NA,publicdomain,0.0,0,0,2,2,1,0,20,257,12.85,False,2.410016803682197,1.0,0.9149305555555556
QmRq3AB8nqjz6ivATicdwkJUdWbwPCyUMcgPNaqGb5CqWY,There is a house not made with hands - Thomas Clark,NA,There is a house not made with hands,Thomas Clark,Thomas Clark,classical,NA,publicdomain,0.0,0,0,5,0,4,0-0-0-0,11,168,15.272727272727272,True,2.648063539117849,1.0,0.9261363636363636
QmRavxmJccBnqL8Cd8PEs3W4XsMsyxJii8CWXCqe7CgLuA,There is a King of glory - Jas. J. Bell,NA,There is a King of glory,Jas. J. Bell,NA,classical,NA,publicdomain,0.0,0,0,3,1,1,0,16,189,11.8125,True,3.0206864030339977,0.925531914893617,0.9392361111111112
QmXe2gcc94tSadyFL9zm3oaCiMmftfGaMnb6a5nBMY3DFL,There is a land a sunny clime - Chas. Edw. Pollock,NA,There is a land a sunny clime,Chas. Edw. Pollock,NA,classical,NA,publicdomain,0.0,0,0,13,1,1,0,18,235,13.055555555555555,False,2.371947848105758,1.0,0.96484375
QmWgyZ1LZ2nbWX6CGZ2BPoaWFYuezvWm9RSKJWecZSNYyS,There is a land above (Emerson) - Dr. L. O. Emerson,NA,There is a land above (Emerson),Dr. L. O. Emerson,NA,classical,NA,publicdomain,0.0,0,0,4,1,1,0,17,202,11.882352941176473,False,2.5337423527544303,0.9850746268656716,0.9236111111111112
Qmabh17XDdvyxUyfeH6QCPfzExH5LRjRBiY7iAtoed5T31,There is a land beyond the stars - Hubert P. Main,NA,There is a land beyond the stars,Hubert P. Main,NA,classical,NA,publicdomain,0.0,0,0,2,1,1,0,20,232,11.6,False,2.4824535420552403,1.0,0.8819444444444444
QmT4UajEBC5NjfcDvAMCW2Ntysgzx7bjjHPd8ju9kziKvN,There is a land immortal - Frank L. Armstrong,NA,There is a land immortal,Frank L. Armstrong,NA,classical,NA,publicdomain,0.0,0,0,4,1,1,0,20,224,11.2,False,3.1738187949824272,0.8928571428571429,0.9739583333333334
QmYxK9qxJSnsyW9ixh9xccomMeVqQLm3bvhc9Vp9pMhTDE,There is a land mine eye hath seen (Amstutz) - C. D. Amstutz,NA,There is a land mine eye hath seen (Amstutz) - C. D. Amstutz,C. D. Amstutz,NA,classical,NA,publicdomain,0.0,0,0,2,1,1,0,20,227,11.35,False,2.745680698313249,0.9779735682819384,0.8862179487179487
QmcysaB7fok5K7NrQLUQce85Rh7gvjq4AJpJ2X6DdBFM4S,There is a land of corn and wine - Charlie D. Tillman,NA,There is a land of corn and wine,Charlie D. Tillman,NA,classical,NA,publicdomain,0.0,0,0,6,1,1,0,17,259,15.235294117647058,True,2.6715299695408463,0.9691119691119692,0.9444444444444444
QmcsxKaMRUodkfRzADg1Wsi2ajMQc32ztxzPT8xDKiLkBf,There is a land of pleasure - William B. Bradbury,NA,There is a land of pleasure,William B. Bradbury,NA,classical,NA,publicdomain,0.0,0,0,4,1,1,0,21,322,15.333333333333334,False,2.600697132558649,1.0,0.93125
Qmb3ZRRmuH8xD48XWDUYSMGhK6yrz7nEZSQsNsiTxenffV,There is a land of pure delight (Geibel) - Adam Geibel,NA,There is a land of pure delight (Geibel) - Adam Geibel,Adam Geibel,NA,classical,NA,publicdomain,0.0,0,1,13,2,1,0,75,839,11.186666666666667,False,3.0918897204496463,0.8974970202622169,0.9370471014492754
QmPdX5Zeo4t2bevbR9GvKx6NdK5zsU3ErRkcQXCvZSKG8F,There is a land of pure delight (Leslie) - J. H. Leslie,NA,there is a land of pure delight,Misc Praise Songs,NA,religiousmusic,NA,publicdomain,0.0,0,0,35,1,1,0,18,249,13.833333333333334,False,2.658594490484461,0.9919678714859438,0.9309895833333334
QmYi78AjA8STLcwD6pKi12XZrwFCHKSw2tpMRaWZL82HJG,There is a land of pure delight (Moore) - C. L. Moore,NA,there is a land of pure delight,Misc Praise Songs,NA,religiousmusic,NA,publicdomain,0.0,0,1,8,1,1,0,18,274,15.22222222222222,False,2.2439001502077787,1.0,0.953125
QmUGrSveyBhp3UYNrgXArS38RAFaeS9unu1mtHpre4EQNp,There is a land of pure delight (Sankey) - Ira D. Sankey,NA,There is a land of pure delight (Sankey) - Ira D. Sankey,Ira D. Sankey,NA,classical,NA,publicdomain,0.0,0,0,7,1,1,0,20,216,10.8,False,2.6315151197833826,0.9953703703703703,0.9635416666666666
QmNdfopWW1EgzFKHAcFtpYiGnoPDarN3PR8QL2m2Vg931Z,There is a land of pure delight (Shaw) - John B. Shaw,NA,there is a land of pure delight,Misc Praise Songs,NA,religiousmusic,NA,publicdomain,0.0,0,0,8,1,1,0,20,335,16.75,False,2.205279677029265,1.0,0.90234375
Qmf3K3ZFL9cim56jRCPtbwMnHgGthTsLRUK7vfUcXRScaF,There is a land that lies afar - Geo. C. Stebbins,NA,There is a land that lies afar,Geo. C. Stebbins,NA,classical,NA,publicdomain,0.0,0,0,9,1,1,0,21,293,13.952380952380953,False,2.76227880988686,0.9690721649484536,0.9672619047619048
Qmb3yY1dLUd5DCDm59qQATNyBCAX7HpHFaDzHf7w3K2WEa,There is a light above there are smiles of love - Geo. C. Stebbins,NA,There is a light above there are smiles of love,Geo. C. Stebbins,NA,classical,NA,publicdomain,0.0,0,0,7,2,1,0,17,259,15.235294117647058,False,2.6050528724493347,0.9806949806949808,0.9097222222222222
QmUm2n72V87eCnFZmj1NaqPUgaA5iNeCdN7bvWKRB3cR6Z,There is a light that shineth in darkness - I. N. McHose,NA,There is a light that shineth in darkness,I. N. McHose,NA,classical,NA,publicdomain,0.0,0,0,4,1,1,0,16,266,16.625,True,2.4998128311044026,0.981203007518797,0.9253472222222222
QmX3DXK6m2ke4sxVMY6ji7KEEK9bgcP5pfF3h8e9MBhYnC,There is a living fountain - John H. Kurzenknabe,NA,There is a living fountain,John H. Kurzenknabe,NA,classical,NA,publicdomain,0.0,0,0,3,1,1,0,22,256,11.636363636363637,False,2.4862541302226613,0.99609375,0.9642857142857144
QmfCxDBSUNizaYzvjtZZu6vxMWMjYVeA5i2Gy9MViATkrP,There is a loving Jesus - Duke Farson Jr.,NA,There is a loving Jesus,Jr. Duke Farson,NA,classical,NA,publicdomain,0.0,0,0,2,1,1,0,20,216,10.8,False,2.2497987968882684,1.0,0.9739583333333334
QmVH6EG39ZqWbCnfLmDzaRk9ZpUDTT6ZHgegJFM3ApjoFW,There is a mansion bright and fair - J. H. Tenney,NA,There is a mansion bright and fair,J. H. Tenney,NA,classical,NA,publicdomain,0.0,0,0,3,1,1,0,27,226,8.37037037037037,False,2.4941917716453688,1.0,0.921875
QmP94vQ6zhc6mvFGqBH9B38JWUBYtVwnC4wAcnytaKvJg9,There is a Name all names above - C. Harold Lowden,NA,There is a Name all names above,C. Harold Lowden,NA,classical,NA,publicdomain,0.0,0,0,6,1,1,0,10,133,13.3,False,2.5407906801391915,0.9849624060150376,0.96875
QmdMpYg4uUh86xVcgiUDGT25our3rpYUDy72H6mWHaLsW8,There is a name high over all - Lida Shivers Leech,NA,There is a name high over all,Lida Shivers Leech,NA,classical,NA,publicdomain,0.0,0,0,4,1,1,0,26,293,11.26923076923077,False,2.6553413066555955,0.9829351535836176,0.9635416666666666
QmZ1pUi2sb6FPdh9xyAyQCQg8EWS17Rjt89vYwiSgtca2D,There is a name I love to hear (Ackley) - B. D. Ackley,NA,There is a name I love to hear (Ackley),B. D. Ackley,NA,classical,NA,publicdomain,0.0,0,0,10,1,1,0,20,236,11.8,False,2.670615233074538,0.9745762711864406,0.890625
QmZb3uYXPXZqaeWdgm4AF14swhhV8NkqPHeXpD5a3SssQK,There is a name that on my ear - J. H. Tenney,NA,There is a name that on my ear,J. H. Tenney,NA,classical,NA,publicdomain,0.0,0,0,4,1,1,0,20,245,12.25,False,2.4127229670603065,1.0,0.9340277777777778
QmT7f5Gt9FWe6WWTzoZQMCtosY4kCaFeLcT5E7bqqtKi34,There is a name that shall abide - Herbert J. Lacey,NA,There is a name that shall abide,Herbert J. Lacey,NA,classical,NA,publicdomain,0.0,0,0,6,1,1,0,20,267,13.35,False,2.6725650493692554,0.9588014981273408,0.9270833333333334
QmPfmozdyaX55WitQxwEctjsiG1fY3z1Pkm8TnkEEQ3Urp,There is a name whereby we may be saved - J. W. Lerman,NA,There is a name whereby we may be saved - J. W. Lerman,J. W. Lerman,NA,classical,NA,publicdomain,0.0,0,0,2,1,1,0,33,320,9.696969696969695,True,2.959060852835014,0.946875,0.9637096774193548
QmY5mQfLqHXKsyYbZahfLYfr6qd8mt6vREm7bgDyQ5pYL3,There is a peace a lasting peace - John M. Dye,NA,There is a peace a lasting peace,John M. Dye,NA,classical,NA,publicdomain,0.0,0,0,4,2,1,0,18,279,15.5,False,2.5089719700062085,0.989247311827957,0.921875
QmRwsyjhBaKjkHHAWNLKjbyDCWVQpZcjrNyAg4XQw8Znag,There is a place for every soul - J. Howard Entwisle,NA,There is a place for every soul - J. Howard Entwisle,J. Howard Entwisle,NA,classical,NA,publicdomain,0.0,0,0,3,1,1,0,20,239,11.95,False,2.429584308469399,0.98744769874477,0.8454861111111112
QmNfq3M8oMat4TPkZbLgR9zrWLDJ5WjXy6C3KkJRRvuoe2,There is a place of perfect rest - Marvin H. Prather,NA,There is a place of perfect rest,Marvin H. Prather,NA,classical,NA,publicdomain,0.0,0,0,5,1,1,0,18,279,15.5,False,2.817343314622795,0.96415770609319,0.8819444444444444
QmTBNjgBAKiejAcbMCqjrjnYosXubQ1oEFiYosWL6NEEK2,There is a place to Christians dear - De Loss Smith,NA,There is a place to Christians dear,De Loss Smith,NA,classical,NA,publicdomain,0.0,0,0,5,1,1,0,20,260,13.0,False,2.78601276419101,0.946153846153846,0.9348958333333334
QmRir4C72Z3sqvUs4HmRncX4fVLU82gbXoE6uQamCtf59D,There is a place where children go - Dr. J. D. Vinton,NA,There is a place where children go,Dr. J. D. Vinton,NA,classical,NA,publicdomain,0.0,0,0,3,1,1,0,22,236,10.727272727272728,False,2.672537526499739,0.9872881355932204,0.949074074074074
Qma2TQCbCdVJqZyLoo3HhkHCX2LD697DtQ2T3tUkzT5Pzq,There is a realm where Jesus reigns - Rev. R. Lowry,NA,There is a realm where Jesus reigns,Rev. R. Lowry,NA,classical,NA,publicdomain,0.0,0,0,6,1,1,0,27,271,10.037037037037036,False,2.512838680575366,1.0,0.9246794871794872
QmYnEBNCju9b35T3S3dBanFUwC9tQEQ4javjYR21Fxai4f,There Is A Reason - Alison Krauss,NA,There Is A Reason,Alison Krauss,NA,country,NA,cc-zero,0.0,0,0,36,1,1,0,161,1102,6.84472049689441,False,3.0048890525592937,0.94010889292196,0.9439300411522634
QmUACU4uR1jnjE4PxGUrLGm2woiBHsS8stVAPq1PuwmNJ7,There is a song a glad sweet song - H. W. Porter,NA,There is a song a glad sweet song,H. W. Porter,NA,classical,NA,publicdomain,0.0,0,0,4,2,1,0,24,393,16.375,True,2.8604816810623483,0.9592875318066156,0.9348958333333334
QmfMLkrQYeAyKiHBy7CCnssFeVkoxmdJSkMdgv5HrAPGLQ,There is a song I love to sing - Robert Harkness,NA,There is a song I love to sing - Robert Harkness,Robert Harkness,NA,classical,NA,publicdomain,0.0,0,0,2,1,1,0,19,258,13.578947368421051,False,2.533347592581209,0.9883720930232558,0.9505208333333334
Qmes5zg3iyEdYfsfKXZrcJ4vSxg3nwW67AYEjsvjcM2voo,There is a song I've learned to sing - Haldor Lillenas,NA,There is a song I've learned to sing,Haldor Lillenas,NA,classical,NA,publicdomain,0.0,0,0,5,1,1,0,19,196,10.31578947368421,False,2.874437898455843,0.9285714285714286,0.9149305555555556
QmeMoBmENcrDqf7iy4GGAfvXeDXZGZyFge5eJe3ZYSbAQj,There is a song in my heart today - Mildred Ellen Sullivan,NA,There is a song in my heart today,Mildred Ellen Sullivan,Mildred Ellen Sullivan,classical,NA,publicdomain,0.0,0,0,6,0,2,0-0,16,226,14.125,True,2.565997549033915,0.9910714285714286,0.9392361111111112
QmSRJ6RGnkp3XQ2Cv2EvKAfTgQdwrCp5uuPipH9MY4oRm4,There is a spot of consecrated ground - J. E. Gould,NA,There is a spot of consecrated ground - J. E. Gould,J. E. Gould,NA,classical,NA,publicdomain,0.0,0,0,5,1,1,0,16,135,8.4375,False,2.847493370905222,0.9703703703703704,0.9545454545454546
QmYmKLJcqwoNLPYPvhqNT3c1c6Afz2pGz3AXbAnYmGmbHB,There is a story ever new - Howard E. Smith,NA,There is a story ever new,Howard E. Smith,NA,classical,NA,publicdomain,0.0,0,0,2,1,1,0,20,221,11.05,False,2.300805039785668,1.0,0.9453125
QmT7ywVqGBPMTK4xNyzXghZuZyxHKtvc2f3Mz3Pqe675Cn,There is a story more precious than gold - B. D. Ackley,NA,There is a story more precious than gold - B. D. Ackley,B. D. Ackley,NA,classical,NA,publicdomain,0.0,0,0,3,1,1,0,16,288,18.0,True,2.6726280596472205,0.9581881533101044,0.8576388888888888
QmXzSdSDAFWXbyCVZ11EBqZckyPq3syz4YL3jGX811rtE2,There is a stream whose gentle flow (Gabriel) - Chas. H. Gabriel,NA,There is a stream whose gentle flow (Gabriel),Chas. H. Gabriel,NA,classical,NA,publicdomain,0.0,0,0,11,2,1,0,14,290,20.714285714285715,False,2.577180944114005,0.986206896551724,0.953525641025641
QmVs98kx132dHiPkFmZEZBhtCuFwQ8is7d1Hqkz34vvBWe,There is a sunny side to every path below - T. Martin Towne,NA,There is a sunny side to every path below,T. Martin Towne,NA,classical,NA,publicdomain,0.0,0,0,4,2,1,0,16,355,22.1875,True,2.650313351421225,1.0,0.9111111111111112
QmWCWWikGU4VycadcaNnDmwc1svv72YaTxtJLdY5tKX8zm,There is a sweet enduring peace - Rev. William Hammond D. D.,NA,There is a sweet enduring peace,Rev. William Hammond D. D.,NA,classical,NA,publicdomain,0.0,0,0,3,1,1,0,18,232,12.88888888888889,False,2.628877028276785,0.9827586206896552,0.9097222222222222
QmbshRar1ZK4ZKJxMHLMaHuuSKVwsb9TUSy2evEdv4sMqM,There is a time a happy time - J. H. Fillmore,NA,There is a time a happy time,J. H. Fillmore,NA,classical,NA,publicdomain,0.0,0,0,6,1,1,0,20,268,13.4,False,2.550186452287744,0.9925373134328358,0.9270833333333334
QmdBwpG3u83c9iq3t2zBvJYFR4BtwAiPxJSayQUxpiDfja,There is a voice thats soft and low - W. A. Post,NA,There is a voice thats soft and low,W. A. Post,NA,classical,NA,publicdomain,0.0,0,0,2,2,1,0,24,370,15.416666666666666,True,2.8079381837420376,0.9672131147540984,0.9875
QmYdD1XxXxEfj2zHgmW9YtobHQw555zG6sJgcjeYYXfawd,There is a way a narrow way - Wm. Stevenson,NA,There is a way a narrow way,Wm. Stevenson,NA,classical,NA,publicdomain,0.0,0,0,10,1,1,0,18,223,12.38888888888889,False,2.4767937748261284,0.9955156950672646,0.9674479166666666
QmRwz5sZjR2rc5yEE2jxaDqxGBv2bWpygYqUuYXw7WfAUE,There Is An Alehouse In Yon Town,NA,There Is An Alehouse In Yon Town,Misc tunes,NA,NA,NA,publicdomain,0.0,0,0,2,1,1,0,16,40,2.5,False,2.6981353598735867,1.0,0.9583333333333334
QmccJvT43R8j2q1Ty25oeuLtBwFNdhAn5f1wUqiJDY646S,There is an army brave and loyal - Samuel W. Beazley,NA,There is an army brave and loyal,Samuel W. Beazley,NA,classical,NA,publicdomain,0.0,0,0,5,2,1,0,41,714,17.414634146341463,False,2.739493606076618,0.9495798319327732,0.9247685185185184
QmPVPVaPKLAJFVhacwbzRyFSSY7EE5A51rJ9z7NhtEzAa2,There is an eye that never sleeps (Towner) - D. B. Towner,NA,There is an eye that never sleeps (Towner),D. B. Towner,NA,classical,NA,publicdomain,0.0,0,0,3,1,1,0,10,109,10.9,False,2.332192421691145,1.0,0.953125
QmRBwiE7PFn4C89ghmf1cy35HCxcaafJ2GJu2DqDnsCkba,There is an hour of calm relief - W. H. Doane,NA,There is an hour of calm relief,W. H. Doane,NA,classical,NA,publicdomain,0.0,0,0,11,1,1,0,18,247,13.72222222222222,False,2.482469789241918,0.9919028340080972,0.95703125
QmWLKCDoCoQYhwrktQT9xBUP1ZztKN9eAfknSsmhme14ET,There is another better world - Emma Louise Ashford,NA,There is another better world,Emma Louise Ashford,NA,classical,NA,publicdomain,0.0,0,0,7,2,1,0,21,326,15.523809523809524,False,2.7123183755295943,0.9813664596273292,0.9694444444444444
QmYArmhgbEoMk1rVvii1aSnQGVddzzDnpAmSzHFgJx6GeD,There is cleansing perfect cleansing - A. J. Showalter,NA,There is cleansing perfect cleansing,A. J. Showalter,NA,classical,NA,publicdomain,0.0,0,0,5,1,1,0,17,336,19.764705882352946,False,2.531666294236102,0.9970238095238096,0.9140625
QmfRtsFbLeARqpDwiF64ATjYM5fWjezXQrZn9K2AzQrt1T,There is gladness in my soul - B. D. Ackley,NA,There is gladness in my soul,B. D. Ackley,NA,classical,NA,publicdomain,0.0,0,0,7,2,1,0,18,299,16.61111111111111,False,2.7027615373528984,0.9665551839464884,0.9362745098039216
QmXLoSTDdrFa23uZXmJG8gifcHHsNav8Z5C2KEfVTsXCpo,There is glory in my soul - Chas. H. Gabriel,NA,There is glory in my soul,Charles H. Gabriel,NA,classical,NA,publicdomain,0.0,0,0,8,2,1,0,29,543,18.724137931034484,False,2.5023722518325924,0.992633517495396,0.9557291666666666
QmVhZGwFR4Vwd1pZ3FgZiJfCNvbzAkd3KwbZp56N7vSvj7,There is hope for the lost at the foot of the cross - Wilbur A. Christy,NA,There is hope for the lost at the foot of the cross,Wilbur A. Christy,NA,classical,NA,publicdomain,0.0,0,0,15,2,1,0,27,379,14.037037037037036,False,2.619720979521405,0.9813829787234044,0.9265350877192984
QmU1P1ffiuyyuuxNt1GwFfVN2sj1XUyTXdeFi8T3pQmF79,There is hope for the penitent one - Adam Geibel,NA,There is hope for the penitent one,Adam Geibel,NA,classical,NA,publicdomain,0.0,0,0,3,2,1,0,28,490,17.5,False,2.6892910068657394,0.9714285714285714,0.893640350877193
QmPd9Sx9zSq9PXfMeqY364BR9Y6R2tULn2WPG1Mtted79A,There is hope O troubled soul despairing - Robert Harkness,NA,There is hope O troubled soul despairing,Robert Harkness,NA,classical,NA,publicdomain,0.0,0,0,2,1,1,0,17,284,16.705882352941178,False,2.4917018263497406,0.9859154929577464,0.9270833333333334
QmRiEsguRfiSN8b3trLnTnFcfrHMzBBDc6RzpYT2iww4Hu,There is joy among the angels (Kirkpatrick) - Wm. J. Kirkpatrick,NA,There is joy among the angels (Kirkpatrick),William J. Kirkpatrick,NA,classical,NA,publicdomain,0.0,0,0,5,1,1,0,17,364,21.41176470588235,False,2.291076261095288,0.9972527472527472,0.93359375
QmULN9XsHUCDh2viAncwXKc7zwBGFivJ3qjyKhFENzzCfc,There is joy among the angels (Perkins) - T. E. Perkins,NA,There is joy among the angels (Perkins),T. E. Perkins,NA,classical,NA,publicdomain,0.0,0,0,2,1,1,0,24,281,11.708333333333334,False,2.667359492424892,0.9857651245551602,0.9572916666666668
QmaheA9uDry2E6QfQNfTdMazpdwbdLgCVW8beeYzceikd4,There is joy among the angels who surround the throne above - Chas. Edw. Pollock,NA,There is joy among the angels who surround the throne above,Chas. Edw. Pollock,NA,classical,NA,publicdomain,0.0,0,0,6,2,1,0,28,504,18.0,False,2.526784602484124,0.9821428571428572,0.9314236111111112
QmTJ3B7WZy53aeJdDErvAScftJMY9Evp1r6BvQ49upP9j2,There is joy in all that we can find to do - Clinton Dudley Lowden,NA,There is joy in all that we can find to do,Clinton Dudley Lowden,NA,classical,NA,publicdomain,0.0,0,0,1,2,1,0,25,345,13.8,False,3.05877171013294,0.9333333333333332,0.9385416666666668
QmXadQchZRZ8iayZqXC7zTNYVpXn7uD8TAEY9uChMhA9Ta,There is joy in desert places - J. Wesley Hughes,NA,There is joy in desert places,J. Wesley Hughes,NA,classical,NA,publicdomain,0.0,0,0,4,1,1,0,34,429,12.617647058823527,False,2.6046500884762875,0.9906759906759908,0.8897569444444444
QmcgcXoEiWjujawtUAq8g8jkcJt5sFd4fwa5fNb5rAcei5,There is joy within when faith is bright - Jno. R. Sweney,NA,There is joy within when faith is bright,John R. Sweney,NA,classical,NA,publicdomain,0.0,0,0,2,1,1,0,19,269,14.157894736842104,False,2.440823076388703,1.0,0.9309895833333334
QmV9RShDWx5LbeRb2uznsLqSPY1eNUpLFX8QbKP6FqJF6d,There is just a word of gladness you can tell - Chas. H. Gabriel,NA,There is just a word of gladness you can tell,Chas. H. Gabriel,NA,classical,NA,publicdomain,0.0,0,0,5,2,1,0,19,404,21.26315789473684,False,2.783588860768089,0.9603960396039604,0.96484375
QmbWVGXRNHrMZUKmRe1mjVnvYefmqvtL7WwCR9Un2ySqqh,There is life in the name of Jesus - J. Howard Entwisle,NA,There is life in the name of Jesus,J. Howard Entwisle,NA,classical,NA,publicdomain,0.0,0,0,5,1,1,0,19,258,13.578947368421051,False,2.654457119227392,0.9806201550387597,0.93359375
QmYzrYzrSnveD6ipSWeYUriEK4sKsXFyqnRsQtrs4Tr2ce,There is light among shadows and peace amid strife - C. E. Koch,NA,There is light among shadows and peace amid strife,C. E. Koch,NA,classical,NA,publicdomain,0.0,0,0,2,1,1,0,19,359,18.894736842105264,False,2.4515992860740727,1.0,0.8524305555555556
QmZ5TpYnBLtWXyEEHpYYE93gRJ37xF1AyNuBhHfsLMqbq2,There is need for Daniel men - J. H. Hall,NA,There is need for Daniel men,J. H. Hall,NA,classical,NA,publicdomain,0.0,0,0,3,1,1,0,19,202,10.63157894736842,False,2.474638066519144,1.0,0.8888888888888888
QmdjdzA7tvz5VkApbZoM8iHAEfPbp4J1Sq58j9rcEgFzmW,There is need of deeper consecration - B. D. Ackley,NA,There is need of deeper consecration - B. D. Ackley,B. D. Ackley,NA,classical,NA,publicdomain,0.0,0,0,2,2,1,0,21,302,14.38095238095238,False,2.7624021889307486,0.9735099337748344,0.9388020833333334
QmaHo5zoxDSBL4jD5bR127VfPoYmXpqFzb58XR7XycC1E2,There is never a soul so sinful - James McGranahan,NA,There is never a soul so sinful,James McGranahan,NA,classical,NA,publicdomain,0.0,0,0,4,2,1,0,19,252,13.263157894736842,False,2.911563437831572,0.9325396825396826,0.9045138888888888
QmW2XBLkkRSdJKwFMQF5eyngRwFkNjZ99YacQUNdBufmhz,There is never a way so narrow or short - S. J. Vail,NA,There is never a way so narrow or short,S. J. Vail,NA,classical,NA,publicdomain,0.0,0,0,2,1,1,0,18,259,14.38888888888889,False,2.582460109127493,0.9884169884169884,0.9466145833333334
QmcDWnL2DmZUBzHB8XFpFFo4Kn6tHw9zotBUmbWZccPC7R,There is no cross now standing on Calv'ry's hill - C. Austin Miles,NA,There is no cross now standing on Calv'ry's hill,C. Austin Miles,NA,classical,NA,publicdomain,0.0,0,0,2,2,1,0,16,341,21.3125,False,2.459397357715442,0.997067448680352,0.8943452380952381
QmSmN5PxAHyoUNoHnBCUnr9uTMA7DM2iomjY5bNQNfq2re,There is no dew on the mountains of Zion - Robert Lowry,NA,There is no dew on the mountains of Zion,Robert Lowry,NA,classical,NA,publicdomain,0.0,0,0,7,1,1,0,36,327,9.083333333333334,True,2.6646234114728,0.9877675840978594,0.9537037037037036
QmRbXdFETXpbgYwu8TX8qjK9J3YsH4UuHgDLHYSmozdtoY,There is no friend like Jesus in weakness - D. B. Towner,NA,There is no friend like Jesus in weakness,D. B. Towner,NA,classical,NA,publicdomain,0.0,0,0,4,2,1,0,18,298,16.555555555555557,False,2.787857544948756,0.976510067114094,0.9166666666666666
Qmf4YEUcN8t8CSPFPyVxhYj5BvRXmAaze9aKcCCTwxZuVd,There is no King but Jesus! (Brown),NA,There is no King but Jesus! (Brown),Misc Traditional,NA,folk,NA,publicdomain,0.0,0,0,5,1,1,0,34,378,11.117647058823527,False,2.7277870740817964,0.9576719576719576,0.9518229166666666
QmeNGzvfThRATajHZYzNkQs1MVvCCMNDRyxbD3UqWu3Zh4,THERE IS NO LOVE (German),NA,THERE IS NO LOVE (German),Misc Traditional,NA,folk,NA,publicdomain,0.0,0,0,3,1,1,0,17,155,9.117647058823527,False,2.9764120953424458,0.9483870967741936,0.9739583333333334
QmVfN9YBvDJAnUkMMH92BngY8CoM4hQCpCRAKhP1pqQosg,There Is No Luck About The House. JaW.269,Nae Guid Luck Aboot The Hoose. JaW.269,There Is No Luck About The House. JaW.269,Misc tunes,NA,NA,NA,publicdomain,0.0,0,0,2,1,1,0,25,83,3.32,False,2.518648553534682,1.0,0.9340277777777778
QmU89MPAPE3qoxymXQXvxESQHgEMsFUhGSUfaUP2FzViAJ,There is no luck. TLY.017,Nae Good Luck Aboot etc. TLY.017,There is no luck. TLY.017,Misc tunes,NA,NA,NA,publicdomain,0.0,0,0,1,1,1,0,36,120,3.333333333333333,False,2.4763727684050045,1.0,0.8888888888888888
QmW7AB3nR47yBmDnbvgWdegvmCiWSBHjByMwGwHia6ji6Z,There is no name on earth so sweet - M. Edwin Johnson,NA,There is no name on earth so sweet,M. Edwin Johnson,NA,classical,NA,publicdomain,0.0,0,0,2,1,1,0,18,236,13.11111111111111,False,2.6746170619065155,0.9830508474576272,0.8940972222222222
QmbSyJ9atghveZdm78ncSJXDg5PGqwZyiK4v6eEt2EQiza,There is no name so sweet on earth - Joseph Barnby,NA,There is no name so sweet on earth,Joseph Barnby,There is no name so sweet on earth - Barnby,classical,NA,publicdomain,0.0,0,0,8,0,2,0-0,25,246,9.84,False,2.8379244889053243,0.965665236051502,0.9754901960784312
Qmc12cMX9XcH7rD9uk4gHoWNbHauueAsVDpss5bjpDdYwo,There is no nearer dearer friend - W. H. Doane,NA,There is no nearer dearer friend,W. H. Doane,NA,classical,NA,publicdomain,0.0,0,0,4,2,1,0,20,252,12.6,False,2.533092696112122,1.0,0.9340277777777778
QmRD2zZeg3Gxt8VBvFy1a9jRwaDtiExuSC4Z8Qpqz1f43y,There is no one like Jesus my Friend - F. M. Cranston,NA,There is no one like Jesus my Friend,F. M. Cranston,NA,classical,NA,publicdomain,0.0,0,0,6,1,1,0,16,243,15.1875,True,2.625416439204088,0.9876543209876544,0.9602272727272728
QmNSQ2rhSCbabHkfPmz9vP4EBy6RdbqsYR3SLmxckPhVbs,There is no other like Jesus - A. J. Abbey,NA,There is no other like Jesus,A. J. Abbey,NA,classical,NA,publicdomain,0.0,0,0,3,1,1,0,40,600,15.0,True,2.704928502329423,0.9733333333333334,0.9034722222222222
QmRXB3EFHLYZ1QnSLRS63ec4hZeahQusewgjT3ymxAGXKN,There is no shelter for the soul - Jno. R. Sweney,NA,There is no shelter for the soul,John R. Sweney,NA,classical,NA,publicdomain,0.0,0,0,4,1,1,0,19,294,15.473684210526317,False,2.784877267721396,0.9455782312925172,0.9085648148148148
QmQFHuf8uP5Ud3pSwp3tyUHhHHC3inBxkN7UgdupWGSFkn,There is no sweeter time than this - W. H. Doane,NA,There is no sweeter time than this,W. H. Doane,NA,classical,NA,publicdomain,0.0,0,0,4,1,1,0,27,379,14.037037037037036,False,2.515848693866264,1.0,0.9616666666666668
QmRi65L8YKUnxLhTyAeq6NarhUWUUvDURuL7aGLjXqwWeQ,There is not another friend so dear - Rev. Elisha A. Hoffman,NA,There is not another friend so dear,Rev. Elisha A. Hoffman,NA,classical,NA,publicdomain,0.0,0,0,4,2,1,0,14,314,22.428571428571427,False,2.520955257783858,1.0,0.9340277777777778
QmZ97yVLbPtBTAT4Nr2CCovK5o2TXmLwqz5ma8ZN81LV2e,There is nothing that can hinder - Chas. H. Gabriel,NA,There is nothing that can hinder,Chas. H. Gabriel,NA,classical,NA,publicdomain,0.0,0,0,7,2,1,0,18,389,21.61111111111111,False,2.65221046121502,0.9922879177377892,0.92578125
QmaGSrPCNS1r2tBvPdbudkeD1vfPkkDtHsjwgcKkoLKeRF,There is nothing too heard for the Lord - F. J. Howard,NA,There is nothing too heard for the Lord,F. J. Howard,NA,classical,NA,publicdomain,0.0,0,0,2,2,1,0,20,344,17.2,False,2.6909781845510863,0.9709302325581396,0.90625
QmRCpPPXtdX1ZqCbExGqBGv8Bk1r67eaFV752x8LCsrcod,There is now a fountain opened - Grant C. Tullar,NA,There is now a fountain opened,Grant C. Tullar,NA,classical,NA,publicdomain,0.0,0,0,5,1,1,0,21,349,16.61904761904762,False,2.661770756029963,0.982808022922636,0.9466145833333334
QmP28QjFHuHkFZapoahbDGPAPUNgUZLMwvNRRRHgMn61AS,There is one I can trust when I need a friend - Haldor Lillenas,NA,There is one I can trust when I need a friend,Haldor Lillenas,NA,classical,NA,publicdomain,0.0,0,0,3,2,1,0,20,407,20.35,False,2.455656674729621,1.0,0.7274305555555556
QmRhBSDrPrHRuZ4RGiMhZhYSaPWn2NqkP7reNfg9ynjkDK,There is one loved me so that for me he died - Kem B. Bottorf,NA,There is one loved me so that for me he died - Kem B. Bottorf,Kem B. Bottorf,NA,classical,NA,publicdomain,0.0,0,0,4,2,1,0,20,400,20.0,False,2.4795631577085504,0.9693877551020408,0.8003472222222222
QmTo1wyvcLqxDLvMBDaFWf8jy67rd6jZ7Rz7TN8h8117NU,There is one name all names above - Mrs. C. H. Morris,NA,There is one name all names above - Mrs. C. H. Morris,Mrs. C. H. Morris,NA,classical,NA,publicdomain,0.0,0,0,6,2,1,0,26,359,13.807692307692308,False,2.736583787783164,0.9693593314763232,0.9050925925925926
QmT4rJgVGxbMMcr6pd1q3KjJ7zv5YVRXh6ZTyyzQYi6n1z,There is one of whom my praises ne'er shall end - Adam Geibel,NA,There is one of whom my praises ne'er shall end,Adam Geibel,NA,classical,NA,publicdomain,0.0,0,0,4,1,1,0,16,231,14.4375,True,2.662627235389167,0.974025974025974,0.9661458333333334
QmUUXARawSGrASd3BeEHcGgvZ4bsn6KPK9XMJ1j4SBLGCJ,There is One speaking as never man spake - Chas. H. Gabriel,NA,There is One speaking as never man spake,Chas. H. Gabriel,NA,classical,NA,publicdomain,0.0,0,0,3,1,1,0,18,184,10.22222222222222,False,2.5882358742260045,0.9782608695652174,0.9497549019607844
QmXztZMJWPA53EVqwfeF3RvesXUJ6YCF2P1RsYQgqamems,There is One to our hearts most precious - W. S. Weeden,NA,There is One to our hearts most precious,W. S. Weeden,NA,classical,NA,publicdomain,0.0,0,0,3,1,1,0,16,250,15.625,True,2.2508610697895977,0.992,0.95703125
QmabuwjFebfZJ4r8vzPisqwhbhFafh24axasR7zMWZrLdF,There is One who long hath sought you - E. Lester Thurman,NA,There is One who long hath sought you,E. Lester Thurman,NA,classical,NA,publicdomain,0.0,0,0,2,1,1,0,18,204,11.333333333333334,False,2.745684831893336,0.9558823529411764,0.921875
Qmch8WdHPQy6hmvYuuznbxHzdnCC85VgWZteReyWDh22g7,There is One who promises to lead you - Albert Allen Ketchum,NA,There is One who promises to lead you,Albert Allen Ketchum,NA,classical,NA,publicdomain,0.0,0,0,2,1,1,0,24,388,16.166666666666668,True,2.7486973695641472,0.9716494845360824,0.9284420289855072
QmTrRJYvVvExK56sewkXQiW1ZA93RCtpxcVmdju6awcD35,There is One who reigns throughout creation wide - Charles H. Maskell,NA,There is One who reigns throughout creation wide,Charles H. Maskell,NA,classical,NA,publicdomain,0.0,0,0,2,2,1,0,30,462,15.4,False,2.8841671165826064,0.9588744588744588,0.95
QmUSgUSVmTqD8TxtDNygst3wsCufxyQiK4XeucoWtb53RQ,There is One who rules in heaven and in all the earth below - Haldor Lillenas,NA,There is One who rules in heaven and in all the earth below,Haldor Lillenas,NA,classical,NA,publicdomain,0.0,0,0,4,1,1,0,20,323,16.15,False,2.648204594312816,0.959752321981424,0.9466145833333334
QmTcJ5TV2hvPcN6PsviEzTRZ7dNa5igvNyxfKrx4F5zRxt,There is one who understands our hearts - H. G. Smyth,NA,There is one who understands our hearts,H. G. Smyth,NA,classical,NA,publicdomain,0.0,0,0,2,2,1,0,18,275,15.27777777777778,False,2.571841424550784,0.9745454545454544,0.9309895833333334
QmXrjoSR4zJjFbYFwsZ4C4AoWw5W64EyYWQY5DeMyacK3V,There is one who watches o'er us - Jas. M. Black,NA,There is one who watches o'er us - Jas. M. Black,Jas. M. Black,NA,classical,NA,publicdomain,0.0,0,0,3,2,1,0,17,290,17.058823529411764,True,2.592777942409667,0.9793103448275862,0.9375
QmSb4wr1QbDAx3hFVonNW8qbsXqE5py4VqsHto7co5KXU1,There is One whose love unmeasured - Chas. H. Gabriel,NA,There is One whose love unmeasured,Chas. H. Gabriel,NA,classical,NA,publicdomain,0.0,0,0,7,1,1,0,20,236,11.8,False,2.593747257336273,0.9830508474576272,0.94140625
Qmb6VQdNGL3FKyjPK22kyds2C5E1XaUhJcFC69rF92F7VB,There is only one thing that the Christian needs to do - Edward S. Ufford,NA,There is only one thing that the Christian needs to do,Edward S. Ufford,NA,classical,NA,publicdomain,0.0,0,0,7,1,1,0,21,323,15.38095238095238,False,2.3779362854852075,0.9938080495356038,0.9205729166666666
QmbucBYmANsncfKtExibceDbTdybrnixH8ido5LCPVi9cZ,There is only one way to the cross - S. J. Vail,NA,There is only one way to the cross,S. J. Vail,NA,classical,NA,publicdomain,0.0,0,0,2,1,1,0,18,253,14.055555555555555,False,2.5795431360111487,0.9960474308300395,0.8871527777777778
QmXUtCcs8qtD2HgTqS3U5xLdEp3FqcBkYAUKMW5uXjALe9,There is pardon full and free - Chas. H. Gabriel,NA,There is pardon full and free,Chas. H. Gabriel,NA,classical,NA,publicdomain,0.0,0,0,3,1,1,0,22,390,17.727272727272727,False,2.4159569387247,0.9948717948717948,0.931372549019608
QmTKThV6fukbiirFmwzek2k59p6HXAsyc9GACRkaZEyVEV,There is pardon sweet at the Masters feet - Jno. R. Sweney,NA,There is pardon sweet at the Masters feet,John R. Sweney,NA,classical,NA,publicdomain,0.0,0,0,6,1,1,0,18,258,14.333333333333334,False,2.507129780517915,1.0,0.94140625
QmfW2rvK4KJEYyLVA1vjVuLo3XFK9rjzgRNTAkVih35vya,There is plenty to do in this world of ours - Wm. J. Kirkpatrick,NA,There is plenty to do in this world of ours,William J. Kirkpatrick,NA,classical,NA,publicdomain,0.0,0,0,4,1,1,0,24,318,13.25,False,2.601731124918909,0.9937106918238994,0.8819444444444444
QmaTJnnXjXDBBbdvEXaHC1yjkzMdAjuLKdfdV3r4zUYau6,There is Power in a Union (Joe Hill),NA,Folk song,Misc,Joe Hill,electronic-classical,iww-joehill-union,cc-zero,4.85,4,5,463,1,1,0,64,1314,20.53125,False,2.7286341420494,0.9953917050691244,0.9556878306878308
QmXpSrTzCfytNagXA8dxXDWtHRs4JDUqvwx4GRKuf1FRPi,There is power in Jesus' blood to keep - Lydia Shivers Leech,NA,There is power in Jesus' blood to keep,Lydia Shivers Leech,NA,classical,NA,publicdomain,0.0,0,0,7,1,1,0,18,296,16.444444444444443,False,2.4544857143814456,0.9863013698630136,0.9309895833333334
QmbJ75eamsDEroZJw1T6gSWjiHSe2Jv2Ge668bMR828ZAx,There is rest at the cross O ye wanderer - J. Lincoln Hall,NA,There is rest at the cross O ye wanderer,J. Lincoln Hall,NA,classical,NA,publicdomain,0.0,0,0,2,1,1,0,18,255,14.166666666666666,False,2.509568648124816,1.0,0.94140625
QmNx4J21ZSrP4SMn1ArcjZP1KeZAuW28wtzFDj2enc2Ap8,There is rest for our pilgrim feet - Wm. Horton,NA,There is rest for our pilgrim feet,Wm. Horton,NA,classical,NA,publicdomain,0.0,0,0,2,1,1,0,9,153,17.0,False,2.3397763368375672,1.0,0.8854166666666666
QmUPBKuvFLsXEuPPWAsxVxvnBDR8RBKnGCBiEpG7wSggUa,There is rest for the weary if rest they will seek - J. H. Fillmore,NA,There is rest for the weary if rest they will seek,J. H. Fillmore,NA,classical,NA,publicdomain,0.0,0,0,5,1,1,0,18,344,19.11111111111111,False,2.5229202344209387,1.0,0.9387254901960784
QmdZHqJvPYsBLdu34cUNBSjLgd7DSJAZKXUQgyN5mQDZS3,There is sin in the camp there is treason today - P. P. Bliss,NA,There is sin in the camp there is treason today,P. P. Bliss,NA,classical,NA,publicdomain,0.0,0,0,4,1,1,0,38,348,9.157894736842104,False,2.9343294792640453,0.9626436781609196,0.9590773809523808
QmbtmJ81R2KLmMwkvmfTeFLgiXSiTeEnUkrEiQdiAh4eg4,There is something in my soul which keeps the shadows all away - R. Edwin Perry,NA,There is something in my soul which keeps the shadows all away,R. Edwin Perry,NA,classical,NA,publicdomain,0.0,0,0,35,2,1,0,18,364,20.22222222222222,False,2.5857798020141,0.9835164835164836,0.9114583333333334
QmavT9q9B1uWmUNBkv3i5HfGepgCMLdgXVqQ2AenbWgzx4,There is something in the name of Jesus - Haldor Lillenas,NA,There is something in the name of Jesus,Haldor Lillenas,NA,classical,NA,publicdomain,0.0,0,1,9,1,1,0,19,341,17.94736842105263,False,2.7212544032856734,0.9736070381231672,0.9348958333333334
QmSCr3KeXo8by8NzLVs1cts5nowwH5wV6zeP4RHTZDNah6,There is something on earth for the children to do (Doane) - W. H. Doane,NA,There is something on earth for the children to do (Doane),W. H. Doane,NA,classical,NA,publicdomain,0.0,0,0,2,1,1,0,18,348,19.33333333333333,False,2.451666531887862,1.0,0.9533333333333334
QmaxhCk6YAbgtXwiwnMZf3dE4tpybmwopc7hBrsy1vN7m3,There is sunshine all about me and my soul with rapture sings - W. A. March,NA,There is sunshine all about me and my soul with rapture sings,W. A. March,NA,classical,NA,publicdomain,0.0,0,0,3,2,1,0,18,386,21.444444444444443,False,2.696288572530008,0.9740932642487048,0.94921875
QmPiJNsT1VdtX5FbugZc3ZRyXF3WnCuPVseY55F3vNtP72,There is sweet assurance in his blessed Word - Thoro Harris,NA,There is sweet assurance in his blessed Word,Thoro Harris,NA,classical,NA,publicdomain,0.0,0,0,26,2,1,0,17,306,18.0,True,3.0367204729893955,0.9215686274509804,0.9583333333333334
QmeX3z9zts46xcD4aH9min5ndQHEgZVmLrLMsTDKfAQqKE,There is sweet music Op. 53 No. 1 - Edward Elgar,NA,There is sweet music Op. 53 No. 1,Edward Elgar,NA,classical,NA,publicdomain,0.0,0,0,45,0,4,0-0-0-0,47,1089,23.170212765957448,True,3.434957893072255,0.6934097421203438,0.9472789115646258
QmaooB8YQDuYQ3ehRKQjDQA2EBPXkyqbxbSjecPw6NkrLR,There is sweet rest in Jesus - Clara H. Scott,NA,There is sweet rest in Jesus,Clara H. Scott,NA,classical,NA,publicdomain,0.0,0,0,4,2,1,0,25,366,14.64,False,2.88311872886313,0.958904109589041,0.9328703703703703
Qmcyb6TZe9xi1NhsY39LrGKheAHMvSHG1msYxSeQeWoLyP,There is wisdom that gold cannot buy - James McGranahan,NA,There is wisdom that gold cannot buy,James McGranahan,NA,classical,NA,publicdomain,0.0,0,0,3,2,1,0,17,321,18.88235294117647,False,2.8237769777392323,0.9813084112149532,0.9215686274509804
QmPtS4j8H2iaywRNy7QhTVzU9j484tVrtfqiVDAtP1cpfk,There is work awaiting you - B. D. Ackley,NA,There is work awaiting you,B. D. Ackley,NA,classical,NA,publicdomain,0.0,0,0,3,2,1,0,18,394,21.88888888888889,False,2.923826938570495,0.9365482233502538,0.9440104166666666
QmcFmr3m95xLxRcUBNq4be5Y3ZBsnwFt6DgNHsNSLpwF7C,There is work for all to do - Wm. McEwan,NA,There is work for all to do,Wm. McEwan,NA,classical,NA,publicdomain,0.0,0,0,5,1,1,0,23,368,16.0,False,2.759556822986672,0.9103260869565216,0.9661458333333334
QmbWkJUzaTve6BHtgV79vCTX1vdXsFk7cD4gv8dnmE3HAJ,There is work for everyone - Asa Hull,NA,There is work for everyone,Asa Hull,NA,classical,NA,publicdomain,0.0,0,0,6,1,1,0,16,185,11.5625,True,2.50009995004484,0.9891891891891892,0.9609375
Qmd1L9QSVMb5u4X5qazGrX6tVWZM7BSyAZcDLFrVbaHguX,There is work that must be done (DeVenter) - J. W. Van De Venter,NA,There is work that must be done (DeVenter),J. W. Van De Venter,NA,classical,NA,publicdomain,0.0,0,0,4,1,1,0,27,339,12.555555555555555,False,2.7548339018572245,0.9587020648967552,0.9574652777777778
QmXJHPfg5puYYWAYd4prDVuYbUEDUZTiGmhgg3uiMUnJpR,There is work to do - Geo. C. Stebbins,NA,There is work to do,Geo. C. Stebbins,NA,classical,NA,publicdomain,0.0,0,0,2,1,1,0,20,248,12.4,False,2.7798604833268645,0.967741935483871,0.9544270833333334
QmSrUZEtSLAkgiyMDb2vQHj8ExjX66wqB1GEqnuvTwaAy1,There may come doubts there may come fears - J. H. Hall,NA,There may come doubts there may come fears,J. H. Hall,NA,classical,NA,publicdomain,0.0,0,0,5,1,1,0,20,232,11.6,False,2.860625092636994,0.956896551724138,0.9305555555555556
QmXbGhgxkTgANDQ3QoTKo2yXLBchQ1bmSHTikNqbDH47wZ,There never was anyone like him - E. S. Lorenz,NA,There never was anyone like him,E. S. Lorenz,NA,classical,NA,publicdomain,0.0,0,0,5,2,1,0,18,220,12.22222222222222,False,2.916419875386925,0.9318181818181818,0.9466145833333334
QmVnemKJNDXncA5zU96tsbwiEg1kbLpFwg2uXrmDATqChP,There rose on the air a sweet sweet song - Maltbie D. Babcock,NA,There rose on the air a sweet sweet song,Maltbie D. Babcock,NA,classical,NA,publicdomain,0.0,0,1,7,2,1,0,26,307,11.807692307692308,False,3.155525390950794,0.8888888888888888,0.9375
QmRRx1xP8No5g8gAtxE1WtkP3KDoymfkN5aqZLUeCBAVH5,There shall be no more crying - Albert B. Simpson,NA,There shall be no more crying,Albert B. Simpson,NA,classical,NA,publicdomain,0.0,0,0,3,2,1,0,16,227,14.1875,True,2.481397900297737,0.9822222222222222,0.921875
QmfFKSAce1Yo7nNdDhhpJ3BVhBuxYWbNmF7S8oe4VGMep8,There shineth a gleam of safety - J. Howard Entwisle,NA,There shineth a gleam of safety,J. Howard Entwisle,NA,classical,NA,publicdomain,0.0,0,0,4,2,1,0,20,260,13.0,False,2.5967892253326483,0.9884615384615384,0.8767361111111112
QmfW4bj4jU4UBwQhRh1ikv8TvFqbs7CB8bYaWKB9Yqn435,There shone a star so strangely bright - E. S. Lorenz,NA,There shone a star so strangely bright - E. S. Lorenz,E. S. Lorenz,NA,classical,NA,publicdomain,0.0,0,0,7,2,1,0,25,381,15.24,False,2.9540729066210125,0.9413333333333334,0.9424019607843136
QmYshfQHSDvR9k7c7kAf3K4eVxnizpQ4o2yGXGLwStP7YY,There sounds a call - Grant Colfax Tullar,NA,There sounds a call,Grant Colfax Tullar,NA,classical,NA,publicdomain,0.0,0,0,2,2,1,0,17,396,23.294117647058822,False,2.855729775410362,0.9444444444444444,0.9244791666666666
QmRw6GqNiYh7RabqMsce1S2w2NhqyFxRn3Zm39bpLD9oo8,There There - The Wonder Years [Piano],NA,there there,The Wonder Years,The Wonder Years,rock,thewonderyears-therethere-altrock,cc-zero,4.83,3,14,556,2,1,0,73,1363,18.671232876712327,False,2.589285380898649,0.9992663242846662,0.9600456621004566
QmeMv6F7uc84aoQekyy9C7gxazEdZQ6jvC5qYUZo3U7wcP,There waits a crown beyond the skies - J. W. Van DeVenter,NA,There waits a crown beyond the skies,J. W. Van DeVenter,NA,classical,NA,publicdomain,0.0,0,0,7,2,1,0,19,317,16.68421052631579,False,3.0349991819154205,0.9305993690851736,0.8511904761904762
Qmc8aB2GdTXvU6p2xewHjPME5u7P8bXxgr6FFZ9gLD4t85,There Was a Jolly Miller. TJD.02,NA,There Was a Jolly Miller. TJD.02,Misc tunes,NA,NA,NA,publicdomain,0.0,0,0,11,1,1,0,31,122,3.935483870967742,False,2.765247480619064,0.860655737704918,0.9384920634920636
QmT6JJDZK1isrgBY2LXAH6kANHG6mmKZewjnwb1GV2X4i8,There Was A Lad Born In Kyle,NA,There Was A Lad Born In Kyle,Misc tunes,NA,NA,NA,publicdomain,0.0,0,0,7,1,1,0,17,74,4.352941176470588,False,2.616259485076408,1.0,0.9375
Qmes9unbdyBPmYtSLfwLjzk91PeoSgwVELYVHpuafcAmJq,There Was A Maid In Her Father's Garden,NA,There Was A Maid In Her Father's Garden,Misc tunes,NA,NA,NA,publicdomain,0.0,0,0,10,1,1,0,9,43,4.777777777777778,False,2.268211247549885,1.0,0.8923611111111112
QmZ2GxAyK1zdanCvMNxmiGiHQdEdGN4qusFce6p3KnzdnP,There was a time when I believed true pleasure could be found - Ethel V. Johnson,NA,There was a time when I believed true pleasure could be found,Ethel V. Johnson,NA,classical,NA,publicdomain,0.0,0,0,7,2,1,0,18,389,21.61111111111111,False,2.9546701786015466,0.9331619537275064,0.9056372549019608
QmWTj86mKqLvGVmJjqtCtQMHmCiEmBB3B2d5Lv6aEC1GgX,There Was An Au'd Man Cam' Over The Lea,NA,There Was An Au'd Man Cam' Over The Lea,Misc tunes,NA,NA,NA,publicdomain,0.0,0,0,2,1,1,0,9,36,4.0,False,2.368078009271655,1.0,0.9201388888888888
QmPwjTwzHU1UHBZRZC1HApHcXkhrNRJWeM72U7GBu15gkt,There was an old Woman tossed up in a Blanket,Old Woman Tossed Up in a Blanket [4],There was an old Woman tossed up in a Blanket,Misc tunes,NA,NA,NA,publicdomain,0.0,0,0,4,1,1,0,18,91,5.055555555555555,False,2.448262942422033,1.0,0.9583333333333334
QmccemBHfScfBSUGq79PnoKVbB2Bs3Z52sXkCEahDjXKSL,There was no one to take my place - B. D. Ackley,NA,There was no one to take my place,B. D. Ackley,NA,classical,NA,publicdomain,0.0,0,0,2,1,1,0,20,240,12.0,False,2.7685650173066336,0.9666666666666668,0.921875
QmSDqfZXGYHD3yXgaTPpKR38MQZ1YhgoWnLWqUXaVeUj5j,There was one song in the beginning - Howard L. Brown,NA,There was one song in the beginning,Howard L. Brown,NA,classical,NA,publicdomain,0.0,0,0,5,2,1,0,18,316,17.555555555555557,False,3.048408545925673,0.9145569620253164,0.9895833333333334
QmZz1orAi8hpthKZMwXRr7oSZKeb7WQt9XWmzhpqQEgCUh,There was one who came and knelt at Jesus' feet - W. H. Doane,NA,There was one who came and knelt at Jesus' feet,W. H. Doane,NA,classical,NA,publicdomain,0.0,0,0,3,1,1,0,20,308,15.4,False,2.453699489478916,0.9967532467532468,0.9375
QmUsv8Jfx7fPc76hwsBfedNCQYTBuem22dMyUH3NXy98WH,There was One who came from Heaven - Henry P. Morton,NA,There was One who came from Heaven,Henry P. Morton,NA,classical,NA,publicdomain,0.0,0,0,3,2,1,0,18,304,16.88888888888889,False,2.681988234277363,0.9473684210526316,0.9416666666666668
QmddYaB5tQm6S2tdN1mo1e7VHRWSshfKfiSL2usbk1tjCi,There were many children's voices - W. H. Doane,NA,There were many children's voices - W. H. Doane,W. H. Doane,NA,classical,NA,publicdomain,0.0,0,0,2,1,1,0,26,339,13.038461538461538,False,2.370839904335897,1.0,0.9583333333333334
QmT1HuyC2tT61uxqTH1usnHc3yQW6giCSZ7on1E5odWMSd,There were ten that besought Him the Master divine - J. H. Tenney,NA,There were ten that besought Him the Master divine,J. H. Tenney,NA,classical,NA,publicdomain,0.0,0,0,5,1,1,0,35,358,10.228571428571428,False,2.5926391084935445,0.9804469273743016,0.9458333333333332
Qmawk83xbJW27XbRk1hYNSWB1M7KqkKGsWFshS3pLik2ZD,There will be a blissful morning when the earthly night has flown - C. Austin Miles,NA,There will be a blissful morning when the earthly night has flown,C. Austin Miles,NA,classical,NA,publicdomain,0.0,0,0,2,1,1,0,18,420,23.33333333333333,False,2.2972019237631933,1.0,0.9309895833333334
Qmbvk4c2iggwQGMSxNjrFHLhDrooEEipnwd4roAdmsLKQs,There will be a bright tomorrow - J. L. Heath,NA,There will be a bright tomorrow - J. L. Heath,J. L. Heath,NA,classical,NA,publicdomain,0.0,0,0,8,2,1,0,18,335,18.61111111111111,False,2.62971915980241,0.9880597014925372,0.9127604166666666
QmX4XmiGK1Buoz6bVxwxgbbRJTavbFb5uSekgokTRUM8kL,There will be a wondrous meeting - Frank M. Davis,NA,There will be a wondrous meeting - Frank M. Davis,Frank M. Davis,NA,classical,NA,publicdomain,0.0,0,0,3,1,1,0,16,196,12.25,True,2.5537563278869064,0.9897959183673468,0.9401041666666666
QmdAGViR36d4Zv7UK2rUjYz6RcxiA7L4vRugHWXREkTqxi,There will be many stars in my heavenly crown - Rev. Elisha A. Hoffman,NA,There will be many stars in my heavenly crown,Rev. Elisha A. Hoffman,NA,classical,NA,publicdomain,0.0,0,0,6,1,1,0,18,344,19.11111111111111,False,2.5713632014230035,0.9854651162790696,0.9674479166666666
QmQhEyQX7aJnZpdEs6NLx76oJeAuZMXbSNUMyT4qwzjZD8,There will be no sin nor pain - Anna H. C. Howard,NA,There will be no sin nor pain,Anna H. C. Howard,NA,classical,NA,publicdomain,0.0,0,0,4,1,1,0,29,337,11.620689655172416,False,2.57325557178533,0.9881305637982196,0.9754464285714286
QmYmYrgkNiJZLbX9e46yZX1AFjYT6aS7kEQamduEveP6Fv,There will be no tears in Paradise - De Loss Smith,NA,There will be no tears in Paradise,De Loss Smith,NA,classical,NA,publicdomain,0.0,0,0,6,2,1,0,20,279,13.95,False,2.9667907931707727,0.92831541218638,0.8645833333333334
QmfBxDQ6eBJe38Nbp8Ax5GGs8Lhi4aSvsWxt5FAj7DeNsX,There will come a blessed morning shadows then will disappear - L. E. Jones,NA,There will come a blessed morning shadows then will disappear,L. E. Jones,NA,classical,NA,publicdomain,0.0,0,0,6,2,1,0,18,344,19.11111111111111,False,2.4598052906427745,0.9796511627906976,0.93359375
Qmb6cy19ATXMRsypvwXGGBwsicTYfRA6w1SzFEtK4Jb5w6,There will dawn a golden morrow by and by - J. H. Fillmore,NA,There will dawn a golden morrow by and by,J. H. Fillmore,NA,classical,NA,publicdomain,0.0,0,0,2,1,1,0,18,362,20.11111111111111,False,2.4298693286739,0.9972375690607734,0.9557291666666666
QmY7mQ3qBC5FhfJpQaqZQzTU4RFzkkDwGaahU5z9BNKrkQ,There Will Never Be Another You,NA,there will never be another you,Nat King Cole,Warren / Gordon,pop-jazz,NA,publicdomain,4.41,14,11,1490,1,1,0,33,99,3.0,False,2.757113614504353,0.98989898989899,0.96484375
QmTbLFzrc3BRcoFTEMf5s7nu53AB1KS3YpL3YiP16r9EhJ,There will never be another you - Chet Baker Opening solo,NA,there will never be another you,Chet Baker,NA,jazz,chetbaker-therewillneverbeanotheryou,cc-zero,4.72,47,154,16390,1,1,0,45,230,5.111111111111111,False,3.101366265962737,0.8782608695652174,0.8682795698924731
QmQnxPJgjZg8RGGDNVZpRd9fCiGCAmSoLNTfFMn6iwmist,There will never be another you solo,NA,NA,NA,NA,NA,NA,cc-zero,0.0,0,0,48,1,1,0,65,314,4.830769230769231,False,3.175085751680524,0.8885350318471338,0.9098307291666666
QmeuCqbDsZTK8ZDHRCssEtS3KyV3WLCNaKNpHVFFapAnAX,There'll be singing and rejoicing in the land beyond the sight - Chas. H. Gabriel,NA,There'll be singing and rejoicing in the land beyond the sight,Chas. H. Gabriel,NA,classical,NA,publicdomain,0.0,0,0,5,2,1,0,19,458,24.105263157894736,False,2.7616286290762657,0.9519650655021834,0.9117647058823528
QmUACrfejKszgZgijzNkX9esepuWKhC33YxXCJdtTBCVLT,There'll Be Some Changes Made,NA,NA,NA,Higgins/Overstreet - 1921,NA,copyrightfreeoldjazz-creolejazz,cc-zero,0.0,0,4,686,0,1,0,34,193,5.676470588235294,True,2.4436671808705617,0.9689119170984456,0.928661616161616
QmUECabs74qT9iRbzpPaf5EpNeKoiCuimzge1tppgHD5F5,THERE'LL NEVER BE PEACE &c.,NA,THERE'LL NEVER BE PEACE &c.,Misc tunes,NA,NA,NA,publicdomain,0.0,0,0,1,1,1,0,34,115,3.3823529411764706,True,2.6205114236677702,0.982608695652174,0.907608695652174
QmWMTwtq9xft52X87HGwbhqTTFz4isdxqsc5mDGNefwr2c,There'll Never Be Peace 'till Jamie Comes,NA,There'll Never Be Peace 'till Jamie Comes,Misc tunes,NA,NA,NA,publicdomain,0.0,0,0,4,1,1,0,51,181,3.549019607843137,False,2.58354884542341,1.0,0.910300925925926
QmXgqPNdezSrx9kWXUH8FvUi82aJr64kcvnsERw88kmgQe,THERE'LL NEVER BE PEACE TILL JAMIE COMES HAME.,NA,THERE'LL NEVER BE PEACE TILL JAMIE COMES HAME.,Misc tunes,NA,NA,NA,publicdomain,0.0,0,0,6,1,1,0,17,59,3.4705882352941178,False,2.605553858867633,1.0,0.9079861111111112
QmQqZyc1LzRe8g7p7BocQUXcVeCcvRSRheNnkGB5M2y9PV,There's a battle now begun - Chas. H. Gabriel,NA,There's a battle now begun - Chas. H. Gabriel,Chas. H. Gabriel,NA,classical,NA,publicdomain,0.0,0,0,4,2,1,0,25,559,22.36,False,2.831077192272011,0.964221824686941,0.9157986111111112
QmbYkoGPVKXU8PTHZ15QAqRHGu8meFqwCMvejLd7gXiGr6,There's a beautiful city it may be quite near - Adam Geibel,NA,There's a beautiful city it may be quite near,Adam Geibel,NA,classical,NA,publicdomain,0.0,0,0,5,2,1,0,18,402,22.33333333333333,False,2.6954378812573974,0.9748743718592964,0.8697916666666666
QmWKemnYnf6WqzRocoFznRSeixCWyijyT95yDrynSujAZv,There's a beautiful home beyond the skies - H. P. Danks,NA,There's a beautiful home beyond the skies,H. P. Danks,NA,classical,NA,publicdomain,0.0,0,0,3,1,1,0,33,280,8.484848484848484,False,2.869835327178342,0.9428571428571428,0.9513888888888888
QmUxEaGz8bXqMX8NYk3BkUeqfqdfJsiYTicn2FvJNDsi4j,There's a beautiful land - Wm. B. Bradbury,NA,There's a beautiful land,Wm. B. Bradbury,NA,classical,NA,publicdomain,0.0,0,0,6,1,1,0,18,313,17.38888888888889,False,2.636852447464012,0.9936102236421726,0.9534313725490196
QmY259f1soW89wfvqdqRrpmmL1tEVw6Via8FR8teaffj6M,There's a beautiful land far away - W. Irving Hartshorn,NA,There's a beautiful land far away,W. Irving Hartshorn,NA,classical,NA,publicdomain,0.0,0,0,7,2,1,0,18,326,18.11111111111111,False,2.781361683723313,0.97239263803681,0.9479166666666666
QmcSVYuksy8ogdWzsn5wHUu7YfGYZz6hxQE62MUKRU1E4K,There's a beautiful land in the somewhere of God - James M. Black,NA,There's a beautiful land in the somewhere of God,James M. Black,NA,classical,NA,publicdomain,0.0,0,0,5,1,1,0,18,320,17.77777777777778,False,2.655848752817448,0.9875,0.9075520833333334
QmY5z3gebofY76G8WYkSmsQFryTFuP53iQfezDbN4SNXga,There's a beautiful land on high (Excell) - E. O. Excell,NA,There's a beautiful land on high (Excell),E. O. Excell,NA,classical,NA,publicdomain,0.0,0,0,5,1,1,0,18,325,18.05555555555556,False,2.626607070469686,0.966153846153846,0.84375
QmWg6GeDW5fXih8nMmwk1FAirLs7YhYrcJNzR1F5ZSUd3M,There's a beautiful place called heaven - Chas. Edw. Pollock,NA,There's a beautiful place called heaven,Chas. Edw. Pollock,NA,classical,NA,publicdomain,0.0,0,0,8,1,1,0,18,317,17.61111111111111,False,2.577938292078108,0.9652996845425869,0.8767361111111112
QmRn3FCFnTPBbRCDniVnu4pNyEU1VTFB1kR7yePUwDgboC,There's a beautiful place for you and for me - R. M. McIntosh,NA,There's a beautiful place for you and for me,R. M. McIntosh,NA,classical,NA,publicdomain,0.0,0,0,6,1,1,0,21,296,14.095238095238097,False,2.523166603301332,0.9898648648648648,0.9294871794871796
QmRnMZuywLA8sGQn3WSn6hhcXGGmPXNC49Y7gQeRUcCSRt,There's a beautiful river of water so pure - Emma Pitt,NA,There's a beautiful river of water so pure,Emma Pitt,NA,classical,NA,publicdomain,0.0,0,0,3,1,1,0,18,322,17.88888888888889,False,2.589449682640156,0.9968944099378882,0.9114583333333334
QmQGKiE5Gy63RWncgZ7GrCVQ6kXbK5BkbYnm9W5C1nLipM,There's a beautiful time to come to the weary - Wm. J. Kirkpatrick,NA,There's a beautiful time to come to the weary - Wm. J. Kirkpatrick,William J. Kirkpatrick,NA,classical,NA,publicdomain,0.0,0,0,6,1,1,0,24,355,14.791666666666666,False,2.6480641225383392,0.9464788732394366,0.9246031746031746
QmNnLtD58dh8YyVXARcKzXNqyfieR4tHE1yEBs2pKwd5jN,There's a blessed Book that's given for the saving of mankind - Adam Geibel,NA,There's a blessed Book that's given for the saving of mankind,Adam Geibel,NA,classical,NA,publicdomain,0.0,0,0,4,1,1,0,26,354,13.615384615384617,False,2.566931365935091,0.9915254237288136,0.9435763888888888
QmVDymNTAAGRmSBfxzqEHDXdRzwuFKhU6jdXPxQ4jvdk4f,There's a blessed day coming - Adam Geibel,NA,There's a blessed day coming,Adam Geibel,NA,classical,NA,publicdomain,0.0,0,0,3,1,1,0,27,320,11.851851851851851,False,2.896787890313621,0.953125,0.9351851851851852
QmTegeAXcbNZDZDaWGea44wDzTuajmc723JZEbBgad5TYK,There's a blessed hour to my heart - E. S. Lorenz,NA,There's a blessed hour to my heart,E. S. Lorenz,NA,classical,NA,publicdomain,0.0,0,0,4,1,1,0,18,296,16.444444444444443,False,2.658678287458095,1.0,0.9509803921568628
QmSz3zEF29SBNVHcePmUPdteEnUQbqHSnXx5UL6nH5c2dn,There's a blessed story all should hear - Grant Clufax Tullar,NA,There's a blessed story all should hear,Grant Clufax Tullar,NA,classical,NA,publicdomain,0.0,0,0,2,1,1,0,32,491,15.34375,True,2.9361234956558224,0.9470468431771896,0.976478494623656
QmRBsZZ388bZL4NXrDJxypHo5yn8K15PufcJd8HXxmEqZp,There's a bright hall of banqueting builded on high,NA,There's a bright hall of banqueting builded on high,Misc Traditional,NA,folk,NA,publicdomain,0.0,0,0,2,1,1,0,33,298,9.030303030303031,False,2.6355109937908843,0.9932885906040269,0.9755434782608696
QmZVex4zYC1MuTErGeirkpLon3PT1RLvzzm33MFtivuBJY,There's a brighter side to trouble and a sweeter song to life - James M. Black,NA,There's a brighter side to trouble and a sweeter song to life,James M. Black,NA,classical,NA,publicdomain,0.0,0,0,3,2,1,0,18,391,21.72222222222222,False,2.672634712883651,0.9846547314578004,0.91796875
QmTF8MYuFi2ahkyr6MZLKiScj9SN9NtXwa68wayaSGaL4W,There's a call comes ringing throughout earth's domain - Charles B. Widmeyer,NA,There's a call comes ringing throughout earth's domain,Charles B. Widmeyer,NA,classical,NA,publicdomain,0.0,0,0,4,1,1,0,16,344,21.5,True,2.8455584366183846,0.9447674418604652,0.9125
QmetreAMqgHcFr2QzH8KbpgRzH2kSxKVKaKBctsvdVG4Hk,There's a call for soldiers true - Stanley Porter Trusselle,NA,There's a call for soldiers true,Stanley Porter Trusselle,NA,classical,NA,publicdomain,0.0,0,0,3,2,1,0,39,474,12.153846153846152,False,2.906906627078856,0.938818565400844,0.955078125
QmY494UmLo6XPxVFQkU3Ap7Abv2btS58GdFqhGnw44UUSU,There's a call for valiant soldiers - Mrs. C. H. Morris,NA,There's a call for valiant soldiers,Mrs. C. H. Morris,NA,classical,NA,publicdomain,0.0,0,0,3,2,1,0,18,375,20.83333333333333,False,2.8280551660570348,0.9493333333333334,0.9153645833333334
QmQAA8xi5j2tUtPjFVGSwbgLVu6Szvna8oj7Eb6UpFrRvW,There's a call for volunteers - C. M. Seamans,NA,There's a call for volunteers,C. M. Seamans,NA,classical,NA,publicdomain,0.0,0,0,4,2,1,0,30,528,17.6,False,2.818479884151756,0.9619771863117872,0.935
QmZxo9PBxbWsiKbYDYMPrqy8ga5RUrpWvComuFvcdHZYgi,There's a call that comes ringing - E. Lester Thurman,NA,There's a call that comes ringing,E. Lester Thurman,NA,classical,NA,publicdomain,0.0,0,0,2,1,1,0,34,401,11.794117647058824,False,2.6708687052257605,0.9775561097256856,0.9600694444444444
QmSEs13FuwMipPwBM6KqHr19Uozp5F27NPg6YrboDCReLK,There's a Chicken in the Pot,NA,There's a Chicken in the Pot,Misc tunes,NA,NA,NA,publicdomain,0.0,0,0,4,1,1,0,9,44,4.888888888888889,False,2.5671956875877204,1.0,0.9583333333333334
QmU5yeLZbpBND7ANNv1ESaMhT6dAVFYewop5pKmfd49k1s,There's a city bright and fair - J. Howard Entwisle,NA,There's a city bright and fair,J. Howard Entwisle,NA,classical,NA,publicdomain,0.0,0,0,3,2,1,0,22,311,14.136363636363637,False,2.989864179634377,0.9517684887459807,0.93359375
QmbQ9Nv5B9nvc19gVCsojhx4Gd8ZBJnkXRbDfiWPRNp7vL,There's a city Four-square in the heavens - Clyde Willard,NA,There's a city Four-square in the heavens,Clyde Willard,NA,classical,NA,publicdomain,0.0,0,0,6,2,1,0,19,318,16.736842105263158,False,2.8086743202281665,0.9559748427672956,0.9322916666666666
QmSN1vzqQw9Vec3cvS3B1V6J16qtKkky78dFi2FJxXU5qF,There's a city I'm told guilt of jasper and gold - J. Lincoln Hall,NA,There's a city I'm told guilt of jasper and gold - J. Lincoln Hall,J. Lincoln Hall,NA,classical,NA,publicdomain,0.0,0,0,2,1,1,0,19,332,17.473684210526315,False,2.728857569088884,0.9698795180722892,0.8993055555555556
Qmai8KScMFjUoQTpGhMLrabCWZmWjupCetxss3YyYENEEd,There's a city of light 'mid the stars we are told (Pollock) - Chas. Edw. Pollock,NA,There's a city of light 'mid the stars we are told (Pollock),Chas. Edw. Pollock,NA,classical,NA,publicdomain,4.35,11,23,5060,2,1,0,22,412,18.727272727272727,False,2.4499873640790124,1.0,0.9364035087719298
QmbWTYkqhAzds4uVz1abUgFX7dPXvnkbS2r3J2LTpHWSxM,There's a city shining white - E. E. Meyer,NA,There's a city shining white,E. E. Meyer,NA,classical,NA,publicdomain,0.0,0,0,2,2,1,0,20,322,16.1,False,2.4391054214412464,1.0,0.9388020833333334
QmeTZMQ2e8jxQdUFS6RV5JoiwtS3B7Kwgav5iKUvBJ8rEk,There's a conflict onwill we stand the test? - I. H. Meredith,NA,There's a conflict onwill we stand the test?,I. H. Meredith,NA,classical,NA,publicdomain,0.0,0,0,3,2,1,0,26,429,16.5,False,2.867989871980281,0.9673659673659674,0.9765625
QmP2xRwtKqwXNmnEMWoQpAgdjEpaxF4RYMMptC3eAxexp5,There's a country dear children of endless delight,NA,There's a country dear children of endless delight,Misc Traditional,NA,folk,NA,publicdomain,0.0,0,0,3,1,1,0,33,287,8.696969696969697,False,2.5714803089540927,0.9965156794425089,0.9600694444444444
Qme7RWfqLQEHbPGciuYDg85ZZq9nnE3XHKsHEP56b5dFQv,There's a crown of gold awaiting me - Thos. P. Westendorf,NA,There's a crown of gold awaiting me,Thos. P. Westendorf,NA,classical,NA,publicdomain,0.0,0,0,4,1,1,0,18,264,14.666666666666666,False,2.571592142396962,1.0,0.9635416666666666
QmckcBnY9moc6xzvqXo2TDeouLAbRHvSjFcPbpNAqAGVAH,There's a dark and a troubled side of life - J. Howard Entwisle,NA,There's a dark and a troubled side of life,J. Howard Entwisle,NA,classical,NA,publicdomain,0.0,0,0,3,1,1,0,18,319,17.72222222222222,False,2.5571886743610794,1.0,0.9231770833333334
QmRDk4PaGjqF56YpfVixDsJMLvSVev2o4kxaT8tbFSSg9m,There's a day which the Lord hath appointed - Haldor Lillenas,NA,There's a day which the Lord hath appointed - Haldor Lillenas,Haldor Lillenas,NA,classical,NA,publicdomain,0.0,0,0,2,1,1,0,20,301,15.05,False,2.4767054711664955,0.9601328903654484,0.9270833333333334
QmTzX9Szpt7Zm7EqatoqXvF36hUtz4mTTDCVppHXzZg9zE,There's a dear old flag floating over land and sea - Chas. H. Gabriel,NA,There's a dear old flag floating over land and sea,Chas. H. Gabriel,NA,classical,NA,publicdomain,0.0,0,0,3,1,1,0,20,286,14.3,False,2.757997642011742,0.944055944055944,0.93359375
QmQwp5SXk9KBMCNCbpNM6E7xdjTYFtaz4FvQjhgCY62ueW,There's a door that leads to a future goal - D. B. Towner,NA,There's a door that leads to a future goal,D. B. Towner,NA,classical,NA,publicdomain,0.0,0,0,3,1,1,0,17,284,16.705882352941178,False,2.551378712322862,0.9859154929577464,0.9440104166666666
QmeVXc5QbJrMfDpZq8hph3bPUpsS6pUhpEjiV1R8wMQjfF,There's a far off path I should like to find - J. H. Rosecrans,NA,There's a far off path I should like to find,J. H. Rosecrans,NA,classical,NA,publicdomain,0.0,0,0,3,1,1,0,20,352,17.6,False,2.4388045970905297,1.0,0.9205729166666666
QmTbiugdy9u6URB4visS5L9bjtJ4Gp7FG2w1qXVByrCHKv,There's A Fine Fine Line - Avenue Q,Avenue Q,avenue q - theres a fine fine line,Misc Soundtrack,NA,soundtrack,avenueq-theresafinefineline-musical-rhysbroome-tgs,cc-zero,4.82,14,51,722,2,1,0,79,870,11.0126582278481,False,2.9831217071465472,0.9447640966628308,0.9488396624472574
QmVyMKmRJG1MvVP7P8SW71W241Fjfn7rx9B61YWWYbDCt3,There's a fountain flowing for the healing of the soul - Jas. V. Reid,NA,There's a fountain flowing for the healing of the soul,Jas. V. Reid,NA,classical,NA,publicdomain,0.0,0,0,7,1,1,0,29,374,12.89655172413793,False,2.527700253256548,0.983957219251337,0.9583333333333334
QmWCQ8nsDXoA1NrDE5ZAzLonrT9fVUZDyQibxGMNcpJUv2,There's a fountain of cleansing that springs from abbove - G. K. A.,NA,There's a fountain of cleansing that springs from abbove,G. K. A.,NA,classical,NA,publicdomain,0.0,0,0,3,2,1,0,28,487,17.392857142857142,False,2.58847744761316,0.9938398357289528,0.9131944444444444
QmYmQhZD64rviHFhgYT4LABwjzjW2hDKri8xjeg8suFoPP,There's a Friend for friendless pilgrims - Adam Geibel,NA,There's a Friend for friendless pilgrims,Adam Geibel,NA,classical,NA,publicdomain,0.0,0,0,9,1,1,0,21,276,13.142857142857142,False,2.5691295110212664,0.9746376811594204,0.9510416666666668
QmPv6i3Mpre3jpgXDFtQHaTKTNHN8HjEgc1cWnT9d4QSCg,There's a Friend for little children,NA,There's a Friend for little children,Misc Traditional,NA,folk,NA,publicdomain,0.0,0,0,7,1,1,0,19,205,10.789473684210526,False,2.6203595855949104,0.9902439024390244,0.9017857142857144
QmdviPn78E1DwqUY1XLKCeB8Hn56JYexfAyn4jAgMYWoGF,There's a Friend for little children (McPhail) - M. L. McPhail,NA,There's a Friend for little children (McPhail),M. L. McPhail,NA,classical,NA,publicdomain,0.0,0,0,4,1,1,0,20,219,10.95,False,2.466948196334465,0.9908675799086758,0.9544270833333334
Qmb3tTqAmPf7ZggkELyLMpsvHFuBG6oyV1MibMmiszRCFY,There's a Friend who walks beside me every day - Harry Dixon Loes,NA,There's a Friend who walks beside me every day,Harry Dixon Loes,NA,classical,NA,publicdomain,0.0,0,0,9,2,1,0,18,317,17.61111111111111,False,2.72970128154001,0.9652996845425869,0.9440104166666666
QmQ4c4vPVTbxGM3MVBLJLNvGFtS1Lv4gdCUTawutYF3NE9,There's a Friend who will never forsake me - Broughton Edwards,NA,There's a Friend who will never forsake me,Broughton Edwards,NA,classical,NA,publicdomain,0.0,0,0,2,2,1,0,19,311,16.36842105263158,False,2.825737828988951,0.9485530546623794,0.9010416666666666
QmTxH6eyk7CJbMCPyGdv94mbq4jB6CZ6aasnU4iG2P7fLj,There's a gentle voice that we love to hear - Thoro Harris,NA,There's a gentle voice that we love to hear,Thoro Harris,NA,classical,NA,publicdomain,0.0,0,0,5,2,1,0,18,328,18.22222222222222,False,2.9835337641908954,0.9542682926829268,0.9388020833333334
QmWgFicyK4asJLycBUfLXEyzYusHHAvRpuyCN6cSJyStoj,There's a gleam of light in the skies of morn - Florence W. Williams,NA,There's a gleam of light in the skies of morn,Florence W. Williams,NA,classical,NA,publicdomain,0.0,0,0,2,1,1,0,17,294,17.294117647058822,False,2.5942856201395563,0.9897959183673468,0.8809523809523809
QmTqSXbpKvdwsApQzpkewzC56uS6YN4pDFL4P6Wioepn7E,There's a glorious invitation - J. W. Bischoff,NA,There's a glorious invitation - J. W. Bischoff,J. W. Bischoff,NA,classical,NA,publicdomain,0.0,0,0,3,1,1,0,18,205,11.38888888888889,False,2.643003624291348,0.9902439024390244,0.9518229166666666
QmUQcgkUtUcUakUM9vH9xBdyKqogqBpDpYfc9YYGik14Qf,There's a glorious work to do - Arthur Wilton,NA,There's a glorious work to do,Arthur Wilton,NA,classical,NA,publicdomain,0.0,0,0,2,2,1,0,18,407,22.61111111111111,False,2.6473079515465487,0.9557739557739556,0.9791666666666666
QmYeaa6XhKz6U1ncM89sSJSNMDk3AcS2UQ8jCRZNiD7ote,There's a guiding star and it cheers the soul - J. S. Torbett,NA,There's a guiding star and it cheers the soul,J. S. Torbett,NA,classical,NA,publicdomain,0.0,0,0,6,2,1,0,18,350,19.444444444444443,False,2.8030112745778464,0.9628571428571427,0.9713541666666666
QmUZXzJsNVXqv5q1YNK9EkTkZpYArWprsx7C2ortph9b7W,There's a harp that is silent whose strings were of gold,NA,There's a harp that is silent whose strings were of gold,Misc Traditional,NA,folk,NA,publicdomain,0.0,0,0,12,2,1,0,17,321,18.88235294117647,False,2.678814460132079,0.9875389408099688,0.9622395833333334
QmP84nvajUdCopGaGhno61jQ3agtQtgqJCvw3imu28WxRA,There's a heavenly race - Samuel W. Beazley,NA,There's a heavenly race,Samuel W. Beazley,NA,classical,NA,publicdomain,0.0,0,0,5,1,1,0,18,323,17.944444444444443,False,2.6219537265638144,0.9969040247678018,0.9534313725490196
QmQuC1qRAT8nNcmZ2DjttaC8AV5s77DrkheE26bR2UGJYk,There's a home a blessed home - Edmund S. Lorenz,NA,There's a home a blessed home - Edmund S. Lorenz,Edmund S. Lorenz,NA,classical,NA,publicdomain,0.0,0,0,2,1,1,0,18,183,10.166666666666666,False,2.895564495267284,0.9672131147540984,0.9236111111111112
QmRpJXUXXEGPQUUKSnXLnJzsyJjSck4AfGaFPViEVUDCh5,There's a home for the loved ones on high - J. W. Pratt,NA,There's a home for the loved ones on high,J. W. Pratt,NA,classical,NA,publicdomain,0.0,0,0,3,2,1,0,27,446,16.51851851851852,False,2.608052937425448,0.9887892376681614,0.9296875
QmTRo1osYDBFRyjQXNReeGSdVgH5y6MTUXrcL3sdoQZA4f,There's a home of joy unfading - Geo. S. Weeks,NA,There's a home of joy unfading,Geo. S. Weeks,NA,classical,NA,publicdomain,0.0,0,0,2,1,1,0,25,361,14.44,True,2.67410703189423,0.9806094182825484,0.901268115942029
QmPxNmyAU7GeFbAtcKmW4yKggUTMVf3c9RYndpAdE2Vd6j,There's a home of many mansions in the Father's house above - B. B. McKinney,NA,There's a home of many mansions in the Father's house above,B. B. McKinney,NA,classical,NA,publicdomain,0.0,0,0,5,1,1,0,29,541,18.655172413793103,False,2.747118746106916,0.9353049907578558,0.9455128205128204
QmSA8U33tE6sGMw3CGJHqvCeY1wdv3sNm6cqn3uKShYZUA,There's a homeland beyond life's wide sea - D. Lansing Spooner,NA,There's a homeland beyond life's wide sea,D. Lansing Spooner,NA,classical,NA,publicdomain,0.0,0,0,5,1,1,0,34,322,9.470588235294118,False,2.7015431480483194,0.9596273291925466,0.9383680555555556
QmcRd53RQfMFNttBxtGXqxjp7WV2kM9QXQGYF9T4n328ig,There's a joy that no thought can express - W. H. Doane,NA,There's a joy that no thought can express - W. H. Doane,W. H. Doane,NA,classical,NA,publicdomain,0.0,0,0,2,1,1,0,20,276,13.8,False,2.682190656173425,0.9891304347826086,0.9283854166666666
QmV58BHc81faGpziiJPWbwh9tLgsQ5DvFoDhoAkqGNmqj1,There's a joyful chorus sounding - E. L. Ozendorff,NA,There's a joyful chorus sounding,E. L. Ozendorff,NA,classical,NA,publicdomain,0.0,0,0,2,2,1,0,22,372,16.90909090909091,False,2.61327648041295,0.9731182795698924,0.9388020833333334
QmZ5U13U9A3zTqno6vNEiP3MtLiNUmUCouPe7M4n7JuZ9V,There's a joyful message written in his word - Charles H. Gabriel,NA,There's a joyful message written in his word,Charles H. Gabriel,NA,classical,NA,publicdomain,0.0,0,0,11,1,1,0,18,354,19.666666666666668,False,2.411972192349977,1.0,0.9544270833333334
QmY3njYFHERnpCEfM6qhY8JF9nb5R6c4jGXK7auqQhHQYj,There's a labor of love that must be wrought - Chas. H. Gabriel,NA,There's a labor of love that must be wrought,Chas. H. Gabriel,NA,classical,NA,publicdomain,0.0,0,0,3,2,1,0,33,497,15.06060606060606,False,3.124915808313432,0.9175050301810864,0.9680989583333334
QmNRjpMAMECJZFR7xZyMPBuedW8Nza6PpkQ5eczXcZvRhd,There's a land above - Wm. Stevenson,NA,There's a land above,Wm. Stevenson,NA,classical,NA,publicdomain,0.0,0,0,2,1,1,0,18,265,14.72222222222222,False,2.655444707211908,0.9849056603773584,0.9674479166666666
Qmecq1dDgChc2DeMdrGTWXL6RbtSgyMG8DPGqZM5ny31t5,There's a land beyond the billows where the roses never die - Jno. R. Sweney,NA,There's a land beyond the billows where the roses never die,John R. Sweney,NA,classical,NA,publicdomain,0.0,0,0,8,2,1,0,18,418,23.22222222222222,False,2.642990620819701,0.9808612440191388,0.9440104166666666
QmXQNHPczz1A1pai22SCd6gH3J33LkhCkVTKguLfVyfX1e,There's a land far away 'mid the stars we are told,NA,There's a land far away 'mid the stars we are told,Misc Traditional,NA,folk,NA,publicdomain,0.0,0,0,6,1,1,0,33,332,10.06060606060606,False,2.4940298887446706,1.0,0.8929924242424242
QmVtRs91s5MrLWnbxRciyDDtze4aXYpAbPA9WrPG8u36sZ,There's a land far away in the regions of day - Ethel V. Johnson,NA,There's a land far away in the regions of day,Ethel V. Johnson,NA,classical,NA,publicdomain,0.0,0,0,2,2,1,0,19,308,16.210526315789473,False,2.9014228496801047,0.9448051948051948,0.94140625
QmUhcPWqmZ1BBYX39gqU2uyQFVke2ShyFBm9Fms128XaN2,There's a land of bliss eternal (Lacey) - Herbert J. Lacey,NA,There's a land of bliss eternal (Lacey),Herbert J. Lacey,NA,classical,NA,publicdomain,0.0,0,0,3,2,1,0,21,348,16.571428571428573,False,2.5931979459352514,0.9741379310344828,0.95703125
QmNiK5KQ83ynyJiUkvx9gEEkBqwzeYbEC1xWNCmSM2y17B,There's a land of bliss eternal (Miles) - C. Austin Miles,NA,There's a land of bliss eternal (Miles),C. Austin Miles,NA,classical,NA,publicdomain,0.0,0,0,2,1,1,0,18,216,12.0,True,2.59556129417564,1.0,0.9708333333333332
QmPEcqwhm2WGXtLRQygASmgSohN3Ez9j7WSkW43BUGb7Dw,There's a land of everlasting song (Byers) - A. L. Byers,NA,There's a land of everlasting song (Byers),A. L. Byers,NA,classical,NA,publicdomain,0.0,0,0,6,2,1,0,28,382,13.642857142857142,False,2.548382229882978,0.986910994764398,0.9548611111111112
QmabfPgffuHiZFRhC6zcTzmYoDpBsDBApqpQiypC3SdKoH,There's a land of fadeless beauty in the sky - A. H. Songster,NA,There's a land of fadeless beauty in the sky,A. H. Songster,NA,classical,NA,publicdomain,0.0,0,0,8,1,1,0,18,390,21.666666666666668,False,2.4882765542056497,0.9974358974358974,0.9036458333333334
Qmbd1DFcBYW5gt15qkBvsWtTox8LzkFffSAmqjx7WuqcWJ,There's a land of peace and plenty - C. Austin Miles,NA,There's a land of peace and plenty,C. Austin Miles,NA,classical,NA,publicdomain,0.0,0,0,6,1,1,0,34,437,12.852941176470589,False,2.920460993329639,0.9290617848970252,0.962890625
QmWrckzmbWE1C2TznKwyohvr8K5mAnC39tsDECLemFFDLV,There's a land of sweet rest - W. H. Ruebush,NA,There's a land of sweet rest,W. H. Ruebush,NA,classical,NA,publicdomain,0.0,0,0,2,1,1,0,18,278,15.444444444444445,False,2.821871228251269,0.95985401459854,0.9716666666666668
QmZSn8Fg4GBRhyRNfZY4nvcUHh8jKU5SMCq1vZZY84EaV6,There's a land that enraptures the sight - J. S. Norris,NA,There's a land that enraptures the sight,J. S. Norris,NA,classical,NA,publicdomain,0.0,0,0,6,1,1,0,22,238,10.818181818181818,False,2.75376980404446,0.9705882352941176,0.94140625
QmQsKJ15HZUkzXssu58PjLUrX5tQUfmoWUiKKdidRzwzJU,There's a land that is fairer than day (Gould) - J. E. Gould,NA,There's a land that is fairer than day (Gould),J. E. Gould,NA,classical,NA,publicdomain,0.0,0,0,24,1,1,0,26,306,11.76923076923077,False,2.3958068688394407,1.0,0.9149305555555556
QmXmMoAEgW63uz8VmuUs8kXktiLztqYdxme61YzTibDoPv,There's a land where the birds are ever singing (Ackley) - B. D. Ackley,NA,There's a land where the birds are ever singing (Ackley),B. D. Ackley,NA,classical,NA,publicdomain,0.0,0,0,9,2,1,0,18,402,22.33333333333333,False,3.058019844522481,0.9104477611940298,0.9231770833333334
QmUUmDGqSDCrEMoA9Zx2dBa9Pf5fJ9qibkGEVspaRjk1PW,There's a last day coming by and by - Vera G. Gabriel,NA,There's a last day coming by and by,Vera G. Gabriel,NA,classical,NA,publicdomain,0.0,0,0,2,2,1,0,17,298,17.529411764705884,False,2.57824255370278,0.9832214765100672,0.92578125
QmbmJEfTWhk6qucan6McK7Suz7iVrvvnjs318NZ8HocxZn,There's a light above - Wm. J. Kirkpatrick,NA,There's a light above - Wm. J. Kirkpatrick,William J. Kirkpatrick,NA,classical,NA,publicdomain,0.0,0,0,2,2,1,0,17,280,16.470588235294116,False,2.6399588962993388,0.9892086330935252,0.9010416666666666
QmWqP1SQtYRuU7tTYU7am4DpvcbniYXBrk2P7kV9oYTfz6,There's a light in the window at home for me - J. H. Hall,NA,There's a light in the window at home for me,J. H. Hall,NA,classical,NA,publicdomain,0.0,0,0,9,1,1,0,18,299,16.61111111111111,False,2.5197638725244245,0.9933110367892976,0.94140625
QmbYNoK5CKWmormP6QvGHskyp5gXqxi5LNombne6PyEaQ4,There's a light on clouds of sadness - J. Lincoln Hall,NA,There's a light on clouds of sadness,J. Lincoln Hall,NA,classical,NA,publicdomain,0.0,0,0,3,1,1,0,35,488,13.942857142857145,False,2.818022015505583,0.9672131147540984,0.9615885416666666
QmddHVX25eWUyFGB2Twk2DekXxRsRmxbTs5YGQrVqWNEpG,There's a light that is shining my brother for you - C. F. Green,NA,There's a light that is shining my brother for you,C. F. Green,NA,classical,NA,publicdomain,0.0,0,0,4,1,1,0,19,321,16.894736842105264,False,2.449298309510409,0.9875389408099688,0.9184027777777778
QmTRhQSxsDKSk8UUSNoShRUTnmE6qsbKoghUm4byjNW8Ha,There's a light that never fails - Clarence M. Seamans,NA,There's a light that never fails,Clarence M. Seamans,NA,classical,NA,publicdomain,0.0,0,0,20,2,1,0,19,414,21.789473684210527,False,2.7367963294180364,0.966183574879227,0.892156862745098
QmUvKjn9sVTmZdEoAgUNbx2ABSnpExL5qEtmAZBYbtZzF8,There's a line that is drawn by rejecting our Lord - A. J. Hodge,NA,There's a line that is drawn by rejecting our Lord,A. J. Hodge,NA,classical,NA,publicdomain,0.0,0,0,13,1,1,0,34,257,7.558823529411764,False,2.8711713733440423,0.9494163424124512,0.9175347222222222
QmcTNL8mNieF4k6p12NeQYLa9WKxSD5mY8zsJTsf5GLEtB,There's a loving invitation in the Book of Life divine - Chas C. Ackley,NA,There's a loving invitation in the Book of Life divine,Chas C. Ackley,NA,classical,NA,publicdomain,0.0,0,1,19,2,1,0,17,365,21.47058823529412,False,2.885001035998768,0.9561643835616438,0.94921875
Qmdyrun384cSp9yyu11UwM3HK1zM7NdFXTiKGdJ46QUiW5,There's a mansion now preparing - Hubert P. Main,NA,There's a mansion now preparing,Hubert P. Main,NA,classical,NA,publicdomain,0.0,0,0,3,1,1,0,18,241,13.38888888888889,False,2.76830579572799,0.970954356846473,0.8923611111111112
QmYX54smqxSznyiojUB7GQ2SeefA2C1Pi2oXZbTrGagjhg,There's a message from my Father - J. Lincoln Hall,NA,There's a message from my Father,J. Lincoln Hall,NA,classical,NA,publicdomain,0.0,0,0,3,2,1,0,18,380,21.11111111111111,False,2.8337917778172312,0.9526315789473684,0.9440104166666666
QmafUepxCoBff1nR3nzb3X5of75Vb1DtErh3H2irZUwMKe,There's a message of salvation - E. S. Howard,NA,There's a message of salvation - E. S. Howard,E. S. Howard,NA,classical,NA,publicdomain,0.0,0,0,3,1,1,0,19,353,18.57894736842105,False,2.5679033394836,1.0,0.9388020833333334
QmNaNX8kTG9JsjobruVjCLPwZ6M4yUJqZ1HGizTcKA29oQ,There's a message sweet and clear - J. Lincoln Hall,NA,There's a message sweet and clear - J. Lincoln Hall,J. Lincoln Hall,NA,classical,NA,publicdomain,0.0,0,0,2,2,1,0,20,373,18.65,False,2.6168948883560583,0.9946380697050938,0.9362745098039216
QmWRBDdihAgHWZR8bwLRu2FvVKLdmR4RsYRaJhgHNCmYUe,There's a mighty army gath'ring - H. W. Petrie,NA,There's a mighty army gath'ring,H. W. Petrie,NA,classical,NA,publicdomain,0.0,0,0,2,2,1,0,32,419,13.09375,True,3.0356829064248503,0.918854415274463,0.98252688172043
QmYP9fiVDjPtzYWTpiAxojQfWzXSWBKtf3fJWh7ChnVrMD,There's a mighty Helper at my side to-day (Ackley) - B. D. Ackley,NA,There's a mighty Helper at my side to-day (Ackley),B. D. Ackley,B. D. Ackley,classical,NA,publicdomain,0.0,0,0,7,1,1,0,17,361,21.23529411764705,True,2.8143773522459186,0.946629213483146,0.9635416666666666
QmUUTQ82fnfUWBnXLLRdE5LqC8Bj6NzsNwudiKSTefDmbY,There's a mother on her knees in prayer - C. Austin Miles,NA,There's a mother on her knees in prayer,C. Austin Miles,NA,classical,NA,publicdomain,0.0,0,0,20,1,1,0,30,368,12.266666666666667,False,3.005242803904962,0.9320652173913044,0.9505208333333334
Qmf524zfS1fkZrM1TJzhoSRfvk2cyHyGBnRXkYQRNLEdoo,There's a pardon full and sweet (Excell) - E. O. Excell,NA,There's a pardon full and sweet (Excell),E. O. Excell,NA,classical,NA,publicdomain,0.0,0,0,4,1,1,0,20,210,10.5,False,2.433856585021181,1.0,0.8802083333333334
QmPQU7iovGQ1RJvwx75xtvZqZ9d8kVgzPxYfVURQqKto93,There's a Path across the Ocean,Path across the Ocean,There's a Path across the Ocean,Misc tunes,Original words by Robert Gilfinnan (1798-1850) Scotland,NA,NA,publicdomain,0.0,0,0,3,1,1,0,17,65,3.823529411764706,False,2.667267828691776,1.0,0.90625
QmWXyqv37hxmm3P8NcYo5FevzRqVzqyBMNhCvGdu1yLWmx,There's a peace in my heart that each day deeper grows - James M. Black,NA,There's a peace in my heart that each day deeper grows,James M. Black,NA,classical,NA,publicdomain,0.0,0,0,8,1,1,0,19,330,17.36842105263158,False,2.6546900049684394,0.987878787878788,0.9518229166666666
QmZzscZLA2kFhxmDVF1VCya8CjK3d9hwakpeJeo9R2LCWF,There's a peace in serving Jesus - David G. Bacon,NA,There's a peace in serving Jesus - David G. Bacon,David G. Bacon,NA,classical,NA,publicdomain,0.0,0,0,3,1,1,0,20,238,11.9,False,2.510311778130484,1.0,0.8819444444444444
QmWqN3Qf3gQ9mVGDM5XhRxLN1jem5d4wS1bybvd6KSvK5e,There's a place I long to be - B. E. Warren,NA,There's a place I long to be,B. E. Warren,NA,classical,NA,publicdomain,0.0,0,0,2,2,1,0,18,335,18.61111111111111,False,2.440654746314463,1.0,0.95703125
QmbDuJ61H5NwhAThMfih7293XKNPjaWUMybBZVg8fQCenx,There's a place I love to tarry - D. M. Shanks,NA,There's a place I love to tarry,D. M. Shanks,NA,classical,NA,publicdomain,0.0,0,0,30,1,1,0,20,248,12.4,False,2.610815603960776,0.9879032258064516,0.9388020833333334
QmPYVZwZAeYttLS75p1355LCCtNHEp4sES9WqajPWHbnz8,There's a place low at His feet - James M. Black,NA,There's a place low at His feet - James M. Black,James M. Black,NA,classical,NA,publicdomain,0.0,0,0,3,2,1,0,20,265,13.25,False,2.5525827196893864,1.0,0.9466145833333334
QmZHziH4PgF1kHCmCn7cn33QpJ8wuT1mYV8DwAReMc92oJ,There's a place where my soul ever feels a repose - E. D. Keck,NA,There's a place where my soul ever feels a repose,E. D. Keck,NA,classical,NA,publicdomain,0.0,0,0,3,1,1,0,20,367,18.35,False,2.579455585589826,0.9863760217983653,0.9266666666666666
QmaoPNATm4RzstFVJriNHvUuv4WEjDyPEkAUh8cHLBtymm,There's a place where weary mortals - J. Wesley Hughes arr.,NA,There's a place where weary mortals,J. Wesley Hughes arr.,NA,classical,NA,publicdomain,0.0,0,0,2,1,1,0,18,229,12.72222222222222,False,2.661195011310573,0.9781659388646288,0.8997395833333334
QmWF4ezuoWXBgpA7d2Ehykk9FwrDwLcaNbSpyfCZPgBRcY,There's a precious Friend called Jesus - B. D. Ackley,NA,There's a precious Friend called Jesus,B. D. Ackley,NA,classical,NA,publicdomain,0.0,0,0,3,2,1,0,18,413,22.944444444444443,False,2.67339408556516,0.9707317073170731,0.8059895833333334
QmXMmtAKuNn1P3r9jVLYbFNsQ6udjAwLJdNdgcxVpxZnDc,There's a promise given by the Heavenly King - J. M. Harris,NA,There's a promise given by the Heavenly King,J. M. Harris,NA,classical,NA,publicdomain,0.0,0,0,2,2,1,0,17,348,20.47058823529412,False,2.554911447845833,0.9942528735632185,0.9215686274509804
QmayHBekMPstLVpBj6zMhXF2oP7panKqh6VNXHFAHsUGUY,There's a promise I would ask of you brother - Howard E. Smith,NA,There's a promise I would ask of you brother,Howard E. Smith,NA,classical,NA,publicdomain,0.0,0,0,2,1,1,0,18,340,18.88888888888889,False,2.7623104929757707,0.961764705882353,0.9153645833333334
QmVTZKhHwcEjuNgtMpuCGezXST4A14UoSivPwnEtniBqgq,There's a quiet retreat where with Jesus I meet (Excell) - E. O. Excell,NA,There's a quiet retreat where with Jesus I meet (Excell),E. O. Excell,E. O. Excell,classical,NA,publicdomain,0.0,0,0,3,1,1,0,17,313,18.41176470588235,True,2.837638351249991,0.954983922829582,0.9088541666666666
QmRBruQRioxpjhhzKPQcpSy3X7AB3m7cTMK4na8FwQzDXh,There's a robe that I shall wear when I pass from earth - C. Austin Miles,NA,There's a robe that I shall wear when I pass from earth,C. Austin Miles,NA,classical,NA,publicdomain,0.0,0,0,6,1,1,0,29,420,14.482758620689657,False,2.76354763163248,0.9642857142857144,0.9418402777777778
QmXjSzodvujnUjDr9bdvZUgkXHt7yQagZ8su6Y1j3fQHf5,There's a rod above the ocean - Dr. J. B. Herbert,NA,There's a rod above the ocean,Dr. J. B. Herbert,NA,classical,NA,publicdomain,0.0,0,0,2,2,1,0,19,372,19.57894736842105,False,2.453786656241859,0.9946236559139784,0.946078431372549
QmPCgAW2siJZcdFHaQ3sn4W4BBMr6mLMM5zmDhc5ujpifJ,There's a rustling in the tree-tops there's a cloud upon the sky - Jno. R. Sweney,NA,There's a rustling in the tree-tops there's a cloud upon the sky,John R. Sweney,NA,classical,NA,publicdomain,0.0,0,0,3,2,1,0,18,410,22.77777777777778,False,2.510533984002888,0.9878048780487804,0.9283854166666666
Qmcgevbt2oH7CmFRbr3iNsYJhHFDbK4A8mojknwStxi2in,There's a Savior on high - Robert Lowry,NA,There's a Savior on high,Robert Lowry,NA,classical,NA,publicdomain,0.0,0,0,7,1,1,0,18,333,18.5,False,2.817611033125834,0.96996996996997,0.95703125
QmPBnTT5vY6sySTjNkCNo7MjgfiGekAfuQKEqjKUcApSuN,There's a Savior who offers to free you from sin - Chas. H. Gabriel,NA,There's a Savior who offers to free you from sin,Chas. H. Gabriel,NA,classical,NA,publicdomain,0.0,0,0,5,2,1,0,25,463,18.52,False,2.667671904549848,0.9697624190064796,0.9425675675675677
QmcteKkrcu5PMGuQanyuTAXAgAUqQQLy79EpZYJKHDjoqV,There's a secret we can know - Harry Loper,NA,There's a secret we can know,Harry Loper,NA,classical,NA,publicdomain,0.0,0,0,2,1,1,0,19,403,21.21052631578948,False,2.718530029156597,0.9429280397022332,0.928921568627451
Qme2sdUNsmcc9jnRVRE1msK1kN6F6QBKGLTAkgztnWe5rW,There's a Shepherd who goes over the mountains steep - C. Austin Miles,NA,There's a Shepherd who goes over the mountains steep,C. Austin Miles,NA,classical,NA,publicdomain,0.0,0,0,3,2,1,0,17,279,16.41176470588235,False,2.95122349286313,0.906810035842294,0.9017857142857144
QmXqoiVAUax7de5tvB2WD9pBGcKNbRK6PaRTWTbp79pVwr,There's a shout from a host - Jno. R. Sweney,NA,There's a shout from a host,John R. Sweney,NA,classical,NA,publicdomain,0.0,0,0,3,2,1,0,17,263,15.470588235294118,False,2.691722122017145,0.9771863117870724,0.93359375
QmVFM5iXEQdMzhifSDtVG3a2qxpBPqRWSveE4wXSasx6um,There's a soft pleading voice calling tenderly - W. H. Doane,NA,There's a soft pleading voice calling tenderly - W. H. Doane,W. H. Doane,NA,classical,NA,publicdomain,0.0,0,0,3,1,1,0,19,319,16.789473684210527,False,2.611488794024921,0.9780564263322884,0.9596354166666666
QmeypSwSUzkVFtuZTZnxyqD7tu32QF7DrjzmguiH3Lktdg,There's a song in heaven they sing - Jno. R. Sweney,NA,There's a song in heaven they sing,John R. Sweney,NA,classical,NA,publicdomain,0.0,0,0,4,1,1,0,18,459,25.5,False,2.6397849417754813,0.9803921568627452,0.98046875
QmaoRCXAHAK1bCdZ7ZwLMhoWY7eped4TbKMsYtXuJQxbtx,There's a song in my heart 'tis a glorious song - Adam Geibel,NA,There's a song in my heart 'tis a glorious song - Adam Geibel,Adam Geibel,NA,classical,NA,publicdomain,0.0,0,0,2,2,1,0,26,511,19.65384615384616,False,2.8103113623580582,0.9647749510763208,0.9716666666666668
Qmck3KLVMMALHJuT93rVdrcyPpynRfFqkTsukgep4BscvR,There's a song in my heart as I journey along - L. E. Jones,NA,There's a song in my heart as I journey along,L. E. Jones,NA,classical,NA,publicdomain,0.0,0,0,5,2,1,0,20,292,14.6,False,2.479896139579957,0.9828767123287672,0.94921875
QmYvtDsJZxUPBUvw5mnWwjCmBoEutjjh7mC31h6vW1wn6L,There's a song in my heart I am singing always - Katherine Rowe,NA,There's a song in my heart I am singing always,Katherine Rowe,NA,classical,NA,publicdomain,0.0,0,0,5,2,1,0,17,323,19.0,False,3.0123971970738914,0.9318885448916407,0.93359375
QmWf73tZv1VLJvpYbfBKk7PE6djrwkwY2jAguTpupcYmX6,There's a song in my heart since Jesus saved me - Benjamin A. Baur,NA,There's a song in my heart since Jesus saved me - Benjamin A. Baur,Benjamin A. Baur,NA,classical,NA,publicdomain,0.0,0,0,2,1,1,0,9,153,17.0,False,2.7098432567225545,0.9477124183006536,0.9348958333333334
QmckCiZ9ahWhdRMhKneA3rceKYZr3kPiAPCAnJCn3KqLR4,There's a song in my heart that my lips cannot tell - Florence W. Williams,NA,There's a song in my heart that my lips cannot tell,Florence W. Williams,NA,classical,NA,publicdomain,0.0,0,0,4,1,1,0,19,322,16.94736842105263,False,2.8768529555145217,0.9254658385093169,0.9596354166666666
QmW8VsVMYCP6SE9cAqcuMEDrVP6VNSbC4EczWjzycKbfe2,There's a Song in the Air - Josiah G. Holland,NA,There's a Song in the Air,Josiah G. Holland,NA,classical,NA,publicdomain,0.0,0,0,17,0,2,0-0,20,185,9.25,True,2.8770442893939494,0.9567567567567568,0.9548611111111112
QmYmggHH2esHczAeHaR5A2Hn5hK6fZeaMvp4Kd8XaGdasW,There's a song in the air have you heard its refrain - Charles H. Gabriel Jr.,NA,There's a song in the air have you heard its refrain,Jr. Charles H. Gabriel,NA,classical,NA,publicdomain,0.0,0,1,9,1,1,0,49,437,8.918367346938776,False,2.851759830049588,0.954233409610984,0.9826388888888888
QmWwEM7Z1nvAnDAMduqm3MbzWzHZhVsNUFKDqwqkx6qnt8,There's a song in the air! theres a star in the sky - Emmelar,NA,There's a song in the air! theres a star in the sky,Emmelar,NA,classical,NA,publicdomain,0.0,0,0,15,1,1,0,25,289,11.56,False,2.865641124941127,0.9480968858131488,0.960648148148148
QmZutmimi8BLdf63JQjJfR6vgEjhmhoNVdh1ffsMw6MaFm,There's a song of joy I sing it ev'ry day (Ackley) - B. D. Ackley,NA,There's a song of joy I sing it ev'ry day (Ackley) - B. D. Ackley,B. D. Ackley,B. D. Ackley,classical,NA,publicdomain,0.0,0,0,2,1,1,0,17,342,20.11764705882353,True,2.816770172534117,0.9644970414201184,0.94921875
Qmck65VdDEJ8uJ4rU7D49gTQin4ZA9DszwPzUGjQMNMHHo,There's a song within my heart today - Mrs. Nellie Place Chandler,NA,There's a song within my heart today,Mrs. Nellie Place Chandler,NA,classical,NA,publicdomain,0.0,0,0,4,2,1,0,20,376,18.8,False,2.8029427753480927,0.9308510638297872,0.94921875
QmTYCBdttHjuroYCttKiKD3xPGtVW4W35ZjUZwQSDvcf2o,There's a sound of abundance of rain - W. Stillman Martin,NA,There's a sound of abundance of rain,W. Stillman Martin,NA,classical,NA,publicdomain,0.0,0,1,12,2,1,0,18,317,17.61111111111111,False,2.966186420779497,0.9337539432176656,0.9142156862745098
Qmcp68ScFuxCAdB7b5qzLSJSdsHr7gnma7tYNU8Ro7mBKk,There's a sound within the land - L. E. Jones,NA,There's a sound within the land,L. E. Jones,NA,classical,NA,publicdomain,0.0,0,0,10,1,1,0,22,365,16.59090909090909,False,2.5038590310419355,0.9863013698630136,0.953125
QmQA7nV65JPeNUPmWLTBoQHi4uMBJj89zuEjD6toNmSe9R,There's a spot that is dearest of all on earth - P. M. Haas,NA,There's a spot that is dearest of all on earth - P. M. Haas,P. M. Haas,NA,classical,NA,publicdomain,0.0,0,0,6,2,1,0,20,598,29.9,False,2.43011615424039,0.9966555183946488,0.7377450980392157
QmTaFkzUywwfESaaZW77yBJ1rGYLNe7CutxR1HiCEe4RQ7,There's a star that arose on the beautiful night - Chas. H. Gabriel,NA,There's a star that arose on the beautiful night,Chas. H. Gabriel,NA,classical,NA,publicdomain,0.0,0,0,6,2,1,0,17,288,16.941176470588236,False,2.884235722413889,0.9652777777777778,0.9453125
QmYMRP797uzEvjbgQiVxszb8AkyQjGfSQfK69HZ67FfKTr,There's a story sweet and true - Wm. J. Kirkpatrick,NA,There's a story sweet and true,William J. Kirkpatrick,NA,classical,NA,publicdomain,0.0,0,0,2,2,1,0,18,394,21.88888888888889,False,2.8220491010909,0.9467005076142132,0.9388020833333334
QmVZ6DheteSqjMMvAGRgEpJ7wEau5h4NwN3zfb1LQ6RTfc,There's a story which I love to tell - C. Harold Lowden,NA,There's a story which I love to tell - C. Harold Lowden,C. Harold Lowden,NA,classical,NA,publicdomain,0.0,0,0,2,1,1,0,34,411,12.088235294117649,False,2.892015941291352,0.9172749391727494,0.966796875
Qmeab4HiN8r94tg5NjxRwvDcoQK64wAJTZTGya11yhbcvj,There's a story you have heard a thousand times - Harry Dixon Loes,NA,There's a story you have heard a thousand times,Harry Dixon Loes,NA,classical,NA,publicdomain,0.0,0,0,12,1,1,0,18,327,18.166666666666668,False,2.8068504839317576,0.9480122324159022,0.9191176470588236
QmaYxbxQUS2u43cWK8LjxeksdTwZ7esRNNXEMwYbwpa12r,There's a straight road to Heaven - Thos. H. Ferguson,NA,There's a straight road to Heaven,Thos. H. Ferguson,NA,classical,NA,publicdomain,0.0,0,0,3,2,1,0,14,278,19.857142857142858,False,2.831937692212561,0.974820143884892,0.9201388888888888
QmY383EPS96crQURCtvNKjSN56pgQXHM6yr8xshxA5iPZ4,There's a thought that ever cheers me - Virginia Ruebush,NA,There's a thought that ever cheers me,Virginia Ruebush,NA,classical,NA,publicdomain,0.0,0,0,2,1,1,0,21,403,19.19047619047619,False,2.7503055644022334,0.9627791563275434,0.9505208333333334
QmXJLqehA4WAAihmJiYpoW5gUgJQSrw1h1LcBnTLZCeCvA,There's a time and place where the faithful rest - Howard E. Smith,NA,There's a time and place where the faithful rest,Howard E. Smith,NA,classical,NA,publicdomain,0.0,0,0,4,1,1,0,18,295,16.38888888888889,False,2.2656606447428507,0.9966101694915256,0.9309895833333334
QmXqcYxNALhrVawc8eRYVFxZMsGJuegC9yYCorqSZXzJi5,There's a time of refreshing from the presence of the Lord - J. Wesley Hughes,NA,There's a time of refreshing from the presence of the Lord,J. Wesley Hughes,NA,classical,NA,publicdomain,0.0,0,0,14,1,1,0,18,345,19.166666666666668,False,2.5756364530268088,0.9797101449275364,0.9309895833333334
QmRbV9EuZamDwXo2koD9q7PKgwkDyHPtLoRujvtb8ZRJD3,There's a trail that so many follow - Richard Hainsworth,NA,There's a trail that so many follow,Richard Hainsworth,NA,classical,NA,publicdomain,0.0,0,0,5,2,1,0,19,339,17.842105263157894,False,2.9144224925171134,0.9380530973451328,0.8854166666666666
QmbMG2aWdcRzrcmZa5UtuUFm8vwWiynzy3eaLCSviEEhBN,There's a tree that's ever growing growing - Asa Hull,NA,There's a tree that's ever growing growing,Asa Hull,NA,classical,NA,publicdomain,0.0,0,0,5,1,1,0,29,360,12.413793103448276,False,2.7070548703781614,0.9861111111111112,0.9236111111111112
QmfBXYJVqSxcdCdkTkSiZxjYyXMkFqxBqu5ZrkCtDnGC5h,There's a vale of content and of heavenly peace - Elisha A. Hoffman,NA,There's a vale of content and of heavenly peace,Elisha A. Hoffman,NA,classical,NA,publicdomain,0.0,0,0,6,1,1,0,18,315,17.5,False,2.545275987710797,0.9904761904761904,0.9583333333333334
QmSmC3TgBKbBpSbeN5q1VAL861thpxmMsuZtTGJXtQriqZ,There's a vessel that saileth ever - J. Howard Entwisle,NA,There's a vessel that saileth ever,J. Howard Entwisle,NA,classical,NA,publicdomain,0.0,0,0,3,1,1,0,30,402,13.4,False,2.7604446047292344,0.9676616915422884,0.8773148148148148
QmSr3wVGCdFFv35AdxCpANzF6pFV65QKiTYC2LCvh3sjfB,There's a vision of angels a stone rolled away - Chas. H. Gabriel,NA,There's a vision of angels a stone rolled away,Chas. H. Gabriel,NA,classical,NA,publicdomain,0.0,0,0,6,1,1,0,19,331,17.42105263157895,False,2.783950777418039,0.9758308157099698,0.95703125
QmNkne8Pbvup1MDd3iKar1SyZDUpQ1gm72GfJLhbt6SSHb,There's a voice I now can hear - F. E. Hathaway,NA,There's a voice I now can hear,F. E. Hathaway,NA,classical,NA,publicdomain,0.0,0,0,12,1,1,0,17,216,12.705882352941176,False,2.58007094989262,0.9722222222222222,0.982843137254902
QmXR7jiAvzthQ92NQCmDjYz44TPErTAEcLmLQR8K3j13ep,There's a voice that comes in my lonely hours - Jno. R. Sweney,NA,There's a voice that comes in my lonely hours,John R. Sweney,NA,classical,NA,publicdomain,0.0,0,0,2,1,1,0,18,266,14.77777777777778,False,2.6924240159290846,0.981203007518797,0.8854166666666666
QmXg2JgC3HFx6ktEcuTAWPPkxFzgE7cEEjHguNSZ2Uvyg5,There's a voice that speaks today (Davis) - Frank M. Davis,NA,There's a voice that speaks today (Davis),Frank M. Davis,NA,classical,NA,publicdomain,0.0,0,0,2,1,1,0,24,400,16.666666666666668,False,2.6335089163750056,0.99,0.9361979166666666
QmWa5j1HHtTZp497qZ6Rstb6KiJZXzqE6h3eQE692wcdSd,There's a wail from the islands of the sea - W. E. M. Hackleman,NA,There's a wail from the islands of the sea - W. E. M. Hackleman,W. E. M. Hackleman,NA,classical,NA,publicdomain,0.0,0,0,6,1,1,0,18,348,19.33333333333333,False,2.6458517435266664,0.9885057471264368,0.9375
QmVmuHasHX79PFqCMDWt5WHR6AQjDSejkuC43Pte6c3qKZ,There's a way that is narrow and straight - J. E. Hall,NA,There's a way that is narrow and straight,J. E. Hall,NA,classical,NA,publicdomain,0.0,0,0,2,1,1,0,19,362,19.05263157894737,False,2.7450961526319126,0.9696132596685084,0.8385416666666666
QmRcECd7SpUGtM8swQWXxjwdFCTayGfc4ru1qwBoKkXifo,There's a Wideness in God's Mercy,NA,There's a wideness in God's mercy (Vail),Misc Traditional,Words: Frederick W Faber (1814-1863)Music: Benjamin F. White (1844 Sacred Harp),folk,NA,publicdomain,0.0,0,0,38,1,1,0,17,64,3.764705882352941,True,2.109921322243676,1.0,0.9644097222222222
QmQJy266yVm7QfRbSrhMCVdr2WjeE2cUjN2aSqs5o1V8ik,There's a Wideness in God's Mercy,NA,NA,NA,Lizzie S. Tourjee 1878,NA,matyze-theresawidenessingodsmercy-hymn-fredrickwfaber-lizziestourjee-christian-music-church-chorus,cc-zero,0.0,0,4,477,0,1,0,8,136,17.0,False,2.8310087817527454,0.9632352941176472,0.95625
QmXqdyxNZU27X9viXt5gTeGQqyrpSyXxTvkNHLuK8x32cv,There's a wideness in God's mercy (Stebbins) - Geo. C. Stebbins,NA,There's a wideness in God's mercy (Stebbins),Geo. C. Stebbins,NA,classical,NA,publicdomain,0.0,0,1,12,1,1,0,20,241,12.05,False,2.667046157888705,0.995850622406639,0.9097222222222222
QmXKskhDvxAHs2z6DWwMdT7ErEr67pQ89RmYcwxSjZciiL,There's a wideness in God's mercy (Vail),NA,There's a wideness in God's mercy (Vail),Misc Traditional,NA,folk,NA,publicdomain,0.0,0,0,21,1,1,0,12,173,14.416666666666666,False,2.4247924099509506,1.0,0.9363425925925926
QmYvfpPE8AoJFaVQjyFtxKGhTomAoZqJ2AjLwU9wGUG59r,There's a wire from earth to heaven and it reaches to the throne - Harry Loper,NA,There's a wire from earth to heaven and it reaches to the throne,Harry Loper,NA,classical,NA,publicdomain,0.0,0,0,10,2,1,0,20,580,29.0,False,2.568159856609884,0.9716312056737588,0.8161764705882353
QmWneCcuNiotk4DTu3bjScoEFeXRez9dXPmaPxtkBV1WQ5,There's a wonderful Temple - William J. Kirkpatrick,NA,There's a wonderful Temple,William J. Kirkpatrick,NA,classical,NA,publicdomain,0.0,0,0,2,1,1,0,36,312,8.666666666666666,False,2.687148040642571,0.9903846153846154,0.9401041666666666
QmbiRrHRNFb43getgh5hFgfNqWVWxqNYzXa24RP6R91gHT,There's a wonderful theme in the gospel tongue - W. A. Ogden,NA,There's a wonderful theme in the gospel tongue,W. A. Ogden,NA,classical,NA,publicdomain,0.0,0,0,8,1,1,0,18,274,15.22222222222222,False,2.382388002031391,1.0,0.9485294117647058
QmQRTkefrnBjKNCFEkHhEadDiyBAfGPUmEnwf4beNJU8V8,There's a word of tender beauty - H. L. Gilmour,NA,There's a word of tender beauty,H. L. Gilmour,NA,classical,NA,publicdomain,0.0,0,0,2,1,1,0,30,354,11.8,False,2.453206819346036,0.9717514124293786,0.8657407407407407
QmbXV4FL2eejrVrNbYuADbKfkZ4T5qifBvxg3zmDEtfBmp,There's a work for you to do - C. Austin Miles,NA,There's a work for you to do,C. Austin Miles,NA,classical,NA,publicdomain,0.0,0,0,3,2,1,0,22,334,15.181818181818182,False,2.703907116657182,0.9700598802395208,0.95703125
QmTYmfZW4tst1kKKq4gLv5Yc9oki4kxMvrsJWajNnpp4U4,There's a work to do - John J. Hood,NA,There's a work to do,John J. Hood,NA,classical,NA,publicdomain,0.0,0,0,2,1,1,0,18,281,15.61111111111111,False,2.774954730369146,0.98220640569395,0.94921875
QmNsSb53fxnfwVipA4DN3Rf9pFs2afRtGoFK2phpQoxLro,There's a world from sin to save - E. O. Excell,NA,There's a world from sin to save,E. O. Excell,NA,classical,NA,publicdomain,0.0,0,0,3,1,1,0,30,303,10.1,False,2.198739990506522,1.0,0.8796296296296297
QmWtQnqyCsqVZcF14WY4fKgU2UR4UNR8ribaVGYus4EZLb,There's always a song in the Christian's heart - Karl K. Lorenz,NA,There's always a song in the Christian's heart,Karl K. Lorenz,NA,classical,NA,publicdomain,0.0,0,0,3,2,1,0,26,339,13.038461538461538,False,2.8999504645485774,0.9577039274924471,0.9641203703703703
QmaE5iwyRuhTHhrTwbDnBvNCRX8ZzicBUAwuybwsjageqH,There's an anchor for the soul - Chas. H. Gabriel,NA,There's an anchor for the soul,Chas. H. Gabriel,NA,classical,NA,publicdomain,0.0,0,0,3,1,1,0,19,360,18.94736842105263,False,2.686980471317112,0.9722222222222222,0.9544270833333334
QmPt3NAQV86NsmXsk93NzonXXo32pw6JkHL8HQevw3hhr8,There's an anthem ever ringing - Thoro Harris,NA,There's an anthem ever ringing - Thoro Harris,Thoro Harris,NA,classical,NA,publicdomain,0.0,0,0,2,2,1,0,19,245,12.894736842105264,False,2.804921683249604,0.979591836734694,0.8854166666666666
QmUJ1yDdVybAtumyA8q7eYYXGH3ycXisn9yvy8uGUAEvxi,There's an awful day that's coming (Warren) - B. E. Warren,NA,There's an awful day that's coming (Warren),B. E. Warren,NA,classical,NA,publicdomain,0.0,0,0,4,1,1,0,16,229,14.3125,True,2.5026594900084587,1.0,0.9069444444444444
QmRPuixemXkbREHZUygEAYeDr29csPZpTJ24gQ3QEbZGiS,There's an hour that comes like a healing balm - Fanny Crosby,NA,There's an hour that comes like a healing balm,Fanny Crosby,NA,classical,NA,publicdomain,0.0,0,0,2,1,1,0,18,286,15.88888888888889,False,2.5454418825223666,0.9895104895104896,0.9309895833333334
QmV5TLGQGW9pr2KwPRE7JTgUBfLidFvveEx1qbcBMebsMv,There's an open fountain in Zion - Asa Hull,NA,There's an open fountain in Zion,Asa Hull,NA,classical,NA,publicdomain,0.0,0,0,4,1,1,0,30,366,12.2,False,2.485974254908664,1.0,0.9522569444444444
QmRZWftYonHPbiGGkumeNLzzHbLQbYDVji2bKwbEGUBkE5,There's an uttermost salvation - F. S. Shepard,NA,There's an uttermost salvation,F. S. Shepard,NA,classical,NA,publicdomain,0.0,0,0,2,2,1,0,19,278,14.63157894736842,False,2.819799313897469,0.9568345323741008,0.8467261904761905
QmWfFLCqK94BwjnHZfYJLsVAyhiVpGqZPEm8vPS2HvC1Vh,There's Brave Beer at Sudbury's. Ru1.157,NA,There's Brave Beer at Sudbury's. Ru1.157,Misc tunes,NA,NA,NA,publicdomain,0.0,0,0,4,1,1,0,19,133,7.0,False,2.453042010548884,1.0,0.9427083333333334
QmXxsGCKzgkt57ThYP3GEg3Bcg9ZjmodfUvAfSUqVZv7Cf,There's Brave Beer at Sudbury's. Ru1.157,NA,There's Brave Beer at Sudbury's. Ru1.157,Misc tunes,NA,NA,NA,publicdomain,0.0,0,0,3,1,1,0,13,101,7.769230769230769,False,2.5128527141757213,1.0,0.9305555555555556
QmeZaB2CvGmSDcRaHwtyV7cVwSdCB84BDs5yKcXvn9rVET,There's cleansing for the sin-sick soul - Haldor Lillenas,NA,There's cleansing for the sin-sick soul - Haldor Lillenas,Haldor Lillenas,NA,classical,NA,publicdomain,0.0,0,0,3,1,1,0,27,350,12.962962962962964,False,2.540325440458153,0.9942857142857144,0.9125
QmVe5CeZen9bUx3bw5q9B2DQP1jk8o6iSdPDC88B4S86Vj,There's joy for the soul when the Master has come - J. H. Tenney,NA,There's joy for the soul when the Master has come,J. H. Tenney,NA,classical,NA,publicdomain,0.0,0,0,3,1,1,0,22,343,15.590909090909092,False,2.4890175030755075,0.9912536443148688,0.9194444444444444
QmaL8PPFcADujXzQ2U5zqmCmvTRdvJS4tweYHBnEnvDSuh,There's joy within my heart today - B. D. Ackley,NA,There's joy within my heart today - B. D. Ackley,B. D. Ackley,NA,classical,NA,publicdomain,0.0,0,0,2,1,1,0,20,219,10.95,False,2.5124492790858257,0.9771689497716894,0.9596354166666666
QmQop3eBUfhs6cPHGozERTw33mw2YJ2yoqdKrWDYQjYcur,There's light a little farther on - Ira B. Wilson,NA,There's light a little farther on,Ira B. Wilson,NA,classical,NA,publicdomain,0.0,0,0,2,1,1,0,20,236,11.8,False,2.831672237822698,0.9745762711864406,0.9184027777777778
QmW6ZehLTntK21kpswuEpJbJAMHNagqEQbUy8xNeRoShTd,There's many a bond for bane or bliss - G. F. Root,NA,There's many a bond for bane or bliss - G. F. Root,G. F. Root,NA,classical,NA,publicdomain,0.0,0,0,3,2,1,0,23,332,14.434782608695652,False,2.3904965306068746,1.0,0.9166666666666666
QmbjZ3Dgcp6VnGkh99AGPH68uNdX7r5RQ9ym2arx74t8X1,There's many a soul will perish - J. Wesley Hughes,NA,There's many a soul will perish,J. Wesley Hughes,NA,classical,NA,publicdomain,0.0,0,0,4,1,1,0,20,265,13.25,False,2.497275767204452,0.9849056603773584,0.9045138888888888
QmQDsWgrjYbu5fdFMJLLdtjik9fqkjgqK5yFaQy5rPFDS2,There's much we can do if we work with a will - E. O. Excell,NA,There's much we can do if we work with a will,E. O. Excell,NA,classical,NA,publicdomain,0.0,0,0,3,2,1,0,19,354,18.63157894736842,False,2.580646914506211,0.9830508474576272,0.8368055555555556
QmcVU6XyYRFLhoCPqASXiptnxaZjZm7WyDi4qgbgQvsZLA,There's Nae Luck Aboot the Hoose,NA,There's Nae Luck aboot the Hoose,Misc tunes,NA,NA,NA,publicdomain,0.0,0,0,4,1,1,0,20,116,5.8,False,2.5883707942429064,1.0,0.9244791666666666
QmPYwgJzbdNxiyNs8QxPMeFWGAUYwJoEojVyTggdNdeW1F,There's Nae Luck aboot the Hoose,NA,There's Nae Luck aboot the Hoose,Misc tunes,Johnson's Museum 1788,NA,NA,publicdomain,0.0,0,0,8,1,1,0,18,116,6.444444444444445,False,2.6044799722816387,1.0,0.9166666666666666
QmdhbeXm7dZcjGRzxKvqVbuFJdxVG1uZDyz4waokKEuAvi,There's Nae Luck aboot the Hoose,NA,There's Nae Luck aboot the Hoose,Misc tunes,NA,NA,NA,publicdomain,0.0,0,0,6,1,1,0,34,232,6.823529411764706,False,2.6044799722816387,1.0,0.92578125
QmV71P3vqsFpx5CAHE1YBNGGqXtcEMBPVYv1tR1L2Eyphh,There's Nae Luck Aboot the Hoose,NA,There's Nae Luck aboot the Hoose,Misc tunes,NA,NA,NA,publicdomain,0.0,0,0,5,1,1,0,20,106,5.3,False,2.6309483701853207,1.0,0.9583333333333334
QmcZDhy1NTCmcZDaCKv3M4xfSpzAcHaHqD2VmGwFjqiBhu,There's Nae Luck About the House WES.050,NA,There's Nae Luck About the House WES.050,Misc tunes,NA,NA,NA,publicdomain,0.0,0,0,2,1,1,0,36,116,3.2222222222222223,False,2.6270669389041768,1.0,0.9231770833333334
QmWo3K6NaRYjAPr7f4KxexNXqDRpsw9dJtxzRoKvhkydUq,There's nae luck about the House. CJF.102,Nae Guid Luckwith var. aka. CJF.102,There's nae luck about the House. CJF.102,Misc tunes,NA,NA,NA,publicdomain,0.0,0,0,1,1,1,0,26,113,4.346153846153846,False,2.6324046557348115,1.0,0.8958333333333334
QmZEMGoURK19rvLHS2SW23gcCwMv426Fr6u7gC11M4g8bY,There's nae luck about the house. ET.16,NA,There's nae luck about the house. ET.16,Misc tunes,NA,NA,NA,publicdomain,0.0,0,0,0,0,2,0-0,20,216,10.8,False,2.6001165076350867,1.0,0.9296875
QmepVy6QTTMdLjZKxT5FzuLV9N5jZFUAd1qVPt3cbwnWVd,There's naught on earth to rest on - J. M. Whyte,NA,There's naught on earth to rest on,J. M. Whyte,NA,classical,NA,publicdomain,0.0,0,0,3,1,1,0,32,225,7.03125,False,2.5699300334476,0.9688888888888888,0.9613095238095238
QmQ6DRCf1Xarx2nE9RNoxFqtXVDa1j5Hw7H6C2sX5uFKct,There's no disappointment in Jesus - Clyde Willard,NA,There's no disappointment in Jesus,Clyde Willard,NA,classical,NA,publicdomain,0.0,0,0,13,1,1,0,30,434,14.466666666666669,False,2.84365835812031,0.9539170506912442,0.9351851851851852
QmSabV1EDr9A1FrkxcrwJUGLviq6HFvqZn6xj5uYDZm9NZ,There's not a bright and beaming smile - Chas. Edw. Pollock,NA,There's not a bright and beaming smile,Chas. Edw. Pollock,NA,classical,NA,publicdomain,0.0,0,0,5,1,1,0,17,228,13.411764705882351,False,2.4221452914332486,0.9912280701754386,0.8784722222222222
QmQHS2sm23JUyLre42spttB8GzGSLWQABdojiNY7p8aWkx,There's nothing sweeter than the thought - Charles C. Converse,NA,There's nothing sweeter than the thought,Charles C. Converse,NA,classical,NA,publicdomain,0.0,0,0,4,1,1,0,18,216,12.0,False,2.432526972384576,0.9907407407407408,0.9348958333333334
QmeMWLKZuWqrtnp4KRUrYaaCAYrbSTMUGumfDMgE363DWa,There's One in whom my soul doth rest - Geo. C. Stebbins,NA,There's One in whom my soul doth rest - Geo. C. Stebbins,Geo. C. Stebbins,NA,classical,NA,publicdomain,0.0,0,0,6,1,1,0,19,231,12.157894736842104,False,2.6275552304873355,0.9783549783549784,0.9466145833333334
QmfH9crrA3vSegufgY4qnYi1nJAcggnmuWNkkG53sdnaYk,There's only One whose pity falls - James McGranahan,NA,There's only One whose pity falls,James McGranahan,NA,classical,NA,publicdomain,0.0,0,0,2,1,1,0,20,260,13.0,False,2.5959726277477566,0.9807692307692308,0.953125
Qmcs9rXmYdD3JmuJvzJud8PGU3Gn5J7qLRu3rP1PtinsQt,There's peace that passes telling,NA,There's peace that passes telling,Misc Traditional,NA,folk,NA,publicdomain,0.0,0,0,5,1,1,0,10,109,10.9,False,2.6317492447109663,1.0,0.9583333333333334
QmYy2Dt4QQDANnPHC1SALoZk6Pb8tJ62yNfCnFLqhCyi23,There's power in the name of Jesus,NA,There's power in the name of Jesus,Misc Traditional,NA,folk,NA,publicdomain,0.0,0,0,31,0,2,0-0,16,163,10.1875,True,2.631974635171983,0.9631901840490796,0.9348958333333334
QmU1Q6Gq3ZEaCo6AeJ9eQ1WUwpG84YcJfj9RfsXsuGHXqY,There's room for you to anchor - F. E. Belden,NA,There's room for you to anchor,F. E. Belden,NA,classical,NA,publicdomain,0.0,0,0,3,1,1,0,29,344,11.862068965517242,False,2.652640104139339,0.9619883040935672,0.9752252252252251
QmUgHFmfAkkydQKt1Hg1d5zB1XxuhCXEAQRq41HwTQsmqK,THERE'S THREE GUID FELLOWS,NA,THERE'S THREE GUID FELLOWS,Misc tunes,NA,NA,NA,publicdomain,0.0,0,0,1,1,1,0,30,188,6.266666666666667,False,2.823833529086479,0.9574468085106383,0.9583333333333334
QmZJ8rhmqNkVFakgi721N4UQfm3BL54Nb69KSG3QWp5bkL,There's time enough yet - Mrs. C. H. Morris,NA,There's time enough yet,Mrs. C. H. Morris,NA,classical,NA,publicdomain,0.0,0,0,3,2,1,0,25,358,14.32,False,2.809055191664624,0.9608938547486032,0.9270833333333334
QmQ9LU5QXYiYbromXWSDqkeSnkJmP74Q7wm3B8EZuZEHDw,There's work for the hand and there's work for the heart - W. H. Ruebush,NA,There's work for the hand and there's work for the heart,W. H. Ruebush,NA,classical,NA,publicdomain,0.0,0,0,3,1,1,0,18,319,17.72222222222222,False,2.619031489846905,1.0,0.9409722222222222
QmZyDzcVi6Pay6tekFo6rHgVbEAG63iGU8iYFuiX8KtuKp,There's work that waits a willing hand - C. Austin Miles,NA,There's work that waits a willing hand,C. Austin Miles,NA,classical,NA,publicdomain,0.0,0,0,3,2,1,0,26,720,27.692307692307693,False,2.926541844936401,0.9524475524475524,0.8677884615384616
QmTmfBfUi4pBtjR8R11ChaPvU9ACV9sXcQB3RKAruozRv5,There's work to do for the Master now - W. A. Ogden,NA,There's work to do for the Master now,W. A. Ogden,NA,classical,NA,publicdomain,0.0,0,0,4,1,1,0,23,308,13.391304347826088,False,2.7772406218376515,0.9772727272727272,0.8916666666666666
QmbVC9upX8eAaVGJCqprGP49ZDwub2bRSpLi558GvQVThq,Therell be music in heaven were told - Will L. Thompson,NA,Therell be music in heaven were told - Will L. Thompson,Will L. Thompson,NA,classical,NA,publicdomain,0.0,0,0,2,2,1,0,19,242,12.736842105263158,False,2.7370317213278623,0.9832635983263598,0.9288194444444444
QmYMGKt6MGECiZ2BCTq2SgCwEYzH983YnQB1fC1JDpfxLG,Therell be no night there where Gods children meet - Wm. J. Kirkpatrick,NA,Therell be no night there where Gods children meet,William J. Kirkpatrick,NA,classical,NA,publicdomain,0.0,0,0,6,2,1,0,18,324,18.0,False,2.9755614319004287,0.9290123456790124,0.9632352941176472
QmbwPukHLKVofAUvAWaccuyvTVUpk3NVUJo8DaJQNsdNbh,Theres a battle raging in the heavenly places - Rev. A. B. Simpson,NA,Theres a battle raging in the heavenly places,Rev. A. B. Simpson,NA,classical,NA,publicdomain,0.0,0,0,14,2,1,0,16,306,19.125,True,2.7261004198608525,0.9705882352941176,0.9401041666666666
QmZCZUjN7vu7LUijmVb3otT6DSjpmAX3Mo6cpXxTbSCtmY,Theres a beautiful home for the children of God - Ira B. Wilson,NA,Theres a beautiful home for the children of God,Ira B. Wilson,NA,classical,NA,publicdomain,0.0,0,0,2,2,1,0,18,318,17.666666666666668,False,3.006596481358257,0.9276729559748428,0.931372549019608
QmfA79jSHTV7A3ZcBDaPsoiyWUmLwBaqv1SjZ2Lt47Yxh4,Theres a beautiful home in that city bright and fair - R. E. Winsett,NA,Theres a beautiful home in that city bright and fair,R. E. Winsett,NA,classical,NA,publicdomain,0.0,0,0,6,1,1,0,18,293,16.27777777777778,False,2.593866040187211,0.9829351535836176,0.9010416666666666
QmPg9JWt1mhstLzjfWViPWr3er4RJ2w51XuDQv2mqeqxC8,Theres a beautiful star that is beaming afar - A. J. Abbey,NA,Theres a beautiful star that is beaming afar,A. J. Abbey,NA,classical,NA,publicdomain,0.0,0,0,7,2,1,0,29,501,17.275862068965516,False,3.0759536609264013,0.9352226720647774,0.912280701754386
QmVwHGa7S8yPtJvuxxJtsH9atveducg1zfmoPuBpvmuKJG,Theres a better land where the streets of gold - James M. Black,NA,Theres a better land where the streets of gold,James M. Black,NA,classical,NA,publicdomain,0.0,0,0,7,1,1,0,18,300,16.666666666666668,False,2.6680332687064703,0.9766666666666668,0.946078431372549
QmPfmz8onBxX6qraWvT688EohF4VKLBW21LgtBPotigS5G,Theres a blessed invitation - Samuel W. Beazley,NA,Theres a blessed invitation,Samuel W. Beazley,NA,classical,NA,publicdomain,0.0,0,0,5,1,1,0,30,405,13.5,False,2.95190096617322,0.9407407407407408,0.9401041666666666
Qma6dAZxNhY5gCmSb1wZLHrov7PsA9LufGFJSbPnpXNCZX,Theres a Book divine by our Father given - B. D. Ackley,NA,Theres a Book divine by our Father given,B. D. Ackley,NA,classical,NA,publicdomain,0.0,0,0,6,1,1,0,18,264,14.666666666666666,False,2.846569302184785,0.946969696969697,0.9479166666666666
QmavG9qsAVeQYQUGKcc3gP4eSNJfFyxU7inhMX8AuFDmoG,Theres a bright and Golden Light - Geo. A. Minor,NA,Theres a bright and Golden Light,Geo. A. Minor,NA,classical,NA,publicdomain,0.0,0,0,2,1,1,0,23,291,12.652173913043478,False,2.4653245078892643,1.0,0.9518229166666666
QmV6VyRKYqpgaE5neGDJ1Ge12Gr1meLWMkFRKJC3Jd2FHK,Theres a call comes ringing over land and sea - I. G. Martin,NA,Theres a call comes ringing over land and sea,I. G. Martin,NA,classical,NA,publicdomain,0.0,0,0,2,1,1,0,18,310,17.22222222222222,False,2.3951824492962297,0.9935483870967742,0.93359375
Qma31GN1AU4NrgVWwSAcDTWAUQuxkFKR3xbJ63Cxx6SQxD,Theres a call from the heart of the Savior - Dr. William S. Pitts,NA,Theres a call from the heart of the Savior - Dr. William S. Pitts,Dr. William S. Pitts,NA,classical,NA,publicdomain,0.0,0,0,2,1,1,0,21,307,14.61904761904762,False,2.5874546402495406,1.0,0.9497549019607844
QmX2Bs8Ey89CKCDH7baMUb27cYRPq9F6bKUay3FJYrBHS4,Theres a call of triumph ringing - Ira B. Wilson,NA,Theres a call of triumph ringing,Ira B. Wilson,NA,classical,NA,publicdomain,0.0,0,0,5,2,1,0,26,318,12.23076923076923,False,3.042037016159755,0.9371069182389936,0.9600694444444444
QmWBT2GEtRSXf6Ux5fSwuRJ34bXJWb8dSBgk5W3g5YhtQn,Theres a city bright and fair - T. C. O'Kane,NA,Theres a city bright and fair,T. C. O'Kane,NA,classical,NA,publicdomain,0.0,0,0,2,1,1,0,30,339,11.3,False,2.5986521105662588,0.991150442477876,0.8622685185185185
QmfCzAAmnCmiAhY2XmEBG5NiTYwhZ4SfdGrPMgabY2QCY5,Theres a city that looks over the valley of death (Norris) - Rev. J. S. Norris,NA,Theres a city that looks over the valley of death (Norris),Rev. J. S. Norris,NA,classical,NA,publicdomain,0.0,0,0,4,1,1,0,33,260,7.878787878787879,False,2.775930738725812,0.9884615384615384,0.9241666666666668
QmeUuHgRoUAxD3qTxbUba912KGTGjSqpFjmqJsJ9EpnF13,Theres a dear place remembrance brings back to me - Mrs. Aura Smith,NA,Theres a dear place remembrance brings back to me,Mrs. Aura Smith,NA,classical,NA,publicdomain,0.0,0,0,7,2,1,0,18,312,17.333333333333332,False,2.5329301411066827,0.9615384615384616,0.9283854166666666
QmVt1t41U4oxMLA2PkmgXw4JxxANu9V57GseKjZWzLUwXQ,Theres a deep silent river flowing just before - Wm. J. Kirkpatrick,NA,Theres a deep silent river flowing just before - Wm. J. Kirkpatrick,William J. Kirkpatrick,NA,classical,NA,publicdomain,0.0,0,0,10,1,1,0,19,296,15.578947368421051,False,2.264766298737526,0.9864864864864864,0.9388020833333334
QmWnqPmtFYETuBbo3Ej1927KNUjVpRSwd2M6anfKJgpwqx,Theres a feast of love in the courts above - A. C. Hopkins,NA,Theres a feast of love in the courts above,A. C. Hopkins,NA,classical,NA,publicdomain,0.0,0,0,3,1,1,0,18,305,16.944444444444443,False,2.545985597960269,0.9901639344262296,0.9308333333333332
QmTfWc2N1KwB1fc9acnu6ydmDMmVJLoyjjuNp9PpYFf3UE,Theres a fountain for sins that is open to all - Benj. Franklin Butts,NA,Theres a fountain for sins that is open to all,Benj. Franklin Butts,NA,classical,NA,publicdomain,0.0,0,0,4,2,1,0,27,552,20.444444444444443,False,2.8644917216582724,0.9583333333333334,0.84375
QmQSYM8EDR9DB29vTBVw2QBBBCedCZsqnCoFgA4iwkD35X,Theres a fountain opened within the house of David - L. H. Parthemore,NA,Theres a fountain opened within the house of David,L. H. Parthemore,NA,classical,NA,publicdomain,0.0,0,0,3,1,1,0,17,348,20.47058823529412,True,2.54751945784942,0.9885057471264368,0.9541666666666668
QmauGqyn1tRhfXBYvT7qkTGeWbkFHQXzZx2gn8QeYQABux,Theres a Friend for little children (Harkness) - Robert Harkness,NA,Theres a Friend for little children (Harkness),Robert Harkness,NA,classical,NA,publicdomain,0.0,0,0,6,2,1,0,28,349,12.464285714285714,False,2.6567258383090824,0.98567335243553,0.8958333333333334
Qmc2QDQrw5QTEaFy9hgHS7LXYr2h6eGrUqAbF4zQUL1WRR,Theres a Friend in the homeland far away - C. A. Havens,NA,Theres a Friend in the homeland far away,C. A. Havens,NA,classical,NA,publicdomain,0.0,0,0,17,1,1,0,51,833,16.333333333333332,False,2.689386105420303,0.9759903961584634,0.9287037037037036
QmW1WiMmaDLbUHkAYYxD2VnHKNigYjTUKitxeLKiHTJaGR,Theres a friend we love who is ever near - J. Lincoln Hall,NA,Theres a friend we love who is ever near,J. Lincoln Hall,NA,classical,NA,publicdomain,0.0,0,0,6,1,1,0,19,251,13.210526315789474,False,2.664257465757724,0.9800796812749004,0.9632352941176472
QmbBvrr5rzuxNGne3mQR9TC4rZJ45B2T4XaoAqcZX88RBd,Theres a glad song rings throughout the world today - Mrs. C. H. Morris,NA,Theres a glad song rings throughout the world today - Mrs. C. H. Morris,Mrs. C. H. Morris,NA,classical,NA,publicdomain,0.0,0,0,2,2,1,0,25,435,17.4,False,3.0337307891062,0.9310344827586208,0.9557291666666666
QmdcpgHBbjfPTVPtVKHfU4G5qmTEFux3fYxsodZ99AoXaG,Theres a golden ray through the falling rain - M. Pauline Gilmour Hatch,NA,Theres a golden ray through the falling rain,M. Pauline Gilmour Hatch,NA,classical,NA,publicdomain,0.0,0,0,4,1,1,0,18,297,16.5,False,3.04146185687352,0.8922558922558923,0.9391666666666668
QmW8MQ4yM1fMXNxaHDavvxyLizCFhaYedoqLwWXK4x8Fb1,Theres a happy day to come - Grant C. Tullar,NA,Theres a happy day to come - Grant C. Tullar,Grant C. Tullar,NA,classical,NA,publicdomain,0.0,0,0,3,2,1,0,21,401,19.09523809523809,False,2.702066910569001,0.9900249376558604,0.9388020833333334
QmUSAVEDzVhB4dEnsNhgbCrHxsEBtUgtTpgpEgoMAvEkF4,Theres a happy land over the river of death - J. Lincoln Hall,NA,Theres a happy land over the river of death,J. Lincoln Hall,NA,classical,NA,publicdomain,0.0,0,1,4,1,1,0,18,317,17.61111111111111,False,2.7232439609790564,0.9621451104100948,0.9518229166666666
QmNocZQhjT6A3EEJT9ghoac5C2i7PE9159wkp23ksQpLEX,Theres a hill lone and gray (Hackleman) - W. E. M. Hackleman,NA,Theres a hill lone and gray (Hackleman),W. E. M. Hackleman,NA,classical,NA,publicdomain,0.0,0,0,9,2,1,0,30,368,12.266666666666667,False,2.79101827456278,0.9619565217391304,0.9087301587301588
QmfBuLT1Pau7bSvbiajwPzC84ZSBVshefw6QJdnyMt9Az6,Theres a hill lone and gray (Pickett) - Leander L. Pickett,NA,Theres a hill lone and gray (Pickett),Leander L. Pickett,NA,classical,NA,publicdomain,0.0,0,0,25,1,1,0,19,338,17.789473684210527,False,2.4711668348971725,1.0,0.9466145833333334
Qmaeb6tvHfb7G4kodjQXqCw1LU5Cxqa9giCTG8dTLCpGt2,Theres a home beyond all toil and care - Wm. Edie Marks,NA,Theres a home beyond all toil and care,Wm. Edie Marks,NA,classical,NA,publicdomain,0.0,0,0,2,1,1,0,18,359,19.944444444444443,False,2.690779200275343,0.977715877437326,0.9440104166666666
QmdRitR1wyEdKxPvTW76wYDhbNqJGb1r5rCZFXH1USRgk3,Theres a home beyond the skies - Will H. Garey,NA,Theres a home beyond the skies,Will H. Garey,NA,classical,NA,publicdomain,0.0,0,0,13,2,1,0,18,346,19.22222222222222,False,2.478235808053407,0.9884393063583816,0.94140625
QmdBRywGFQT9vMZn1E8JKsZUcioeQkD32U5HtYZDKF1TDZ,Theres a home for weary pilgrims - Chas. A. Bechter,NA,Theres a home for weary pilgrims,Chas. A. Bechter,NA,classical,NA,publicdomain,0.0,0,0,4,1,1,0,20,239,11.95,False,2.764114411602154,0.9707112970711296,0.8784722222222222
QmSi3dmZuetDSHcoYFJ3cUjWff4ZgrvEe4YsTqMnRiGpLN,Theres a joy that there is no expressing - J. H. Ruebush,NA,Theres a joy that there is no expressing,J. H. Ruebush,NA,classical,NA,publicdomain,0.0,0,0,2,1,1,0,18,254,14.11111111111111,False,2.349613080926141,1.0,0.9361979166666666
QmT3snKYFJTy1uQt1m3HRU86Dt9WcUrGHTEwnHdEbRUvUV,Theres a land of beauty where our Savior dwells - Wm. J. Kirkpatrick,NA,Theres a land of beauty where our Savior dwells,William J. Kirkpatrick,NA,classical,NA,publicdomain,0.0,0,0,3,2,1,0,19,274,14.421052631578949,False,2.52621595073018,0.9927007299270072,0.93359375
QmcBANapV44UWd7FUMtF2QWVG3v8EUC9yk1VjPi8uPqbje,Theres a light at the portal of mercy tonight - Wm. J. Kirkpatrick,NA,Theres a light at the portal of mercy tonight,William J. Kirkpatrick,NA,classical,NA,publicdomain,0.0,0,0,5,2,1,0,17,346,20.352941176470587,False,2.636234293493112,0.9913294797687862,0.8663194444444444
QmYDvMuZssMxLEjuC7HuBaZdy8gmJYnG1bAJT3nXW5ZNj8,Theres a light that is shining in darkness - Geo. C. Stebbins,NA,Theres a light that is shining in darkness,Geo. C. Stebbins,NA,classical,NA,publicdomain,0.0,0,0,3,1,1,0,18,317,17.61111111111111,False,2.764702356892496,0.9747634069400632,0.8715277777777778
QmRPfFfGqjvFk5Rq6nwQ2fLCcQAcYxLxC7AyCDy1USi2fG,Theres a little cottage nestling underneath the maple trees - George C. Stebbins,NA,Theres a little cottage nestling underneath the maple trees,George C. Stebbins,NA,classical,NA,publicdomain,0.0,0,0,3,2,1,0,18,317,17.61111111111111,False,2.7668697679699896,0.9779179810725552,0.9674479166666666
QmRtPuqQbGnFU3ov4NkvHxjuiq5JQxKRUMjFcdrVZeiH3m,Theres a love with no beginning - Arthur W. Spooner,NA,Theres a love with no beginning,Arthur W. Spooner,NA,classical,NA,publicdomain,0.0,0,0,6,2,1,0,18,434,24.11111111111111,False,2.5849536956324086,0.9744186046511628,0.9166666666666666
QmSCFmxNQKnwvz5dZYrFysGPEjnCt4nTVkP6JschnwbU1o,Theres a message full of promise - E. S. Lorenz,NA,Theres a message full of promise - E. S. Lorenz,E. S. Lorenz,NA,classical,NA,publicdomain,0.0,0,0,4,2,1,0,21,405,19.285714285714285,False,2.657207987264258,0.9851851851851852,0.9375
QmW6sSiPHL7vuPdhmbnNe1RrgXPiuesxVTgGSSuWdorhRG,Theres a mighty army marching - J. H. Ruebush,NA,Theres a mighty army marching,J. H. Ruebush,NA,classical,NA,publicdomain,0.0,0,0,11,2,1,0,18,399,22.166666666666668,False,2.6499892944206183,0.9799498746867168,0.9505208333333334
Qmbj9WFGY91X784LXXXvGspE3WUXAzs8Uc4p4cpeFi4x5T,Theres a motto for the children of the King - E. S. Lorenz,NA,Theres a motto for the children of the King,E. S. Lorenz,NA,classical,NA,publicdomain,0.0,0,0,9,1,1,0,17,286,16.823529411764707,False,2.614340643857025,0.9755244755244756,0.91796875
Qma31kXmkfKJfBgnBimWW72ztTJxRzF3gKgWDqWmHauBpv,Theres a place for me at the Saviours cross - Wm. J. Kirkpatrick,NA,Theres a place for me at the Saviours cross,William J. Kirkpatrick,NA,classical,NA,publicdomain,0.0,0,0,5,1,1,0,20,290,14.5,False,2.5390728686249764,0.993103448275862,0.9387254901960784
QmP9Ts5jTADWLLUCaKZtDgXwPSrX7G7s1EXPevCgBwgoUx,Theres a place just for you in the work of the Lord - Herbert J. Lacey,NA,Theres a place just for you in the work of the Lord,Herbert J. Lacey,NA,classical,NA,publicdomain,0.0,0,0,7,1,1,0,20,343,17.15,False,2.734415351050395,0.956268221574344,0.9583333333333334
QmeA6hTGmbZ4QDgGb4cd3X2FuzxykarsyBuy27AFpCqzmi,Theres a place where I ever would abide - Chas. H. Gabriel,NA,Theres a place where I ever would abide,Chas. H. Gabriel,NA,classical,NA,publicdomain,0.0,0,0,2,2,1,0,18,374,20.77777777777778,False,2.786943711786338,0.9759358288770054,0.9622395833333334
QmURCQfUrbtEjHyHj6X9irFWWpB9rY9vxUT52izfxeQVc5,Theres a precious fountain flowing deep and wide - L. E. Jones,NA,Theres a precious fountain flowing deep and wide,L. E. Jones,NA,classical,NA,publicdomain,0.0,0,0,9,2,1,0,18,305,16.944444444444443,False,2.6427336482186683,0.9770491803278688,0.9440104166666666
QmSYM2CyBSx4rm3Zc3coQe4UKQorDVHU8amMbTNWtwvAJZ,Theres a precious fountain opened - Jas. D. Vaughan,NA,Theres a precious fountain opened,Jas. D. Vaughan,NA,classical,NA,publicdomain,0.0,0,0,3,1,1,0,20,231,11.55,False,2.4329858054403988,0.9783549783549784,0.9131944444444444
QmPeNqDDkPHx9RX5JWQPsoWHSYHnPX37wTidW78urShg2X,Theres a question that comes to us all - E. O. Excell,NA,Theres a question that comes to us all,E. O. Excell,NA,classical,NA,publicdomain,0.0,0,0,3,2,1,0,30,422,14.066666666666666,False,2.6203624341157017,0.9976303317535544,0.9479166666666666
QmbLm3qSrgiHQgjGFjZs8t99nhAuRcbd1yVbX9srKEdXfQ,Theres a question that I oer and oer have pondered - R. E. Winsett,NA,Theres a question that I oer and oer have pondered,R. E. Winsett,NA,classical,NA,publicdomain,0.0,0,0,7,1,1,0,20,356,17.8,False,2.4499430089452874,0.99438202247191,0.90234375
QmUoiQLwUb2gHZLG2tR4gBCfyA5bLXrYb4kN7rkrr97vyK,Theres a road winds up unto heavens fair height - Geo. C. Stebbins,NA,Theres a road winds up unto heavens fair height,Geo. C. Stebbins,NA,classical,NA,publicdomain,0.0,0,0,3,1,1,0,18,290,16.11111111111111,False,2.795417334382836,0.9586206896551724,0.8784722222222222
QmQj4USoedLHfYityRykJuw5UJ2mSrLAb7SFR6ZPdcoUdJ,Theres a robe and a palm for you - M. D. Kirkpatrick,NA,Theres a robe and a palm for you,M. D. Kirkpatrick,NA,classical,NA,publicdomain,0.0,0,0,6,1,1,0,17,255,15.0,False,2.6917746194604013,0.9725490196078432,0.9622395833333334
QmeP2EKeouWL4uE45jeTbnJic82sgCMDAfuXggwxjWFD7a,Theres a robin singing - J. Lincoln Hall,NA,Theres a robin singing,J. Lincoln Hall,NA,classical,NA,publicdomain,0.0,0,0,3,2,1,0,30,466,15.533333333333331,True,2.940159535714799,0.9235807860262008,0.9696969696969696
QmSoAVgH6ZNrMpMEi5gMMpiNTrV5PP19Zdy6H4aRJNj6BE,Theres a sanctified fold in Gods mercy - N. B. Herrell,NA,Theres a sanctified fold in Gods mercy,N. B. Herrell,NA,classical,NA,publicdomain,0.0,0,0,3,2,1,0,26,467,17.96153846153846,False,2.7762285066300167,0.9635974304068522,0.917824074074074
QmXUwuPYphefswutYynJU4UecvnZXCj2eVR2AmpdBXse9s,Theres a slogan ringing over sea and land - Chas. H. Gabriel,NA,Theres a slogan ringing over sea and land,Chas. H. Gabriel,NA,classical,NA,publicdomain,0.0,0,0,3,2,1,0,22,339,15.409090909090908,False,2.6708375131906696,0.9646017699115044,0.9552083333333332
QmSvLzSmjx91cQf4jnqzrf6rMxWcukDRLD2ywFL9XfkZuG,Theres a song in my heart I am singing today - Frank E. Graeff,NA,Theres a song in my heart I am singing today,Frank E. Graeff,NA,classical,NA,publicdomain,0.0,0,0,3,1,1,0,19,322,16.94736842105263,False,2.5601806500394377,0.9906832298136646,0.9362745098039216
QmcGRe72ML3My8vjWK7agHZ4sKbpPzbG9UQkko6rG3zEtY,Theres a song in my soul that keeps ringing - W. A. Ogden,NA,Theres a song in my soul that keeps ringing,W. A. Ogden,NA,classical,NA,publicdomain,0.0,0,0,7,2,1,0,18,291,16.166666666666668,False,2.609700588997525,0.9896907216494846,0.92578125
QmPoVZ2UJNrZpyT1N6KmW4d4DHNjdLtAekYFjuZqWey9kN,Theres a song in the air (Longacre) - Lindsay B. Longacre,NA,Theres a song in the air (Longacre),Lindsay B. Longacre,NA,classical,NA,publicdomain,0.0,0,0,36,1,1,0,17,128,7.529411764705882,False,3.0653253718142204,0.921875,0.9444444444444444
QmQtuTZPABF4KtbX4qSpmWSB2u4nThNH6EQU2FxbBiqP55,Theres a song of joy echoing over all the world - Chas. H. Gabriel,NA,Theres a song of joy echoing over all the world,Chas. H. Gabriel,NA,classical,NA,publicdomain,0.0,0,0,9,1,1,0,50,576,11.52,False,2.839865548473938,0.9583333333333334,0.9010416666666666
QmTGZdhcd23M6FSLSU9vusvNqMBnpjPkAde1aNbPA8rX31,Theres a sound of warfare over the whole wide world - Chas. H. Gabriel,NA,Theres a sound of warfare over the whole wide world,Chas. H. Gabriel,NA,classical,NA,publicdomain,0.0,0,0,4,1,1,0,18,291,16.166666666666668,False,2.479290544247365,0.993127147766323,0.9401041666666666
QmfXWFnkdbvFqfRa4PiEUpEHxHESbCYpR91gTh18SF95Vi,Theres a stillness in the air - Wm. J. Kirkpatrick,NA,Theres a stillness in the air,William J. Kirkpatrick,NA,classical,NA,publicdomain,0.0,0,0,5,2,1,0,18,375,20.83333333333333,False,2.5675738402213724,0.9812332439678284,0.9322916666666666
QmdZPMbE4YQBMbf2Ya23Thdm3fvpeU9SzCFtGJp6zoCPNa,Theres a veil that hangs before me - Jno. R. Sweney,NA,Theres a veil that hangs before me,John R. Sweney,NA,classical,NA,publicdomain,0.0,0,0,2,2,1,0,30,340,11.333333333333334,False,2.712428982201715,0.9794117647058824,0.8125
QmP1qQW1weJsBFu9Dbz8RmqSsqrqrRgJNSi8yJLPhRuvP8,Theres a Voice in sins wilderness ringing so clear - B. Frank Butts,NA,Theres a Voice in sins wilderness ringing so clear,B. Frank Butts,NA,classical,NA,publicdomain,0.0,0,0,8,1,1,0,18,326,18.11111111111111,False,2.5867170594507027,0.9662576687116564,0.9409722222222222
QmamQ1HKV6QARVRwhb4wn3NZRAXpThiZDmwkQAGWaBVP5z,Theres a voice soft and gentle; tis calling today - Chas. Edw. Prior,NA,Theres a voice soft and gentle; tis calling today,Chas. Edw. Prior,NA,classical,NA,publicdomain,0.0,0,0,4,2,1,0,23,365,15.869565217391305,False,2.415016251852775,1.0,0.9305555555555556
QmWci3hkL1aM4rSc3UNCzxFSF6TF3uZ25FDHPd6t1BnKrQ,Theres a whisper from the glory of the coming of the Lord - Mrs. Lewis S. Chafer,NA,Theres a whisper from the glory of the coming of the Lord,Mrs. Lewis S. Chafer,NA,classical,NA,publicdomain,0.0,0,0,4,2,1,0,17,333,19.58823529411765,False,2.8165361731343705,0.972972972972973,0.8862179487179487
QmeiuabvmsAL6UP1UyVBc4s8gQvG8HHHJ16skgBgNgCjvo,Theres a work a work that we all may do - J. H. Hall,NA,Theres a work a work that we all may do,J. H. Hall,NA,classical,NA,publicdomain,0.0,0,0,4,1,1,0,18,267,14.833333333333334,False,2.446439525051788,0.99250936329588,0.9388020833333334
QmNypjAMMgdnPUf7i7myV5DVLJbF1UMLcUXgXnk1FoPtCp,Theres a work thats waiting for your hands to do - Chas. H. Gabriel,NA,Theres a work thats waiting for your hands to do,Chas. H. Gabriel,NA,classical,NA,publicdomain,0.0,0,0,2,2,1,0,17,291,17.11764705882353,True,2.8450528854155808,0.9621993127147768,0.9401041666666666
QmXX6fJJEbdxKZVGcFHUGxLicrWjaRqaapZqLMT9dDdpVs,Theres an end to all toiling some day sweet day - J. M. Dungan,NA,Theres an end to all toiling some day sweet day,J. M. Dungan,NA,classical,NA,publicdomain,0.0,0,0,6,1,1,0,16,236,14.75,False,2.595270215686422,0.9915254237288136,0.8726851851851851
QmVEVXYnuXZTUaxQB1Q5FSH4BvBPxhhySaS7jGqXTAyer4,Theres an old-fashioned home over yonder - D. B. Towner,NA,Theres an old-fashioned home over yonder,D. B. Towner,NA,classical,NA,publicdomain,0.0,0,0,5,1,1,0,18,278,15.444444444444445,False,2.454367789925908,1.0,0.94140625
QmbtdeqWTCwHPH3ZkEKurFb5AHU68QiomjozZ9ZQ3fhQ45,Theres good in every creature if only you can find it - Chas. H. Gabriel,NA,Theres good in every creature if only you can find it,Chas. H. Gabriel,NA,classical,NA,publicdomain,0.0,0,0,2,1,1,0,19,419,22.05263157894737,False,2.93166779089852,0.9451073985680192,0.9674479166666666
QmUdYdZAHeZTJtACXMhSxz4xdFTNsj7RMVQ5nqCznxyase,Theres never a breath of your prayr is lost - E. S. Lorenz,NA,Theres never a breath of your prayr is lost,E. S. Lorenz,NA,classical,NA,publicdomain,0.0,0,0,8,2,1,0,17,261,15.352941176470589,False,2.6568921637050646,0.9885057471264368,0.8715277777777778
QmYRFDJzktJA1P9Huir8sEwXLiQmGr9vCHsTQ7gEPZQKu8,Theres no condemnation to them in Christ Jesus - Wm. J. Kirkpatrick,NA,Theres no condemnation to them in Christ Jesus,William J. Kirkpatrick,NA,classical,NA,publicdomain,0.0,0,0,11,1,1,0,18,320,17.77777777777778,False,2.3029581244060497,0.990625,0.9305555555555556
QmQsN2fS1dsVEGLDtnguPJJFTcFm5dhYPhbP5dtvaKPRyj,Theres no shadow in the valley - Wm. J. Kirkpatrick,NA,Theres no shadow in the valley,William J. Kirkpatrick,NA,classical,NA,publicdomain,0.0,0,0,4,2,1,0,19,333,17.526315789473685,False,2.714169292017229,0.96996996996997,0.9361979166666666
QmcMXDaUPK2ZcrcyGrbBmkaAqESRiRdVt3EcgXFBsLiqcw,Theres nothing like the old old story - Wm. J. Kirkpatrick,NA,Theres nothing like the old old story,William J. Kirkpatrick,NA,classical,NA,publicdomain,0.0,0,0,9,1,1,0,30,382,12.733333333333333,False,2.513496715373138,0.9947643979057592,0.9566666666666668
QmdRJmpdNwkag6zPUf3YWu8Sp5heEyoFkMz5iL56pDqjKd,Theres nothing so precious as Jesus to me (Andrews) - Walter A. Andrews,NA,Theres nothing so precious as Jesus to me (Andrews),Walter A. Andrews,NA,classical,NA,publicdomain,0.0,0,0,2,1,1,0,34,271,7.970588235294118,False,2.9909835836996086,0.915129151291513,0.9533333333333334
QmVxDFNtAHTUekpGeyFK6GXmmDFnJZ9QYspBE2p6X1zwEd,Theres One above all earthly friends (Harkness) - Robert Harkness,NA,Theres One above all earthly friends (Harkness),Robert Harkness,NA,classical,NA,publicdomain,0.0,0,0,6,1,1,0,18,234,13.0,False,2.809258990507648,0.9615384615384616,0.8993055555555556
QmS5tNbH27eNUqruJJ3dwT65Xp8CRB4nmcMn5AdGruhiN8,Theres power in the gospel; the same blessed gospel - Wm. J. Kirkpatrick,NA,Theres power in the gospel; the same blessed gospel,William J. Kirkpatrick,NA,classical,NA,publicdomain,0.0,0,0,31,1,1,0,18,364,20.22222222222222,False,2.244097804444058,0.9972375690607734,0.8871527777777778
QmdtU5yM1Ekifkj6aYKmP1sNVztZbCdbj5EKVb6Tqkpu5q,Theres work that is waiting O do not delay - B. D. Ackley,NA,Theres work that is waiting O do not delay,B. D. Ackley,NA,classical,NA,publicdomain,0.0,0,0,2,2,1,0,18,307,17.055555555555557,False,2.7440022615883244,0.9703947368421052,0.9783333333333332
QmZLrnyxKTdoAPtMvATMNd7aUyV3ZhgMNnpd7ZKkmrukar,These are the crowns that we shall wear,NA,These are the crowns that we shall wear,Misc Traditional,NA,folk,NA,publicdomain,0.0,0,0,5,1,1,0,10,108,10.8,False,2.52133256545896,1.0,0.9739583333333334
QmQifyp64QMfsoCWEqhiyUr4SAE5jkWvxgGjvy8NyCEdir,These are words of Bible lore - J. M. Dungan,NA,These are words of Bible lore,J. M. Dungan,NA,classical,NA,publicdomain,0.0,0,0,3,2,1,0,29,419,14.448275862068966,False,2.632727208553929,0.980722891566265,0.8101851851851851
QmTc3Q6Kv7GvS6FbG1Hd7TLhVEoa2bQHkRERzykY7gQq69,They are all all there they have crossed the tide - Chas. H. Gabriel,NA,They are all all there they have crossed the tide - Chas. H. Gabriel,Chas. H. Gabriel,NA,classical,NA,publicdomain,0.0,0,0,8,1,1,0,18,306,17.0,False,2.6557869747921936,0.9640522875816994,0.9632352941176472
QmeDj84kBQpXs3yoRpg1tqfa8X4H7wiv2Fa3rhaoDkD6o6,They are coming they are coming - Chas. H. Gabriel,NA,They are coming they are coming,Chas. H. Gabriel,NA,classical,NA,publicdomain,0.0,0,0,7,2,1,0,17,424,24.94117647058824,False,2.5568237985153,0.9929245283018868,0.9231770833333334
QmSmnuRQGSgXwisSJ2k1JgaVKt1ZNDWydYEqV1mDB6s7Qv,They are coming they are coming - T. C. O'Kane,NA,They are coming they are coming,T. C. O'Kane,NA,classical,NA,publicdomain,0.0,0,0,5,1,1,0,20,236,11.8,False,2.782559748229174,0.9872881355932204,0.9097222222222222
QmPD2FyKGUvRikdJQryga68tcKhdZ7YE1kNMvjKwNP9r5k,They Are Gone (air) 0082,NA,THEY ARE GONE,Misc tunes,after Cap't. F. O'Neillslow with Feeling,NA,NA,publicdomain,0.0,0,0,1,1,1,0,9,57,6.333333333333333,False,2.669053234732507,1.0,0.890625
QmXBEBMiwVUg6zDKpYF7uidMEmc41U846pNrwkE3m7huHT,They brought their flowers to the altar - Charles S. Brown,NA,They brought their flowers to the altar,Charles S. Brown,NA,classical,NA,publicdomain,0.0,0,0,5,1,1,0,20,265,13.25,False,2.652372611662346,0.9849056603773584,0.9149305555555556
QmTXTx2PLSDZ8622dAWXci5AwRbSaUq1uazXUQBmUdhGHj,They build upon the rolling sand - Robert Lowry,NA,They build upon the rolling sand,Robert Lowry,NA,classical,NA,publicdomain,0.0,0,0,8,1,1,0,14,202,14.428571428571429,False,2.648271863533734,0.99009900990099,0.9704861111111112
QmewzouTjanGY5qBee86uHNURoXbHkDq1wPvbApE6Ave9g,They Crucified Him - John M. Whyte,NA,They crucified him,John M. Whyte,NA,classical,NA,publicdomain,0.0,0,0,6,1,1,0,21,314,14.952380952380953,False,2.479808253071821,1.0,0.859375
QmcgvCjLewpCYw5ntUqJ7cQCyvXnDEpdqJejbBt4yBEAh3,They crucified Him who knew no sin - C. Austin Miles,NA,They crucified Him who knew no sin,C. Austin Miles,NA,classical,NA,publicdomain,0.0,0,0,3,2,1,0,20,318,15.9,False,2.9108611819328,0.9587301587301588,0.9375
QmTYDgTpT4EVUBvmMxkFmKcSfCtXfDZqARcPfqCHYS82Zf,They Don't Know About Us-One Direction,By: One Direction,They Don't Know About Us,One Direction,NA,pop,NA,cc-zero,4.5,43,770,6852,1,1,0,32,351,10.96875,False,2.57933214479558,1.0,0.939484126984127
QmPAK3RzSAB1cXFtJvwm6PS6Hfo6AM2hmNjWpXwc4pMwik,They Hate This,(I like to torture them),NA,NA,Peter Venkman,NA,venkmanpeter,publicdomain,0.0,0,1,412,1,1,0,1,18,18.0,False,1.0,1.0,0.7083333333333333
QmboZXQtzJowxcMh3HAodch141bUk5HC7JG6eYyYAASkgP,They Have No Purpose,NA,NA,NA,They,NA,NA,publicdomain,0.0,0,1,78,2,1,0,73,1031,14.123287671232877,False,3.066476001887139,0.9056410256410256,0.9466911764705882
QmVtnts5hQqgK5DpSaLj229AizT9mfvFndYVmBw4LtJEeh,They have reached the sunny shore (Ogden) - W. A. Ogden,NA,They have reached the sunny shore (Ogden),W. A. Ogden,NA,classical,NA,publicdomain,0.0,0,0,6,1,1,0,20,359,17.95,False,2.4594320181589344,1.0,0.9596354166666666
QmbsQ4DnqsvTCow8s35LjfBpNgpiSxLgzTcZTcnQR8UDm2,They have triumphed at last - J. J. Jelley,NA,They have triumphed at last,J. J. Jelley,NA,classical,NA,publicdomain,0.0,0,0,5,1,1,0,20,198,9.9,False,2.7327459654500443,0.9696969696969696,0.9444444444444444
QmTUnbCz3yUBpJPou3i9JNL3TiTN1QFURgvd1qRp8r4cA4,They laid the Savior in a grave - Herbert G. Tovey,NA,They laid the Savior in a grave,Herbert G. Tovey,NA,classical,NA,publicdomain,0.0,0,0,3,2,1,0,39,688,17.641025641025642,False,2.9842619484772928,0.9328467153284672,0.8680555555555556
QmReadtJvXwyJnftTbJASpzoNR3yq5y8gkvgGXgjKm71xo,They say there is an Eccho here,NA,They say there is an Eccho here,Misc tunes,NA,NA,NA,publicdomain,0.0,0,0,1,1,1,0,28,108,3.857142857142857,False,2.478504278246428,1.0,0.9201388888888888
QmQaUrcDRqz5CadeQ55DD9jn99KxaCPjsQXqAFhUpHg5WQ,They shall be comforted sorrowing heart - Eliza E. Hewitt,NA,They shall be comforted sorrowing heart,Eliza E. Hewitt,NA,classical,NA,publicdomain,0.0,0,0,3,1,1,0,18,349,19.38888888888889,True,3.0121478323237056,0.9197707736389684,0.9537037037037036
Qmaoke6ddSRqH7q7Uvtkmt2oHwv6DaZY8DswZTk4qEzbaE,They spake to him of old - Chas. H. Gabriel,NA,They spake to him of old,Chas. H. Gabriel,NA,classical,NA,publicdomain,0.0,0,0,3,2,1,0,20,377,18.85,False,2.5780312899507782,0.9946949602122016,0.9583333333333334
Qmd5T2CeVcsf1UAGYHpCkGki8iapTV3WneHm5Fyq5Xab1i,They Stole My Wife's Plough,NA,They Stole My Wife's Plough,Misc tunes,NA,NA,NA,publicdomain,0.0,0,0,3,1,1,0,36,148,4.111111111111111,False,2.766510669356488,0.9324324324324323,0.9246031746031746
QmfQTYuhysVPWp6hZWFNb8EeaoWstomELz9FeKTh9dSZyU,They tell me a story - Owen F. Pugh,NA,They tell me a story,Owen F. Pugh,NA,classical,NA,publicdomain,0.0,0,0,4,1,1,0,27,352,13.037037037037036,False,2.657543773540976,0.9659090909090908,0.8993055555555556
QmPHnXGn81PSyiRxBu42J7Zv5EU93cgyzegEgyrJKyCPan,They tell me there is a shaded vale - Robert Harkness,NA,They tell me there is a shaded vale,Robert Harkness,NA,classical,NA,publicdomain,0.0,0,0,6,1,1,0,20,252,12.6,False,2.772978793937673,0.948,0.9739583333333334
QmQQVWnjeLnfvfnqhLbjzzTtSs5aGJvnUGn22tFFVtZApS,They tell me there is one who knows my need - William M. Runyan,NA,They tell me there is one who knows my need,William M. Runyan,NA,classical,NA,publicdomain,0.0,0,0,4,2,1,0,18,335,18.61111111111111,False,2.794664976835652,0.9373134328358208,0.9244791666666666
QmbZBtcRde6XXcN68TEgj2RnNxteobtmNqEm4UcvxNAWaL,They tenderly lowered His form from the cross - B. D. Ackley,NA,They tenderly lowered His form from the cross,B. D. Ackley,NA,classical,NA,publicdomain,0.0,0,0,12,1,1,0,20,236,11.8,False,2.8908161816473394,0.9401709401709402,0.9783333333333332
QmNf9SWxmFEkJz5S64VduraCR3TXzxiP862bEi3rmQGDbU,They that be wise shall shine They that be wise shall shine - B. E. Warren,NA,They that be wise shall shine They that be wise shall shine,B. E. Warren,NA,classical,NA,publicdomain,0.0,0,0,7,2,1,0,17,183,10.764705882352942,True,2.579692495110775,0.9781420765027322,0.9270833333333334
QmRcLJiQgX5YpXgKF9cW8dtFnA52MUpXpjA5gZWv1u9qpn,They tried my Lord and Master - J. W. Dennis,NA,They tried my Lord and Master,J. W. Dennis,NA,classical,NA,publicdomain,0.0,0,0,10,1,1,0,20,256,12.8,False,2.3602437889050885,0.984375,0.9140625
QmVvov8num8LTx7qxXyLyaBkepnVPHBQ2pR9Df8SAKQSof,They walked and talked with jesus,NA,They walked and talked with jesus,Misc Traditional,NA,folk,NA,publicdomain,0.0,0,0,5,1,1,0,25,317,12.68,False,2.6562141906929253,0.9873817034700316,0.8888888888888888
QmbeLdGmBFAYza2eaqzYPpL6gwC18CWAA3Y34KCxkUaxZj,They watch and wait beyond deaths sea - U. S. Amstutz,NA,They watch and wait beyond deaths sea,U. S. Amstutz,NA,classical,NA,publicdomain,0.0,0,0,3,1,1,0,19,193,10.157894736842104,False,2.890776101318038,0.9430051813471504,0.7725694444444444
QmVyatwakmEyATWtaVrrJtv7JGYNEbR4sGUMaQe6KzPV3y,They who seek the throne of grace (Excell) - E. O. Excell,NA,They who seek the throne of grace (Excell),E. O. Excell,NA,classical,NA,publicdomain,0.0,0,0,3,1,1,0,32,245,7.65625,True,2.6263285767118925,0.9836734693877552,0.9635416666666666
QmQYqg8BA7xjxvkNHZ5iNaz3fYtGiQiCREF9ixeKjB6Uh8,They will meet me over there,NA,They will meet me over there,Misc Traditional,NA,folk,NA,publicdomain,0.0,0,0,4,1,1,0,18,357,19.83333333333333,False,2.4850016900107343,0.988795518207283,0.9387254901960784
QmPF3n88GG9yh5AsUE1JbUhyqDBFkHk7JD8Ah8jZteSX3h,They wou'd if they Dare,NA,They wou'd if they Dare,Misc tunes,NA,NA,NA,publicdomain,0.0,0,0,6,1,1,0,32,148,4.625,False,2.6332970861780325,0.9864864864864864,0.9348958333333334
QmTpfnMSE7esTBXmr1UiM7Q2qHbW237MvjbBz55sAzYhGF,They're all jolly fellows that follow the plough,NA,They're all jolly fellows that follow the plough,Misc tunes,NA,NA,NA,publicdomain,0.0,0,0,7,1,1,0,20,94,4.7,True,2.547764945303709,1.0,0.9678819444444444
Qmf43mArrkSBbdNpSBYRY9jdZg97NbxRRjR1m64uitZzgi,Thier Leaves are Turning Purple,NA,NA,NA,by J Franco,NA,thefantasticfranco,cc-zero,0.0,0,1,118,2,1,0,44,890,20.227272727272727,False,3.104223038817752,0.90561797752809,0.8464912280701754
QmPXt776nQoojdKxtzY9bwmtw6VmPTwc2BTc3CZBp4Qogn,Thierry Asselineau - Il y a la mer dans tes mots,NA,Thierry Asselineau - Il y a la mer dans tes mots,asselineau.fr,Thierry Asselineau,NA,NA,cc-zero,0.0,0,0,42,0,2,0-4,133,1227,9.225563909774436,True,2.4646968419368074,1.0,0.9545454545454546
QmZoBj7ye1WTCoqJawhoTwBFc2wLQwiN2YUTjRKKwMLCEd,Thieves Guild (Trine 2 OST),Trine 2 Soundtrack,Thieves Guild,Ari Pulkkinen,Composed Ari PulkkinenArranged by Timothée Masurel,soundtrack,thieves-guild-thieves-guild-trine-trine-piano-sheet-score-music-solo,cc-zero,4.56,4,7,216,1,1,0,50,469,9.38,False,2.770604664758056,0.9786780383795308,0.9608333333333332
QmfBvg8WtzKoqsF2CARABSJyqndixKyFaJXsdyDYirh4fQ,Thieving Magpie HP,NA,Thieving Magpie HP,Misc tunes,NA,NA,NA,publicdomain,0.0,0,0,17,1,1,0,45,307,6.822222222222222,False,2.7744312683442085,1.0,0.9760416666666668
QmU3mmjDSezYRiRrGDMKXeMZ2FDgAdFDK9BeEbLJB7T2UQ,Thine be the praise O Lord of Hosts eternal - R. Frank Lehman,NA,Thine be the praise O Lord of Hosts eternal,R. Frank Lehman,NA,classical,NA,publicdomain,0.0,0,0,4,2,1,0,32,428,13.375,True,2.983897636437784,0.9339622641509434,0.917572463768116
QmNTj4mz2KoVL6MxuD94h3vXWWqYX8Gbp1Ct6Xnxhys7QC,Thine Lord forever - Hubert P. Main,NA,Thine Lord forever,Hubert P. Main,NA,classical,NA,publicdomain,0.0,0,0,4,1,1,0,8,90,11.25,True,2.789813693972756,0.9666666666666668,0.9409722222222222
Qmd2u88KTBC8NN3j9cLYn9HotLW1fSuYyRQVy3aKYdDzYM,Thine Lord O may I be - William Bennett,NA,Thine Lord O may I be,William Bennett,NA,classical,NA,publicdomain,0.0,0,0,2,1,1,0,8,161,20.125,True,2.479920085005301,1.0,0.9635416666666666
QmXo8LxbBAvPbsQuwTdkL4CSAWaDYQe2XufPB1YuFcKc2p,thing,NA,thing,Elipoe,NA,NA,NA,cc-zero,0.0,0,2,38,1,1,0,38,542,14.263157894736842,False,2.846223395525415,0.9723247232472324,0.990427927927928
QmXNWiACCw3y6JEooBrVugpZQupzcnjdR1f3bK96AXpmH2,thing,NA,thing,FeudalismFTW,Composer,NA,NA,cc-zero,0.0,0,0,10,1,1,0,7,86,12.285714285714286,False,2.851660895786398,0.9186046511627908,0.949404761904762
QmQnnagVBhXDRu8vs6JEc59iP52cs1BGCdrWEnaRZie71Q,Things Left Unsaid,Pink Floyd - The Endless River,things left unsaid,Pink Floyd,Transcribed by: Sam Anderson,rock,pinkfloyd-theendlessriver,cc-zero,0.0,0,2,703,2,1,0,57,262,4.596491228070176,False,3.0229648996691774,0.9427480916030534,0.9354166666666668
Qmf6Tc7gy9yV319kxSmQc5u6QWQ1MMuxmnL7w2DNGYvJJn,Think it not strange when o'er your soul - H. R. Christie,NA,Think it not strange when o'er your soul,H. R. Christie,NA,classical,NA,publicdomain,0.0,0,0,3,1,1,0,18,255,14.166666666666666,True,2.534818317232851,0.9882352941176472,0.9131944444444444
QmTeu7G2jz2h26wRALZ6b8GiqTBL2ntSf54SUupN8oyrei,Think of all Jesus hath suffered for you - E. G. Young,NA,Think of all Jesus hath suffered for you,E. G. Young,NA,classical,NA,publicdomain,0.0,0,0,2,1,1,0,16,270,16.875,True,2.4753222074147656,0.9962962962962963,0.9618055555555556
QmPNZH9ot8nd2986cULq7bW7YfACNtsezLgW4vkoMMfZtK,Think of Me,The Chase,Think of Me,The Chase,arr. Abigail Reardon,classical,NA,cc-zero,0.0,0,2,201,2,1,0,31,801,25.83870967741936,False,2.373068943933937,1.0,0.907258064516129
QmWv2V4qtKGzofStzZku2owWBmDUQsLkYVpnHQ4wnKD27N,Think of the time when you knelt at the cross - Samuel W. Beazley,NA,Think of the time when you knelt at the cross - Samuel W. Beazley,Samuel W. Beazley,NA,classical,NA,publicdomain,0.0,0,0,7,1,1,0,16,308,19.25,True,2.4093405114523616,0.9935064935064936,0.9557291666666666
QmQmp7tAWFw15Pud23Ggjkg1mEtfYrsPAsaCWguuiMdqu6,Think what it costs to redeem fallen man - Arthur Willis Spooner,NA,Think what it costs to redeem fallen man,Arthur Willis Spooner,NA,classical,NA,publicdomain,0.0,0,0,4,1,1,0,24,381,15.875,True,2.8140692781532413,0.9238845144356956,0.9444444444444444
QmURtwp9F1cx2NSMBP4d5uDywD6Cc6eLLdpLv6HmiJUygr,Thinking,NA,Thinking,Team Nekojishi & KuensanP,KuensanP,NA,nekojishi,cc-zero,4.83,3,11,263,1,1,0,20,180,9.0,False,2.607778921947717,1.0,0.9520833333333332
QmQ7rMEXw4KK4DCeA1kcrztAGRErjxfmwRMRwZ2p5Kf33Y,Thinly hangs the veil between - Jno. R. Sweney,NA,Thinly hangs the veil between,John R. Sweney,NA,classical,NA,publicdomain,0.0,0,0,2,2,1,0,18,256,14.22222222222222,True,2.714233076181463,0.984375,0.9263888888888888
QmSvRpnjXW3wjkofY85PH3MtPesX2GsnghvMDYXT1o6ZEr,Third Figure of the Lancers,NA,Third Figure of the Lancers,Misc tunes,NA,NA,NA,publicdomain,0.0,0,0,2,1,1,0,24,108,4.5,False,2.671011113034194,1.0,0.9236111111111112
QmdNToZGwYqzH4pdfPuitH4gt4tuktKRZQ48MBh87MKZFi,Third Person Singular,第三身單數,Third Person Singular,Magic Bakery,Magic Bakery,NA,NA,cc-zero,4.83,3,2,161,2,1,0,97,1172,12.082474226804123,False,2.802910670785608,0.995730145175064,0.96606529209622
QmWL2eCDnNxstUD2PA9d5xca512YJHecJRFDFFhXMpxzsT,Thirds - Amazing Grace arr: Dave Palladino,NA,Amazing Grace arr: Dave Palladino,Thirds,Thirds,classical,NA,publicdomain,0.0,0,0,2,1,1,0,16,88,5.5,False,2.461407516402556,1.0,0.9184027777777778
QmZLbRpKaUSbBbxHDkRB21uZKxMda6hNv1DPk5cJvCvwGX,Thirds against a Single Voice,from Mikrokosmos 3,Mikrokosmos Sz.107,Béla Bartók,Bartók Béla Sz. 107,classical,bartk-bla-mikrokosmos-no,cc-zero,0.0,0,1,98,1,1,0,16,93,5.8125,False,2.847268303848974,0.989247311827957,0.9869791666666666
QmSMi7u6AWjg9yztQvHE85qDPMd78nytP2k36ebdXMZn8n,Thirsk - A. J. Foxwell,NA,Thirsk,A. J. Foxwell,NA,classical,NA,publicdomain,0.0,0,0,2,1,1,0,25,182,7.28,True,2.8651663518021584,0.978021978021978,0.9825
QmY5pWGJjV8ZQ1uLSGvdeY43FZJvQsAP4VXiicW4Q2EcUx,This Country of Mine (Extended Mix of Negaraku Malaysia's National Anthem) ((featuring Britain Japan Singapore and Brunei),A Piano Arrangement of the Malaysian National Anthem Negaraku Featuring: Great Britain (God Save The Queen) ; (Imperial) Japan (Kimigayo) ; Brunei (Allah Peliharakan Sultan) ; Singapore (Majulah Singapura),negaraku - malaysia national anthem,Misc Traditional,Original (La Rosalie) by: Pierre-Jean de Béranger (1780-1857) Arrangement by: -Kiro- a.k.a. Po Yao Cheong,folk,NA,cc-zero,4.63,8,48,8212,2,1,0,116,1295,11.163793103448276,False,3.043241951761059,0.8517374517374517,0.953033625730994
QmQPszCETgxdhjnkjYsZSBrHJh4D67bEzKFmnmAbDLskWE,This day is holy to the Lord - Frederick W. Foster,NA,This day is holy to the Lord,Frederick W. Foster,NA,classical,NA,publicdomain,0.0,0,0,3,1,1,0,21,263,12.523809523809524,False,2.56354741545586,0.9961977186311788,0.9534313725490196
Qmc1vdQfyzAzcfmBaD4TkPRUp5RKDRQnyqcUeT41nSTHJP,This day is mine! - Winnie M. Gabrielson,NA,This day is mine!,Winnie M. Gabrielson,NA,classical,NA,publicdomain,0.0,0,0,3,2,1,0,28,520,18.571428571428573,False,2.872139315315636,0.9384615384615383,0.9435763888888888
QmTbyFqNhdY3KB5HB7STa1RdPBt52SbTrdTmoK6ZTqhbf1,This day shall be God's day as I go along - C. Harold Lowden,NA,This day shall be God's day as I go along,C. Harold Lowden,NA,classical,NA,publicdomain,0.0,0,0,5,1,1,0,34,347,10.205882352941176,False,2.850470221710491,0.9481268011527376,0.9817708333333334
QmNzfKJyPPfZe8JsCP3SFJUsCkWN8xvWCQrFva4BKqg6ar,This Day The Stag Must Die,NA,This Day The Stag Must Die,Misc tunes,NA,NA,NA,publicdomain,0.0,0,0,5,1,1,0,32,172,5.375,False,2.4771667960857777,1.0,0.9635416666666666
QmQYAdwfnifywh4cMEqXHYEMopJCWqZRu3ZNCD2ekwrzCk,This earth is our planet,NA,This earth is our planet,Misc tunes,NA,NA,NA,publicdomain,0.0,0,0,5,1,1,0,36,192,5.333333333333333,False,2.550966173051996,1.0,0.9817708333333334
QmdrzrtUK6SQHyuhKegNVCoixZXfRXPEerNPi2H3wYzvnm,This I know when storms are sweeping - B. D. Ackley,NA,This I know when storms are sweeping - B. D. Ackley,B. D. Ackley,NA,classical,NA,publicdomain,0.0,0,0,5,1,1,0,20,224,11.2,False,2.808121442885092,0.9375,0.90625
QmPvrErw6dinfAc7zJzA3ZoQ9PkDFkr8MjoPCt3X4fNYUh,This illusion,NA,this illusion,LiSA,Type Moon,rock-pop,NA,cc-zero,0.0,0,19,2023,0,1,3,36,181,5.027777777777778,False,2.796663312606688,0.994475138121547,0.890625
QmQDpFSVzJrZdVQ5Butskv9PuMjnAdcqxaRkqYyFtcSoh1,This Is Berk,NA,This is Berk,John Powell,John Powell,classical-soundtrack,NA,cc-zero,0.0,0,0,204,2,1,0,32,446,13.9375,False,2.187842941773092,0.990521327014218,0.9109848484848484
QmeCQNm7BgLFUMeT3SFheqEF8dzQ98sJ9rKCeGrLjU9VQf,This is Gospel / Car Radio,converted to piano - credit to irene12,NA,NA,irene12,NA,u-ok-there-bruv,cc-zero,0.0,0,3,117,0,5,0-0-0-0-0,76,1301,17.11842105263158,False,2.7055490307260115,1.0,0.9794407894736842
QmYqP314NnsUK5aBBpnWkx5ghkPSAQGKUpFCYWPYsNYcG7,this is gospel // panic! at the disco,NA,this is gospel,Panic! At the Disco,panic! at the disco caitlin ryan,rock-pop,panicatthedisco-brendonurie-piano-alternative-rock-rockpiano-cover-thisisgospel-tooweirdtolive-tooraretodie,cc-zero,4.71,4,201,2990,1,1,0,115,930,8.08695652173913,False,2.681657154220077,1.0,0.9867753623188406
QmTocbe8JMP8vudia1JiWYzKTZ4SP7QnXDRU6vYvDGE6SZ,This Is Me,NA,This Is Me,faisalghazii2,NA,NA,NA,cc-zero,0.0,0,2,141,1,1,0,32,268,8.375,False,2.615706662516493,1.0,0.8645833333333334
QmRZb3L94EZa9EPZa6RYtowo3zKveY3MbCNL6xNM32KqKX,This is ME - Greatest Show Man [technique],NA,This is me,The greatest showman,NA,NA,NA,cc-zero,4.67,456,1659,29111,3,1,0,24,1215,50.625,False,2.6575283029056287,1.0,0.8075
QmNoqmmRrpY5bjNJsjE7XdS2qLH3ACddqakEzVSoDGWkQW,This Is Me Pianika 1,NA,This Is Me Pianika 1,faisaljen21,NA,NA,NA,cc-zero,4.33,6,18,374,1,1,0,90,601,6.677777777777778,True,2.425102586946537,1.0,0.8628277153558053
QmQBCizWnKJtwu7AZ49B8V6YNmx3aLGGcXt9wT2PfL7WqH,This Is Me Pianika 1..,NA,This Is Me Pianika 1..,faisalghazii2,NA,NA,NA,cc-zero,0.0,0,0,38,1,1,0,32,301,9.40625,False,2.405280987110442,1.0,0.8481182795698925
QmfNNn6z8PmhWquUj3Doq6fjoVMU1smLUdqLDUCDCxmJN4,This Is Me Pianika 2 1,NA,This Is Me Pianika 2 1,faisalghazi18,Composer,NA,NA,cc-zero,0.0,0,0,11,1,1,0,85,445,5.235294117647059,False,2.233280526045051,1.0,0.9761546184738956
QmUQGvpSuq1RSMeJEyWpE2zn2evWJQ192yso5hMXAqUYp2,This is my commandment - Thomas Tallis,NA,This is my commandment,Thomas Tallis,NA,classical,NA,publicdomain,0.0,0,0,42,0,4,0-0-0-0,52,589,11.326923076923077,True,2.8388711717261352,0.9792387543252596,0.9811698717948718
QmQA62bc8rFRpEiFgHNjzJ3AeFFCiCb2YLJ8GTaZDWeZac,This is my life (Shirley Bassey),La Vita,This is my life,B. Canfora,B. Canfora,NA,NA,cc-zero,0.0,0,5,279,1,1,0,45,196,4.355555555555555,False,3.098273000715285,0.8163265306122449,0.9412878787878788
QmatopBy9RdtUHBv8VXsKpVpsavhnQv7XLRo2eUb4MCEYa,This is my wonderful story - A. B. Simpson,NA,This is my wonderful story,A. B. Simpson,NA,classical,NA,publicdomain,0.0,0,0,7,1,1,0,16,240,15.0,True,2.3193378242546188,0.99581589958159,0.9136904761904762
QmT9NsJx7bw5QTgaB3DusRPxg1zPbaCoWLKhZScW3QpSVW,This is no my ain Hoose,NA,This is no my ain Hoose,Misc tunes,NA,NA,NA,publicdomain,0.0,0,0,2,1,1,0,34,278,8.176470588235293,False,2.6608316840627726,1.0,0.908203125
QmZTCd4rE5ZF8DwNSFeMf5xKVkV5BG8i3Au4qU1PvpspHY,This Is No My Ain Lassie 2,NA,This Is No My Ain Lassie 2,Misc tunes,Joe Buchanan's Scottish Tome - Page 168.3,NA,NA,publicdomain,0.0,0,0,7,1,1,0,27,114,4.222222222222222,False,2.675274571621502,1.0,0.9539930555555556
QmT5C4aTa524TwrXGXq1e6yE5zy3jsQixUsSRbGmEYNvMP,This is Not My Ain House JBut.486,NA,This is Not My Ain House JBut.486,Misc tunes,NA,NA,NA,publicdomain,0.0,0,0,1,1,1,0,35,132,3.7714285714285714,False,2.661598789969988,1.0,0.9453125
QmP4vTDBpk9zsHrEPoxDVJ8Q5YL7teBRDf2KFFrYbRMHgE,This is Not My own house. JBut.659a,NA,This is Not My own house. JBut.659a,Misc tunes,NA,NA,NA,publicdomain,0.0,0,0,1,1,1,0,28,216,7.714285714285714,False,2.656462688088581,1.0,0.9071180555555556
QmWA9bn2XqvXCPHx6bcm9JAizqmXJhhkH53FzQmtJpVpGm,This is not my place of resting (Converse) - Charles C. Converse,NA,This is not my place of resting (Converse),Charles C. Converse,NA,classical,NA,publicdomain,0.0,0,0,8,1,1,0,18,232,12.88888888888889,False,2.340872158824776,1.0,0.8923611111111112
QmYU1xAX6SACxWqpqokd2Ga5ZguKVNcKkkss5vw4DA9bmh,This is not my place of resting (Jelley) - J. J. Jelley,NA,This is not my place of resting (Jelley),J. J. Jelley,NA,classical,NA,publicdomain,0.0,0,0,2,1,1,0,16,249,15.5625,True,2.809726289415926,0.9598393574297188,0.9253472222222222
QmWH3FvLNqWy44UR3gdJMEgyPcGhmHRgGfijxq2gYvC6YP,This Is Not My Sweetheart (air) 0566,NA,This is Not My Sweetheart.,Misc tunes,after Sg't. J. O'Neillmoderate,NA,NA,publicdomain,0.0,0,0,1,1,1,0,21,137,6.523809523809524,False,2.5226970487595,1.0,0.9366666666666666
QmWzt5qQrvCmDLH8Xs5Pk5Ht6z1tgE5sbBYyC3oEoegajk,This is Not My Sweetheart.,ni sise mo .muirnin,This is Not My Sweetheart.,Misc tunes,NA,NA,NA,publicdomain,0.0,0,0,3,1,1,0,19,127,6.684210526315789,False,2.484344871929261,1.0,0.9283854166666666
QmVd1eTBwP9SEi9g3SPvSQNMvP79wfwBdXEtAtmmuQVaY6,This is our country's celebration - L. F. Lindsay,NA,This is our country's celebration,L. F. Lindsay,NA,classical,NA,publicdomain,0.0,0,0,3,1,1,0,20,299,14.95,False,2.4693460652476715,0.9866220735785952,0.8368055555555556
QmRJmReQ78f17eyDNsxAX3rBVMtmteGZDhR7zmTFVU3RiD,This is so wonderful Jesus now loves me - Benjamin F. Butts,NA,This is so wonderful Jesus now loves me,Benjamin F. Butts,NA,classical,NA,publicdomain,0.0,0,0,9,1,1,0,16,338,21.125,True,2.8566306391044094,0.9733727810650888,0.9305555555555556
QmVsZJM3yAteyxccBinMn1WC9kanDbruFL59DfPpkwE3Bx,This is the air I breathe,NA,this is the air i breathe,Hillsong,NA,religiousmusic,NA,publicdomain,4.65,17,38,9147,0,1,0,48,180,3.75,False,2.3177844844012534,1.0,0.8926630434782609
