cid,title,subtitle,song_name,artist_name,composer_name,genres,tags,license,rating,n_ratings,n_favorites,n_views,complexity,n_tracks,tracks,song_length.bars,n_notes,notes_per_bar,has_lyrics,pitch_class_entropy,scale_consistency,groove_consistency
Qmc1EPWTsbBhsbxHSs7zJn43NFVRAKX3EXLg7U81PUjCSi,Haidh-O-Haidrium,NA,Haidh-O-Haidrium,Misc tunes,NA,NA,NA,publicdomain,0.0,0,0,3,1,1,0,81,462,5.703703703703703,False,2.40775903592514,1.0,0.9207175925925926
QmdHzLTLrjkDVnbEnprDUY2EYpmWqqYMcdp6kG3y7KsZPY,Haight - J. H. Cornell,NA,Haight,J. H. Cornell,J. H. Cornell,classical,NA,publicdomain,0.0,0,0,1,1,1,0,9,123,13.666666666666666,False,2.778181573349671,0.9732142857142856,0.9560185185185184
QmVEw7PgmwNEH4idg9euUUFoADkn6qUpp9Uymm8zZiHq9j,Haihintulo Marssi,NA,Haihintulo Marssi,Misc tunes,NA,NA,NA,publicdomain,0.0,0,0,6,0,2,0-0,32,454,14.1875,False,2.879917805763779,0.963882618510158,0.9088541666666666
QmcfAJsmZzZ9gKW6Ky2Esb5ZV5wVGwk4Fr5sWJWpck6BeW,Haiku for the Rain,NA,Haiku for the Rain,Ant0ine meriene,Antoine Merienne,NA,piano-antoinemerienne-antoinemrienne-pianosolo-pianobeginner-haiku,cc-zero,0.0,0,1,42,1,1,0,110,824,7.490909090909091,False,2.860791904453189,0.9781553398058253,0.9129016064257028
QmTNCM5zbAw682aRcT3XNuisjfxMMwgYaYxf76XArRUjKn,Haikyuu!! - Tsuyoku Nare / ããããã¼!! - å¼ããªã,Haikyuu OST,haikyuu - Tsuyoku Nare,Misc Cartoons,Yuuki Hayashi,soundtrack,anime-haikyuu-haikyuu-haikyuuost-yukihayashi,cc-zero,4.8,33,227,6158,1,1,0,86,476,5.534883720930233,False,2.7456509883485825,0.9978991596638656,0.9600290697674418
QmPusrAfe1CLd18VXmKkuXvznGa3NbNH8v94nzA1sgA8A4,Hail Columbia - Philip Phile,NA,Hail Columbia,Philip Phile,NA,classical,NA,publicdomain,0.0,0,0,104,0,5,0-0-0-0-0,28,619,22.107142857142858,False,2.623818590918149,1.0,0.9344135802469136
QmSDLjLBfpWfifWfJpmDBJBuXCHLM2D1h8yqBYQcQ1kgxk,Hail glorious day so long foretold - A. S. Sullivan,NA,Hail glorious day so long foretold - A. S. Sullivan,A. S. Sullivan,NA,classical,NA,publicdomain,0.0,0,0,9,1,1,0,35,460,13.142857142857142,False,2.678119263866903,0.9717391304347828,0.9275793650793652
QmUecPEVyHod3hqaUyJQz6jiQMCD577irrBgerWJwEEcEi,Hail happy morn thrice happy we - Joseph Key,Carol I,Hail happy morn thrice happy we,Joseph Key,Joseph Key,classical,NA,publicdomain,0.0,0,0,6,0,5,0-0-0-0-0,56,672,12.0,True,2.782435413468359,0.9849498327759196,0.9499113475177304
Qmba5PHCwWNTSD8ZehZ2JULCXzyg9QSKZz6YWUVxrczkiP,Hail Massachusetts,NA,Hail Massachusetts,Misc tunes,NA,NA,NA,publicdomain,0.0,0,0,7,1,1,0,33,57,1.7272727272727273,False,3.00732114159658,0.8947368421052632,0.9039855072463768
QmQX3Wp4bd63zEoctpWMpGL2TLZWp5nkh8qpndbKQqrAzT,Hail oh hail the joyous Easter - Grant Colfax Tullar,NA,Hail oh hail the joyous Easter,Grant Colfax Tullar,NA,classical,NA,publicdomain,0.0,0,0,4,2,1,0,32,351,10.96875,True,2.8049761758380782,0.9629629629629628,0.9509408602150538
QmSu14U3teQdQMop5gRg7pGp24yuhF7VEngZj8do3UBQyU,Hail or rain or winters snow - Dr. Wm. Swindells,NA,Hail or rain or winters snow,Dr. Wm. Swindells,NA,classical,NA,publicdomain,0.0,0,0,4,2,1,0,17,299,17.58823529411765,True,2.444024324054133,0.9933110367892976,0.8567708333333334
QmTpnkrjUcL4b5A3cgsv4CMwXBJ74JSvwuJ4kdWyWHgGQ9,Hail Redeemer King Divine,Hymn to Christ the King,Hail The Redeemer King Divine,Edewede Oriwoh,Music: Grattan Flood (1859-1928),classical,hymn-catholic-christtheking,publicdomain,4.85,4,4,5087,1,1,0,16,56,3.5,False,2.71748316353977,1.0,0.9635416666666666
QmWk98ahCnwMvY1G8SYSedj9C43SsMromXECQn53RzNZnS,Hail the blest morn see the great Mediator - Reginald Heber,NA,Hail the blest morn see the great Mediator,Reginald Heber,NA,classical,NA,publicdomain,0.0,0,0,19,0,3,0-0-0,40,327,8.175,False,2.645231767990716,1.0,0.9776041666666668
QmSwiJxGfeeH84uqpG9G62DU37LF5eTgHb2EsBbTSo2kRh,Hail the joy to mortals given - Adam Geibel,NA,Hail the joy to mortals given,Adam Geibel,NA,classical,NA,publicdomain,0.0,0,0,2,1,1,0,20,240,12.0,False,2.7958152748376013,0.9833333333333332,0.90625
QmRET9MbrHHuqTD1PwQzgt97m2zda9LD4fdFFtnf8VwwLd,Hail the Lord of glory - Adam Geibel,NA,Hail the lord of glory,Adam Geibel,NA,classical,NA,publicdomain,0.0,0,0,2,2,1,0,16,287,17.9375,True,2.9719800344647846,0.9372822299651568,0.9296875
QmPikvz6etPx4YfDPomfpVQcFEtWqN1zgygRbmtc6VR4Tz,Hail the Prince of Peace eternal - U. E. Hallman,NA,Hail the Prince of Peace eternal,U. E. Hallman,NA,classical,NA,publicdomain,0.0,0,0,5,2,1,0,26,372,14.307692307692308,False,2.75884308284918,0.9811827956989247,0.960648148148148
QmdYgvdKnsPk8e3ZHMyZ6KEwuC9PgMZt1L9FAHvYrLYuD2,Hail Thee Festival Day - Venantius Honorius Clementianus Fortunatus,NA,Hail Thee Festival Day,Venantius Honorius Clementianus Fortunatus,NA,classical,NA,publicdomain,0.0,0,0,24,0,2,0-0,24,318,13.25,True,3.023159269753836,0.9371069182389936,0.9435763888888888
QmUKRaPQkE5uHFive7t4pKYPG3PWkcmFmHEDLVdzegQfqZ,Hail To King Jesus - Adam Geibel,NA,Hail To King Jesus,Adam Geibel,NA,classical,NA,publicdomain,0.0,0,0,6,2,1,0,20,320,16.0,True,2.648299700273542,0.975,0.9364583333333334
Qmc4CK8itqYrgUdLRMJPjtoXLY5mp8M7hzfn7t8oQebYWA,Hail to the brightness of Zion's glad morning (Gould) - J. E. Gould,NA,Hail to the brightness of Zion's glad morning (Gould),J. E. Gould,NA,classical,NA,publicdomain,0.0,0,0,6,2,1,0,10,210,21.0,True,2.70397454825778,0.9855769230769232,0.9777777777777776
QmdDQs6iEZS9QmK99KQ3VLAPYMzA2eeVSR8KMhNTjSVAVW,Hail to the brightness of Zion's glad morning (Rubenstein),NA,Hail to the brightness of Zion's glad morning (Rubenstein),Misc Traditional,NA,folk,NA,publicdomain,0.0,0,0,38,1,1,0,64,659,10.296875,True,3.200714258683371,0.8634294385432474,0.96484375
QmPepPRjLiqbr1vgrPxaBmgj6iaBadeQbNbqEeZ4nLu6f5,Hail to the brightness of Zions glad morning (Hood) - J. J. Hood,NA,Hail to the brightness of Zions glad morning (Hood),J. J. Hood,NA,classical,NA,publicdomain,0.0,0,0,5,1,1,0,16,172,10.75,True,2.5985042827498384,0.994186046511628,0.9450757575757576
QmUyygJVsC2zE7qFeGVn1kibj5uEF8zekYVzny1a9HcEL2,Hail to the Chief,NA,Hail To The Chief,Misc tunes,James Sanderson (1760-1841,NA,NA,publicdomain,0.0,0,0,26,1,1,0,17,93,5.470588235294118,False,2.6044555064368184,1.0,0.909313725490196
QmQCvbTXbDaJivuUD6w8JrMv8HFVioTP1ZpYjZRALfh4F1,Hail to the Chief,NA,Hail To The Chief,Misc tunes,James Sanderson (ca.1810),NA,NA,publicdomain,0.0,0,1,23,1,1,0,36,206,5.722222222222222,False,2.7120992604378134,0.9902912621359224,0.9322916666666666
QmNUAubt6eaCYwMdERfVBWqdfDZJW1mANYJrpxDyVthXHM,HAIL TO THE CHIEF,NA,Hail To The Chief,Misc tunes,NA,NA,NA,publicdomain,4.88,6,9,446,0,3,0-0-0,32,500,15.625,False,2.588150609910836,1.0,0.9341397849462364
QmdcNrAc38ot9cha52K31T8gs684T9qaLKZcBP8dQiSUYZ,Hail To The Chief. - Regulation Fife Calls 1776-1856 10 ?,NA,Hail To The Chief. - Regulation Fife Calls 1776-1856 10 ?,Misc tunes,NA,NA,NA,publicdomain,0.0,0,0,21,1,1,0,16,99,6.1875,False,2.6103634548823544,1.0,0.9194444444444444
QmSSxX63XZ9ExboUzmKaWxPfy3wEfFUTVAu4zBYZpPDFzY,Hail to the Lord's Anointed - James Montgomery,NA,Hail to the Lord's Anointed,James Montgomery,NA,classical,NA,publicdomain,4.16,3,1,29,0,2,0-0,20,209,10.45,True,2.6421888953967785,1.0,0.953125
QmVhT1ms9qf93DiaHooKALPdRnhg7h7RJGBei5ra4G5LCd,Hail to the Queen who reigns above,NA,Hail to the Queen who reigns above,Misc Traditional,NA,folk,NA,publicdomain,0.0,0,0,2,1,1,0,17,68,4.0,False,2.6990015656653634,1.0,0.9895833333333334
QmTztjTzW52ibB2koMJ9CXFKzux2tccZETxN9UanQsBU5X,hail to thee jesus kind,NA,hail to thee jesus kind,jonchristopherh,Jon Hall,NA,jesusmyman,cc-zero,0.0,0,0,12,1,1,0,3,36,12.0,False,2.8633816003407184,0.9722222222222222,0.9722222222222222
Qmcs3LLuwtNCQZuQAZU2MJtVYNoxKProPoeCfzxp6LqLJe,Hail! hail the day - E. E. Meyer,NA,Hail! hail the day,E. E. Meyer,NA,classical,NA,publicdomain,0.0,0,0,2,1,1,0,20,270,13.5,True,2.57549556538526,0.9888888888888888,0.8979166666666667
QmdnHw5m9DByg2vXstYR37UKMpgKrfvZByHNYmpSXBMiop,Hail! Happy Albion! - John Wall Callcott,NA,Hail! Happy Albion!,John Wall Callcott,John Wall Callcott (1766-1821)Accompaniment added by William Horsley (1774-1858),classical,NA,publicdomain,0.0,0,0,6,0,6,0-0-0-0-0-0,206,4310,20.92233009708738,True,2.9125583687747563,0.955196017423771,0.9734021035598706
Qmck5Q41fcVARX5AExQVyo4xR92KbzpCfZcULVtAutibg4,Hail! Stars and Stripes! our Standard we salute thee - R. E. De Reef,NA,Hail! Stars and Stripes! our Standard we salute thee,R. E. De Reef,NA,classical,NA,publicdomain,0.0,0,0,6,2,1,0,32,377,11.78125,True,3.0716515216437967,0.9098143236074272,0.9498697916666666
QmdfguaegfLPwXZR7AT6CEnc8ffmBibamkR5SDF6EvFf6U,Hailie's Song,NA,NA,NA,NA,NA,NA,publicdomain,0.0,0,0,915,1,1,0,12,51,4.25,False,2.0570248206998136,1.0,0.9672619047619048
QmS82GHgoWAiZvWYA3cMkd64sQCi6bxvLZnL3PqitTSVBB,Hair Fell Off My Coconut,NA,Hair Fell Off My Coconut,Misc tunes,NA,NA,NA,publicdomain,0.0,0,0,8,1,1,0,20,179,8.95,False,2.5053466496337315,1.0,0.9330357142857144
QmbfD6XVCB8L19C3e3vyyHvEHa7bgM4SmNvzS8fR4GXfJK,Hairless Heart,NA,hairless heart,Genesis,Genesis,rock,genesis-piano-trancription-thelambliesdownonbrodway,cc-zero,0.0,0,22,1188,1,1,0,67,406,6.059701492537314,False,3.15995366105355,0.891358024691358,0.9657960199004976
QmZcXGq4twRcfVThonQGJWBz4MYcH9rxDxTPVh4H6oBjEE,Hajlékomba,NA,NA,NA,NA,NA,keresztny,cc-zero,0.0,0,1,95,0,1,0,16,66,4.125,False,2.5971797375311185,1.0,0.9466145833333334
QmVhGuQn8HsWLTdGfUbZAs8xrqRoqYLkUYSCzHJJzUjJQV,Hal an tow - jones bardic museum,NA,Hal an tow - jones bardic museum,Misc tunes,From Jones Bardic Museum 1802 II. p. 97.,NA,NA,publicdomain,0.0,0,0,6,1,1,0,44,241,5.477272727272728,False,2.556150311373744,1.0,0.948678861788618
QmUqVVDev2codAF8uVGAdb7iprL78myGsMFN62GgtPzo1K,Hal an tow - matthews,NA,Hal an tow - matthews,Misc tunes,Sent by J. Matthews St. Austell as taken down by him.,NA,NA,publicdomain,0.0,0,0,11,1,1,0,119,563,4.73109243697479,False,3.0173489305037933,0.9023090586145648,0.9375
QmdoWbECKXB4ioomwdyRGPLWuYAHcfnF2FE9xfTQvt2z8D,Haley's Favourite,NA,Haley's Favourite,Misc tunes,NA,NA,NA,publicdomain,0.0,0,0,2,1,1,0,67,377,5.626865671641791,False,2.3715412568363607,1.0,0.9770833333333332
QmYdurqSVzLjz9Fydpfc7u5gqPyH2VV8okXk5DUjFKFCZX,Half Cadence,NA,NA,NA,NA,NA,musictheory-harmony,cc-zero,0.0,0,0,693,1,1,0,1,8,8.0,True,2.1556390622295662,1.0,0.9791666666666666
QmeS9drKiX5EL7YH8i4yqNKXK1bbbua655VV8XRkzLJnGY,Half Hannikin,NA,Half Hannikin. (p)1651.PLFD1.034,Misc tunes,NA,NA,NA,publicdomain,0.0,0,0,12,1,1,0,36,136,3.7777777777777777,False,2.440692815307969,1.0,0.8428819444444444
QmQJdUAxSmvGG91SmVGdFtGXCVhst1tBi7ouyVyj6igVjv,Half Hannikin. (p)1651.PLFD.034,NA,Half Hannikin. (p)1651.PLFD1.034,Misc tunes,NA,NA,NA,publicdomain,0.0,0,0,6,1,1,0,24,108,4.5,False,2.370046308851373,1.0,0.917824074074074
Qmd1r3VkpGbZRzXbDvC8FwVDkZsenijdYzxjSygNJffx6m,Half Light TTBB,NA,NA,NA,arr. Nicole Rivera,NA,NA,cc-zero,0.0,0,6,795,0,5,0-0-0-0-0,60,1506,25.1,True,3.3261563996980086,0.8031914893617021,0.9254943502824858
QmcfGmsiJ4NfNqN316ZzyRDXgXtv2w121zAwcXHfq7Tf2u,Halinka,NA,NA,NA,Madejski.,NA,polskamuzykaw-muzykawokalna-muzykawiecka-wroclawuniversitylibrary-publicdomain-digitallibrary-polish,cc-zero,0.0,0,0,75,1,1,0,32,100,3.125,True,2.833091749548472,0.97,0.9791666666666666
QmVLkmiWwinwNpAgZrzGw256JDmcBycEMrTmDMmSCjpP5c,Hall - Adam Geibel,NA,Hall,Adam Geibel,NA,classical,NA,publicdomain,0.0,0,0,2,1,1,0,18,139,7.722222222222222,False,3.078183268492712,0.9064748201438848,0.96875
QmQicfZZMT3UmST8S2GdbMjthSZkN9TtFA3E6DQWtY4GUz,Hall - TELEGRAPH -- HORNPIPE,NA,TELEGRAPH -- HORNPIPE,Hall,Hall,classical,NA,publicdomain,0.0,0,0,2,1,1,0,29,190,6.551724137931035,False,2.8989489126152286,0.968421052631579,0.9288194444444444
Qmd4pieq9af8148FPUgvy9dkhQXMykyKTEFxapwaRTkLrd,Hall of Fame,NA,Hall of Fame,PapaleJ Wolf,NA,NA,NA,cc-zero,0.0,0,1,56,0,2,0-0,138,2430,17.608695652173914,False,2.8266805377770066,0.7754429336629584,0.954656862745098
QmV4azbEriy1fdBhNJZfTt2D5i8e5pG8s75QLuLbKgjFTh,Hall of Fame - The Script - Swing,NA,hall of fame,The Script,The Script,rock,NA,cc-zero,4.22,6,8,265,1,1,0,145,1276,8.8,False,2.4881257101854124,1.0,0.9738505747126436
QmYNCQHCfZbbUccWAFN4k7LFT13ff4V19NU2mrQopMpuLr,HALLE (Müller) - Klemens Müller,NA,HALLE (Müller),Klemens Müller,NA,classical,NA,publicdomain,0.0,0,0,2,0,2,1-1,13,126,9.692307692307692,False,2.570185400520653,1.0,0.9670138888888888
QmS14dwF3vdLdaAgGaCa8jMdZcFcHYANJTwXQDVdrBoBT1,Hallelu hallelu hallelu hallelujah,NA,Hallelu hallelu hallelu hallelujah,Misc Traditional,NA,folk,NA,publicdomain,4.88,6,2,205,0,2,0-0,28,228,8.142857142857142,True,2.7296134296822787,1.0,0.9345238095238096
QmeBxqFP1CuN3qZtdAKRAgr27SK5cRaSoCQVpGyMm43VSt,Halleluja,NA,Halleluja,Misc tunes,Ph. E. Erlebach (1657-1714),NA,NA,publicdomain,0.0,0,0,7,0,4,0-0-0-0,12,283,23.58333333333333,True,2.750523360625835,0.98932384341637,0.9184027777777778
QmeFStPrChZmK7CG5PwcaXpJqGpCgYSJNbSHfTsydMVNQ5,Hallelujah,Words & Music by Leonard Cohen,NA,NA,NA,NA,piano-ballard-long-intermediate-sightreading-emajor,cc-zero,0.0,0,10,317,1,1,0,156,1515,9.711538461538462,False,2.656932840927744,0.9920529801324504,0.902811986863711
QmVRsrbWriUVgwUtgW7bUTnefEKox9oDTJCs2XgADGgXez,Hallelujah,NA,NA,NA,Panic! at the DiscoArr. by JFay,NA,NA,cc-zero,0.0,0,5,131,0,5,0-0-0-0-0,59,2100,35.59322033898305,True,2.6471510738822044,0.9942028985507246,0.8881578947368421
QmViUNieMPGGYJuPCjQj5AnP8a6uUUveHbEbkbXusEaeBm,Hallelujah (easy),NA,hallelujah,Leonard Cohen,PC Chin,folk,NA,cc-zero,4.68,114,277,5252,1,1,0,29,142,4.896551724137931,False,2.6080595105509428,0.9929577464788732,0.9017857142857144
Qmf8AW3nudtjunTHAhGRtNmkYM5Nk1px1b6t86TtzSX4LU,HALLELUJAH (Walker),NA,Hallelujah,Misc Traditional,NA,folk,NA,publicdomain,0.0,0,0,21,0,3,0-0-0,18,206,11.444444444444445,False,2.434729280398312,1.0,0.9575320512820512
QmURiv1MSzR4aWUds5wXz2eN8iXG23gGuwm3EShJ6HD1wg,Hallelujah - George Frideric Handel,NA,Hallelujah,Georg Friedrich Händel,Handel,classical,NA,publicdomain,0.0,0,0,56,0,4,0-0-0-5,92,1488,16.17391304347826,True,2.746271892110036,0.9806629834254144,0.9334239130434784
Qmdd97Gg3wapUpvbkHqxB1cMzTgm2NntauTiLuLHWd3Dt1,Hallelujah - Leonard Cohen,NA,hallelujah,Leonard Cohen,Leonard Cohen,folk,NA,cc-zero,4.83,3,9,771,1,1,0,57,645,11.31578947368421,False,2.6896616987673045,1.0,0.9166666666666666
QmRMzc4odAP48YfL3RH52WYxSSoYxB1qztMP7cMzuKmQgE,HALLELUJAH [Harrison] - Dr. Harrison,NA,HALLELUJAH [Harrison],Dr. Harrison,NA,classical,NA,publicdomain,0.0,0,0,3,1,1,0,21,171,8.142857142857142,False,2.35726415659824,1.0,0.9513888888888888
QmarjSzsdwkz4SiVZ4WDDUf2KYh9YEt1h54TxGq14hi9fw,Hallelujah bless his name - M. Fraser,NA,Hallelujah bless his name,M. Fraser,NA,classical,NA,publicdomain,0.0,0,0,3,1,1,0,18,229,12.72222222222222,False,2.672340992892116,0.9781659388646288,0.9557291666666666
QmZnq3aXRCzMrwHMoKh45P6GvTKLVUv4VRiaVpaJydhLfd,Hallelujah Chorus - George Frideric Handel,NA,Hallelujah,Georg Friedrich Händel,NA,classical,NA,publicdomain,4.49,5,11,612,2,1,0,27,500,18.51851851851852,False,2.564317203834532,0.996,0.9241666666666668
QmNzpqqqSWnq5YMAPLFbgW14B3gECVoQeyA5WxW6fTbFtm,Hallelujah Cohen acapella,NA,hallelujah,Leonard Cohen,NA,folk,NA,cc-zero,0.0,0,7,298,0,4,0-0-0-0,64,702,10.96875,True,2.9128807729864965,0.951219512195122,0.9600694444444444
QmQpzsnLievZ5XDot6aztAqSQgX1hvBRZuKLBWJ5wH9AB6,Hallelujah for the blood for the sin-cleansing fountain - Lelia Morris,NA,Hallelujah for the blood for the sin-cleansing fountain,Lelia Morris,NA,classical,NA,publicdomain,0.0,0,0,21,2,1,0,43,498,11.581395348837209,False,2.7566578674896163,0.9718875502008032,0.9354166666666668
QmVGemxiJghwcphMftSfPXYbff9hgy289G9DJaYtWyYSj9,Hallelujah God our Father - Frank L. Armstrong,NA,Hallelujah God our Father,Frank L. Armstrong,NA,classical,NA,publicdomain,0.0,0,0,9,1,1,0,16,237,14.8125,False,2.860458856675409,0.9620253164556962,0.9752604166666666
QmS88ko8dGRc82up3wyQgAC6bQjx7Q77bfUFhqdJMMLQJp,Hallelujah I'm walking with the King,NA,Hallelujah I'm walking with the King,Misc Traditional,NA,folk,NA,publicdomain,0.0,0,1,70,1,1,0,9,154,17.11111111111111,False,2.4744029950980844,0.9935064935064936,0.9348958333333334
QmbmeRX3BWJiRxszuwQpqTxM4GbhsmvuRkp1UKbuuT4Uh4,Hallelujah praise His holy name - J. Edwin McConnell,NA,Hallelujah praise His holy name,J. Edwin McConnell,NA,classical,NA,publicdomain,0.0,0,0,13,2,1,0,8,196,24.5,True,2.6278958283908667,0.9897959183673468,0.921875
QmZxjWFhmCd5DKF3PYG6cNpSzBaX3zBWK9wxgJz19Mwqhr,Hallelujah Recital,Leonard Cohen,NA,NA,NA,NA,NA,cc-zero,0.0,0,0,18,1,1,0,30,105,3.5,True,2.5710180137843546,1.0,0.9097222222222222
QmQEeZW6BvAdhaHtvsd5HMZwptrboCSqR44DBdKA2ajrHi,Hallelujah Score,NA,songs of leonard cohen,Leonard Cohen,Leonard CohenArr. Esteban Sánchez.,folk,NA,cc-zero,0.0,0,5,572,1,1,0,59,506,8.576271186440678,True,2.620951594831569,0.996031746031746,0.9943181818181818
QmZTxy6pne2NSNM9q1y6bSdZDYaqgTgB2ksBFLvgw9hsDV,Hallelujah to the Lord! - W. Hutchins Callcott,NA,Hallelujah to the Lord!,W. Hutchins Callcott,NA,classical,NA,publicdomain,0.0,0,0,10,2,1,0,40,477,11.925,False,2.957160642873833,0.960167714884696,0.8984375
QmSz8UysuRzwfKNMCj5AcgJqzMMSQgp4iUSU2eEKY1P1Cw,Hallelujah! hail to Christ the Lord - J. E. Hall,NA,Hallelujah! hail to Christ the Lord,J. E. Hall,NA,classical,NA,publicdomain,0.0,0,0,11,1,1,0,16,288,18.0,True,2.683738186826054,0.9791666666666666,0.9152777777777776
Qmd3r44irMxgekju1CHaQzGd286CTQeDWd5M9ZFBGmVhqK,Hallelujah! Hallelujah! Hallelujah sing today - G. F. Root,NA,Hallelujah! Hallelujah! Hallelujah sing today,G. F. Root,NA,classical,NA,publicdomain,0.0,0,3,270,1,1,0,16,235,14.6875,True,2.5628901101407475,0.9531914893617022,0.9375
QmcM5JtfcaYJB1VMRWuEECH2UroWNdLeMPGGNuz7GhTmon,Hallelujah! hallelujah! O what joy divine - J. Howard Entwisle,NA,Hallelujah! hallelujah! O what joy divine,J. Howard Entwisle,NA,classical,NA,publicdomain,0.0,0,1,114,1,1,0,32,357,11.15625,True,2.956883104817414,0.9159663865546218,0.9348958333333334
QmYAa5q311c3qqHPpEQLeE35XNPW6DdjWf571SfmvnZ7Jv,Hallelujah! I am walking in the light from the throne - H. L. Gilmour,NA,Hallelujah! I am walking in the light from the throne,H. L. Gilmour,NA,classical,NA,publicdomain,0.0,0,0,6,2,1,0,34,419,12.323529411764708,False,2.590632302089588,0.9976133651551312,0.9409722222222222
QmWnc9jkokmU4XtmZ81AcRWvKfDvpBgCogGzzsoYpPn6KH,Halling,NA,Halling,Misc Traditional,anon.,folk,NA,publicdomain,0.0,0,0,0,1,1,0,10,52,5.2,False,2.460839165885658,1.0,0.9427083333333334
QmYNT3xRD5DgUiwnvwMXKfuknGRm3NY5YRbSiYUtafPxhn,Halling,NA,Halling,Misc Traditional,anon.,folk,NA,publicdomain,0.0,0,0,3,1,1,0,18,90,5.0,False,2.644487017135805,1.0,0.9544270833333334
QmexCJiiM76XgjgSkK8Mvia9ahBz7B8V2xS1ARkw7DzzXd,Halling,NA,Halling,Misc Traditional,NA,folk,NA,publicdomain,0.0,0,0,1,1,1,0,36,132,3.6666666666666665,False,2.841811173332144,0.9848484848484848,0.9097222222222222
QmdN5XtvY53xpkdKE3SJEF1VmibidPdwjkFBXbdeZCUuKH,Halling (F),NA,Halling,Misc Traditional,anon.,folk,NA,publicdomain,0.0,0,0,3,1,1,0,48,114,2.375,False,2.6379652216790257,0.9298245614035088,0.9637681159420288
QmTUvEyzVHr4b4NXQwaj6YCWRGwJysTi39WCTAShBzwyTn,Halling fr\aan Gummarskog,NA,Halling fr\aan Gummarskog,Misc tunes,NA,NA,NA,publicdomain,0.0,0,0,7,1,1,0,32,304,9.5,False,2.3703109997023537,0.993421052631579,0.9427083333333334
Qmebbb3J17T5yBcQtq4AVizLEskka1TgBg8gNSNsNRiYRR,Halling fra Telemark - 68,NA,Halling fra Telemark - 68,Misc tunes,NA,NA,NA,publicdomain,0.0,0,0,10,1,1,0,25,141,5.64,False,2.8350816653380813,0.9858156028368794,0.9356060606060606
QmaDANPneoRERtayFyk15sUbZ3DVzUNSmR6kLNboAYAG4p,Halling fra Urskog,NA,Halling fra Urskog,Misc Traditional,NA,folk,NA,cc-zero,0.0,0,0,91,1,1,0,29,185,6.379310344827586,False,3.0126653482426624,0.9135135135135136,0.9375
QmUtE8wLsDjUyRc5Qe5brVb8s8vwUqpUNkLCZSjg5DKuMz,Halljátok cigányok,NA,NA,NA,NA,NA,NA,publicdomain,0.0,0,3,164,0,1,0,12,62,5.166666666666667,True,2.900541286520413,0.9193548387096774,0.9299242424242424
QmbMynqooYGHWzNTDzLnyfvmXshy7D1e5ffm7ZXPJWX7Eu,Hallowed Peace - Geo. Kingsley,NA,Hallowed Peace,Geo. Kingsley,NA,classical,NA,publicdomain,0.0,0,0,2,1,1,0,12,153,12.75,False,2.453790440699348,1.0,0.9192708333333334
QmbfSW4rfg6TEjtZQgTDupEjTfBfYrKBrwxKq843Vw3gjk,Halloween Time,NA,Halloween Time,abbyborcoman,Abby Borcoman,NA,NA,cc-zero,0.0,0,0,41,0,1,0,33,220,6.666666666666667,False,3.304786764847828,0.7454545454545455,0.9522569444444444
QmRPpnBTZcbkDKSQKnxC1qSGh9gEbXFmoPp2QEJpFBZxGs,Halo,NA,NA,NA,Martin O'Donnel Michael Salvatori Arr. by William Vickery,NA,halo-piano,cc-zero,0.0,0,24,579,2,1,0,69,865,12.53623188405797,False,2.702604087968372,0.9606936416184972,0.9089381720430108
Qmbi2GvDRJp8nchT2GF1cPb4RPy6GCnW3Bu1ZTb8M729n4,Halsey - Jay Deavereaux,NA,Halsey - Jay Deavereaux,Jay Deavereaux,NA,classical,NA,publicdomain,0.0,0,0,12,1,1,0,20,231,11.55,False,2.452353525847309,0.9956709956709956,0.914351851851852
QmNyzskynnXE9YbZ3wD8umrM6P2JF6zDCD8cAS4MynUWFC,Halt by andrinirina,NA,NA,NA,Andrinirina,NA,NA,cc-zero,0.0,0,1,55,2,1,0,32,441,13.78125,False,2.761993348367662,0.9591836734693876,0.9403735632183908
QmYTRaXXKGZ754jnwqCGQnfZBoqWrJBeTMaahGSYCZUxiM,Halting lingering fearing longing - R. Menthal,NA,Halting lingering fearing longing,R. Menthal,NA,classical,NA,publicdomain,0.0,0,0,2,1,1,0,20,260,13.0,False,2.886808201569432,0.9653846153846154,0.9362745098039216
QmeRRUXSCrRL1i5yueGmDZgTELtbFmDdN45qVdKvj8jfbc,Halton Holgate - Andrew Sims,NA,Halton Holgate,Andrew Sims,NA,classical,NA,publicdomain,0.0,0,0,12,0,1,0,8,34,4.25,True,2.7484690931523854,0.9705882352941176,0.9739583333333334
QmSszuz1UjQMCdJJRSK53CTw5ErBW7wBc4QqX7giiQZf6K,Ham Frolick. VWMLa.166,Greensleevesaka. VWMLa.166,Ham Frolick. VWMLa.166,Misc tunes,NA,NA,NA,publicdomain,0.0,0,0,4,1,1,0,36,170,4.722222222222222,False,2.653529386845056,0.9882352941176472,0.9574652777777778
QmZwPdze831gFEZ9DWgaz1Wo5bhYV9ZLkk3UmRRVDLBmx3,Hambleton's Rant,NA,Hambleton's Rant,Misc tunes,NA,NA,NA,publicdomain,0.0,0,0,0,0,2,0-0,9,97,10.77777777777778,False,2.629559853360889,1.0,0.890625
QmQyTYVZJYJHm7UdmBytnDP7eCwkt2CNDGo4eTA3amEzAE,Hambo med bakmes fr\aan Hede,NA,Hambo med bakmes fr\aan Hede,Misc tunes,NA,NA,NA,publicdomain,0.0,0,0,5,0,2,0-0,27,352,13.037037037037036,False,2.7346802654734312,0.8657142857142858,0.8729166666666667
QmbU7KZwnnCZwSjvvdisXqFERuMKKxuSt57A9fEhfqyiJb,Hambrook Broom Dance,NA,Broom Dance,Misc Traditional,DDK-K once through 2X SH DDK-K A music only,folk,NA,publicdomain,0.0,0,0,6,1,1,0,126,499,3.960317460317461,False,2.446881550109681,1.0,0.9322916666666666
QmXRdmdx4nkaK1gmyDeBCLEZUyYEPYvLZaKU28c8atg9Th,Hamburgh WaltzThe3voices. JGi.203,NA,Hamburgh WaltzThe3voices. JGi.203,Misc tunes,NA,NA,NA,publicdomain,0.0,0,0,1,0,3,0-0-0,54,360,6.666666666666667,False,2.4415854386747093,0.99438202247191,0.9085648148148148
QmaP73mk6sj6dQM1fsFpDyu9djNpM64uWKkVe4CBUir7YW,Hamilla,Bonniest Lass in all the World,Hamilla,Misc tunes,NA,NA,NA,publicdomain,0.0,0,0,2,1,1,0,18,101,5.611111111111111,False,2.650048052526138,1.0,0.9309895833333334
QmcCjTSRzqp6mJiVkjdUtjrrUQSUJi3aLvgrSZdTgaVYXy,Hamish the Carpenter,Och a ChiallainOld Time Wedding Reel 2,Hamish The Carpenter,Misc tunes,NA,NA,NA,publicdomain,0.0,0,0,3,1,1,0,16,113,7.0625,False,2.418700594601601,1.0,0.9544270833333334
QmYqog6EjodMKQ8KsNY3b257XXmAPtNDjbX9o3nWLnkX12,Hammerschmidt Andreas - Machet die Tore weit,NA,Machet die Tore weit,Andreas Hammerschmidt,Andreas Hammerschmidt (1611-1675),classical,choir-advent-ssatbb,cc-zero,3.99,3,1,114,0,5,0-0-0-0-0,78,853,10.935897435897436,True,2.8885814676797565,0.95,0.966820987654321
QmNTPAxbrTZDSdEphxuA3i6beUm5S9JA857kU3aUK3GAUm,Hammersmith Assembly,NA,Hammersmith Assembly,Misc tunes,NA,NA,NA,publicdomain,0.0,0,0,2,1,1,0,32,156,4.875,False,2.84031836846867,0.9871794871794872,0.9418402777777778
QmdvJ6P9Rj1GsXWJWhbzGZ4s9j2hbiRBVR8uVrFcsFc1up,Hampstead Assembly,NA,Hampstead Assembly,Misc tunes,NA,NA,NA,publicdomain,0.0,0,0,2,1,1,0,36,176,4.888888888888889,False,2.6924451758986665,0.9886363636363636,0.89453125
QmdS47xjowT24LwRcRgCvYYA9DcStawoEHFrpSsTK32ZLQ,Hampstead Assembly,NA,Hampstead Assembly,Misc tunes,NA,NA,NA,publicdomain,0.0,0,0,0,0,2,0-0,36,264,7.333333333333333,False,2.6180835281908186,0.9924242424242424,0.89453125
QmdYKnCU1AQMCnmTX3bRWK4T9yTUDnoqnTJ3eEAAJvfGk2,Hampstead Assembly. JJo3.124,NA,Hampstead Assembly. JJo3.124,Misc tunes,NA,NA,NA,publicdomain,0.0,0,0,2,1,1,0,36,156,4.333333333333333,False,2.8454559790857537,0.9487179487179488,0.9375
QmbJoDPT1DH9Bu9TeZoNVSiK8cbUsGxp6ccwrRunzNRy2n,Hampstead Heath,NA,Hampstead Heath,Misc tunes,NA,NA,NA,publicdomain,0.0,0,0,4,1,1,0,52,216,4.153846153846154,False,2.5376234749196453,0.9907407407407408,0.8958333333333334
Qme4kc7ANLVrG3ZJdnvGF7zsCLESHWJ9mFWc24dyua4e57,Hampstead Heath2parts. JNu.43,NA,Hampstead Heath2parts. JNu.43,Misc tunes,NA,NA,NA,publicdomain,0.0,0,0,0,0,2,0-0,50,436,8.72,False,2.801644503466544,0.9724770642201837,0.949074074074074
QmQgbLtesed8rMKu1GzFsw8Urva5voc8cZW9SGz9z6Su4z,Hampstead Heath2voices. JNu.43,NA,Hampstead Heath2voices. JNu.43,Misc tunes,NA,NA,NA,publicdomain,0.0,0,0,6,0,2,0-0,35,302,8.628571428571428,False,2.798655007707044,0.9801324503311258,0.9461805555555556
QmPSyuZ2CK4w5arTfsRyMNYyJvj3JvGX9MoHPe5vpSdfTL,Hampstead Manour. WCD3/2.122,NA,Hampstead Manour. WCD3/2.122,Misc tunes,NA,NA,NA,publicdomain,0.0,0,0,1,1,1,0,52,214,4.115384615384615,False,2.5535708830623896,0.9906542056074766,0.900462962962963
QmZNyEyPPdsCAcmYU3vbVahm5mYpkJM5Js5EZxg4MjuxzG,Hampton (11112),NA,Hampton (11112),Misc Traditional,NA,folk,NA,publicdomain,0.0,0,0,1,1,1,0,8,104,13.0,False,2.4125541519424267,1.0,0.9739583333333334
QmT6SeQZRptSVH8SqRN6xE8amCihGJiqB8iA3A7d8C3Jxe,HAMusik,NA,NA,NA,NA,NA,music-music-schlecht,cc-zero,0.0,0,0,20,1,1,0,32,82,2.5625,False,2.7573413600564014,1.0,0.9739583333333334
QmUPsfYF7dHb5zYxHXvHXydDombP61a6gpMecUEscj2icC,Hanamuke - Monogatari Second Season,NA,Hanamuke,Satoru Kosaki,NA,soundtrack,bakemonogatari-nisemonogatari-monogatari-monogatarisecondseason-araragi-hachikuji-anime-emotional,cc-zero,4.7,7,55,2578,2,1,0,110,1023,9.3,False,3.029636849807575,0.9257086999022482,0.9608180428134556
QmZADM6xXGoutYb7ZE3dpvg2FtHqmYVokT2QhRpC1bTonb,Hand of James Lishman - A Greeable Surprize. BF11.26,NA,A Greeable Surprize. BF11.26,Hand of James Lishman,Hand of James Lishman,classical,NA,publicdomain,0.0,0,0,1,1,1,0,36,156,4.333333333333333,False,2.537092498218417,1.0,0.9453125
QmbSKEkKeo7mcyJsxLdgVUM9mdcoVNGDGey5g3jy8tiAWS,Hand of James Lishman - Bonny Lass To Marry Me. BF11.32,NA,Bonny Lass To Marry Me. BF11.32,Hand of James Lishman,Hand of James Lishman,classical,NA,publicdomain,0.0,0,0,2,1,1,0,18,126,7.0,False,2.417425069221591,1.0,0.92578125
QmNwgmsUjvcjeH1pSqmdzDYfPAuEGv36NMMeb2CPbA8NaN,Hand of James Lishman - Braes of AcklebrieThe. BF11.03,NA,Braes of AcklebrieThe. BF11.03,Hand of James Lishman,Hand of James Lishman,classical,NA,publicdomain,0.0,0,0,1,1,1,0,32,244,7.625,False,2.626687911001501,1.0,0.9615885416666666
Qma6gL6Piv5nwKSLbo54c24AFDjWFV6oS63HczqCUbhX71,Hand of James Lishman - Break the Windows. BF11.20,NA,Break the Windows. BF11.20,Hand of James Lishman,Hand of James Lishman,classical,NA,publicdomain,0.0,0,0,3,1,1,0,32,132,4.125,False,2.611028442925857,1.0,0.9088541666666666
QmPQvYjwQzbwUJ6uFd2juSWBJHdgs1aKzLgUap8Syrdeik,Hand of James Lishman - Coxheath March. BF11.42,NA,Coxheath March. BF11.42,Hand of James Lishman,Hand of James Lishman,classical,NA,publicdomain,0.0,0,0,2,1,1,0,36,238,6.611111111111111,False,2.7982728159350363,0.9831932773109244,0.9485677083333334
QmUhthpRNXXsqd11zSAMiTU6GrMX5vdh96uXKb62HMV524,Hand of James Lishman - Denby's March. BF11.66,NA,Denby's March. BF11.66,Hand of James Lishman,Hand of James Lishman,classical,NA,publicdomain,0.0,0,0,1,1,1,0,20,108,5.4,False,2.1395998768037168,1.0,0.9036458333333334
QmRqboUo1entrBzzAfwgnSnzSeyXB1G4HqegTJxbU3FjEC,Hand of James Lishman - Doubtful Shepherd. BF11.49,NA,Doubtful Shepherd. BF11.49,Hand of James Lishman,Hand of James Lishman,classical,NA,publicdomain,0.0,0,0,2,1,1,0,32,160,5.0,False,2.72181184218599,1.0,0.9479166666666666
QmTTASApKrxWXi22Ghq62KgPzovcN2ebdnbH8LxnycGL1k,Hand of James Lishman - Down With The French. BF11.45,NA,Down With The French. BF11.45,Hand of James Lishman,Hand of James Lishman,classical,NA,publicdomain,0.0,0,0,4,1,1,0,32,134,4.1875,False,2.5329635528686048,1.0,0.9166666666666666
QmaW5BMWQmaqEYPecNW99RBv1eitMUhQWEFhK5pEnWGjtW,Hand of James Lishman - Duke of York New March. BF11.63,NA,Duke of York New March. BF11.63,Hand of James Lishman,Hand of James Lishman,classical,NA,publicdomain,0.0,0,0,2,1,1,0,44,294,6.681818181818182,False,2.7125246748910605,1.0,0.9380208333333332
QmPEXyyjctobVnoMqsvuSmCtHRfqYHkRB8XnKKXkf2Xfan,Hand of James Lishman - Edinburgh Castle. BF11.53,NA,Edinburgh Castle. BF11.53,Hand of James Lishman,Hand of James Lishman,classical,NA,publicdomain,0.0,0,0,4,1,1,0,16,140,8.75,False,2.296329982673582,1.0,0.9231770833333334
QmW6irUraCyrb38j7oCBpeRxmonAWjfdrUGktMfviP3zHU,Hand of James Lishman - Fill The Tankard. BF11.07,NA,Fill The Tankard. BF11.07,Hand of James Lishman,Hand of James Lishman,classical,NA,publicdomain,0.0,0,0,1,1,1,0,17,108,6.352941176470588,False,2.570492470954472,1.0,0.9166666666666666
QmS8ck1wimzN3Whuj4eDX83NrpvN76KUQvyiCpXn1pGEsx,Hand of James Lishman - Hanner's Jigg. BF11.04,NA,Hanner's Jigg. BF11.04,Hand of James Lishman,Hand of James Lishman,classical,NA,publicdomain,0.0,0,0,5,1,1,0,16,64,4.0,False,2.5676388857036607,1.0,0.9097222222222222
QmPX2aPQ7ztnzt5ZtiLvVf9T6x5bZHqerXUSqC26hNZ5n5,Hand of James Lishman - HautboyThe. BF11.40,NA,HautboyThe. BF11.40,Hand of James Lishman,Hand of James Lishman,classical,NA,publicdomain,0.0,0,0,1,1,1,0,20,118,5.9,False,2.6710507874065184,1.0,0.9453125
QmNVxxzQ6m6sSwywoLTNSsNoJLA8mNrxAZV58GKbU7rzwY,Hand of James Lishman - Hawkshead Rants. BF11.36,NA,Hawkshead Rants. BF11.36,Hand of James Lishman,Hand of James Lishman,classical,NA,publicdomain,0.0,0,0,4,1,1,0,36,128,3.555555555555556,False,2.8827217694985645,0.9375,0.9105902777777778
QmPbCCcn73c8i9n6VkcbPZusMbqveYvuNN335uMT8XVjY6,Hand of James Lishman - Highland Laddie. BF11.48,NA,Highland Laddie. BF11.48,Hand of James Lishman,Hand of James Lishman,classical,NA,publicdomain,0.0,0,0,2,1,1,0,20,126,6.3,False,2.544474412173331,1.0,0.9361979166666666
QmYay9gYNgoLAho39pzANEsKXEShaGrrFuW283CExdA4Fo,Hand of James Lishman - Jackson's Shaving Brush. BF11.17,NA,Jackson's Shaving Brush. BF11.17,Hand of James Lishman,Hand of James Lishman,classical,NA,publicdomain,0.0,0,0,5,1,1,0,34,122,3.588235294117647,False,2.7023963097353474,1.0,0.9010416666666666
QmeJz9icHi6MYhGkkji4LbmQ8rdxKfmHzZRnbMe5zLWyPv,Hand of James Lishman - James Louders March. BF11.51,NA,James Louders March. BF11.51,Hand of James Lishman,Hand of James Lishman,classical,NA,publicdomain,0.0,0,0,4,1,1,0,36,224,6.222222222222222,False,2.6189828126609846,1.0,0.880859375
QmRfEQ9Qc96kpptCCR5oYFupdDM46ARN1SQCaUQ2q6j5s7,Hand of James Lishman - Jenny's Delight. BF11.12,NA,Jenny's Delight. BF11.12,Hand of James Lishman,Hand of James Lishman,classical,NA,publicdomain,0.0,0,0,3,1,1,0,20,116,5.8,False,2.5375831879208293,1.0,0.9596354166666666
QmNyF8JpLeJ77bqtc4MJzZ9N5KTf9C4HDVSZo54hhgMgbD,Hand of James Lishman - Jigg. BF11.50 A,NA,Jigg. BF11.50 A,Hand of James Lishman,Hand of James Lishman,classical,NA,publicdomain,0.0,0,0,3,1,1,0,16,130,8.125,False,2.5035387172781016,1.0,0.9557291666666666
Qmd6D8zbVeLtxWE5as1vNdgjKcDe1bYqjJRUgoPi8bZsMZ,Hand of James Lishman - Jimmy of the Glen. BF11.59,NA,Jimmy of the Glen. BF11.59,Hand of James Lishman,Hand of James Lishman,classical,NA,publicdomain,0.0,0,0,4,1,1,0,20,128,6.4,False,2.498095161717644,1.0,0.89453125
QmaoNMHN4kr5yjX1V1QBgXEdX4QNaWtLZCzpXLmj57xJRA,Hand of James Lishman - Jolly Cobbler. BF11.16,NA,Jolly Cobbler. BF11.16,Hand of James Lishman,Hand of James Lishman,classical,NA,publicdomain,0.0,0,0,3,1,1,0,17,124,7.294117647058823,False,2.670683611568229,1.0,0.9752604166666666
QmfVuhoTdpdk2v64qzsnmhyZnfbcLGpEPxEnrF98z8VBW5,Hand of James Lishman - Lamb & Sallard. BF11.52,NA,Lamb & Sallard. BF11.52,Hand of James Lishman,Hand of James Lishman,classical,NA,publicdomain,0.0,0,0,18,1,1,0,15,108,7.2,False,2.4926993711740577,1.0,0.9555555555555556
QmayfGoj85qFk68iTqhpBDVQWrnAgzn3mjz6bCTKHiFDXp,Hand of James Lishman - Liveing Hall. BF11.14,Lilling Hallaka. BF11.14Linnen Hallaka. BF11.14,Liveing Hall. BF11.14,Hand of James Lishman,Hand of James Lishman,classical,NA,publicdomain,0.0,0,0,1,1,1,0,32,140,4.375,False,2.717251732778463,0.9857142857142858,0.9262152777777778
QmTB7FiHKzmkQtcbR1WeKCteK2H44WRVKAVGKCA1NnxyjW,Hand of James Lishman - March. BF11.13 A,NA,March. BF11.13 A,Hand of James Lishman,Hand of James Lishman,classical,NA,publicdomain,0.0,0,0,1,1,1,0,36,204,5.666666666666667,False,2.741946165435581,1.0,0.98046875
QmdaJ5sMG2gDhfchBPSsQH8a7iHtB1HHZJzikdM2tATnCX,Hand of James Lishman - Milk Maids. BF11.34,NA,Milk Maids. BF11.34,Hand of James Lishman,Hand of James Lishman,classical,NA,publicdomain,0.0,0,0,1,1,1,0,20,138,6.9,False,2.346873955696852,1.0,0.9466145833333334
QmTfVMdqR9uXuiv2fgERpArS6XwR2z8vmUqn1F323xrXoH,Hand of James Lishman - Miss Farquharson's Reel. BF11.30,My Love Is But A Lassie Yet. BF11.30,Miss Farquharson's Reel. BF11.30,Hand of James Lishman,Hand of James Lishman,classical,NA,publicdomain,0.0,0,0,2,1,1,0,25,185,7.4,False,2.5740569260228723,1.0,0.9614583333333332
QmSA63F2kx1M5YSSYiXzszAmwEgCXXdEVTBfERCWkeemjd,Hand of James Lishman - Miss Fravisers(?) Reel. BF11.29,NA,Miss Fravisers(?) Reel. BF11.29,Hand of James Lishman,Hand of James Lishman,classical,NA,publicdomain,0.0,0,0,1,1,1,0,12,101,8.416666666666666,False,2.371573981873555,1.0,0.8923611111111112
QmU8mLGC223gwv6FsN7MuSYQkLmQCPTwuKqsTjp3LbfLho,Hand of James Lishman - Miss Mc Cloud's. BF11.56,NA,Miss Mc Cloud's. BF11.56,Hand of James Lishman,Hand of James Lishman,classical,NA,publicdomain,0.0,0,0,1,1,1,0,28,196,7.0,False,2.4553850921492364,1.0,0.9409722222222222
QmP85yywYHZgMqaXtdipAbGE6h2JJAQaGn4CoupZX364fU,Hand of James Lishman - Miss Skinner's Reel. BF11.35,NA,Miss Skinner's Reel. BF11.35,Hand of James Lishman,Hand of James Lishman,classical,NA,publicdomain,0.0,0,0,1,1,1,0,20,152,7.6,False,2.3832654949708525,1.0,0.9518229166666666
QmUHRnFVzZDihWjhqskcWZhVB9qJ7xaaYAcbpy2gb7U2Fb,Hand of James Lishman - Nancy Under't Hill. BF11.19,NA,Nancy Under't Hill. BF11.19,Hand of James Lishman,Hand of James Lishman,classical,NA,publicdomain,0.0,0,0,4,1,1,0,32,120,3.75,False,2.6448668360476835,1.0,0.9140625
QmQSAPfhzpyAcBCLzpsZhtt2Zd8bDMzrAhyohfQiyf6Ks7,Hand of James Lishman - Needels & Twine. BF11.11,NA,Needels & Twine. BF11.11,Hand of James Lishman,Hand of James Lishman,classical,NA,publicdomain,0.0,0,0,3,1,1,0,54,220,4.074074074074074,False,2.674577808310332,1.0,0.921875
QmeBWH5CcrJQNP5fL7FhHYeCSySwEnvxCxGjJsVPiDkirE,Hand of James Lishman - Sailor's Topsail. BF11.46,NA,Sailor's Topsail. BF11.46,Hand of James Lishman,Hand of James Lishman,classical,NA,publicdomain,0.0,0,0,7,1,1,0,16,124,7.75,False,2.630354374344689,1.0,0.9817708333333334
QmWaJnwJh6Vy2GxX8UZJc7inuoaDe4bMk6oHyizNtD9Gsm,Hand of James Lishman - Scant of Money. BF11.39,NA,Scant of Money. BF11.39,Hand of James Lishman,Hand of James Lishman,classical,NA,publicdomain,0.0,0,0,4,1,1,0,17,173,10.176470588235292,False,2.5203713915783603,1.0,0.9778645833333334
QmUY9LkZ3apc9MJGVBjBzRA65GzhaZSD8Ri7vzpSCTaTS8,Hand of James Lishman - Sinclair's Reel. BF11.33,NA,Sinclair's Reel. BF11.33,Hand of James Lishman,Hand of James Lishman,classical,NA,publicdomain,0.0,0,0,3,1,1,0,20,140,7.0,False,2.473586466784498,1.0,0.9596354166666666
QmfNBcS7HLGzpp34WGJBpkZonj6m847DRFhgQomXaxxPAc,Hand of James Lishman - Swans March. BF11.61,NA,Swans March. BF11.61,Hand of James Lishman,Hand of James Lishman,classical,NA,publicdomain,0.0,0,0,1,1,1,0,36,188,5.222222222222222,False,2.533517312268189,1.0,0.9375
QmVJ6g4nGvRGouztM5zLnAQmLfEmA7oqHu2SqUt9Tsunj2,Hand of James Lishman - Sweet Lips. BF11.18,NA,Sweet Lips. BF11.18,Hand of James Lishman,Hand of James Lishman,classical,NA,publicdomain,0.0,0,0,3,1,1,0,36,132,3.6666666666666665,False,2.772467299358353,1.0,0.8923611111111112
QmVLCFHbXW4qjvb11Qpqn5PjKt9myLQuAzemewvawatgQf,Hand of James Lishman - Tawny Gate Corner. BF11.08,NA,Tawny Gate Corner. BF11.08,Hand of James Lishman,Hand of James Lishman,classical,NA,publicdomain,0.0,0,0,2,1,1,0,36,136,3.7777777777777777,False,2.6098501660289424,1.0,0.9149305555555556
QmdeTGfrkUdpSh6Q4iu9PTes61uvpRAGpBaCdHGnAFD5e8,Hand of James Lishman - The 16th of October. BF11.22,La Belle Catherineaka. BF11.22Come Dance and Singaka. BF11.22,The 16th of October. BF11.22,Hand of James Lishman,Hand of James Lishman,classical,NA,publicdomain,0.0,0,0,1,1,1,0,36,140,3.888888888888889,False,2.669013727312268,1.0,0.9479166666666666
QmYx68ZEiQv9bGfs5se3eMGMC64fAGktipejJq9q5wojqq,Hand of James Lishman - The Corsican Fairy. BF11.67,NA,The Corsican Fairy. BF11.67,Hand of James Lishman,Hand of James Lishman,classical,NA,publicdomain,0.0,0,0,1,1,1,0,32,156,4.875,False,2.6996101914968507,1.0,0.9435763888888888
QmV9eGGhswiyg9AbnG86kftf3ckanSkwjaFkKGcuxt7bnJ,Hand of James Lishman - The Gold Ring. BF11.47,NA,The Gold Ring. BF11.47,Hand of James Lishman,Hand of James Lishman,classical,NA,publicdomain,0.0,0,0,1,1,1,0,36,144,4.0,False,2.6561512463746,1.0,0.9288194444444444
QmSkpKacQfsHbXyZP5QBGRgz9XU8WK5PijXVdHiVkTurv4,Hand of James Lishman - The Happy Meeting. BF11.05,NA,The Happy Meeting. BF11.05,Hand of James Lishman,Hand of James Lishman,classical,NA,publicdomain,0.0,0,0,2,1,1,0,32,162,5.0625,False,2.728956842406701,1.0,0.9538043478260868
QmdAurYf9dF9SeQLVerieefMx2Farx1tgBnqJBiRFWydPU,Hand of James Lishman - The Harlequen Dance. BF11.38,NA,The Harlequen Dance. BF11.38,Hand of James Lishman,Hand of James Lishman,classical,NA,publicdomain,0.0,0,0,3,1,1,0,36,176,4.888888888888889,False,2.873152054829452,0.9772727272727272,0.9618055555555556
QmdVp7t9cUmMhKueANNYQjKJ78RC9Kx2JaSoHZiWhB6Bks,Hand of James Lishman - The Reaper Dance. BF11.41,NA,The Reaper Dance. BF11.41,Hand of James Lishman,Hand of James Lishman,classical,NA,publicdomain,0.0,0,0,2,1,1,0,32,138,4.3125,False,2.6643575552974714,1.0,0.9227430555555556
QmNoNarPAL3L7UgD2pVZLaJvkZmbL59E58bB2S62jTjTz9,Hand of James Lishman - Thomas Birket's Jigg. BF11.44,NA,Thomas Birket's Jigg. BF11.44,Hand of James Lishman,Hand of James Lishman,classical,NA,publicdomain,0.0,0,0,1,1,1,0,32,130,4.0625,False,2.6888961047329927,1.0,0.9019097222222222
QmbzYWyjwodBoYms44g8Fj5MDuyuPikirobijfVdVixNQG,Hand of James Lishman - Trip To Cartmell. BF11.10,High Road To Lintonaka. BF11.10,Trip To Cartmell. BF11.10,Hand of James Lishman,Hand of James Lishman,classical,NA,publicdomain,0.0,0,0,4,1,1,0,16,130,8.125,False,2.764161162351085,1.0,0.9635416666666666
QmZUNYXw48UQUNJXKVYVydLMyLPQRumuQAqj77SekQENCq,Hand of James Lishman - Trip to London. BF11.28,NA,Trip to London. BF11.28,Hand of James Lishman,Hand of James Lishman,classical,NA,publicdomain,0.0,0,0,9,1,1,0,24,136,5.666666666666667,False,2.654848085315391,1.0,0.976851851851852
QmVg7NnRYw9JAjTRtFTwV9Y7jCde5V5oaqLHVCqtjEgAVS,Hand of James Lishman - Wee'l All Lie Together. BF11.24,Buy Broom Besomsaka. BF11.24,Wee'l All Lie Together. BF11.24,Hand of James Lishman,Hand of James Lishman,classical,NA,publicdomain,0.0,0,0,2,1,1,0,16,100,6.25,False,2.687519460266851,1.0,0.9039351851851852
QmYq8rn4AP7uM91H2TPWTW13crs47E11RnjXGHQYJVFnok,Hand Organ Polka,NA,Hand Organ Polka,Misc tunes,NA,NA,NA,publicdomain,0.0,0,0,2,1,1,0,72,310,4.305555555555555,False,2.715717432651857,0.9741935483870968,0.8625
Qmb8m63jpA9PH4sYmhE11a4TsfhWL7csPnaTLNTuwZacfj,Handel - Fugue No 1 in G minor HMV 605,HMW 605,Fugue No.1 in G minor HMV 605,Georg Friedrich Händel,George Frideric Handel (1685-1759),classical,handel-george-fugue-gminor-hmv-solo-piano-frideric,cc-zero,4.89,7,7,264,2,1,0,70,1167,16.67142857142857,False,3.239183616286684,0.8810344827586207,0.9586442786069652
QmbRg1MKZRSiWAH88ZTys3ht2TogUbfppnL3cnWYRiEoNc,Handel - Great King Street,NA,Great King Street,Georg Friedrich Händel,Handel,classical,NA,publicdomain,0.0,0,0,2,1,1,0,19,45,2.3684210526315788,False,2.7804471303664564,0.9777777777777776,0.9814814814814816
Qmc1btjFWukZhZG155GCyzWEGhRQ2o7efyw2NX35Mmb6kE,Handel - Handel with Care,NA,Handel with Care,Georg Friedrich Händel,Handel,classical,NA,publicdomain,0.0,0,1,45,1,1,0,13,104,8.0,False,2.4178742318665103,1.0,0.9184027777777778
QmTvuee2v6J7WwqaCWNUWj6bK6vPd4gwC9MU7xzUC19Y42,Handel - Handel's Clarinet. Secondo. TLY.016,NA,Handel's Clarinet. Secondo. TLY.016,Georg Friedrich Händel,Handel,classical,NA,publicdomain,0.0,0,0,4,1,1,0,30,188,6.266666666666667,False,2.4152795592285217,1.0,0.9077380952380952
QmTNT9WM9ttiv4DkjB52TAtWYCjq6LBtwXAerrYgCBgVEQ,Handel - Handel's Water Piece. RH.165,NA,Water Music HWV 348-350,Georg Friedrich Händel,Handel,classical,NA,publicdomain,0.0,0,0,21,1,1,0,47,285,6.0638297872340425,False,2.397190899911946,0.9964912280701754,0.9242021276595744
QmXEe4TZkbG568G87njLiw9tXJ3wdQKceVZ7B17Q6JjBYs,Handel - Passacaille Suite 7 - HWV 432,Suite 7 - HWV 432,Suite in G minor HWV 432,Georg Friedrich Händel,G. F. Handel (1685-1759),classical,handel-keyboard-passacaille,cc-zero,4.86,39,56,2132,2,1,0,130,2532,19.476923076923075,False,3.041740666695667,0.9357142857142856,0.9471666666666668
QmVfXQT9Ntt9xEuMqmVmyJno1ShjXhcKEJfUPwJQtxHF55,Handel - SEE THE CONQUERING HERO COMES,NA,Judas Maccabaeus HWV 63,Georg Friedrich Händel,Handel,classical,NA,publicdomain,0.0,0,0,6,1,1,0,24,95,3.9583333333333335,False,2.5927337398209467,0.9789473684210528,0.9288194444444444
QmaeP1ywfSRH1YrVhPK6b5JtxV7X4zgU7Fu2MKK5btTzRT,Handel - The Welsh March,NA,The Welsh March,Georg Friedrich Händel,Handel,classical,NA,publicdomain,0.0,0,0,2,1,1,0,40,150,3.75,False,2.409320820913801,0.98,0.9135416666666668
QmSZqC3s6dQqw5zWsB2XXcSVQu2Ry8iTbVxSVvio4zqeG2,Handel G.F. Menuet HWV 434 4,NA,Menuet HWV 4344,Georg Friedrich Händel,Handel George Frideric,classical,suite-baroque-menuet-keyboard,cc-zero,4.52,49,88,1844,1,1,0,76,540,7.105263157894737,False,3.063865889747115,0.9111111111111112,0.95796783625731
QmbUF7aHnBktUmr4bLzVkE843PwkHqNCKe1VEuJ6t9KL87,Handel Gigue Siebente Suite in g moll - HWV 432,Siebente Suite in g moll - HWV 432,Suite in G minor HWV 432,Georg Friedrich Händel,G. F. Handel (1685-1759),classical,handel-keyboard-suite,cc-zero,0.0,0,7,199,2,1,0,42,724,17.238095238095237,False,3.0273463913506182,0.9333333333333332,0.9787581699346404
QmfGf4cghYbigEM9AN55RJKhKWJ1gNz5NvVs86dT7aXSzk,Handel With Care,NA,Handel With Care,Misc tunes,Boure from Handel's Water Music,NA,NA,publicdomain,0.0,0,0,6,1,1,0,28,104,3.7142857142857135,False,2.4178742318665103,1.0,0.9670138888888888
QmYsVYXq7bpfSiYrBt5WbnT75XM4dkMEk2XaPiAEn3Jc29,HANDEL'S CELEBRATED PASTORAL SYMPHONY,NA,HANDEL'S CELEBRATED PASTORAL SYMPHONY,Misc tunes,G. F. Handel,NA,NA,publicdomain,0.0,0,0,32,0,3,0-0-0,32,550,17.1875,False,2.910980256173849,0.9684014869888476,0.8728298611111112
QmZnX9CDTESqG5t8t7DdjLFFeE7xqyQpqDKgTsM26K9S59,Handel's Clarinet. Primo. TLY.016,NA,Handel's Clarinet. Primo. TLY.016,Misc tunes,Handel?just guessing!,NA,NA,publicdomain,0.0,0,0,5,1,1,0,30,192,6.4,False,2.4658345351749724,1.0,0.9017857142857144
QmYpACnXWLy5ZQAhHp88TJTcznmkXJYbj17vVTRvnwzCuT,Handel's Clarinet.2Parts. TLY.016,NA,Handel's Clarinet.2Parts. TLY.016,Misc tunes,by Handel?just guessing!,NA,NA,publicdomain,0.0,0,0,6,0,2,0-0,30,382,12.733333333333333,False,2.5258093551095944,1.0,0.9077380952380952
QmWTTNBPVaQPpLvqjt4vZo5CE5WqgQsboJ5RvcuV4bf5nz,Handel's Water Piece. JNu.28,NA,Handel's Water Piece. JNu.28,Misc tunes,NA,NA,NA,publicdomain,0.0,0,0,6,1,1,0,2,9,4.5,False,1.7527152789797047,1.0,0.9375
QmP4jY1hsNvrPrdMwEcr3DBZwE9pDrfVRr9efpngPRh5Jg,Handel's Water Piece. Roose.0490,NA,Handel's Water Piece. Roose.0490,Misc tunes,NA,NA,NA,publicdomain,0.0,0,0,3,0,2,0-0,47,569,12.106382978723405,False,2.3551102895695943,0.9964850615114236,0.9233156028368794
QmQU7tazRsp6d4V238TynUS9ZyTX9KaWauqRDCWjtV9oeG,Handels Gavott..(No2). JC.256,Sidney Smith's March aka. JC.256,Handels Gavott..(No2). JC.256,Misc tunes,NA,NA,NA,publicdomain,0.0,0,0,1,1,1,0,64,358,5.59375,False,2.6569306839842515,0.988826815642458,0.9614583333333332
QmSWekc6GcVehxhxUdijtozPNGFYkGhZ5c7bkxSQ1F9Qmr,Handfull of Keys,NA,Handful of Keys,Fats Waller,Fats Waller,jazz-classical,NA,cc-zero,4.8,12,10,264,0,2,0-0,176,3371,19.15340909090909,False,3.357182519185983,0.8305084745762712,0.9422892720306514
QmVfX3SsKqS4Ju2y6htTchwqYXGuVsdxTsrtGKZy4XQXce,Handy With The Bottle,NA,Handy With The Bottle,Misc tunes,NA,NA,NA,publicdomain,0.0,0,0,1,1,1,0,36,178,4.944444444444445,False,2.7013635811873646,1.0,0.9704861111111112
QmYBWshn9cFnf3gbUeJNyMrV4NsXedm5HLCJ35sx8jbBQF,Handy With The Stick' (jig) 0896,NA,Handy With The Stick,Misc tunes,after Chief F. O'Neill,NA,NA,publicdomain,0.0,0,0,7,1,1,0,38,202,5.315789473684211,False,2.7213868972283657,0.9801980198019802,0.9703282828282828
Qmf8vMq8Qom7twBBzZa5xARmzQY5ufPJuxfYoCHnYu137u,Hang on Sloopy,NA,NA,NA,The McCoys,NA,NA,cc-zero,4.37,5,2,518,0,2,0-0,44,232,5.2727272727272725,True,2.625913585730993,1.0,0.9273255813953488
QmRV1EdEqNb9N88Z88FmwGeNaWyNiUx6XxREAcBsxcNymQ,Hang Sorrow. (p)1702.PLFD1.486,NA,Hang Sorrow. (p)1702.PLFD1.486,Misc tunes,NA,NA,NA,publicdomain,0.0,0,0,4,1,1,0,64,256,4.0,False,2.921971872673268,0.90625,0.9401041666666666
QmZTDf9ef8fEbuxe171tq4yjfp8WBFgbygLkrWdZ3Y4b21,Hangi Ba??n Ba?ban?san,NA,Hangi Ba??n Ba?ban?san,Misc tunes,(Anonim),NA,NA,publicdomain,0.0,0,0,10,1,1,0,42,468,11.142857142857142,True,2.0370000450294974,1.0,0.8283730158730158
QmePgC9rq4QbnS7WGnscWMTvx5DMJ1SM5rzz7QWwerSTbp,Hanky Panky,NA,Hanky panky,Charles Coote,Charles Coote,NA,piano-polka,publicdomain,0.0,0,23,3188,2,1,0,296,3683,12.442567567567568,False,3.092724920732067,0.8893119390807723,0.9463922764227642
QmYPqMTY2b61ZJM6j3uFdsGxJ59y6GeZvuYJY27RwvsqiJ,Hanno ucciso l'uomo ragno,NA,hanno ucciso luomo ragno,883,883 Arr.Emiliano Civettini,pop-electronic,NA,cc-zero,4.33,9,30,1243,1,1,0,55,549,9.981818181818182,False,2.7330757099704286,0.9963570127504554,0.9488636363636364
QmS6pxAuqDYfoxo13L9653rhtMtc9wV9xKdhmk3Ao1roU1,Hanon N. 4,NA,NA,NA,NA,NA,hanon,publicdomain,4.16,3,34,573,1,1,0,16,228,14.25,False,2.8060597507791134,1.0,0.9713541666666666
QmQuHzo9AJr5r3eowwGWxfPfimP2Xb4g2dm2emaFUTy79m,HANOVER (Southern Harmony),NA,HANOVER (Southern Harmony),Misc Traditional,NA,folk,NA,publicdomain,0.0,0,0,9,0,3,0-0-0,22,225,10.227272727272728,False,2.5872203443646526,1.0,0.9412878787878788
QmZw331NwZ62836iA7wADhJmNJQwJPF1X7MZic1SA2y2VF,Hanover Square,NA,Hanoverian dance,Misc tunes,NA,NA,NA,publicdomain,0.0,0,0,3,1,1,0,34,208,6.117647058823529,False,2.72039710676567,0.9903846153846154,0.9420572916666666
QmZ8WMNGWQFZZ9gY4wUErMZxhxbdQKCQyZo8jRAvsPdrhm,Hanover Square,NA,Hanoverian dance,Misc tunes,NA,NA,NA,publicdomain,0.0,0,0,1,1,1,0,24,104,4.333333333333333,False,2.6633355752711214,1.0,0.8597222222222223
QmVGdHtEpRdJcn9QXpkqsm53KveBoBWE7LHdW7qhSYe44A,HANOVER SQUARE.,NA,HANOVER SQUARE.,Misc tunes,NA,NA,NA,publicdomain,0.0,0,0,1,1,1,0,35,194,5.542857142857143,False,2.7287221306774354,0.9896907216494846,0.9409722222222222
QmSsbCdEzMzmBZwxihS9fKmGUdXBSXret2M38WrDiZEHQT,Hans Sitt - Etudes for Violin Opus 32 nr 3,NA,100 Violin Etudes Op.32,Hans Sitt,Sitt,classical,theviolinsphere-violin-firstposition-etude-studie,cc-zero,0.0,0,2,64,1,1,0,70,334,4.771428571428571,False,2.880309499756447,0.9790419161676648,0.952724358974359
QmVXnyL3dVtH4qBSVeojd5s4F6Un9qqJZ37DzW36GRhAw9,Hans Zimmer - Interstellar - arranged by Patrik Pietschmann,NA,Interstellar - Main Theme,Patrik Pietschmann,Hans ZimmerArranged by Patrik PietschmannRewritten by S3raphim,NA,NA,cc-zero,4.72,357,1072,32851,2,1,0,118,2057,17.43220338983051,False,2.483984293427092,1.0,0.9864672364672364
QmZD4qLV54F9m7W4P8y2QGpUqt4AfYy1dSdNyPSgNcC9wY,hans zimmer - interstellar theme,NA,NA,NA,NA,NA,NA,cc-zero,0.0,0,2,177,0,1,0,278,996,3.58273381294964,False,2.5232594172069613,1.0,0.9755781499202552
QmdhPe4wS43KdofQJGMjBvnPQSbhaYxDnkzrKtDBr2w41u,Hans Zimmer Medley,NA,Zimmer Medley,Hans Zimmer,NA,classical-soundtrack,NA,cc-zero,4.37,5,48,1146,3,1,0,297,6937,23.35690235690236,False,2.99952494234244,0.9139366035062864,0.944091796875
QmfU7SEkMrsLKwMd1M8fUNmHWzL96BatqECYWtSnrB9hew,Hanskin,Jog OnEighty-Eight,Hanskin,Misc tunes,NA,NA,NA,publicdomain,0.0,0,0,2,1,1,0,9,36,4.0,False,2.634448963668881,1.0,0.9288194444444444
QmahZ3vM5pUnZDp6prf5oCLZiHzR9qUZiJumZuFe2h5mY5,Hanter Dro De Storvan,NA,Hanter Dro,Misc tunes,NA,NA,NA,publicdomain,0.0,0,0,5,1,1,0,30,196,6.533333333333333,False,2.5195656664658213,1.0,0.9034090909090908
Qmdi2pq1Pzy1FZADSvxpqrLE2B3kn8SKz8NFdzx8ZP9BXa,Hanter Dro Kist,NA,Hanter Dro,Misc tunes,NA,NA,NA,publicdomain,0.0,0,0,13,1,1,0,8,55,6.875,False,2.430143969652488,1.0,0.8583333333333334
QmWUZmYQk6ECpVzVMkQiuZMkorNrVneNMxEhWJP5fC3ARF,Hanter x Hanter99 end(Song of the wind) Piano,NA,NA,NA,Me,NA,anime-hxh-songofthewind-piano,cc-zero,0.0,0,4,140,1,1,0,43,434,10.093023255813954,False,2.647668539031512,0.9861751152073732,0.9079457364341086
QmZ6y43hTieqNsH4KJjmuCJHayhWXoGC4FXoqzdTRjGRVe,Hanter-Dro 5,NA,Hanter Dro,Misc tunes,NA,NA,NA,publicdomain,0.0,0,0,9,1,1,0,14,94,6.714285714285714,False,2.398164066656739,1.0,0.8770833333333333
QmTvA3SwYZSDpbLDADGDXxCDFZn2yubaSV1PnnQzy9qr6S,Hapey Clown. JBut.433,Happy Clown. JBut.433Sicilian Marchaka. JBut.433Wallpooleaka. JBut.433,Hapey Clown. JBut.433,Misc tunes,NA,NA,NA,publicdomain,0.0,0,0,16,1,1,0,34,140,4.117647058823529,False,2.598604844251599,1.0,0.9192708333333334
QmPZADQW7xC5kQ9pgy8i5RVSsz6UJdbedhiMpva4TA3xC7,Happier - Marshmello ft. Bastille - Accompaniment,Accompaniment,NA,NA,Marshmello (ft. Bastille),NA,NA,cc-zero,0.0,0,10,321,2,1,0,88,1608,18.27272727272728,False,2.6387324714996345,0.9975124378109452,0.9673295454545454
QmVu6LU4RTz8zjuWWJAiCR1eQvv3Pzf7juU1EAxZCUd2ZT,Happily cheerily comes a song - J. Lincoln Hall,NA,Happily cheerily comes a song - J. Lincoln Hall,J. Lincoln Hall,NA,classical,NA,publicdomain,0.0,0,0,4,2,1,0,32,676,21.125,True,2.897513177948232,0.9565217391304348,0.9678819444444444
QmTxJhgDCtkBht4s38WwSD9tTqEq4xGQ7m9BEkxoqkfxgB,Happily Emma After,NA,Happily Emma After,Misc tunes,Tune is Sprigs of Laurel,NA,NA,publicdomain,0.0,0,0,3,1,1,0,36,149,4.138888888888889,False,2.61013285549247,1.0,0.9522058823529412
QmSKPKjnKbQJZNopqoX3zTz4yaGdLSUBLi77wA1grKB31D,HAPPILY Riff-Off,NA,NA,NA,Arr.Nicole Rivera,NA,NA,cc-zero,0.0,0,2,137,0,5,0-0-0-0-0,53,950,17.92452830188679,True,3.0950237942458627,0.882640586797066,0.89937106918239
Qme2RXhXc5j5jhmu7m68UxhAhyUvoM4AeMbTNhs5qfuUCJ,Happiness,NA,Happiness,Misc Traditional,NA,folk,NA,publicdomain,0.0,0,0,2,0,3,0-0-0,26,150,5.769230769230769,False,2.49024212977153,1.0,0.9407051282051282
QmZxfzjg3j2XAVqYNB92Zc67EXiTCP2DKTh1N1Ysq6koN1,Happiness- Full Metal Alchemist,NA,happiness,full metal alchemist,NA,NA,NA,cc-zero,4.84,23,95,2316,1,1,0,32,234,7.3125,False,3.066263973034735,0.8974358974358975,0.9661458333333334
QmeBnbxChdWn6oUub5TNSJWzNJcyJTsmx2UbCmFVjkbSfE,Happy,Pharrell Williams,happy,Pharrell Williams,Wurlitzer Electric Piano,rbfunksoul,NA,cc-zero,4.8,33,57,1411,0,5,0-0-0-0-0,81,1397,17.246913580246915,False,3.093574465632505,0.8635379061371841,0.9830729166666666
QmagmxoF3sFCewugLMGVVj3aaBnnGwmAxs2oKuXpDuKKML,Happy am I every hour of the day - De Loss Smith,NA,Happy am I every hour of the day,De Loss Smith,NA,classical,NA,publicdomain,0.0,0,0,12,1,1,0,16,300,18.75,True,2.777386657240887,0.959866220735786,0.9670138888888888
QmapwrW8AVpSSsDkBbavCV7dBKRbZqZF6Unikv8KHwRZVW,Happy are the people whose trust is in the Lord - Wm. J. Kirkpatrick,NA,Happy are the people whose trust is in the Lord,William J. Kirkpatrick,NA,classical,NA,publicdomain,0.0,0,0,3,2,1,0,18,507,28.166666666666668,True,2.4280042391682266,0.9900596421471172,0.83984375
QmUdL9gYy6eNNanUD2X6dCN4UYtLxu4fpho51TZe7xRPD5,Happy Birthday,(for Dad),Happy Birthday,Bronwen Dekker,NA,NA,NA,cc-zero,0.0,0,1,203,1,1,0,36,128,3.555555555555556,False,2.497998625434115,1.0,0.9574652777777778
QmcHP5m4ud9qRBgocUHHsm4TQqRNuHQedwi34cUUAhGSPP,Happy Birthday,NA,Ballade No.1 Op.23,Frédéric Chopin,Alberto,classical,NA,cc-zero,0.0,0,2,100,3,1,0,120,2223,18.525,False,3.4641291466703974,0.6675977653631285,0.945126488095238
QmX9uKgikAwspvHMRB8Ss1Lp6EYfNqBHzSr1aFgDk6ZRJY,Happy Birthday,NA,Happy Birthday,Joseph Nguyen,Lickity Spilt,NA,thelick,cc-zero,0.0,0,0,51,0,1,0,2,7,3.5,True,2.235926350629033,1.0,0.8958333333333334
QmanzGEGXB2ZsYNhRWKiijRAk2mN5Q79PRm7UA6yukDQxj,Happy Birthday,With a group,Happy Birthday to You,Misc Traditional,Ethan Blier,folk,NA,cc-zero,0.0,0,0,31,1,1,0,9,42,4.666666666666667,False,3.0223723927698485,0.9047619047619048,0.9444444444444444
QmZ7stGne2nX6LLNK5AMKHk6vG6dUyfudzrq5Zsg2nxzHn,Happy Birthday,Good Morning To You ((c)1893 (c)1896),Happy Birthday to You,Misc Traditional,Good Morning To You - Public Domain,folk,NA,publicdomain,0.0,0,0,37,0,2,0-0,10,50,5.0,True,2.7193065474328533,0.96,0.9340277777777778
QmZYuiSwP5HeL9DAmA5toh4nkVYry35aCDhCsgidnVnSoZ,Happy Birthday,NA,Happy Birthday to You,Misc Traditional,Joe Buchanan's Scottish Tome - Page 551.3,folk,NA,publicdomain,0.0,0,0,12,1,1,0,16,50,3.125,False,2.719306547432853,0.96,0.9496527777777778
QmNMiVkSxdKC6tTerxByzGJpxPCZjQo9tEQ68kR6ZJG3MB,Happy Birthday,NA,Happy Birthday to You,Misc Traditional,NA,folk,NA,cc-zero,0.0,0,0,69,0,2,0-0,18,68,3.7777777777777777,True,2.5007470500128632,1.0,0.9427083333333334
QmNvh95Zx1TYp9LsNisRCbt12KCkshC8d8QeZRvyqJZChc,Happy Birthday,NA,Happy Birthday to You,Misc Traditional,NA,folk,NA,publicdomain,0.0,0,0,6,1,1,0,8,39,4.875,False,2.679205671773945,1.0,0.9305555555555556
QmWnQ8rxjbYRPrHN3F4ApQyEVHxRMEDqzhTHtV1CbBpcza,Happy Birthday,NA,NA,NA,NA,NA,NA,cc-zero,0.0,0,4,58,1,1,0,10,66,6.6,False,2.68154029047764,1.0,0.9434523809523808
QmYjiGkig7n9mczFvVSZYhzj9ZkTJ88FCPkvS9EfKi3UTx,Happy Birthday,NA,NA,NA,Suki András,NA,NA,cc-zero,0.0,0,9,777,1,1,0,9,80,8.88888888888889,False,3.1203671863333,0.8625,0.9600694444444444
QmeBKnAKvzvWUESm4LbF4M4phCioiuSP7iGC13yKdd633T,Happy Birthday,NA,NA,NA,NA,NA,happy-birthday-toyou,publicdomain,0.0,0,11,398,1,1,0,32,114,3.5625,False,2.5430149546296845,1.0,0.9270833333333334
QmXPyg53me6933Eh38pmBXcMLkfzcDwgDffrGdr72CwvW2,Happy Birthday,NA,NA,NA,NA,NA,NA,cc-zero,0.0,0,21,272,1,1,0,9,35,3.888888888888889,False,2.4178629067933834,1.0,0.9479166666666666
QmdF8xc5NTBYCBQnaXBcd2NGpcyx5gjoA3UbkGjkZz7pUp,Happy Birthday (Very Easy) PRIMER Level 1A,NA,Happy Birthday to You,Misc Traditional,NA,folk,happybirthday-easypiano-easyhappybirthday-easypianosongs-popularpiano,cc-zero,4.61,58,83,2334,1,1,0,9,25,2.7777777777777777,True,2.528102070191481,1.0,0.9458333333333332
QmVkWV8DMxrNwYb94NAczQsrKxCpynQuD9xq8SdxdTPCUE,HAPPY BIRTHDAY - Piano,NA,Happy Birthday to You,Misc Traditional,Patty Hill & Mildred J.Hill,folk,NA,cc-zero,4.52,297,533,18855,1,1,0,23,128,5.565217391304348,False,2.637827880568042,0.9921875,0.96875
QmXqQLT5ydj5aHWRboYzctHNsYc69SRMiQkefB8BzB6Eh5,Happy Birthday Easy Piano Jazzed Up,NA,Happy Birthday to You,Misc Traditional,NA,folk,piano-easy-simple-beginner,cc-zero,4.28,4,14,611,1,1,0,9,52,5.777777777777778,True,3.053987961599532,0.903846153846154,0.9513888888888888
QmYgDKTAyiamojRdQ8a43fqbY1725uQzXiX32s8xGoGdpd,Happy Birthday Improved,NA,NA,NA,NA,NA,NA,cc-zero,0.0,0,2,38,1,1,0,9,57,6.333333333333333,True,2.875344290153337,0.9298245614035088,0.9513888888888888
QmUbqSbUkoq5Sk6y8SMNAsQhYx7QWhY5rBLYxpGf6Tjny1,Happy Birthday Improved - TTBB,for TTBB,NA,NA,arr. Ivan Fischer Garrett Whitehorn,NA,birthday,cc-zero,0.0,0,8,715,0,2,0-0,9,98,10.88888888888889,True,2.9685211635499384,0.922077922077922,0.9479166666666666
QmT1Qz5FAZqDyiNNbXNxZdZyoqbf6rMNhaZq64b7gYFhCX,Happy Birthday Jazz Leadsheet (Advanced),Jazz Leadsheet - Advanced,Happy Birthday to You,Misc Traditional,Traditional,folk,happybirthday-traditional-jazz-leadsheet,cc-zero,4.8,12,52,3389,1,1,0,9,25,2.7777777777777777,True,2.528102070191481,1.0,0.9479166666666666
QmZ8wvuBJACkneKaiWCHadhtUExqYVzCizkkRrs2kcanqC,Happy Birthday Jazz Leadsheet (Beginner),Jazz Leadsheet - Beginner,NA,NA,Traditional,NA,jazz-happybirthday-traditional-beginner-leadsheet,cc-zero,4.42,4,26,652,1,1,0,9,25,2.7777777777777777,True,2.528102070191481,1.0,0.9479166666666666
QmdNzMPN3MoQwNvmybB36k7xZGePDCWeMmZXGUYMp1ewLL,Happy Birthday Jazzy Style,NA,Happy Birthday to You,Misc Traditional,NA,folk,happybirthday-piano-jazzy-stride,cc-zero,4.65,155,306,4711,1,1,0,24,272,11.333333333333334,False,3.0566733883952675,0.9044117647058824,0.9528985507246376
QmeaapKN6HceE1kfL3dx6ci48bZbfAQqJgrtGFw9hx1nio,Happy Birthday Leadsheet,NA,NA,NA,Traditional,NA,happybirthday-leadsheet-traditional,cc-zero,0.0,0,4,156,1,1,0,20,63,3.15,True,2.6249485028829938,1.0,0.9449404761904762
QmQkvS9eSiuNbhUfd3g2c2UPDkpmsBwZ1gaTMPW5r477Q6,Happy Birthday Level 5 for Piano,NA,Happy Birthday to You,Misc Traditional,NA,folk,happybirthday,cc-zero,4.53,14,37,587,1,1,0,10,104,10.4,False,2.6612692608662125,1.0,0.9345238095238096
QmQpHaZoDp93BkoZvYQVnJZvP4Ejb9dn5srPtrh9RocvTR,Happy birthday T variation (melody),NA,Happy birthday T variation (melody),orivej,Orivej Desh,NA,NA,cc-zero,0.0,0,0,41,1,1,0,16,96,6.0,False,3.040985676552608,0.7708333333333334,0.9861111111111112
QmQ7okSmTaH7wAkvNJEVHbuuXMJK7L3gK2rMZg3A8urJeZ,Happy Birthday to Putri,NA,Happy Birthday to You,Misc Traditional,Arr: Filipus Kevin Hendar S.,folk,NA,cc-zero,0.0,0,1,74,1,1,0,35,304,8.685714285714285,False,2.9606045719706024,0.9375,0.9753086419753086
QmQwiqQZdJg61KBHeR9eSM284sZjVnpHHuojUx9YVg9FTM,Happy Birthday To You,Piano,Happy Birthday To You,dangngocthuya,Äáºng An,NA,NA,cc-zero,0.0,0,5,389,1,1,0,17,128,7.529411764705882,False,2.514065980580548,1.0,0.9548611111111112
QmY6qMN8ut1jUxUYgUghva92r1F4MDtTzUGqRHEtDyXSsy,Happy Birthday to You,NA,Happy Birthday to You,Misc Traditional,NA,folk,NA,publicdomain,0.0,0,0,4,1,1,0,9,25,2.7777777777777777,False,2.528102070191481,1.0,0.9479166666666666
QmYztEjWTbNpQ9cabesrwpmZqpinLojGobUqbQF9DBwauW,Happy Birthday To You,G Major,Happy Birthday to You,Misc Traditional,Arranged By Micko Urbano,folk,happybirthday-traditional-sheetmusichappybirthday-pianosheet-easyintermediateversion,cc-zero,4.68,13,26,395,2,1,0,9,190,21.11111111111111,False,2.5309327128144234,1.0,0.8888888888888888
QmNecetm6r2YzsBRcQ1mCGFLxhvpNusxJF4cJbzHBzRtCq,Happy Birthday to You,Patty and Mildred J. Hill,Happy Birthday to You,Misc Traditional,NA,folk,NA,cc-zero,4.94,15,19,718,1,1,0,8,25,3.125,False,2.528102070191481,1.0,0.9479166666666666
QmRXYofwTmye1kpj2MNm6beJDBRf56Th3cQyHkRqnbay2H,Happy Birthday To You (G Major),NA,Happy Birthday to You,Misc Traditional,Arranged By Micko Urbano,folk,traditionalhappybirthday-advancedversion-gmajor,cc-zero,0.0,0,4,248,2,1,0,24,695,28.95833333333333,False,2.4805905641838986,1.0,0.8171296296296297
QmUvUCo4QAf6wLMjG1MUECeKrLjS8PUQdvNGwmTgkRhh8a,Happy Birthday to You - Jazz version,NA,Happy Birthday to You,Misc Traditional,NA,folk,NA,cc-zero,4.46,27,101,4470,0,1,0,30,296,9.866666666666667,False,2.600257289180937,1.0,0.8585069444444444
QmZndEqG3dzY74cfTM14wg33WFnhHhQhTmhqDdeYC8Uebn,Happy Birthday Varitation [piano],NA,Happy Birthday,Mildred J. Hill & Patty Smith Hill,Patty & Mildred J. Hillarr.: Khang Nguyen,NA,cover-piano-hard-intermediate-arrangement-classical-romantic-happy-variation-style-different-birthday,cc-zero,4.8,12,16,440,2,1,0,11,207,18.818181818181817,False,2.76493630103876,0.9806763285024156,0.8802083333333334
QmRKfX7Sg1EZbAGtW1VLXYLitXodbRkF2SsEQsk9h6uvBr,Happy bithday lullaby Minuet,Dedicado a Sophia en sus 2 añitos,happy bithday,Flipsyde,Mildred and Patty Smith Hill/Johannes Brahms/F.J. Meca Guevara,hiphop,happybirthday-lullaby-minuet-quodlibet-veryeasy,cc-zero,4.85,4,4,323,0,1,0,49,309,6.306122448979592,False,2.7340248555536366,0.9870550161812298,0.9375
QmYSeUuVs6ugUE5UKhCPZ7uS4fPzHVpnGezVkYPRiUytif,Happy children gathered here - E. Lester Thurman,NA,Happy children gathered here,E. Lester Thurman,NA,classical,NA,publicdomain,0.0,0,0,6,2,1,0,38,488,12.842105263157896,False,2.846055767941708,0.956967213114754,0.9618055555555556
QmTko4AFrfat1ueu8fhygVjTyCeoxurzMKagfiFQCvUrXf,Happy Christian children are we - Haldor Lillenas,NA,Happy Christian children are we,Haldor Lillenas,NA,classical,NA,publicdomain,0.0,0,0,5,1,1,0,16,252,15.75,True,2.5927755985382737,0.992063492063492,0.8972222222222223
QmeZfZcBMrsWgGTjJFmuMu7heQSf7v1nDhp5Tudye5y2cL,Happy Clown. WCD3/1.026,NA,Happy Clown. WCD3/1.026,Misc tunes,NA,NA,NA,publicdomain,0.0,0,0,5,1,1,0,18,68,3.7777777777777777,False,2.581058609239435,1.0,0.8836805555555556
QmWuyRsKRvYU6q7eBKp5AbnqLU5KSFW52nA438VU6zyAZc,Happy Coon. HSJJ.107,?name that tune. HSJJ.107,Happy Coon. HSJJ.107,Misc tunes,NA,NA,NA,publicdomain,0.0,0,0,4,1,1,0,36,152,4.222222222222222,False,2.636009214648947,1.0,0.9210069444444444
QmVnqt88a2NjyzVXbiy1dsT37GHXSvjhC7WG7nA6eH6WRy,Happy day happy day gladly we greet thee - I. H. Meredith,NA,Happy day happy day gladly we greet thee,I. H. Meredith,NA,classical,NA,publicdomain,0.0,0,0,16,1,1,0,32,347,10.84375,False,2.8119957091915992,0.9452449567723344,0.9809027777777778
QmaRVU6xvvUshPVRWDojuiKVKxqboTrVtNRWNi4zKDBGT3,Happy December Ellie! :,NA,Happy December Ellie! :,Kittyko,Kittyko,NA,NA,cc-zero,0.0,0,0,177,1,1,0,12,32,2.6666666666666665,True,2.6756081122623816,1.0,0.9548611111111112
QmTVB9HxTV8uHbcvLiPsBT6GPfZGKUQWVuvHfSaxvEFAvD,Happy every moment in the love of Christ our Lord - Samuel W. Beazley,NA,Happy every moment in the love of Christ our Lord,Samuel W. Beazley,NA,classical,NA,publicdomain,0.0,0,0,6,1,1,0,32,463,14.46875,True,2.844088721012191,0.9654427645788336,0.9684139784946236
QmXQpMauFEyCb5hCmgcwx9W79bbt7Am1PKu989js7dDiV8,Happy faces turning now to Zion - W. H. Doane,NA,Happy faces turning now to Zion,W. H. Doane,NA,classical,NA,publicdomain,0.0,0,0,3,2,1,0,24,419,17.458333333333332,True,2.72461286162958,0.964200477326969,0.9592391304347826
QmcwccoScuvWMiToirvyUAyoD94jrfxWizJGzSTvg9JYbs,Happy Frank,NA,Happy Frank,Misc tunes,J. Scott Skinner (1843-1927),NA,NA,publicdomain,0.0,0,0,3,1,1,0,38,238,6.2631578947368425,False,2.774508755935365,0.9915966386554622,0.8486111111111111
QmcfiersgE6BPJwmLCZ7VeoiUzBjs6vPnFCDvfCNFt7m1R,Happy Giraffe,NA,Happy Giraffe,lunabot,NA,NA,NA,cc-zero,0.0,0,0,39,1,1,0,32,366,11.4375,False,3.096131000816384,0.8633879781420765,0.9251302083333334
QmarLss8tNPCzaKf2zRHCbwGZd6eEV44jv9wNZp8xMQ8Ru,Happy Greeting To All (Chorus),NA,NA,NA,NA,NA,happybirthday-happybirthdaytoyou-horacewaters,publicdomain,0.0,0,2,906,1,1,0,18,154,8.555555555555555,False,2.664916559473796,1.0,0.875
QmStryudCi2eHSbokoJD8GktNtfbEASnCH9TnSafremF1a,Happy happy happy are the songs we sing - Will H. Ruebush,NA,Happy happy happy are the songs we sing,Will H. Ruebush,NA,classical,NA,publicdomain,0.0,0,0,42,2,1,0,16,368,23.0,True,2.602743283697329,1.0,0.9375
QmSgYtQf4QEupmy4PsYwV7Cpit1YFBJ3CtiRwhTSGdLeik,Happy hearts light and gay - F. K. Hill,NA,Happy hearts light and gay,F. K. Hill,NA,classical,NA,publicdomain,0.0,0,0,4,1,1,0,16,194,12.125,True,2.734531951715662,1.0,0.9583333333333334
QmbmqygfAoRNsTjpzJXco3JUkVur3mo29izc1TfCzqRTbi,Happy home coming of our King - George C. Hugg,NA,Happy home coming of our King - George C. Hugg,George C. Hugg,NA,classical,NA,publicdomain,0.0,0,0,2,1,1,0,21,292,13.904761904761903,False,2.5614184831008147,0.9897260273972602,0.9534313725490196
QmPX8STfBHMj3oh9ZZzsBg7cC2cqYopsrLX4fy8V6H2iHu,Happy Improvement. PFD2.328,NA,Happy Improvement. PFD2.328,Misc tunes,NA,NA,NA,publicdomain,0.0,0,0,1,1,1,0,39,173,4.435897435897436,False,2.93781990005122,0.907514450867052,0.961033950617284
QmZAs5siW2zrrppmD1daF4whwrrvRe9jrbfQCwZvNiwVs9,Happy in Jesus happy in Jesus - Wm. J. Kirkpatrick,NA,Happy in Jesus happy in Jesus,William J. Kirkpatrick,NA,classical,NA,publicdomain,0.0,0,0,7,1,1,0,30,421,14.033333333333331,False,2.780002257991205,0.9714285714285714,0.8772321428571429
QmUDZKXyDDPZmrRTHXat72JHGduZAz99rdy5sCzE1XwWtu,Happy in Jesus love Im abiding - J. Howard Entwisle,NA,Happy in Jesus love Im abiding,J. Howard Entwisle,NA,classical,NA,publicdomain,0.0,0,0,3,2,1,0,16,272,17.0,True,2.442519475326916,0.9889705882352942,0.8875
QmaQHV9GFo4fap8qbZNxymN5gLZ9Udu1zUutGc4XXzoAo4,Happy in the love of Jesus - Jennie Wilson,NA,Happy in the love of Jesus,Jennie Wilson,NA,classical,NA,publicdomain,0.0,0,0,2,1,1,0,16,220,13.75,True,2.450484553913046,1.0,0.953125
QmYLhcstTzVzXBE3bxcWMCQgNRr93HQkGGHyCMmGJYudpF,Happy is the man that giveth - D. B. Towner,NA,Happy is the man that giveth,D. B. Towner,NA,classical,NA,publicdomain,0.0,0,0,2,1,1,0,16,233,14.5625,True,2.78497787005777,0.965665236051502,0.9208333333333334
QmUqEiCGvGgoTaSXFh7vW5kCpWL68fCieQwmhBUY4i1fca,Happy Is The Miller Boy,(Singing Call),Happy Is The Miller Boy,Misc tunes,NA,NA,NA,publicdomain,0.0,0,0,2,1,1,0,9,46,5.111111111111111,True,2.161802624992643,1.0,0.9427083333333334
QmRW4nntM1sULi8cYVzcTVUFBMubTC2oW7DkXaCotaxSwY,Happy little children happy all day long - Emory L. Coblentz,NA,Happy little children happy all day long,Emory L. Coblentz,NA,classical,NA,publicdomain,0.0,0,1,4,1,1,0,12,212,17.666666666666668,True,2.64213076275807,0.9764150943396226,0.9722222222222222
QmWaGhKqu2cuZD7krSyo15NEDnRg3jT14coXJKT4sDpyn8,Happy Little Pill,NA,NA,NA,NA,NA,NA,cc-zero,0.0,0,4,82,1,1,0,84,658,7.833333333333333,False,2.361428250282463,1.0,0.8881448412698413
QmZbjGppt25Ua9a6bSWnqwK5ebGY4MdMSV5hpEkC2LFbbK,Happy little sowers scatt'ring by the way - Adam Geibel,NA,Happy little sowers scatt'ring by the way,Adam Geibel,NA,classical,NA,publicdomain,0.0,0,0,2,1,1,0,12,239,19.916666666666668,True,2.9539687744237746,0.9372384937238494,0.9618055555555556
Qmcf8Ztnkq5S3frzADVqXmdGLB3LyCy8SkQtAaAJzBHYwr,Happy MarriageThe. (p)1696.PLFD.356,NA,The Happy Marriage,John Playford,NA,classical,NA,publicdomain,0.0,0,0,2,1,1,0,44,208,4.727272727272728,False,2.8140733689118904,0.9423076923076924,0.9263888888888888
QmPB7d9RBmsNmnGkGSvzSNG3gUH7z7QgvvXav9KmxzFNvQ,Happy New Year To You (A Joke),NA,Happy Birthday to You,Misc Traditional,from pigpag,folk,NA,cc-zero,0.0,0,10,485,1,1,0,9,67,7.444444444444445,False,2.681073187076344,0.9850746268656716,0.9618055555555556
QmPZgJ4HhbjHCaj3hx5SQapy2udT6bfPfDRA7mnw36C1KM,Happy notes of joy every tongue employ - C. Harold Lowden,NA,Happy notes of joy every tongue employ,C. Harold Lowden,NA,classical,NA,publicdomain,0.0,0,0,2,2,1,0,27,377,13.962962962962964,False,2.93955315463756,0.9177718832891246,0.9618055555555556
QmZWoTypQFqvvyzR3TJ9iFJ29X51mygDpp7hbx6KkLqqfJ,Happy Pilgrims - Henry J. E. Holmes,NA,Happy Pilgrims,Henry J. E. Holmes,NA,classical,NA,publicdomain,0.0,0,0,2,1,1,0,17,209,12.294117647058824,False,2.797810099814486,0.9808612440191388,0.9661458333333334
QmaYGXpdLmnBGqk11T7tMxjKkpHvTcVGrRFQYh2x7GNvJu,Happy pilgrims as you journey - Wm. J. Kirkpatrick,NA,Happy pilgrims as you journey,William J. Kirkpatrick,NA,classical,NA,publicdomain,0.0,0,0,6,2,1,0,27,413,15.296296296296296,False,2.9065034611,0.9462102689486552,0.941358024691358
QmUb8ihhZv5MshfQMWmyqExKC6C8C3Q6gexnmGFNhx4oNR,Happy Sadness,NA,NA,NA,NA,NA,NA,cc-zero,0.0,0,2,53,1,1,0,82,560,6.829268292682927,False,2.5768948779500302,0.8709677419354839,0.9969135802469136
QmVatWDk74N1pJRzfBb46yVJU44PKdY7LbS5Fj3tNRxdxp,Happy Savior should we be - G. F. R.,NA,Happy Savior should we be,G. F. R.,NA,classical,NA,publicdomain,0.0,0,0,2,1,1,0,17,229,13.470588235294118,False,2.5512147983159683,1.0,0.94921875
QmcdTxN4CzaFu2jQXpGuhT3JTtbokW5yKnK5cw2qMpLGv9,Happy song - Bring Me The Horizon,NA,happy song,Bring Me the Horizon,Based on Joe Gilbert's notation of Drumiverse -- Bring Me The Horizon,rock,happysong-bringmethehorizon-bmth-mattnicholls-drumsheet,cc-zero,4.8,12,25,1284,0,1,0,89,1250,14.044943820224718,False,2.1401908664603506,0.9592,0.8743686868686869
QmRUfsJa89HZ9qLvYeznaBY2nmEwAMYRhwfEJXhJMqxAwR,Happy song in G major - kopie,for love of my love,Happy song in G major - kopie,martinmosch12,Martin Mosch,NA,NA,cc-zero,0.0,0,0,35,1,1,0,15,211,14.066666666666666,False,2.482455909907839,1.0,0.9910714285714286
QmTtzsGWhfA7tQVHUQRP9v721j1G925VeRS2bRAq55D7Qr,Happy the souls to Jesus joined - Thomas Jarman,NA,Happy the souls to Jesus joined,Thomas Jarman,Thomas Jarman,classical,NA,publicdomain,0.0,0,0,6,0,4,0-0-0-0,22,204,9.272727272727272,True,2.8424363021078647,0.9581151832460733,0.9763257575757576
QmYYMHsyXiAHEtyBAMsxnjPuXJJFzbfevxXJqUab3Q1rtm,Happy to meet and sorry to part,NA,Happy to meet and sorry to part,Misc tunes,anon.,NA,NA,publicdomain,0.0,0,0,1,1,1,0,36,186,5.166666666666667,False,2.5689930933816223,1.0,0.9652777777777778
QmefRBGFmxxVzDmVwbjKSTQxbs9wso9oiQahBrR1AkcKSP,Happy to Meet and Sorry to Part (jig) 0807,NA,Happy to meet and sorry to part,Misc tunes,after Cap't. F. O'Neill.,NA,NA,publicdomain,0.0,0,0,4,1,1,0,59,303,5.135593220338983,False,2.600885746384485,1.0,0.9636524822695036
QmTdi4uLjY8D7zc8i8jvMXaafEMW2rUxBpVcN8W1PP5TKg,Happy to Meet and Sorry to Part.,NA,Happy to meet and sorry to part,Misc tunes,F. O'Neill.,NA,NA,publicdomain,0.0,0,0,2,1,1,0,45,231,5.133333333333334,False,2.5760804682570813,1.0,0.9666666666666668
Qmda2ATyMAktQ12TZz4oBYvPBYHkvZxrbdirqA1t4RWKWH,Happy Xmas,War is Over,happy xmas war is over,John Lennon,John Lennon & Yoko Ono,rock-folk,johnlennon-happyxmas-warisover-piano-christmas,cc-zero,4.66,124,492,29088,1,1,0,163,1508,9.251533742331288,False,2.836881529708024,0.963527851458886,0.988517060367454
QmQ1qVi1RHonfqDZydkmHSwTDQ7vzE8rQdojdK2BXTPPw1,Happy Xmas (War is over),Piano Arrangement,happy xmas war is over,John Lennon,John Lennon,rock-folk,NA,cc-zero,4.7,70,190,4021,2,1,0,56,955,17.053571428571427,False,2.9472193588012687,0.9570680628272252,0.8892276422764227
QmbqpSiNFv6aoPjWxU5osb2LiJPAGRm6qDL5UnagkjxkgS,Happy_Birthday_to_You,NA,NA,NA,Patty Hill Mildred J. Hill,NA,NA,cc-zero,0.0,0,1,22,1,1,0,16,104,6.5,False,2.662557126489094,0.9807692307692308,0.9496527777777778
QmYMcWDaupHdx7en3vXs8oJZnDjTpwsK5dgoW2QtN2M9xD,HappyBirthDayToYou 2,NA,NA,NA,NA,NA,NA,cc-zero,0.0,0,1,62,1,1,0,14,146,10.428571428571429,False,2.770106473266426,0.952054794520548,0.9545454545454546
QmbtMLTWDdBa2DyHxGux1dTpADHv6GbqPA594vXb4yjUhP,Haragszik az édesanyám,NA,NA,NA,NA,NA,NA,publicdomain,0.0,0,1,46,1,1,0,16,62,3.875,True,2.463389624459764,1.0,0.9569444444444444
QmU1jL1n79SwxNxgjFYCMCn9GBFi3sgCiGCGfi8LF9oKN4,Harbaugh - R. Menthal,NA,Harbaugh,R. Menthal,NA,classical,NA,publicdomain,0.0,0,0,1,1,1,0,10,127,12.7,True,2.6941940241897817,0.984126984126984,0.9694444444444444
QmPD9XEmWbaL97wNe4EKfPSQtrk6jDbqHCzNKZr8CcXQN4,Harbour Village (Minato Mura) as improvised by Tom Brier,from the anime 'One Piece',Tom Brier Improvisation,Tom Brier,Composed by KÅhei Tanaka ShirÅ HamaguchiArranged by ashleykamptaPerformed by Tom BrierTranscribed by mlololoer,jazz-classical,ragtime-tombrier,cc-zero,4.96,22,26,921,2,1,0,147,3638,24.74829931972789,False,3.34960476723062,0.8187586206896552,0.960648148148148
QmZKGaSG1asAgHgWqwJWWiMnGCxD9XheLXGacQQWTMsTch,Hard drive,It's a heart beat on a hard drive,hard drive,Griffinilla,Griffinilla,NA,undertale-harddrive,cc-zero,4.92,10,59,2036,2,1,0,98,1574,16.06122448979592,False,2.426835242767472,1.0,0.9504310344827588
QmWEGaR6CffcWzH4tcC1dNwBofuwrDtmF79fHoCBES3xir,Hard is my fate,Nach truagh mo chàs,Hard is my fate,Misc tunes,NA,NA,NA,publicdomain,0.0,0,0,18,1,1,0,36,156,4.333333333333333,False,2.6612466053721406,1.0,0.9342447916666666
QmaJDmibcaLpCXMGWEjZrNJzNHTZzSx9b8uzTGqfdg8LtX,Hard is the fate of him who loves,NA,Hard is the fate of him who loves,Misc tunes,NA,NA,NA,publicdomain,0.0,0,0,4,1,1,0,18,86,4.777777777777778,False,2.702919795248277,0.9418604651162792,0.875
QmQ7r6vf49r3p3MZQi5AiDUH9Z3kroGpKZ8NwFAw8hFrfK,Hard Knock Life,NA,annie - its the hard knock life,Misc Soundtrack,Composed byCharles Strouse,soundtrack,NA,cc-zero,4.66,12,21,530,0,2,0-0,92,1414,15.369565217391305,True,3.184171265374347,0.8228136882129278,0.9587912087912088
QmeXepvuco9DkYDTq9FXRRhKkPX2VM2274GQ2ezZtNp7Ry,Hardiman the Fiddler,First Slip TheMy First Slip,Hardiman The Fiddler,Misc tunes,NA,NA,NA,publicdomain,0.0,0,0,4,1,1,0,16,138,8.625,False,2.4928923749410257,1.0,0.9780092592592592
Qmc9VGDFKaau5exrtwkqnCr7TXbpJU9PTRVyCwJ1GEjdbr,Hardy Man the Fiddler,NA,Hardiman The Fiddler,Misc tunes,NA,NA,NA,publicdomain,0.0,0,0,2,1,1,0,16,133,8.3125,False,2.575571255504003,1.0,0.9398148148148148
QmNf1c6ScGyaCXHHZoswFms4m2oWn8njQ7ZhiGC2uUxhdR,Hardy man the fiddler,NA,Hardiman The Fiddler,Misc tunes,anon.,NA,NA,publicdomain,0.0,0,0,1,1,1,0,12,102,8.5,False,2.635769056042002,0.9901960784313726,0.9423076923076924
QmPEZfUcfGsZx6g6YRATUHteL4fjMSiBeH24YHVv42MMtP,Hardyman The Fiddler (slipjig) 1117,NA,Hardiman The Fiddler,Misc tunes,after Chief F. O'Neil,NA,NA,publicdomain,0.0,0,0,4,1,1,0,18,141,7.833333333333333,False,2.681618604550447,0.9858156028368794,0.9418859649122808
QmZkZzASJZL2P3iKJDWeBf9AQjS65nCWoSe6xfZaer9Dc4,Hare in Corn (The),NA,The Hare In The Corn,Misc tunes,NA,NA,NA,publicdomain,0.0,0,0,2,1,1,0,81,464,5.728395061728395,False,2.70011359151513,1.0,0.9363425925925926
QmWxKqx4SUBRpdoRCcTd2RoyAUCnEyXtRXBSuqSoH9Mbhs,Hare in the Corn,NA,The Hare In The Corn,Misc tunes,NA,NA,NA,publicdomain,0.0,0,0,0,1,1,0,106,644,6.075471698113208,False,2.8574580419025097,0.968944099378882,0.9192708333333334
QmSgaQH3RNzcew8zHbjZUNC1VAPVGz5B64PhLn32LsGCM2,Hare in the Corn,NA,The Hare In The Corn,Misc tunes,NA,NA,NA,publicdomain,0.0,0,0,1,0,2,0-0,36,270,7.5,False,2.756604033150837,0.9851851851851852,0.9270833333333334
QmZRHBHrqKPHobzJ1RsQ2mcjDnyjrLNd6C3j8uAM1k5hVm,Hare in the Corn,Giorria San Arbhar An,The Hare In The Corn,Misc tunes,NA,NA,NA,publicdomain,0.0,0,0,1,1,1,0,4,20,5.0,False,2.1086949695628423,1.0,0.9097222222222222
QmTShUNFVg9YCvhTTTXF5dEyu3iLPghkrACX8ZdtP7XkMH,Hare in the Corn,NA,The Hare In The Corn,Misc tunes,NA,NA,NA,publicdomain,0.0,0,0,2,1,1,0,81,390,4.814814814814815,False,2.641368763942632,0.9897435897435898,0.9656635802469136
Qmf1MtC4UzdZ9AdesyD3XJcFS51j4x97KoHfu385UXv2cY,Hare in the Corn,NA,The Hare In The Corn,Misc tunes,NA,NA,NA,publicdomain,0.0,0,0,3,1,1,0,54,262,4.851851851851852,False,2.595992511354237,1.0,0.9670138888888888
QmNdqyAQEVo23YWKCjy1Bv2kiDCAH9gGyhsG6tWrs8aSVe,Hare in the Corn,Longways for as many as will.,The Hare In The Corn,Misc tunes,NA,NA,NA,publicdomain,0.0,0,0,1,1,1,0,18,101,5.611111111111111,False,2.6934407286036843,1.0,0.9236111111111112
QmXgxx62YpSoR4bBV9Mbg2M6VNdYoAvyREpNX9caTBKcip,Hare in the Corn,NA,The Hare In The Corn,Misc tunes,NA,NA,NA,publicdomain,0.0,0,0,0,1,1,0,6,35,5.833333333333333,False,2.600611775115884,1.0,0.9375
QmWCCqSpMseFZu3ifhn95QQ66tt9avfXeHicFA4nZJVQ6m,Hare in the Corn A,NA,The Hare In The Corn,Misc tunes,NA,NA,NA,publicdomain,0.0,0,0,2,1,1,0,40,234,5.85,False,2.591898169437347,1.0,0.9701388888888888
QmeSjzvmcKec5EfmVafG6pLv17fxwtaGhVebELaB66Ei1y,Hare Tokidoki Egao by Hitomi Harada,Baka to Test to Shoukanjuu ED 2,Hare Tokidoki Egao,Hitomi Harada,Transcribed by wizardbab,NA,hitomiharada-bakatotesttoshoukanjuu-anime,cc-zero,0.0,0,15,1100,2,1,0,50,622,12.44,False,2.868133679906883,0.9838709677419356,0.9598214285714286
QmUbYMcs6EqhueUay7WimzdibxEiNmxNKMqF6QZLDkPtii,Hares on the mountains,Performed by Louie Hooper Lucy White HambridgeSoms Sep 1903,Hares on the Mountains,Misc tunes,NA,NA,NA,publicdomain,0.0,0,0,23,1,1,0,17,52,3.0588235294117645,True,2.629877426887796,1.0,0.9618055555555556
Qmf1y85EEPaod8Ah98Kam8n3FGARpeb5SiVxnvV21SLfou,Harewood - Samuel Sebastian Wesley,NA,Harewood,Samuel Sebastian Wesley,NA,classical,NA,publicdomain,0.0,0,0,3,1,1,0,15,163,10.866666666666667,False,2.8121050764737454,0.98159509202454,0.953125
QmeUS4Ek3DWCXumXt9FN94Ds9VCGVordteJuhGX2dbkFdf,Hargaluten (clarinet),NA,Hargaluten (clarinet),Misc tunes,NA,NA,NA,publicdomain,0.0,0,0,1,1,1,0,112,530,4.732142857142857,False,2.857548011950508,0.9452830188679244,0.943627450980392
QmPcFirCY7XbacbygdDTHm4wGfMChMT44QxqUCq5qR5EzG,Hargaluten in Am,NA,Hargaluten in Am,Misc tunes,NA,NA,NA,publicdomain,0.0,0,0,3,1,1,0,88,406,4.613636363636363,False,2.862783254521987,0.9433497536945812,0.9333964646464646
QmcdMPjbLDCLFfovv7H2jKzwu1sTgYPASNv4xRtbcFchRt,Hargrave - J. Wilson,NA,Hargrave,J. Wilson,NA,classical,NA,publicdomain,0.0,0,0,1,1,1,0,18,216,12.0,True,2.864117446960884,0.9583333333333334,0.9517543859649122
QmWsCRwzwbx1r2qHgAVAwxvze43e5Cr8E7oo2LETqDHFEy,Hargrave's Minuet? . SenH.081,NA,Hargrave's Minuet? . SenH.081,Misc tunes,John Cassonin Hand B (Humph. Senhouse),NA,NA,publicdomain,0.0,0,0,3,1,1,0,48,152,3.1666666666666665,False,2.7117673122953,1.0,0.931712962962963
QmYLXCVjU48gdSwEGyNbcCR5umyTE9UGnfjPtEDHjQdbCW,Haril! Ever Hail! (Waits Carol),From Christmas Carols Ancient & Modern by Wm Sandys FSA,Hail! Ever Hail! Auspiciouss Morn,Misc Traditional,NA,folk,NA,publicdomain,0.0,0,0,6,0,4,0-0-0-0,14,140,10.0,True,2.4884709770468594,1.0,0.9791666666666666
QmTrBGj5BFyZvAfY1FDws5ZHWzRoZ2r2TY4AEUcxZG5heL,Hark from every village - J. Lincoln Hall,NA,Hark from every village,J. Lincoln Hall,NA,classical,NA,publicdomain,0.0,0,0,2,2,1,0,32,460,14.375,True,2.8315864106722604,0.9521739130434784,0.9791666666666666
QmP8ciBnKoLhSQ3vnxZJ9teLr8JLWM22VTcvWXV3ZGaTDW,Hark from the tombs a doleful sound - Thomas Clark,NA,Hark from the tombs a doleful sound,Thomas Clark,Thomas Clark,classical,NA,publicdomain,0.0,0,0,13,0,5,0-0-0-0-0,39,373,9.564102564102564,True,2.904104122687585,0.9490445859872612,0.9748931623931624
QmbuA3CCMfTBR8pdjGiuyZ1uKW7uTU1BySrekyChjSzvRj,Hark hark again angelic voices blending - B. C. Unseld,NA,Hark hark again angelic voices blending - B. C. Unseld,B. C. Unseld,NA,classical,NA,publicdomain,0.0,0,0,3,1,1,0,16,340,21.25,True,2.9762297588506907,0.9470588235294116,0.93359375
QmdoGpnUdMLuErNxNP27YyP3gxfmWLFYWyxEWsqJSPhgoR,Hark Hark The Joy Inspiring Horn. WCl.64,NA,Hark Hark The Joy Inspiring Horn. WCl.64,Misc tunes,NA,NA,NA,publicdomain,0.0,0,0,1,1,1,0,17,95,5.588235294117647,False,2.750554262590609,0.968421052631579,0.8663194444444444
QmTpgxkgwnk7W1o21bc4BSUiGCm4XkPaD2578SFyNijiND,Hark hark what news the angels bring - Joseph Stephenson,A Christmas Hymn. A 3 Voci.,Hark hark what news the angels bring,Joseph Stephenson,Joseph Stephenson,classical,NA,publicdomain,0.0,0,0,32,0,3,0-0-0,32,176,5.5,True,2.6788287320446464,0.9880239520958084,0.9657738095238096
QmUQCeDsvrFWknSwo3k5Uv4uL3nDBAuW6dmwBx9PBKrEJZ,Hark hark! for the sound of a trumpet - Henry L. Gilmour,NA,Hark hark! for the sound of a trumpet,Henry L. Gilmour,NA,classical,NA,publicdomain,0.0,0,0,3,2,1,0,28,657,23.464285714285715,True,2.718491610328598,0.9856,0.8533950617283951
QmSGZurE961Cj74bbPWY6yzu1cE8qNd7s2S4NNpRP7SMwo,Hark I hear the gospel army - Wm. J. Kirkpatrick,NA,Hark I hear the gospel army,William J. Kirkpatrick,NA,classical,NA,publicdomain,0.0,0,0,4,2,1,0,24,377,15.708333333333334,True,2.7699268103834576,0.9681697612732096,0.9609375
QmUa5Nzqa21nbMByAE9TKrxa4BLsyyf5i32R8qXcQfKSvZ,Hark ten thousand harps and voices - Thomas Clark,NA,Hark ten thousand harps and voices,Thomas Clark,Thomas Clark,classical,NA,publicdomain,0.0,0,0,6,0,4,0-0-0-0,14,243,17.357142857142858,True,2.8295549723621987,0.9747899159663864,0.9345238095238096
QmQmhsVb5gPUsdjD2wYW6eC1c6EciTRUtdQrLKnqbJeAMk,Hark that cry of deep and earnest pleading - W. H. Doane,NA,Hark that cry of deep and earnest pleading,W. H. Doane,NA,classical,NA,publicdomain,0.0,0,0,2,1,1,0,25,406,16.24,True,2.5866862651268785,0.9852216748768472,0.9447463768115942
QmSHtXJhFRrYjifvZGw1tNeM8rJwAPo1QYExXjmFJ62pUt,Hark the bugle tones resounding - J. W. Lerman,NA,Hark the bugle tones resounding,J. W. Lerman,NA,classical,NA,publicdomain,0.0,0,0,1,2,1,0,24,296,12.333333333333334,True,2.789496646485843,0.9796610169491524,0.9264705882352942
QmWyC753cC1QJkn2CCvccKviuem6T28NXPm7GPxMxzfe9v,Hark the glad sound the Savior comes (Hall) - J. H. Hall,NA,Hark the glad sound the Savior comes (Hall),J. H. Hall,NA,classical,NA,publicdomain,0.0,0,0,26,1,1,0,10,128,12.8,False,2.6281367149847505,0.9921875,0.9479166666666666
QmdEhz1nRR3Pdkpeggsf3eMqnnxMXTaDMZTh8MGdVKXM7B,Hark the gladness ringing - J. Howard Entwisle,NA,Hark the gladness ringing,J. Howard Entwisle,NA,classical,NA,publicdomain,0.0,0,0,2,2,1,0,12,245,20.416666666666668,True,2.9684141411259333,0.926530612244898,0.9131944444444444
QmZihpqPH8eo824a7bRb8tV6ZipLrRWuiwUW8Sm4VSJxkT,HARK THE HAROLD ANGELS SING,NA,hark the herald angels sing,Misc Christmas,WESLEY/MENDELEISSOHN,soundtrack,NA,publicdomain,0.0,0,0,23,1,1,0,20,103,5.15,False,2.6224890721923906,1.0,0.9604166666666668
QmZ71TE67XH7Mot39E8efbNmqK4yvNron44ufpN3Aj1oy1,Hark the Herald Angels Sing piano/bass jazz lead sheet,Piano/Bass lead sheet,Hark the Herald Angels Sing,Felix Mendelssohn,arr. Pentatonix,classical,NA,cc-zero,4.89,7,7,725,0,1,0,103,499,4.844660194174757,True,3.082243558728868,0.9198396793587176,0.9530228758169934
QmYHLbnQ8Qz3ATF2fuKujLFYzHWv49z3rH8oU7Vze23ovE,Hark the Herald Angels Sing TTBB,TTBB translation Bacco Baccanels,Hark the Herald Angels Sing,Felix Mendelssohn,Felix Mendelssohn (1840),classical,NA,publicdomain,4.66,3,16,1858,0,4,0-0-0-0,20,289,14.45,False,2.814333748635594,0.9714285714285714,0.96875
QmWCjNX1NHZnBqENpeJi6E8UJXcXa8GEG1pfN18SUq4Dx1,Hark the Savior's welcome summons - N. L. Glover,NA,Hark the Savior's welcome summons,N. L. Glover,NA,classical,NA,publicdomain,0.0,0,0,2,1,1,0,16,243,15.1875,True,2.488836272962357,1.0,0.9678030303030304
QmSYDrDRgzTQpgwdGkGHvU8Fe8CykKToz8Yp7e2uzTqdXo,Hark the song the redeemed are singing - Lyman F. Jackson,NA,Hark the song the redeemed are singing,Lyman F. Jackson,NA,classical,NA,publicdomain,0.0,0,0,2,2,1,0,28,503,17.964285714285715,True,2.996189895400838,0.9502982107355864,0.9598765432098766
QmbyG9j8V1XJYMiEqFPkD6ZqM33QbsNPC6oevc9j3Yqt4o,Hark the voice of Jesus crying (Grannis) - Sidney Martin Grannis,NA,Hark the voice of Jesus crying (Grannis),Sidney Martin Grannis,NA,classical,NA,publicdomain,0.0,0,0,6,2,1,0,12,414,34.5,False,2.4825516175229683,0.9949622166246852,0.7416666666666667
QmeaoNrZTNh8qf3X1nKyU8RoW4y82cnvpt4bKrtHZhiCrG,Hark the voice of Jesus crying (Sweney) - Jno. R. Sweney,NA,Hark the voice of Jesus crying (Sweney),John R. Sweney,NA,classical,NA,publicdomain,0.0,0,0,6,1,1,0,24,357,14.875,True,2.7141666342606574,0.957983193277311,0.9114583333333334
QmREMsGLMdjkfoHUDAiNZuLyBYpehNx9SxySL6ZVdopTt3,Hark there's Someone knocking - T. H. Ervin,NA,Hark there's Someone knocking,T. H. Ervin,NA,classical,NA,publicdomain,0.0,0,0,3,1,1,0,33,386,11.696969696969695,True,2.73714413695823,0.966321243523316,0.8958333333333334
QmRCkx9P42qH6DsmnPxBvHpNWB9kAimSQkNYVhABBzg83L,Hark tis the gospel trumpet sounding far and near - W. H. Doane,NA,Hark tis the gospel trumpet sounding far and near,W. H. Doane,NA,classical,NA,publicdomain,0.0,0,0,6,2,1,0,16,314,19.625,True,2.542211532392434,1.0,0.9596354166666666
QmNXF9Fzh5K1iZ2wHEkXgGpZPNJUCZrjjMnyPLSepjYT4R,Hark to the bugle - C. Harold Lowden,NA,Hark to the bugle,C. Harold Lowden,NA,classical,NA,publicdomain,0.0,0,1,14,1,1,0,32,399,12.46875,True,3.159445489697433,0.8939393939393939,0.9338768115942028
QmbHnSTs9VkQPNxiLaARhweKe96yFC2TrvJrgfcU86xZcC,Hark to the tread of the childrens army - C. Austin Miles,NA,Hark to the tread of the childrens army,C. Austin Miles,NA,classical,NA,publicdomain,0.0,0,0,6,2,1,0,16,331,20.6875,True,2.870991366674772,0.9274924471299094,0.9375
QmQ2JZrGDsVyEv5pMFGNBNxrsF8YZ2nrPrvZD15BNdxpP8,Hark unto the anthems ringing - Lester Rink,NA,Hark unto the anthems ringing,Lester Rink,NA,classical,NA,publicdomain,0.0,0,0,5,1,1,0,16,204,12.75,True,2.913708925182046,0.9411764705882352,0.9045138888888888
QmatFQ9yZa71dhmWMKMUyM6ASXNv7HQu9kUwhApsqoXuvU,Hark we hear the tidings ring - Powell G. Fithian,NA,Hark we hear the tidings ring - Powell G. Fithian,Powell G. Fithian,NA,classical,NA,publicdomain,0.0,0,0,3,2,1,0,24,286,11.916666666666666,True,2.830385778628855,0.958041958041958,0.9444444444444444
QmYEPVPd12vYPrUXuuAL3ufd2NGE6L3sJAZmi74wszGBEt,Hark your captain cries - Frank L. Bristow,NA,Hark your captain cries,Frank L. Bristow,NA,classical,NA,publicdomain,0.0,0,0,2,1,1,0,16,202,12.625,True,2.626025564597974,0.99009900990099,0.9201388888888888
QmaxJ26HzR7uiZghwpKDZGYytdR9tC9nYmjnxBkGH3TUwn,Hark! from the throne of life the summons rings - H. W. Petrie,NA,Hark! from the throne of life the summons rings,H. W. Petrie,NA,classical,NA,publicdomain,0.0,0,0,3,2,1,0,24,387,16.125,True,3.0639864078297507,0.917312661498708,0.960144927536232
QmZZAyyxz5P4vdsGDSDNXeu38CvJzTWG6nB33YEN7qJWEB,Hark! hark my soul! Angelic songs are swelling (Stebbins) - Geo. C. Stebbins,NA,Hark! hark my soul! Angelic songs are swelling (Stebbins),Geo. C. Stebbins,NA,classical,NA,publicdomain,0.0,0,0,19,2,1,0,28,300,10.714285714285714,True,2.978757665279071,0.9366666666666666,0.9498456790123456
Qmd4mrzJgmk6JK43BEqjzESBkZtPYGZsip1DiSuSuzjX6u,Hark! hark my soul! Angelic songs are swelling (Sweney) - Jno. R. Sweney,NA,Hark! hark my soul! Angelic songs are swelling (Sweney),John R. Sweney,NA,classical,NA,publicdomain,0.0,0,0,2,2,1,0,16,322,20.125,True,2.923321355259807,0.9440993788819876,0.93359375
QmUs9n4FPKtiCojH9LapJgxsRK3v5KnpHN5eZJYPS3Qqm7,Hark! hark my soul! angelic songs are swelling - C. Harold Lowden,NA,Hark! hark my soul! angelic songs are swelling,C. Harold Lowden,NA,classical,NA,publicdomain,0.0,0,0,12,2,1,0,32,382,11.9375,True,3.019719968711988,0.913157894736842,0.9239130434782608
QmQrK2m8z4AGQ21tjCnfnNXzN7NKMqraXoCcsxjaEs8ewb,Hark! hark today hear the Savior calls - Clara M. Hall,NA,Hark! hark today hear the Savior calls,Clara M. Hall,NA,classical,NA,publicdomain,0.0,0,0,2,1,1,0,20,276,13.8,False,2.762512688251039,0.9672727272727272,0.9548611111111112
QmdHRqENio2uQFP5sKTwpKPuStLia3bUhmJnAHkEpDuB6M,Hark! Hark! Hark! Hear the birds - Florence W. Williams,NA,Hark! Hark! Hark! Hear the birds - Florence W. Williams,Florence W. Williams,NA,classical,NA,publicdomain,0.0,0,0,4,2,1,0,17,259,15.235294117647058,False,2.8341750944204724,0.9536679536679536,0.9427083333333334
QmfTGnQpsW8fZ9hDgLJnDaKcmX2dFscJTfALyo3ttFHTqX,Hark! hark! my soul! Angelic songs are swelling (Geibel) - Adam Geibel,NA,Hark! hark! my soul! Angelic songs are swelling (Geibel),Adam Geibel,NA,classical,NA,publicdomain,0.0,0,0,6,2,1,0,33,381,11.545454545454543,True,3.087201196860355,0.9133858267716536,0.9496527777777778
QmaqDx3fRnNrCgADQzPnbmKkNqmY1ucqzSseXCWYFnChog,Hark! hark! outside your door - D. O. Teasley,NA,Hark! hark! outside your door,D. O. Teasley,NA,classical,NA,publicdomain,0.0,0,0,6,1,1,0,16,215,13.4375,True,2.4947202760649647,0.9948979591836736,0.8579545454545454
Qmbyw1vtsRPXreRaKsVpKwHSvRnAeMLWT2Ny5KRVoTF7NH,Hark! hark! son and daughter - R. E. Hudson,NA,Hark! hark! son and daughter,R. E. Hudson,NA,classical,NA,publicdomain,0.0,0,0,4,1,1,0,17,334,19.647058823529413,False,2.563923051749837,1.0,0.9497549019607844
QmWzx7hpeoDmchLThwuTwazKvNJVwWSGaaHvjtiiCYG54D,Hark! hark! the song the ransomed sing - G. F. Root,NA,Hark! hark! the song the ransomed sing,G. F. Root,G. F. Root,classical,NA,publicdomain,0.0,0,0,49,1,1,0,17,220,12.941176470588236,False,2.657327392718048,0.965174129353234,0.9609375
QmZBakm7irBWJZchhmsnPERxPxtmwmP2tF77bVv3GxDXWA,Hark! hark! theres a cry from the deep - J. Lincoln Hall,NA,Hark! hark! theres a cry from the deep,J. Lincoln Hall,NA,classical,NA,publicdomain,0.0,0,0,6,2,1,0,18,260,14.444444444444445,True,3.106310572120354,0.8992248062015504,0.905448717948718
QmZNNYY4m6FHpK2HDSPeHkW9YtVwAHdTrL4FWzwj17gjkn,Hark! Hark! What News (Waits' Carol),From Christmas Carols Ancient & Modern by Wm Sandys FSA,Hark Hark! What News,Misc Traditional,NA,folk,NA,publicdomain,0.0,0,0,13,0,3,0-0-0,16,107,6.6875,True,2.5502573076944657,1.0,0.9596354166666666
QmdUewpaoCToJNRgiQ1A1kZ37f2v83k7sUCgAcGYZBpyof,Hark! hear the call that is sent through the land - W. Stillman Martin,NA,Hark! hear the call that is sent through the land,W. Stillman Martin,NA,classical,NA,publicdomain,0.0,0,0,3,2,1,0,26,395,15.192307692307692,True,2.9372432672940976,0.9417721518987342,0.9628623188405796
QmQ8imNm4R2WG73mpG8UomLNcse4vgFRnpyViobd8uqq89,Hark! How Skinner's Fiddle Rings,NA,Hark! How Skinner's Fiddle Rings,Misc tunes,J. Scott Skinner,NA,NA,publicdomain,0.0,0,0,1,1,1,0,31,251,8.096774193548388,False,2.353689439450076,1.0,0.9002976190476191
QmdnJjBCqdWM57Rmw4XurHUgLvr2AUYCKHkddtj9irbdXW,Hark! I hear ten thousand voices sing - Thoro Harris,NA,Hark! I hear ten thousand voices sing,Thoro Harris,NA,classical,NA,publicdomain,0.0,0,0,2,1,1,0,16,308,19.25,True,2.750558860646418,0.9512987012987012,0.9296875
QmQKgK7msztLeEKkHcbBEhiFa7kEBYQbiSCx6oPRcRTJRU,Hark! I hear the tramp of legions - Leslie Watson,NA,Hark! I hear the tramp of legions - Leslie Watson,Leslie Watson,NA,classical,NA,publicdomain,0.0,0,0,4,2,1,0,24,333,13.875,True,2.7149179178976923,0.981981981981982,0.9331597222222222
QmbiZDbo7bgqyEsGHdtVbcQp8mRUDuGfw1LttUoRfvGEVc,Hark! sinner hark! we have tidings so true,NA,Hark! sinner hark! we have tidings so true,Misc Traditional,NA,folk,NA,publicdomain,0.0,0,0,17,2,1,0,16,288,18.0,False,2.589608064133163,0.9930555555555556,0.9322916666666666
QmNe1hAjVWM3stWRMr7WWxuHNpE46GEC8BHnTyM97V45jV,Hark! the bells of Heaven ringing - Victor H. Benke,NA,Hark! the bells of Heaven ringing,Victor H. Benke,NA,classical,NA,publicdomain,0.0,0,0,16,1,1,0,26,409,15.73076923076923,False,2.959449350837826,0.9144254278728606,0.9128086419753086
QmYDxJGV4RqYADQ1TmDFDPFzDuy6ZJQiERjpFkKPcdP2Pe,Hark! the call to service loyal ones and true - B. D. Ackley,NA,Hark! the call to service loyal ones and true,B. D. Ackley,NA,classical,NA,publicdomain,0.0,0,0,3,2,1,0,16,363,22.6875,True,3.0281861778933563,0.9393939393939394,0.9192708333333334
QmQpPPVeF6thnV3HNjx1HQp4hwiodrwPRivE9swEi7ehh4,Hark! the carols from the sky - W. J. Baltzell,NA,Hark! the carols from the sky,W. J. Baltzell,NA,classical,NA,publicdomain,0.0,0,0,3,1,1,0,20,266,13.3,True,2.696157248203336,0.9736842105263158,0.924342105263158
QmebcjzqC1Wahaj3hRMKoTTXSUY9Luy6JS4GiowEtxaNmk,HARK! THE HERALD ANGELS SING,NEW TUNE,Hark! The Herald Angels Sing,Charles Wesley,Merle Lamprecht,classical,NA,cc-zero,0.0,0,20,1399,1,1,0,40,778,19.45,True,2.9049038470654613,0.922879177377892,0.9510416666666668
QmPYr3B67uN6oFCX84i8eTwsSkcrR6Eo6ATK8rBpLqY7d1,Hark! the Herald Angels Sing,NA,hark the herald angels sing,Citizens & Saints,NA,rock-religiousmusic,NA,cc-zero,0.0,0,0,11,1,1,0,40,168,4.2,False,2.8782230665545976,0.9642857142857144,0.9583333333333334
QmdwBb4ksgiK9HGnpT3kcjz9q2QevKXFumnuXqhkfzpair,Hark! The Herald Angels Sing,NA,NA,NA,NA,NA,pilgrimpresbyterian-trinityhymnal-christmas-christsbirth,cc-zero,0.0,0,9,373,0,4,0-0-0-0,20,294,14.7,False,2.758951386413804,0.978102189781022,0.9697916666666668
QmYFyJdgvey31koDrFLtKQ57ATwFjfJZymvkcdvDKCtWEC,Hark! the herald angels sing (Hudson) - R. E. Hudson,NA,Hark! the herald angels sing (Hudson),R. E. Hudson,NA,classical,NA,publicdomain,0.0,0,0,26,2,1,0,24,294,12.25,True,2.5086604788424856,0.9863945578231292,0.9719202898550724
QmabvKNuotTNSksJFbRb6tPKcTisqY1K6YTq1ZFERt3d6A,Hark! The Herald Angels Sing - Charles Wesley,NA,Hark! The Herald Angels Sing,Charles Wesley,NA,classical,NA,publicdomain,0.0,0,1,47,0,2,0-0,20,293,14.65,True,2.76273552727847,0.9774436090225564,0.9669117647058824
QmXSP3QtQnq7DhQoMuJbYMFeQLPv2Y63w8VXoLdYtL4imH,Hark! the joyful choir of angels - H. C. Blosser,NA,Hark! the joyful choir of angels,H. C. Blosser,NA,classical,NA,publicdomain,0.0,0,0,7,2,1,0,20,300,15.0,True,2.6492697240573246,0.9933333333333332,0.8739035087719298
QmQsGPbEUQ4UpLHTXbEEKVWbwhwLoqhKGmaetfAA14xoEi,Hark! the voice of Jesus calling (Arsdale) - P. P. Van Arsdale,NA,Hark the voice of jesus calling (march),Philip P. Van Arsdale,NA,classical,NA,publicdomain,0.0,0,0,9,1,1,0,16,241,15.0625,True,2.549154523992505,0.991701244813278,0.96875
QmQYSLB18VWgU92fUmHvq1DYrS19nAZvH1usuLCaiTmFp2,Hark! the voice of Jesus pleading - B. Frank Butts,NA,Hark! the voice of Jesus pleading - B. Frank Butts,B. Frank Butts,NA,classical,NA,publicdomain,0.0,0,0,6,1,1,0,30,337,11.233333333333333,False,2.8333003440246376,0.9614243323442137,0.8842592592592593
QmQzy33DtFV6TW5RifTZG4JtFjNFPVxURfJrjWtPAY1f3N,Hark! there's a call from the front today - Samuel W. Beazley,NA,Hark! there's a call from the front today,Samuel W. Beazley,NA,classical,NA,publicdomain,0.0,0,0,3,1,1,0,17,284,16.705882352941178,True,2.4346377470081726,0.9964788732394366,0.9348958333333334
QmRj2EjeuyXGtfCNrjjixZk2z3mjSMm23EDq5GG8FMgs25,Hark! theres a call for the brave and true - M. L. McPhail,NA,Hark! theres a call for the brave and true,M. L. McPhail,NA,classical,NA,publicdomain,0.0,0,0,4,1,1,0,17,275,16.176470588235293,False,2.782402099062039,0.9527272727272728,0.92578125
Qmf2eWgCXarYEek5zHZS4vUq7BLipR9LEshNczsNTh6VqZ,HARK! THOSE SOUNDS. (Fra Diavolo.),NA,HARK! THOSE SOUNDS. (Fra Diavolo.),Misc tunes,NA,NA,NA,publicdomain,0.0,0,0,11,1,1,0,36,193,5.361111111111111,False,2.741464216543328,0.9844559585492229,0.8932291666666666
QmXe2TRu9EXeWbYWrCRM8kLhMJwvpLDiurYUTY9u4qj4u6,Hark! what mean those holy voices (Armstrong) - Frank L. Armstrong,NA,Hark! what mean those holy voices (Armstrong),Frank L. Armstrong,NA,classical,NA,publicdomain,0.0,0,0,4,2,1,0,24,378,15.75,True,2.761474709882814,0.9656084656084656,0.9340277777777778
QmYDasLRsC2K3qzcuynVLq8pqvuJa6wZeBsxg8F1FiTCmD,Hark! what mean those holy voices (Babcock) - Maltbie D. Babcock,NA,Hark! what mean those holy voices (Babcock),Maltbie D. Babcock,NA,classical,NA,publicdomain,0.0,0,0,3,2,1,0,16,256,16.0,True,3.036490373641438,0.9296875,0.91796875
QmTfgRno3WUr6MNDuL9hznkrTeG2ZZEVKAAETeT5hWZmtV,Harlaquin. SenH.050,NA,Harlaquin. SenH.050,Misc tunes,Ed. Stanleyin Hand B (Humph. Senhouse),NA,NA,publicdomain,0.0,0,0,3,1,1,0,11,68,6.181818181818182,False,2.472125540620442,1.0,0.9439102564102564
QmVizaULHLBLbCPqTGrMwQxm5ihrtYHHHsPDjYEaqF1yMD,Harlequin in the Mud,Busby's Frolick,Harlequin in the Mud,Misc tunes,NA,NA,NA,publicdomain,0.0,0,0,0,0,2,0-0,32,242,7.5625,False,2.618315190138406,0.9917355371900828,0.9583333333333334
QmdyDXRt7ZkfE6HQVerHudfUXYqFKzm2hHit8i7aFuPXey,Harlequin in the Mud or... WCD3/6.148,Busby's Frolick. WCD3/6.148,Harlequin in the Mud or... WCD3/6.148,Misc tunes,NA,NA,NA,publicdomain,0.0,0,0,2,1,1,0,32,164,5.125,False,2.5652178824348115,1.0,0.9583333333333334
QmUcrjgnJvaKsP1BtFrZbbbE1L7RP8XipPunCFZANCkQdS,Harlequin's Amulet. HSJJ.102,Garryowenaka. HSJJ.102,Harlequin's Amulet. HSJJ.102,Misc tunes,NA,NA,NA,publicdomain,0.0,0,0,5,1,1,0,36,184,5.111111111111111,False,2.7384431357583283,1.0,0.9053819444444444
QmNdmRCrBTUiE3N8hFYUpxUVmHYJYyDSX9krPLp4d4VQF9,Harlequin's Gamball Hornpipe. Roose.0907,Harlequin's Gambols. Roose.0907Grimaldi's Hpaka. Roose.0907Colosseum Hornpipeaka. Roose.0907Stage Hpaka. Roose.0907 ThePet of the Houseaka. Roose.0907New Dickaka. Roose.0907,Harlequin's Gamball Hornpipe. Roose.0907,Misc tunes,NA,NA,NA,publicdomain,0.0,0,0,9,1,1,0,36,226,6.277777777777778,False,2.5798394091261803,1.0,0.9739583333333334
QmVY8X265hSctK6EJkcm4U4SpZegGpPzT8Ag32WZcQaGsL,Harly Bush Fair. ThoH.028,NA,Harly Bush Fair. ThoH.028,Misc tunes,NA,NA,NA,publicdomain,0.0,0,0,2,1,1,0,32,276,8.625,False,2.8401251055916594,0.9782608695652174,0.9344618055555556
QmeQUcFrJPX8xBiR5rw2oKbvLQe4NqgPck1i9EzPpYvu3e,Harm 2,NA,Harm 2,user220106288,Stephen YangLast measure I don't know unison and eighth is a parallel or not,NA,NA,cc-zero,0.0,0,0,13,1,1,0,8,64,8.0,False,2.5734676385527027,1.0,0.9791666666666666
Qmd9Mx46F12MaJf6ei7Qr8GHfLt6tiVuqKrH1bpdEiByBR,Harmonic exercises,Harmonization of preset melodies and bassesfrom the task book by B. Alekseev (1976),Harmonic exercises,ÐÐµÑÐ³ÐµÐ¹ ÐÐµÑÐ½ÐÐºÐ¾Ð²,Realizations by S. Shchetnikov,NA,NA,cc-zero,0.0,0,4,138,2,1,0,305,3311,10.855737704918033,True,3.5529878356901983,0.6536227453378172,0.9585774739583334
QmcixD9TbdguC4JCDdkyk67xtn6VgHkb84fC2xHLB1FEvb,Harmonious Blacksmithaka. JMP.059,NA,Harmonious Blacksmithaka. JMP.059,Misc tunes,64...Harmonious Blacksmith,NA,NA,publicdomain,0.0,0,0,30,1,1,0,32,204,6.375,False,2.736910694701508,1.0,0.9576822916666666
QmYnUWwCxYWCSekAMJVWHhgp6w1X6CrZzhwTcAiKmH7hxC,Harmonization 2,NA,Harmonization 2,synasharma10,NA,NA,NA,cc-zero,0.0,0,0,7,1,1,0,8,64,8.0,False,2.6419209291033496,1.0,0.9791666666666666
QmRNWnZ6YKJBiRQ2RE2MzX5B2J41n4V1pH9h2ynkKYHHWV,Harmonizations of the Lick,NA,Harmonizations of the Lick,1440602,Composer,NA,thelick-thelicc-reharmonization-jazz-microtonal,cc-zero,0.0,0,5,149,0,4,0-0-0-0,57,496,8.701754385964913,False,3.2470413324727696,0.8306451612903226,0.8976934523809523
Qme7cSVwPLjouBcRyJpZMvCjcyGngVHNagjaTCNXQthsRf,HARMONIZING technique (chordify),NA,HARMONIZING technique (chordify),Misc tunes,style: TAKE 6,NA,NA,publicdomain,0.0,0,0,16,1,1,0,4,40,10.0,False,2.615172334569489,1.0,0.9635416666666666
QmcuU8rVRX8E77TXVC262X3tgB9Gnk4FMe7q78ikDYSUjV,Harmony,NA,NA,NA,Mike16K,NA,classical-minimalism,cc-zero,0.0,0,6,295,2,1,0,86,1162,13.511627906976743,False,2.7401949537343504,0.9707401032702238,0.9979166666666668
QmdWQHAgp6opYmpnWVscCYrzaWmfd59d2akT5L1kr7DugW,harmony,NA,harmony,nom123456,NA,NA,NA,cc-zero,0.0,0,0,2,2,1,0,10,191,19.1,False,2.6350155561142934,1.0,0.9479166666666666
QmWV3n19798dS6SVeorYzCFAbWF1RUpq7WcHMESJLRN3pZ,Harmony and Chord Progressions,Online Course from the Mastering MuseScore School,Harmony and Chord Progressions,Marc Sabatella,Marc Sabatella,jazz,NA,cc-zero,4.66,70,47,1828,1,1,0,8,86,10.75,False,2.8540594230950416,0.9069767441860463,0.96875
QmShfLGqbS3SSLa9KS2zrKvD1RQMLv1n11u5EgDXHwHh2i,Harmony I Final Project,NA,Harmony I Final Project,Dthesaxplayer,NA,NA,NA,cc-zero,0.0,0,1,27,0,2,0-0,16,291,18.1875,False,2.7415040666659767,1.0,0.9270833333333334
QmW5UYF7x1TooUQUXPY93JQ1kAAVFGTuwG4h6vmPxBFSvJ,Harmony Study 2,A simple chord harmonization study.1st part is before harmonization. 2nd part is after harmonization.3rd part is a measure against measure comparison of the before and afterFeel free to use this however you wish.,NA,NA,NA,NA,harmony-study-lesson-instruction-musictheory-theory-harmonization,cc-zero,0.0,0,6,217,2,1,0,29,460,15.862068965517242,False,2.782931454751231,1.0,0.9781073446327684
QmbCpKXsLpUgweF2kyCm2AQAoSbsFDHCNhqtA6JBd3ECXT,Harmony. JBa.78,Elsie Marleyaka. JBa.78,Harmony. JBa.78,Misc tunes,NA,NA,NA,publicdomain,0.0,0,0,2,1,1,0,16,64,4.0,False,2.5308163878613463,1.0,0.90625
QmaS5VyLciBcnKurnskBVHmgJa3kKM7PsWuqAEjKZtkmi6,Harmpnization,NA,Harmpnization,ukitlol,Udit Lal,NA,NA,cc-zero,0.0,0,0,8,1,1,0,8,64,8.0,True,2.6369850393442533,1.0,0.9895833333333334
QmUuxzkRxP5w8HoyiDPDta2fAGiWuw2JfQoDPw8THYthBA,Harmpnization NHT,NA,Harmpnization NHT,ukitlol,Udit Lal,NA,NA,cc-zero,0.0,0,0,6,1,1,0,8,69,8.625,True,2.6781202901454675,1.0,0.9635416666666666
QmXgH1FxfHuXr5rSsbN2dmguigZHFhPACf2JBJpN8kPD99,Harpsichord or piano piece in C major,Gaétan Bonjour,NA,NA,NA,NA,NA,cc-zero,0.0,0,2,16,1,1,0,77,531,6.896103896103896,False,2.873741738471928,0.9661016949152542,0.9621212121212122
QmW82WKitXm7x7JBN6kdfygv4eNDAzPMrDEShDBBkLL2KT,Harpsichord or piano piece in C minor,Gaétan Bonjour,NA,NA,NA,NA,NA,cc-zero,0.0,0,2,23,1,1,0,75,412,5.493333333333333,False,2.951898519030677,0.9441747572815534,0.9722222222222222
QmVexo4VcWcGrRws8shWLWaYkSeshE34dRRw1PnhpU8S5e,Harpsichord or piano piece in C-sharp major,Gaétan Bonjour,NA,NA,NA,NA,NA,cc-zero,0.0,0,0,54,2,1,0,102,1069,10.480392156862743,False,1.9857033747997552,0.999064546304958,0.9177631578947368
QmfS6dKh1abTyc1TDP9iA4FEdzfGiXvtqdPRF8jgWCx8hr,Harpsichord or piano piece in C-sharp minor,Gaétan Bonjour,NA,NA,NA,NA,NA,cc-zero,0.0,0,1,35,2,1,0,59,1592,26.983050847457623,False,2.6534822327589165,0.8951005025125628,0.9669540229885056
QmZzdWURRMe45BSoKMLd37QcizfvUmq6q7b1HDeQFi8gv1,Harpstep,It was,Harpstep,thoron220yt,Spencer Leach,NA,coltrane-cocaine,cc-zero,0.0,0,0,38,0,3,6-6-6,74,1210,16.35135135135135,False,3.2028529648374646,0.8113612004287245,0.9589041095890412
QmUNSV3CknUcDiJLyAQRWkgAgVkmAWwZ8hkyivzobwecCS,Harrington - Calvin S. Harrington,NA,Harrington - Calvin S. Harrington,Calvin S. Harrington,NA,classical,NA,publicdomain,0.0,0,0,1,2,1,0,7,244,34.857142857142854,False,2.3019682868419435,1.0,0.8333333333333334
QmXvgSrGkECh1u2CyYi6K7sjSnHfyhB7KBLUG1XsVyfcWR,Harrington Hall (march) 1839,NA,Harrington Hall,Misc tunes,Unattributed,NA,NA,publicdomain,0.0,0,0,1,1,1,0,38,188,4.947368421052632,False,2.6407818146349484,0.9893617021276596,0.9491666666666668
Qmei5yAkgiczC4cmBbttvcsc6G5BY3ajJdNwMCkybx1FXD,HARRISON'S GRAND MARCH,NA,HARRISON'S GRAND MARCH,Misc tunes,NA,NA,NA,publicdomain,0.0,0,0,0,0,3,0-0-0,65,971,14.93846153846154,False,2.6980861440484656,0.9876160990712074,0.9294590643274854
QmarWdK4pL43iDQPqLCWsHW1qiZwjnRBkbfekCn2HwpnXf,Harrisonburg - J. H. Hall,NA,Harrisonburg,J. H. Hall,NA,classical,NA,publicdomain,0.0,0,0,1,1,1,0,14,126,9.0,False,2.714920988963938,0.984126984126984,0.9652777777777778
QmZAdSwJnifxk9TEZbpUAEmR5Wc13pQBjNQCnLhnv4wkBh,Harry Carleton - Camp Meeting -- Hornpipe,NA,Camp Meeting -- Hornpipe,Harry Carleton,Harry Carleton,classical,NA,publicdomain,0.0,0,0,3,1,1,0,36,218,6.055555555555555,False,2.9774833536509715,0.9541284403669724,0.8763020833333334
QmWSFV32xzyXe1gsPVfKVpcJNP1ZcwzHqJdSE2fx4FZByX,Harry Carleton - CASTLE GARDEN -- JIG,NA,CASTLE GARDEN -- JIG,Harry Carleton,Harry Carleton,classical,NA,publicdomain,0.0,0,1,3,1,1,0,36,188,5.222222222222222,False,2.4876192105003336,1.0,0.9878472222222222
QmTPvHmvYX31NYawo2uPeC44MMEXhhFJsFfYunL5eWFXMK,Harry Carleton - National Lancers' -- Hornpipe,NA,National Lancers' -- Hornpipe,Harry Carleton,Harry Carleton,classical,NA,publicdomain,0.0,0,0,8,1,1,0,36,252,7.0,False,2.797386047957716,0.992063492063492,0.9713541666666666
QmcivQmagebdfP1pRTxqMjie1Xp6FjZV1Ci85X6LijGcmo,Harry Cotter's See Saw Polka,NA,Harry Cotter's See Saw Polka,Misc tunes,NA,NA,NA,publicdomain,0.0,0,0,5,1,1,0,16,69,4.3125,False,2.772924455774821,1.0,0.9244791666666666
QmWPW88RaUscsVyZQBTqVAXNNuFDXJwkdggivKJeFkkePr,Harry Dacre - Daisy Bell,NA,Daisy Bell,Harry Dacre,Harry Dacre,classical,NA,publicdomain,0.0,0,2,74,1,1,0,72,145,2.013888888888889,True,2.808557145390504,0.9517241379310344,0.9534090909090908
QmTREwiSX3Qcpd2i9g3uXwnewTQQc8EnxayRAUfnTrFAEH,Harry Dacre - Daisy Bell,Daisy DaisyBicycle Built for Two,Daisy Bell,Harry Dacre,Harry Dacre 1892,classical,NA,publicdomain,0.0,0,3,65,1,1,0,33,56,1.696969696969697,False,2.5975802493383537,1.0,0.9610507246376812
QmWEM2ksRCyLM2AgDAZN4mSQWT7TwpqNFSrhNDHTgCpLsc,Harry McQueen's Polka Mazurka,NA,Harry McQueen's Polka Mazurka,Misc tunes,NA,NA,NA,publicdomain,0.0,0,0,2,1,1,0,16,56,3.5,False,2.6423834884336257,1.0,0.9450757575757576
QmUnSmqGrB6f5j3yfvSxeikZmfnWtoPPSbwHWWK64Zhza9,Harry McQueen's Prince Imperials,NA,Harry McQueen's Prince Imperials,Misc tunes,NA,NA,NA,publicdomain,0.0,0,0,1,1,1,0,32,116,3.625,False,2.547600224315771,1.0,0.953125
QmWgoZw6AZxmaysSZi8g2GASK9cmVsveNtm3UyPGMcRoDp,Harry Schaefer's Varsoviana No 1,NA,Harry Schaefer's Varsoviana No 1,Misc tunes,NA,NA,NA,publicdomain,0.0,0,0,2,1,1,0,85,320,3.764705882352941,False,2.6431018130676485,0.990625,0.9350694444444444
QmYWtyK1ttaCDD1U894ssfoy9DUhe3TFskdwEY63BbECsr,Harry Styles - Adore You,NA,Adore You,Harry Styles,NA,rock-pop,NA,cc-zero,0.0,0,28,4070,0,1,0,171,1827,10.68421052631579,False,2.7511742104665053,1.0,0.9307992202729044
QmagvzqzTwPkRCRaJzgZfo9CupxpCrz6Kt4zUzRiw4KB2C,Harry the Tailor - Westaway,NA,Harry the Tailor - Westaway,Misc tunes,NA,NA,NA,publicdomain,0.0,0,0,9,1,1,0,19,90,4.7368421052631575,True,2.708767788339513,1.0,0.96875
QmP8Cy3HaSuedBxrVbUFvMNWcGGaHsQrqBupJKVF17bKhT,Harry's Broken Item Composed by Terry Tully,NA,Harry's Broken Item Composed by Terry Tully,Misc tunes,NA,NA,NA,publicdomain,0.0,0,0,5,1,1,0,62,554,8.935483870967742,False,2.6771859990347,1.0,0.9842592592592592
QmXjrtBr8EDUtMDk22iQQrJKwy8QuP1qeZyHRzhT8BKGYc,Harry's Favourite Shotease,NA,Harry's Favourite Shotease,Misc tunes,NA,NA,NA,publicdomain,0.0,0,0,3,1,1,0,17,120,7.0588235294117645,False,2.7357875944819305,1.0,0.9140625
QmaeXmSHAQTKdUijSxxMfKB6bXo9qMSo5TbUmttK77jhhX,HART (Deavereaux) - Jay Deavereaux,NA,HART (Deavereaux),Jay Deavereaux,NA,classical,NA,publicdomain,0.0,0,0,2,1,1,0,24,215,8.958333333333334,True,2.853314996438931,0.9488372093023256,0.9791666666666666
QmNkpA3GyVMZJEh7hR8dqWK4ScJLsmdHqJgeiyX5rNswyc,Hart On Fire,NA,NA,NA,T. J. SNYDER,NA,on-happy-fire-hart-serious,publicdomain,0.0,0,1,321,1,1,0,46,495,10.76086956521739,False,2.9533924323877923,0.9595959595959596,0.9755434782608696
QmaK5cPyZmLYKp8hUGfsrRu9QFCjrQv8KCM5L8o64QbN82,Hart's Scotch Set1. JNu.51,Blow The Wind Southerlyaka. JNu.51,Hart's Scotch Set1. JNu.51,Misc tunes,NA,NA,NA,publicdomain,0.0,0,0,13,1,1,0,51,247,4.8431372549019605,False,3.0049343435165508,0.9109311740890688,0.9065656565656566
QmTEAbG8euz2RBfFGB9H5DUqzUa9D3xTNFLcas8nV5VNJt,HART'S TENTH SET OF QUADRILLES Part 1,NA,HART'S TENTH SET OF QUADRILLES Part 1,Misc tunes,NA,NA,NA,publicdomain,0.0,0,0,2,1,1,0,40,165,4.125,False,2.88937395508915,0.9696969696969696,0.8596491228070176
QmeS5DhyiMPW8wKtZj1KUY4vegZ1qvTEQYDeh91ogxEpzT,HART'S TENTH SET OF QUADRILLES Part 4,NA,HART'S TENTH SET OF QUADRILLES Part 4,Misc tunes,NA,NA,NA,publicdomain,0.0,0,0,2,1,1,0,86,368,4.27906976744186,False,2.615931127550281,0.967391304347826,0.9114583333333334
QmZUCMNmH9B2qMGggQiho6g6rMwH12P8JQrV7cKfxeRKrQ,HARTHGH2- Bonny Portmore,NA,Bonny Portmore,Misc tunes,NA,NA,NA,publicdomain,0.0,0,1,22,1,1,0,17,75,4.411764705882353,False,2.5599286038055022,1.0,0.9149305555555556
QmQNSyHMS9qwvVqVNxJEzSoXS3zLtqqUL2MVgrFher6WSX,Hartigan's Fancy (A55),NA,Hartigan's fancy,Misc tunes,NA,NA,NA,publicdomain,0.0,0,1,4,1,1,0,81,429,5.296296296296297,False,2.7269687453642693,1.0,0.9567901234567902
QmYJyDYfZV9ioHpvb4Uucth3tK6WN32gXuXUdXJmdSPwjJ,Hartigan's Fancy (jig) 0816,NA,Hartigan's fancy,Misc tunes,after Mr. Carey,NA,NA,publicdomain,0.0,0,0,9,1,1,0,38,194,5.105263157894737,False,2.72397400850266,1.0,0.9551767676767676
QmeAsgrMqg7duXqaJFbhzRkVcZyGwaFaTqjVaR3nGHzTx4,Hartigan's Fancy [?],Copppers and Brass [?],Hartigan's fancy,Misc tunes,NA,NA,NA,publicdomain,0.0,0,0,7,1,1,0,48,270,5.625,False,2.718218981196922,1.0,0.9681712962962964
QmTCLxxQ9ukHzMG6WacYP84Mf3dog5Cq9Y2ay5pfSAL7Mo,Haru yo koi (Db Major),Haru yo Koi - Come Spring,Haru Yo Koi,Yumi Matsutoya,Yumi Matsutoya - æ¾äèçå,NA,NA,cc-zero,4.73,34,111,3736,2,1,0,82,1971,24.036585365853657,False,2.7443650706627465,0.995941146626078,0.9650205761316872
QmPhoBiXvtRkFuEZkWGJeYPVJGWu86umYNSm7zGQSydjnx,HARVARD (Gould) - J. E. Gould,NA,HARVARD (Gould),J. E. Gould,NA,classical,NA,publicdomain,0.0,0,0,4,2,1,0,17,210,12.352941176470589,False,2.5718465586780006,0.9952380952380953,0.9288194444444444
QmZK3uU7JuHLE7oaKJEMysg1W8GQoYeEAF7i8q8mFzRK9k,HARVEST (Menthal) - R. Menthal,NA,HARVEST (Menthal),R. Menthal,NA,classical,NA,publicdomain,0.0,0,0,2,1,1,0,24,263,10.958333333333334,True,2.836235934740273,0.9695817490494296,0.9461805555555556
Qmbhy7Ew2Bavm1yvDZP9PU75PvPvFifoCEy9fz7ixhx2hC,HARVEST (Seward) - Theodore F. Seward,NA,HARVEST (Seward),Theodore F. Seward,NA,classical,NA,publicdomain,0.0,0,0,4,1,1,0,24,403,16.791666666666668,True,2.5720879147759748,0.9925558312655088,0.9745370370370372
QmPkrozso5t5EUhqZ8K4xKe7TZLjQo1RamqE9CgboAoXXb,HARVEST (Tours) - Berthold Tours,NA,HARVEST (Tours),Berthold Tours,NA,classical,NA,publicdomain,0.0,0,0,8,2,1,0,27,339,12.555555555555555,False,2.97078168940406,0.9469026548672568,0.9496527777777778
QmcnNkzxpxU5Jvop8JEFcWLa8P13G1e36KDBsFD3zsN9bV,Harvest - Hai to Gensou no Grimgar ED,NA,hai to gensou no grimgar - harvest,Misc Cartoons,Composed by: (K)NoW_NAME,soundtrack,harvest-haitogensounogrimgared-knowname-animuz-piano,cc-zero,4.66,6,42,1432,2,1,0,179,2104,11.754189944134078,False,2.837187238384695,0.9676498572787822,0.9541666666666668
QmUku56zwo2iSVKbQVmSftak3FpKsy7rMd2k3tAnbLWFZQ,Harvest fields are waving with the ripened grain - Mrs. Nellie Place Chandler,NA,Harvest fields are waving with the ripened grain - Mrs. Nellie Place Chandler,Mrs. Nellie Place Chandler,NA,classical,NA,publicdomain,0.0,0,0,6,2,1,0,16,347,21.6875,True,2.731584365098233,0.9798270893371758,0.9375
QmU7CsWejxB8PdJWgN8nV57WBrHU7kJ23mVEGSkBkZAAa5,Harvest Home,NA,Harvest Home,Misc tunes,NA,NA,NA,publicdomain,4.56,4,4,49,1,1,0,36,246,6.833333333333333,False,2.533708329587604,1.0,0.94921875
QmaHhhrxNDSVwS4ULpzKVbngDKBj5Hh7s557uLgSAP7Yac,Harvest Home - Edward Johnson Bellerby,NA,Harvest Home,Edward Johnson Bellerby,NA,classical,NA,publicdomain,0.0,0,0,23,2,1,0,24,352,14.666666666666666,True,3.0026127485026555,0.9460227272727272,0.9839409722222222
QmXJcV6LHCJmVbS3ziWdKk3YmM4koMRUTdQaV556tQkJAw,Harvest Home Hornpipe,NA,Harvest Home,Misc tunes,Joe Buchanan's Scottish Tome - Page 239.2,NA,NA,publicdomain,0.0,0,0,3,1,1,0,45,330,7.333333333333333,False,2.4975982740807803,1.0,0.9015625
Qme2u8kaDrkRHh4YGjyfVN4NACH3NXLCsLec5mqdUuY7Fo,Harvest moon Back to nature Girl theme,NA,Harvest moon Back to nature Girl theme,tasuku_ryuenji,NA,NA,NA,cc-zero,0.0,0,3,225,0,1,0,108,956,8.851851851851851,False,2.990589934239319,0.9299163179916318,0.9513239875389408
QmaRGJoYPb2RmM7x2Wi38CMd5f3JD3R8TMkr7AU6soF6Da,Harvest Ricks,NA,Harvest Ricks,Misc tunes,NA,NA,NA,publicdomain,0.0,0,0,4,1,1,0,32,226,7.0625,False,2.836590486305356,0.9292035398230089,0.96875
QmUBEXPwXSz5HQTvZyWVGQn5i43NeWYSTDFTbhG4UqdXu1,Harvest song - Rickards,NA,Harvest song - Rickards,Misc tunes,NA,NA,NA,publicdomain,0.0,0,0,6,1,1,0,88,274,3.113636363636364,True,2.96533391454482,0.9051094890510948,0.936965811965812
QmZDFQAEjdQF65ZTMKGZ169A9ob2zjrKuFNa3vzZDgZvsB,Harvest Storm,NA,Harvest Storm,Misc tunes,NA,NA,NA,publicdomain,0.0,0,0,2,1,1,0,4,42,10.5,False,2.3949246538462887,1.0,0.975
QmUoUtrqcpn9jn5mJDuUinhx9cbHD1gqJWjvkBvyc8wVbB,Harvester harvester gather thy sheaves - S. W. Straub,NA,Harvester harvester gather thy sheaves,S. W. Straub,NA,classical,NA,publicdomain,0.0,0,0,5,1,1,0,16,280,17.5,True,2.4597159802883883,0.9928571428571428,0.8645833333333334
QmdtQCUzdJwupwxMG18fUTdTGz8vscfb4qU8ZgfDgKu59Y,HARWOOD (Main) - Hubert P. Main,NA,HARWOOD (Main),Hubert P. Main,NA,classical,NA,publicdomain,0.0,0,0,2,1,1,0,16,188,11.75,True,2.95634516566669,0.952127659574468,0.918560606060606
QmapEDDuYyiQ4aSkLYeBcKpJXhbRQuLBDPnf76KEZhcqMQ,Has a kindly thought been yours - J. H. Ruebush,NA,Has a kindly thought been yours,J. H. Ruebush,NA,classical,NA,publicdomain,0.0,0,0,7,2,1,0,18,358,19.88888888888889,False,2.598741278401772,0.9776536312849162,0.96875
QmbzT25fKqefuwNjrRZCw2PMMqEa16YLN5VSMBjcv4JxN5,Has Jesus saved your guilty soul - Powell G. Fithian,NA,Has Jesus saved your guilty soul,Powell G. Fithian,NA,classical,NA,publicdomain,0.0,0,0,5,1,1,0,27,352,13.037037037037036,False,2.598686792956976,0.9886363636363636,0.9618055555555556
QmYZM3C56HyTdn1RdcVLhGTf1s4TMWC6XvaQCgmuy6bVJD,Has the day brought hurt and sorrow - Adam Geibel,NA,Has the day brought hurt and sorrow,Adam Geibel,NA,classical,NA,publicdomain,0.0,0,0,5,2,1,0,20,281,14.05,False,2.8030199766544155,0.9430604982206404,0.9114583333333334
QmNsvKCv5DwUZB5RfjrBYVfLq6HFPUS8YaaPsZVJVgHLHL,Has the Lord been good to you? - E. S. Lorenz,NA,Has the Lord been good to you?,E. S. Lorenz,NA,classical,NA,publicdomain,0.0,0,0,2,1,1,0,24,318,13.25,True,2.7610463485841303,0.9779874213836478,0.9444444444444444
QmXDd24C1adMsuBhMkeckxykDVphroTLPYazwdb8PkR3ZX,Has the word of God reached your heart - Howard E. Smith,NA,Has the word of God reached your heart,Howard E. Smith,NA,classical,NA,publicdomain,0.0,0,0,3,1,1,0,20,242,12.1,False,2.397243096389373,1.0,0.9518229166666666
QmXyyHiPZkBQSXrpXtvXmEMqrsV1EPuBYvQWv7gdi1B1dX,Has your yesterday been cleansed by Jesus - Rev. E. J. Bond,NA,Has your yesterday been cleansed by Jesus - Rev. E. J. Bond,Rev. E. J. Bond,NA,classical,NA,publicdomain,0.0,0,0,3,1,1,0,16,303,18.9375,True,2.896714418886394,0.9273927392739274,0.8932291666666666
QmYKYnoh4zV6NuQVV44NdozpkJnVkBCVhrwBKzqk55riKR,HaShkedia Porachat,NA,HaShkedia Porachat,meirpreiszler,M. Rabina,NA,NA,cc-zero,0.0,0,0,18,1,1,0,9,91,10.11111111111111,False,2.5411934953221844,1.0,0.9713541666666666
Qme8USeo2GdQsw2ikFYiW3tv7vvJo4UHa5mTuAiUbQx1du,Hast thou heard of that wonderful Jesus - J. H. Tenney,NA,Hast thou heard of that wonderful Jesus,J. H. Tenney,NA,classical,NA,publicdomain,0.0,0,0,3,1,1,0,19,317,16.68421052631579,False,2.681193929792844,0.9905362776025236,0.8246527777777778
Qmejzi9Mi9xmoTcrdYSV7LiaDW39AjiRCwwE3AGZpTMPhG,Hast thou no part to bear - W. S. Nickle,NA,Hast thou no part to bear,W. S. Nickle,NA,classical,NA,publicdomain,0.0,0,0,2,1,1,0,18,186,10.333333333333334,False,2.787489622067291,0.967741935483871,0.890625
QmatzfR6FrioVSq3B4igYZcjZBa7w4dqG3BAnfqmVvqfMR,Hast thou trimmed thy lamp my brother - Hubert P. Main,NA,Hast thou trimmed thy lamp my brother,Hubert P. Main,NA,classical,NA,publicdomain,0.0,0,0,3,2,1,0,20,230,11.5,False,2.868902561842257,0.9434782608695652,0.8784722222222222
QmddSNgGSnQzGbAXs2U5krxTiWxRG9CqtLj4bTaLNgRBnQ,Haste brother haste! for the Master is calling - Asa Hull,NA,Haste brother haste! for the Master is calling,Asa Hull,NA,classical,NA,publicdomain,0.0,0,0,9,2,1,0,19,432,22.73684210526316,True,2.431773172235169,1.0,0.9155701754385964
QmZtB6ivqUbdGdNBBvUrooMofeTCVfFrhKqyXdvpptKFeb,Haste Thee O God - Adrian Batten,SATB a cappella,Haste Thee O God,Adrian Batten,Adrain Batten(1591-1637),classical,NA,publicdomain,0.0,0,0,6,0,5,0-0-0-0-0,43,553,12.86046511627907,True,2.8587850476008527,0.9504587155963304,0.9544573643410852
QmbC1A5nanmQghnPo1uFfK3PR2QkEqNA7xcoyHoxTezbD4,HASTE TO THE WEDDING,NA,Haste to the Wedding,Misc Traditional,NA,folk,NA,publicdomain,0.0,0,0,6,1,1,0,18,89,4.944444444444445,False,2.383373455599634,1.0,0.9652777777777778
Qmdz54CJppWpoFDNNDZ5QK4bBm7qPseam14iCAPnQd1RxN,Haste To The Wedding,Fast Trip To RenoHasten To The Wedding,Haste to the Wedding,Misc Traditional,NA,folk,NA,publicdomain,0.0,0,1,8,1,1,0,151,811,5.370860927152318,False,2.762168999376814,0.9913686806411838,0.9814814814814816
QmTTvYc68JVV2cuyPQKXiSugDGJx4KzHwQ6AV6UdT8fZVz,Haste to the wedding,NA,Haste to the Wedding,Misc Traditional,anon.,folk,NA,publicdomain,0.0,0,0,0,1,1,0,36,174,4.833333333333333,False,2.457482758066301,1.0,0.9548611111111112
QmNP4caDDjg4YCDksZsD8sMx7VkGDSf46QeM8B6g6iSD14,HASTE TO THE WEDDING,NA,Haste to the Wedding,Misc Traditional,NA,folk,NA,publicdomain,0.0,0,1,45,0,3,0-0-0,36,492,13.666666666666666,False,2.448288721372545,1.0,0.9635416666666666
QmX79fTEyiUNGNnFDkXvEan69Z4k4VYkH5g6GsqBV3JZJb,Haste to the wedding,NA,Haste to the Wedding,Misc Traditional,anon.,folk,NA,publicdomain,0.0,0,0,9,1,1,0,27,132,4.888888888888889,False,2.5285811998297736,1.0,0.9537037037037036
QmNTbH83jRDAnnEQ6xGc46rwiKuukeTwLYyMyqF3zhijxS,HASTE TO THE WEDDING (RORY O'MORE),NA,Haste to the Wedding,Misc Traditional,NA,folk,NA,publicdomain,0.0,0,0,1,1,1,0,18,94,5.222222222222222,False,2.648832624624857,1.0,0.9618055555555556
QmUNTXBzCBHEZLScQoHcnhg4AQ3Qch4GFRGVM8gn2iARuB,Haste to the Wedding 1,NA,Haste to the Wedding,Misc Traditional,Joe Buchanan's Scottish Tome - Page 231.3,folk,NA,publicdomain,0.0,0,0,6,1,1,0,45,219,4.866666666666666,False,2.4532282476556704,1.0,0.9694444444444444
QmZmWCv3gwpbsMGYv5ZBgvtaC3RW9zo12y6odQS2FesCUM,Haste to the Wedding. GHW.068,NA,Haste to the Wedding,Misc Traditional,NA,folk,NA,publicdomain,0.0,0,0,5,1,1,0,18,89,4.944444444444445,False,2.3954899626413644,1.0,0.9340277777777778
QmUk7aXCQhxmWpvc63NK9b9wJMVfPcyhhbqeaWDQuu9Zzm,Haste to the Wedding. RH.104,Trip to the DargleThe. RH.104,Haste to the Wedding,Misc Traditional,NA,folk,NA,publicdomain,0.0,0,0,4,1,1,0,36,196,5.444444444444445,False,2.43920006258921,1.0,0.9427083333333334
QmYbV9gKsSwd9vBzBWWZmFqoWYe6qykni3yfnPPRGH6pQM,Haste we now with eager feet - Miss H. Meeker,NA,Haste we now with eager feet,Miss H. Meeker,NA,classical,NA,publicdomain,0.0,0,0,5,1,1,0,8,84,10.5,False,2.4939532947612824,1.0,0.9791666666666666
QmURvgmpGAUnKXZ7SBD6DbG736cpWdbGpnPNTJrKxtXKRa,Hasten away do not delay - J. Lincoln Hall,NA,Hasten away do not delay - J. Lincoln Hall,J. Lincoln Hall,NA,classical,NA,publicdomain,0.0,0,0,4,2,1,0,49,652,13.306122448979592,True,2.590970943547363,0.9683042789223456,0.969047619047619
QmP5KRPgGX6XpyMXVHrtRMqewecLJbiZcX9KS4jVxkieAX,Hasten ye weary why do you linger - Jno. R. Sweney,NA,Hasten ye weary why do you linger,John R. Sweney,NA,classical,NA,publicdomain,0.0,0,0,5,2,1,0,16,279,17.4375,True,2.7846336296383813,0.971326164874552,0.9666666666666668
QmbEszVb9HXR7Le8cvxE2q9LD1KBnYWgY6uovjTQVdMKhT,Hastings,NA,Hastings,Misc Traditional,NA,folk,NA,publicdomain,0.0,0,0,3,0,2,0-0,17,117,6.882352941176471,False,2.6142684132343845,0.9910714285714286,0.9444444444444444
QmWzpJsjkVUqrggMdp9DqwtzeSWtw7QS67RQ1CAqMeXjYX,Hastings - Thomas Hastings,NA,Hastings,Thomas Hastings,Thomas Hastings,classical,NA,publicdomain,0.0,0,0,5,1,1,0,11,119,10.818181818181818,False,2.664610756587194,0.9912280701754386,0.9285714285714286
QmZeDx2pZMRmAg6MXTZYPKReo5HK9sfq7jQwqChqmZrgtd,HATFIELD (Bixby) - S. M. Bixby,NA,HATFIELD (Bixby),S. M. Bixby,NA,classical,NA,publicdomain,0.0,0,0,1,1,1,0,17,176,10.352941176470589,False,2.6978159928105243,0.9886363636363636,0.9609375
QmPG3wndXQwifHcuDEJ9dMMcdqajRe1HcMWPkthpdKpAjm,Hatikva,Hymn of Israel,NA,NA,Composer Samuel Kohen,NA,jerusalim-israel-palestina-jew-jewish-judaism-hymn-patriot-gymn-anthem-maintheme-memesong-piano-easy-hard-forbeginners-christian-nonchristian-ok-lets-do-it-enjoy-tags-tag-well-grunge-rock,cc-zero,0.0,0,18,429,1,1,0,20,326,16.3,False,2.6931561642637174,1.0,0.971875
QmNhHYztSTibLvkuoRqH3jsGtbAvTcw6vAhFTZrm8Euwki,HATIKVA - Himno Nacional de Israel,Himno Nacional de Israel,hatikva israeli national anthem,Misc Traditional,M?sica: Samuel Cohen Letra: Naftali Herz Imber,folk,himnonacionalisrael-israelnationalanthem-hatikva-hatikvapartitura-israelnationalanthemsheetmusic-hatikvasheetmusic-hatikvascore,cc-zero,4.48,24,63,6164,0,1,0,48,430,8.958333333333334,False,2.971824605220001,0.955813953488372,0.9423758865248228
QmVyFMTdXM6LUwzNHh3skGL32p8i6G2sxT2Wuxq2Uqf5YU,Hatikvah,NA,Hatikvah,Samuel Cohen,S. Alman,classical,isreal-anthem,cc-zero,0.0,0,33,1039,1,1,0,40,391,9.775,False,3.0135705830039647,0.9411764705882352,0.953125
QmZYtXtZo4RmQium8et7SLVy7wABCAH9RuuUFYh3rm1dN1,Hatikvah (The hope) Piano solo,NA,hatikvah hope,Samuel Cohen,NA,classical,NA,cc-zero,4.77,19,32,486,1,1,0,29,346,11.93103448275862,False,2.7873919594235224,0.9682080924855492,0.9475574712643678
Qmap8SBVyoKNngAuZ9hhjHEN7yFqfnaHMXyvPQDX8bbY6w,Haudanmaa ja peli-Jussi,NA,Haudanmaa ja peli-Jussi,Misc tunes,NA,NA,NA,publicdomain,0.0,0,0,3,0,2,0-0,21,260,12.38095238095238,False,2.7223829423527204,1.0,0.9533730158730158
QmeEbRaZZwtzeSzoW1bTK6ngR77M3eSYpTmM7JSyg5zztZ,Haughs o' Cromdale,NA,THE HAUGHS O' CROMDALE,Misc tunes,NA,NA,NA,publicdomain,0.0,0,0,2,1,1,0,19,128,6.7368421052631575,False,2.270059867708705,1.0,0.92578125
QmYuygvkNsycezhrsp58v1v2rHuFrRtW2i89Xzx458Z7MJ,Haul Away the Hawser. MBe.02,Torryburn Lassesaka. MBe.02Seymore's Reelaka. MBe.02Ladies Wattleaka. MBe.02Tadie's Wattleaka. MBe.02Comely Jane Downingaka MBe.02,Haul Away the Hawser. MBe.02,Misc tunes,NA,NA,NA,publicdomain,0.0,0,0,1,1,1,0,19,113,5.947368421052632,False,2.6142984678539496,1.0,0.96484375
QmYqjQrTQVtipPPCUEFFyUpDPfmXTSU8K8uygukChpJpqn,Haunted Tower. TWC.181,NA,Haunted Tower. TWC.181,Misc tunes,NA,NA,NA,publicdomain,0.0,0,0,3,1,1,0,20,131,6.55,False,2.718575601881915,1.0,0.965625
QmZef47EX5REezHsgmiEFthaPLzpdm3vn6jPzJDe1UCv8E,Haurrak Ikas-Azue,NA,NA,NA,NA,NA,basque-traditional-piano,publicdomain,0.0,0,0,119,1,1,0,43,110,2.558139534883721,False,2.74971297256178,1.0,0.9222222222222224
Qmf3HW4FuboW2seYSYhVibf4TVLx3ZRvRNvGYujcFe8jCg,Hava Nagila,NA,hava nagila,Misc Traditional,anon.,folk,NA,publicdomain,4.83,3,3,41,1,1,0,26,151,5.807692307692308,True,2.8326246225552727,0.8675496688741722,0.9334935897435898
QmYJrVnc5r4V7pn9vZrcF9TuH1nnxo9WtAx4CN39b2Yiif,Hava Nashira,Let's Sing,Hava Nashira,Misc tunes,NA,NA,NA,publicdomain,0.0,0,0,7,1,1,0,15,34,2.2666666666666666,True,2.565445018842856,1.0,0.9555555555555556
QmeceBfCx8vS1Hwe2Qv3Foi3Q1BeAYQKHmh9PRiZ4gixGc,Havana,NA,Havana,Casey Liew,NA,NA,NA,cc-zero,0.0,0,0,87,1,1,0,91,660,7.252747252747253,False,2.589325636115697,0.9984802431610942,0.9162808641975309
QmVH5uvMmE6FXRibQedzqBSbVuXUvc7qJGGFoM2pz3f1X6,Havana - Camila Cabello - Solo,Solo,NA,NA,Camila Cabello,NA,NA,cc-zero,0.0,0,9,222,2,1,0,81,1901,23.469135802469136,False,2.9772595293120703,0.8832193582325092,0.8822916666666667
Qmaj8hXJZMZpnA6GaRxfD6YVWmSRujbPXWYtY1e1JHvR4g,Havana for beginner,simplyfied Liigace,NA,NA,Camila Cabello,NA,beginnerhavana,cc-zero,0.0,0,58,520,1,1,0,29,255,8.793103448275861,False,2.512634662065684,1.0,0.9389367816091954
QmVv4y7ZuvVY1MZjvFUesECm262nNZ2YPvQgy2sgsxyXCU,Havana kennyG alto Am,NA,Havana kennyG alto Am,shevnukho1,Composer,NA,NA,cc-zero,4.62,5,4,285,0,1,0,116,472,4.068965517241379,False,2.792330481824829,0.9682203389830508,0.8818840579710145
Qmbdf7MoSCGaS8BfQoSQQs72CMYFpuaU4gGPgQtqpiyffd,Have a sup of Brandy,NA,Have a sup of Brandy,Misc tunes,NA,NA,NA,publicdomain,0.0,0,0,0,0,2,0-0,16,172,10.75,False,2.9107725842362444,0.9418604651162792,0.9609375
QmSaRr5tNer9QSriGKxG95PoTU6EX8X5cJjdNnGKpNWdQd,Have a sup of Brandy,NA,Have a sup of Brandy,Misc tunes,NA,NA,NA,publicdomain,0.0,0,0,3,1,1,0,16,106,6.625,False,2.916798855043241,0.9245283018867924,0.9505208333333334
QmdbyjHu28fqsKSF55F6CwtiyUKA4zSBYLUndMjoNCp7Gr,Have at Thee Grace. JJo6.142,NA,Have at Thee Grace. JJo6.142,Misc tunes,NA,NA,NA,publicdomain,0.0,0,0,4,1,1,0,36,144,4.0,False,2.6942971520839145,0.9861111111111112,0.9230072463768116
QmVPcDCWeoAhqacyaT4N9DLij2r71VqVv8UjipgxTMPfmd,Have at Thee Grace. JJo6.142,NA,Have at Thee Grace. JJo6.142,Misc tunes,NA,NA,NA,publicdomain,0.0,0,0,1,1,1,0,27,108,4.0,False,2.715976798868492,0.9907407407407408,0.9227941176470588
Qmd5hsfGNYP4JErvV8KrocWvkiFHcLJYJ6KdLKc6mrXLUL,Have at Thy CoatOld Woman. (p)1651.PLFD.035,NA,Have at Thy CoatOld Woman. (p)1651.PLFD.035,Misc tunes,NA,NA,NA,publicdomain,0.0,0,0,5,1,1,0,47,180,3.8297872340425534,False,2.729694432269274,1.0,0.9370265151515152
QmaQQYc2Z1Trn1YTuboHQNWFwtpdeyXoWJEcQMi8y6KGYa,Have faith in God - Phyllis Skene,NA,Have faith in God,Phyllis Skene,NA,classical,NA,publicdomain,0.0,0,0,5,1,1,0,12,123,10.25,False,2.711550403972747,0.975609756097561,0.9604166666666668
Qmf8WGAwbhqn8Er2RJA7st41QuPNa8JZZgK23vJ3HFUmoB,Have faith in God the Savior said - Geo. F. Rosche,NA,Have faith in God the Savior said,Geo. F. Rosche,NA,classical,NA,publicdomain,0.0,0,0,5,2,1,0,21,256,12.19047619047619,False,2.6733207045127134,0.97265625,0.9583333333333334
QmaBqRHK8mDgicAaLMc4qSgnGeWfGDbgpusE7YANkNBqWE,Have faith in God what can there be (McGranahan) - James McGranahan,NA,Have faith in God what can there be (McGranahan),James McGranahan,NA,classical,NA,publicdomain,0.0,0,0,4,1,1,0,10,117,11.7,False,2.5470231846744458,0.9914529914529916,0.8923611111111112
QmYf5HRKiPagNpmBXUMRycx5seo3AKrqDZpeUW715gMgMu,Have faith in God what eer your lot may be - Will H. Ruebush,NA,Have faith in God what eer your lot may be,Will H. Ruebush,NA,classical,NA,publicdomain,0.0,0,0,3,2,1,0,18,316,17.555555555555557,False,2.9871040925518675,0.930379746835443,0.9635416666666666
QmTKD4Do15EDNEtw8fvhVkgQjbEDmXdZxr47oAwtBaJ8dg,HAVE FUN - O....? ?....? Wedding. JBa.16,NA,O....? ?....? Wedding. JBa.16,HAVE FUN,HAVE FUN!,classical,NA,publicdomain,0.0,0,0,3,1,1,0,49,251,5.122448979591836,False,2.738552712275454,1.0,0.8948412698412699
Qmamq5hoy2cSWNKyDL2KbTiPxtWUigNQEgwC1sPPHyfKZD,Have mercy Lord on me - John Broderip,Psalm the 51st. New Ver.,Have mercy Lord on me,John Broderip,John Broderip,classical,NA,publicdomain,0.0,0,0,12,0,4,0-0-0-0,17,112,6.588235294117647,True,2.828995473413087,0.9345794392523364,0.9669117647058824
QmYpTB1ibnZLSXTvcPuyVc8NpryvQwuLTHE2rfPWyQJicr,Have Thine Own Way Lord - Adelaide A. Pollard,NA,Have Thine Own Way Lord,Adelaide A. Pollard,NA,classical,NA,publicdomain,4.66,3,1,110,0,2,0-0,12,144,12.0,True,2.7008520820880184,0.9722222222222222,0.9385964912280702
QmdZ98fU8dbBRYXZUUurCakeVebcY5gx29vqrHhGsWJ8ot,Have we laid up our treasures in heaven - H. L. Gilmour,NA,Have we laid up our treasures in heaven,H. L. Gilmour,NA,classical,NA,publicdomain,0.0,0,0,4,2,1,0,18,342,19.0,False,2.608521103535916,0.9734513274336284,0.9265873015873016
QmWqzpi3NirXcMwtdZ7hX7U66gLoeoLKJpdmPngV93BbyV,Have Ye Any More On't? x025,NA,Have Ye Any More On't? x025,Misc tunes,NA,NA,NA,publicdomain,0.0,0,0,3,1,1,0,12,62,5.166666666666667,False,2.548542084361053,1.0,0.9479166666666666
QmaAhGK363PCQ4esU5X8aLTAFuQsQgVuQgq65Jgubi3Gj2,Have ye looked for the sheep in the desert - Homer Hammontree,NA,Have ye looked for the sheep in the desert,Homer Hammontree,NA,classical,NA,publicdomain,0.0,0,0,4,1,1,0,17,249,14.647058823529411,False,2.6396592847407274,0.9591836734693876,0.9756944444444444
QmeJkHLs6nN8rKEynPLanPAZVwf7AtuWLcoKhT2XqWHxfv,Have ye on the holy armor - A. J. Showalter,NA,Have ye on the holy armor - A. J. Showalter,A. J. Showalter,NA,classical,NA,publicdomain,0.0,0,0,3,1,1,0,18,240,13.333333333333334,True,2.491595583684036,1.0,0.9375
QmeSVeXfyg4n1YrnGUjNBWSYG8c9qkNcXefFmNpVjCgrKe,Have ye received the Holy Ghost - J. Lincoln Hall,NA,Have ye received the Holy Ghost,J. Lincoln Hall,NA,classical,NA,publicdomain,0.0,0,0,7,1,1,0,18,249,13.833333333333334,False,2.644226484901468,0.9718875502008032,0.9010416666666666
QmYAQbDTtGp4N3GpUmySiaR1sL7HiyY77vyaa25fu4AixC,Have you any burdens have you any grief - A. H. Ackley,NA,Have you any burdens have you any grief,A. H. Ackley,NA,classical,NA,publicdomain,0.0,0,0,4,2,1,0,16,377,23.5625,True,2.960927516123176,0.9310344827586208,0.9114583333333334
QmTTkMbpyYLnYGpWjiZyzn25qKH2fEQ23zQzbTQqU1W69k,Have you any room for Jesus - Asa Hull,NA,Have you any room for Jesus,Asa Hull,NA,classical,NA,publicdomain,0.0,0,0,21,1,1,0,20,226,11.3,False,2.4854280062053977,0.991150442477876,0.9253472222222222
QmY39Gy3Wr6wgEqVAYUm5arD3KSAFjSa8AqdteaKSb5Xw9,Have You Been At Carrick? (air) DAMAGED 0094,NA,HAVE YOU BEEN AT CARRICK?,Misc tunes,after Mr. Enwrightslow,NA,NA,publicdomain,0.0,0,0,4,1,1,0,21,146,6.9523809523809526,False,2.8716358752122693,0.9166666666666666,0.75
QmP95sq6aWeX58CZaSJBRu4mXD3XKnUVsX6uUj1ELtRwUY,Have you been cleansed from your guilt and your sin - Lydia Shivers Leech,NA,Have you been cleansed from your guilt and your sin,Lydia Shivers Leech,NA,classical,NA,publicdomain,0.0,0,0,2,2,1,0,16,341,21.3125,True,2.40328487577917,0.9936908517350158,0.8368055555555556
QmZYdnfrzhEE1vySXLfwsJBmCSxiQvPgh5efXpxPRpw7ME,Have you been converted? do you follow him - Chas. H. Gabriel,NA,Have you been converted? do you follow him,Chas. H. Gabriel,NA,classical,NA,publicdomain,0.0,0,0,4,2,1,0,21,333,15.857142857142858,False,2.5137204113863043,0.987987987987988,0.96484375
QmVHfSvtoWNCCwZzZy7Zh1S5KLatUZfBGEAXMf14VCxejH,Have you been to the fountain for the cleansing from sin - C. A. Shaw,NA,Have you been to the fountain for the cleansing from sin,C. A. Shaw,NA,classical,NA,publicdomain,0.0,0,0,4,2,1,0,18,268,14.88888888888889,False,2.474176304355088,1.0,0.9622395833333334
QmTcDYuZDD9TJqhnuSoUMJ9p37cqcpXVkq6CDz17CC9JPM,Have you chosen Jesus - C. C. Case,NA,Have you chosen Jesus,C. C. Case,NA,classical,NA,publicdomain,0.0,0,0,3,1,1,0,16,167,10.4375,True,2.496072228144219,0.993939393939394,0.8996212121212122
QmaZFyNchcg3UPhWKDwMgGcYjsovTNJwF1umwFmHYTtSuV,Have you ever built an altar in your home - D. B. Towner,NA,Have you ever built an altar in your home,D. B. Towner,NA,classical,NA,publicdomain,0.0,0,0,5,1,1,0,19,266,14.0,False,2.5003716275913703,0.9849624060150376,0.9388020833333334
QmSzgLogZEQej3UmP9t6wyhFsikUSrGediTghXryaUomYj,Have you ever heard a sweeter name than this - J. Owen Long,NA,Have you ever heard a sweeter name than this,J. Owen Long,NA,classical,NA,publicdomain,0.0,0,0,5,2,1,0,17,352,20.705882352941178,True,2.6065961066006764,0.9801136363636364,0.9416666666666668
QmXqff6HVkQSTw14YJoDiUSsCodLuuSwE8Kh9nXsfraXBk,Have you ever heard the story (Hall) - J. Lincoln Hall,NA,Have you ever heard the story (Hall),J. Lincoln Hall,NA,classical,NA,publicdomain,0.0,0,0,3,1,1,0,19,348,18.31578947368421,False,2.672478357992844,0.9971264367816092,0.9338235294117648
QmX8zQfLv9D3A1D6WwCK8docuF1mSexYWfPn9dyJorMsna,Have you ever heard the story (McHose) - I. N. McHose,NA,Have you ever heard the story (McHose),I. N. McHose,NA,classical,NA,publicdomain,0.0,0,0,5,0,2,1-1,26,330,12.692307692307692,False,2.539666827952493,0.996969696969697,0.9600694444444444
QmQKxwjzfZKzANcpGCVggLhQCCGFKtpbLZbGH2tUpF96pV,Have you ever heard the story (Ogden) - W. A. Ogden,NA,Have you ever heard the story (Ogden),W. A. Ogden,NA,classical,NA,publicdomain,0.0,0,0,5,2,1,0,22,396,18.0,False,2.532880730396604,0.98989898989899,0.931372549019608
QmPDf2SiDyByodcfYpYf91deHRNbKQF1yVifXNL9ajEGMM,Have you ever thought there is one who knows - A. H. Ackley,NA,Have you ever thought there is one who knows,A. H. Ackley,NA,classical,NA,publicdomain,0.0,0,0,7,1,1,0,18,281,15.61111111111111,False,2.4327467184216576,0.9857651245551602,0.9635416666666666
QmbBKNwhg3Zxh5Ee7m3DKfQjuurtXKrJyXkCiskKJArk9J,Have you ever wandered away from your home - Herbert Buffum,NA,Have you ever wandered away from your home,Herbert Buffum,NA,classical,NA,publicdomain,0.0,0,0,9,1,1,0,37,567,15.324324324324325,False,2.952920139228549,0.9308510638297872,0.9477040816326532
QmZ1xM3rkoTeRXCHwLdQ2LQpC7Aj9UuAUs8qgzgUyo1Hm9,Have you found that Friend and Saviour - J. H. Rosecrans,NA,Have you found that Friend and Saviour,J. H. Rosecrans,NA,classical,NA,publicdomain,0.0,0,0,2,1,1,0,18,246,13.666666666666666,False,2.214156076436583,1.0,0.9387254901960784
QmY5CisYUcss8SKKa9DSddjjNUFTUF44bSsxH95PXZY1fc,Have you found the great Physician (Kirk) - James M. Kirk,NA,Have you found the great Physician (Kirk),James M. Kirk,NA,classical,NA,publicdomain,0.0,0,0,5,1,1,0,22,422,19.181818181818183,False,2.3307853992618006,1.0,0.9622395833333334
QmTtVANzoxVTdC1ZzYn7Kh8ij3Km8iGVW9Eyt16wMQK6ad,Have you found the Savior precious - Wm. J. Kirkpatrick,NA,Have you found the Savior precious - Wm. J. Kirkpatrick,William J. Kirkpatrick,NA,classical,NA,publicdomain,0.0,0,0,4,1,1,0,16,242,15.125,True,2.5996446487484053,0.9834710743801652,0.9253472222222222
QmPnqf7u6xyeoWutNvn5mjAcPkPTkdR12T8Q7Lg2axzrA5,Have you found this great salvation - Mrs. M. J. Harris,NA,Have you found this great salvation,Mrs. M. J. Harris,NA,classical,NA,publicdomain,0.0,0,0,4,1,1,0,20,231,11.55,False,2.3565023437631925,0.9826839826839828,0.9361979166666666
QmWmANSeqGL4fi6kHUhfUiVF28VSdqmHFJZkjKM3w3PAhT,Have you given up all for Jesus - R. E. Winsett,NA,Have you given up all for Jesus,R. E. Winsett,NA,classical,NA,publicdomain,0.0,0,0,3,2,1,0,18,267,14.833333333333334,False,2.6298160347054287,0.9700374531835206,0.9010416666666666
QmU2fw5aaayNGqXRDspoQuJAkMWvWrnTAKEPztvmBxoxE7,Have you given your heart to Jesus - Mrs. C. H. Morris,NA,Have you given your heart to Jesus,Mrs. C. H. Morris,NA,classical,NA,publicdomain,0.0,0,0,3,2,1,0,18,414,23.0,False,2.734329651288536,0.9685990338164252,0.9632352941176472
QmPnkUKGsJgSh3TBFK6gR5yBHSLmcXZrhmy6HUyBfScer7,Have you had a kindness shown? - Wm. J. Kirkpatrick,NA,Have you had a kindness shown? - Wm. J. Kirkpatrick,William J. Kirkpatrick,NA,classical,NA,publicdomain,0.0,0,0,3,2,1,0,18,386,21.444444444444443,False,2.3799542720498708,1.0,0.9534313725490196
QmdTfobsSTzun6RhEqTvX4HByoiLH71z79FRk49weUda7R,Have you heard of that bright city - A. J. Buchanan,NA,Have you heard of that bright city,A. J. Buchanan,NA,classical,NA,publicdomain,0.0,0,0,7,2,1,0,16,236,14.75,True,2.674847780726468,0.9830508474576272,0.931818181818182
QmdKVcMQ1WGuDe2cgEuA3Au4sr2RgsffvDxunrugEL7ZsP,Have you heard of that heavenly home - Edward M. Fuller,NA,Have you heard of that heavenly home - Edward M. Fuller,Edward M. Fuller,NA,classical,NA,publicdomain,0.0,0,0,7,2,1,0,18,322,17.88888888888889,False,2.6905117859680567,0.9627329192546584,0.8940972222222222
QmVCFcZB6d7dDybnCJJCH9DscXbk3vKr8cnq4j6uZt2ZWL,Have you heard of the Savior dear - Haldor Lillenas,NA,Have you heard of the Savior dear,Haldor Lillenas,NA,classical,NA,publicdomain,0.0,0,0,3,1,1,0,27,444,16.444444444444443,False,2.956233314450868,0.9481981981981982,0.945601851851852
QmXhd9qtypNS3WqcSQKg8g1g8svxpFTn8vZPaxz28vKKLg,Have you heard of the wonderful Savior - Chas. Edw. Prior,NA,Have you heard of the wonderful Savior,Chas. Edw. Prior,NA,classical,NA,publicdomain,0.0,0,0,3,2,1,0,31,507,16.35483870967742,False,2.5754454020098136,0.9861932938856016,0.8908730158730158
QmUbrMxuQX5L5dFCRFLH78MTgD5ez9XrZTduDJjXhVagBN,Have you heard the blessed story - J. M. Harris,NA,Have you heard the blessed story,J. M. Harris,NA,classical,NA,publicdomain,0.0,0,0,4,1,1,0,18,349,19.38888888888889,False,2.3991464294988405,0.988538681948424,0.9309895833333334
QmTg5rpnQ6aj1bP8NRSvT2oiosRWAkfzfYNzqc5KkAxTEc,Have you heard the invitation - J. H. Hall,NA,Have you heard the invitation,J. H. Hall,NA,classical,NA,publicdomain,0.0,0,0,3,1,1,0,19,324,17.05263157894737,False,2.4996201951666035,0.9938271604938272,0.8802083333333334
QmVYN54q7hATM1YHTFxTDuj8Npk74qG1Se578zxD7kALGv,Have you heard the marching orders - Mrs. C. H. Morris,NA,Have you heard the marching orders,Mrs. C. H. Morris,NA,classical,NA,publicdomain,0.0,0,0,5,2,1,0,32,628,19.625,True,2.891264954044958,0.963375796178344,0.905241935483871
QmcVYjKGc1MuuFKPrF5dqVaXjaA2J4uFCbXZy7w3PRrbhL,Have you heard the Master calling - Jerome Smith,NA,Have you heard the Master calling,Jerome Smith,NA,classical,NA,publicdomain,0.0,0,0,5,2,1,0,19,460,24.21052631578948,False,2.952386120078355,0.9434782608695652,0.96484375
QmQ4AFy4dhyizpTVsWwQQqsKmgcbydLfcXmemwDqADRsMt,Have you heard the master saying - J. Lincoln Hall,NA,Have you heard the master saying,J. Lincoln Hall,NA,classical,NA,publicdomain,0.0,0,0,3,1,1,0,20,237,11.85,False,2.802642363240708,0.9493670886075948,0.95703125
QmPsNKz1KB6GEp5DoufJUWREbatmx42yVyyBDdBpEwb1TG,Have you heard the Savior calling - D. M. Cathey,NA,Have you heard the Savior calling,D. M. Cathey,NA,classical,NA,publicdomain,0.0,0,0,4,1,1,0,20,205,10.25,False,2.7321439616044434,0.975609756097561,0.9151785714285714
Qma13oyiprQcQzkQFUJxMu3FuYgCmobv9NAPkU46PThtQj,Have you heard the Savior calling you today - J. Howard Entwisle,NA,Have you heard the Savior calling you today,J. Howard Entwisle,NA,classical,NA,publicdomain,0.0,0,0,5,2,1,0,18,339,18.83333333333333,False,2.5570168070365327,0.9882005899705014,0.9240196078431372
QmWn38ixSTuiSQFpmca2xPKcSCMhuvuLDjrS4kZGKdLEj9,Have you heard the voice of Jesus (Weeden) - W. S. Weeden,NA,Have you heard the voice of Jesus (Weeden) - W. S. Weeden,W. S. Weeden,NA,classical,NA,publicdomain,0.0,0,0,19,1,1,0,20,241,12.05,False,2.790581512122853,0.946058091286307,0.9236111111111112
QmRbtjE9dSfAWwQdxhJUa45P7C9YNdjtrA2GuFMjtSQ2AJ,Have you heard the whisper of the breeze? - L. Van Beethoven,NA,Have you heard the whisper of the breeze?,Ludwig van Beethoven,NA,classical,NA,publicdomain,0.0,0,0,31,2,1,0,19,190,10.0,False,3.0521685528593205,0.8842105263157894,0.9357638888888888
QmcusR9jytC1TCtyoUnzHsUCru8eR41hsLBGDsVuX7W3Ra,Have you heard the wondrous story (Hall) - J. H. Hall,NA,Have you heard the wondrous story (Hall),J. H. Hall,NA,classical,NA,publicdomain,0.0,0,0,6,2,1,0,18,386,21.444444444444443,False,2.34908985940174,0.9870466321243524,0.9348958333333334
QmP2odzQWTwyNmXGDcs91oemKQ83uuR95zZMfHX316jkkb,Have you heard the wondrous story (Morris) - Mrs. C. H. Morris,NA,Have you heard the wondrous story (Morris),Mrs. C. H. Morris,NA,classical,NA,publicdomain,0.0,0,0,6,2,1,0,18,458,25.444444444444443,False,2.843381077890527,0.9144736842105264,0.8480392156862745
Qme2afPG9XTsTAvmDzSRmRpvESgg9rJYGhxw1pJbEJHHYH,Have you heard the wondrous story (Stebbins) - George C. Stebbins,NA,Have you heard the wondrous story (Stebbins),George C. Stebbins,NA,classical,NA,publicdomain,0.0,0,0,3,2,1,0,21,426,20.285714285714285,False,2.6128737339931303,0.9906103286384976,0.9270833333333334
Qmd3LaGfDjpQPJWYAoq8UmrKXdVcpoAzZE8pMg7bKRSLLL,Have you learned the blessed secret - Mrs. C. H. Morris,NA,Have you learned the blessed secret,Mrs. C. H. Morris,NA,classical,NA,publicdomain,0.0,0,0,4,1,1,0,19,273,14.36842105263158,False,2.7658133957429105,0.9548872180451128,0.9375
QmVXcDb1uQDJS4P3hpAyvCbQ5zjcSYgCUkiuG3DdMsJEiX,Have you left the path of sin - C. Harold Lowden,NA,Have you left the path of sin,C. Harold Lowden,NA,classical,NA,publicdomain,0.0,0,0,4,1,1,0,16,223,13.9375,True,2.45196766408448,1.0,0.9545454545454546
QmZrSw46KyQpW7nvEoFuPgFGAuJ8aKjxWtYePXv3nQRyPm,Have you listened to the warning - Harry L. Brooks,NA,Have you listened to the warning,Harry L. Brooks,NA,classical,NA,publicdomain,0.0,0,0,16,2,1,0,21,398,18.95238095238096,False,2.638544288932644,0.9824120603015076,0.9362745098039216
QmaFHKWL7xj89Cio8GWYBNEs17oLW8wPA6ruN87FdXK4iR,Have you lost the name of Jesus from your life - B. D. Ackley,NA,Have you lost the name of Jesus from your life,B. D. Ackley,NA,classical,NA,publicdomain,0.0,0,0,4,2,1,0,18,330,18.33333333333333,False,2.8192402788697084,0.9606060606060606,0.9375
QmfXQH9i6NmPEhQvkuLuBApN6Dm6tzarKU1DJVhcee2NXr,Have you met sins mighty host in stern array - Thoro Harris,NA,Have you met sins mighty host in stern array,Thoro Harris,NA,classical,NA,publicdomain,0.0,0,0,5,2,1,0,17,348,20.47058823529412,False,2.906447036415684,0.9339080459770116,0.9518229166666666
QmZJHyqm3R6kfB5CXBam3QtyVDk8XghuUVoeD9cvi1pubi,Have you met with grief and loss? - Grant Clufax Tullar,NA,Have you met with grief and loss? - Grant Clufax Tullar,Grant Clufax Tullar,NA,classical,NA,publicdomain,0.0,0,0,4,2,1,0,20,231,11.55,False,2.9449060510469542,0.9307359307359307,0.8541666666666666
QmVjdAxv6gHZV2SnXYFt2LnQdW4xdXLCd9ThJUQ1XxFGFT,Have you no word for Jesus - Chas. C. Ward,NA,Have you no word for Jesus,Chas. C. Ward,NA,classical,NA,publicdomain,0.0,0,0,2,1,1,0,24,326,13.583333333333334,True,2.737497994146324,0.9601226993865032,0.9525462962962964
QmSrYniNtyotTQvj8yZbBqADR84knEHBJdr9yctyLsLugd,Have you not a word for Jesus - S. J. Vail,NA,Have you not a word for Jesus,S. J. Vail,NA,classical,NA,publicdomain,0.0,0,0,5,1,1,0,30,355,11.833333333333334,False,2.536105807571416,0.9943661971830986,0.8703703703703703
QmUv7MXTWvJ1qKPgtWYmLVBRXNWv3tJJcHHqX2bdQvVsEn,Have you on your wedding garments - John T. Benson,NA,Have you on your wedding garments,John T. Benson,NA,classical,NA,publicdomain,0.0,0,0,6,2,1,0,20,344,17.2,False,2.7271386223975007,0.9722222222222222,0.8107638888888888
QmNdaWQ1MVta4ujX5ZP2EvTSbMT9ar5kXFaic6f8r5cYR2,Have you reached the brink tonight - Harry Dixon Loes,NA,Have you reached the brink tonight,Harry Dixon Loes,NA,classical,NA,publicdomain,0.0,0,0,4,2,1,0,16,245,15.3125,True,2.927031520740184,0.9510204081632652,0.96875
QmRTBxuGLsCLYG6L8knfDaQYaj73GZy8T5sTJz7y7TBKgY,Have you reached this abiding place in Jesus? - F. M. Lehman,NA,Have you reached this abiding place in Jesus?,F. M. Lehman,NA,classical,NA,publicdomain,4.83,3,0,10,1,1,0,18,360,20.0,False,2.616810101850695,0.9888888888888888,0.9205729166666666
QmYcCSpcXsQv3s4AqmscgNSapANghS6uACFFnwxGqimNxF,Have you read the blessed letter - Ira B. Wilson,NA,Have you read the blessed letter,Ira B. Wilson,NA,classical,NA,publicdomain,0.0,0,0,3,2,1,0,18,272,15.11111111111111,False,2.982122092931444,0.9301470588235294,0.9557291666666666
QmU1rkdWxmxsBSpS1gzERxT7ThNeCJf7avywb72NLimYU5,Have you seen my Moggy (Chilcote),NA,Have you seen my Moggy (Chilcote),Misc tunes,NA,NA,NA,publicdomain,0.0,0,0,5,1,1,0,8,52,6.5,False,2.6337908326350967,1.0,0.9427083333333334
QmNPrNM2MaP4Uvzn1VtuZDgSuvL3LbhCL74ujcCFpj141w,Have You Seen My Valentine?,tog air ais an duille glan.,Have You Seen My Valentine?,Misc tunes,NA,NA,NA,publicdomain,0.0,0,0,6,1,1,0,17,61,3.588235294117647,False,2.80888232404233,0.9333333333333332,0.9299242424242424
QmRBWZan2Luv9rx7ZXhbCvWkU7LHDCsndEt8mbdn3kW46y,Have You Seen My Valentine? (air) 0592,NA,Have You Seen My Valentine?,Misc tunes,Unattributedslow,NA,NA,publicdomain,0.0,0,0,1,1,1,0,18,66,3.6666666666666665,False,2.843027709349408,0.9230769230769232,0.93359375
QmYwp98HzPM8weg1cne8Q6AoBmwEirNiesxRt9JiVWEkcX,Have you seen the Savior's face - Lydia Shivers Leech,NA,Have you seen the Savior's face,Lydia Shivers Leech,NA,classical,NA,publicdomain,0.0,0,0,3,1,1,0,18,215,11.944444444444445,False,2.49249729388383,1.0,0.875
QmRSZDgSUTESnpTy3FhEf79rexToW3BpyEKLE9jeUDz7q9,Have you something good to tell us - Wm. J. Kirkpatrick,NA,Have you something good to tell us,William J. Kirkpatrick,NA,classical,NA,publicdomain,0.0,0,0,3,2,1,0,19,218,11.473684210526317,False,2.4270891364875933,1.0,0.9440104166666666
QmadZgcLTxQFuA47RfumfNFuBExuongUrRuDC18sv4MWVW,Have you sought for the sheep that have wandered - Fanny J. Crosby,NA,Have you sought for the sheep that have wandered,Fanny J. Crosby,NA,classical,NA,publicdomain,0.0,0,0,7,1,1,0,17,276,16.235294117647058,False,2.491520219436638,0.9963768115942028,0.93359375
QmRAYkfstSea9f2Use2NYCjLkJCEGh4R4pKN2k7ZjbXs5v,Have you sought them have you sought them? - Adam Geibel,NA,Have you sought them have you sought them?,Adam Geibel,NA,classical,NA,publicdomain,0.0,0,0,6,1,1,0,26,387,14.884615384615383,False,2.9500354860051656,0.9198966408268734,0.9513888888888888
QmRegttcze7UgU95moUztX6NCMMdU5wMJayFKUg9vzzVSg,Have you tasted of salvation - William H. Pontius,NA,Have you tasted of salvation,William H. Pontius,NA,classical,NA,publicdomain,0.0,0,0,7,2,1,0,15,336,22.4,False,2.667105164571901,0.9851190476190476,0.9152777777777776
QmTsS6jeZheA4vSxGREMiFe81q9WBNBmiDKhpYu78Gtfnh,Have you the Pentecost fully received - Mrs. C. H. Morris,NA,Have you the Pentecost fully received,Mrs. C. H. Morris,NA,classical,NA,publicdomain,0.0,0,0,9,2,1,0,16,284,17.75,True,2.663127298454717,0.98943661971831,0.960144927536232
Qmai5xA7vuH3QWXwYuCwwaUFt5BRGtPwdwfs1QTKEFEWRo,Have you touched the garment of the Holy One - J. H. Fillmore,NA,Have you touched the garment of the Holy One,J. H. Fillmore,NA,classical,NA,publicdomain,0.0,0,0,3,1,1,0,18,302,16.77777777777778,False,2.6957863253506344,0.9867549668874172,0.94140625
QmSoAJRxR9RdfMfQaujh2pH525mjuCoxunex894gVeF54H,Have you trials oppressing - Chas. H. Gabriel,NA,Have you trials oppressing,Chas. H. Gabriel,NA,classical,NA,publicdomain,0.0,0,0,7,2,1,0,26,474,18.23076923076923,False,2.9684208736194657,0.938818565400844,0.9616666666666668
QmVsszupi8RjKosCg4xkwMUDUQ3kZ917358sarQNCLaxAR,Have you wandered far from Jesus - D. B. Towner,NA,Have you wandered far from Jesus - D. B. Towner,D. B. Towner,NA,classical,NA,publicdomain,0.0,0,0,4,2,1,0,22,420,19.09090909090909,False,2.5844151536202653,0.9857142857142858,0.9191176470588236
QmS85umdErQFJQ2KdinmmJk2fp7a1SR8gU9ee2rxuyXkjq,Have you wandered from the Shepherd's fold away - Chas. H. Gabriel,NA,Have you wandered from the Shepherd's fold away,Chas. H. Gabriel,NA,classical,NA,publicdomain,0.0,0,0,7,1,1,0,17,316,18.58823529411765,False,2.9547476324844832,0.9430379746835444,0.9127604166666666
QmPUB2SxkZNiFYsMKL4kUUjPsSUWBFvxPRvJdh3hot43HZ,Have Yourself a Merry Little Christmas,NA,Have Yourself a Merry Little Christmas,HerrGurbs,NA,NA,trumpet,cc-zero,0.0,0,0,17,1,1,0,40,137,3.425,False,2.618523794569964,0.9927007299270072,0.9471153846153846
QmaKaMJzkFmZ1eSZcNJEFc3sBXqG8jEga7Q7Hq56dsADNx,Have Yourself a Merry Little Christmas,NA,Have yourself a merry little christmas,Hugh Martin,NA,NA,piano-jazz-christmas,cc-zero,4.46,23,94,2038,2,1,0,40,825,20.625,False,3.244676876874468,0.8703030303030304,0.922872340425532
QmS6ti9bKKhRJzXf6XJGNZNsktbyuJ8GHyS1riJ4espA9t,Have Yourself a Merry Little Christmas,NA,have yourself a merry little christmas,Judy Garland,NA,pop,NA,cc-zero,0.0,0,4,122,0,4,0-0-0-0,36,528,14.666666666666666,True,3.073057927286714,0.9351230425055927,0.9641203703703703
QmT9Hv8goaHBCWJPodUxk49agtLRFh5kvtbmrFAdtBGtJm,Have Yourself A Merry Little Christmas,NA,have yourself a merry little christmas,Judy Garland,Sam Smith,pop,NA,cc-zero,0.0,0,1,94,0,1,0,36,124,3.4444444444444446,False,2.6183060090034926,1.0,0.9351851851851852
QmULsf1BGnEWxPwGAgJdWDkk21FipWAUCE45KDqDU5beoP,Have Yourself A Merry Little Christmas,NA,have yourself a merry little christmas,Lady Antebellum,Lady Antebellum,country,NA,cc-zero,0.0,0,0,179,0,2,0-0,52,282,5.423076923076923,False,2.685107030707785,0.99645390070922,0.9455128205128204
QmTLvkWsUGw81G5aycqJSGBgFddGbhMkR8PjAxeAQHJFGx,Have Yourself a Merry Little Christmas - Lead Sheet,NA,have yourself a merry little christmas,Judy Garland,tune and original lyrics by: Hugh Martin,pop,christmas-leadsheet-holiday-piano,cc-zero,4.63,242,552,24791,1,1,0,38,147,3.8684210526315774,True,2.5670696745616217,1.0,0.9409722222222222
QmVmAN6eELA4othomTtfxFu1KkvKaVwMK5PkvVLayh8GNe,HAVEN (Main) - Hubert P. Main,NA,HAVEN (Main) - Hubert P. Main,Hubert P. Main,NA,classical,NA,publicdomain,0.0,0,0,9,2,1,0,16,228,14.25,True,2.998982343878464,0.9210526315789472,0.9111111111111112
QmbvwRbJe6GzJaUZ2itdnUG5ykSitbghqnhgsmaYWvbP2R,Haven Hollow - Miitopia,NA,Haven Hollow,Misc Computer Games,NA,soundtrack,NA,cc-zero,4.62,5,15,459,1,1,5,24,418,17.416666666666668,False,3.3927540819032904,0.6985645933014354,0.8654513888888888
QmUYVq6GkmfRarpse4rxCA1TiuAK3foAGEPf7Aiwuz7qFR,Havergal - Joseph Martine,NA,Havergal,Joseph Martine,NA,classical,NA,publicdomain,0.0,0,0,1,1,1,0,13,143,11.0,False,2.811383082479657,0.972027972027972,0.9652777777777778
QmTUSDFVyodkxzMMbxjG2ssiv9zKU5PLvAZ5J2KNU6WPGr,Hawk Shot a Buzzard,NA,Hawk Shot a Buzzard,Misc tunes,NA,NA,NA,publicdomain,0.0,0,0,6,1,1,0,35,217,6.2,False,2.234384661780295,1.0,0.9251302083333334
QmeqgXzdvE3EBFUqiX2hTSLDKmuAyLaTTGJZdRay9j2HXX,Hawke's Humour. JJo8.191,NA,Hawke's Humour. JJo8.191,Misc tunes,NA,NA,NA,publicdomain,0.0,0,0,4,1,1,0,80,308,3.85,False,2.864792625627604,0.8701298701298701,0.9694940476190476
QmVJtpr2vzPdRyjNkKcD27UfFdKcE7Aio61Q9WuSz9yiK2,Hawke's Humour. JJo8.191,NA,Hawke's Humour. JJo8.191,Misc tunes,NA,NA,NA,publicdomain,0.0,0,0,2,1,1,0,48,192,4.0,False,2.332336465034986,1.0,0.953125
QmPynvwAKKggDtxmV7X7ufGm6vfWPepsji3Q5Dz6yUeywv,Hawton Feast,Houghton Feast,Hawton Feast,Misc tunes,NA,NA,NA,publicdomain,0.0,0,0,2,1,1,0,34,190,5.588235294117647,False,2.52971877280626,1.0,0.9696180555555556
Qmdbo1GwaJgCAymoEpspYKBuDMqWmtVNYjYEERt2CS6QtV,Hay Jenny come down to Jock,NA,Hay Jenny come down to Jock,Misc tunes,NA,NA,NA,publicdomain,0.0,0,0,1,0,2,0-0,28,204,7.285714285714286,False,2.6476618116646464,1.0,0.8831018518518519
QmaEspbNpYPNwkaWzEnKNbhaLEufuenV3ibiinWjUmABGY,Hay My Nanny. JJo1.065,Hey My Nanny Oaka. JJo1.065,Hay My Nanny. JJo1.065,Misc tunes,NA,NA,NA,publicdomain,0.0,0,0,2,1,1,0,15,105,7.0,False,2.593230965336637,1.0,0.9855769230769232
QmYscv8RWp7gKx6HNhapTot2g8y7w4cVg8Bp7pfWvVMpDc,Hay to Couper. WCD3/2.101,Hey to Couperaka. WCD3/2.101,Hay to Couper. WCD3/2.101,Misc tunes,NA,NA,NA,publicdomain,0.0,0,0,3,1,1,0,36,166,4.611111111111111,False,2.618937817334894,1.0,0.9192708333333334
QmQdbPPS6Xbt5PsJMZtFPFoBSQpBbfxJQJdC581p9c6BHz,Hayat bayram olsa - Åenay (70s Turkish pop),NA,al yazmalim,Cahit Berkay,Beste: Åerif YüzbaÅÄoÄlu,rock-soundtrack,NA,cc-zero,4.68,19,87,1167,1,1,0,42,664,15.80952380952381,False,2.7175346116187304,0.8885542168674698,0.9959349593495936
QmTWV5LopVA9FMBiuAZqNKh4JT7G55RaRGyxb6JoCugir9,Hayat Davam Edir,To My Love Youh.,heyat davam edir,Huseyn Abdullayev,By M. ALIl,NA,NA,cc-zero,4.37,13,42,523,0,2,0-0,43,1074,24.97674418604652,False,2.6035280907236453,1.0,0.9748062015503876
QmZNZegceoSUNr71b5b9mLBUWDDx5VTnz6HhhJvXddRsoE,Haydn - ARIA,NA,ARIA,Joseph Haydn,Haydn.,classical,NA,publicdomain,0.0,0,0,3,1,1,0,23,52,2.260869565217391,False,2.6554344564443904,0.9615384615384616,0.9509803921568628
QmYM2Q8cct1iYCStjSGVb2PthxDqDLZqFQT8UJXf8H8UyW,Haydn - Die Harmonie in der Ehe,NA,NA,NA,Franz Joseph Haydn (1732-1809),NA,choral-satb,cc-zero,0.0,0,3,71,0,4,0-0-0-0,54,982,18.185185185185187,True,3.147986572542038,0.9044117647058824,0.9449685534591196
QmYa4WBsreqw9mr87zM6zhQPVftePodJcf3cHCtCB6rngY,Haydn - FORGIVE ME.,NA,FORGIVE ME.,Joseph Haydn,Haydn.,classical,NA,publicdomain,0.0,0,0,2,1,1,0,32,123,3.84375,False,3.006419137900905,0.8617886178861789,0.884469696969697
QmZNUSsZ7uD478peyKhVER6qvMmqLPxT9FWXPoPuMMUnbm,Haydn - Gender Bender,NA,Gender Bender,Joseph Haydn,Haydn,classical,NA,publicdomain,0.0,0,0,5,1,1,0,32,138,4.3125,False,2.8631006292566963,0.9710144927536232,0.91015625
QmNbeNcw1mC2Nm7FZXKsTupUVp4L2GyJPCAEwstQNiXfDC,Haydn - GOD PRESERVE THE EMPEROR,Deutschland \uber allesEinigkeit und Recht und Freiheit,Streichquartett Op. 76 No. 3 in C Major (Emperor/Kaiserquartett),Joseph Haydn,Haydn.,classical,NA,publicdomain,0.0,0,0,74,0,3,0-0-0,21,244,11.61904761904762,False,2.824014923058212,0.9753086419753086,0.9416666666666668
Qmam15QTuZPKvgx89dX8QuQw1XViRTiC1i78wC5aZS7ndw,Haydn - GOD PRESERVE THE EMPEROR.,NA,Streichquartett Op. 76 No. 3 in C Major (Emperor/Kaiserquartett),Joseph Haydn,Haydn.,classical,NA,publicdomain,0.0,0,0,4,1,1,0,28,110,3.928571428571429,False,2.839627375132588,0.9636363636363636,0.953125
QmZCd5eLCYrJd8oR1oB26kH8Y4wiPcKd5GxcZ2Q2ZGNXfD,Haydn - Joseph Haydn,NA,Haydn,Joseph Haydn,Joseph Haydn,classical,NA,publicdomain,0.0,0,0,21,1,1,0,18,187,10.38888888888889,False,2.761871503749136,0.9837837837837838,0.9455128205128204
QmYoEM72zi4D9eoNr7twduJeE8GCXRGnpgpVVrd9d5kmuK,Haydn - Lord Cathcart's Favorite. (p)1801.PN.19,NA,Lord Cathcart's Favorite. (p)1801.PN.19,Joseph Haydn,Haydn,classical,NA,publicdomain,0.0,0,0,5,1,1,0,35,156,4.457142857142857,False,2.8300786144750654,0.9743589743589745,0.9435763888888888
QmXjKTtWtVW9oGxo9Wq1sq3qvxvZBVkoNuNF15n3CmVJcz,Haydn - MY MOTHER BIDS ME BIND MY HAIR,NA,MY MOTHER BIDS ME BIND MY HAIR,Joseph Haydn,Haydn,classical,NA,publicdomain,0.0,0,0,27,1,1,0,27,178,6.592592592592593,False,2.899694764496389,0.96045197740113,0.8486842105263158
QmXMWTTSAMpaySYizDH5RsoL2PoBgYK5ZV1hXoW3MrXKjw,Haydn - Sonata in C minor HOB XVI/20 Movement I,Hob. XVI/20 Movement I,Sonata in C minor HOB XVI 20,Joseph Haydn,Joseph Haydn (1732-1809),classical,haydn-joseph-sonata-cminor-hobxvi-xvi-piano-keyboard-solo,cc-zero,4.91,21,22,1005,3,1,0,200,4396,21.98,False,3.330326358046515,0.8377263350905341,0.8471513605442177
QmRM5X12AVGD38BzeaGrh5385ttBHqssiWLYbQLGYfX41w,Haydn - Sonata in E minor Hob XVI/34 Movement I,Hob. XVI/34 Movement I,Sonata in E minor HOB XVI 34,Joseph Haydn,Joseph Haydn(1732-1809),classical,joseph-haydn-sonata-eminor-hobxvi-xvi-piano-solo-sonata,cc-zero,4.81,91,199,6387,2,1,0,254,3448,13.5748031496063,False,3.1747616547099056,0.8928987194412107,0.9347442680776016
QmTTYU7x23sEuxH3JxXjMJDs4CTSjX15Z8ns9sCPLG5M4r,Haydn - The HEAVENS ARE TELLING,NA,the HEAVENS ARE TELLING,Joseph Haydn,Haydn,classical,NA,publicdomain,0.0,0,0,31,1,1,0,59,205,3.4745762711864407,False,2.742636228875521,0.975609756097561,0.9652777777777778
QmfE5gYtq3tV3XLA2rQhW2h8jHhawugehbNNVAcJMpZFvg,Haydn - To Fly like Birds from Grove to Grove,NA,To Fly like Birds from Grove to Grove,Joseph Haydn,Haydn,classical,NA,publicdomain,0.0,0,0,5,1,1,0,41,143,3.4878048780487805,True,2.926966249065008,0.944055944055944,0.9166666666666666
QmRoJY6134pvDhjrKe5dMy8rhFrdF4jZ6AwUAAjBj6ibbc,HAYDN'S CELEBRATED MOVEMENT,NA,HAYDN'S CELEBRATED MOVEMENT,Misc tunes,NA,NA,NA,publicdomain,0.0,0,0,2,1,1,0,72,254,3.5277777777777777,False,3.1683343143195586,0.8267716535433071,0.9609375
QmdiZdpBddXVhNdo6susa817hCuVFX3UZwqTmqbQrooz4c,Haydns Surprise. WCF.030,NA,Haydns Surprise. WCF.030,Misc tunes,NA,NA,NA,publicdomain,0.0,0,0,2,1,1,0,32,120,3.75,False,2.639758658007729,0.95,0.9736111111111112
QmR84mUKp7bubwy4DZEUwwfEmx1N1asMqQMyNtnGFVckqp,Haydon's Surprise,NA,Haydon's Surprise,Misc tunes,No 31 Pages 12-13 William Clarke MS Feltwell Norfolk,NA,NA,publicdomain,0.0,0,0,1,1,1,0,32,120,3.75,False,2.639758658007729,0.95,0.9736111111111112
QmQXSEdKrPMnmk7qGkVcu1ydXLw136DTDrUnkdarrixoVT,Hayes - Balkan -- Hornpipe,NA,Balkan -- Hornpipe,Hayes,Hayes,classical,NA,publicdomain,0.0,0,1,21,1,1,0,36,236,6.555555555555555,False,2.613689542615929,1.0,0.9505208333333334
QmZ9ozGcLCqUsPVjv2Rvw2F8BQVNdqpKATFxCSVt4wqUti,Hayes And Hayes,NA,Hayes And Hayes,Misc tunes,NA,NA,NA,publicdomain,0.0,0,0,0,1,1,0,48,101,2.1041666666666665,False,3.1852816205045427,0.8514851485148515,0.9386574074074074
QmRj2efbNLE4zWnZEiJSSVkMqiz813qZbpHygf9oMgg8Pc,Haymaking song - Woodrich,NA,Haymaking song - Woodrich,Misc tunes,Taken down from J. Woodrich Dec. 27 1890 by F.W.B.,NA,NA,publicdomain,0.0,0,0,8,1,1,0,17,60,3.5294117647058822,False,2.5723915769544043,1.0,0.9777777777777776
QmWDLySLZDaTpUX8Af63zw3X9XyWQcsKKMM15DHps4zxr9,HD CUMBIA ALL STARS LA DANZA DE LOS MIRLOS AMPLIFICADO,NA,HD CUMBIA ALL STARS LA DANZA DE LOS MIRLOS AMPLIFICADO,just_oscar019,NA,NA,NA,cc-zero,0.0,0,1,239,2,1,0,53,709,13.37735849056604,False,2.97604946583468,0.8928067700987306,0.8958333333333334
QmUTuMCzXAAti7Sk87XSsnYsf3WFF9URjjXWTybHj2UBy4,He arose the Lord victorious - D. B. Towner,NA,He arose the Lord victorious,D. B. Towner,NA,classical,NA,publicdomain,0.0,0,0,33,1,1,0,46,618,13.434782608695652,False,2.7490527387402897,0.9805825242718448,0.9583333333333334
QmSvWiFr6DvZNvJMMStdWsgz95RpshePMLazc7QuShVpaG,He called a little child - I. H. Meredith,NA,He called a little child,I. H. Meredith,NA,classical,NA,publicdomain,0.0,0,0,5,1,1,0,18,182,10.11111111111111,False,2.728487564264332,0.978021978021978,0.9557291666666666
QmZSzs8GswnNDXgUiB3pk74nBLd6QD7aTCzJkgDYUNKgAv,He came in the hush of the silent night - W. H. Doane,NA,He came in the hush of the silent night,W. H. Doane,NA,classical,NA,publicdomain,0.0,0,0,14,1,1,0,18,272,15.11111111111111,False,2.838605587861824,0.9522058823529412,0.9479166666666666
QmTegb25V3Ro8DPJcuDskF2zYnvjai6g1cqpGjjvJU11fP,He came to save sinners the dear Son of God - Mrs. C. H. Morris,NA,He came to save sinners the dear Son of God,Mrs. C. H. Morris,NA,classical,NA,publicdomain,0.0,0,0,3,1,1,0,18,339,18.83333333333333,False,2.6711025151693315,0.9646017699115044,0.90625
QmXQB4GAuRpCFQkiEyVuXV9oFTjKcHFvrfLwYA3QwEoPqT,He can count on me when the firing line - B. D. Ackley,NA,He can count on me when the firing line,B. D. Ackley,NA,classical,NA,publicdomain,0.0,0,0,6,2,1,0,20,290,14.5,False,2.6497306128458624,0.9793103448275862,0.9466145833333334
Qma7pnDC8AR4zz5zxCmkmhyos1QhZ6qVSAghaVaxrBz7ef,He Careth For Me - Etta M. Lewis,NA,He Careth For Me,Etta M. Lewis,NA,classical,NA,publicdomain,0.0,0,0,6,1,1,0,18,300,16.666666666666668,False,2.707422159333115,0.9866666666666668,0.8784722222222222
QmWmnhxdMHtNzC6eFr2MBbnj3vHBwLFm3Gfm2MRtJa2xQt,He comes let every heart rejoice - Joseph Key,NA,He comes let every heart rejoice,Joseph Key,Joseph Key,classical,NA,publicdomain,0.0,0,0,5,0,3,0-0-0,34,394,11.588235294117649,True,2.76356082075806,0.992248062015504,0.8923611111111112
QmUDv4YfSuEddXMaBeudEApuX6jstJmtfS9yLT18D31fyU,He did not come to judge the world,NA,He did not come to judge the world,Misc Traditional,NA,folk,NA,publicdomain,0.0,0,0,31,1,1,0,18,250,13.88888888888889,False,2.413777378318301,1.0,0.9010416666666666
QmQvEFs4beSxsBAHMWw8AdR4nr7aCVXAxTzgMUJ8VLRYr3,He died He died in love Christ died - D. B. Towner,NA,He died He died in love Christ died,D. B. Towner,NA,classical,NA,publicdomain,0.0,0,0,4,1,1,0,20,267,13.35,False,2.801172203109921,0.9660377358490566,0.9816666666666668
QmYrt7oCDYu2NeiywkJW7vbPrSTbVZzr1c3rP11cJobkSf,He ever lives above - Geo. P. Hott,NA,He ever lives above,Geo. P. Hott,NA,classical,NA,publicdomain,0.0,0,0,5,1,1,0,19,257,13.526315789473683,False,2.3390709050560474,1.0,0.8767361111111112
QmR5QfXc5YKvSYJzMoqVrwDnd1y8oNrneSYoyU91cAFpxr,He feedeth His flock like a Shepherd (Stebbins) - Geo. C. Stebbins,NA,He feedeth His flock like a Shepherd (Stebbins),Geo. C. Stebbins,NA,classical,NA,publicdomain,0.0,0,0,3,1,1,0,27,408,15.11111111111111,False,2.858105217949734,0.9558823529411764,0.9155092592592592
QmPMqWFpcNzbSpw91sKGx2M8LwFL5qCSrdSQuYxhjP3hsn,He giveth more grace - Ray Steadman-Allen,NA,He giveth more grace,Ray Steadman-Allen,Ray Steadman-Allen,classical,NA,publicdomain,0.0,0,1,28,0,2,0-0,17,200,11.764705882352942,False,2.989699994974512,0.9230769230769232,0.9583333333333334
QmbNRrXCsZBearvJdZ1FW8dCQXF4MdMnXpafK18BJ8SPCx,He giveth songs by day - Asa Hull,NA,He giveth songs by day,Asa Hull,NA,classical,NA,publicdomain,0.0,0,0,5,1,1,0,17,218,12.823529411764708,False,2.6208796225260618,0.9862385321100916,0.9635416666666666
QmdHegix4r3yTPBstQB7NyuBR3WTQP2xCSrfZJhwSDtTEw,He has come! He has come! my Redeemer has come - Mrs. J. F. Knapp,NA,He has come! He has come! my Redeemer has come,Mrs. J. F. Knapp,NA,classical,NA,publicdomain,0.0,0,0,10,1,1,0,17,330,19.41176470588235,False,2.3750838672199017,1.0,0.9401041666666666
QmTd7Fcj1xSgqvmKSY98ka8yP9Zd3M4yB6r3GrsvGkJge1,He has finished His work and His journey is over - W. H. Pettibone,NA,He has finished His work and His journey is over,W. H. Pettibone,NA,classical,NA,publicdomain,0.0,0,0,7,1,1,0,17,192,11.294117647058824,False,2.7106425527502096,0.9791666666666666,0.9583333333333334
Qmatoqoe8gubLptBqsmLENHcsnngMEFFAEepMZb9a2nC47,He has gone out of sight our joy and light - Chas. H. Gabriel,NA,He has gone out of sight our joy and light,Chas. H. Gabriel,NA,classical,NA,publicdomain,0.0,0,0,3,1,1,0,34,309,9.088235294117649,False,2.7384239762156835,0.9805825242718448,0.9539930555555556
QmabSkfvie5oeXwJmtoCyD2TqqiVx3f6wCrLDhs82PzJzi,He Hideth My Soul,NA,NA,NA,William James Kirkpatrick,NA,NA,publicdomain,0.0,0,1,245,0,4,0-0-0-0,20,360,18.0,True,2.5976545575450296,0.9967845659163987,0.8625
QmcghX54wLcm7i5UM7N2bykwAcCbUTqzZ6YNs25DPuhJLP,He holds the key of all unknown - Geo. C. Stebbins,NA,He holds the key of all unknown,Geo. C. Stebbins,NA,classical,NA,publicdomain,0.0,0,0,6,1,1,0,14,171,12.214285714285714,False,2.563869761764946,0.9824561403508772,0.975877192982456
QmfMkvHYsneCfXd7nTSZqkQA5iT7iWxn98k7VHEgwCyBZJ,HE IS A PIRATE,NA,NA,NA,NA,NA,disney,cc-zero,0.0,0,1,26,0,1,0,94,647,6.882978723404255,False,2.666997500198484,0.981042654028436,0.9537337662337664
QmQ3YkZ8Cy7vsLSSDZMJDDLruZJmPDcaekHvyji23Gp6ru,He is able though I am all weakness - Chas. H. Gabriel,NA,He is able though I am all weakness,Chas. H. Gabriel,NA,classical,NA,publicdomain,0.0,0,0,3,2,1,0,18,331,18.38888888888889,False,2.673128415097231,0.9607250755287008,0.9149305555555556
QmSwvv1xJnG7dYj3WgXraQUT6CBM5LjJKdKS7aT2jXiDhd,He is able to deliver Sing the joyful strain - W. A. Ogden,NA,He Is Able to Deliver Thee,W. A. Ogden,NA,classical,NA,publicdomain,0.0,0,0,4,2,1,0,17,361,21.23529411764705,False,2.5532298305638497,0.997229916897507,0.9361979166666666
QmXmnB5L4Z7ziHbBjtwNvHJHPmj5MboSbseVt9Yq9oaUCc,He is able; O the comfort - John Downing Farrer,NA,He is able; O the comfort,John Downing Farrer,NA,classical,NA,publicdomain,0.0,0,0,7,1,1,0,8,118,14.75,True,2.9144386068942145,0.9491525423728814,0.9921875
QmbrL3jn6ZcS1UY2L9iKuhzQ5ni15cVTAc3zrSgLX1WtMj,He is born - Traditional French carol. Translated from French to English by George K. Evans,NA,he is born,Misc Traditional,19th Century French Carol,folk,NA,publicdomain,0.0,0,0,18,0,2,0-0,32,207,6.46875,True,2.7353760432580354,0.9901477832512317,0.94921875
QmXTEMRJnswdDRwzjWSrDRx7cJnrVCAv8GowVfrB9CNLZs,He is cleansing,NA,He is cleansing,Misc Traditional,NA,folk,NA,publicdomain,0.0,0,0,3,1,1,0,16,222,13.875,False,2.3820772898854843,1.0,0.9597222222222224
QmVkJfW1Y9G3YwX5Q3UrfwoNqHBuMbS4xkiT6A1vXkvdvW,He is knocking at your heart - J. H. Hall,NA,He is knocking at your heart,J. H. Hall,NA,classical,NA,publicdomain,0.0,0,0,4,2,1,0,18,253,14.055555555555555,False,2.591954633408343,0.9683794466403162,0.9283854166666666
QmchdmiwPL6b9TLprPGtnCjHCV4fRRRuTUwdmkwrw4GQvy,He is my Rock I build on Him - T. Frank Allen,NA,He is my Rock I build on Him,T. Frank Allen,NA,classical,NA,publicdomain,0.0,0,0,2,2,1,0,18,330,18.33333333333333,False,2.9850287744236845,0.9333333333333332,0.8898809523809523
QmdphY4wAvksMThNJhL5H71WjR68XXCMg5RF66jEzHToyD,He is not a disappointment (Green) - Harold Green,NA,He is not a disappointment (Green),Harold Green,NA,classical,NA,publicdomain,0.0,0,0,7,1,1,0,25,300,12.0,False,2.761010368250965,0.9766666666666668,0.9194444444444444
QmeAosRFTHR1VVM6qB4zvujqpDvLFUsYBibsDEuFC1RGLT,He is not a disappointment (Ward) - D. C. Ward,NA,He is not a disappointment (Ward),D. C. Ward,NA,classical,NA,publicdomain,0.0,0,1,10,2,1,0,25,374,14.96,False,2.804293265247356,0.9785522788203752,0.9722222222222222
QmPV6SGCbBurhktX6oQGT2QLJ6aQFXYH4tQ9o44evXD6AL,He is pleading by His sorrows - F. G. Cole,NA,He is pleading by His sorrows - F. G. Cole,F. G. Cole,NA,classical,NA,publicdomain,0.0,0,0,2,1,1,0,20,241,12.05,False,3.0156969162017746,0.9294605809128632,0.955
QmWY14sKbD4pZcbeLxnScHt56TC8UF3F533NmidRfag1Sa,He is risen angels say - Frank L. Armstrong,NA,He is risen angels say,Frank L. Armstrong,NA,classical,NA,publicdomain,0.0,0,0,7,1,1,0,20,218,10.9,False,2.622884150630645,0.963302752293578,0.8784722222222222
QmVnxY4kzN1j6KkX8yLwm12aV1bN6W9VN8rXTb4iJBNRjy,He is risen! cried the angel at the doorway - Chas. H. Gabriel,NA,He is risen! cried the angel at the doorway,Chas. H. Gabriel,NA,classical,NA,publicdomain,0.0,0,0,20,1,1,0,20,325,16.25,False,2.6247548298493366,0.9723076923076924,0.9283854166666666
QmcTefc6Cz1oDYEtvSeq9hCRLKaNcQyMFt9MvxfsWzi3HH,He keepeth me ever - Geo. F. Rosche,NA,He keepeth me ever,Geo. F. Rosche,NA,classical,NA,publicdomain,0.0,0,0,5,1,1,0,24,267,11.125,True,2.568425901166509,0.9737827715355806,0.8877314814814815
QmYFmpLRbaTEiKax4dPVYMMWMRbCy79YLVERQ41SA4y848,He knoweth thy grief - J. H. Hall,NA,He knoweth thy grief,J. H. Hall,NA,classical,NA,publicdomain,0.0,0,0,5,1,1,0,16,178,11.125,True,2.630771893792642,0.9662921348314608,0.8940972222222222
QmVxqwaZy1jk4C97MRQbfUzqmaZVH3b8YxejgDkEg8Ywbq,He knoweth well the way I take - W. A. Post,NA,He knoweth well the way I take,W. A. Post,NA,classical,NA,publicdomain,0.0,0,0,6,2,1,0,19,237,12.473684210526317,False,2.869702955685516,0.9578059071729956,0.9348958333333334
QmVpeFBRDAJ2uYUTdQxXsLJZ59kEfBfTeP4j7T5DHy6oEx,He knows the bitter weary way (Jelley) - J. J. Jelley,NA,He knows the bitter weary way (Jelley),J. J. Jelley,NA,classical,NA,publicdomain,0.0,0,0,8,1,1,0,10,123,12.3,False,2.8493829203399947,0.959349593495935,0.9583333333333334
QmY9hMaYCs7jHVvSea9bgf3FN2hShn8169TkWhCTc42NXq,He knows the bitter weary way (L. A. S.) - L. A. S.,NA,He knows the bitter weary way (L. A. S.),L. A. S.,NA,classical,NA,publicdomain,0.0,0,0,4,1,1,0,8,113,14.125,False,2.524535875840251,1.0,0.949404761904762
QmWnMEkyfQU4pvRN4TQe6NMgAFd7X7tyk7PvFQJcr7rtPt,He knows the bitter weary way (Lorenz) - E. S. Lorenz,NA,He knows the bitter weary way (Lorenz),E. S. Lorenz,NA,classical,NA,publicdomain,0.0,0,0,3,2,1,0,18,206,11.444444444444445,False,2.68200205687098,0.9757281553398058,0.9392361111111112
QmdrN6TYEET8gk9k34BMKjY3B6B6ZtpmZJy249WrccT5re,He knows the bitter weary way (Miles) - C. Austin Miles,NA,He knows the bitter weary way (Miles),C. Austin Miles,NA,classical,NA,publicdomain,0.0,0,0,11,1,1,0,20,220,11.0,False,2.66569379898696,0.9727272727272728,0.9270833333333334
QmW3UjLD2Fshy5ugTDYNnR8aMj8t7G6kEygjUvP8YP4ndr,He knows the bitter weary way - Fred A. Fillmore,NA,He knows the bitter weary way - Fred A. Fillmore,Fred A. Fillmore,NA,classical,NA,publicdomain,0.0,0,0,5,1,1,0,11,143,13.0,False,2.418822642101658,1.0,0.9375
QmP7UErQUgUMNEoz9iTDD9EYEFCXpnwGCJVktcwKpmygr3,He knows the trials of each day - J. M. Black,NA,He knows the trials of each day,J. M. Black,NA,classical,NA,publicdomain,0.0,0,0,4,1,1,0,10,119,11.9,False,2.456694618252082,0.9663865546218487,0.9140625
QmZypWcQeGqUDd3uWizTS8sWpwUjkJ1oSMdkkQVHCmzkku,He knows the trials of each day - W. W. Holden,NA,He knows the trials of each day,W. W. Holden,NA,classical,NA,publicdomain,0.0,0,0,5,1,1,0,18,262,14.555555555555555,False,2.8235304456063224,0.9580152671755724,0.9322916666666666
Qmf74STGJMLzSDj8m3kU3u7CQmieZ7PUj6pgLbKHNHjLWW,He leadeth me He leadeth me - D. D. Ford,NA,he leadeth me,Misc Praise Songs,NA,religiousmusic,NA,publicdomain,0.0,0,1,43,1,1,0,20,226,11.3,False,2.505418511189618,0.991150442477876,0.9409722222222222
QmaZAHB3nRFynfuzVwgJM47QvkfiSyqakyw95xp8VkYvfr,He leadeth me He leadeth me - William J. Kirkpatrick,NA,he leadeth me,Misc Praise Songs,NA,religiousmusic,NA,publicdomain,0.0,0,1,41,1,1,0,20,216,10.8,False,2.4302062483749447,1.0,0.9315476190476192
QmTHg3ovG2QNGaM2Az7keA7uEVWLVaV91GqPLrrXpYz5cK,He leads me on through deserts drear - W. A. Ogden,NA,He leads me on through deserts drear - W. A. Ogden,W. A. Ogden,NA,classical,NA,publicdomain,0.0,0,0,4,1,1,0,20,219,10.95,False,2.8144544180106665,0.958904109589041,0.9409722222222222
QmeJXAvaq3QFcxG2PdgQs1qKBwoT4rM57AovjCXzAv2tzD,He left a royal throne - Ira B. Wilson,NA,He left a royal throne,Ira B. Wilson,NA,classical,NA,publicdomain,0.0,0,0,3,1,1,0,27,364,13.48148148148148,False,2.790545315870043,0.9478021978021978,0.9466145833333334
QmeyHZKzU3L8VHu4n9NJyTF6zobqVbEEFyBKiTYzF99jet,He left the poor widows a-weeping,NA,He left the poor widows a-weeping,Misc tunes,NA,NA,NA,publicdomain,0.0,0,0,2,1,1,0,25,92,3.68,False,2.7317799130626703,0.9891304347826086,0.9328703703703703
QmVJBEFe5scFNfQcwBshxLr4oYS1RykViQtzpMtT39Lq7b,He Left Us In Sorrow (air) 0562,NA,He Left Us in Sorrow,Misc tunes,after Sg't. J. O'Neillplaintive,NA,NA,publicdomain,0.0,0,0,2,1,1,0,18,77,4.277777777777778,False,2.765447049826937,0.987012987012987,0.9045138888888888
QmXXwh2MWvbXYSx5idDc6Lr23eTzxTNzt1K6UW5FofYYUv,He Left Us in Sorrow.,d'fag se sinn .brona.c.,He Left Us in Sorrow,Misc tunes,NA,NA,NA,publicdomain,0.0,0,0,1,1,1,0,16,72,4.5,False,2.673951134266402,1.0,0.875
QmZmTxFjJQ66ztPHmfAt6aXvNs4aX5fjbavZ6fMK9iwo5a,He lifted me out of the darkness of night - C. Harold Lowden,NA,He lifted me out of the darkness of night,C. Harold Lowden,NA,classical,NA,publicdomain,0.0,0,0,15,1,1,0,20,303,15.15,False,2.6185170986001127,0.9801980198019802,0.8958333333333334
QmSUCccUUUHMSfgZNkfedfpPWw9MsqQ3em1TPyBU5RxJGq,He lives O message softly breathed - J. Lincoln Hall,NA,He lives O message softly breathed,J. Lincoln Hall,NA,classical,NA,publicdomain,0.0,0,0,4,1,1,0,19,285,15.0,False,2.7907367844348427,0.968421052631579,0.9739583333333334
QmfQojA4LGksB9xqj1uYpuuiqhm44ouYZ67foEYLpXgmb6,He lives; proclaim the tidings - Warren W. Bentley,NA,He lives; proclaim the tidings,Warren W. Bentley,NA,classical,NA,publicdomain,0.0,0,0,4,1,1,0,18,207,11.5,False,2.372984311751442,0.9951690821256038,0.96875
Qmb5d3tunGmGEoo7rZLWF1iD68a4wwE6geTPtR43aSYW5z,HE LOVES AND HE RIDES AWAY,NA,HE LOVES AND HE RIDES AWAY,Misc tunes,NA,NA,NA,publicdomain,0.0,0,0,2,1,1,0,52,218,4.1923076923076925,False,2.7149736578482955,0.981651376146789,0.9214285714285716
QmbeoTE79WCrXLa8t9c96aJNQLDHABEhS3eXXnzzuKhpgn,He May Be Your Man,NA,NA,NA,Lemuel Fowler - 1922,NA,copyrightfreeoldjazz-creolejazz,cc-zero,0.0,0,1,76,0,1,0,89,359,4.033707865168539,True,2.973212004075223,0.8523676880222841,0.940814393939394
QmTWhmfrHMRFDirCWJpgEekgbAMBGa2RVYL139CEiTnH8X,He na Boddachin,NA,He na Boddachin,Misc tunes,NA,NA,NA,publicdomain,0.0,0,0,1,1,1,0,16,90,5.625,False,2.1327195351219204,1.0,0.9513888888888888
QmYVDUHApm5H289928wfpoajUpJGuje7qVNmbgHiHkm4oF,He of whom the books of Moses - J. H. Rosecrans,NA,He of whom the books of Moses,J. H. Rosecrans,NA,classical,NA,publicdomain,0.0,0,0,3,1,1,0,24,328,13.666666666666666,True,2.333744825231693,0.9908536585365854,0.9444444444444444
QmfZN5PZnp6QYQ87zbopuuc3KUBhtfwqBPmVtXbrKwvyJi,He Played His Ukelele as the Ship went Down,NA,He Played His Ukelele as the Ship went Down,Misc tunes,NA,NA,NA,publicdomain,0.0,0,1,15,1,1,0,18,86,4.777777777777778,False,2.7468142452360187,1.0,0.9518229166666666
QmPCMYp4iHVUdY8kqfMrhmBqnZFLtSahd6Z6kQzixsGo1S,He reigns the Lord the Saviour reigns - Thomas Jarman,NA,He reigns the Lord the Saviour reigns,Thomas Jarman,Thomas Jarman,classical,NA,publicdomain,0.0,0,0,8,0,4,0-0-0-0,10,179,17.9,True,2.597700456741583,1.0,0.93125
QmRVEWM8zrJVqR8SP3q7dgzyCkpYKRFiXKxYyvHu4Vcsgo,He sat by a furnace of seven-fold heat - Arthur F. Ingler,NA,He sat by a furnace of seven-fold heat,Arthur F. Ingler,NA,classical,NA,publicdomain,0.0,0,0,8,2,1,0,20,301,15.05,False,2.615861270698081,0.98,0.95
QmUuzJGoURCDWSZLhYMCjaLmQFWVRTjV2oNaq5BNQk9juF,He saves me! He saves me - D. B. Towner,NA,He saves me! He saves me,D. B. Towner,NA,classical,NA,publicdomain,0.0,0,0,5,1,1,0,22,249,11.318181818181818,False,2.780775501284814,0.9678714859437751,0.8986111111111111
QmYNF9313ap697TedVFjGkfPoyWk2umibDHHS48eCBNana,He says so! I believe it! - Howard K. Carl,NA,He says so! I believe it!,Howard K. Carl,NA,classical,NA,publicdomain,0.0,0,0,2,2,1,0,27,378,14.0,False,2.866781178737992,0.9470899470899472,0.9184027777777778
QmQK1mp3cXnKeBvGwC31EbsjZ7JmJvZFnovHaXjnKS33fr,He sees all you do,NA,He sees all you do,Misc Traditional,NA,folk,NA,publicdomain,0.0,0,0,7,1,1,0,11,107,9.727272727272728,False,2.7808018356197715,0.9626168224299064,0.9270833333333334
QmPJGvhNDcP9QUFcK3ZP34ePAQBp5RXEbs6iL1jCsoVjYv,He Shall Feed His Flock - George Frideric Handel,NA,He Shall Feed His Flock,Georg Friedrich Händel,NA,classical,NA,publicdomain,4.71,4,5,332,2,1,0,30,346,11.533333333333331,False,2.9371116962680284,0.9566473988439308,0.9594907407407408
QmNYQqGKQbGTzkou6JCQgyYbzBX1xfZjePq9DWMyTXDGWa,He sought and found me lost in sin - Ira B. Wilson,NA,He sought and found me lost in sin,Ira B. Wilson,NA,classical,NA,publicdomain,0.0,0,0,4,1,1,0,20,265,13.25,False,2.428323884102045,0.981132075471698,0.8871527777777778
QmXn1cewpwpXVu3suShQWUCpeyPrFBZ7vbUbR3Kvu5c63X,He sought me on the mountain when my feet had gone astray - J. B. Herbert,NA,He sought me on the mountain when my feet had gone astray - J. B. Herbert,J. B. Herbert,NA,classical,NA,publicdomain,0.0,0,0,3,1,1,0,20,272,13.6,False,2.3541163732536408,0.9889705882352942,0.9557291666666666
QmW1AXogYpqZ6v6GLJBUyRqBBukWpVeFGLqrkrYbkjUfvC,He Stole my Tender Heart away,NA,He Stole my Tender Heart away,Misc tunes,NA,NA,NA,publicdomain,0.0,0,0,1,1,1,0,68,150,2.2058823529411766,False,2.7249653962124816,0.9733333333333334,0.9602864583333334
QmZd4gVN6h1m5mbbv3ybV8Sk7x9Jfq3z2NzBrvxYLBaxto,He that believeth on the Son of God - Chas. C. Ackley,NA,He that believeth on the Son of God,Chas. C. Ackley,NA,classical,NA,publicdomain,0.0,0,0,5,2,1,0,16,274,17.125,True,2.6791048636471126,0.9817518248175182,0.9111111111111112
QmXGtCVr5RHDnMs6W3BoJPrrWa14etbB3u8R4zk3XhLpjW,He that believeth on the Son tis written in His Word - Chas. H. Gabriel,NA,He that believeth on the Son tis written in His Word,Chas. H. Gabriel,NA,classical,NA,publicdomain,0.0,0,0,11,1,1,0,19,333,17.526315789473685,False,2.504206339744808,0.993993993993994,0.9544270833333334
QmbSBJCgJ4sDApijoh5jx5Hbw5GAFM4HVDa7V6amsG3fTB,He that believeth what a sweet and simple way - Jno. R. Sweney,NA,He that believeth what a sweet and simple way,John R. Sweney,NA,classical,NA,publicdomain,0.0,0,0,5,1,1,0,16,338,21.125,True,2.6875933832672376,0.9940828402366864,0.9049479166666666
Qmcpcau5NS9rxPKuQDsaRZzzVXcz2NfyqupJeVWxRYM4Pu,He that confides in his Creator - Georg Neumark,NA,He that confides in his Creator,Georg Neumark,NA,classical,NA,publicdomain,0.0,0,0,12,1,1,0,13,109,8.384615384615385,False,2.800401602528546,0.963302752293578,0.9461805555555556
QmVBFgdTfvG2Dw1XxM35vJBiaHpXd9SVqSUY4DFcamNTcm,He that dwelleth in the secret of the Lord - Rev. Grant S. Pollock,NA,He that dwelleth in the secret of the Lord,Rev. Grant S. Pollock,NA,classical,NA,publicdomain,0.0,0,0,3,2,1,0,18,286,15.88888888888889,False,2.767648287213108,0.9789473684210528,0.9534313725490196
QmVe12UFBg6unixkeK3Xe66HybrbALND24DrqNGPPVr92E,He that guardeth Israel - H. P. Danks,NA,He that guardeth Israel,H. P. Danks,NA,classical,NA,publicdomain,0.0,0,0,3,1,1,0,16,203,12.6875,True,2.8360740285645414,0.9458128078817734,0.9583333333333334
QmXWAzfcaGHfCzdNmMZ6ViQgmG5KZjkNfN64yPPcDrADCZ,He that has God his guardian made - Samuel Long,NA,He that has God his guardian made,Samuel Long,Samuel Long,classical,NA,publicdomain,0.0,0,0,5,0,4,0-0-0-0,25,220,8.8,True,2.8740451684293,0.9702970297029704,0.9733796296296297
QmdpfgDex1Y2Ae3CiaWzpHAyzdUMejhWVf6NYgtiwmbB6h,He that has made his refuge God - John Massey,NA,He that has made his refuge God,John Massey,John Massey,classical,NA,publicdomain,0.0,0,0,14,0,4,0-0-0-0,22,182,8.272727272727273,True,2.73426305161873,0.9943181818181818,0.95734126984127
QmWHTafuN3T5PNpcSdBi3NFctgiZNyGo7Y75QLdnzc7mrE,He that hath made his refuge God - Thomas Clark,NA,He that hath made his refuge God,Thomas Clark,Thomas Clark,classical,NA,publicdomain,0.0,0,0,7,0,4,0-0-0-0,13,203,15.615384615384617,True,2.8378845334500773,0.9695431472081218,0.9461805555555556
QmQ9G6sgtrrWv12AM98tAc1qVUKi62XQbcZnFEjCVyPauL,He that weeping goeth forth to sow - Mrs. C. H. Morris,NA,He that weeping goeth forth to sow,Mrs. C. H. Morris,NA,classical,NA,publicdomain,0.0,0,0,5,1,1,0,16,254,15.875,True,2.852428318270305,0.9488188976377953,0.9180555555555556
QmTt3jXN6ZnNwC3QEx1ZExggU32CX7UTfoXRCF6hc49sju,He thought of the charmer,NA,He thought of the charmer,Misc tunes,NA,NA,NA,publicdomain,0.0,0,0,3,1,1,0,13,65,5.0,False,2.710536113003088,0.9846153846153848,0.9444444444444444
QmUkuRom4DMy5qGZVquRBSpCiKJ2ijtjzcB8oYsc5R9TgE,He Tilt And She Tilt. Ru2.127,NA,He Tilt And She Tilt. Ru2.127,Misc tunes,NA,NA,NA,publicdomain,0.0,0,0,5,1,1,0,20,132,6.6,False,2.5123565051454784,1.0,0.9401041666666666
QmRRafFrw9Aa9gMQB2kuXYAFKmng8G3RSNs6tpWBEUPWjZ,He Tilt And She Tilt. Ru2.127,NA,He Tilt And She Tilt. Ru2.127,Misc tunes,NA,NA,NA,publicdomain,0.0,0,0,4,1,1,0,15,100,6.666666666666667,False,2.498869562887999,1.0,0.9479166666666666
QmQwP9ydTaaQS5dVKdYRheQaKjQsLS7MPX1tFnB3h7GisS,He took me out of the pit - James Fitch,NA,He took me out of the pit,James Fitch,NA,classical,NA,publicdomain,0.0,0,0,8,1,1,0,16,195,12.1875,True,2.2142550880911966,1.0,0.9010416666666666
QmTuh882kadU68Ng5yaZvGn7pbeQn79eqhbx6giS3kMGfv,He took my sins away - B. D. Ackley,NA,He took my sins away,B. D. Ackley,NA,classical,NA,publicdomain,0.0,0,0,5,1,1,0,9,172,19.11111111111111,False,2.7589419258108454,0.9534883720930232,0.9375
QmNhXEPhNJmLStG5Zxw6vTjiJBws1jVWugC1sRrKmdLjjd,He waits for thee with wondrous grace - Herbert J. Lacey,NA,He waits for thee with wondrous grace,Herbert J. Lacey,NA,classical,NA,publicdomain,0.0,0,0,8,2,1,0,19,265,13.947368421052632,False,2.83983240864248,0.9622641509433962,0.9404761904761904
QmTahTmTdWQuFuKaApRLN8bGWD8nSCSdT1o3fJhtJeYqGc,He Was a Good Stalker - ÐÐÑÑÐÐÐºÐ,NA,stalker - he was a good stalker,Misc Computer Games,NA,soundtrack,stalker,cc-zero,4.58,21,57,5460,1,1,0,33,336,10.181818181818182,False,2.902079535530516,0.9672619047619048,0.9816919191919192
Qmd68Ekfua6WThzX4ZuJYnFxLD2dpLQPauUmcQfNKcLgXG,He who calmed the storm on Galilee - H. C. Clausen,NA,He who calmed the storm on Galilee - H. C. Clausen,H. C. Clausen,NA,classical,NA,publicdomain,0.0,0,0,2,1,1,0,17,303,17.823529411764707,True,2.700271568478871,0.976897689768977,0.9180555555555556
QmVcEBXPwQxqY2U8mjRdaYW1FNKxWj5JKjsDdRoX1yv1b7,He Who Safely Keepeth - Fanny Crosby,NA,He Who Safely Keepeth - Fanny Crosby,Fanny Crosby,NA,classical,NA,publicdomain,0.0,0,0,3,1,1,0,16,182,11.375,True,2.866226721482329,0.956043956043956,0.9680555555555556
QmbA8D1QrMYvroFhEMCkvfTHVDhT8JAf786JEFqPfioLXP,He Who Would Valiant Be,(tune: Monks Gate),NA,NA,Ralph Vaughan Williams,NA,monksgate-hymn-bunyan-pilgrimsprogress-leadsheet,cc-zero,0.0,0,4,531,1,1,0,19,55,2.894736842105264,True,2.601784872270093,1.0,0.9361111111111112
QmTKeJqNXpV4sGPAhTS1ekEwdpKGaQkE1626TVNU34SbuG,He will call me by and by - Rev. Elisha A. Hoffman,NA,He will call me by and by,Rev. Elisha A. Hoffman,NA,classical,NA,publicdomain,0.0,0,0,6,1,1,0,18,230,12.77777777777778,False,2.66721320860884,0.9695652173913044,0.9198717948717948
QmWZ4kXQShyhHXY7QZFmnVxksHdmWa3F5VVRN27Tg8iWag,He will keep you from falling - Robert Harkness,NA,He will keep you from falling,Robert Harkness,NA,classical,NA,publicdomain,0.0,0,0,9,1,1,0,10,114,11.4,False,2.4985660048791805,1.0,0.971153846153846
QmdiWMCgqsVwBg2SeaA5yYjFsVi3yBrEnbfmoQuHVXsm6y,He will not always drive the cloud away - Wm. J. Kirkpatrick,NA,He will not always drive the cloud away - Wm. J. Kirkpatrick,William J. Kirkpatrick,NA,classical,NA,publicdomain,0.0,0,0,3,2,1,0,18,333,18.5,False,2.9089961365733905,0.951951951951952,0.9049479166666666
Qmd1pzZW6kEGZxqqdRmPad631kwdRrGn1TV3viYaWujHPY,He will not forsake you - Chas. H. Gabriel,NA,He will not forsake you,Chas. H. Gabriel,NA,classical,NA,publicdomain,0.0,0,0,4,2,1,0,24,369,15.375,True,2.71131743849886,0.9834710743801652,0.90625
Qmf8a4yKcvSZc4veTkxwgZuWnFLECGXVcWgUqH3ur22Z7Q,He will send showers of blessing - Rev. Elisha A. Hoffman,NA,He will send showers of blessing,Rev. Elisha A. Hoffman,NA,classical,NA,publicdomain,0.0,0,0,5,1,1,0,16,238,14.875,True,2.7426968125956828,0.9747899159663864,0.9114583333333334
QmUnFDt9AgHDN76hRLVHyxgGGQQJgcvi14mYvKfypyxuuo,He will take care of you - J. B. Herbert,NA,He will take care of you,J. B. Herbert,NA,classical,NA,publicdomain,0.0,0,0,4,1,1,0,24,221,9.208333333333334,True,2.772984352357223,0.9819004524886876,0.967391304347826
QmVjEJqAPGJqbVaaYg68qcPQFPeSkM1Bz9zBLA4axT4okY,He windeth his way through the village - B. Frank Butts,NA,He windeth his way through the village,B. Frank Butts,NA,classical,NA,publicdomain,0.0,0,0,3,1,1,0,20,306,15.3,False,2.6516212451862926,0.9673202614379084,0.9236111111111112
QmYxT98F4bXbJkLbJyQtYnGoN31r3HZpug6A2nZSc1ACWQ,He'd Have To Get Under - Get Out And Get Under (To Fix Up His Automobile),(To Fix Up His Automobile),NA,NA,Maurice Abrahams,NA,ragtime-mauriceabrahams,cc-zero,0.0,0,3,59,2,1,0,128,1602,12.515625,False,3.0645547237095814,0.902621722846442,0.9877645502645502
QmSw4tKTXPCoqWU8r6vEs16A3VcorHWySH3Pdut6u5RsmS,He'll not forget his little ones,NA,He'll not forget his little ones,Misc Traditional,NA,folk,NA,publicdomain,0.0,0,0,3,1,1,0,11,109,9.909090909090908,False,2.9440120433395864,0.9541284403669724,0.9602272727272728
QmcdbsHc5YAcM8uo34753p6JrPsutPMF8P8K3zTknarxBV,He's a Pirate,NA,He's a Pirate,Hans Zimmer,NA,classical-soundtrack,disney,cc-zero,0.0,0,0,17,2,1,0,48,999,20.8125,False,2.720321998257904,0.982982982982983,0.9368961352657004
Qmbu31rSDnwndReghPNC2EBocGeKXZP1qZchns1zp8Xnbh,He's a Pirate,Pirates of the Caribbean Theme,NA,NA,K. Badelt arr. TW,NA,pirate-caribbean-badelt-piano-solo-tw-disney,cc-zero,0.0,0,20,361,2,1,0,86,1128,13.116279069767442,False,2.73496312036172,0.9831560283687945,0.939967105263158
QmQzw6bnhxdeBNGL752aBcdAaWTDpfM8tLUrg9y3Z5xzFZ,He's Aye a Kissing Me THO4.138,NA,He's aye a Kissing me,Misc tunes,NA,NA,NA,publicdomain,0.0,0,0,1,1,1,0,52,186,3.576923076923077,False,2.626424165012552,0.989247311827957,0.9097222222222222
QmdTjAeYdxMdhPTYuwH8gSDNNCSEQMRTkRCgMBdHpvNuD1,He's aye a kissing me. WCl.71,Sandy o'er the Lea. WCl.71,He's aye a Kissing me,Misc tunes,NA,NA,NA,publicdomain,0.0,0,0,6,1,1,0,29,108,3.724137931034482,False,2.6446405129726207,0.9907407407407408,0.8928571428571429
QmXuGcoBqad1CH2oV3wRWpw83ETVeq2JuNdqhQAVEhjHGk,He's Aye Kissing Me,NA,He's aye a Kissing me,Misc tunes,NA,NA,NA,publicdomain,0.0,0,0,5,1,1,0,34,226,6.647058823529412,False,2.5960318995664964,1.0,0.91015625
QmP2CR5ZXCYwpjgNTGFXiRWrtpdF69qesYpbCM9NqmntBS,He's blest whose sins have pardon gained - James William Windsor,NA,He's blest whose sins have pardon gained,James William Windsor,James William Windsor,classical,NA,publicdomain,0.0,0,0,5,0,4,0-0-0-0,17,155,9.117647058823527,True,2.783812408983548,0.9798657718120806,0.9739583333333334
QmNQPXdbYT8Kzqb7XFquwZy126DCEcixExTdxrA5DLicZ8,He's blest whose sins have pardon gained - Stephen Jarvis,Psalm 32nd. 1st 7th 10th & 11th Verses.,He's blest whose sins have pardon gained,Stephen Jarvis,Stephen Jarvis,classical,NA,publicdomain,0.0,0,0,7,0,4,0-0-0-0,24,307,12.791666666666666,True,2.7907149446882737,0.9864864864864864,0.9056372549019608
QmUfhnQWyNT2yRDLAUtW9ua4kcoUg1u2LSmVqviszdjyhe,He's calling to you He's calling to you - Charles H. Maskell,NA,He's calling to you He's calling to you,Charles H. Maskell,NA,classical,NA,publicdomain,0.0,0,0,12,2,1,0,28,462,16.5,False,2.859023172744089,0.960352422907489,0.9409722222222222
QmYVXFxWsZ431J5EbyLXK138WdRCDqj9pNHHHSy1X3WJ3z,He's Dear to me tho' he's far frae me,NA,He's Dear to me tho' he's far frae me,Misc tunes,NA,NA,NA,publicdomain,0.0,0,0,4,1,1,0,34,246,7.235294117647059,False,2.610310464016175,1.0,0.9173177083333334
QmVveDJ3MywGqGhcrBUQwscw68nSfaCCTjtcjWCvmJaUeK,He's got the whole world in his hand,Negro spiritual,He's got the whole world in his hand,Misc tunes,anon.,NA,NA,publicdomain,0.0,0,1,46,1,1,0,9,40,4.444444444444445,True,2.152728322603993,1.0,0.8958333333333334
QmV7kRh2eeK8pYu8oPFkskDwA2E8ZcEB9Kqe4GpWZv1ika,He's Sweet I Know,for Gospel Choir,NA,NA,Transcribed by M Lander,NA,NA,cc-zero,4.56,4,3,565,0,4,0-0-0-0,16,237,14.8125,True,2.568090217441565,0.990909090909091,0.890625
QmSnPDNfysYTZ1of6nt18Ucb9VUtyTqsbqr1zPngJKrBRy,Head Rush,NA,NA,NA,Nicholas Thames,NA,drumline-cadence-quads-bass-tenors-snare-line-head-rush-advanced-beef,cc-zero,0.0,0,0,50,0,3,0-6-7,23,741,32.21739130434783,True,2.179020063038062,0.8783783783783784,0.7719907407407407
QmPA4iYZ8JFC3mcWmuaCwzbXtsbkgibKNjSNpHDHwYJqUj,Headon Assembly. Roose.0243,Hedon Assembly. Roose.0243,Headon Assembly. Roose.0243,Misc tunes,NA,NA,NA,publicdomain,0.0,0,0,2,1,1,0,32,124,3.875,False,2.6679974026978224,1.0,0.9440104166666666
QmcqvDKGTb6FJNSiC4agczvAgo6RbjKRD1XuCFrm3TLbsM,Healing song,NA,Healing song,Misc tunes,Chippewa Songs 1910,NA,NA,publicdomain,0.0,0,0,5,1,1,0,27,89,3.2962962962962963,False,2.0182912021210826,1.0,0.8666666666666667
QmeBfHEaRavtbUP1XzZ4BBydRRVmt8F8TrmPtX9AgwxPed,Health and Joy be with you,NA,Goodnight and Joy Be With You,Misc Traditional,NA,folk,NA,publicdomain,0.0,0,0,1,1,1,0,66,230,3.484848484848485,False,2.589593366834176,1.0,0.9501953125
QmZCPeWjeA9LVJvdWejprhbMisESeXj3GC4Cz5MzTHzm8Q,Health Happiness Pleasure,NA,Health Happiness Pleasure,Misc tunes,NA,NA,NA,publicdomain,0.0,0,0,2,0,2,0-0,4,23,5.75,True,2.5556869591509246,1.0,0.8958333333333334
QmPUGS3LX81moZkGm9nTzfifFqUf43x6wd6LPTHeNR3RKZ,Health to the Tacker'sA. PFD2.223,NA,Health to the Tacker'sA. PFD2.223,Misc tunes,NA,NA,NA,publicdomain,0.0,0,0,1,1,1,0,17,85,5.0,False,2.732939901589136,1.0,0.9257246376811594
QmNSVwiyUgj2crKvQoEB2tapnhGvWWZF63uyPY9yN7wGAx,HealthsThe. (p)1651.PLFD.036,Merry WassailThe. (p)1651.PLFD.036,HealthsThe. (p)1651.PLFD.036,Misc tunes,NA,NA,NA,publicdomain,0.0,0,0,1,1,1,0,18,58,3.2222222222222223,False,2.5000313258998554,1.0,0.94921875
QmXSCFnDjEHwCehFnf9mvw6vegQh2XzTBWtYg7hLsKLpSw,Hear again the blessed blessed story - Nellie Place Chandler,NA,Hear again the blessed blessed story,Nellie Place Chandler,NA,classical,NA,publicdomain,0.0,0,0,2,2,1,0,16,323,20.1875,True,2.8462493692253683,0.9380804953560372,0.9036458333333334
QmezzCLdUSUukboXZV4fejJx1yutNbsrxccKgQMCS3APSE,Hear and heed the call of Christ today - Mrs. James A. Sutherland,NA,Hear and heed the call of Christ today,Mrs. James A. Sutherland,NA,classical,NA,publicdomain,0.0,0,0,6,2,1,0,16,315,19.6875,True,2.906876670279611,0.9523809523809524,0.9401041666666666
QmQPPjQsQtUk3Y3NLM28k366CH7NSUoxSw2eLTE324n3Uw,Hear me blessed Jesus Bid all fear [fears] depart,NA,Hear me blessed Jesus Bid all fear [fears] depart,Misc Traditional,NA,folk,NA,publicdomain,0.0,0,0,2,1,1,0,16,191,11.9375,True,2.651497017920709,0.9685863874345548,0.9337121212121212
QmR4VAPPig2NoXZrTZFnHvAbLEpGGtFSnqK312froxUHcs,Hear mercys call today for whosoever - Mrs. C. H. Morris,NA,Hear mercys call today for whosoever,Mrs. C. H. Morris,NA,classical,NA,publicdomain,0.0,0,0,2,1,1,0,18,310,17.22222222222222,False,2.6142155471786097,0.9967741935483873,0.9244791666666666
QmWpJid2eyJZjXdYEnd53DJtftjMtxhfFjFboyfJM4Xpwj,Hear My Prayer - Henry Purcell,NA,Hear My Prayer,Henry Purcell,NA,classical,NA,publicdomain,0.0,0,2,64,0,4,0-0-0-0,35,511,14.6,True,3.000731680676072,0.8714285714285714,0.9736519607843136
QmPESa6JQChfDfV8WNuyUfG4sh5W1EgVd69j13iEUuy69D,Hear O Lord and have mercy - Stephen Jarvis,Anthem. Psalm 30th Verse 11th.,Hear O Lord and have mercy,Stephen Jarvis,Stephen Jarvis,classical,NA,publicdomain,0.0,0,0,13,0,5,0-0-0-0-0,176,1656,9.409090909090908,True,2.9936761785559383,0.9518229166666666,0.9701704545454546
Qmdn8pxVkjTaRfuPQHmAHecJ3f6yhxG2AsnFCe2CS8Tvy5,Hear the battle cry resounding - Theo. E. Perkins,NA,Hear the battle cry resounding,Theo. E. Perkins,NA,classical,NA,publicdomain,0.0,0,0,3,2,1,0,16,284,17.75,True,2.713456934233809,0.9788732394366196,0.94140625
QmYtwAuR1KE8Ra2V4PcrgF2WE6azDLib7VdtdhBGE6gxTe,Hear the bells loud and clear - Howard E. Smith,NA,Hear the bells loud and clear,Howard E. Smith,NA,classical,NA,publicdomain,0.0,0,0,2,2,1,0,16,429,26.8125,True,2.7868739127790456,0.9766899766899768,0.9528985507246376
QmQpod3qQkQw6Df2aVqCkKWxNdWTnpuX5XKqEVAxuNaxKK,Hear the blessed invitation - James McGranahan,NA,Hear the blessed invitation,James McGranahan,NA,classical,NA,publicdomain,0.0,0,0,2,2,1,0,18,297,16.5,False,2.783697695990837,0.9663299663299664,0.9348958333333334
QmYByC5QdebNNmia1as7cPRVZuJpLcTWJLYgDDKM5vbmHw,Hear the blessed Master calling - J. Howard Entwisle,NA,Hear the blessed Master calling,J. Howard Entwisle,NA,classical,NA,publicdomain,0.0,0,0,6,1,1,0,18,252,14.0,True,2.6164945057112896,0.984126984126984,0.921875
QmV4H2hLtcrQE8bXsnGH65hVoacRyJy59NdNHjPkWFRpNw,Hear the blessed Master speaking - Ralph Howard Pendleton,NA,Hear the blessed Master speaking,Ralph Howard Pendleton,NA,classical,NA,publicdomain,0.0,0,0,4,2,1,0,28,415,14.821428571428571,True,2.9923808733481625,0.9253012048192772,0.9282407407407408
QmUnk6dS6GrynxCkrjxXJSf7uHhP6nTYBvVWkxTAVGV9CB,Hear the blessed Savior saying - Charles Hutchinson Gabriel,NA,Hear the blessed Savior saying,Charles Hutchinson Gabriel,NA,classical,NA,publicdomain,0.0,0,0,7,0,2,0-0,16,160,10.0,True,2.6444625369522443,0.99375,0.9479166666666666
QmcivyZRVBBfxKNTZckVqU6VtWkEbvrqF2UV4iqu8RAjRw,Hear the bugle sounding - August Krapf,NA,Hear the bugle sounding,August Krapf,NA,classical,NA,publicdomain,0.0,0,0,2,2,1,0,24,348,14.5,True,2.98472731265436,0.942528735632184,0.977355072463768
QmNVFHk7jRGzcLcabmXuJqeCBG8J2qQjvsRpQTfwyVzoN2,Hear the bugle sounding loud and clear - L. L. Pickett,NA,Hear the bugle sounding loud and clear,L. L. Pickett,NA,classical,NA,publicdomain,0.0,0,0,8,2,1,0,19,375,19.73684210526316,False,2.732236296327556,0.9786666666666668,0.8946078431372549
QmbSrteuBf9eX6uDdc3L5ne4xxJkFXeEwGSTK9j3EiZtAh,Hear the call for reapers - Mrs. C. H. Morris,NA,Hear the call for reapers,Mrs. C. H. Morris,NA,classical,NA,publicdomain,0.0,0,0,7,2,1,0,33,414,12.545454545454543,True,2.820005445289293,0.9491525423728814,0.9538043478260868
QmQZAhur6TjDnSvaUk47uFAcanHWn1MjZPy6ZSbEUbZKzX,Hear the call for willing service - J. W. Lerman,NA,Hear the call for willing service,J. W. Lerman,NA,classical,NA,publicdomain,0.0,0,0,3,1,1,0,32,222,6.9375,True,2.92863275417222,0.9684684684684683,0.9782986111111112
QmVTXL2FwHD3d3F7afztpsTnXtwBDFe33vYy8LL1UtQtw2,Hear the call ye children of the kingdom - Roger M. Hickman,NA,Hear the call ye children of the kingdom,Roger M. Hickman,NA,classical,NA,publicdomain,0.0,0,0,16,2,1,0,17,356,20.94117647058824,True,3.0096209405913634,0.901685393258427,0.8997395833333334
QmPjF9Uua9Y7MN4RTatUBLViemsqS1xnySPWV6EuczJp3b,Hear the Chief from his pavilion - J. E. Gould,NA,Hear the Chief from his pavilion,J. E. Gould,NA,classical,NA,publicdomain,0.0,0,0,5,2,1,0,16,267,16.6875,True,2.806776942798677,0.9700374531835206,0.9583333333333334
QmcmenCUBTHSWFKr9SBx63fnicLCTfhzNq2stGH7JQL3yE,Hear the earnest invitation - Wm. J. Kirkpatrick,NA,Hear the earnest invitation,William J. Kirkpatrick,NA,classical,NA,publicdomain,0.0,0,0,2,1,1,0,20,221,11.05,False,2.356993714423844,1.0,0.9518229166666666
QmR863ajQHLozqeb6MqiX7439W7BcoxRTEhJmVfnbYAV5p,Hear the gentle Shepherd (Bentley) - W. W. Bentley,NA,Hear the gentle Shepherd (Bentley),W. W. Bentley,NA,classical,NA,publicdomain,0.0,0,0,2,1,1,0,16,170,10.625,True,2.366531596216585,1.0,0.9635416666666666
QmdUxNaVCLDgmYuhL3CzVh9Baf63CK8uNqr2DGs5DtPSpq,Hear the gentle Shepherd (Excell) - E. O. Excell,NA,Hear the gentle Shepherd (Excell),E. O. Excell,NA,classical,NA,publicdomain,0.0,0,0,2,1,1,0,16,169,10.5625,True,2.636622295030632,0.9822485207100592,0.9739583333333334
QmQ9V5AEWCGg1idc6qqrZe7ieaQhKjkBJYViw7KVczMPxg,Hear the glad tidings O bride of the Bridegroom - B. D. Ackley,NA,Hear the glad tidings O bride of the Bridegroom,B. D. Ackley,NA,classical,NA,publicdomain,0.0,0,0,3,2,1,0,16,359,22.4375,True,2.612485216259599,0.977715877437326,0.9565972222222222
QmP48NNVY8jko3Zw4ebbPJuRZaMiJj4oVKfeFC2QYNdSLo,Hear the gospel call good news to all - L. E. Jones,NA,Hear the gospel call good news to all,L. E. Jones,NA,classical,NA,publicdomain,0.0,0,0,8,1,1,0,18,282,15.666666666666666,False,2.3884018792284825,0.9929078014184396,0.9388020833333334
QmeuF7Mz6txxHqkekDr2RZeF3PyaKjeVpYmWar2meT52JT,Hear the gospel proclamation - E. O. Excell,NA,Hear the gospel proclamation,E. O. Excell,NA,classical,NA,publicdomain,0.0,0,0,9,1,1,0,24,362,15.083333333333334,True,2.3419994866827007,0.9917127071823204,0.9288194444444444
QmZwayJBnyhThwn3LeYGqdRzkX89rXfxQDTjjGFPmWz9iH,Hear the gracious invitation - E. S. Lorenz,NA,Hear the gracious invitation,E. S. Lorenz,NA,classical,NA,publicdomain,0.0,0,1,8,1,1,0,29,359,12.379310344827584,False,2.8254287258641755,0.9721448467966574,0.9539930555555556
QmbL5BLP7RLNVN6CtsaQ5ZijC2dbB6AVfaGXs1zHV65rhY,Hear the heavenly Father calling - W. F. Werschkul,NA,Hear the heavenly Father calling,W. F. Werschkul,NA,classical,NA,publicdomain,0.0,0,0,6,1,1,0,18,234,13.0,False,2.485742533565844,0.9957264957264956,0.94921875
QmQuNELMbrXQsg6MMvmy6mWNAUqnTftPwfj6gQD5G7AE7d,Hear the little workers - Howard W. Lyman,NA,Hear the little workers - Howard W. Lyman,Howard W. Lyman,NA,classical,NA,publicdomain,0.0,0,0,4,2,1,0,24,278,11.583333333333334,True,2.779239775577735,0.9532374100719424,0.9363425925925926
QmPzP38V2br2R1nxjbjqBxhkEoYpsCNEVz7KP5NGQ8Pzqu,Hear the Master calling now for laborers - Frank M. Davis,NA,Hear the Master calling now for laborers,Frank M. Davis,NA,classical,NA,publicdomain,0.0,0,0,3,2,1,0,16,278,17.375,True,2.4960701318338536,1.0,0.9430555555555556
QmfFzNRpgz1X3JMRTmd48qLHsetjARhbRi9DxcyvqRB2E3,Hear the Masters earnest call - Howard E. Smith,NA,Hear the Masters earnest call,Howard E. Smith,NA,classical,NA,publicdomain,0.0,0,0,2,1,1,0,18,386,21.444444444444443,False,2.386034029412408,0.9948186528497408,0.96484375
QmT32ggPkUUe8L4E3yMkRU75w6Jg4A7wCmPMpB9yQMnWNe,Hear the merry laughter as we lift the happy song - J. Lincoln Hall,NA,Hear the merry laughter as we lift the happy song,J. Lincoln Hall,NA,classical,NA,publicdomain,0.0,0,0,4,2,1,0,26,575,22.115384615384617,True,2.854571499544816,0.9478260869565216,0.9444444444444444
QmToLgG9gwvEsK2yn3YGAX8F4FBXrsunYb4deJ1Czsbsjd,Hear the music of the chime - W. J. Baltzell,NA,Hear the music of the chime,W. J. Baltzell,NA,classical,NA,publicdomain,0.0,0,0,7,1,1,0,17,216,12.705882352941176,False,2.782998530422156,0.9629629629629628,0.9131944444444444
QmSPyg6zNmuN7RrSQAkfxamiCGHh3TxhJpiNYLDUPycVmU,Hear the new song ringing - Geo. H. Ryder,NA,Hear the new song ringing,Geo. H. Ryder,NA,classical,NA,publicdomain,0.0,0,0,3,1,1,0,16,187,11.6875,True,2.800536454640701,0.962566844919786,0.9458333333333332
Qmd8Fj5MvWg7hpknoSKufd5EYznZ5yW1rpY8ABhD6WshFK,Hear the news from heaven above - Rev. Elisha A. Hoffman,NA,Hear the news from heaven above,Rev. Elisha A. Hoffman,NA,classical,NA,publicdomain,0.0,0,0,2,1,1,0,26,282,10.846153846153848,False,2.346750144500227,0.99645390070922,0.8912037037037037
QmVdLqm27BarDigftVjH3PQoxcSxoVLwUDXBeyhnzhc8eU,Hear the pennies dropping - William J. Kirkpatrick,NA,Hear the pennies dropping,William J. Kirkpatrick,NA,classical,NA,publicdomain,0.0,0,0,24,1,1,0,16,174,10.875,True,2.509037804862396,0.9942528735632185,0.9635416666666666
QmQLQXWzRV39phmKMeARAE2CYDqiQ4fQ1m3RKs7UXqbcXz,Hear the precious invitation - J. M. Dungan,NA,Hear the precious invitation,J. M. Dungan,NA,classical,NA,publicdomain,0.0,0,0,3,1,1,0,20,235,11.75,False,2.57686789872002,0.9829787234042552,0.8819444444444444
QmfELg7zTavNr4hqtphgMns2EFq36jsGpDMnwgYDaskYrF,Hear the promise of the Lord - W. A. Ogden,NA,Hear the promise of the Lord,W. A. Ogden,NA,classical,NA,publicdomain,0.0,0,0,2,1,1,0,21,330,15.714285714285714,False,2.5149542795661426,0.996969696969697,0.9466145833333334
QmQ2qiARRjwmCRypKBX6YH2vkSTNxzzLyixvx2CFGM2JHV,Hear the Savior saying Come to me - A. F. Myers,NA,Hear the Savior saying Come to me,A. F. Myers,NA,classical,NA,publicdomain,0.0,0,0,2,1,1,0,20,310,15.5,False,2.590387554617306,0.9870967741935484,0.9479166666666666
Qmf4bGztY7FAuFEDi71yHMFDgax1SwqL5iWSkV48BzUCC5,Hear the Saviour gently calling Come tonight - Rev. Wm. Stone,NA,Hear the Saviour gently calling Come tonight,Rev. Wm. Stone,NA,classical,NA,publicdomain,0.0,0,0,2,1,1,0,16,255,15.9375,True,2.4265953964577145,0.9882352941176472,0.8777777777777778
QmbPEwvUZwMTUsCc9wYpQRxoz4sP8nR5NqmRgxT1krzHND,Hear the shout and song of the gathering throng - Jno. R. Sweney,NA,Hear the shout and song of the gathering throng,John R. Sweney,NA,classical,NA,publicdomain,0.0,0,0,3,1,1,0,26,420,16.153846153846153,False,2.76678529865779,0.9738095238095238,0.9383680555555556
QmWCmzY1b22JfG4Z3xvh581FchYxQt74JJoE3Ldb6gS86H,Hear the shout of victory - Wm. J. Kirkpatrick,NA,Hear the shout of victory,William J. Kirkpatrick,NA,classical,NA,publicdomain,0.0,0,0,2,1,1,0,16,175,10.9375,True,2.575015060416825,0.9942857142857144,0.9505208333333334
QmVWGrEX6grG7J5oXL8eJEvQLtwcM6EgnTaRkDhGxHQioV,Hear the tramp of a million little feet - E. S. Lorenz,NA,Hear the tramp of a million little feet,E. S. Lorenz,NA,classical,NA,publicdomain,0.0,0,0,9,1,1,0,16,205,12.8125,True,2.530095065044171,1.0,0.9722222222222222
QmamKkrmrLt61s9yTgUSJFdY1a19UCKUqrkbNKja6wfWFv,Hear the tramp tramp tramp of the Sunday School Brigade - Chas. H. Gabriel,NA,Hear the tramp tramp tramp of the Sunday School Brigade,Chas. H. Gabriel,NA,classical,NA,publicdomain,0.0,0,0,10,2,1,0,19,334,17.57894736842105,False,2.8600715844284617,0.9461077844311376,0.94921875
QmVw8CFoezjXNK1JMviX8vqsWsZVE28F1kqu9nc17fuG5n,Hear the trumpet calling calling calling - Samuel W. Beazley,NA,Hear the trumpet calling calling calling,Samuel W. Beazley,NA,classical,NA,publicdomain,0.0,0,0,12,2,1,0,33,513,15.545454545454543,True,2.8654355397501057,0.9415204678362572,0.9502688172043012
QmY9R6Qhyy6y2XMyJbMYC9EyRuijcbW3JQgGnmxkFqCWRU,Hear the trumpet ringing out - Samuel W. Beazley,NA,Hear the trumpet ringing out - Samuel W. Beazley,Samuel W. Beazley,NA,classical,NA,publicdomain,0.0,0,0,2,1,1,0,34,317,9.323529411764708,True,2.6775694791136533,0.9621451104100948,0.9670698924731184
QmR2Gxc4GDCS8NGx85HK2bGrjFKhzw1M3KE4nmXoBtMePo,Hear the trumpet sounding; Forward march - B. D. Ackley,NA,Hear the trumpet sounding; Forward march,B. D. Ackley,NA,classical,NA,publicdomain,0.0,0,0,11,2,1,0,34,492,14.470588235294118,False,2.962532270916612,0.9471544715447154,0.962890625
QmdQiuZWRPkB3FtHCXv5vosyMVTs5zGDAsSjS9czsNJB8w,Hear the voice of God as He calls to you today - James M. Black,NA,Hear the voice of God as He calls to you today,James M. Black,NA,classical,NA,publicdomain,0.0,0,0,4,2,1,0,18,343,19.05555555555556,False,2.785127887181908,0.9737609329446064,0.9264705882352942
QmZxVBcjr1RN4Y3HJupM2LLvD9jAonVwSeuMr5hErA9ejn,Hear the voice of Jesus say - R. M. McIntosh,NA,Hear the voice of Jesus say,R. M. McIntosh,NA,classical,NA,publicdomain,0.0,0,0,4,1,1,0,16,186,11.625,True,2.401632114888104,1.0,0.9453125
QmSPo2PGFh2BfFaSiQw1t7wUVjd49NcdLxaJYBv4phs6bY,Hear the voice of Jesus say - W. H. Doane,NA,Hear the voice of Jesus say,W. H. Doane,NA,classical,NA,publicdomain,0.0,0,0,3,2,1,0,32,452,14.125,True,2.6733861216368604,0.9756637168141592,0.94921875
QmSiS7RXVZP2yBd2VihhVZU6Q4bNQrwYPTE65WRQLZhCN1,Hear the voices calling o'er the stormy main - F. E. Belden,NA,Hear the voices calling o'er the stormy main,F. E. Belden,NA,classical,NA,publicdomain,0.0,0,0,2,2,1,0,27,426,15.77777777777778,False,2.7506147849863454,0.9835680751173708,0.9458333333333332
QmahPmvzna3cVed46YRak3C8NatMU88xajTbrGa518FLQR,Hear the words of courage ringing - Herbert G. Tovey,NA,Hear the words of courage ringing,Herbert G. Tovey,NA,classical,NA,publicdomain,0.0,0,0,7,1,1,0,30,330,11.0,False,2.994725663250153,0.9333333333333332,0.9557291666666666
QmSfgbdB54api8Rk6ujC38Px1RcuShpqCUyspMSXQBtjWr,Hear them shouting as they land - Chas. Edw. Pollock,NA,Hear them shouting as they land,Chas. Edw. Pollock,NA,classical,NA,publicdomain,0.0,0,0,6,1,1,0,18,238,13.22222222222222,False,2.474961399914664,1.0,0.8506944444444444
QmURR2zXRSRBaPPvPQHPtJatNtwZypZCz7zVwW7HZ6zdZn,Hear us Father while we pray - J. B. Trowbridge,NA,Hear us Father while we pray,J. B. Trowbridge,NA,classical,NA,publicdomain,0.0,0,0,5,1,1,0,8,110,13.75,True,2.6592774235882826,1.0,0.9739583333333334
QmRVVX25tRVo4558pisZHmxgYFkSTexfRNz3cxQvSdX17p,Hear us Heav'nly Father - Adam Geibel,NA,Hear us Heav'nly Father,Adam Geibel,NA,classical,NA,publicdomain,0.0,0,0,2,1,1,0,16,181,11.3125,True,2.788948498526029,0.9558011049723756,0.9569444444444444
QmW1QzGrLULWspAF4PLjqWxaXzfeam7BZmANwazSigs7Bf,Hear us in Thy love O Father - Florence Williams Falconer,NA,Hear us in Thy love O Father,Florence Williams Falconer,NA,classical,NA,publicdomain,0.0,0,0,3,1,1,0,16,241,15.0625,True,2.9309655952768936,0.950207468879668,0.9015151515151516
QmRjVjSYbL8qkmBTvNN9B8rfpUzZghJEbyr4FsjnxpwtUT,Hear what the voice from heaven proclaims - Thomas Clark,NA,Hear what the voice from heaven proclaims,Thomas Clark,Thomas Clark,classical,NA,publicdomain,0.0,0,0,3,0,4,0-0-0-0,17,159,9.352941176470589,True,2.682299634628696,0.9934640522875816,0.971813725490196
QmPuPDeoWVrAKnu9kJ4nd5Z52Ln4LPsUmuuCXPKvPdtB9k,Hear ye the message Gods wonderful message - Ran C. Storey,NA,Hear ye the message Gods wonderful message,Ran C. Storey,NA,classical,NA,publicdomain,0.0,0,0,12,2,1,0,19,362,19.05263157894737,False,2.6100794130979166,0.994459833795014,0.9298245614035088
QmcHhA1dGugsTtM5AqJnQsrend5ezhKpg5JDyqDByqt5ue,Hear you not the cry 'long the battle line - J. Harry Crossley,NA,Hear you not the cry 'long the battle line,J. Harry Crossley,NA,classical,NA,publicdomain,0.0,0,0,5,1,1,0,19,256,13.473684210526317,False,2.697336030982213,0.98828125,0.9361979166666666
QmQjcuRSvaFM71WyuKyXF9uicDFKN16k6axPZp2YrFVnz3,Heard & Stole,IviIVV,NA,NA,arr. Ryan Carpenter,NA,NA,cc-zero,0.0,0,0,54,0,4,0-0-0-0,40,722,18.05,True,2.6640047540096976,0.9972183588317108,0.8558558558558559
QmWv8sbwCfRee69BUP3FX3z2xqDLVEUWv7JEURJFx3nkdo,Hearing the blessed story - Carrie B. Adams,NA,Hearing the blessed story,Carrie B. Adams,NA,classical,NA,publicdomain,0.0,0,0,6,1,1,0,20,274,13.7,True,3.0096368331696746,0.9267399267399268,0.9277777777777778
QmXRxvpVQ4qjfdiAHqoSdXBZUYNQpm5DTiuFRfKtrK6mjZ,Hearing thy gentle voice bidding me come - August Kraupf,NA,Hearing thy gentle voice bidding me come,August Kraupf,NA,classical,NA,publicdomain,0.0,0,0,5,1,1,0,24,266,11.083333333333334,True,2.772433245459024,0.9511278195488722,0.9453125
QmSmLBeAzBkCeaf4cwAFnPx88eAxUvf5PFDKYwFsnfzTpT,Hearken now to the voice of the Spirit - E. S. Lorenz,NA,Hearken now to the voice of the Spirit,E. S. Lorenz,NA,classical,NA,publicdomain,0.0,0,0,4,2,1,0,18,303,16.833333333333332,False,2.6537077218667444,0.9933993399339934,0.9466145833333334
QmPSgH1dvVrqj1zouBSzzuFHfXb5PYMfjhZ4o9Q1TNBXpt,Hearken one and all to the earnest call - Adam Geibel,NA,Hearken one and all to the earnest call,Adam Geibel,NA,classical,NA,publicdomain,0.0,0,0,3,2,1,0,20,313,15.65,False,2.795257529815215,0.977635782747604,0.9505208333333334
QmfKpPgoCyxEzuopdMMnYJgMUqj5ZZAzaibR51nDnHWnuv,Hearken today to the blest invitation - Mrs. C. H. Morris,NA,Hearken today to the blest invitation,Mrs. C. H. Morris,NA,classical,NA,publicdomain,0.0,0,0,10,2,1,0,25,442,17.68,True,2.603729225786175,0.9773755656108596,0.9351851851851852
QmPzDdeH4FhfNnGEuYDiJy6eS7qve6wbu94mQgtyNKccXW,Hearken ye children while shepherds - Anna F. Burnham,NA,Hearken ye children while shepherds,Anna F. Burnham,NA,classical,NA,publicdomain,0.0,0,0,8,1,1,0,16,187,11.6875,False,2.3468567005978964,1.0,0.9010416666666666
QmTHpH5pZAnaWN2mTmPjCrjS2UneB9NxhqXPE8dC2tzPBV,Hearken ye soldiers the trumpet calls for war - Robert Lowry,NA,Hearken ye soldiers the trumpet calls for war,Robert Lowry,NA,classical,NA,publicdomain,0.0,0,0,5,2,1,0,16,344,21.5,True,2.6128043948059148,0.994186046511628,0.9296875
QmPtXywiBN5HBXbgCj8sbswyqPqqfW8B1mNQoceJCKWeAV,Hears to All Good Lases A Side Beating. JBut.610,Harmony No 45 - second part,Hears to All Good Lases A Side Beating. JBut.610,Misc tunes,NA,NA,NA,publicdomain,0.0,0,0,3,0,2,0-0,66,420,6.363636363636363,False,2.621871931338305,1.0,0.9717741935483872
QmcgF3iw5D3yQehERfDu8Kp4Q1oNxYocFfHShyyrgjCh1i,Heart And Hand,NA,Heart And Hand,Misc tunes,file ID: onmi.misc/027heart_h,NA,NA,publicdomain,0.0,0,0,1,1,1,0,81,374,4.617283950617284,False,2.768581268397346,1.0,0.9483024691358024
QmdDqL9mdPLctNWjspXNHstEfBMoMiBU3Q4JqnJeUyh1oX,Heart And Hand (march) 1834,NA,Heart And Hand,Misc tunes,NA,NA,NA,publicdomain,0.0,0,0,2,1,1,0,56,254,4.535714285714286,False,2.7846835315362,1.0,0.945601851851852
QmeThiFoZYtCV2VCRPA8fogigmqynyKaKNoBUF9FArs8K4,Heart and hand for Jesus; marching on - J. B. Mackay,NA,Heart and hand for Jesus; marching on,J. B. Mackay,NA,classical,NA,publicdomain,0.0,0,0,6,1,1,0,16,263,16.4375,True,2.5531205033550908,0.9961977186311788,0.9569444444444444
QmSF9zZvbHoQ631MssXoaVoZp3mYSrb2QEuSNoKfdxUrJo,Heart and Soul,NA,heart and soul,Hoagy Carmichael,NA,jazz,NA,cc-zero,0.0,0,1,36,0,3,0-0-0,93,1522,16.365591397849464,True,2.9783322706299544,0.9614835948644792,0.9292140151515152
QmX9UtS5pEcancM1wWrWYVvb824rdmm2T8KgLEzsz7Z91B,Heart and soul,NA,heart and soul,Hoagy Carmichael,NA,jazz,NA,publicdomain,0.0,0,148,7901,2,1,0,21,572,27.23809523809524,False,2.7231810337566835,1.0,0.9895833333333334
QmStycC8F8rRhRhqsgL2PCMWH2y7h4eVyDicHbzS6jce99,Heart and Soul,NA,NA,NA,Arranged by: DU FLUFF,NA,NA,cc-zero,0.0,0,8,188,0,2,0-0,13,290,22.307692307692307,False,2.663440076915958,1.0,0.9565972222222222
QmcQ5tVJMRDFwK8J9SGTctpJh3My2cBThxTBt6LGobBJUF,Heart and Soul,NA,heart and soul,T'Pau,Hoagy Carmichael Frank Loesser,NA,NA,cc-zero,4.93,13,25,619,2,1,0,54,1211,22.425925925925927,False,3.4040135897405723,0.7483443708609272,0.8808962264150944
QmdDJ5Kg8xxLqPMmhKbvM2YQBcWwhKtCPLbaFnNFse15Ja,Heart and Soul - Charles Cornell arrangement,Arranged by Charles Cornell,heart and soul,Hoagy Carmichael,Hoagy Carmichael Frank LoesserTranscribed by Samuel Walters,jazz,piano-charlescornell-jazz-heartandsoul,cc-zero,4.89,371,1097,26887,2,1,0,54,1126,20.85185185185185,True,3.394946141348802,0.7435440783615316,0.8869598765432098
Qmf4G6wy6RHX1UnU7BcDZz6hFeVPbdPQmSbCBBfMJKXY7A,Heart and Soul Reharm,NA,Heart and Soul Reharm,Michael_Cao,Michael Cao,NA,NA,cc-zero,0.0,0,1,103,1,1,0,26,269,10.346153846153848,False,3.058513979887796,0.9291044776119404,0.9423076923076924
QmPjvbXgY9gLUb9wPEFfgJzizgEfAN8chpmj88w4DjQ28L,Heart and soul remix,NA,NA,NA,Arranged by: Sean Granados,NA,heartandsoul-piano-playthatsong-goodpianosongs-funpianosongs-challenging-funtoplay-interestingremix,cc-zero,4.55,6,13,830,2,1,0,61,697,11.42622950819672,False,2.9562976813253203,0.932568149210904,0.8871058558558559
QmdRoRufCEx1D4urAgUoaa7e9mwsZSiQ8jvTFbp55hCwgG,Heart and Soul: a Piano Duet,NA,heart and soul,Hoagy Carmichael,By: Hoagy Carmichael Arr. By: Brady J.,jazz,piano-duet,cc-zero,4.45,19,81,6978,0,2,0-0,38,587,15.447368421052632,False,2.6225944634034,1.0,0.9954954954954957
QmWactP9JTHDd7WcuVD85BirgdaB92FGKPmSPNas2KNU3Y,Heart of Jesus rent in twain - Flora H. Cassel,NA,Heart of Jesus rent in twain,Flora H. Cassel,NA,classical,NA,publicdomain,0.0,0,0,10,2,1,0,12,205,17.083333333333332,True,2.7218033480882204,0.9658536585365852,0.918560606060606
Qmc7pNEhJrbQrTEuAtc8caCGw3KQgm76oRGk2ZpGjznXF3,Heart Of Oak. Le4.045,NA,Heart Of Oak. Le4.045,Misc tunes,NA,NA,NA,publicdomain,0.0,0,0,7,1,1,0,30,164,5.466666666666667,False,2.621762443892939,1.0,0.976851851851852
QmR7dV6QNQJhzy2Tvfh9pSoncpnPi6HMTDrD1KFfzsHrsH,Heart of Oak.2voices. JBa.14,NA,Heart of Oak.2voices. JBa.14,Misc tunes,Dr. William Boyce1759,NA,NA,publicdomain,0.0,0,0,8,0,2,0-0,16,160,10.0,False,2.680104707757824,0.9875,0.9300595238095238
QmSwE96nL8TCeEWcQxscpMdokPhncLkWEsmeL9BymCVSqk,Heart shaped box - Drum score,NA,heart shaped box,Nirvana,NA,rock,nirvana-inutero,cc-zero,4.28,4,3,528,0,1,0,77,1075,13.96103896103896,False,2.621043156348488,0.841897233201581,0.9694010416666666
QmaSBvhkNvEdG6Bdrh2x31CXeuy7K2DvfeesaVfWaqS97W,Heart's 1st Set of Quadrilles [1] WHL.[021],My Love She's but a Lassie Yetaka. WHL.[021],Heart's 1st Set of Quadrilles [1] WHL.[021],Misc tunes,NA,NA,NA,publicdomain,0.0,0,0,4,1,1,0,54,260,4.814814814814815,False,2.8222176002495063,0.9384615384615383,0.8411458333333334
QmZ4zQ4BHewNiU6Nv8hnKtnzPFHhBDDTy8MhSTNpT2uuD4,Heart's 1st Set of Quadrilles [4] WHL.[024],Jenny's Bawbeeaka. WHL.[024]Polly Put the Kettle Onaka. WHL.[024],Heart's 1st Set of Quadrilles [4] WHL.[024],Misc tunes,NA,NA,NA,publicdomain,0.0,0,0,1,1,1,0,68,396,5.823529411764706,False,2.720607469678404,1.0,0.8951822916666666
QmSSVdQ8R4Crop2MZvBKcqWqzUSqFZpVUrZWH1dWnnTKWR,Heart's Ease,NA,Heart's Ease,John Playford,Playford 1651,classical,NA,cc-zero,0.0,0,1,34,0,1,0,28,102,3.642857142857143,True,2.684256511655492,0.9411764705882352,0.8773148148148148
QmZZa11AzWZX738KUNGrBg2ZLCye1ds9EGFjXndsWTqKji,Heart's Ease. (p)1651.PLFD1.038,NA,Heart's Ease. (p)1651.PLFD1.038,Misc tunes,NA,NA,NA,publicdomain,0.0,0,0,2,1,1,0,23,86,3.739130434782609,False,2.695889573995211,0.9418604651162792,0.9430555555555556
QmVcTJtm4y12CUByxJjVMnahC4YpxXGGzVJ1jLUwzj9hCt,Heart-Shaped Box (Advanced Piano Solo),Wesworld OSTSeason 2 Trailer,heart shaped box,Nirvana,Composed by Kurt Cobain & Ramin DjawadiPiano arrangement by Nicolas Del GalloFull playthrough and more athttps://www.youtube.com/c/NDGmusicIf you want to donate please check out my Patreon âºhttps://www.patreon.com/ndg,rock,westworld-trailer,cc-zero,4.92,69,160,2226,2,1,0,64,1456,22.75,False,2.7879476552995235,0.8803596127247579,0.953125
QmckLKPRFGXz66akoRToxpxovbXFV49GRT3EyFbn6dtSVX,Hearts &c. JC.074,Hearts of Oak aka. JC.074,Hearts &c. JC.074,Misc tunes,NA,NA,NA,publicdomain,0.0,0,0,2,1,1,0,15,80,5.333333333333333,False,2.63600675454775,1.0,0.9449404761904762
QmZG2iPB2cHqjU4Ra5pRZrgjYRicEXTcWJBvmyyzadfhxa,Hearts Ease,Saturday night Hornpipe Or,Hearts Ease,Misc tunes,NA,NA,NA,publicdomain,0.0,0,0,4,1,1,0,52,420,8.076923076923077,False,2.7146628840152016,0.9952380952380953,0.9507575757575758
QmW2TmY1j8bwFkfMarBnn9m5peFxfbey7aNns4dR9Tjn6X,Hearts full of gladness once more we gather - W. H. Doane,NA,Hearts full of gladness once more we gather,W. H. Doane,NA,classical,NA,publicdomain,0.0,0,0,6,2,1,0,20,358,17.9,True,2.616128982596948,0.9860335195530726,0.9510416666666668
QmQVWFmh158Y6qAq2K1qqmhmSv1AxHXiaQbhVMsbYfxLMt,Hearts of Oak. JC.039,NA,Hearts of Oak. JC.039,Misc tunes,NA,NA,NA,publicdomain,0.0,0,0,6,1,1,0,16,89,5.5625,False,2.655411279947838,1.0,0.9345238095238096
QmbAgGXssLd98j9eNXYZpvU8kRWgoVNaLv33u2DLVioZ5n,Hearts of Oak. Roose.0571,NA,Hearts of Oak. Roose.0571,Misc tunes,NA,NA,NA,publicdomain,0.0,0,0,8,1,1,0,22,135,6.136363636363637,False,2.7033440836309,0.9925925925925926,0.939484126984127
QmPF94oQzWvkZRf89f1ME83zTqMeFAEiP5MyTyqV3d2WAT,Heartstrings,NA,Heartstrings,Misc tunes,NA,NA,NA,publicdomain,0.0,0,1,21,1,1,0,81,235,2.9012345679012346,False,2.56025302637335,0.9872340425531916,0.9017361111111112
QmPy4tBitu1adpFhr8L84PifXSFc4MQj2oy2SuGJ28CuAk,Hearty Good Fellow/In My Packet I'd One Penny,NA,Hearty Good Fellow/In My Packet I'd One Penny,Misc tunes,NA,NA,NA,publicdomain,0.0,0,0,2,1,1,0,9,38,4.222222222222222,True,2.582132120123907,1.0,0.953125
QmdHSx47usav5WJgHUzFAGpMHxTei85qaR5Ktdqg6nfV51,Heat,NA,heat,Kelly Clarkson,Opb. Kelly Clarkson,rbfunksoul,NA,cc-zero,0.0,0,1,169,0,10,0-0-0-0-0-0-0-0-0-0,94,1885,20.0531914893617,True,2.6547612305323214,0.9155995343422584,0.9401881720430108
QmXhcJJQ7Dk1T8D5MP8efYkMm6mxDrjb99ciySSRSbTEcf,Heat - TO BRIDGE,NA,heat,Kelly Clarkson,Opb. Kelly Clarkson,rbfunksoul,NA,cc-zero,0.0,0,0,33,0,10,0-0-0-0-0-0-0-0-0-0,61,1293,21.19672131147541,True,2.661310160865266,0.899751449875725,0.95
QmaZMseAo1FhADsKbja2cAvjgbRpmke8FZVhyhc3UoNhN5,Heathens Piano Accompaniment,Piano Accompaniment,NA,NA,NA,NA,twentyonepilots-heathens-piano-accompaniment,cc-zero,0.0,0,26,775,1,1,0,70,886,12.657142857142857,False,2.424004590727302,0.984198645598194,0.9689009661835748
QmXdD15GU3Tkp4KZzKBDYHrR2G1nuchuuhLJEPiu34QrkU,Heathens Twenty one Pilots,NA,Heathens Twenty one Pilots,Merigniespiano,Twenty one pilots,NA,NA,cc-zero,0.0,0,5,167,1,1,0,66,345,5.227272727272728,False,2.711776321270178,0.9623188405797102,0.956439393939394
QmRKk8MZ6sSSBHVPkkJpw9D33aa3kp4D7xZc8QRtRPYtzT,Heaton Chapel,NA,Heaton Chapel,Misc tunes,NA,NA,NA,publicdomain,0.0,0,0,13,1,1,0,48,356,7.416666666666667,False,2.569261919474868,1.0,0.9592013888888888
QmQwGgWBEnmrc7UojUrVHYdzaowAuDqocPgVuk9pncdp9k,Heaton Chapel,NA,Heaton Chapel,Misc tunes,NA,NA,NA,publicdomain,0.0,0,0,8,1,1,0,4,32,8.0,False,2.6214645644232903,1.0,0.9375
QmSd6K7abG3fZhbBCrDVBsyT4iYysgDuZtL6AFsnxT6JuP,Heave Ho Blow The Man Down,NA,Blow the man down,Misc tunes,NA,NA,NA,publicdomain,0.0,0,1,13,1,1,0,8,40,5.0,False,2.2306409835272816,1.0,0.8697916666666666
QmcUqxufPHMyUf4mRiHyuU1CYUoPYdL3CFFYf5nNcg9XhN,HEAVEN ABOVE (Arabic),NA,HEAVEN ABOVE (Arabic),Misc Traditional,NA,folk,NA,publicdomain,0.0,0,0,4,1,1,0,17,80,4.705882352941177,False,2.570363368422073,0.925,0.9461805555555556
Qmf1uPTsFvN6rUzNqKReFFTGLpqe1VLw1XteF2aKrGm6An,Heaven is not far away - C. E. Leslie,NA,Heaven is not far away,C. E. Leslie,NA,classical,NA,publicdomain,0.0,0,0,15,1,1,0,16,200,12.5,True,2.4136700036846226,0.995,0.9253472222222222
Qmdt43tW4EnPZwqdJcGehX3ixy4hBaTsypbf4tL5C3wMN5,Heaven's Chords,NA,NA,NA,Yasha Burns,NA,NA,cc-zero,0.0,0,1,55,1,1,0,32,41,1.28125,False,2.5079234122026017,1.0,0.9401041666666666
QmcHUkvxW1TGb9KeWFLD34qatGfcaXCYnR45ZvAqGjjxr7,Heaven's joy bells are in my soul - Jno. R. Sweney,NA,Heaven's joy bells are in my soul,John R. Sweney,NA,classical,NA,publicdomain,0.0,0,0,5,1,1,0,16,215,13.4375,True,2.3999287876225,1.0,0.95
QmXeMBfAAM7gYx6Ac6omYsFHgpKbZuM35jSc6XJS64tWWo,Heaven's Lullaby,NA,Heaven's Lullaby,BigRice Piano,NA,NA,piano-bigricepiano,cc-zero,4.71,4,15,753,2,1,0,181,1494,8.25414364640884,False,2.779496835260752,0.9966397849462364,0.9581766917293232
QmZVXgphtzuMGPo2yhpiYLkpnovB2HeQuJ3wraSugzN9bB,Heavenly angels listen - Edwin H. Bookmyer,NA,Heavenly angels listen,Edwin H. Bookmyer,NA,classical,NA,publicdomain,0.0,0,0,2,1,1,0,24,263,10.958333333333334,True,2.9467937710946623,0.9315589353612168,0.8923611111111112
QmNhoUdUgbzbFJJThr7rhDL6Mxy9T5J1zdWb4dvmwxMzb8,Heavenly Armour,NA,Heavenly Armour,Misc Traditional,NA,folk,NA,publicdomain,0.0,0,0,20,0,3,0-0-0,18,191,10.61111111111111,False,2.325778071875192,1.0,0.9398148148148148
QmRoFvV3M5SzK77Mp9VokGMbzrcaXBdFgsZiA52Kb7tJ5i,Heavenly Blue,NA,NA,NA,NA,NA,anime-hiroyukisawano-heavenlyblue-aldnoah,cc-zero,0.0,0,30,900,2,1,0,80,1580,19.75,False,3.514606463573916,0.6469465648854962,0.9091235632183908
Qmaj4n7fuhgSf69cwEXCDejx7goAxA8tJX2UAAyPUss7ET,Heavenly Blue [Aldnoah Zero],From the Aldnoah Zero Soundtrack,heavenly blue,Kalafina,NA,pop,anime-heavenlyblue-aldnoahzero,cc-zero,4.71,4,101,4600,1,1,0,57,960,16.842105263157894,False,3.4500224999004163,0.7052083333333333,0.9906994047619048
QmfWPHNZrm35fMdXbwdwYK7XJssU2bGGWmTKwuyxgFKf61,HEAVENLY FATHER (Kurzenknabe) - J. H. Kurzenknabe,NA,HEAVENLY FATHER (Kurzenknabe),J. H. Kurzenknabe,NA,classical,NA,publicdomain,0.0,0,0,4,1,1,0,16,98,6.125,True,2.5062588260854914,1.0,0.9450757575757576
Qmf1Ed8nQzQCN17Q95GU8ZZsgfYnZ42mZkQamrukn61X6E,Heavenly Father as we bow before Thee - Adam Geibel,NA,Heavenly Father as we bow before Thee,Adam Geibel,NA,classical,NA,publicdomain,0.0,0,0,4,1,1,0,20,201,10.05,True,2.7995067718429247,0.9552238805970148,0.9010416666666666
QmchSWQCaQc53MshzzarQvPbaWgDweFqPs8GGVhkoidJj2,Heavenly Father as we pray - Maltbie D. Babcock,NA,Heavenly Father as we pray,Maltbie D. Babcock,NA,classical,NA,publicdomain,0.0,0,0,3,1,1,0,8,140,17.5,True,2.8416169792709947,0.9714285714285714,0.9583333333333334
QmaPnxGavB2EBzaTeV4KaTHtS6uSafz4GSZjcXKTTiGC8Z,Heavenly Father hear our cry - F. S. Shepard,NA,Heavenly Father hear our cry,F. S. Shepard,NA,classical,NA,publicdomain,0.0,0,0,13,1,1,0,16,135,8.4375,True,2.73158332495557,0.9629629629629628,0.9622395833333334
QmVjDqkpqDKkLgdZMrEr9U7e3u3LBXJzrdQWomGDX6hKdq,Heavenly Father keep me from sin - Leonard C. Voke,NA,Heavenly Father keep me from sin,Leonard C. Voke,NA,classical,NA,publicdomain,0.0,0,0,3,1,1,0,16,188,11.75,True,2.9844467465698266,0.9202127659574468,0.9930555555555556
QmfKXGaNRQ5L48V9eQpGT9FaRgP4WNwpK8BhwRhKFmG5Ra,Heavenly Father make us know - Thoro Harris,NA,Heavenly Father make us know,Thoro Harris,NA,classical,NA,publicdomain,0.0,0,0,6,1,1,0,8,105,13.125,True,2.729547542811372,0.961904761904762,0.9479166666666666
QmWnSeNLwJfyLe5oDH2V8qBQMHJkZuqJmh1JGrfkiWt3bW,Heavenly Father sovereign Lord - George F. Root,NA,Heavenly Father sovereign Lord,George F. Root,NA,classical,NA,publicdomain,0.0,0,0,4,1,1,0,16,222,13.875,True,2.695138983142899,0.9864864864864864,0.9541666666666668
Qmce1G1Y5DdbPduNChfquqJZvjSw5zn5mJJxaWjRCLUAvC,Heavenly Host - Boston William Billings The Singing Master's Assistant (1778) Boston:,NA,Heavenly Host,Boston William Billings The Singing Master's Assistant (1778) Boston:,NA,classical,NA,publicdomain,0.0,0,0,5,0,4,0-0-0-0,18,274,15.22222222222222,True,2.655061754658396,1.0,0.943287037037037
QmSKuV56CGnw5ZcHmXAr5BD4JmVyLaUJz1sDCW5dttEGR2,Heavenly portals ringing - J. H. Tenney,NA,Heavenly portals ringing,J. H. Tenney,NA,classical,NA,publicdomain,0.0,0,0,2,2,1,0,32,372,11.625,True,2.7695806822759725,0.978494623655914,0.9302536231884058
QmPtGiNA67RGRxMVrGjGg8LyFpaGApHPFKQiyStUQTsYki,Heavenly Vision - Jacob French,NA,Heavenly Vision,Jacob French,NA,classical,NA,publicdomain,0.0,0,0,6,0,3,0-0-0,29,529,18.24137931034483,False,2.504222917414044,1.0,0.9741379310344828
QmTp13aFe1aDgNPUekeBeWQXyfJodeHBgo3GpGfmMwQUuo,Heavens windows are not open wide - C. Austin Miles,NA,Heavens windows are not open wide,C. Austin Miles,NA,classical,NA,publicdomain,0.0,0,0,5,1,1,0,26,340,13.076923076923077,False,2.6818717498328324,0.9588235294117649,0.9393939393939394
QmcRE4iHpVzpXEajfoFukWy56uP7qzkRwp87zood5ToZws,Heaving of the Lead. JGi.151,NA,Heaving of the Lead. JGi.151,Misc tunes,?W.H.H.Shield?,NA,NA,publicdomain,0.0,0,0,4,1,1,0,38,214,5.631578947368421,False,2.8332765134497504,0.9813084112149532,0.9402412280701754
QmPo5GqSUVZ9BntFrV3MeXuVMzfzsvSUYucVWCLWwZsHnz,Hebrew Canon,NA,NA,NA,NA,NA,piano-popular-canon,publicdomain,0.0,0,1,391,1,1,0,16,59,3.6875,False,2.476568759781524,0.9827586206896552,0.9622395833333334
QmWkTdyL4HUc5UueUNLMPkw5r6vBmD9PLZKrMnvaGRpWDK,Hebrew Children - David Walker,NA,Hebrew Children,David Walker,NA,classical,NA,publicdomain,0.0,0,0,11,0,2,0-0,16,190,11.875,False,2.350056483003721,1.0,0.9505208333333334
QmabQoh7W32231V5xcjVNQZN7mnCKQjSxW6bqNvj2emghM,Hebridean Milking Song,NA,Hebridean Milking Song,Misc tunes,NA,NA,NA,publicdomain,0.0,0,0,1,1,1,0,36,166,4.611111111111111,False,1.8476526461255,1.0,0.9544270833333334
QmQBVXPVERp33Qcrx4aijN5xsTG3s4uwGh2nzVCVNyPiPu,Hebrides Overture VC,NA,NA,NA,NA,NA,hebrides-fingalscave-mendelssohn,cc-zero,0.0,0,0,205,0,1,0,273,1620,5.934065934065934,False,3.3572864601358865,0.8209876543209876,0.8923755186721991
QmUxytvPNaAwcfxLdvhguqfNgk5GJ1W7UmiztB1Kfhkvas,Heckel - Magyar Tanc,NA,Magyar Tanc,Heckel,Heckel 1562,classical,NA,publicdomain,0.0,0,0,21,1,1,0,96,313,3.2604166666666665,False,2.5843829962229075,0.952076677316294,0.939873417721519
Qmckd5qdKq1MG8kmcfxVSQ7gjvccDLGVB66USZoHE1kq6S,Hector the Hero,NA,Hector The Hero,Misc tunes,J. Scott Skinner,NA,NA,publicdomain,0.0,0,2,23,1,1,0,27,111,4.111111111111111,False,2.4011639350112524,1.0,0.8912037037037037
QmcieJ2tFeVGsUGUy2tM1QVMvyrmJ2GNqjfKz4WRWHNoho,Hector the Hero,NA,Hector The Hero,Misc tunes,J.S.Skinner,NA,NA,publicdomain,0.0,0,0,9,1,1,0,68,169,2.485294117647059,False,2.552645193925584,1.0,0.9131944444444444
Qmc9U4w6eh1qLpppMycKaSgpcaeiHDGdYz2b1RpQQgqfFp,Hector The Hero,NA,Hector The Hero,Misc tunes,NA,NA,NA,publicdomain,0.0,0,0,7,1,1,0,60,253,4.216666666666667,False,2.2832797445591013,1.0,0.8953373015873016
Qmd1GKwrEm5Dj4Ti8F9BGLUCE3uqeZBzqauJG8fv5ojHYb,Hector The Hero,NA,Hector The Hero,Misc tunes,Joe Buchanan's Scottish Tome - Page 515.0J. Scott Skinner,NA,NA,publicdomain,0.0,0,0,2,1,1,0,27,139,5.148148148148148,False,2.2975166999600174,1.0,0.9027777777777778
QmehgPmwwrXDVZDu5ft9auwBAMk776aWzAk8wx6N6ByL5n,Hector the Hero,NA,Hector The Hero,Misc tunes,James Scott Skinner (1843-1927) Scotland,NA,NA,publicdomain,0.0,0,0,7,1,1,0,68,152,2.235294117647059,False,2.400994380330653,1.0,0.9066840277777778
QmenVHunPKvtHUDZJxnxFFt7A1mjL7uVnNSeGGAw1KD57v,Hector The Hero,NA,Hector The Hero,Misc tunes,NA,NA,NA,publicdomain,0.0,0,0,5,1,1,0,68,208,3.0588235294117645,False,2.5196574561807523,0.9807692307692308,0.9046985815602836
QmVX5EL4VNXaE5FJXTCo7pGikU2ng7G2NRc35mUfsCUoAq,Hectorina Show's Yer Bits,NA,Hectorina Show's Yer Bits,Misc tunes,NA,NA,NA,publicdomain,0.0,0,0,3,1,1,0,33,127,3.8484848484848486,False,3.081001794482954,0.8188976377952756,0.9105902777777778
Qmf7QKB85akMBubK2XjaKb7mNM3fPiTjuNfgVgdNBbrmuz,Hedge Lane,Hedge-Lane,Hedge Lane,Misc tunes,NA,NA,NA,publicdomain,0.0,0,0,2,1,1,0,16,119,7.4375,False,2.8869691785137808,0.9747899159663864,0.9583333333333334
QmWBx8pESgFt7LH7jHXBa76MAATcst9S59dWpW1VWdaemn,Hedges - E. P. Tate,NA,Hedges,E. P. Tate,NA,classical,NA,publicdomain,0.0,0,0,4,1,1,0,18,168,9.333333333333334,True,2.5588063941119708,0.9940476190476192,0.9404761904761904
QmQE9sJMknUCohpj4KaV9gJ2kKkUDbpgTdMDcPxMozwbbz,Heel & Toe Polka. GHW.032,Sultan Polkaaka. GHW.032,Heel & Toe Polka. GHW.032,Misc tunes,NA,NA,NA,publicdomain,0.0,0,0,4,1,1,0,28,98,3.5,False,2.679254513265555,1.0,0.9791666666666666
QmfH3tgfkaCMHkZqWkbipy6Cri26rxZ9yVhyEgJ2gLw8QW,hehe lick 1,NA,hehe lick 1,EdoDrums,NA,NA,NA,cc-zero,0.0,0,1,61,0,1,6,16,158,9.875,False,0.1811664015535456,1.0,0.7948717948717949
QmY67ozRDNBMVvirvz2aYZNmCa5VFjR61nqWLFpeNwrfa5,Heidelberg Stein Song - Gustav Luders,NA,Heidelberg Stein Song,Gustav Luders,NA,classical,NA,publicdomain,0.0,0,1,58,0,2,0-0,21,286,13.61904761904762,True,3.2118467788057696,0.8745387453874539,0.8764880952380952
QmcMbrjuN11JcTKZQMpMreC9apmnMpst6QHYJW2zUt6ZHR,Heidenr\oslein,NA,Heidenr\oslein,Misc tunes,music: Heinrich Werner (1800-1833)words: Wolfgang Goethe,NA,NA,publicdomain,0.0,0,0,9,0,3,0-0-0,14,155,11.071428571428571,True,2.6685075389040787,1.0,0.8875
QmVoh511LYBPbWY6Tc6qMe9A5UxarLSLoHBH8bKJRUWwZ1,Heidenr\oslein,NA,Heidenr\oslein,Misc tunes,Heinrich Werner 1800-1833,NA,NA,publicdomain,0.0,0,0,4,1,1,0,28,53,1.8928571428571428,False,2.543258317819736,1.0,0.941468253968254
QmZhBak7bCzbfF3BGnVvRQWytQfAm2QKYqpwKR5q4Cy7xc,Heidenröslein Op. 67 No. 3 - Robert Schumann,NA,Romanzen und Balladen Op.67,Robert Schumann,NA,classical,NA,publicdomain,0.0,0,1,108,0,4,0-0-0-0,32,436,13.625,True,3.1043468828302645,0.8796296296296297,0.90625
QmVuABYefzdjJ2RpbzHUkaMnXs6hk4Hm2G8USPBeVeEtkG,HEIGH HO dans Blanche Neige,(Blanche Neige),HEIGH HO dans Blanche Neige,Merigniespiano,Arrgt : S. Hermand,NA,NA,cc-zero,4.68,19,33,634,1,1,0,17,97,5.705882352941177,False,2.835775203932136,0.979381443298969,0.9947916666666666
QmYLpU9y6whqtrnDTLZJBkZzLTpegrPcFfjgN4bPjttyUS,Heigh! Ho! Over the Ditches!,NA,Heigh! Ho! Over the Ditches!,Misc tunes,NA,NA,NA,publicdomain,0.0,0,0,12,1,1,0,32,158,4.9375,False,2.519803822230329,1.0,0.9340277777777778
QmVG7D1XjPV5eULfBRG5otMwGCJ4TS4VqdGoPXRc2ubJHr,Heigh-ho! For a Husband,NA,Heigh-ho! For a Husband,Misc tunes,NA,NA,NA,publicdomain,0.0,0,0,3,1,1,0,27,98,3.6296296296296298,False,2.7904834746827705,0.9591836734693876,0.9421296296296297
QmUa3i1GCa8uLgyWGCkH9MZ4KGLCoCUH6TCa8cuYJ514Wy,HEINRICH POLKA,NA,Polkas,Misc,NA,electronic-classical,NA,cc-zero,0.0,0,0,1462,0,1,0,32,96,3.0,False,2.395750040826463,1.0,0.9544270833333334
QmSvmvEz8oxDp5YgV67JtLWE9fbWrxQZfuN4gkF6kzihPk,Heinrich Schütz - Johannespassion - IV Jesum von Nazareth,SWV 481,Johannes-Passion,Heinrich Schütz,NA,classical,schtz-heinrichschtz-johannespassion,cc-zero,0.0,0,0,39,0,6,0-0-0-0-0-0,13,101,7.769230769230769,True,2.787444320133698,0.99,0.9513888888888888
QmdxM49rNP59Qru1u29QLWdr3Wys3zpHspkGAgYaXpNx6N,Heinrich Suso - In Dulci Jubilo,NA,In Dulci Jubilo,Heinrich Suso,Heinrich Suso 1537,classical,NA,publicdomain,0.0,0,0,15,1,1,0,18,63,3.5,False,2.6066816503118364,1.0,0.8888888888888888
Qmf86xsnZmzRZXYVR7bboz5Dy4HWrGWJvd4jjXypuUFmPe,Heir at Law,NA,Heir at Law,Misc tunes,NA,NA,NA,publicdomain,0.0,0,0,3,1,1,0,34,147,4.323529411764706,False,2.7232409474338968,0.979591836734694,0.93359375
QmPCjC4mA64Un6ARTzyCA6mSMGrmPZCvu5N7uKo3q1DYhm,Heir of a mighty King heir to a throne - Wm. J. Kirkpatrick,NA,Heir of a mighty King heir to a throne,William J. Kirkpatrick,NA,classical,NA,publicdomain,0.0,0,0,24,1,1,0,32,307,9.59375,True,2.681813717270069,0.96742671009772,0.9375
QmXDJCVtjjPYC1DxrbTEgCgd6iEE4uiQBoLJd7wg3E53qt,Heirs of God with Christ our King - T. H. R. Christie,NA,Heirs of God with Christ our King,T. H. R. Christie,NA,classical,NA,publicdomain,0.0,0,0,1,2,1,0,21,321,15.285714285714286,True,2.4390843711383066,0.9937694704049844,0.8958333333333334
QmUDMypaMvTVQJJK9xZj1sBBMhHcTzWoU68eRkqsHAjt66,Heirs to the kingdom of Jesus the Lord - Wm. J. Kirkpatrick,NA,Heirs to the kingdom of Jesus the Lord,William J. Kirkpatrick,NA,classical,NA,publicdomain,0.0,0,0,4,1,1,0,24,419,17.458333333333332,True,2.533466466923312,0.9928400954653938,0.912037037037037
QmbY3Fh5bsUR5CRsKbTdVUNwwZrpajBNP3g4eykbTEkAnq,heist but cooler,NA,heist but cooler,selymq,NA,NA,NA,cc-zero,0.0,0,0,7,0,6,0-1-3-6-6-7,32,489,15.28125,False,1.863785086628161,0.8752598752598753,0.871875
Qme23L4srx871R1iiZecaHV4TcBtxj6B1gWjN2E1xGMzKf,Heiße Spur in München,Opdracht duits boekje,NA,NA,Alex van den Bogaard 3a,NA,NA,cc-zero,0.0,0,0,56,2,1,0,70,1503,21.47142857142857,True,2.462064938310176,1.0,0.9148809523809524
QmezEQd5vL5jxciSYQLSYobvFUHpMJGn1m6V1g2DVXZzo8,Hej dunkom,NA,Hej dunkom,Vilhelm Svedbom,Svensk folkvisaArr: P. J. F. Vilhelm Svedbom (18431904),classical,NA,cc-zero,0.0,0,4,85,0,4,0-0-0-0,37,554,14.972972972972974,True,2.8922230490952687,0.953781512605042,0.8757716049382716
QmbXvD2xwHWCzRZypPXWuhSw4RRzrKNJJcY1TU2BcEZHA3,Hej Mazury hejÅ¼e ha!,NA,NA,NA,NA,NA,polskamuzykaw-polonica-pienipatriotyczne-muzykawokalna-piewniki-wroclawuniversitylibrary-publicdomain-digitallibrary-polish,cc-zero,0.0,0,1,58,1,1,0,28,102,3.642857142857143,True,2.825450793802484,0.9803921568627452,0.9125
QmbBiq449GGnNnF5FKEwcYpS3rr9UmEjkyYv2T2G6YYbxN,Hej Slované,Former Jugoslavic Anthem,NA,NA,National (no author),NA,NA,cc-zero,0.0,0,0,31,0,1,0,20,82,4.1,False,2.6634215762690263,1.0,0.9211309523809524
QmNakqVZDN2kzXSyNjQabgn6GJoVj2bDN42GQT1edEAwpa,Hej tam w karczmie,NA,NA,NA,KorytyÅski,NA,polskamuzykaw-polonica-pienipatriotyczne-muzykawokalna-piewniki-wroclawuniversitylibrary-publicdomain-digitallibrary-polish,cc-zero,0.0,0,0,65,1,1,0,23,82,3.565217391304348,True,2.7217249045304484,0.975609756097561,0.943627450980392
QmWXeNmahVvijgeDJeJp2y8Ggr1d8qTUtK6iWJNEBg63LL,Hej vil du med s\aa kom,NA,Hej vil du med s\aa kom,Misc tunes,NA,NA,NA,publicdomain,0.0,0,0,5,1,1,0,16,102,6.375,True,2.663920603860334,1.0,0.8871527777777778
QmSFG68JKdYAisyeVgkBtVyPyoPZkjxWmtvqhXPGf4PWhd,Hej z góry z góry jadÄ Mazury,NA,NA,NA,NA,NA,polskamuzykaw-polonica-pienipatriotyczne-muzykawokalna-piewniki-wroclawuniversitylibrary-publicdomain-digitallibrary-polish,cc-zero,0.0,0,0,312,1,1,0,24,72,3.0,True,2.7079953354590995,0.9861111111111112,0.9375
QmakHhXvSDpJSJoZVgrafa95D8NnFqGfyH9bg7YUDMC8Pv,hel wwh,NA,hel wwh,Lauren Shears,Fleet Foxes,NA,NA,cc-zero,0.0,0,1,25,1,1,0,71,930,13.098591549295774,True,2.7638292800411493,1.0,0.9330357142857144
Qmboj2YNKBSg5dN4im6dv22gdzN2M89u73ePcx1UKyYpDY,Helas que pourra devenir - Firminus Caron,NA,Helas que pourra devenir,Firminus Caron,NA,classical,NA,publicdomain,0.0,0,0,3,0,3,0-0-0,63,444,7.047619047619048,False,2.859764010716343,0.9773242630385488,0.984375
QmPV3iSNSddJcwHxJN5pXDXPXstmxwA7iMwjwQjXnKByNd,Helen Douglas,Eilidh DhùghlasLady of the Lake The,Helen Douglas,Misc tunes,NA,NA,NA,publicdomain,0.0,0,0,3,1,1,0,96,358,3.7291666666666665,False,2.8385422155686126,0.9265536723163842,0.7940476190476191
Qmc3EhDHRnDx5MgV7jEHNBbkEe7Jq1ASVNFWpwjgmXjuBe,HELENA (Bradbury) - W. B. Bradbury,NA,HELENA (Bradbury),W. B. Bradbury,NA,classical,NA,publicdomain,0.0,0,0,5,1,1,0,9,132,14.666666666666666,False,2.522976502469757,1.0,0.9722222222222222
QmP4dynn8S3nggCuJNiZgWLNKUvCSYPKNTz239jrKxKiEc,Hell Bound for Alabama,NA,Hell Bound for Alabama,Misc tunes,NA,NA,NA,publicdomain,0.0,0,0,5,1,1,0,9,72,8.0,False,2.464366934324044,1.0,0.8984375
QmXHssYo8EuoirKLc2y1ojufFhgpg491jRGbsRo8ygUvyf,Hell Bound for Alabama,NA,Hell Bound for Alabama,Misc tunes,NA,NA,NA,publicdomain,0.0,0,0,6,1,1,0,18,91,5.055555555555555,False,2.588855402590091,1.0,0.931712962962963
QmeWGojS9ZevDai5aLuBYSqTeCVvDCANhuX8FmwPUCNTBQ,Hell on the Potomac,NA,Hell on the Potomac,Misc tunes,NA,NA,NA,publicdomain,0.0,0,0,3,1,1,0,17,109,6.411764705882353,False,2.7144951629091905,1.0,0.9583333333333334
QmNgUJW1Ewq1YHMBMHnkfxA4HTrgCyevE9giKTrG6NV5Mz,Hell on the Potomac (1),NA,Hell on the Potomac (1),Misc tunes,NA,NA,NA,publicdomain,0.0,0,0,2,1,1,0,19,115,6.052631578947368,False,2.5233534493599423,1.0,0.9583333333333334
QmXvmrfGbHUKYxc2SqVvEJJBAxduPstzXuZn3LCQNxGpyW,Hell on the Wabash,NA,Hell On the Wabash,Misc tunes,As Played by Col. Le Roy Van Horn Co. A 18th U.S.I.,NA,NA,publicdomain,0.0,0,0,4,1,1,0,36,214,5.944444444444445,False,2.816485690994738,0.9439252336448598,0.9010416666666666
QmavJ9vsVtubyLxWNWWDvBVCyrNW1Tr9HW2E4FWTTL1Bsb,Hell Piano,NA,NA,NA,NA,NA,hell-piano,cc-zero,0.0,0,2,344,1,1,0,32,222,6.9375,False,2.9067867628948454,0.9504504504504504,0.9625
QmYDgCjM1jGSoPqc8uLaJw436Ptkw4aGVP3gbYeaceFY3Z,Hellen and Paris. WCD3/6.140,NA,Hellen and Paris. WCD3/6.140,Misc tunes,NA,NA,NA,publicdomain,0.0,0,0,1,1,1,0,24,112,4.666666666666667,False,2.795218024491384,0.9821428571428572,0.9482323232323232
QmVT12ByAgUfz2R9NHYza98xaHDBySenHH7STtTgZM3Pej,Hello my Baby,NA,NA,NA,Ida Emerson / Joseph E. Howard,NA,NA,cc-zero,0.0,0,7,154,0,2,0-0,34,787,23.147058823529413,True,3.0085362427177555,0.9177545691906004,0.9751157407407408
QmVEZ2gkQYighFDtDRJfBsnRoq85kMU6U4qfA54FkT6EKk,Hello my friend,NA,Hello my friend,alexfrost873,A.F.C.,NA,NA,cc-zero,0.0,0,0,14,0,1,0,8,22,2.75,False,2.6812763696025814,1.0,0.9635416666666666
QmaWSuZ9eZfWLngmwuUQsKgKXq4LFQnqWaWZAcQksp47vf,Hello My Love,NA,Hello My Love,Ed Sheeran,Ed Sheeran Westlife,pop-folk,pop-doublepiano,cc-zero,4.66,6,18,529,0,2,0-0,106,1870,17.641509433962263,False,2.5865376721414224,1.0,0.939484126984127
QmSVjAGa6Y8UfRtwGYhCKXmSeFZ3B6EvvbbGxGRUXLsdRg,Hello Pioneers!,Hit the Notes Jack.,NA,NA,PracticeBird.com,NA,pioneers-practicebird-piano-demo-simple-onehand,cc-zero,0.0,0,0,39,1,1,0,15,38,2.533333333333333,False,2.411522913798319,1.0,0.9694444444444444
QmQm8enGYFKaY6Vo3zaANSGmDEHSpkEzKdkwYoSzhxPtEm,Hello Skinny,NA,NA,NA,The Residents,NA,noise-alternative-minimalism,cc-zero,0.0,0,4,151,1,1,0,84,665,7.916666666666667,True,2.019256029704714,0.8947368421052632,0.9377480158730158
QmUf4gMvMnyYbWyCSq8Mmuok7ovrn7ec6R2MrUpcN9UPSZ,Hello Vietnam,NA,hello vietnam,Johnny Wright,NA,NA,vietnamese-piano-vietnam,publicdomain,4.68,63,202,24562,1,1,0,74,974,13.16216216216216,True,2.6718022600769,1.0,0.8741554054054054
QmPf98KdqCtVeCmEDteT3VHKM2uPpZSPDn7X1ccejDcSbV,Help - Thaehan,NA,NA,NA,Thaehan,NA,thaehan-osu-electroclassical-artcore-electronic-piano,cc-zero,4.88,6,27,794,3,1,0,120,1913,15.941666666666666,False,3.435667096430877,0.7573375262054507,0.977355072463768
QmZqtYFu8qnc9Hnjyok8AZxTntHKYHPExa4EVz3gN7JBwy,Help me O my blessed Savior - J. H. Ruebush,NA,Help me O my blessed Savior - J. H. Ruebush,J. H. Ruebush,NA,classical,NA,publicdomain,0.0,0,0,2,1,1,0,32,274,8.5625,True,2.5894315461481026,0.9562043795620438,0.9652777777777778
QmdQVysN7hPVxfmFnDcWmpqKcuss1mhWJBKAajqXKLhipg,Help the one next to you hold out your hand - Chas. H. Gabriel,NA,Help the one next to you hold out your hand,Chas. H. Gabriel,NA,classical,NA,publicdomain,0.0,0,0,4,2,1,0,16,301,18.8125,True,2.6927318701555607,0.973421926910299,0.9027777777777778
QmQkey5bqS22Xx9vbQAQXGBWCSX1qrVxRMuaMcbcUEWqKt,Helped by helping others - J. Howard Entwisle,NA,Helped by helping others,J. Howard Entwisle,NA,classical,NA,publicdomain,0.0,0,0,3,2,1,0,16,337,21.0625,True,2.779057629715376,0.9846153846153848,0.9466145833333334
QmSca7QQ1GSEbg3qk2jQ9Y49aCTZWngdRYZWwvSMc2bXzP,Helpful be each passing day - E. S. Lorenz,NA,Helpful be each passing day,E. S. Lorenz,NA,classical,NA,publicdomain,0.0,0,0,2,1,1,0,17,371,21.823529411764707,True,2.7880480929532934,0.9757412398921832,0.9486111111111112
QmWQmBrEbXmQq8i1mJ2j8ju13aCxwEFGY1385r4PuDeeRT,Hemp Dresser,NA,Hemp dresser,Misc tunes,NA,NA,NA,publicdomain,0.0,0,0,2,1,1,0,8,35,4.375,False,2.661267576727715,1.0,0.9270833333333334
QmWzfQJ9hnCnkvVFCmAxtefsodpJdYDjnC6yDvWttj2wWm,Hemp Dresser,London Gentlewoman The,Hemp dresser,Misc tunes,NA,NA,NA,publicdomain,0.0,0,0,4,1,1,0,16,72,4.5,False,2.6446509619816294,1.0,0.9266666666666666
QmRRwG6nhEjpiT4bHQfS9CtSHsdT3y4REvMdQvZFKvbAUY,Hemp Dresser. WCD3/1.161,NA,Hemp Dresser. WCD3/1.161,Misc tunes,NA,NA,NA,publicdomain,0.0,0,0,4,1,1,0,8,35,4.375,False,2.661267576727715,1.0,0.9270833333333334
QmY2zCexSRXeMwq2BHg9pLK7Kx4K8HDz9iDhc4Jm47G7LC,Hen's MarchThe. CAM2.,NA,Hen's MarchThe. CAM2.,Misc tunes,NA,NA,NA,publicdomain,0.0,0,0,3,1,1,0,44,322,7.318181818181818,False,2.643642743684321,1.0,0.948678861788618
Qmc1kcuPP8MUw3JXbYgta9Pgs4jGXaSJ9LzvMgCNuqqwDm,Henrietta's Favourite TS.268,NA,Henrietta's Favourite TS.268,Misc tunes,'By Mr Clark 1840'In different hand C,NA,NA,publicdomain,0.0,0,0,3,1,1,0,54,254,4.703703703703703,False,2.779605331308752,0.968503937007874,0.9461805555555556
QmavaSHrmrtFhjsJJ3758ZgX6CsX2YY7kf5s22uYRBbMPx,HENRY (Pond) - Sylvanus Billings Pond,NA,HENRY (Pond) - Sylvanus Billings Pond,Sylvanus Billings Pond,NA,classical,NA,publicdomain,0.0,0,0,5,1,1,0,15,127,8.466666666666667,True,2.7063848529212526,0.984251968503937,0.96875
QmfBmcLj9mNWdL9RyCdm1v8twZV2y4Lm4NWwKoXn7a7KyY,Henry Carey - America - 119,My Country 'Tis Of Thee,America - 119,Henry Carey,Henry Carey 1745,classical,NA,publicdomain,0.0,0,0,9,1,1,0,13,41,3.1538461538461537,True,2.5692648105985305,1.0,0.9375
QmTXT6htziM9adKEdJsqvJJq85qHX29kipeDdwxFHP4mWU,Henry Carey - Sally in Our Alley. WCD3/2.165,NA,Sally in Our Alley. WCD3/2.165,Henry Carey,Henry Carey 1687-1743,classical,NA,publicdomain,0.0,0,0,4,1,1,0,28,132,4.714285714285714,False,2.5893579405339984,1.0,0.9074074074074074
QmaDB9rhU1qa2LksRJKDwrCmU8pV88j8NCLjYgyDrCp7kD,Henry Clay Work - Marching Through Georgia,NA,Marching Through Georgia,Henry Clay Work,Henry Clay Work,classical,NA,publicdomain,0.0,0,2,126,1,1,0,32,92,2.875,False,2.434926741218519,1.0,0.9635416666666666
QmfQ4VT9GUaCqrQWkX82VRjbhSSpZmE8M3HDsHSgEd8gcj,Henry Clay Work - My Grandfather's Clock,NA,My Grandfather's Clock,Henry Clay Work,Henry Clay Work 1876,classical,NA,publicdomain,4.81,13,11,309,1,1,0,25,115,4.6,True,2.6107001933990945,1.0,0.9296875
QmUakT3aLFtz6cYJ3W2MaEuf1g9vTT2DLRcxmMBxUD3WcR,Henry Clay Work - Ship That Never Returned,NA,The Ship That Never Returned,Henry Clay Work,Henry Clay Work (1865),classical,NA,publicdomain,0.0,0,0,13,1,1,0,26,111,4.269230769230769,True,2.8600026669679486,0.963963963963964,0.9522569444444444
QmaWDb3RMFgP5v2qKKtHnLDoP8hnpKVTSf5suBk4vbwinq,Henry Clay Work - Strike the Bell,Ring the Bell WatchmanClick Go The Shears,Strike the Bell,Henry Clay Work,Henry Clay Work 1865,classical,NA,publicdomain,0.0,0,1,72,1,1,0,16,82,5.125,False,2.569187269230023,1.0,0.9322916666666666
QmNsDvksvvouh4wC8CWWH65B9BLsraJPH4yWQcq2f8XfL6,Henry Clay Work - the Ship That Never Returned,NA,The Ship That Never Returned,Henry Clay Work,Henry Clay Work (1865),classical,NA,publicdomain,0.0,0,1,94,1,1,0,18,75,4.166666666666667,True,2.63372664081597,1.0,0.94140625
QmThET1GmBkrk7Te3nnEvMKuVPHRC6WDn2VPLejRhtBp8B,Henry Clay Work - The Year of Jubilo,NA,Year of Jubilo,Henry Clay Work,Henry Clay Work,classical,NA,publicdomain,0.0,0,0,7,1,1,0,26,107,4.115384615384615,False,2.591365280373976,1.0,0.8993055555555556
QmUJXyWDWjbi1U4T9gc3zsj9rGBin9UJkVJSK4VNehwG8q,Henry Cowell - The Tides of Manaunaun,NA,Three Irish Legends,Henry Cowell,Composer,classical,piano-cowell-tonecluster,cc-zero,4.66,6,4,456,2,1,0,36,505,14.02777777777778,False,3.0773379868253805,0.7227722772277227,0.959375
QmWfBKDT7MndkUtP8MsBEeoFjDteqjjGXZS4ZBibvxHq6z,Henry Harrington - How Sweet in the Woodland.2voices. JJo.010,NA,How Sweet in the Woodland.2voices. JJo.010,Henry Harrington,Henry Harrington,classical,NA,publicdomain,0.0,0,0,4,0,2,0-0,31,211,6.806451612903226,False,2.5922080612697447,1.0,0.9265873015873016
QmQod4mRh9qQbNtKUX7NXQErFXsLqV1aDqWtidhRWBAWBN,Henry IV Plantagenet - On the Banks of the Helicon,NA,On the Banks of the Helicon,Henry IV Plantagenet,Henry IV Plantagenet,classical,NA,publicdomain,0.0,0,0,3,1,1,0,36,108,3.0,False,2.8262226361797573,0.9629629629629628,0.9541666666666668
QmWrEef3cmBgdyoE3FKWUJDjNEbxU88UnsUE7etgszh82L,Henry John Gauntlett - Once In Royal David's City,NA,Once In Royal David's City,Henry John Gauntlett,Henry John Gauntlett 1849,classical,NA,publicdomain,0.0,0,0,6,1,1,0,12,54,4.5,False,2.5316895080608326,1.0,0.9340277777777778
QmegpWzQAtT2YgoFjG13ZCn1QxYrg5QYdgZXSya2dthB4e,Henry Kleber - Opera Schottische,NA,Opera Schottische,Henry Kleber,Henry Kleber (1816-1897),classical,NA,publicdomain,0.0,0,0,4,1,1,0,72,382,5.305555555555555,False,3.2052196632706025,0.8465608465608465,0.9154761904761904
QmNuWRZG3QaoL3TEgTjBg6M6ZpJa7F5Ld5JAkV6JtDbvtF,Henry Martyn - Luxton,NA,Henry Martyn - Luxton,Misc tunes,Taken down from Roger Luxton Halwell by H.Fl.S. 1889.,NA,NA,publicdomain,0.0,0,0,9,1,1,0,59,231,3.915254237288136,False,3.195575714013363,0.8398268398268398,0.945216049382716
QmWdCtxveh5o5G6PCuaiHhv55mid7H7Hd5yu165EZ2KVaz,Henry Playford - Apley House,NA,Apley House,Henry Playford,Henry Playford 1703,classical,NA,publicdomain,0.0,0,0,3,1,1,0,24,104,4.333333333333333,False,2.754186099952995,1.0,0.9592013888888888
QmVGPWd7frT4wN4KZZU58EXw6mDhu24FgHTv9JN5mK9RNf,Henry Playford - Barham Down,NA,Barham Down,Henry Playford,Henry Playford 1701,classical,NA,publicdomain,0.0,0,0,3,1,1,0,16,116,7.25,False,2.7378450139081227,1.0,0.9522569444444444
Qmdhj76m91g6gieWsjp8xJrAuXUwUD8xsqj2RMYBE2AcDZ,Henry Playford - Bellamira,NA,Bellamira,Henry Playford,Henry Playford 1686,classical,NA,publicdomain,0.0,0,0,3,1,1,0,32,132,4.125,False,2.7797495488188995,0.9393939393939394,0.9231770833333334
QmaqQzHP4tDhiaAzSgQhHwKmbHCnSeDtqmgBua9DATLfky,Henry Playford - Black-Heath,NA,Black-Heath,Henry Playford,Henry Playford 1701,classical,NA,publicdomain,0.0,0,0,5,1,1,0,36,146,4.055555555555555,False,2.961593835308292,0.9315068493150684,0.9494949494949496
QmcVkM5Ez8fKbz3FTFaYrj946yhGhehYGjRjdDbNeZCHF7,Henry Playford - Cheshire Rounds,NA,Cheshire Rounds,Henry Playford,Henry Playford 1701,classical,NA,publicdomain,0.0,0,0,6,1,1,0,16,114,7.125,False,2.8019447109125464,0.9649122807017544,0.9314236111111112
QmdmbfHVbyv81W2fWDLznhHa1SjFUJ9fgodXykuTjtqe6c,Henry Playford - Cottey House,NA,Cottey House,Henry Playford,Henry Playford 1702,classical,NA,publicdomain,0.0,0,0,3,1,1,0,44,194,4.409090909090909,False,2.838965599259664,0.9896907216494846,0.9451388888888888
QmUvRSY1tdwAGAa3fY7bhnKAMBYys5tTt7GG6TdES9wRPw,Henry Playford - Damme,NA,Damme,Henry Playford,Henry Playford 1698,classical,NA,publicdomain,0.0,0,0,7,1,1,0,24,166,6.916666666666667,False,2.7022192948263983,1.0,0.9244791666666666
QmX2Gvo3oZ1SoesMcaemuBfGbmBzt9Ue8BNfjPinsBXSYB,Henry Playford - Devonshire House,NA,Devonshire House,Henry Playford,Henry Playford 1698,classical,NA,publicdomain,0.0,0,0,7,1,1,0,28,120,4.285714285714286,False,2.816094174576045,0.9833333333333332,0.8587962962962963
QmTFiUUSRWiq5oWq79RR2S4bu5EZpmEezvD8s1mebV77wt,Henry Playford - Dick's Maggot,NA,Dick's Maggot,Henry Playford,Henry Playford 1703,classical,NA,publicdomain,0.0,0,0,1,1,1,0,16,99,6.1875,False,2.744569451174511,0.98989898989899,0.9618055555555556
Qmd521jx7wkZ5gYPuKsNAz9c7XjrjAVngAvgYU3be3i7LE,Henry Playford - Indian Queen,NA,Indian Queen,Henry Playford,Henry Playford 1701,classical,NA,publicdomain,0.0,0,0,17,1,1,0,36,124,3.4444444444444446,False,2.733600146182197,0.9838709677419356,0.9485677083333334
QmWkkDGPk79XXHmxdDPzW14TxXACYLMnyHbwFdwfEEwbck,Henry Playford - Jacob Hall's Jig,NA,Jacob Hall's Jig,Henry Playford,Henry Playford 1695,classical,NA,publicdomain,0.0,0,0,2,1,1,0,32,138,4.3125,False,3.0120679505207697,0.8985507246376812,0.8568840579710145
QmefaMMK5SjSaucjT65B6oyfQGWPvAXGCqdqkKCwSQpXU5,Henry Playford - Lady Day,NA,Lady Day,Henry Playford,Henry Playford 1687,classical,NA,publicdomain,0.0,0,0,3,1,1,0,36,150,4.166666666666667,False,2.7399692302771514,1.0,0.9322916666666666
QmWMhvDAqA1yCjbdLDxsBNHbYAChS7CwdpUeqdt4FDFpwq,Henry Playford - My Lord Byron's Maggot,NA,My Lord Byron's Maggot,Henry Playford,Henry Playford 1701,classical,NA,publicdomain,0.0,0,0,5,1,1,0,31,138,4.451612903225806,False,2.313771603924269,0.9855072463768116,0.9285714285714286
QmacvixWCGvXK3q3C36du3XzeV8rD6XB5YpiK3oF1BHN2Y,Henry Playford - Old Noll's Jig,NA,Old Noll's Jig,Henry Playford,Henry Playford 1701,classical,NA,publicdomain,0.0,0,0,7,1,1,0,36,153,4.25,False,2.814664740941923,0.9477124183006536,0.9262152777777778
QmXTtQS6QgubTDRH6QmE5Jvgv1c8jWRCbmrtPVPkVJvVec,Henry Playford - Pool's Hole,NA,Pool's Hole,Henry Playford,Henry Playford 1690,classical,NA,publicdomain,0.0,0,0,3,1,1,0,20,91,4.55,False,2.643809367739581,0.956043956043956,0.9385416666666668
QmZqago2Nw4jrGsxhKYtdVN3fZ3EbqFzXU56thzgAL8tco,Henry Playford - Saint Albans,NA,Saint Albans,Henry Playford,Henry Playford 1701,classical,NA,publicdomain,0.0,0,0,4,1,1,0,32,172,5.375,False,2.849238434508024,0.9767441860465116,0.9236111111111112
QmZZZ2NYVWRH4mjQVfj4ccqN21EN1Pv876xZL843qbYwZr,Henry Playford - Saint Catherine,Saint Katherine's,Saint Catherine,Henry Playford,Henry Playford 1701,classical,NA,publicdomain,0.0,0,0,3,1,1,0,35,158,4.514285714285714,False,2.6614342152607,1.0,0.9446614583333334
QmZVwg2vhJQuJ4aMstHudpiB6VWTDd7ppmfyxEU6PoemdJ,Henry Playford - The Country Farmer,NA,The Country Farmer,Henry Playford,Henry Playford 1703,classical,NA,publicdomain,0.0,0,0,2,1,1,0,28,136,4.857142857142857,False,2.675842534161508,1.0,0.9583333333333334
QmXVx5NGSgbybrSBoaCPaHM7PLMfrW57d9mjBfyPUp1jra,Henry Playford - The Emperor of the Moon,NA,The Emperor of the Moon,Henry Playford,Henry Playford 1690,classical,NA,publicdomain,0.0,0,0,8,1,1,0,32,136,4.25,False,2.5395039303946785,0.9705882352941176,0.9713541666666666
Qmcvd8QKYRUp7Gphpo9vAStDzi45GF1Wa5ZyD8WCFTsk2S,Henry Playford - The French Ambassador,NA,The French Ambassador,Henry Playford,Henry Playford 1701,classical,NA,publicdomain,0.0,0,0,24,1,1,0,52,190,3.6538461538461537,False,2.9227038190795884,0.9473684210526316,0.9479166666666666
Qmcv74DS2M86WxatFwxDSf5X6C4MxMA24qzP7JwZJxQPRy,Henry Playford - Up With Aily (original),NA,Up With Aily,Henry Playford,Henry Playford 1703,classical,NA,publicdomain,0.0,0,0,3,1,1,0,16,120,7.5,False,2.5325728683067013,0.9833333333333332,0.8877314814814815
QmP1NAHGdPZ6dMo9zPAFDo7W2kZHjp66gnNFtJFanasrCr,Henry Playford - Whimbleton House 5-time,NA,Whimbleton House 5-time,Henry Playford,Henry Playford 1701,classical,NA,publicdomain,0.0,0,0,4,1,1,0,12,94,7.833333333333333,False,2.7961585075615703,0.9148936170212766,0.9545454545454546
Qmc3CFRP9UrwhThAHgRjDb6sp36pApUK6ikBNNymngoL1k,Henry Purcell - A New Ground,NA,a new ground in em,Henry Purcell,Henry Purcell,classical,henrypurcell-ground-harpsichord,publicdomain,4.69,20,31,4148,0,1,6,31,577,18.61290322580645,False,2.8778238955305184,0.902946273830156,0.8946759259259259
QmVysQ84d8WGvDrvgCEzHDqnaysWcGbNTWutiXiuh7ke8d,Henry Purcell - Bezeichnung standardisiert: Christchurch Bells;,23. Englische. M\uhl. La Glosche.In anderer Quelle: Upon Christchurch Bells in Oxford Catch von Henry Purcell (Anm. S. Wascher); Le Carillon d'Oxfort - R. A. Feuillet 1706 (Anm. S. Wascher); La Carrillion Dox Fort E.A. Jayme Wolfenb\uttel 1717 (Anm. S. Wascher);,Bezeichnung standardisiert: Christchurch Bells;,Henry Purcell,Henry Purcell (1659 - 1695),classical,NA,publicdomain,0.0,0,0,14,0,2,0-0,32,220,6.875,False,2.500786315125986,0.9818181818181818,0.961021505376344
Qmf8Se8RBJ8iPWLxeA6EzTr7RDcUx7gYr7YYat3iCo7RMY,Henry Purcell - Bezeichnung standardisiert: St.Martin's Lane;,7. [Dantz in G nach Johann Friedrich Drey\sser 1720]In anderer Quelle: St.Martin's Lane Playford Dancing Master9th Ed 1696. (Anm. S. Wascher); Tantz (1-97a) Dahlhoff SBB vor 1767 (Anm. Thomas Behr); Tantz Bauer Hund - Dahlhoff SBB 1792 (Anm. Thomas Behr);La Furstemberg (Anm. Thomas Behr)],Bezeichnung standardisiert: St.Martin's Lane;,Henry Purcell,Henry PurcellErstbeleg: 1694 (Komponiert),classical,NA,publicdomain,0.0,0,0,53,0,2,0-0,58,384,6.620689655172414,False,3.110434804565122,0.8020833333333334,0.9579475308641976
QmWC3Swf1unV2KWv7GUxw7x7dh6brohexspGfGJx4uzbCf,Henry Purcell - Hole in the Wall,NA,Hole in the Wall,Henry Purcell,Henry Purcell 1698,classical,NA,publicdomain,4.66,3,1,55,1,1,0,16,107,6.6875,False,2.837456093063118,0.97196261682243,0.8663194444444444
Qmb2iEHe1T7YzCMnRgYcvt432NZHvuXBT7NEoKsXNRktUw,Henry Purcell - Hornpipe,From The Fairy Queen,Hornpipe,Henry Purcell,Henry Purcell,classical,NA,publicdomain,0.0,0,2,104,0,2,0-0,32,342,10.6875,False,2.9682142402840244,0.9298245614035088,0.9565972222222222
QmTAKrrhWVbbbe7uRZgX9u6FsBUmwx3Djy7Ytk7NPhcdEL,Henry Purcell - Juice of Barley,NA,Juice of Barley,Henry Purcell,Henry Purcell (1690),classical,NA,publicdomain,0.0,0,0,5,1,1,0,36,126,3.5,False,2.665401989894204,1.0,0.8858695652173914
QmVbpc9ENn9LFsQtLGTwaHr5QKtwDAPmJkbbQvH4tLJCFP,Henry Purcell - Juice of Barley,NA,Juice of Barley,Henry Purcell,Henry Purcell (1690),classical,NA,publicdomain,0.0,0,0,15,1,1,0,24,96,4.0,False,2.626746938314716,1.0,0.8796296296296297
Qmd6qu8xuKPFPq894TZ9UcCZFZC29P5yLnxpXfeZHYdaTu,Henry Purcell - Lilli Burlero,NA,Lilli Burlero,Henry Purcell,Henry Purcell 1690,classical,NA,publicdomain,0.0,0,0,11,1,1,0,32,154,4.8125,False,2.774551073036334,0.987012987012987,0.9331597222222222
QmUU8bnbG2i4TTxvpzBvZ8M27QtLWkjoSPVJxbRtG3v9Zs,Henry Purcell - Minuet,NA,Minuet,Henry Purcell,Henry Purcell,classical,NA,publicdomain,4.85,4,4,82,0,3,0-0-0,20,124,6.2,False,2.723965824280732,0.902439024390244,0.9555555555555556
QmU5mXGxC3ALfH7qxsmiQMZVq7ynRPiM6nrQPU3csKHXVz,Henry Purcell - Nymphs and Shepherds Come Away,NA,Nymphs and Shepherds Come Away,Henry Purcell,Henry Purcell,classical,NA,publicdomain,0.0,0,2,96,1,1,0,46,187,4.065217391304348,False,2.6325300165199894,1.0,0.9406702898550724
QmSzC9x4buRBu7Gr9UPWv2XNefisBRiordJYBWZt3WYSku,Henry Purcell - Rondeau from Abdelazer,NA,Rondeau from Abdelazer,Henry Purcell,Henry Purcell,classical,NA,publicdomain,0.0,0,5,158,1,1,0,24,178,7.416666666666667,False,2.8923586842015063,0.949438202247191,0.9421296296296297
QmbxjJdRUj6tEeNh4z5kEx5QsQsmZmG7WKHmCwhk2mTZ3x,Henry Purcell - Siciliano,NA,Siciliano,Henry Purcell,Henry Purcell,classical,NA,publicdomain,0.0,0,0,27,0,2,0-0,28,220,7.857142857142857,False,2.7851522634196355,0.9545454545454546,0.8657407407407407
QmNWVkD8Jriqxjqwi4JiWa4m73X1ZeGZgdoyhQVRjw3YDN,Henry Purcell - Song tune,NA,Song tune,Henry Purcell,Henry Purcell,classical,NA,publicdomain,0.0,0,0,13,1,1,0,16,37,2.3125,False,2.687825664381713,1.0,0.9392361111111112
QmYoiz9HVB2H2jkRrXEsioKZzgfFpnmVqpCrzwLynQno1m,Henry Purcell - THE DUKE OF GLOUCESTER'S MARCH,NA,THE DUKE OF GLOUCESTER'S MARCH,Henry Purcell,Henry Purcell,classical,NA,publicdomain,0.0,0,0,24,0,3,0-0-0,42,591,14.071428571428571,False,2.835455912141035,0.9744463373083476,0.9588068181818182
QmYJoLp1rVoDNBpSgUr3zGHRZxgpN4j4snFPwqPtE6U6rY,Henry Purcell - The Philander,NA,The Philander,Henry Purcell,Henry Purcell,classical,NA,publicdomain,0.0,0,0,2,1,1,0,18,70,3.888888888888889,False,2.806537431560296,0.9857142857142858,0.9270833333333334
QmddeKbUCEFBDwdKWNHq8i7a1rkwCsQG1L953wvEJgGNMs,Henry Purcell - Twas Within a Furlong of Edinborough Town. WCD3/1.037,NA,Twas Within a Furlong of Edinborough Town. WCD3/1.037,Henry Purcell,Henry Purcell,classical,NA,publicdomain,0.0,0,0,74,1,1,0,18,110,6.111111111111111,False,2.9992144563290664,0.9181818181818182,0.93359375
QmTTuBBZJ4QuTP49mpC11bPsvhu3bkja7bKCFZKXNkmhjf,Henry Purcell - Volpony,NA,Volpony,Henry Purcell,Henry Purcell,classical,NA,publicdomain,0.0,0,0,4,1,1,0,32,140,4.375,False,2.773139531729872,0.9714285714285714,0.9279513888888888
QmWB6riiqsWNZ3nEUqAh5qZF6qDUkjap2rpfu4DvqgegJR,Henry Russel - Life by de Galley Fire. Roose.0779 A,Life on the Ocean Waveaka. Roose.0779 A,Life by de Galley Fire. Roose.0779 A,Henry Russel,Henry Russel,classical,NA,publicdomain,0.0,0,0,6,1,1,0,52,204,3.923076923076923,False,2.626324365635763,0.99009900990099,0.9091435185185184
QmPrcw74CDazzGKKqMAHM12LgjtuTmNF3iLzWQVELap4Ur,Henry VIII - Green growth the holy,Christmas carol,Green growth the holy,Henry VIII,Henry VIII,classical,NA,publicdomain,0.0,0,0,179,0,3,0-0-0,2,86,43.0,True,2.7579219219678017,0.988095238095238,0.9697916666666668
QmcArWrRmWWBJTzqmBRoZs3cE4Ck4aNDEXnAvuG5DZckeF,Henry's Song,for solo glockenspiel,Henry's Song,wrenasmir,Composer: Craig Smith,NA,NA,cc-zero,0.0,0,0,89,1,1,0,48,66,1.375,False,2.5461895368394662,1.0,0.9467592592592592
QmUW8ZkN3Bw4V3BzsXiWU57FRyzGiAtjtg9WgyuG5zSFYd,HER ABSENCE WILL NOT ALTER ME.,NA,Her absence will not alter me,Misc tunes,NA,NA,NA,publicdomain,0.0,0,1,1,1,1,0,18,109,6.055555555555555,False,2.5066883703300773,1.0,0.9114583333333334
QmYLPnkxFcqHNK7Qdzw9F4Qih2pAkSoT2zFMVBn9UNRKxN,Her answer was mum,NA,Her answer was mum,Misc tunes,NA,NA,NA,publicdomain,0.0,0,0,2,1,1,0,60,326,5.433333333333334,False,2.6423912905907616,0.98159509202454,0.9696180555555556
QmX2cQwN1R9zrj6BWreU2jN7SsHWRCWDbRJ7NZeKPb5N1a,Her Blushing Cheek (air) 0602,NA,Her Blushing Cheek,Misc tunes,Unattributedmoderate,NA,NA,publicdomain,0.0,0,0,3,1,1,0,11,68,6.181818181818182,False,2.6709498727522902,0.9852941176470588,0.9045138888888888
QmYePhkJmQNQD2tzt48ij4aEVwu1TUvBAp5CCJXXBS1YPE,Her Blushing Cheek.,a gruai.d a.dan.ta.ct.,Her Blushing Cheek,Misc tunes,NA,NA,NA,publicdomain,0.0,0,0,1,1,1,0,10,63,6.3,False,2.616433425107949,1.0,0.8809523809523809
QmdpfcJi2F95542LD1YNMR3Z2mkfxR5soQBNZXqAWfGBQy,Her Golden Hair Was Curling Down,NA,Her Golden Hair Was Curling Down,Misc tunes,NA,NA,NA,publicdomain,0.0,0,0,2,1,1,0,36,248,6.888888888888889,False,2.604854748351756,1.0,0.9212239583333334
QmZ5ztzn5XNd9WUEEachr2Es25oGxLxHvfA3SVZb5z3RJg,her.ligger.min.oe.Zara.Munch.Bjarnum,NA,her.ligger.min.oe.Zara.Munch.Bjarnum,Zara Munch Bjarnum,NA,NA,NA,cc-zero,0.0,0,0,19,0,2,0-0,19,211,11.105263157894736,True,2.832296832252445,0.9904761904761904,0.9571078431372548
QmNjZcK2uX5vFSbNR2gtHad58RNWbtWzm3ERjvAN3JJzYR,Heralds of Jesus go in might - Chas. H. Gabriel,NA,Heralds of Jesus go in might,Chas. H. Gabriel,NA,classical,NA,publicdomain,0.0,0,0,2,1,1,0,20,344,17.2,True,2.609585150362953,0.9854651162790696,0.9032738095238096
QmYEPUDSJfk572Xtn9SCEV6CN3o9FPZGJNsSaXVkcFvWLJ,Heralds of the Lord of glory - W. Stillman Martin,NA,Heralds of the Lord of glory,W. Stillman Martin,NA,classical,NA,publicdomain,0.0,0,0,5,2,1,0,32,488,15.25,True,3.0365933875179003,0.9282786885245902,0.9495967741935484
QmY5Y753DWQzaxmN8T8fRLGegKvsNvm9MCpmCqzq8YYeD6,HERBERT (Chope) - Richard R. Chope,NA,HERBERT (Chope),Richard R. Chope,R. R. Chope,classical,NA,publicdomain,0.0,0,0,1,1,1,0,10,122,12.2,False,2.617515946459044,0.9913793103448276,0.9837962962962964
Qmd4hgCtUgpYspvPEM6na5QuVQbKQsse4HoMBVfHBvFp6N,Herbert the Sherbert,NA,Herbert The Sherbert,Misc tunes,- Engeland -,NA,NA,publicdomain,0.0,0,0,16,1,1,0,65,272,4.184615384615385,False,3.085474147474528,0.8492647058823529,0.905187074829932
QmTjpuGiFGLEHHXz1a3meCoubLfmfKmyUM77aTqbkKsEaq,Hercules and Hyphronius. PFD3.100,NA,Hercules and Hyphronius. PFD3.100,Misc tunes,NA,NA,NA,publicdomain,0.0,0,0,5,1,1,0,12,48,4.0,False,2.8935213399966244,0.9375,0.9708333333333332
QmUqAYk7oF1CEKeKpMgN85kELU4ogVy7bJy4zNKmTVzQFJ,Herd on the Hill,Arranged for keyless Northumbrian Pipes,NA,NA,NA,NA,NA,publicdomain,0.0,0,0,112,0,1,0,20,154,7.7,False,2.566425534467641,1.0,0.9609375
QmNrSqhy98hsvxxzfAWWWWKuU6otVFJnZPU8HptnvSjhNp,Here am I - A. F. Myers,NA,Here am I,A. F. Myers,NA,classical,NA,publicdomain,0.0,0,0,2,2,1,0,20,276,13.8,False,2.643267399729691,0.9782608695652174,0.9322916666666666
QmS4UxmmjRYvTXsNEiAipoqE3V2ZQ7u7RRMeigYdeaw621,Here am I O Master ready to be used - Samuel W. Beazley,NA,Here am I O Master ready to be used,Samuel W. Beazley,NA,classical,NA,publicdomain,0.0,0,0,6,1,1,0,17,275,16.176470588235293,True,2.6439481148203203,0.9818181818181818,0.9472222222222222
QmTbqyw1v2fSLJHT2PLUgrrTqhz7a1gQK7QML26FNZ5dW2,Here am I send me - Daniel March,NA,Here am I send me,Daniel March,NA,classical,NA,publicdomain,0.0,0,1,31,0,2,0-0,16,254,15.875,True,2.586014230694268,0.9921259842519684,0.9661458333333334
QmWZXsHZ3hfS6JDSf6zgzG2C4nLTw2WfrDbZ44hu6Kmtf8,Here as the night is falling - Arr. from Vincenzo Bellini,NA,Here as the night is falling,Arr. from Vincenzo Bellini,NA,classical,NA,publicdomain,0.0,0,0,33,2,1,0,45,562,12.488888888888887,True,2.9205294024719843,0.9395017793594306,0.9041666666666668
QmdWbzcv5YFYSo1bgeKfFDdxdYV24bxx3sLbWKiMPqnMN5,here comes santa claus,NA,here comes santa claus,Gene Autry,Composer,country,NA,cc-zero,4.83,3,28,1458,0,3,0-0-0,32,432,13.5,False,2.973437595434021,0.9305555555555556,0.9537760416666666
QmZfPFCAwLVZteybeGyXvmyyUz7WsociX52xRJE3YGQiYo,Here do I come to thy shelter today - Wm. J. Kirkpatrick,NA,Here do I come to thy shelter today,William J. Kirkpatrick,NA,classical,NA,publicdomain,0.0,0,0,6,2,1,0,16,379,23.6875,True,2.768351499210936,0.9709762532981532,0.8541666666666666
QmWsGBFan7yiSWEJfbbUmAdPE77Dyb7d3HHZ2Kg5ZJE5dd,Here I Am,NA,here i am to worship,Tim Hughes,Tim Hughes,religiousmusic,NA,cc-zero,4.28,4,18,466,1,1,0,78,285,3.6538461538461537,True,2.495898849096845,1.0,0.9586074561403508
QmR5YVb8Yd26wHnzz6DvhwSTTqAkXYRve1dSg8GNzNyshY,Here I lift my heart and hand - Robert Harkness,NA,Here I lift my heart and hand,Robert Harkness,NA,classical,NA,publicdomain,0.0,0,0,2,1,1,0,8,113,14.125,True,2.7250439286062207,0.9646017699115044,0.9557291666666666
QmZqEQnRgBvb1zCZQQ2CSKNkqH7dMKzw3bYXUzNA1Latju,Here in the house of the Lord - Wm. J. Kirkpatrick,NA,Here in the house of the Lord - Wm. J. Kirkpatrick,William J. Kirkpatrick,NA,classical,NA,publicdomain,0.0,0,0,5,2,1,0,26,374,14.384615384615383,True,2.692744698338357,0.9679144385026738,0.9496527777777778
QmTCnrTYKGfxgzbUeA4EbM5XUhPG6vNCLTvTD8AYhyCr9K,Here in thy temple lowly - Joseph Garrison,NA,Here in thy temple lowly,Joseph Garrison,NA,classical,NA,publicdomain,0.0,0,0,2,1,1,0,23,227,9.869565217391305,False,2.5238846070782865,1.0,0.9328703703703703
QmdSrgWQ6jiLCb4csDPyAzjkWY6UPErtZHY2sLqVodQ3L2,Here is sweet concord united - Clinton Dudley Lowden,NA,Here is sweet concord united,Clinton Dudley Lowden,NA,classical,NA,publicdomain,0.0,0,1,9,2,1,0,33,574,17.393939393939394,True,3.112344098333536,0.9076655052264808,0.9105902777777778
QmbSEKSxRBMvhHv7QBP7supN9Df3pwrkUfQ3wxdrYPpqij,Here O my Lord I see Thee face to face - Percy Whitlock,NA,Here O my Lord I see Thee face to face,Percy Whitlock,Percy Whitlock (1903-1946),classical,NA,publicdomain,0.0,0,1,33,0,3,0-0-0,46,584,12.695652173913045,True,3.170461553189877,0.8714285714285714,0.9822695035460992
QmcrZigHhLv3XViahdEL6BmoPdC49wFXUBykioDKQi7XWq,Here on the altar of true love - W. D. Howard,NA,Here on the altar of true love,W. D. Howard,NA,classical,NA,publicdomain,0.0,0,0,6,1,1,0,25,370,14.8,False,2.8460577817526853,0.954054054054054,0.9247685185185184
QmYFgfj9QhegtGjTaMGFr1iqvqRvubUWBEiHnB5dyB71gc,Here stands the cross of the crucified one - M. L. McPhail,NA,Here stands the cross of the crucified one,M. L. McPhail,NA,classical,NA,publicdomain,0.0,0,0,2,1,1,0,16,299,18.6875,True,2.679310462329253,0.979933110367893,0.9505208333333334
Qma5dqhkKooYZLsV7rFSdc4xoRS6t536tnYicc19aQoUbL,Here we all must part - C. Austin Miles,NA,Here we all must part,C. Austin Miles,NA,classical,NA,publicdomain,0.0,0,0,5,1,1,0,20,277,13.85,False,2.5437836646355487,0.9783393501805054,0.94921875
QmRREsrPAZMZdxjMNs1jNBtAaegpsj92vdqTtrqVNTPkZ5,Here We Come a Wassailing,NA,Here We Come A-Wassailing,Misc Traditional,NA,folk,NA,publicdomain,0.0,0,0,2,1,1,0,19,63,3.3157894736842106,False,2.6606975147259617,1.0,0.954656862745098
QmfNJTCWWFV9b1rdVoEUT9huALFaxjtGkiUZjxRwaLjZwg,Here we come a-wassailing,NA,Here We Come A-Wassailing,Misc Traditional,NA,folk,NA,publicdomain,0.0,0,0,47,1,1,0,21,249,11.857142857142858,False,2.8182835288005266,0.9799196787148594,0.9448529411764706
QmcQddHtTj9zRzU4TMeQFrNeNmjs7cauhwwcEKgfvw7tDK,Here we watch here we wait - G. F. Root,NA,Here we watch here we wait,G. F. Root,NA,classical,NA,publicdomain,0.0,0,0,5,1,1,0,18,351,19.5,False,2.7313608197497063,0.9914529914529916,0.9361979166666666
QmRBw7gs9SwQ5Ej4aRNVzpZQX8QLDfLsR8msUg6zLm7yiv,Here's A Health To All Good Lasses. WI.095,NA,Here's A Health To All Good Lasses. WI.095,Misc tunes,air for violin + piano duet,NA,NA,publicdomain,0.0,0,0,9,1,1,0,12,46,3.8333333333333335,False,2.4704225481554567,1.0,0.9526515151515152
QmdDMuUCeBrAhy9BPHSK19fnEfkLuv33Pa3jQBJEbFkjoh,Here's a Health to All Honest Men,NA,Health to all honest Men. PFD2.317 A,Misc tunes,NA,NA,NA,publicdomain,0.0,0,0,3,1,1,0,19,79,4.157894736842105,False,2.746117433778242,0.9367088607594936,0.8420138888888888
QmTeqJVU9UpvTRV7VY9Go2LXqwCH6RDT2YAJZnoSGNikHc,Here's a health to the King - Joseph Stephenson,A new Loyal HealthTo the Prince Duke and the Heroic King of Prussia.,Here's a health to the King,Joseph Stephenson,Joseph Stephenson,classical,NA,publicdomain,0.0,0,0,5,0,4,0-0-0-0,80,756,9.45,True,2.763832657177572,0.9847560975609756,0.8221726190476191
QmYtQHjgGfQzaZuZ8YwfJSpURdgezvzFdYeYud5kGJEBV8,Here's a lesson we should heed - B. E. Warren,NA,Here's a lesson we should heed,B. E. Warren,NA,classical,NA,publicdomain,0.0,0,0,4,1,1,0,16,146,9.125,True,2.467754005618876,0.9931506849315068,0.9244791666666666
QmURwNwwR3PeXfbDyZNKi5pjAqQmBFYjUQF7sX2PY3TLo6,Here's Good Health to the Piper (slipjig) 1150,NA,Here's Good Health to the Piper!,Misc tunes,Unattributed,NA,NA,publicdomain,0.0,0,0,3,1,1,0,18,134,7.444444444444445,False,2.4994019512421866,0.9850746268656716,0.9550438596491228
QmY3eKsnEzyu6JMh9qfZUpo4Pb1uNY9QWxezwb7pPq7Kne,Here's the Tender Coming,NA,Here's The Tender Coming,Misc tunes,NA,NA,NA,publicdomain,0.0,0,0,2,1,1,0,8,43,5.375,False,2.4547177263788003,1.0,0.8912037037037037
QmSgG9gq1RQPWWF1X9DmTN5TJhL67BCHuZYseJji4VKjiE,Here's The Tender Coming,NA,Here's The Tender Coming,Misc tunes,NA,NA,NA,publicdomain,0.0,0,0,5,1,1,0,18,88,4.888888888888889,False,2.447401504705915,1.0,0.9808333333333332
QmTp6aZGrG3Dsw9LczJgKaXt3pC6xHvsn64iRSY66tyn26,Here's to the Health,Laggan Burn,Here's to the Health,Misc tunes,NA,NA,NA,publicdomain,0.0,0,0,2,1,1,0,18,69,3.8333333333333335,False,2.5809596302600983,1.0,0.9466145833333334
QmQEWC9hHSyNTjzSfEg3KsuCEC6qA3npfGKZi9LbNE7CF7,Here's to the Maiden,Bashful Fifteen,HERE'S TO THE MAIDEN,Misc tunes,NA,NA,NA,publicdomain,0.0,0,0,2,1,1,0,36,164,4.555555555555555,False,2.6310393550372164,1.0,0.9479166666666666
QmQQvmzNdyM2CEzeCjAhehHETZGNdR9hSVYxB9Pz3pSbDw,HERE'S TO THE MAIDEN OF BASHFUL FIFTEEN.,NA,Here's To The Maiden Of Bashful Fifteen,Misc tunes,NA,NA,NA,publicdomain,0.0,0,0,3,1,1,0,12,60,5.0,False,2.649277877822524,1.0,0.9322916666666666
QmS9b2jGjEtzj9KRNrePP5ytjjSFrPCkRoZDkPahqS2s7C,HEREFORD (Gauntlett) - Henry J. Gauntlett,NA,HEREFORD (Gauntlett) - Henry J. Gauntlett,Henry J. Gauntlett,Henry John Gauntlett,classical,NA,publicdomain,0.0,0,0,3,1,1,0,18,246,13.666666666666666,False,2.833488674397017,0.9815668202764976,0.9632352941176472
QmbEb6F1vbZBXMbn2qYmk1V9onZe4xiuwxx21gDaU8eFhU,Heres a Health to all Good Lasses. RH.304,NA,Heres a Health to all Good Lasses. RH.304,Misc tunes,NA,NA,NA,publicdomain,0.0,0,0,5,1,1,0,74,256,3.45945945945946,False,2.518647277169896,1.0,0.9534313725490196
QmNgD55FU84NjKEJnWyoM68ok1VTf6jFTtroxiDHxHM4UN,Heres a Health to all Good Lasses. RH.304,NA,Heres a Health to all Good Lasses. RH.304,Misc tunes,NA,NA,NA,publicdomain,0.0,0,0,16,1,1,0,308,1198,3.8896103896103895,False,2.9496977875791432,0.9031719532554258,0.9242957746478874
QmRVUpz5ryvZHeKEq9Pg54617mxrp6cZQToHRreGsxqLNa,Hermitage - R. O. Morris,NA,Hermitage,R. O. Morris,NA,classical,NA,publicdomain,0.0,0,0,18,2,1,0,8,105,13.125,True,2.8502200877430064,0.961904761904762,0.9416666666666668
QmbbxxNNQbS3y5dUjLHGg3vfUa8rtTa2U54Q1ALdNXSygp,Hero's Life (Compact Score) Update,NA,NA,NA,By: Marc Johnson,NA,adventure-piano-videogame-movie-first-hero-awakening-notfinish-score-awesome-journey-sad-happy-amazing,cc-zero,0.0,0,11,638,2,1,0,242,4027,16.640495867768596,False,3.199118012090312,0.869683257918552,0.897216796875
QmfPLVH94wZAW1NhdDtdLya1Q2nbfukYBCfhNJKySCbrma,Hero's Quest For Equality,Hero's Quest For Equality,Hero's Quest For Equality,jtyoung5601,Bowser Junior Tunes,NA,gaming,cc-zero,0.0,0,0,54,0,2,0-0,62,1166,18.806451612903224,False,2.791377355372537,1.0,0.9502688172043012
Qmcz3QW9D4zw3eTmFW8jrPimZ6X6teZKt5oH9LXa2XX7Fs,Heroes- Avengers Age of Ultron (Piano),Avengers: Age of Ultron,The Ultimate Avengers: Age Of Ultron Medley,Danny Elfman,Danny Elfman,classical-soundtrack,NA,cc-zero,4.69,10,32,683,2,1,0,75,1493,19.906666666666663,False,3.144675506859077,0.7943737441393168,0.96
QmfYkF2rEGz1U2BJLGKibHzkqXiwBreiWWyeQMv7GKYaYd,Herold - Louis J. F. Herold,NA,Herold,Louis J. F. Herold,NA,classical,NA,publicdomain,0.0,0,0,3,2,1,0,8,146,18.25,False,2.6718368846848777,1.0,0.9296875
QmTciyfsjBxZdQmHgrqcpgaacHvavn79fAmQGj9xJELek8,Herr Christ der einig Gotts Sohn,NA,Herr Christ der einig Gotts Sohn,Anonymous,NA,classical,NA,publicdomain,0.0,0,0,28,0,6,0-0-0-0-0-0,18,300,16.666666666666668,False,2.697702211465969,1.0,0.976851851851852
QmU1iMNb7Gh8RcnS6Kdpe3gqwaxEE9TjXqU7kHWuwyCZSu,Herr Deine ewge Herrlichkeit - Samuel Furer,NA,Herr Deine ewge Herrlichkeit,Samuel Furer,NA,classical,NA,publicdomain,0.0,0,0,5,0,2,1-1,24,168,7.0,True,2.854014418276013,0.9820359281437124,0.946078431372549
QmaxtXTj2GpomG2SfXRe18cJF4TvskzqrpSvu7mToz7ejY,Herr deine Liebe ist wie Gras und Ufer,NA,herr deine liebe,Ernst Hansen,Refrain:,NA,hochzeitkirche,cc-zero,4.62,5,6,16211,1,1,0,24,63,2.625,True,2.417736449504771,1.0,0.9583333333333334
QmachTzm75GHPTi9j7q1gBz753yzihp4NSdzwzhMWHAxy8,Herr Dir ist niemand zu vergleichen - Johann Andreas Cramer,NA,Herr Dir ist niemand zu vergleichen,Johann Andreas Cramer,NA,classical,NA,publicdomain,0.0,0,0,20,0,2,1-1,40,374,9.35,True,2.783539363692444,0.9572192513368984,0.9666666666666668
QmRqPk8LRmYZ9jW5dcLRYCYR3XhwLYELoxgiVoVPD3JC8V,Herr ich komme zu dir,NA,herr ich komme zu dir,Albert Frey,NA,NA,sax,cc-zero,0.0,0,4,1049,1,1,0,40,133,3.325,False,2.7354213870185133,1.0,0.9030172413793104
QmQhZZ6p7X2TiSPb13i264MLhJqNkHeBSixdkdezfJa126,Herr im Glauben bitten wir,NA,Herr im Glauben bitten wir,Misc Traditional,NA,folk,NA,publicdomain,0.0,0,0,4,0,2,1-1,22,285,12.954545454545457,False,2.5855893643423355,0.98943661971831,0.8833333333333333
QmeCrHN7eKyQd3FDXLhtchZZuA111s1NxoF3H1bQhUMH5A,Herr Jesu Christ du höchstes Gut BWV 1114,NA,Herr Jesu Christ du höchstes Gut BWV 1114,Johann Sebastian Bach,NA,classical,bach-baroque-chorale,cc-zero,0.0,0,1,47,0,1,4,43,920,21.3953488372093,False,3.0840231991669635,0.8949671772428884,0.8978174603174603
QmdHkUvKQc6mAsEgcxAFLD2tQytBPhNHocfJVdKPMLGkPe,Herr Jesu Christe Gottes Sohn - Michael Praetorius,NA,Herr Jesu Christe Gottes Sohn,Michael Praetorius,NA,classical,NA,publicdomain,0.0,0,0,4,0,4,0-0-0-0,15,157,10.466666666666669,True,2.782423295553852,0.986842105263158,0.949404761904762
QmdDDSkiD4cww4B7SdFYYx2BURoMNZ62RH8B1JULafmPag,Herr Jesus Christ dein teures Blut - Johann Olearius,NA,Herr Jesus Christ dein teures Blut,Johann Olearius,NA,classical,NA,publicdomain,0.0,0,0,12,0,2,1-1,19,258,13.578947368421051,False,2.780150719110744,0.9844961240310076,0.9609375
QmcTo1zffzXaqfS61RNH4jC97oy65GYFJiwVbSighKU9yX,Herr Jesus unser Heiland Du,NA,Herr Jesus unser Heiland Du,Misc Traditional,NA,folk,NA,publicdomain,0.0,0,0,5,0,2,1-1,15,132,8.8,False,2.552419853437184,1.0,0.9696969696969696
QmNQD1XeASEtYKJ7fA11uyJa2H9aT8QNs5oqPaz16Kei24,Herr nun lässt du deinen Diener in Frieden fahren - Andreas Hammerschmidt,NA,Herr nun lässt du deinen Diener in Frieden fahren,Andreas Hammerschmidt,Andreas Hammerschmidt1611-1675,classical,NA,publicdomain,0.0,0,1,15,0,7,1-1-1-1-1-1-1,127,1771,13.94488188976378,True,2.834689409444863,0.9120809614168248,0.988110820244328
Qmd3UUG1Jow8JWL8x5BroFqagj1JXQ5k2rZmZeP1EzHjRd,Herr Roloff's Farewell,NA,Herr Roloff's Farewell,Misc tunes,J. Scott Skinner (1843-1927),NA,NA,publicdomain,0.0,0,0,13,1,1,0,18,91,5.055555555555555,False,2.7159501435717743,1.0,0.9557291666666666
QmfBZpow77yD1fa2gjwwFZp91TyhRDdZqFyuPgftxKpPQ1,Herr vor dein Antlitz treten zwei,NA,NA,NA,NA,NA,NA,cc-zero,0.0,0,0,484,1,1,0,12,28,2.333333333333333,True,2.4810896395659165,1.0,0.9670138888888888
Qma9mbn41HrPrikkvcd5sqvzun6QgxPz1PezrckTX5Vx3p,Herr zu Deinen Füssen,NA,Herr zu Deinen Füssen,Misc Traditional,NA,folk,NA,publicdomain,0.0,0,0,4,0,2,1-1,16,108,6.75,False,2.759121939414124,0.9814814814814816,0.9507575757575758
Qmck1R7jU3FY54ssG2wg8mKZtoMbk2i4Jvt9r4fG9N62rf,Herstmonceux - Ebenezer Prout,NA,Herstmonceux,Ebenezer Prout,NA,classical,NA,publicdomain,0.0,0,0,6,1,1,0,13,145,11.153846153846152,True,2.792884413899733,0.986206896551724,0.9631410256410255
QmNRmDtwzAtZRWBVqWpSS7MFSLmQtr2jiE4d1Jv3dn4Fjb,Herta Les saucisses,NA,Herta Les saucisses,Alfowl,Composer,NA,NA,cc-zero,0.0,0,0,28,0,1,0,32,18,0.5625,False,2.176908169168578,1.0,0.9583333333333334
QmRT6cPk1aDQcK4syozcRWjLD5y4zZfSFiKVsziFp1mMSR,Herve Roy - Lover's Theme (2 Girls 1 Cup - Theme Song),NA,Lover's Theme,Herve Roy,NA,NA,girlcup-loverstheme-herveroy,publicdomain,4.14,4,16,4849,2,1,0,86,1734,20.162790697674417,False,3.2456710471418218,0.8430804863925883,0.8428819444444444
QmarrofKQCVV4rQzuwBfdYa2JJABK1AS6vrLx17DfZAECF,Herzlich Lieb Hab Ich Dich O Herr - Matthias Gastritz,NA,Herzlich Lieb Hab Ich Dich O Herr,Matthias Gastritz,NA,classical,NA,publicdomain,0.0,0,0,50,1,1,0,32,414,12.9375,False,2.7550855113341,0.9902912621359224,0.947265625
QmTucZABn7bZxenqgv1D2Z5KiPVdxjakvoHpC6ce8emb6q,Hes real to me my Father God - Oliver Arnold,NA,Hes real to me my Father God,Oliver Arnold,NA,classical,NA,publicdomain,0.0,0,0,6,1,1,0,20,258,12.9,False,2.752143749902471,0.9534883720930232,0.8541666666666666
QmPwTjLQCR8fxN4eFaKywCUbYwmmwu29FizMECRdLYzDmQ,Hesitating Blues,NA,NA,NA,W.C. Handy - 1915,NA,copyrightfreeoldjazz-creolejazz,cc-zero,0.0,0,2,616,0,1,0,72,274,3.8055555555555554,True,3.0939289493762185,0.8905109489051095,0.9134389671361502
QmQQqocVpAVDRbZqpgcaDbK5xHkjtJEWhE7m4V1kkX1nUx,Hesretinden - Shefiqe Axundova (Azerbaijan),Performed by: Fuad Ä.Transcribed by: MüÅfiq,HÉsrÉtindÉn,Shafiga Akhundova,Fuad Äbrahimli,NA,NA,cc-zero,4.61,41,152,7033,0,1,0,28,523,18.678571428571427,False,2.899492564657515,0.97131931166348,0.8294753086419753
QmRH6P2VQGeyAqJPa6UWDGhg2ysFbFchEyjAB8oZqUNaq2,Het Wilhelmus,NA,Wilhelmus,Adrianus Valerius,NA,classical,leadsheet-anthem-dutch,cc-zero,4.53,12,41,8734,1,1,0,19,62,3.263157894736842,False,2.559459315825263,1.0,0.9375
Qmdtr9Q74Yg4VLijozXxzwAWWjiQ1ViGRj6nn8ApSkg1tn,Heurteur - Amour partes,Line 2,Amour partes,Heurteur,Heurteur c. 1550,classical,NA,publicdomain,0.0,0,0,5,1,1,0,4,184,46.0,True,2.795533070659215,0.9891304347826086,0.9745065789473684
QmY7uPHVcV1hoNtS13os3qfhxbnkLA2gj1ry1wxZA9kkay,Heurteur - Amour partes,Line 1,Amour partes,Heurteur,Heurteur c. 1550,classical,NA,publicdomain,0.0,0,0,4,1,1,0,3,166,55.333333333333336,True,2.782406635158396,0.9578313253012049,0.9679276315789472
QmVGZ5cREH8RZBWmmZ3g4FujTsb4gExzdMHfdvXygLhhQ4,Heveynu Shalom Aleychem,NA,Heveynu Shalom Aleychem,Misc tunes,NA,NA,NA,publicdomain,0.0,0,0,0,0,2,0-0,9,72,8.0,True,2.7095508747625834,0.9428571428571428,0.9114583333333334
QmdBCSPVFP8zdz8sM9nJgmnadn2X1dhYbRUcmXv8HfQyCr,Hewetson - Clarence T. Steele,NA,Hewetson,Clarence T. Steele,NA,classical,NA,publicdomain,0.0,0,0,2,1,1,0,10,122,12.2,True,2.794739521968284,0.9672131147540984,0.9659090909090908
QmQz34BgNrPb3gmzzC1isugQn3RWzcsoJmwojJMGoxH5uW,Hexagon Force,NA,Hexagon Force,Waterflame,Waterflame,electronic,geometrydash-hexagonforce-geodash-waterflame-piano-hexagonforcepiano-hexagonforcepianosheetmusic,publicdomain,4.71,38,127,14712,2,1,0,61,724,11.868852459016392,False,2.557996866202219,0.9834254143646408,0.9791666666666666
QmUqgw77wWuTNeTh7yBftQKpXnrjQCdNBpQhhkq7z83BKa,Hexham Races,Kenmore Lads,Hexham Races,Misc tunes,J-7,NA,NA,publicdomain,0.0,0,0,0,1,1,0,36,190,5.277777777777778,False,2.6295134236646693,1.0,0.9444444444444444
QmWWfJxVjUK1pDw64k493p1KwNLoY4SLLAucFqtdBwPRUe,Hexham Racesaka. RHu.144c,Kenmore's Awa'aka. RHu.144cScotch Set Of Quadrilles.3. RHu.144c,Hexham Racesaka. RHu.144c,Misc tunes,NA,NA,NA,publicdomain,0.0,0,0,4,1,1,0,27,122,4.518518518518518,False,2.83306628503241,0.9754098360655736,0.8969907407407407
QmRop5Pgd2KfMGm3h52mn3kPJh8wdcRv9BQFy3YiSjEqop,Hexham Racesaka. RHu.144c,Kenmore's Awa'aka. RHu.144cScotch Set Of Quadrilles.3. RHu.144c,Hexham Racesaka. RHu.144c,Misc tunes,NA,NA,NA,publicdomain,0.0,0,0,1,1,1,0,23,105,4.565217391304348,False,2.7417076528075963,0.9904761904761904,0.8916666666666666
QmWfJGtQnYNoonpb5XwvTztwVc53G8LuJGhEhCGZHM5TaT,Hey BoysUp We Go. (p)1679.PLFD1.227,King's Jig. (p)1679.PLFD1.227 The,Hey BoysUp We Go. (p)1679.PLFD1.227,Misc tunes,NA,NA,NA,publicdomain,0.0,0,0,2,1,1,0,28,92,3.2857142857142856,False,2.655123438167868,1.0,0.9392361111111112
Qmb2MQ3CU2QT2eCMmWg9xurZBNpGNCoqVGt8NaPJfXCvUp,HEY CA' THRO' -- JIG,NA,HEY CA' THRO' -- JIG,Misc tunes,NA,NA,NA,publicdomain,0.0,0,0,1,1,1,0,16,106,6.625,False,2.423228070070518,1.0,0.869212962962963
QmRoCr6jgdEtZW6i6MaaSRRU4RhZRcQTBh2QwnLWRPcYto,Hey Diddle Dis,NA,Hey Diddle Diddle,Misc Traditional,NA,folk,NA,publicdomain,0.0,0,1,10,1,1,0,13,62,4.769230769230769,False,2.5765343162439995,1.0,0.8101851851851851
QmfATDH57fSCYfE9ZrS9b4XJsFdTXGU44GxG8iB2icFuse,Hey Diddle Dis Tune name,NA,Hey Diddle Diddle,Misc Traditional,NA,folk,NA,publicdomain,0.0,0,2,15,1,1,0,13,57,4.384615384615385,False,2.615615751535547,1.0,0.8619791666666666
QmcyP6hPZfjwQzn6o1yMBe2sHfHKbqYPRm6C1tPS4tJR1B,Hey down down / Shall I goe walke the woods so wild / Oft have I ridden uponn my gray nag,NA,Hey down down / Shall I goe walke the woods so wild / Oft have I ridden uponn my gray nag,Misc tunes,From Pammelia (1609) compiled by Thomas Ravenscroft,NA,NA,publicdomain,0.0,0,0,16,1,1,0,4,104,26.0,True,2.810792427892882,0.971153846153846,0.9577991452991452
QmesFxJXtX2wFt41EkBZkiyNcKU418oMPAqQV8DVfhtMQc,Hey downe a downe - Thomas Ravenscroft,NA,Hey downe a downe,Thomas Ravenscroft,NA,classical,NA,publicdomain,0.0,0,1,25,0,4,0-0-0-0,64,399,6.234375,True,2.81518353739555,0.9924812030075189,0.9877232142857144
Qmd1vvj4uRhXE44HFkUeiy43jiDd3TJZc9BatYzwEuD14x,Hey for Honesty. THO2.170,Neighbour Downright. THO2.170M:C,Hey for Honesty. THO2.170,Misc tunes,NA,NA,NA,publicdomain,0.0,0,0,2,1,1,0,24,156,6.5,False,2.914723086507758,0.9743589743589745,0.9600694444444444
QmeYMCKcaTw3wogADNfs5UeavDKzJUNodzHGY2LVM5MxRd,Hey for the Buff and Blue,NA,Buff and Blue,Misc tunes,NA,NA,NA,publicdomain,0.0,0,0,2,1,1,0,16,132,8.25,False,2.811711094294458,0.9848484848484848,0.9764492753623188
QmdiWZVKSEzis3k6tzWdtatkN8BCG7kxkwSuDNQ85XFJge,Hey Good Lookin' What ya got cookin'?,NA,hey good lookin,Hank Williams,NA,country,NA,cc-zero,4.66,15,22,901,2,1,0,76,2113,27.80263157894737,False,3.1054318426727,0.8914177335229967,0.9624451754385964
QmWFqJNAuWsEr1JER6Jg9d3h7iwnfpnLKEWMEGto5Ue8NV,Hey Ho My Honey. (p)1657.PLFD.156,Maheney. (p)1657.PLFD.156New DanceA. (p)1657.PLFD.156,Hey Ho My Honey. (p)1657.PLFD.156,Misc tunes,NA,NA,NA,publicdomain,0.0,0,0,8,1,1,0,50,182,3.64,False,2.8908841126303155,0.945054945054945,0.9429976851851852
QmTiukgmXC8VARbequyDv3rh2zE1q6Xx1rW3S1E7xWvk7B,Hey Ho My Honey. (p)1657.PLFD1.156,Maheney. (p)1657.PLFD1.156New Dance. (p)1657.PLFD1.156 A,Hey Ho My Honey. (p)1657.PLFD1.156,Misc tunes,NA,NA,NA,publicdomain,0.0,0,0,2,1,1,0,50,182,3.64,False,2.8908841126303155,0.945054945054945,0.9429976851851852
QmUtm425NdAFYLb255VyrT6MfsLX2TCZBQURxK13PUyHJY,Hey hoe to the greene wood A Round of 3 Voices,NA,Hey hoe to the greene wood A Round of 3 Voices,Misc tunes,From Pammelia (1609) compiled by Thomas Ravenscroft,NA,NA,publicdomain,0.0,0,1,5,1,1,0,3,92,30.666666666666668,True,2.496463500126106,1.0,0.9791666666666666
QmUSwbQTdgkqbDFGurQ4dNBnkJoiEV8zRJ6unj2Bcrsi4R,Hey Jenney come down to Jock,NA,Hey Jenney come down to Jock,Misc tunes,NA,NA,NA,publicdomain,0.0,0,0,1,1,1,0,18,84,4.666666666666667,False,2.550904923648867,1.0,0.8806818181818181
QmYqsL6pYYfpWcc3LdJAcCxEm4sUV2xyy7i8UbTJzeX3aa,Hey Johnny Cope,NA,Johnny Cope,Misc tunes,NA,NA,NA,publicdomain,0.0,0,0,9,1,1,0,97,587,6.051546391752577,False,2.7775150082238644,0.9727427597955708,0.9400773195876287
QmVu3hPYfPkt21Aqpxim2MJwXAcrFXyxiQLjX1JiKX36gQ,Hey Johnny Cope,NA,Johnny Cope,Misc tunes,NA,NA,NA,publicdomain,0.0,0,0,6,1,1,0,16,82,5.125,False,2.5471829359693534,1.0,0.9361111111111112
QmNiuuWQQhwQaAXUUNxqdUb757eNABQd4LNq5VhRYQzaFD,Hey Johnny Cope,NA,Johnny Cope,Misc tunes,NA,NA,NA,publicdomain,0.0,0,0,11,1,1,0,29,156,5.379310344827586,False,2.632201854693228,0.9807692307692308,0.9456845238095238
QmWDdoDvLVT21paSfTic7P7CQhrEe6FBhWz7tJ1zkDZshS,Hey Soul Sister Reharm,NA,Hey Soul Sister Reharm,lolderp5123,arranged by Emma Paavo,NA,NA,cc-zero,0.0,0,4,142,0,2,0-0,31,654,21.096774193548388,False,2.768617150764645,1.0,0.8354166666666667
QmUjcxGCXauX99hkDfnW41KeuYXhJ1j3f3cGW71WWNuGdC,Hey There,NA,NA,NA,Jerry Ross,NA,NA,cc-zero,0.0,0,1,288,1,1,0,72,278,3.861111111111111,False,3.1705521958003464,0.8776978417266187,0.9099842767295596
QmWmdeNP62PYZh32bdjV9R7jWqoXZejF6Rz6HwsSZZYqLs,Hey To The Camp. (p)1688.PLFD1.300,NA,Hey To The Camp. (p)1688.PLFD1.300,Misc tunes,NA,NA,NA,publicdomain,0.0,0,0,7,1,1,0,75,507,6.76,False,2.757755108413789,1.0,0.9427083333333334
QmTzB5cucYG7UbYtCA5PxfPv3a6M9ZL1wzDLWHPYZvfCQP,Hey Ya!,NA,Hey Ya!,OutKast,Otkast,hiphop,hey-ya-outkast-barbershop-a-cappella,cc-zero,4.44,6,22,697,0,5,0-0-0-0-0,108,1760,16.296296296296298,False,2.719595204416475,0.950572634116938,0.9623724489795918
QmUqbpLbVSod4yt1r9ubmJjhBLgfB8Yz9jtz52m8dVjKUs,Heyat Davam Edir,Hayat davam edir,Heyat Davam Edir,Huseyn Adbullayev,By M. Alismaiel,classical,NA,cc-zero,4.7,7,29,432,0,2,0-0,51,1261,24.725490196078432,False,2.676580781215816,1.0,0.9779411764705882
QmQWdbRTuXHCmtu7n2pmbtfPpb8McEwSi32dW4D8FjcNSf,Heykens's Serenade Play parts 1 - 2 - 3 - 1,NA,Heykens's Serenade Play parts 1 - 2 - 3 - 1,Misc tunes,NA,NA,NA,publicdomain,0.0,0,0,22,1,1,0,45,414,9.2,False,2.624960992431296,1.0,0.9384057971014492
QmasqyhvxpCeuy5KD2AKUqAKrhSrDL7Sf4rYjY4m4xfZ2n,HezeKiah. C.M,NA,Hezekiah C.M.,Misc tunes,NA,NA,NA,publicdomain,0.0,0,0,4,0,4,0-0-0-0,19,155,8.157894736842104,False,2.568419670401139,0.9934640522875816,0.9666666666666668
QmajTi8PPbibqFCwaTKCZBbL1u7fuJdbvB7oYKR4Roy4Uo,hhhhhh,NA,hhhhhh,buhutavictor,NA,NA,NA,cc-zero,0.0,0,0,6,1,1,0,32,314,9.8125,False,2.8161970464443424,0.9968152866242038,0.9575617283950616
QmYnBvSTDFkQxZYh7Kqm5v3h8MyAzcqJXG2cQiVRU1WTNP,Hi sunt quos retinens - Francisco Guerrero,Commune plurimorum Martyrum Hymnus.Sanctorum meritis. Quatuor vocibus,Hi sunt quos retinens,Francisco Guerrero,Francisco Guerrero (1528-1599),classical,NA,publicdomain,0.0,0,0,11,0,4,0-0-0-0,36,327,9.083333333333334,True,2.9104141050437216,0.9751552795031057,0.9583333333333334
QmUcMia48sJeYtRdMikMXswiVaF1b3uF7qB7sUU5dTgRWs,Hi-O-Hiram,Haidh-O-HaidrumStocainnean DaoimeanCheckered Stockings,Hi-O-Hiram,Misc tunes,NA,NA,NA,publicdomain,0.0,0,0,5,1,1,0,81,451,5.567901234567901,False,2.378772732951428,1.0,0.949363425925926
QmTvMCc5sm3gWs1RrsjajwFqkTNRgbWz2Z7ckdNeCEZG4v,Hibernia. RH.040,NA,Hibernia. RH.040,Misc tunes,NA,NA,NA,publicdomain,0.0,0,0,10,0,2,0-0,159,923,5.80503144654088,False,2.596420401392568,1.0,0.9450136612021858
QmPm5Zhh7ptE8ZZHV66Cmvu4oao4ZW5MEUWGZJbCq6NH4h,Hic est Beatus Carolus - Giorgio Poss,NA,Hic est Beatus Carolus,Giorgio Poss,NA,classical,NA,publicdomain,0.0,0,0,23,0,3,0-0-0,67,727,10.850746268656716,False,3.0730789463448627,0.9270833333333334,0.9750285388127854
QmbYh9fjotDkXyJgJSEp8UzgSutpTaob7EMxtFANdVjkHZ,Hic vir despiciens mundum - Tomás Luis de Victoria,NA,Hic vir despiciens mundum,Tomás Luis de Victoria,Victoria (1535-1611),classical,NA,publicdomain,4.83,3,1,18,0,4,0-0-0-0,49,516,10.53061224489796,True,3.055478838613037,0.904950495049505,0.953900709219858
QmbvbZHCCQCfmnguGhRFAFDHt19N2eP1XhupKvfYpsvJCY,Hickory dickory dock,NA,Hickory dickory dock,Misc tunes,anon.,NA,NA,publicdomain,0.0,0,0,32,1,1,0,16,29,1.8125,False,2.243215984236965,1.0,0.9545454545454546
QmT6EkrSR9jnnFFa3FU99pYrWbg4wStUYbM32FW5CGBt9i,Hicks' Farewell - William Walker,NA,Hicks' Farewell,William Walker,NA,classical,NA,publicdomain,0.0,0,1,6,0,3,0-0-0,13,133,10.23076923076923,False,2.466038524718586,1.0,0.950657894736842
QmTzDfvzw75gBdDHtpFbWa8seJkawZMuJcEiwVNJ5sakje,Hicks's Hall has broke us all. JJo6.119,NA,Hicks's Hall has broke us all. JJo6.119,Misc tunes,NA,NA,NA,publicdomain,0.0,0,0,3,1,1,0,32,150,4.6875,False,2.8417103487733595,0.8933333333333333,0.9262152777777778
QmXW58EKP21EkKUzvUrfHGzTJeC7NMUCHcT2ZgbhgGui4b,Hid with Christ in God the Father - Celia E. Stanton,NA,Hid with Christ in God the Father,Celia E. Stanton,NA,classical,NA,publicdomain,0.0,0,0,5,2,1,0,17,202,11.882352941176473,True,2.622699229564574,1.0,0.9611111111111112
QmaBCFVD9S4AoEWuuPaPVWpR2t9z914svhLfpn4MH6oUwk,Hidden consecutives,NA,Hidden consecutives,ÐÐµÑÐ³ÐµÐ¹ ÐÐµÑÐ½ÐÐºÐ¾Ð²,NA,NA,NA,cc-zero,0.0,0,1,94,2,1,0,37,638,17.243243243243242,False,3.4836730338249686,0.7063492063492064,0.9520833333333332
QmVMqE5phYaVSn6ZPKD176296ucm51GsssNV8mdYHgvzj8,Hidden Shadows Leadsheet,NA,Hidden Shadows,Wandishi Herbie Hancock,Herbie Hancock,NA,hiddenshadows-herbiehancock-wandishi,cc-zero,0.0,0,2,273,1,1,0,28,164,5.857142857142857,False,2.4944032502471307,0.9205298013245032,0.871031746031746
QmaRcs7t2BEbG4Bo2AxMueMAMaFcz8nXqyLvmHYcWJiET3,Hidden Track - Pennywise,Pennywise,secret,Pennywise,Arranged by Piano Tutorials Plus on YouTube,rock,NA,cc-zero,4.88,14,25,1755,2,1,0,155,2946,19.006451612903227,False,2.797411243210936,0.9799251446070092,0.9365591397849462
QmWy8AgFA4A7mJuF1kfHjatbS8WFDvNonAoEMjaFtATjFu,Hidden with Christ in God - Leonard C. Voke,NA,Hidden with Christ in God,Leonard C. Voke,NA,classical,NA,publicdomain,0.0,0,0,5,1,1,0,12,169,14.083333333333334,True,2.9338171592240245,0.9349112426035504,0.960648148148148
QmdBc2EXq1ENhffSqMvBP47UkqkwfvVSucDNrnxyV67Q44,Hide and Go Seek (jig) 0859,NA,Hide and go seek,Misc tunes,Unattributed,NA,NA,publicdomain,0.0,0,0,5,1,1,0,38,198,5.2105263157894735,False,2.6213208994058155,1.0,0.9753787878787878
QmVde1yUdNjH66FsV7WsXaCHR5U92hm52dGoFUKKzYrWXz,Hide and Seek (ssaa),NA,hide and seek,Imogen Heap,NA,rock-pop,NA,publicdomain,4.81,8,29,652,0,5,0-0-0-0-0,122,1605,13.155737704918034,True,2.717054175933128,0.9986754966887416,0.9047865013774103
QmQuxKzT2pJnXcw1XMT3ZaCD7z7Z6QRk1WprBfVR68WamH,Hidegen fújank a szelek,NA,NA,NA,NA,NA,NA,publicdomain,0.0,0,0,53,1,1,0,16,64,4.0,True,2.149397470347699,1.0,0.9583333333333334
QmZi4r7HAa9N9NdM2KVFsfpWUwwJpDxpnaneENGP9m8mHq,Hiding in the Rock where we are blest - L. C. Hall,NA,Hiding in the Rock where we are blest,L. C. Hall,NA,classical,NA,publicdomain,0.0,0,0,3,2,1,0,16,272,17.0,True,2.602354753336902,0.9669117647058824,0.9270833333333334
QmPa8TxpkykAwB9TtLgKZ9K78qiDaJNvPZFycgTAvMAhBs,Hie to Cambridge,NA,Hie to Cambridge,Misc tunes,NA,NA,NA,publicdomain,0.0,0,0,2,0,2,0-0,8,145,18.125,False,2.76654756726646,1.0,0.9791666666666666
QmfLJmqMNJBxWuGVLJtQ24YizZqZK7iBG3qMcCfVo3mGzt,Higgins' Best (hornpipe) 1750,NA,HIGGINS' BEST,Misc tunes,Mr. McElliott,NA,NA,publicdomain,0.0,0,0,7,1,1,0,34,238,7.0,False,2.454516444221212,0.9915966386554622,0.9733072916666666
QmSFqnyosyLBrWRdpZWL5UPgt162xW76zXj3BKaiui6qZA,High C's,NA,High C's,Misc tunes,Newton F. Tolman,NA,NA,publicdomain,0.0,0,0,9,1,1,0,36,236,6.555555555555555,False,2.798329131651664,0.9745762711864406,0.8971354166666666
QmRKqrMjLbpYDry85ckwq3qPK5o1XaefwhMhX4ANrGN4bJ,High Caul Capaka. RHu.144d,Donkey Ridingaka. RHu.144dCockleshellsaka. RHu.144dHighland Laddieaka. RHu.144dLass of Livingstoneaka. RHu.144dScotch Set Of Quadrilles.4. RHu.144d,High Caul Capaka. RHu.144d,Misc tunes,NA,NA,NA,publicdomain,0.0,0,0,4,1,1,0,18,70,3.888888888888889,False,2.451828893604796,1.0,0.8958333333333334
QmRrGNDDtPj9VysQ6ENPA3XQq6h2cLphcjT2dLwEDYH18A,High Germany,NA,High Germany,Misc tunes,Mrs Marina Russell Upwey coll. c1906 HED HammondTranscibed to abc by PJHeadford,NA,NA,publicdomain,0.0,0,0,5,1,1,0,17,69,4.0588235294117645,False,2.509200398526004,1.0,0.9201388888888888
QmV1KqG2zKNjMGtT2JSh1DkBR4f27jiL3ZTDp4RwzDXLRH,High Germany - singer at Watford,NA,High Germany,Misc tunes,NA,NA,NA,publicdomain,0.0,0,0,8,1,1,0,91,327,3.593406593406593,True,3.0135929137159687,0.8746177370030581,0.9040948275862069
QmPJPmPHHjNaW79FuZTMwUjuzKJUr9o9CAoYn1wJ4m3vFi,High Ginks,NA,High Ginks,Misc tunes,1728,NA,NA,publicdomain,0.0,0,0,3,1,1,0,25,122,4.88,False,2.610650872264662,0.9672131147540984,0.9644097222222222
QmYABwBqLcq4fNuyWJvnFVg6raqk7h4hyBbnQ7fhbq73S1,High Ginks. PFD2.267,NA,High Ginks. PFD2.267,Misc tunes,NA,NA,NA,publicdomain,0.0,0,0,1,1,1,0,18,74,4.111111111111111,False,2.6153798481796864,0.9864864864864864,0.9557291666666666
QmXLipRSw1kLXJnLa3SiQMcx3AzFgFvDWJFRFeMoFjza1e,High in yonder realms of light (Root) - George F. Root,NA,High in yonder realms of light (Root),George F. Root,NA,classical,NA,publicdomain,0.0,0,0,11,1,1,0,17,223,13.117647058823527,False,2.684490071356492,0.9865470852017936,0.9622395833333334
QmRFaEUbvgtfsSV4Kyvf3dzuqUFsR1bcgTzxRY8UeGopE3,High Jig,Port Ard (An),High Jig,Misc tunes,NA,NA,NA,publicdomain,0.0,0,0,1,1,1,0,36,174,4.833333333333333,False,2.641254403921219,1.0,0.9522569444444444
QmNbTwtD4P5p43CuCFziczPokzBTX3yPKLHek8Ntzu7319,High Jig,Port Ard (An),High Jig,Misc tunes,NA,NA,NA,publicdomain,0.0,0,0,3,1,1,0,45,217,4.822222222222222,False,2.64306782299258,1.0,0.9493055555555556
QmQY4Jt1a72PM5acysUZUHYFjo4DsKvFQkWNdyi73sN92e,High Road to Gairloch CCPB Sep-1995,NA,High Road to Gairloch CCPB Sep-1995,Misc tunes,2.,NA,NA,publicdomain,0.0,0,0,1,1,1,0,32,302,9.4375,False,2.680308334378492,1.0,0.9309895833333334
QmZtmLJGapudxtYNNjpBj2BYbXgck3g6SMZV82iRJHpfsq,high school musical medley,sensations,high school musical - high school musical,Misc Soundtrack,milly,soundtrack,NA,cc-zero,0.0,0,6,177,0,5,0-0-0-0-0,129,2086,16.170542635658915,True,3.4486394878512625,0.739956568946797,0.941924778761062
QmeuHWj9Z2AbdKedRpQzqaWaKrH5rWdJAPnFXRUrkKe8Gf,High Society,NA,High Society,Misc tunes,1901,NA,copyrightfreeoldjazz-creolejazz,cc-zero,0.0,0,6,1655,0,1,0,200,614,3.07,False,3.152479849454577,0.8973941368078175,0.9334415584415584
QmVfbfK7mYEgEdrqxDC7BKkb1DxSPKKUxsXBtEWhuhkSd9,High Thee Jemmy Home Again. JaW.057,NA,High Thee Jemmy Home Again. JaW.057,Misc tunes,NA,NA,NA,publicdomain,0.0,0,1,3,1,1,0,16,130,8.125,False,2.6593002640762595,1.0,0.9453125
QmNsAFKTyKDLwQgHinqTF54fHtjjDuZPEVLHosFs9jMQwB,High-caul cap,NA,High-caul cap,Misc tunes,anon.,NA,NA,publicdomain,0.0,0,0,1,1,1,0,34,174,5.117647058823529,False,2.5971198221293506,1.0,0.9520833333333332
QmRti8rjGj5sxGnfhYMQhXWVtBL1zQ4j2TPjrxEv9VjwpT,Higher Love v1 7,Kygo Whitney Houston,higher love,Kygo,arr. Carly McGregor,pop-electronic,NA,cc-zero,4.87,5,7,236,0,8,0-0-0-0-0-0-0-0,93,2433,26.161290322580644,True,3.1032725463972395,0.8791528239202658,0.921594982078853
QmeVKXKHBEn9QPW4L95K9judq1c9tifBoWpmEXnYRKxYyW,Higher Nothing,NA,NA,NA,Giedrius Mirklys,NA,NA,cc-zero,0.0,0,0,50,1,1,0,58,899,15.5,False,2.69787071776012,1.0,0.8946759259259259
QmYmPFcxToJKhkTh8Moo3Bw1qJU3cE718F4pP9U8LMDZDe,Highgate Tunnel2parts. JNu.45,NA,Highgate Tunnel2parts. JNu.45,Misc tunes,NA,NA,NA,publicdomain,0.0,0,0,2,0,2,0-0,27,229,8.481481481481481,False,2.7702637910783547,0.982532751091703,0.976851851851852
QmXWu93qFPCPv23Z8Hsg32KTQXrLQbMBSvzS53inWswD8h,Highgate Tunnel2voices. JNu.45,NA,Highgate Tunnel2voices. JNu.45,Misc tunes,NA,NA,NA,publicdomain,0.0,0,0,0,0,2,0-0,36,306,8.5,False,2.8085765590158047,0.9738562091503268,0.9774305555555556
QmdTQjTjENP7yuSsUTs4WyxtCVcTxHagvgKhnCxiZDYDHF,highland - No.109 The 21 Highland,NA,No.109 The 21 Highland,highland,highland,classical,NA,publicdomain,0.0,0,0,4,1,1,0,18,134,7.444444444444445,False,2.6248373088577424,1.0,0.9348958333333334
QmZWe1ve1ANoN3hBJuqDtxjVB41h5Aeyg5UqWqWQvPehuz,highland - No.111 The Low Highland,NA,No.111 The Low Highland,highland,highland,classical,NA,publicdomain,0.0,0,0,6,1,1,0,16,121,7.5625,False,2.465051926415886,0.9917355371900828,0.9166666666666666
QmVV2M1ARyep4Btof31aJ5Mq2GQydsfNi1AvXujG9GC82s,highland - No.119 Casey's Pig,NA,No.119 Casey's Pig,highland,highland,classical,NA,publicdomain,0.0,0,0,3,1,1,0,16,123,7.6875,False,2.509346764767769,1.0,0.9153645833333334
QmXFVY4TZmvr2dxhBzCwW26fuRaL2tNRNPzb1zRzqoB1dB,highland - No.127 Paddy Bartley's,NA,No.127 Paddy Bartley's,highland,highland,classical,NA,publicdomain,0.0,0,0,5,1,1,0,16,127,7.9375,False,2.59660235158878,1.0,0.93359375
QmRVutKAJgC6SYJ2Mue6bw8PThyq4WsXcLMUjFcsKC7eyo,highland - No.38 Highland Fling,NA,No.38 Highland Fling,highland,highland,classical,NA,publicdomain,0.0,0,0,1,1,1,0,16,134,8.375,False,2.2800233219721706,1.0,0.9127604166666666
QmRyVPSRdYX8SAPykgB25Q85XBSmZgfgU4WzPNRbhyP6Lg,highland - No.43 The McConnell's Highland,NA,No.43 The McConnell's Highland,highland,highland,classical,NA,publicdomain,0.0,0,0,5,1,1,0,16,121,7.5625,False,2.6096959736110694,1.0,0.9049479166666666
QmNRee8qwDTTPJx4dL6228CHgEvDUSTbundthiehLrECRu,Highland Air. LW.114,Jemmy's Lost his Walletaka. LW.114Mrs Dundas McQueenaka. LW.114Niel Gow's wifeaka. LW.114,Highland Air. LW.114,Misc tunes,NA,NA,NA,publicdomain,0.0,0,0,3,1,1,0,17,139,8.176470588235293,False,2.698852806394191,1.0,0.9319444444444444
QmUmve56BmhyHaL56SfcCknGyF2Fz6HtNXyHPNqgKoYNgS,HIGHLAND CATHEDRAL,NA,highland cathedral,Misc Traditional,NA,folk,NA,publicdomain,0.0,0,0,34,1,1,0,16,181,11.3125,False,2.7504656971295325,1.0,0.9375
QmTUyYToycZpUVQ9BphonuRcYfpGqUaAwaHfEgag6BsYyS,Highland Cathedral,NA,highland cathedral,Misc Traditional,Joe Buchanan's Scottish Tome - Page 517.0,folk,NA,publicdomain,0.0,0,2,45,1,1,0,32,72,2.25,False,2.753351559982504,1.0,0.9641927083333334
QmcmwL3W49Kh3VcjKSXADkviNqvkVQoHzLK7m7SnmkCCRC,Highland Cradle Song,NA,Highland Cradle Song,Misc tunes,NA,NA,NA,publicdomain,0.0,0,0,7,0,2,0-0,24,108,4.5,False,2.661695165760564,0.9791666666666666,0.9421296296296297
QmYMh7vmsQXV6F2psNp8tgHXDaR2fWzUqtpmj5AH7HETgg,Highland Cradle Song,NA,Highland Cradle Song,Misc tunes,NA,NA,NA,publicdomain,0.0,0,1,4,1,1,0,32,68,2.125,False,2.64827612948184,1.0,0.9402173913043478
QmbSfxYo1mekS8QK5UZ6J6SF9fxfuGbychhTvgswrAfopb,HIGHLAND DONALD KISSED KITTY,NA,HIGHLAND DONALD KISSED KITTY,Misc tunes,NA,NA,NA,publicdomain,0.0,0,0,3,1,1,0,16,124,7.75,False,2.429057505349308,1.0,0.9348958333333334
QmS81T5HFAiFDaViJGQe4mw3pcFRnP7mfdRPqQt7825ZFz,Highland Dress and Armour,NA,Highland Dress and Armour,Misc tunes,NA,NA,NA,publicdomain,0.0,0,0,4,1,1,0,38,254,6.684210526315789,False,2.419477709971432,1.0,0.8860677083333334
QmU6w4DoR6muBzQTx7iv5UXeBKQgR69NbYAuryuqwjmRHD,Highland Dress and Armour,NA,Highland Dress and Armour,Misc tunes,NA,NA,NA,publicdomain,0.0,0,0,3,1,1,0,72,494,6.861111111111111,False,2.4217613820285173,1.0,0.8840277777777777
QmYR2M76AYmeu2QPCDRoteFVPp5fFXmGHhehTB2m6sWkzR,Highland FairThe. JJo1.151,NA,the Highland Fair,Misc tunes,NA,NA,NA,publicdomain,0.0,0,0,7,1,1,0,16,87,5.4375,False,2.6004688061964583,1.0,0.953125
QmZXJGB1r3Pp6jhSbhSzLfthfzACd7vKekkrKgdmtwnNn3,Highland Harry CYMRU,NA,Highland Harry CYMRU,Misc tunes,NA,NA,NA,publicdomain,0.0,0,0,3,1,1,0,36,533,14.805555555555555,False,2.5069303184224685,1.0,0.888671875
QmcwhXr6fkMifg6VbR9jtd9Ye1zU99KyvactCqdx4igRVr,Highland Lad. HS.19,White Cockadeaka. HS.19,Highland Lad. HS.19,Misc tunes,NA,NA,NA,publicdomain,0.0,0,0,4,1,1,0,36,132,3.6666666666666665,False,2.204946646141216,1.0,0.9557291666666666
QmakkETxRbvDQk9GpAHv6tnksW3JziQ8XJA6nb715YmJTN,Highland Laddie (4),New Highland LaddieJinglin' Johnny,Highland Laddie,Misc tunes,NA,NA,NA,publicdomain,0.0,0,0,6,1,1,0,48,436,9.083333333333334,False,2.5860092457596973,1.0,0.9270833333333334
QmTkgfhgKbRQRkj7K2ozcfDdywYzLrz2FHGtwTBN7AWyas,Highland Laddie. LW.005,Kate Dalrympleaka. LW.005Jinglin' Johnnieaka. LW.005,Highland Laddie. LW.005,Misc tunes,Lionel Winship,NA,NA,publicdomain,0.0,0,0,0,1,1,0,96,1014,10.5625,False,2.5052925864634954,1.0,0.9071180555555556
QmYXxWjTNtLXLvjFYwERan99LXU3HXCwGgU4yR8YghtWS5,Highland Man Who Kissed His Grannie (r),NA,Highland Man Who Kissed His Grannie (r),Misc tunes,NA,NA,NA,publicdomain,0.0,0,0,3,1,1,0,24,253,10.541666666666666,False,2.8102200087106346,0.9525691699604744,0.980510752688172
QmVTXzTtyvATSfci5CPqz43ZSYVcRY6Aza2SVFLRx3nhks,Highland March in Oscar and Malvina,NA,Highland March in Oscar and Malvina,Misc tunes,NA,NA,NA,publicdomain,0.0,0,1,10,1,1,0,72,410,5.694444444444445,False,2.6543738661896,1.0,0.9305555555555556
QmYyczuxGd8Dd3o3HQ6dQ2gXVUTJWL37145B4nB55GgQnj,Highland Mary - Morris Dance,NA,HIGHLAND MARY,Misc tunes,NA,NA,NA,publicdomain,0.0,0,0,20,1,1,0,18,90,5.0,False,2.7043556547933165,1.0,0.95703125
QmZK3NmDDFs1tQk7uVaxVdoyi4sEPQEjRk4TmTQ8GNEPGn,Highland Mary - Oddington,NA,HIGHLAND MARY,Misc tunes,NA,NA,NA,publicdomain,0.0,0,0,2,1,1,0,18,85,4.722222222222222,False,2.6150845223814705,1.0,0.9778645833333334
QmQ6qfofvuCNCwUGxkumv8LuE8UP1WjrGnnnEv1hTjveCT,Highland Mary to the tune of Kathrine Ogie. Dix.36,NA,HIGHLAND MARY,Misc tunes,NA,NA,NA,publicdomain,0.0,0,0,11,1,1,0,36,194,5.388888888888889,True,2.638291587858584,1.0,0.94140625
QmYd9Nt3Zsjabr4sqgY2NtNCcRpXqikU5uKtifymm1hf4t,Highland Mary Tune name,NA,HIGHLAND MARY,Misc tunes,NA,NA,NA,publicdomain,0.0,0,0,1,1,1,0,16,72,4.5,False,2.728347823041111,1.0,0.9466145833333334
QmXvHgab9fPLai5Mkthd1YiGCptknTqiCArADWEx2jNHVK,Highland Skip 1,Parnell's ReelBoyne Hunt The,Highland Skip 1,Misc tunes,NA,NA,NA,publicdomain,0.0,0,0,2,1,1,0,16,117,7.3125,False,2.314111443162024,1.0,0.9752604166666666
QmYPiwzzsy5cowAFFdSJxTMN44cHN8amCT5cCXp8TWMC5Y,Highlander's Jig/Forest Glen/,Cold Winds from Ben Wyviss,Highlander's Jig/Forest Glen/,Misc tunes,NA,NA,NA,publicdomain,0.0,0,0,1,1,1,0,35,179,5.114285714285714,False,2.8506968133224864,0.9664804469273744,0.9713541666666666
QmR8MgVuQanXvZZGRwwcgRb5NFq1ed2XkNtRWkJk3qN1vH,Highlander's Kneebuckle,B\'ucla Gl\'uine an H\'ileant\'ora,Highlander's Kneebuckle,Misc tunes,NA,NA,NA,publicdomain,0.0,0,0,2,1,1,0,44,347,7.886363636363637,False,2.554174083392577,1.0,0.9166666666666666
QmZ1dhsegrFAqaRrrEw8DCM4hW16S5Shw5CL9iNiVzF4iw,Highlandman Kiss'd his Mother. RH.233,NA,Highlandman Kiss'd his Mother. RH.233,Misc tunes,NA,NA,NA,publicdomain,0.0,0,0,3,1,1,0,32,132,4.125,False,2.566505996536241,1.0,0.9791666666666666
QmVaMMp8c3qYcsjfe2oo7ZMgkBydrjK47L3bFf3evBVAJg,hightide,NA,hightide,Shadow467,NA,NA,NA,cc-zero,0.0,0,0,24,2,1,0,56,372,6.642857142857143,False,3.403038382942128,0.6837837837837838,0.9210271317829456
Qmdy3TKSCZjmwFmqsZqiu5vCoXziU42kHGAywXtprWF8Nz,Hijo de la luna (violín),(Violín),hijo de la luna,Mecano,Mecano Arr. Aidé D. A.,pop,NA,cc-zero,4.62,13,150,16508,1,1,0,243,592,2.436213991769548,False,2.653697009467439,1.0,0.9388095238095238
QmUR5wVz4yc7jTmZUjJJs8qXXEPLKP1EbYgSnsvo69ugkc,Hijo-de-la-Luna-2020-full-score,NA,hijo de la luna,Mecano,Arrangement: Rob van der Meule,pop,NA,cc-zero,0.0,0,1,182,0,8,0-0-0-0-0-0-0-0,262,3862,14.740458015267176,True,3.031032727443705,0.9092126405998928,0.9619430693069309
QmWMEa5jCvup7wuxuXCCUWEG837JPAjvLkksFy6WewXChW,Hikaru Nara,NA,NA,NA,Original Composer: Goose House Lyrics: not finished Arr: DA830 (edited by me),NA,yourlieinapril-compositions-cool-feels-ripkaori-bestanime,cc-zero,0.0,0,4,207,2,1,0,59,1107,18.76271186440678,True,2.864228073240813,0.9782411604714416,0.9504310344827588
QmWzCFUm1TkoXxALGFFm5QHCr5MrmPQ6oQmQEGPTLNgoX6,Hikaru NaraVocals,Your Lie In April OP 1,hikaru nara,Goose house,NA,pop,NA,cc-zero,0.0,0,0,18,0,4,0-0-0-0,116,1675,14.439655172413794,False,2.8383093860264954,0.9770797962648556,0.893640350877193
QmYBS289WfLCSEQb8uLqEfErfbzLeH3qZ9mur54Sg9PLks,Hilarity Rag,Rag Two-Step,Hilarity Rag,James Scott,James Scott,NA,NA,cc-zero,0.0,0,0,45,0,2,0-0,129,2682,20.79069767441861,False,3.2440382274607247,0.8544776119402985,0.9449869791666666
QmNsrea1N6Q1S2HTHhd9dbooxoaWKZbV8rG3mN7EMzAxzv,Hill - J. E. Gould,NA,Hill,J. E. Gould,NA,classical,NA,publicdomain,0.0,0,0,2,1,1,0,9,112,12.444444444444445,False,2.714878495705485,0.9910714285714286,0.9444444444444444
QmdKDMbwPZXfmn7iWPNfbGLQQ7npp5zPTqNGMCqVw4jpRM,Hill - March EHo.063,NA,March EHo.063,Hill,Hill,classical,NA,publicdomain,0.0,0,0,1,1,1,0,44,256,5.818181818181818,False,2.6220582024254986,0.9765625,0.9333333333333332
QmezhXDtFcjMLkuv6wWqo8vh7bLgXiJssT3eNDPg9rj5hX,Hill - Quick March EHo.080,NA,Quick March EHo.080,Hill,Hill,classical,NA,publicdomain,0.0,0,0,5,1,1,0,48,207,4.3125,False,2.413269142160354,0.9951690821256038,0.9157986111111112
QmPc9LZ2RTtaNuyjDBEmpk8s2TryotGw8vwYMXtHESG15V,Hilland Lilt A,NA,Hilland Lilt [1] A,Misc tunes,NA,NA,NA,publicdomain,0.0,0,0,3,1,1,0,12,53,4.416666666666667,False,2.7585948155576374,0.981132075471698,0.9525462962962964
QmRq8rJ2WLquC9tvQ1NB3rmQXE3MbLiMTYnRr9VLoxKwnu,Hiller Piano Concerto No. 2 in F Sharp Minor (Arr. for 2 pianos),Excerpt from 1st Movement,NA,NA,Ferdinand Hiller Op. 69,NA,ferdinandhiller,cc-zero,0.0,0,4,183,0,2,0-0,170,5451,32.06470588235294,False,3.3616867433049347,0.8250577367205543,0.7273498062015504
QmdrBcZN7Pgf7paX2qNJSzJiMbxwX1Vn6JaX7jVEScBK4b,Hills of Sicily - Solo Piper Intro to Farewell to The Creeks 1st tim,NA,Hills of Sicily - Solo Piper Intro to Farewell to The Creeks 1st tim,Misc tunes,NA,NA,NA,publicdomain,0.0,0,0,8,1,1,0,18,238,13.22222222222222,False,2.600003294736231,1.0,0.918154761904762
QmPAjhDb5Et7Yzio16wK6Hucs3YniksPRApUKfJ6uMM8ph,Hilly-Go Filly-Go. FTB.086,Nottingham Swing. FTB.086King of the Cannibal Islands. FTB.086,Hilly-Go Filly-Go. FTB.086,Misc tunes,NA,NA,NA,publicdomain,0.0,0,0,2,1,1,0,52,210,4.038461538461538,False,2.722635439487864,1.0,0.9131944444444444
Qma6CK7sVUXXYgJBY6ASQDM9ijZ6sF9HFSeg9mD9fPEbMV,Him (Hymn). JBut.967 A,NA,Him (Hymn). JBut.967 A,Misc tunes,NA,NA,NA,publicdomain,0.0,0,0,1,1,1,0,19,75,3.947368421052632,False,2.600430072236438,1.0,0.9583333333333334
QmPkANRcpobc194jazF72PDXxGUC2287WnWuwqi5r84HAQ,Himmel und Erde,NA,NA,NA,Percy Mayfield Ray Charles,NA,NA,cc-zero,0.0,0,0,35,0,1,0,12,32,2.6666666666666665,True,2.5441505805015394,1.0,0.9444444444444444
QmReVk5YvQ8AsFvfSYXC8uMM6wWca5cMmmJUPGW13M4TXo,Himmelsheimat über Sternen droben - Wilhelm Brockhaus,NA,Himmelsheimat über Sternen droben,Wilhelm Brockhaus,NA,classical,NA,publicdomain,0.0,0,0,10,0,2,0-0,20,204,10.2,True,2.778756420832304,0.965686274509804,0.9300595238095238
QmfJxetpvRfjrXsq5qbt7JQw9UEV11chvF3bK11EmoH3tt,Himne a l'alegria - Beethoven,NA,Himne a l'alegria - Beethoven,Josep_M,Beethoven,NA,NA,cc-zero,4.83,3,0,12,1,1,0,24,88,3.6666666666666665,False,2.224627999259429,1.0,0.9748263888888888
QmTqCm91qy3ockcNZXrnLVZq3VgDNtCVUcv4Mu6LsrVCjY,Himno 211,NA,NA,NA,José M. Martínez,NA,ldshimnosarreglos,cc-zero,0.0,0,0,112,0,1,0,16,112,7.0,False,2.3990077218764627,0.990990990990991,0.9700520833333334
QmTkPnbNh63BFdV9Dt6oFD8ubB62mY7QLuSjx1A9ZWrZEQ,Himno 211 V2,NA,NA,NA,José M. Martínez,NA,NA,cc-zero,0.0,0,0,58,1,1,0,16,166,10.375,False,2.493150679219479,0.9872611464968152,0.9700520833333334
QmTWdVuHFft7GJVVw1rT3tvFATiGu19RmubQ7j1tbD9nMz,Himno a la alegriade la 9ª sinfonia,NA,NA,NA,L.van Beethoven (1770-1827),NA,NA,publicdomain,0.0,0,14,615,1,1,0,17,114,6.705882352941177,False,2.3112781295204274,0.9912280701754386,0.9852150537634408
QmfDtBGUVCEW6pFSg2YxL2E7vndVmrSAhbapFihC2tHioh,Himno a Santa Cruz de la Sierra [Bolivia],NA,Himno a Santa Cruz,Gaston Guillaux,Gastón Guilläux,worldmusic,himno-santa-cruz-cruceno-cruceo-santacruz-camba,cc-zero,4.58,9,4,610,1,1,0,41,239,5.829268292682927,True,2.736668514408485,0.99581589958159,0.9458333333333332
QmdbKDnaidReAiz5KbM9kcuFH2JgxsQxX3o71jZ2bWXQm2,Himno Atlético de Madrid,NA,Himno del atlético de Madrid,J.A. Granados & A. Currás,Compuesto por J.A. Granados & A. Currás,NA,atleti-himno-atleticodemadrid-futbol-football-piano,cc-zero,4.73,12,23,1454,0,1,0,26,207,7.961538461538462,False,2.7441212587473056,0.9903381642512076,0.9275
QmX78J7RY8dySvbpReVuHX6nZ6LyWHuHRMopvSsnBGQCPc,Himno del Zulia - Sobre Palmas,NA,NA,NA,NA,NA,himno-zulia-piano-venezuela-maracaibo-midi-anthem-himnosestatales,cc-zero,0.0,0,0,126,0,2,0-0,63,1370,21.746031746031747,False,2.73088430770788,1.0,0.8581989247311828
QmUbvXLHFN2REce5WtEt5Fy5i8Ua6snNXq1gJ5cJXiBSwT,Himno Majestuoso lugares celestes piano,NA,NA,NA,NA,NA,NA,cc-zero,0.0,0,0,27,1,1,0,66,652,9.87878787878788,False,3.150286862465714,0.8987730061349694,0.94140625
QmQS3oZyJiZiFaLM2eZZuDsxew6DtYsHNpGLseCaA8vjpw,Himno Nacional de Bolivia,NA,Himno Nacional de Bolivia,Himnos Nacionales,Leopoldo Benedetta Vincenti,classical,NA,cc-zero,0.0,0,4,78,1,1,0,39,233,5.974358974358975,True,3.077202919685778,0.871244635193133,0.8587962962962963
QmUYogUC563yhTKfQGVgLT373CpSrEtoQx3S3aqznKfNbd,Himno Nacional de Bolivia,NA,Anthems,Misc,Letra: Dr. José Ignacio SanjinésMúsica: Leopoldo Benedetto Vincenti,worldmusic,himno-bolivia-boliviano-nacional-anthem-bolivian-deagosto,cc-zero,4.84,10,15,2137,1,1,0,39,260,6.666666666666667,True,3.0259958683106847,0.8884615384615384,0.9161324786324786
QmNnuHfeJxrUR7ioqKhbzKuDd3DKPvaus3hwxuqKFj2KW4,Himno nacional de Cuba. La Bayamesa.,La Bayamesa,La bayamesa,Silvio Rodríguez,Pedro Figueredo Cisneros,folk,cubahimnobayamesamarcha,cc-zero,4.88,6,16,4827,0,1,1,48,540,11.25,False,2.620321238590419,0.9776951672862454,0.7463235294117647
QmNpVHJdPsbiKetPiTvZPEoMsebKtnMqh9fvNpQDmnENaK,Himno Nacional de Honduras,NA,NA,NA,Carlos Hartling,NA,piano-honduras-himno,cc-zero,4.83,3,8,1966,2,1,0,42,700,16.666666666666668,False,2.822549916081747,0.9598278335724534,0.9547764227642276
QmTvgsf8r9xB8cfNwq5Nrqt2tAD2WiN7vuAYcAZyC4z6kX,Himno Nacional Del Peru,Viola,NA,NA,Leo Wu-Gomez,NA,NA,cc-zero,3.83,3,4,191,1,1,0,93,486,5.225806451612903,False,3.071834321407771,0.8518518518518519,0.928763440860215
Qmdq436NkqZAhRfDpuJjpgrs14U5U9nsn5Qx9tTWHxFkuQ,HIMNO NACIONAL PARAGUAYO,ARREGLO PARA PIANO Y CANTO,HIMNO NACIONAL PARAGUAYO PIANO,Me ha gustado esta nota en https://www.abc.com.py/nacionales/el-himno-nacional-cumple-167-anos-574548.html,NA,NA,NA,cc-zero,4.39,7,5,695,3,1,0,82,1620,19.75609756097561,False,2.896401671673244,0.9629400864731316,0.9327777777777778
QmaADCjw6NxDvBnANRsZTCNAiMqWB1DanaJYXHzeGVRPhH,Himno Universitario UCV,Himno Universitario de la Universidad Central de Venezuela,NA,NA,Evencio Castellanos,NA,himno-universitario-himnouniversitario-ucv-universidadcentraldevenezuela-venezuela-university-anthem-coro-coral,cc-zero,0.0,0,1,411,0,4,0-0-0-0,43,771,17.930232558139537,False,3.165881692658806,0.8636959370904325,0.9278455284552846
QmUbZAQouTjH7674yHirfoHBK6EfTaB4vNA1oz6ruKLvYY,Himnusz,National Anthem of Hungary,Himnusz,Misc tunes,music: Ferenc Erkel (1810-1893words: Ferenc K\olcsey (1790-1838),NA,NA,publicdomain,0.0,0,1,47,1,1,0,24,182,7.583333333333333,False,2.959891720060915,0.9502762430939228,0.9320652173913044
QmRx9KqFo15u6S2BPqM8oiASuzPw8ZF21HPQ9NcQ1sT2GA,HIMYM - Bang Bang Bangity Bang!,A catchy tune from How I Met Your Mother,How I Met Your Mother Soundtrack - Bang Bang Bangity Bang!,Marshall Eriksen,Marshall Eriksen,NA,howimetyourmother-tedmosby-marshalleriksen-himym-lilyaldrin-robinscherbatsky-barneystinson-itsgonnabelegenwaitforitdarylegendary-bangbangitybang-isaidbangbangbangitybang-catchytune-seriesmusic-howimetyourmothercatchytune,cc-zero,0.0,0,21,391,1,1,0,5,38,7.6,True,1.4652556501132248,1.0,0.8020833333333334
QmNcqsReKo6LiQV2xDJgP6pxYZpytaZ4YquE7HdGXeAkwp,Hinata vs Néji,NA,NA,NA,NA,NA,NA,publicdomain,0.0,0,19,965,1,1,0,56,628,11.214285714285714,False,2.875951654192006,0.9745222929936306,0.9668898809523808
QmPi3CHHeFh3VnjcoazmkxtAT9ELHBqZZXEcTPpA5JfdXg,Hinchy's Delight (jig) 1032,NA,Hinchy's delight,Misc tunes,after Chief F. O'Neill,NA,NA,publicdomain,0.0,0,0,1,1,1,0,38,186,4.894736842105263,False,2.654021816083235,1.0,0.9716666666666668
QmWmNryyNt6USE6vQH1rPu7wbPEVNo54riMU9jJ92TWhid,Hindustan,NA,NA,NA,Oliver Wallace & Harold Weeks 1918,NA,copyrightfreeoldjazz-creolejazz,cc-zero,4.83,3,3,325,0,1,0,32,66,2.0625,True,2.826063493495542,0.9090909090909092,0.978494623655914
QmXrzmkEgvTTB6E2ZWLXjMfYpfnnTZ5bkbnfv7AF9H1WcT,HINO 26 REI EXCELSO PLAY BACK,NA,HINO 26 REI EXCELSO PLAY BACK,Isaque Batista Palma Lima,George Frederich Handel,NA,NA,cc-zero,0.0,0,0,13,0,3,0-0-0,88,1756,19.954545454545453,True,2.55766678953952,1.0,0.9474431818181818
Qma9x8xJ1wbM7vwHmYzHidUKZWerKErxpZqkjVag6WetsG,Hino a independência do Brasil,NA,Hino Nacional Brasileiro,Francisco Manuel da Silva,D. Pedro I,NA,NA,cc-zero,4.66,6,10,332,0,1,0,50,228,4.56,True,2.8349167525412287,0.9649122807017544,0.9202127659574468
QmYZ8nobDGyoPP15JGfxVRMyoAVayf8YTRD6zsAPJPgCuY,Hino de Santa Rita,NA,Hino de Santa Rita,Nielson Oliveira Muniz,NA,NA,NA,cc-zero,0.0,0,0,29,1,1,0,32,146,4.5625,False,2.695129432002755,1.0,0.8548387096774194
QmRy7erT8Fr69DzWyy9HtRQXdnfjKsxNWZcC7fvAQj7euQ,Hino do Clube Atletico Mineiro ( GALO),NA,NA,NA,NA,NA,hinodoclubeatleticomineiro-atletico-galo,publicdomain,4.87,13,16,1485,1,1,0,73,324,4.438356164383562,False,2.7489339803996025,0.9907407407407408,0.8186274509803921
QmSG6Ybe9y5EFmzKJZrF1HuL3p4u7dDCPAx9gKYYhvKagn,Hino Nacional Brasileiro,NA,Hino Nacional Brasileiro,Francisco Manuel da Silva,Joaquim Manuel da Silva,NA,hinonacionaldobrasil,publicdomain,4.75,9,85,2368,0,2,0-0,39,491,12.58974358974359,False,2.933631431611431,0.940936863543788,0.9161458333333332
QmQorWfH3XhiNZokh4CxqzVKEpvuJhYU2kXh546yNSNm28,Hino Nacional Brasileiro,Brazilian national anthem,Hino Nacional Brasileiro,Francisco Manuel da Silva,Francisco Manuel da silva,NA,brazil-hinonacional,cc-zero,4.84,103,292,20309,0,1,0,111,2135,19.23423423423424,True,3.028540756254543,0.9297423887587822,0.878030303030303
QmSndD4d8W48zVpnd4gGFWrp7iWrpLZRQf4kaXi8Uv4gtG,Hir oes I Fair,Long Life to Mary,Hir oes I Fair,Misc tunes,NA,NA,NA,publicdomain,0.0,0,0,3,1,1,0,24,74,3.083333333333333,False,2.752741970292937,1.0,0.9557291666666666
QmPa7MkcbMZfyVdemibaB3b5mK4dcmZPNFQW6ddy3yr3LC,Hiraeth,NA,Hiraeth,a tasty shade of mauve,NA,NA,original-piano,cc-zero,0.0,0,3,52,1,1,0,29,225,7.758620689655173,False,2.9386109780897662,0.8488888888888889,0.9727011494252874
Qmf4W1jVRVoK4doEiWpbd5qZcMYUz9zaHxKfS25iQfbrc5,Hirari Hirari,NA,hirari hirari,Miku Hatsune,Transcribed by Justin Cheng,NA,hatsunemiku-vocaloid-hirari-tamaazup-piano-instrumental-musicscore,publicdomain,4.93,13,181,11212,2,1,0,68,1223,17.985294117647058,False,2.7975614347112447,0.9868852459016394,0.9328358208955224
QmPWJtuA7VBCXwhSEhbu4JZCTQW4Q41XXeT4AqsEVCu6TB,His blessings come down like the dewdrops - R. Frank Lehman,NA,His blessings come down like the dewdrops,R. Frank Lehman,NA,classical,NA,publicdomain,0.0,0,0,5,2,1,0,20,301,15.05,False,2.793622657273837,0.9634551495016612,0.8975694444444444
QmTfGs6EWFf1vDbSrAUAGBanUeGsTxxNSEhQ6hC6YQYKSp,His Clockwork Servants,SCP Foundation,NA,NA,AL,NA,NA,cc-zero,0.0,0,22,697,2,1,0,134,1312,9.791044776119405,False,2.6496498899379435,1.0,0.9616666666666668
QmRpC2DgF2itfN8kT4TcpDLdk7asBCjRd7ZafAbt8TjMTn,His Constant Care - Wm. J. Kirkpatrick,NA,His Constant Care,William J. Kirkpatrick,NA,classical,NA,publicdomain,0.0,0,0,3,2,1,0,28,311,11.107142857142858,False,2.8762204876295576,0.9614147909967846,0.9614583333333332
QmXiNE5GhNMNE5B78Ss9HeAWHzZxEBam2L1GXBaepiDNre,His Dark Materials Theme,NA,His Dark Materials,Lorne Balfe,Lorne BalfeArr. George Robertson,classical-soundtrack,hisdarkmaterials,cc-zero,4.81,86,217,4266,2,1,0,32,805,25.15625,False,2.8995428515442465,0.9279503105590062,0.9296875
QmXSx4ceCfgUuajsLQvApsEMaDFTd3DbriDpLciijM6Z5D,His Dark Materials Theme,NA,His Dark Materials,Lorne Balfe,Lorne Balfe,classical-soundtrack,hisdarkmaterials-lornebalfe-lorne-balfe-his-dark-materials-piano-hbo-bbc-bbcone,cc-zero,4.84,52,143,5306,2,1,0,33,769,23.303030303030305,False,2.891675488813849,0.9336801040312094,0.9090909090909092
QmSZSQNh6o8RhQCkkVWLdk79LALufXsXTwmLtqQC5bKMoP,His gifts are greater than my dreams - E. O. Excell,NA,His gifts are greater than my dreams,E. O. Excell,E. O. Excell,classical,NA,publicdomain,0.0,0,0,4,1,1,0,18,261,14.5,True,2.506689967674454,1.0,0.93359375
QmRNe1k2WTHxaQWrzqcxBTkQETuJjfcmDX7f2zEyi7yCQa,His grace abundant is flowing and free - E. L. Ozendorff,NA,His grace abundant is flowing and free,E. L. Ozendorff,NA,classical,NA,publicdomain,0.0,0,0,6,1,1,0,32,295,9.21875,True,2.7101492968763043,0.9796610169491524,0.9670138888888888
QmZJRpY5dAdcmtVnY2x39ZaYQhib2s4CZ75zhKxEmNDM6m,His grace was sufficient for me! - D. B. Towner,NA,His grace was sufficient for me!,D. B. Towner,NA,classical,NA,publicdomain,0.0,0,0,11,1,1,0,20,261,13.05,False,2.4938297112201666,1.0,0.9466145833333334
QmREYMp5iyGvjaK9ztqe4qeuvWtZH4nDKBuEtC9LWTMS8s,His love and grace I found - Charles E. Smith,NA,His love and grace I found,Charles E. Smith,NA,classical,NA,publicdomain,0.0,0,0,2,1,1,0,20,343,17.15,False,2.505250864433793,0.97667638483965,0.9270833333333334
QmR2j5214wnWkDyKJ6dQDaz5oVup1GyRKn8WEk4J3kW81i,His loving arms around me - Ella M. Parks,NA,His loving arms around me,Ella M. Parks,NA,classical,NA,publicdomain,0.0,0,0,6,2,1,0,18,370,20.55555555555556,False,2.62465110482985,0.9756756756756756,0.9338235294117648
QmVGTCD5yUGmucyKaW6BWqf2KfY5dUqvLjD1Aq8PjyYxiE,His name above all other names - C. H. Junior,NA,His name above all other names,C. H. Junior,NA,classical,NA,publicdomain,0.0,0,0,14,2,1,0,25,321,12.84,False,3.0718700494486555,0.8940809968847352,0.9670138888888888
QmZc967jXUZ7Q85BYbav9Rntb8jtKkD5JPEctVEngyc1s7,His name is higher than any other,NA,His name is higher than any other,Anonymous,NA,classical,NA,publicdomain,4.56,4,0,104,0,2,1-1,16,174,10.875,False,2.923852136014574,0.9597701149425288,0.9205729166666666
QmUPejRkkq99EG2fjhdeHU9gqMuJjJYyntsw41upTnejt4,His Sheep Am I,NA,his sheep am i,Misc Praise Songs,Orien Johnson,religiousmusic,hymn-christian,cc-zero,4.53,10,15,2731,0,1,0,27,333,12.333333333333334,False,2.870045187599386,0.963855421686747,0.9498697916666666
QmebRzap1Upc6ptNf2ykncdGXPj79z7HapBiza6JFRYa2s,His Theme Undertale,NA,His Theme,Toby Fox,Yamete Kudasai,soundtrack,undertale-tobyfox-game-asriel-histheme-sans-papyrus-undyne-asgore-alphys-toriel-flowey,cc-zero,0.0,0,5,72,1,1,0,55,622,11.309090909090909,False,2.540670011579576,0.9983922829581994,0.9882575757575758
QmeroZ5NUddnaM21SbHm2VsLP4UX4TnQKg16mX8wkD8gmL,His yoke is easy His burden light (Chorus) - R. E. Hudson,NA,His yoke is easy His burden light (Chorus),R. E. Hudson,NA,classical,NA,publicdomain,0.0,0,0,26,1,1,0,10,127,12.7,False,2.4371151738157604,1.0,0.8923611111111112
QmSaHMiYSUKJbBbc6mMkraHQD83rR6hSvrqGsd4zf2z541,HISTORIA DE UN AMOR,NA,Historia de un amor,Rondalla Circulo De Amor,NA,NA,NA,cc-zero,4.66,3,6,1069,1,1,0,62,301,4.854838709677419,False,2.727342425207394,0.9767441860465116,0.91051912568306
QmYXFyS3Bo1SJMVtAB2te5sQwA7CGHZSt2EXzsh7cw92uo,Historia des Leidens und Sterbens Jesu Christi nach dem Evangelisten St. Matthäus also called Matthäuspassion (St. Matthew Passion) - Heinrich Schütz,NA,Historia des Leidens und Sterbens Jesu Christi nach dem Evangelisten St. Matthäus also called Matthäuspassion (St. Matthew Passion),Heinrich Schütz,NA,classical,NA,publicdomain,0.0,0,1,84,0,5,0-0-0-0-0,42,647,15.404761904761903,True,3.016201380295931,0.918918918918919,0.949404761904762
QmWPkUiFhBuw6ooSdi1NqhychYsvqgxJ1oX5mHG6bj3KnA,Histrousle,(Storyshift),Histrousle - Storyshift,Misc Computer Games,Original sheet creator: Liryc Wulf,soundtrack,asrielstroryshiftundertale,cc-zero,4.83,3,31,2053,2,1,0,36,900,25.0,False,2.668437265853647,1.0,0.988425925925926
QmPAaHfsezgULV5jqEPS25BX6Lo6BtvcjtzfyNUKtgvdNW,Hit and Miss (Daphne) ÿ,NA,Hit and Miss (Daphne),Misc tunes,NA,NA,NA,publicdomain,0.0,0,0,2,1,1,0,48,216,4.5,False,2.684809413122468,1.0,0.8932291666666666
QmeDKqJnCccBRWuiEXE5kCs1WKvZV6GQ6MLMj1V9fsjYAu,Hit And Miss. (p)1651.PLFD.039,Hit Or Miss. (p)1651.PLFD.039,Hit And Miss. (p)1651.PLFD.039,Misc tunes,NA,NA,NA,publicdomain,0.0,0,0,1,1,1,0,26,116,4.461538461538462,False,2.6013625676715697,1.0,0.9496527777777778
QmXmhvyNBXYjLPgMSedy5D5vwRvkdQV2NSfMhBtZLuQJTH,Hit Or Miss. (p)1801.PN.15,NA,Hit Or Miss. (p)1801.PN.15,Misc tunes,NA,NA,NA,publicdomain,0.0,0,0,2,1,1,0,36,146,4.055555555555555,False,2.5421745733317502,1.0,0.9296875
QmTCTvdqNGVrK3WaAfvje4xybjzJNkSRR1urnCL9vpQw2G,Hit The Road Jack,NA,hit the road jack,Ray Charles,Ray Charles,pop-country-rbfunksoul,NA,cc-zero,4.91,9,16,558,2,1,0,61,546,8.950819672131148,False,2.5485773300663577,0.9981684981684982,0.9576502732240436
QmQxedp1Trojf41Z22J7rfFWiiA8gfKqkiBeRxKG2rQy4d,Hit the road Jack - chant paroles et accords,NA,NA,NA,Ray Charles,NA,road-raycharles-jack,cc-zero,4.35,14,13,797,0,1,0,97,474,4.88659793814433,True,2.02733368291993,0.9957805907172996,0.9291237113402062
Qmc9Y6Uvr1DQAbY3GRBgE5Eb3zVz9EarpUBzQEGcpSRvWR,Hit The Road Jack Mashup,Hit The Road Jack Tainted Love It Don't Mean A Thing,hit the road jack,Ray Charles,A.L. Lopez,pop-country-rbfunksoul,NA,cc-zero,0.0,0,2,273,1,1,0,55,412,7.490909090909091,False,2.506048972082876,0.9854368932038836,0.9446969696969696
QmYakhYN9i3u9vKiuHMY4BZFSvs5Y3KvHC1voiM3xS6unD,HITHER NOW GATHER ALL. (Martha.),NA,HITHER NOW GATHER ALL. (Martha.),Misc tunes,NA,NA,NA,publicdomain,0.0,0,0,6,1,1,0,36,102,2.833333333333333,False,2.690973317698782,1.0,0.9765625
QmPs6NjKy4KvPi3sA3PP38crifCPMGF2vykXu4juWYWT1F,Hither we hasten so joyful and happy,NA,Hither we hasten so joyful and happy,Misc Traditional,NA,folk,NA,publicdomain,0.0,0,0,3,2,1,0,20,422,21.1,False,2.901155127985404,0.9121140142517816,0.96875
QmTat8BQDR8oKfhsm6wFNpDVE2ai5qF3NgSdVczptaZZW7,Hitherto the Lord has helped me - Robert Lowry,NA,Hitherto the Lord has helped me,Robert Lowry,NA,classical,NA,publicdomain,0.0,0,0,7,1,1,0,16,175,10.9375,True,2.6066026164719527,0.9885714285714284,0.9609375
QmYdyG8qoCmY6AuSunubfhxRicFHxZ2TWmfq6NGVvhtMwy,Hitohara no Hanabira by Stereo Pony,Ending theme from Bleach,hitohira no hanabira,STEREOPONY,T80 Pon,NA,bleach-anime-japanese,cc-zero,4.88,6,27,812,0,1,0,51,779,15.27450980392157,False,2.6732809767169643,0.9974326059050064,0.8361378205128205
QmdKD5GrNptLq1vjneaUkwuSh5eYJsjLGUSjpMxR9Ex2Gy,Hiya! Asseri Remix Piano Cover,NA,Tenkitsune - Hiya!,Asseri,Arr. By: Ian McDonald,NA,NA,cc-zero,0.0,0,2,35,2,1,0,104,2348,22.57692307692308,False,2.6408924620564047,0.9995739241585002,0.9270833333333334
QmTFpFqJATezzDZ6TtYhF7TLUrRhgmYM5Rq4guS3SGNUtU,hjyt,NA,hjyt,25gumball1,NA,NA,NA,cc-zero,0.0,0,0,12,0,1,0,36,299,8.305555555555555,False,3.139879305132274,0.8821548821548821,0.9915123456790124
QmedvYHG6yaUUqz9nRjhWtcR71TUtgXWh6T2tfEQ9tJu1G,HKUSU Union Song (Thai Version),NA,NA,NA,NA,NA,hkusu-thai,cc-zero,0.0,0,2,400,0,3,0-0-0,51,1563,30.647058823529413,True,2.8912954166294424,0.976470588235294,0.9668311403508772
QmVvKuk3TRGoUJn4pdX5WNe64JD3QqV3YNtS7QNX66SPUu,Hlasová rozcviÄka na motívy piesne Na zelenej lúke,NA,Hlasová rozcviÄka na motívy piesne Na zelenej lúke,veva.zodla,NA,NA,NA,cc-zero,0.0,0,0,20,0,1,0,32,80,2.5,True,3.1633825489395155,0.9125,0.9583333333333334
QmavAV7uPcQvajD7vSsj91rb9koPm5cAoYM3oqk1tBaiGT,Hlasová rozcviÄka na motívy piesne Äierne oÄi choÄte spaÅ,NA,Hlasová rozcviÄka na motívy piesne Äierne oÄi choÄte spaÅ,veva.zodla,Slovenská Ä¾udová,NA,NA,cc-zero,0.0,0,0,44,0,1,0,24,56,2.333333333333333,True,3.396005592778008,0.7857142857142857,0.9147727272727272
QmQDbb9hiKf9Hh4uJKJb1iNNmLVFARv3Xec1oMaNG9aQeC,Ho comrades heavenward faring - Herbert J. Lacey,NA,Ho comrades heavenward faring,Herbert J. Lacey,NA,classical,NA,publicdomain,0.0,0,1,5,1,1,0,27,310,11.48148148148148,False,2.7487970606538505,0.964516129032258,0.9513888888888888
QmUqMm6yG7EPybLnTBVB8pfiv6p5iQmnY74ARmTC6964fy,Ho every one that thirsteth (Hugg) - Geo. C. Hugg,NA,Ho every one that thirsteth (Hugg),Geo. C. Hugg,NA,classical,NA,publicdomain,0.0,0,0,2,2,1,0,20,282,14.1,True,2.708427198878048,0.9787234042553192,0.9541666666666668
QmUEL9Tb574BpVwnLaFWd74NmN3kfq6o6huSbj1aeCakvG,Ho every one that thirsteth come (Hugg) - Geo. C. Hugg,NA,Ho every one that thirsteth come (Hugg),Geo. C. Hugg,NA,classical,NA,publicdomain,0.0,0,0,2,1,1,0,24,331,13.791666666666666,True,2.581163458851707,0.9879154078549848,0.9175347222222222
QmQxptQTujFwkK6t2iy3DTg1WYMJiZoehq6vugofTXZrta,Ho everyone that thirsts draw nigh - Zechariah Whelpdale,NA,Ho everyone that thirsts draw nigh,Zechariah Whelpdale,Zechariah Whelpdale,classical,NA,publicdomain,0.0,0,0,2,0,5,0-0-0-0-0,100,1648,16.48,True,2.8300636995841,0.9714471122647632,0.9572132616487457
QmVRpgt26AfrnCAfCHunFny5vDNT2og8525jLYq77B7VrB,Ho la hé parla vertu goy,NA,Ho la hé parla vertu goy,Anonymous,NA,classical,NA,publicdomain,0.0,0,0,13,0,5,0-0-0-0-0,23,351,15.26086956521739,True,2.6535891272546643,1.0,0.9666666666666668
QmNijNRnzP3EgQwrpvGUS6ToAJ29ypggx6BoE1RwYUz8D9,Ho le meschant - Clément Janequin,NA,Ho le meschant,Clément Janequin,NA,classical,NA,publicdomain,0.0,0,0,11,0,4,0-0-0-0,26,435,16.73076923076923,False,2.7109066757679914,0.9953810623556582,0.9667467948717948
QmZ35om3YFWb9udcifinJy4MWnvfjWbaPVNakCXuhEgKAY,Ho reapers in the whitened harvest! - James McGranahan,NA,Ho reapers in the whitened harvest!,James McGranahan,NA,classical,NA,publicdomain,0.0,0,0,29,2,1,0,31,392,12.64516129032258,False,2.7383473073092723,0.9744897959183674,0.9389880952380952
QmevaHmSJLDMEFDo6aJbquBtbzdZPL4gY48GPuZy4Jc875,Ho Ro My Nut-Brown Maiden,NA,Ho Ro My Nut-Brown Maiden,Misc tunes,NA,NA,NA,publicdomain,0.0,0,0,16,1,1,0,36,114,3.1666666666666665,False,2.510253675598105,1.0,0.8993055555555556
QmUdRgQo7jgiLvEE4yEPhP1XJshACSLBEuH8QEtR1J951L,Ho! every one that thirsteth - Thos. Ervin,NA,Ho! every one that thirsteth,Thos. Ervin,NA,classical,NA,publicdomain,0.0,0,0,5,2,1,0,27,352,13.037037037037036,False,2.674103553354196,0.9659090909090908,0.8935185185185185
QmQkMhGRH1nEpnVbadjh4CBXfJPmSZwhwz7j53P71ieNky,Ho! every one that thirsteth come ye to the waters - F. A. Graves,NA,Ho! every one that thirsteth come ye to the waters,F. A. Graves,NA,classical,NA,publicdomain,0.0,0,0,3,1,1,0,16,204,12.75,True,2.558773807589562,0.9754901960784312,0.93359375
QmPU3Lins12UucXjyupDgwNTFQG9MMKQDkBDdfLfVxaya6,Hob y Deri Dando,Away my herd under the green Oak,Hob y Deri Dando,Misc tunes,NA,NA,NA,publicdomain,0.0,0,0,10,1,1,0,18,82,4.555555555555555,False,2.560219036376509,1.0,0.929398148148148
QmdjXzf3sLEcjsf7osa3LhMHXxX46FdPtJz24656ABgMw2,Hob y Deri Danno,Away my herd to the Oaken grove,Hob y Deri Danno,Misc Traditional,NA,folk,NA,publicdomain,0.0,0,0,3,1,1,0,21,89,4.238095238095238,False,2.767761733220973,0.9887640449438202,0.8958333333333334
QmUgdPfwHw5WKKVXXn3QTUJUe9MppJTpZQYKYANcxtcNCE,Hob-y Dylif,Porpoise The,Hob y Dylif,Misc Traditional,NA,folk,NA,publicdomain,0.0,0,0,1,1,1,0,32,158,4.9375,False,2.7731388099219068,0.9873417721518988,0.9275793650793652
QmddcTgs3argA1iUQ11LjTEq5S7NTBUbeLtQqSpiB78Ec1,Hoban's On 63rd,NA,Hoban's On 63rd,Misc tunes,NA,NA,NA,publicdomain,0.0,0,0,1,1,1,0,40,202,5.05,False,2.696383922805194,1.0,0.9513888888888888
QmVXZvCgz5TLiitWsbNSHFb3FuXEM87TZz1usd7ZMFt6rJ,Hoban's On 63rd,NA,Hoban's On 63rd,Misc tunes,NA,NA,NA,publicdomain,0.0,0,0,2,1,1,0,41,240,5.853658536585366,False,2.688408802339921,1.0,0.9826388888888888
QmXV97xsJoQ6dUpM9jJYiUxXjmFhrpf3VoVAEaErCrrHS3,Hobby Horse,Longways for as many as will.,Hobby Horse,Misc tunes,NA,NA,NA,publicdomain,0.0,0,0,2,1,1,0,40,178,4.45,False,2.538950699353628,1.0,0.9263117283950616
QmTPgDZsoqexHLfiv8FLZ7Uz5NiEx6Q9epmWEggC4VthAD,Hobby Horse Tune (Minehead),Merry Maids of Woodcombe,Hobby Horse Tune (Minehead),Misc tunes,Collected by Rev F M Etherington 20 Aug 1907,NA,NA,publicdomain,0.0,0,0,5,1,1,0,18,68,3.7777777777777777,False,2.4970549341334736,1.0,0.9421296296296297
QmQiTuwmQxBLHZuxVQi21MRpWwcBmZrggTP9xtv8ePCddH,Hobed o hilion,Box of Fragments A,Hobed O Hilion,Misc tunes,NA,NA,NA,publicdomain,0.0,0,0,2,1,1,0,21,56,2.6666666666666665,False,2.602745498656521,1.0,0.9613095238095238
QmTKJNfmEKttjqFvDtHM2NEvpRGHEh1jUy6eiBgeA6QMo6,Hobed o hoelion,Box of Nails A,Hobed o hoelion,Misc tunes,NA,NA,NA,publicdomain,0.0,0,0,3,1,1,0,26,65,2.5,False,2.694113852265553,1.0,0.9548611111111112
QmPeYnJ51B4XXrfvJqbQraxrdZP52kJJTZ2WZupXDh5vEi,Hodie Christus natus est - Jan Pieterszoon Sweelinck,NA,Hodie Christus natus est,Jan Pieterszoon Sweelinck,NA,classical,NA,publicdomain,0.0,0,2,79,0,6,0-0-0-0-0-0,125,1522,12.176,True,2.885155569391531,0.9757248819959542,0.9710401891252955
QmSzgz395YUZsWJXRM1zVituKk97fwN8bTJBxQbtSAVHwC,Hodie completi sunt dies Pentecostes - Hans Leo Hassler,NA,Hodie completi sunt dies Pentecostes,Hans Leo Hassler,NA,classical,NA,publicdomain,0.0,0,0,7,0,6,0-0-0-0-0-0,106,1706,16.09433962264151,True,2.996718455443495,0.9220072551390568,0.9767156862745098
QmZyEURq2nxqTvyeSup9rD7v5DNDCyrqbomoVzT172vjZn,Hodie in Jordane - Jhan Gero,NA,Hodie in Jordane,Jhan Gero,NA,classical,NA,publicdomain,0.0,0,0,8,0,6,0-0-0-0-0-0,162,1831,11.302469135802468,False,2.742609892683564,0.998576512455516,0.976318359375
QmfSyBoua5zYzv8BEoqVEJGZD1ySw4ZYQmEPtWYG8qT9XW,Hodson - Frank N. Shepperd,NA,Hodson,Frank N. Shepperd,NA,classical,NA,publicdomain,0.0,0,0,5,1,1,0,20,207,10.35,False,2.8811233678120702,0.9371980676328504,0.9557291666666666
Qmf1Q3dZ7uL3K15Bb36uS8dxSfXSuFeQrGyp1aRtyDuoug,Hoedje van Papier,NA,Hoedje van Papier,Misc tunes,NA,NA,NA,publicdomain,0.0,0,0,25,1,1,0,8,42,5.25,False,2.201078735588117,1.0,0.9553571428571428
QmNbZSinTYheXqKtHsU7BpbP9pkWUC9vPCQratwGqo6Gcg,Hoffder,Fondness,Hoffder,Misc tunes,NA,NA,NA,publicdomain,0.0,0,0,2,1,1,0,23,71,3.0869565217391304,False,3.011755050915152,0.8591549295774648,0.9513888888888888
QmPnA4MzatC7L4tfVKGEtomutn9VrTD9FHDCVArZGSKUS8,Hoffder Hywell Sele,Howell Sele's Delight,Hoffder Hywell Sele,Misc tunes,NA,NA,NA,publicdomain,0.0,0,0,2,1,1,0,22,61,2.772727272727273,False,2.805874593260056,0.9672131147540984,0.9708333333333332
QmQL7rLAtZrMXHXwkmEpc67TG9xsLYV8yBiFvZJEkgFD5W,Hoffder Lewis Hopkin,Lewis Hopkin's Delight,Hoffder Lewis Hopkin,Misc tunes,NA,NA,NA,publicdomain,0.0,0,0,2,1,1,0,18,51,2.833333333333333,False,2.530828691819063,1.0,0.9635416666666666
QmRkwMnJGodZD3HbGbTGdd2Pep1cNM1rXep5dVmQyGtynC,Hoffder Martha,Martha's Delight,Hoffder Martha,Misc tunes,NA,NA,NA,publicdomain,0.0,0,0,2,1,1,0,32,113,3.53125,False,2.8113573902759894,0.9734513274336284,0.9847222222222224
QmXrw7qqprVi2QRwTHJqGArAYogs3gw9U72jedyngpD1zK,Hoffed ap Hywel [Powell's Fancy]>Breuddwyd y Wrach [the witch's dream],NA,Breuddwyd y Wrach,Misc Traditional,NA,folk,NA,publicdomain,0.0,0,0,4,1,1,0,32,254,7.9375,False,2.861042363342394,0.9763779527559056,0.958912037037037
QmNpVZqxLfzcmtZ298WC5dB3qhKr6QBrmp1cVxMDQEggyF,Hoffedd Abram ab Ifan,Delight of Abram son of Evan The,Hoffedd Abram ab Ifan,Misc tunes,NA,NA,NA,publicdomain,0.0,0,0,1,1,1,0,34,138,4.0588235294117645,False,2.711744798155776,1.0,0.9275
QmbqVxi183CUWswdU6ZeEoysWUgKhzmmoRA6ydLBqkfu9Q,Hoffedd Brenhines Hwngaria,The Queen of Hungary's Fancy,Hoffedd Brenhines Hwngaria,Misc tunes,NA,NA,NA,publicdomain,0.0,0,0,2,1,1,0,40,207,5.175,False,2.447643414439631,1.0,0.9541666666666668
QmR3LtFXTEeaXD3yi1jzdpJaJCArHKBznrjBy8oFVoxvzY,Hoffedd Hywel ab Owen Gwynedd,Delight of the Prince Haven son of Owen Gwyned The,Hoffedd Hywel ab Owen Gwynedd,Misc tunes,NA,NA,NA,publicdomain,0.0,0,0,7,1,1,0,52,182,3.5,False,2.852843751169681,0.945054945054945,0.9375
QmQVn71oZT3tqppcv9nH6Df3J7p8avqoEvXfgB5BjBedVi,Hoffmaster - Durang's Hornpipe,NA,Durang's Hornpipe,Hoffmaster,Hoffmaster 1875,classical,NA,publicdomain,0.0,0,0,2,1,1,0,36,236,6.555555555555555,False,2.7893737703158066,0.9830508474576272,0.9733072916666666
QmbWxWYboa4FVtehDrzXKqEnrvC3Qfmr64apjCaZb6UHcN,Hoffnung unsrer Herzen,NA,Hoffnung unsrer Herzen,Misc Traditional,NA,folk,NA,publicdomain,0.0,0,0,3,0,2,1-1,18,217,12.055555555555555,False,2.66371942153029,0.9953703703703703,0.9560185185185184
QmP5KaDBN8LMaJAgHjsGBTgCpT8DevKBLo5eQNFE23snJE,Hog went through the Fence Yoke and all,NA,Hog went through the Fence Yoke and all,Misc tunes,NA,NA,NA,publicdomain,0.0,0,0,6,1,1,0,24,129,5.375,False,2.422352793626337,1.0,0.9522569444444444
QmVWPEd9R2o9XVPtn5z57GyCtzT4tB9AGBrZNSnM1VqdvA,Hog-Eyed Man,Hog Eye an' a 'Tater,Hog-Eyed Man,Misc tunes,NA,NA,NA,publicdomain,0.0,0,0,47,1,1,0,20,112,5.6,False,2.520115368133692,0.981132075471698,0.9421296296296297
Qma7rnw836y5VT4LH3mgDaUPb31Wrf9cKSEoVHuG2HYawj,Hogan's Pass,NA,Hogan's Pass,Misc tunes,NA,NA,NA,publicdomain,0.0,0,0,1,1,1,0,36,276,7.666666666666667,False,2.8080341126386528,0.9782608695652174,0.935546875
QmSC9mygbZgMHSEnjjc1r8Xg3SgYDMNNzF65nuQovbTwJU,Hogmanay,Adieu to the Auld Year,Hogmanay,Misc tunes,NA,NA,NA,publicdomain,0.0,0,0,2,1,1,0,32,282,8.8125,False,2.342858971397378,1.0,0.8891129032258065
QmRiGictUCkQTrp2CDhY9GnnmZqyYn726KNRa27QyFpoBu,Hogyha nékem Laci bátyám,NA,NA,NA,NA,NA,NA,cc-zero,0.0,0,0,99,1,1,0,7,47,6.714285714285714,True,2.147214476628099,1.0,0.96875
QmRVHvC49nSM9YC59huVPaE6zRszGfR9JS4ADYZniQ194M,Hoje a noite nao tem luar,NA,hoje a noite nao tem luar,Legião Urbana,Legiao Urbana,rock,legiaourbana-renatorusso-hojeanoitenaotemluar-hoje-hojeanoite,publicdomain,4.54,8,51,1621,0,2,0-0,73,1946,26.65753424657534,True,2.6995056241124447,0.997936016511868,0.8721316425120773
QmPVdGueRB2Z9CXLonyjZXTLz8yVUxbAei8rg5dAugK8pn,Hojna,NA,NA,NA,NA,NA,NA,cc-zero,0.0,0,0,108,1,1,0,34,238,7.0,False,2.6403721332600703,0.9831932773109244,0.954656862745098
Qmc6rekPcxaF6HhcxiyfEqKzFbovZg4uq4rLVimTf2Zn1q,Hokey Pokey,NA,hokey pokey,Misc Traditional,NA,folk,NA,publicdomain,0.0,0,0,90,1,1,0,34,86,2.5294117647058822,True,2.324842166744354,1.0,0.953125
QmQr1AmvmZFS11GraHusZMUDiGLGmJadwH6rH6MYjB54aF,HOKEY POKEY,NA,hokey pokey,Misc Traditional,NA,folk,NA,publicdomain,0.0,0,0,22,1,1,0,54,224,4.148148148148148,False,2.6561742413093383,1.0,0.912037037037037
QmRK758cP8ZNrTUJdDcPd5JjkzVs1zUD3JvgjQUQTUAvoF,Hola Hola by KARD,by KARD,hola hola,K.A.R.D,Keung,NA,holahola-kard-hola,cc-zero,0.0,0,102,2772,2,1,0,88,1292,14.681818181818182,False,2.723772917069263,0.9976780185758514,0.8668582375478927
QmXGPijQKw3tNrBx62RdxYSgNSywXgeSzGQcNMNBJ8iCVD,Holborne 65 Heigh ho holyday,NA,Semper Dowland semper dolens,John Dowland,Antony Holborne,classical,NA,cc-zero,0.0,0,0,69,0,5,0-0-0-0-0,32,554,17.3125,False,2.8792237469318045,0.937956204379562,0.9479166666666666
QmWi3orZFv8CcLcABf9eSH1QCTNrVCBKur84sBq4BvoXp4,Hold fast dear friend that which thou hast - J. Howard Entwisle,NA,Hold fast dear friend that which thou hast - J. Howard Entwisle,J. Howard Entwisle,NA,classical,NA,publicdomain,0.0,0,0,3,2,1,0,35,472,13.485714285714286,False,2.770667407301536,0.9554140127388536,0.9432471264367815
QmRbnvA6SEiivZHyBAr9U51RDD7jmo47K7n7oU4UBBFo47,Hold Me While You Wait,NA,hold me while you wait,Lewis Capaldi,arr Michael Y,pop,NA,cc-zero,4.7,96,667,21363,0,1,0,91,1615,17.747252747252748,False,2.6085771717415644,1.0,0.9822097378277154
QmRH88pBKndtxN4nkbsmnCDQi43RStXJ718No9AxCfxAg9,Hold On,Spiritual Traditionnel Arrangement Jean-Paul FINCK,Hold On,Misc Traditional,NA,folk,NA,cc-zero,0.0,0,0,40,0,4,0-0-0-0,34,272,8.0,True,2.359894354598762,0.9274193548387096,0.9609375
QmQB2M4UNAHuVwDrergwqKNdqy6F7U7f9M9LJPAZYqnuRd,Hold The Reins,NA,Hold The Reins,Misc tunes,NA,NA,NA,publicdomain,0.0,0,0,2,1,1,0,40,291,7.275,False,2.75971750882561,0.979381443298969,0.9552083333333332
QmSo1oGbgJe6nsG3WMyH6AG8xxDG7noziMTK6XPFmhSR4u,Hold up a promise to the throne - Wm. J. Kirkpatrick,NA,Hold up a promise to the throne,William J. Kirkpatrick,NA,classical,NA,publicdomain,0.0,0,0,5,2,1,0,16,312,19.5,True,2.374997085302721,0.9967948717948718,0.9205729166666666
QmPFMgUN7fYcXaxQx3h5d8MbjCCxayxscLam3GoWKjd2NU,Holding On to YouTwenty One Pilots,Sheet,NA,NA,Twenty One Pilots,NA,twentyonepilots-holdingontoyou-tylerjoseph-joshdun,cc-zero,4.82,14,55,881,0,2,0-0,96,4089,42.59375,False,2.8997646186183825,0.9029960707269156,0.8595196759259259
QmfX5GatVvJ7Nv4FgNqLDvmweVa7Fe7R6bNvp4Pu8iYEcw,Holding Out For A Hero,NA,Holding Out For A Hero,Bar Room Brawl,NA,NA,NA,cc-zero,0.0,0,6,98,0,6,0-0-0-0-0-0,97,2545,26.23711340206185,False,2.7410360983401776,0.9598089932351772,0.9652777777777778
QmUHbjFQeKxVywjABgWnZEqzqjko9moeHLbnoKQqLwMrVv,Hole in the Wall,NA,Hole in the Wall,Henry Playford,Playford 1696,classical,NA,cc-zero,0.0,0,0,19,0,1,0,28,174,6.214285714285714,True,2.83055405733126,0.9655172413793104,0.8402777777777778
QmSWFX8zHL4LR4M6CgmeRsEqZ63DsxrDWX2KokVkpBWodg,Hole in the Wall,NA,Hole in the Wall,Misc tunes,Henry Purcell from Abdelazer 1695.,NA,NA,publicdomain,0.0,0,1,26,1,1,0,16,103,6.4375,False,2.826299144965459,0.970873786407767,0.9296875
QmdJY6oLZvgWFNosgWYDmPkwvs8XQQAzQnzf7WV8aQcaBL,Holiday Cadence,NA,NA,NA,NA,NA,NA,publicdomain,0.0,0,1,63,0,1,0,26,282,10.846153846153848,False,0.4667433798536056,1.0,0.9439102564102564
QmZB1a7ymeTWLj3jNXLqsXNrfyBX7nh4GbsXeCFByo4pHA,Holiday Flute Quartet Piano Part,NA,Holiday Flute Quartet Piano Part,Gygs Bill,NA,NA,NA,cc-zero,0.0,0,0,23,2,1,0,184,1418,7.706521739130435,False,3.309798650789129,0.8032440056417489,0.9714814814814816
QmZpq7FNmyEJYZpKso85Xv4a8TM2vMH2cPsth6LXPULXEp,holiday medley,The Sensations,multiple holiday songs,Various Artists,Milly Jones & Joe Marta,NA,NA,cc-zero,0.0,0,1,50,0,4,0-0-0-0,96,1135,11.822916666666666,True,3.3324532419582384,0.8006198347107438,0.9341397849462364
QmZDfK6RsvGNm7zUijitDPJgwxUYoRNKhGz6JGkHcCHowD,Holiness unto the Lord let it be our marching song - J. Lincoln Hall,NA,Holiness unto the Lord let it be our marching song,J. Lincoln Hall,NA,classical,NA,publicdomain,0.0,0,0,6,2,1,0,24,545,22.70833333333333,True,2.626674374122003,0.9651376146788992,0.8706597222222222
Qmf2Tsb7fXTebnTrY5nAib3GPfd3tYfsw8FBj28Gv2TpnM,Holiness unto the Lord shout it over hill and plain - R. E. Winsett,NA,Holiness unto the Lord shout it over hill and plain,R. E. Winsett,NA,classical,NA,publicdomain,0.0,0,0,5,2,1,0,16,451,28.1875,True,2.429704839072877,0.991130820399113,0.8658854166666666
QmWw9BPPJYgWYcqEBrWF2EBeVPBxZcjG81sWo26EAEToh6,Holland Is A Fine Place (air) 0096,NA,HOLLAND IS A FINE PLACE,Misc tunes,after Chief F. O'Neillmoderate,NA,NA,publicdomain,0.0,0,0,8,1,1,0,18,74,4.111111111111111,False,2.637724815810882,0.9594594594594594,0.9388020833333334
QmT6fjkydyTxZbej3wFPco58R6DmnCGEFWVdf8g61qGJ3q,Hollow Knight - Greenpath,NA,Greenpath,Christopher Larkin,Christopher LarkinArranged by LyricWulfTranscribed by schhwmn,soundtrack,ost-hollowknight-christopherlarkin-lyricwulf-greenpath,cc-zero,4.84,34,90,3277,2,1,0,101,1659,16.425742574257427,False,2.607117803664668,0.9614225437010248,0.9541666666666668
Qmb79JhMrL139TeUEqUihZk4obRC94Vuj65KHqpuJaq7mi,Hollow Knight - Queen's Gardens,Hollow Knight,Queen's Garden,Christopher Larkin,Christopher LarkinArrangement: Jose Villanueva,soundtrack,hollow-knight-larkin-queens-garden,cc-zero,4.64,11,42,1127,1,1,0,39,386,9.897435897435898,False,2.4057295569538537,0.9689119170984456,0.9957264957264956
QmUpUCmZ5GkPexJ6UddsXkaWmi1CA8aoWCF4ACmyZpYWM7,Hollow Knight Medley,Advanced Piano,Hollow Knight Main Theme,Christopher Larkin,Christopher Larkin,soundtrack,hollowknight-medley-videogames-hornet-piano,cc-zero,4.85,17,68,2228,3,1,0,954,12988,13.61425576519916,False,3.338581503317797,0.7944628347878423,0.9654134114583334
QmdyLdHgyXZodYSeKaZtDiwvY8Uqsrhvp3jebBhHoWXRwa,Hollow Knight: Silksong - Lace,Hollow Knight: Silksong,Lace,Christopher Larkin,Christopher LarkinArranged by LyricWulfTranscribed by schhwmn,soundtrack,ost-hollowknight-silksong-lace-christopherlarkin-lyricwulf,cc-zero,4.91,44,106,3429,2,1,0,92,2342,25.45652173913044,False,2.9957638529903408,0.8931623931623932,0.9533828382838284
QmfBXkX3yCro7gZQd4HZbbFYMFWib24Z72FP5Uybfg6ucb,Holloway - Jay Deavereaux,NA,Holloway,Jay Deavereaux,NA,classical,NA,publicdomain,0.0,0,0,1,1,1,0,16,155,9.6875,True,2.749902494200029,0.9870967741935484,0.9444444444444444
QmecVGqong8WtEoVLEQJXkX49r3RjHeiimC4RVwizyca3u,Holly Jolly Christmas,NA,a holly jolly christmas,Misc Christmas,NA,soundtrack,iowaagni,cc-zero,0.0,0,4,197,0,4,0-0-0-0,70,613,8.757142857142858,True,2.680284936829936,0.9967159277504104,0.9577380952380952
QmQCFu4ukeSavyHrpC586kzpwtAgPp6P3WCWnRi2V3rW1Z,Holmès Augusta - Paysages d'amour No.3 - Au bois dormant,NA,Paysages d'amour,Augusta Mary Anne Holmès,Augusta Holmès,classical,NA,cc-zero,0.0,0,0,38,0,4,0-0-0-0,76,692,9.105263157894736,False,2.843992428777398,0.9666666666666668,0.9577777777777776
QmYxZhTTv8wfo9cKQqpAUESNavdGYmJcmFJsXYUAQrYznA,Holubí dÅm,NA,holubí dum,JiÅí Schelinger,J. UhlíÅ,rock,NA,cc-zero,4.49,5,12,1254,1,1,0,34,116,3.411764705882353,True,2.699600348092855,1.0,0.9602272727272728
QmNrpXd9sqpCWMUEfDf1C8EhG7KBym5rWotbx5XnvVRDay,Holy,NA,Holy,dgowans121,gowans,NA,NA,cc-zero,0.0,0,0,17,1,1,0,20,298,14.9,True,3.036679543058049,0.9421768707482994,0.9346590909090908
Qmf3BCrsWAjaBj1Y1c5G3BPH1BWsZsK3vPXGrxZqyL3Ecg,Holy Babe in lowly manger - J. Lincoln Hall,NA,Holy Babe in lowly manger,J. Lincoln Hall,NA,classical,NA,publicdomain,0.0,0,0,5,2,1,0,36,540,15.0,False,2.945468864324976,0.9574074074074074,0.9458333333333332
QmXrhU9MrsnVJQYZncb2bxPj9ZN7ZbUswc7iJAPhPCweT4,Holy Bible book divine (Armstrong) - Frank L. Armstrong,NA,Holy Bible book divine (Armstrong),Frank L. Armstrong,NA,classical,NA,publicdomain,0.0,0,0,15,1,1,0,24,336,14.0,True,2.581212263509977,0.9821428571428572,0.953125
QmdozfaM6xu7zq3fjWWFbDrP4cPLtnQNeN6u6QkCzTjRht,Holy Bible book divine (Magann) - Arthur S. Magann,NA,Holy Bible book divine (Magann),Arthur S. Magann,NA,classical,NA,publicdomain,0.0,0,0,13,1,1,0,32,236,7.375,True,3.0565879441470107,0.8940677966101694,0.9592013888888888
QmYAvts86AoMHXFPWnQbQxyNzLn2tadz6syQBygCNa3RHC,Holy Bible book divine (Pugh) - Owen F. Pugh,NA,Holy Bible book divine (Pugh),Owen F. Pugh,NA,classical,NA,publicdomain,0.0,0,0,3,1,1,0,32,265,8.28125,True,2.7868967844101475,0.9547169811320756,0.9722222222222222
QmV2ceo1eGJ1pV6QyAjoe1XbufbvVh3K7qMpGrtZAfwRSL,Holy Bible book divine (Wilson) - Ira B. Wilson,NA,Holy Bible book divine (Wilson) - Ira B. Wilson,Ira B. Wilson,NA,classical,NA,publicdomain,0.0,0,0,10,1,1,0,24,364,15.166666666666666,True,2.953152073820076,0.9505494505494504,0.943287037037037
QmTW6fFQ7gXgkwr4Yi6XcSEWoWxXpe2i2tm3jUnHVPtaBz,Holy Child - James S. Tyler,NA,Holy Child,James S. Tyler,NA,classical,NA,publicdomain,0.0,0,0,3,1,1,0,17,232,13.647058823529411,False,2.6581664090067654,0.9827586206896552,0.9544270833333334
QmTNrrE2THMEwMBXYMfoxxm5dTVEwPhhom66G6fu3d4v1z,Holy day Jehovah's rest - F. E. Belden,NA,Holy day Jehovah's rest - F. E. Belden,F. E. Belden,NA,classical,NA,publicdomain,0.0,0,0,38,1,1,0,16,216,13.5,True,2.59372611865323,0.9907407407407408,0.890625
QmZfyBZR8F1SQ2kyTDYoGy2jzEfkM676NWpH9Fk1nZ3fTE,Holy Faith - George C. Martin,NA,Holy Faith,George C. Martin,NA,classical,NA,publicdomain,0.0,0,0,2,1,1,0,26,226,8.692307692307692,True,2.9185511691433805,0.9601769911504424,0.9666666666666668
QmeJyhPJHgEGtj1CmxCdb5CeLucu1ARtV2J3WeVaEqCDNC,Holy Father freely pardon - Elisha A. Hoffman,NA,Holy Father freely pardon,Elisha A. Hoffman,NA,classical,NA,publicdomain,0.0,0,0,2,2,1,0,20,260,13.0,False,2.5453324266035744,1.0,0.9075520833333334
Qme3pt2mxWU7r13HJzwMibHQMX7MB7yEC1r8wLz82BX2ez,Holy Father send thy blessing (Lanning) - H. W. Lanning,NA,Holy Father send thy blessing (Lanning),H. W. Lanning,NA,classical,NA,publicdomain,0.0,0,0,3,1,1,0,17,233,13.705882352941176,True,2.5814059952651167,0.9871244635193132,0.9347222222222222
QmRpiCNnPzHGToYge5ahMwi28znSSJQeYoH8NL9UxmofZH,Holy Father we adore Thee - Adam Geibel,NA,Holy father we adore thee,Adam Geibel,NA,classical,NA,publicdomain,0.0,0,0,3,1,1,0,20,235,11.75,False,2.940223859063911,0.9617021276595744,0.9114583333333334
QmdXh5T7g8cv78FYrAGTQqJhsYVDediuWeteRhoh7WrSc7,Holy Ghost in sovereign power - Hubert P. Main,NA,Holy Ghost in sovereign power,Hubert P. Main,NA,classical,NA,publicdomain,0.0,0,0,7,1,1,0,8,125,15.625,True,2.656140302476396,0.984,0.9097222222222222
QmNx21s5QCNzk7gEDqPpnzfmhaBsAVmpY1jdg9MrGJMa7Y,Holy Ghost we bid thee welcome - Mrs. C. H. Morris,NA,Holy Ghost we bid thee welcome,Mrs. C. H. Morris,NA,classical,NA,publicdomain,0.0,0,0,12,1,1,0,16,250,15.625,True,2.6503274009336133,0.984,0.9322916666666666
QmUkgR3aUfFpV5qDv1t5YgTE65fnBfo4yXvEbLidKi9Fsq,Holy God we Praise Thy Name,NA,Holy God We Praise Thy Name,Misc Traditional,Tune: GROSSER GOTT from Katholisches Gesangbuch (circa 1774)Words: Clarence A Walworth (1820-1900) translated from Ignace Franz (1719-90),folk,NA,publicdomain,0.0,0,1,26,1,1,0,24,54,2.25,True,2.4647164068825167,1.0,0.9618055555555556
QmWEhgcPR2hFWSXfucx8evFNwbGRCLDogdqbSshKzqm9kj,Holy happy angels - R. A. Glenn,NA,Holy happy angels,R. A. Glenn,NA,classical,NA,publicdomain,0.0,0,0,2,1,1,0,16,333,20.8125,True,2.462593307687264,1.0,0.9635416666666666
QmTPmBvCqSrpJTdr87B77a5yprLJM1L6p2yUfmpoBSJW43,Holy Holy Holy,NA,Holy Holy Holy Lord God Almighty,John B. Dykes and Camp Kirkland,william,classical,NA,cc-zero,0.0,0,0,43,1,1,0,16,142,8.875,False,2.39408777068019,1.0,0.9622395833333334
Qma47yVtZJpW1JDPWZhHfsL4fSHESLTddX2GSiAgxoGynv,Holy holy holy Lord (Falconer) - Florence Williams Falconer,NA,Holy holy holy Lord (Falconer),Florence Williams Falconer,NA,classical,NA,publicdomain,0.0,0,0,2,1,1,0,14,161,11.5,True,2.8381328695603774,0.9130434782608696,0.89375
QmZ5uL2UWn4JsbBGKu5bKGBySSSS1qvpKgAgysLALxCa8T,Holy holy holy Lord (Gould) - J. E. Gould,NA,Holy holy holy Lord (Gould),J. E. Gould,NA,classical,NA,publicdomain,0.0,0,0,7,1,1,0,8,121,15.125,True,2.9192356288973884,0.9586776859504132,0.9427083333333334
QmTErR15NKs5XS4LngRFQaHHPSVBCrJ4xqHdca3YdJJtgn,Holy holy holy Lord God of hosts (Hugg) - Geo. C. Hugg,NA,Holy holy holy Lord God of hosts (Hugg) - Geo. C. Hugg,Geo. C. Hugg,NA,classical,NA,publicdomain,0.0,0,0,20,1,1,0,16,227,14.1875,True,2.6466778461833296,0.9955947136563876,0.9388020833333334
QmTpTSTAJcFmj7WgvNewpPje6ccQQ8UNpApXNrSwzBsNFo,Holy holy we would tell thy love - L. E. Jones,NA,Holy holy we would tell thy love,L. E. Jones,NA,classical,NA,publicdomain,0.0,0,0,7,2,1,0,16,258,16.125,True,2.7444279706949217,0.9728682170542636,0.9430555555555556
QmVoYu6DVTTwjTKHfDYsNjvsTt9HksFvwwjREym5x423CL,Holy is the Bible Holy is the Lord - B. E. Warren,NA,Holy is the Bible Holy is the Lord - B. E. Warren,B. E. Warren,NA,classical,NA,publicdomain,0.0,0,0,5,1,1,0,26,305,11.73076923076923,True,2.6426421658643253,0.9836065573770492,0.9631410256410255
QmfZbsYyYQsDhHpqVdvVvJiqHqSzjg43sEZ8yvjY4HVvfW,Holy Jesu - Henry J. E. Holmes,NA,Holy Jesu,Henry J. E. Holmes,NA,classical,NA,publicdomain,0.0,0,0,6,1,1,0,8,95,11.875,True,2.65732880497904,0.9578947368421052,0.9583333333333334
QmQvq9gE5j5f728XgF8yeXJHa9eJcNv8tFbfvVgS95KHoM,Holy Lord God of Hosts we bend before Thee - Chas. H. Gabriel Jr.,NA,Holy Lord God of Hosts we bend before Thee,Jr. Chas. H. Gabriel,NA,classical,NA,publicdomain,0.0,0,0,11,1,1,0,24,264,11.0,True,3.0066915937371066,0.928030303030303,0.9756944444444444
QmSx1B3ojmAibXVYWzo4hPTz6WGu1WrzoXiEyb23LDZo2v,Holy night! Peaceful night (Barnby) - Joseph Barnby,NA,Holy night! Peaceful night (Barnby) - Joseph Barnby,Joseph Barnby,NA,classical,NA,publicdomain,0.0,0,0,8,1,1,0,24,264,11.0,True,3.0242212288620345,0.9318181818181818,0.957175925925926
Qmbdi27Ub4k3xUQiHkhBULJQHaQrpyT6W4sEtVqHKGxaoD,Holy Sabbath happy morning,NA,Holy Sabbath happy morning,Misc Traditional,NA,folk,NA,publicdomain,0.0,0,0,5,1,1,0,16,168,10.5,False,2.321861773976019,1.0,0.9817708333333334
QmNP8T6JLDRNJs5UrQhf4qEntEt3ZwvfH1rJuFHysMpnFn,Holy Savior! we adore Thee - D. B. Towner,NA,Holy Savior! we adore Thee - D. B. Towner,D. B. Towner,NA,classical,NA,publicdomain,0.0,0,0,2,1,1,0,15,177,11.8,False,2.587819785686561,0.9887005649717514,0.9027777777777778
Qmanis1WvhW71XGxMw81fjda87TihZF4PMQz2foZRA7QS5,Holy Spirit bending lowly - D. B. Towner,NA,Holy Spirit bending lowly,D. B. Towner,NA,classical,NA,publicdomain,0.0,0,0,4,1,1,0,16,253,15.8125,True,2.627283540615485,0.984189723320158,0.9635416666666666
QmZ4VCYBUJoowzD9RQc9WyePmY24611u8GDXsBTgiQ8Yco,Holy Spirit dwell in me - E. S. Black,NA,Holy Spirit dwell in me,E. S. Black,NA,classical,NA,publicdomain,0.0,0,0,64,1,1,0,16,211,13.1875,True,2.754651594197181,0.971563981042654,0.95
QmQLPs5LbFqFJMoZtd1qrzMq7uF9pfwwbRZYwZ7BHFV11C,Holy Spirit from above (Doane) - W. H. Doane,NA,Holy Spirit from above (Doane),W. H. Doane,NA,classical,NA,publicdomain,0.0,0,0,4,1,1,0,16,249,15.5625,True,2.8948586349544945,0.9558232931726908,0.9401041666666666
QmcwpGHwVgVcfyAw1cwGKzupoeWr5QJjFfapbUJPKLrJvF,Holy Spirit from above (Palmer) - Dr. H. R. Palmer,NA,Holy Spirit from above (Palmer),Dr. H. R. Palmer,NA,classical,NA,publicdomain,0.0,0,0,4,2,1,0,24,285,11.875,False,3.0820993807091104,0.912280701754386,0.9340277777777778
QmdkUv321KUrMiVPUdqCbcihwAsvZPyqZF3Jjj8X1N3wNQ,Holy Spirit heavenly dove - Robert Harkness,NA,Holy Spirit heavenly dove - Robert Harkness,Robert Harkness,NA,classical,NA,publicdomain,0.0,0,0,3,1,1,0,10,124,12.4,False,2.694748364144661,0.9838709677419356,0.9615384615384616
QmeBLRcyeWwp3wUVX2aKg9h2kjwvzAGcfKY8ezhmBcoupo,Holy Spirit lead us now - Ira D. Sankey,NA,Holy Spirit lead us now,Ira D. Sankey,NA,classical,NA,publicdomain,0.0,0,0,3,1,1,0,24,161,6.708333333333333,True,2.514316286562184,0.9937888198757764,0.945601851851852
QmeN3xwn5wAK1ZiAGaRkdng9CpYVd8ZfGv6Mhq93rzpmcx,Holy Spirit living water - Edna G. Young,NA,Holy Spirit living water,Edna G. Young,NA,classical,NA,publicdomain,0.0,0,1,11,1,1,0,32,250,7.8125,True,2.660056992607566,0.988,0.9418402777777778
Qmf1PrjQEdUmUgmhYmVvrfCmJejg5GZRv5tGekYijzD4SU,Holy Spirit Love divine - J. E. Delmarter,NA,Holy Spirit Love divine,J. E. Delmarter,NA,classical,NA,publicdomain,0.0,0,0,4,1,1,0,16,121,7.5625,True,2.703753776831117,0.9338842975206612,0.9565972222222222
QmSkGjbyw2iGKS44YFZjphrzhfNs8N2rtyprKUZUxqrjZM,HOLY VOICES (Geer) - G. Jarvis Geer,NA,HOLY VOICES (Geer),G. Jarvis Geer,NA,classical,NA,publicdomain,0.0,0,0,4,1,1,0,10,133,13.3,True,2.80461285421502,0.9774436090225564,0.9621212121212122
QmZSdndKGx96h5hsj4yqkS2GuH2jtLk2pMWfDZjCY4PypA,Homage A Edmond Parizeau,NA,Homage à Edmond Parizeau,Misc tunes,NA,NA,NA,publicdomain,0.0,0,0,7,1,1,0,33,176,5.333333333333333,False,2.488568394400812,1.0,0.921875
QmV8Ey85rFTZWRwPhyfVWwEGr8sbABtd7a2SPUCMbHV8qH,Homage to Chopin,NA,NA,NA,Matias,NA,chopin-romantic,cc-zero,4.83,3,5,194,0,1,0,235,4469,19.017021276595745,False,3.195457030738468,0.9017937219730942,0.9146870286576168
QmPfGQgtmo36ozzWiaS18BkF8o9tBpPhYaTyqDNCWLG9j4,Hombres G Devuelveme a mi chica,NA,devulveme a mi chica,Hombres G,NA,rock-pop,cover-piano-hombresg-s,cc-zero,0.0,0,10,1072,1,1,0,34,336,9.882352941176473,False,3.193403263410389,0.7797619047619048,0.9868055555555556
QmR3hZdWwKPXWPXkJgKF5J74BkPspUWhKCx5go33MAFxF7,home,NA,home,Carol Sevciovic,Carolina Sevciovic Lopes,NA,NA,cc-zero,0.0,0,0,2,1,1,0,36,269,7.472222222222222,False,2.616299854687377,0.9925650557620818,0.9386574074074074
QmUuGsmaYwDAVBG38RacGXh8HBkDzkGS7y7jD4XUzVHLpx,Home Again,NA,Home Again,Misc tunes,Tune is Le Brandevin,NA,NA,publicdomain,0.0,0,0,7,1,1,0,9,133,14.77777777777778,False,2.817439302458491,0.9849624060150376,0.9140625
QmXJ8woagef2qcNSfMcocN1eCSqtkK4HXhdEfmR5EUxtG3,Home Brewed Ale,NA,Home Brewed Ale,Misc tunes,NA,NA,NA,publicdomain,0.0,0,0,2,1,1,0,12,58,4.833333333333333,True,2.517131464413956,1.0,0.9652777777777778
QmdstH356HD829cN5qhDZNndN6rVQapBHFxZS1trCgHE7g,Home home home - M. L. McPhail,NA,Home home home,M. L. McPhail,NA,classical,NA,publicdomain,0.0,0,0,4,1,1,0,8,101,12.625,True,2.855442680890788,0.9405940594059404,0.9125
QmaP3g2zxweNXdLkyL4PK6AnfeAXgyozJ8gzJMdtLrpUEt,Home Made Sugar and a Puncheon Floor,NA,Home Made Sugar and a Puncheon Floor,Misc tunes,NA,NA,NA,publicdomain,0.0,0,0,4,1,1,0,16,89,5.5625,False,2.597199757351396,1.0,0.8828125
QmVv1x1xhfTcd8EP8LLxZzNgY7qvLNH9BzDwQEvordcrfP,Home on the Range (Secondary Dominants),Harmonization with secondary dominants,Home on the Range,Cowboy Ballad,Brewster HigleyDan Kelly,classical,NA,cc-zero,4.12,5,16,531,1,1,0,33,227,6.878787878787879,False,2.92479662026098,0.9427312775330396,0.9774305555555556
QmUZFrmRsiPZcCGx5hQCAzeD3bjUawPkAaxNVYVWVzPNPm,Home Sweet Home - Henry Rowley Bishop,NA,Home Sweet Home,Henry Rowley Bishop,Henry R. Bishop,classical,NA,publicdomain,0.0,0,2,164,1,1,0,25,261,10.44,True,2.440180716629792,1.0,0.9782986111111112
QmNSZQzUVxXgBZGUkytybmdW667XS4z8hnaYCvbBXWL346,Home Sweet Home - Motley Crue,NA,h0me sw33t h0me,m0tl3y c1ue,Motley Crue,classical,homesweethome-motleycrue,cc-zero,4.8,195,768,32922,1,1,0,42,607,14.452380952380953,False,3.0819155054914527,0.8270181219110379,0.9572916666666668
QmNW6knJ7u5yRaiqzVwCNDraa2mqte1BWu4VXuzAPgiyfb,Home Sweet Home Motley Crue 1,Möltey Crüe,home sweet home,Mötley Crüe,arr. Dylan Simons,rock,home-sweet-homesweethome-motleycrue-motley-crue,cc-zero,4.77,6,28,1080,1,1,0,47,671,14.27659574468085,False,3.066757970050664,0.834575260804769,0.962037037037037
QmfW5Sd4zaqrUARHyWzZxVrjBAMH7hVxmfZvZ7SgAVwxz2,Home! Light! Home! The light of a cloudless day,NA,Home! Light! Home! The light of a cloudless day,Misc Traditional,NA,folk,NA,publicdomain,0.0,0,1,20,1,1,0,16,246,15.375,False,2.6555898605996906,0.9959349593495936,0.9416666666666668
QmdthbsKrCGtJQNqKusuHphADH9FwTR17onrS4hgzjoFcu,Homeland,NA,Homeland,SELI-chan,Selina Adelman,NA,NA,cc-zero,0.0,0,0,26,0,1,0,56,163,2.9107142857142856,True,2.626638805104535,0.98159509202454,0.9492924528301888
QmYor1s55sb5FZVBjPS7pzCWfyK14XkHdfQJSTCHD3YfDy,Homeless here the soul may rove - Wm. D. Evridge,NA,Homeless here the soul may rove,Wm. D. Evridge,NA,classical,NA,publicdomain,0.0,0,0,7,1,1,0,23,324,14.08695652173913,False,2.3245897209389867,1.0,0.90234375
QmeeCREf2jM2EzuDcqvumCquGNq676kNFoGFBG1gRy2sQy,Homeless I wander from place unto place - H. C. Blosser,NA,Homeless I wander from place unto place,H. C. Blosser,NA,classical,NA,publicdomain,0.0,0,0,17,2,1,0,24,466,19.416666666666668,True,2.702625047549428,0.9635193133047212,0.9302536231884058
QmbDsd1sHJU64PkZgM5h8b5J8uFLmVBRzqx3pJ1Hy8qqSY,Homes for the children our Lord is preparing - Robert Lowry,NA,Homes for the children our Lord is preparing,Robert Lowry,NA,classical,NA,publicdomain,0.0,0,0,3,2,1,0,16,340,21.25,True,2.726917103035808,0.9794117647058824,0.9401041666666666
QmV63BHQF85q6EAW4bYktK3xMEh5kdF4fK2EdyVhbLin9r,Homestuck - Pink Cat (Intro Only),coloUrs and mayhem: Universe B,Pink Cat,Ryan Ames,Composed by Ryan AmesTranscribed by Crypt,NA,homestuck-homestuckmusic,cc-zero,0.0,0,4,223,2,1,0,32,216,6.75,False,2.7918603114266056,0.949074074074074,0.9288194444444444
QmQZt3Fx1oU5PhoZ3sEDFCGUCJHHiPBcPe2xbCG6AW7sKn,Homestuck Anthem - piano bit,Homestuck Vol. 5,Homestuck Anthem,Clark Powell,Clark Plazmataz Powell,electronic-soundtrack,NA,cc-zero,0.0,0,23,1635,1,1,0,8,67,8.375,False,2.54711938769545,0.9253731343283582,0.9196428571428572
Qmb2QrpXwQnYRRP8TDWXR54kmuck81w8VAx8dLcVjmfK5X,Hometown (Sleepers),twenty one pilots,hometown,Twenty One Pilots,NA,rock-pop,twentyonepilots-tylerjoseph-joshdun-hometown-blurryface-emotionalroadshow-sleepers-hometownsleepers,cc-zero,4.71,21,257,9014,1,1,0,98,887,9.051020408163266,False,2.733606930876199,1.0,0.9640731292517006
QmTkEVGT8cyNch4gwUdw9DHEykfrqxtncv8k3uwn9HLQnD,Homeward Bound (53),NA,Homeward Bound,Misc tunes,NA,NA,NA,publicdomain,0.0,0,0,3,1,1,0,18,95,5.277777777777778,False,2.603054266045643,1.0,0.9635416666666666
QmTP6ctWU8LnJYyAYJstQd4NX5dDFWSijDTZkAzngKjhJo,Homeward Bound [2] (53),NA,Homeward Bound,Misc tunes,NA,NA,NA,publicdomain,0.0,0,0,6,1,1,0,18,95,5.277777777777778,False,2.603054266045643,1.0,0.9635416666666666
QmaFYfHqMsBtuDBrJ53KrBAmt9noT3xVSkAWCdqgUfteYV,Homeward bound! a restless ocean crossing - C. Harold Lowden,NA,Homeward bound! a restless ocean crossing,C. Harold Lowden,NA,classical,NA,publicdomain,0.0,0,0,22,2,1,0,34,429,12.617647058823527,True,3.0351346672798467,0.9137529137529138,0.963037634408602
Qmd1xMiUuWqr4dRu1zGYY7HgjCi3bo5tnVdy8gS7ha74Ua,Hommage \a Edmond Pariso (Pariseau),NA,Hommage \a Edmond Pariso (Pariseau),Misc tunes,NA,NA,NA,publicdomain,0.0,0,0,3,1,1,0,34,186,5.470588235294118,False,2.4624807886968147,1.0,0.9518229166666666
QmUmcZh7sqYJKK5mV6bAjX1m2Vrxxh7KWF1DTd32omA8ve,Hommage \a Pitou Boudreault,NA,Hommage \a Pitou Boudreault,Misc tunes,NA,NA,NA,publicdomain,0.0,0,0,2,1,1,0,64,505,7.890625,False,2.600461861403325,1.0,0.9928385416666666
QmadVknz9r4usEvK36MzEqwonbGAYwqYKynhQvGWk2uyXk,Hommage A Andre Alain,NA,Hommage A Andre Alain,Misc tunes,NA,NA,NA,publicdomain,0.0,0,0,3,1,1,0,33,171,5.181818181818182,False,2.5176932534512693,1.0,0.9505208333333334
QmVCmZh5rJPrFFnepmMifiUXc84owAeMCU3LfAPiQ3aPt8,Hommage A Andre Alain,NA,Hommage A Andre Alain,Misc tunes,NA,NA,NA,publicdomain,0.0,0,0,0,1,1,0,26,181,6.961538461538462,False,2.6277658478085915,1.0,0.9544753086419752
QmTtxWQEdWLSpyi8HsWjw6v27QtH7SGtyDsQCGY8aR1c3p,Hommage A Bach,NA,Hommage a Bach,Eugene Bozza,NA,NA,NA,cc-zero,0.0,0,0,66,2,1,0,125,1141,9.128,False,3.3045721805014407,0.8362831858407079,0.896875
QmYwhjVQpPU9virkTSW5pXe6vWdaf3k8siUkeMrBFWtVrW,Hommage A Dorothée,NA,Hommage A Dorothée,Misc tunes,NA,NA,NA,publicdomain,0.0,0,1,26,1,1,0,64,296,4.625,False,2.64155401888996,0.9898648648648648,0.9440104166666666
QmeBkcxFkmXtU8rfTgiFAzvAQCYE7pL9EP345ZLydgRu4F,Hommage to Dr. Jekyll,Paul Lewis,Hommage to Dr. Jekyll (a),Paul Lewis,thomas_fchrr,NA,lesonquimetlapression-lunatic-paullewis-hommage-hommagetodrjekyll-jekyll,cc-zero,0.0,0,3,190,2,1,0,43,248,5.767441860465116,False,2.7489669519421613,0.9516129032258064,0.9229166666666666
Qme8UALMf38Z8k6PgnwdgXLkdiLZ4B7pNaseX5MV9P6r9D,Hommage à Elmer Briand,NA,Hommage à Elmer Briand,Misc tunes,NA,NA,NA,publicdomain,0.0,0,0,1,1,1,0,137,372,2.7153284671532845,False,2.727550662131088,0.9946236559139784,0.9220920138888888
QmTDCPsTJZTmYesandSdW7yeDx9yFmkKZVSYnqcNUUZwTk,Homo quidam - Giovanni Battista Riccio,NA,Homo quidam,Giovanni Battista Riccio,NA,classical,NA,publicdomain,0.0,0,0,23,0,3,0-0-0,23,443,19.26086956521739,True,3.081979809689593,0.8885448916408669,0.8958333333333334
QmQedxB6FRWaYjF4vq7SjTXR5BDJarRpQPyr4tyy13aBnn,Hon. Mrs. Maule's Favourite,NA,Hon. Mrs. Maule's Favourite,Misc tunes,NA,NA,NA,publicdomain,0.0,0,0,2,1,1,0,34,234,6.882352941176471,False,2.7922003417628933,1.0,0.970703125
QmdupbULZraGvHBhrEuA7cC28Duemcfg652dsKpEq6p8sP,Hona Jwale SATB,Sotho Traditional,NA,NA,NA,NA,folksong-sotho-african-love-sesotho,cc-zero,0.0,0,2,107,0,4,0-0-0-0,32,972,30.375,True,2.6710500694762325,0.9875518672199172,0.8932291666666666
QmWaWg9EP9SM8opxce3h7awuMXQhJ5TXVHof44bLwowS95,Honest Miller. WCD3/2.035,NA,Honest Miller. WCD3/2.035,Misc tunes,NA,NA,NA,publicdomain,0.0,0,0,2,1,1,0,16,148,9.25,False,2.713591392795479,1.0,0.9496527777777778
QmWBfrMEKWYdsUqoZeWygmtJm5junMJrdSshErCnuHEZmz,Honest Robin. PFD3.033,NA,Honest Robin. PFD3.033,Misc tunes,NA,NA,NA,publicdomain,0.0,0,0,2,1,1,0,24,134,5.583333333333333,False,2.757593083813423,0.9850746268656716,0.9461805555555556
QmYD2rNwTk72iaRScBq6wz3BaAC98gBcbQbUtQe8WP5846,Honey Moon. 2voices.AJH.021,NA,Honey Moon. 2voices.AJH.021,Misc tunes,NA,NA,NA,publicdomain,0.0,0,0,7,0,2,0-0,32,228,7.125,False,2.6599030298825146,1.0,0.9244791666666666
QmSjft6JhPt9f7qm1YwoRSgYwfucZWUXsGCYFeGBtitbg3,Honey Moon. 2voices.AJH.021,NA,Honey Moon. 2voices.AJH.021,Misc tunes,NA,NA,NA,publicdomain,0.0,0,0,0,0,2,0-0,48,348,7.25,False,2.6497969303773057,1.0,0.9201388888888888
QmXxAgQQLjNkZkU6P4kfRqW1JkaFFxpvD8jnky75ANaNzh,Honey suckles Frolick,NA,Honey suckles Frolick,Misc tunes,NA,NA,NA,publicdomain,0.0,0,0,2,0,2,0-0,36,238,6.611111111111111,False,2.729890126557664,0.9831932773109244,0.9496527777777778
QmTwAV19Y3WwmiXh29TKVoWbDv187iog9mHakFBARRhzdF,Honeybee (Vocal Score cover),based on the song by Steam Powered Giraffe covered by Nevada Glee Club: Intensive Choral Unit,NA,NA,arr. A. Pedote and B. Harnish,NA,honeybee-steampoweredgiraffe-spg-choral-vocal-bee-honey-steampunk-acoustic-acappella,cc-zero,0.0,0,9,548,0,6,4-4-4-4-4-4,115,1263,10.982608695652171,True,2.640295837362184,0.9853211009174312,0.9083333333333332
QmT8aRLhLSkczHoKWkbCyRJceFAiHkr3eaF3qkCPR7xrMy,Honeybee Final!,The Head and the Heart,honeybee,The Head and the Heart,Arr. Liza Harold,folk,NA,cc-zero,0.0,0,3,164,0,5,0-0-0-0-0,99,1172,11.83838383838384,True,2.563005581427724,1.0,0.9311868686868688
QmenYsZvJ1291uFgRiQDSh6yWb8eodvapARhW3VhS6GXnQ,HoneymoonThe. FTB.033,NA,The Honey Moon,Misc tunes,NA,NA,NA,publicdomain,0.0,0,0,8,1,1,0,36,250,6.944444444444445,False,2.666716647872689,1.0,0.9420572916666666
QmY5eRWGqTgeNC7tYoBCRV4RkHnQqb8SQi2e6Wdi6jbV59,Honeysuckle,NA,The Honeysuckle,Misc tunes,NA,NA,NA,publicdomain,0.0,0,0,0,1,1,0,64,161,2.515625,False,2.8925419521691267,0.9503105590062112,0.9748263888888888
QmZaP2xF2i4ci8cuHJhPHXHAzMbVDrPAAqhtSfRV8TiDGn,Honsup. HA.193,Hunt's Up. HA.193,Honsup. HA.193,Misc tunes,J.A.,NA,NA,publicdomain,0.0,0,0,2,1,1,0,68,314,4.617647058823529,False,2.6702502922721045,1.0,0.9338107638888888
QmUvAesSR71K476LEx8DreAW1ES8tGdWGLGQdoPFyhqej4,Honvéd banda,NA,NA,NA,NA,NA,NA,publicdomain,0.0,0,5,249,0,1,0,32,66,2.0625,False,2.649982808224556,1.0,0.9518229166666666
QmVx7D9eoQzX4GSFbsW1PVwBwEzPSk6P8XBF3NXvhahmAq,HOOP-DE-DOO-DEN-DOO -- JIG,NA,HOOP-DE-DOO-DEN-DOO -- JIG,Misc tunes,NA,NA,NA,publicdomain,0.0,0,0,3,1,1,0,18,112,6.222222222222222,False,2.3842519794217103,1.0,0.8697916666666666
QmPgdLxSByPb4GWvB3qAuNGxJRUoGW21PwgL5azMYaCXMF,Hoor wie klopt daar kinderen,NA,NA,NA,NA,NA,sinterklaas,publicdomain,0.0,0,2,263,1,1,0,27,73,2.703703703703704,False,2.656811914755864,0.9178082191780822,0.9509803921568628
QmUWoww4jQiXdFyNkyDStLKpjUwFQPNVYNL2cNVEimeX4c,HOP AND SKIP POLKA,NA,Hop Skip And Jump,Misc tunes,NA,NA,NA,publicdomain,0.0,0,0,1,1,1,0,64,284,4.4375,False,2.914984073640055,0.9577464788732394,0.9065860215053764
QmdCP8bTdBDcsejKsx9wemp4XvRVQp7LBwnqRchmeH4w8J,Hope,NA,Hope,DRA6ON,DRA6ONBLOOD,NA,NA,cc-zero,0.0,0,0,14,2,1,0,100,582,5.82,False,2.557745267922538,1.0,0.9497916666666668
QmTmh3uzeFF2JF4M8EGRi8U5g86x4gM7kJLzHBw5vCnehS,HOPE (Anonymous),NA,HOPE (Anonymous),Misc Traditional,NA,folk,NA,publicdomain,0.0,0,0,1,0,3,0-0-0,16,123,7.6875,False,2.635421683173792,0.9916666666666668,0.9622395833333334
QmcfC8Dzc6jLwsxwN8hBvHx81ztgi8F6v1NmHWkKsJcLuT,HOPE (Green) - Harold Green,NA,HOPE (Green),Harold Green,NA,classical,NA,publicdomain,0.0,0,0,4,1,1,0,8,113,14.125,True,2.7717931836032936,0.9646017699115044,0.9618055555555556
QmfU5Xj96r4DKwJJj1Cs63B9c7Zh7S4FVXnoLT3yo7UgP8,Hope (Piano version),NA,Hope (Piano version),kwokjing1,Kwok Jing,NA,NA,cc-zero,0.0,0,1,45,2,1,0,106,1524,14.37735849056604,False,3.2936265403452043,0.8412073490813649,0.9823113207547168
QmaQNeZ3iY1jWckGcVCyC2jofT6jH2brAm5YVLQ6HNxsik,Hope and Legacy,羽生結弦 Yuzuru Hanyu 2016-17 FS,Hope And Legacy,Joe Hisaishi,Joe Hisaishi,classical-soundtrack,yuzuruhanyu-figureskating-iceskating,cc-zero,4.85,80,299,14713,3,1,0,108,2030,18.796296296296298,False,3.024789990743004,0.9378391711889492,0.880072463768116
QmReUE3bsFm3CaxuC4efrb5kfK1s4QsrX7xu7XrFtAEpkH,Hope Is Still A Fair Deceiver. Roose.0727,NA,Hope Is Still A Fair Deceiver. Roose.0727,Misc tunes,'Country Dance',NA,NA,publicdomain,0.0,0,0,1,1,1,0,24,115,4.791666666666667,False,2.5690900050645773,1.0,0.9387254901960784
QmU7QA5ac3idYR9m3Sto83AjjpHQ3TWNuRsABySVQSjpqF,Hope Thou Nurse. WCl.68,NA,Hope Thou Nurse. WCl.68,Misc tunes,NA,NA,NA,publicdomain,0.0,0,0,3,1,1,0,40,93,2.325,False,2.5764034473069204,0.967741935483871,0.9346264367816092
QmeXq3GYpsAnjNkv37NVYEMkjgLKFY41be7tArcja6bFk5,Hope told a flatt'ring tale,Sung by Madam Mara,Hope told a flatt'ring tale,Misc tunes,NA,NA,NA,publicdomain,0.0,0,0,5,1,1,0,88,297,3.375,True,3.1141330562664056,0.9124579124579124,0.8723958333333334
QmWozujvNq3VfRtvopHSRtGCBrPT33ycxZbHpYAJJcCRJy,Hope Told a Flattering Tale,NA,HOPE TOLD A FLATTERING TALE,Misc tunes,NA,NA,NA,publicdomain,0.0,0,0,10,1,1,0,21,74,3.523809523809524,False,2.9030625943242696,0.918918918918919,0.8869047619047619
QmXKNi93ibpxQNfqS5fiZ5CRPtgXkLFZSxcjK4f13YMWRJ,HOPE TOLD A FLATTERING TALE,NA,HOPE TOLD A FLATTERING TALE,Misc tunes,NA,NA,NA,publicdomain,0.0,0,0,3,1,1,0,33,97,2.9393939393939394,False,3.225275286170181,0.8350515463917526,0.8949652777777778
QmPEHgYW3nMtARLwyQ26UVzkMLZwhYeMyRahvfUMA4qJYE,Hope Told a Flattering Tale. JaW.202,NA,Hope Told a Flattering Tale. JaW.202,Misc tunes,NA,NA,NA,publicdomain,0.0,0,0,3,1,1,0,42,162,3.857142857142857,False,2.796564992584018,0.9506172839506172,0.8635057471264368
QmSMzpcosHajGUiyizQcGEZLhQatZVeS53CXPHeaGvktf1,Hopeful,NA,detroit become human - connor main theme,Misc Soundtrack,NA,soundtrack,NA,cc-zero,4.87,5,17,445,2,1,0,32,808,25.25,False,2.336121541548468,1.0,0.9895833333333334
QmU3dmntBZjExpMxs9ySBENwdwJ4Y8y9bRbqGUGbCdhEum,Hopeful Ending,NA,Hopeful Ending,michaela_nava,NA,NA,NA,cc-zero,0.0,0,1,30,1,1,0,58,266,4.586206896551724,False,3.133867149931036,0.8796992481203008,0.9679232804232804
QmV85m9meKCqFXVhJDb2FaJag6icu7XVgnanpvZx694ocy,Hopes and Dreams / SAVE the World (Keyboard Accompany),NA,NA,NA,Toby Fox,NA,undertale-savetheworld-hopesanddreams-asriel-dreemur-pacifist-videogame-videogamemusic-ost-piano-keyboard-determination-theend,cc-zero,0.0,0,7,460,3,1,0,203,4161,20.497536945812808,False,3.4500202184884103,0.7004087521038711,0.9590212264150944
QmbXYkuMs7dd2hcnjnqJpzKp3aAiCCtSxMYzwgpDWkRxAF,Hopes and Dreams / SAVE the World (Keyboard Accompany) (For Humans)(Left Hand),NA,NA,NA,Toby Fox,NA,undertale-savetheworld-hopesanddreams-asriel-dreemur-pacifist-videogame-videogamemusic-ost-piano-keyboard-determination-theend-lefthand-simple-accompany,cc-zero,0.0,0,5,495,1,1,0,203,2558,12.600985221674875,False,3.4220988203101625,0.6872556684910086,0.9590212264150944
QmURrdoVCuSVJgLr56jPJb8MyFDkmM1jTbwjb7gDQsysNa,Hoping For Spring Days (2! 3!/Spring Day Mashup),2! 3!/Spring Day Mashup,misc mashups,Misc Mashups,ëíìëë,NA,bts-springday-btsmashup,cc-zero,4.62,5,149,3288,2,1,0,95,1325,13.947368421052632,False,2.70146390358734,0.9781132075471698,0.968859649122807
QmSzpUGwKuvv4xxFDtaV6pjFZQJFFBkhAeA1VJYJpqpaTp,Hoping in Jesus hoping in Jesus - Adam Geibel,NA,Hoping in Jesus hoping in Jesus,Adam Geibel,NA,classical,NA,publicdomain,0.0,0,0,3,2,1,0,21,403,19.19047619047619,False,2.815404124130229,0.9353233830845772,0.9347826086956522
QmZCiaNjov4CBnsYtXGVb1iNo7UAdQzMf6Pg5BCbKi889K,Hor che gli armenti - Domenico Mazzocchi,NA,Hor che gli armenti,Domenico Mazzocchi,NA,classical,NA,publicdomain,0.0,0,0,6,0,5,0-0-0-0-0,32,717,22.40625,False,2.978311495159617,0.9497784342688332,0.80078125
QmdZ51BMvyJkSUasjuagi2ZASHp5sjaxqf19VsEwVyDBij,Hor credetemi amanti (rough draft),NA,Hor credetemi amanti (rough draft),Anonymous,NA,classical,NA,publicdomain,0.0,0,0,4,0,6,0-0-0-0-0-0,69,1023,14.826086956521738,True,2.881297120111379,0.9758308157099698,0.9631642512077294
QmcBYEP2NK8NSennEQKs6wU1NUGRrKvEkoWvF95LRQ6wsF,Hor fuggi infedel' ombra - Giaches de Wert,NA,Hor fuggi infedel' ombra,Giaches de Wert,NA,classical,NA,publicdomain,0.0,0,0,4,0,5,0-0-0-0-0,49,941,19.20408163265306,False,2.87151497358153,0.9514563106796116,0.9619472789115646
QmQufetqW99mnqfKF8htdkbNDXSTVVqFz8RP62am3J7muS,HORA DE LA SUCEAVA,NA,HORA DE LA SUCEAVA,Ina Cliofas,NA,NA,NA,cc-zero,4.85,4,4,111,0,1,0,101,640,6.336633663366337,False,3.332893639471493,0.8203125,0.9133333333333332
QmR3YoKXJFSAfVEFX6d2p225XzfUQAXfFVPAHAPmUpw1QP,Hora nutii,NA,Hora nutii,Misc tunes,- Roem -,NA,NA,publicdomain,0.0,0,1,4,1,1,0,16,80,5.0,False,2.5726807257397653,1.0,0.9010416666666666
QmVz9gAjHFPBK9vCkp9nQkudZpfGEk1AXCMweogpt2ZSus,Horch was kommt von drau\ssen rein,NA,Horch was kommt von drau\ssen rein,Misc tunes,anon.,NA,NA,publicdomain,0.0,0,1,8,1,1,0,24,52,2.1666666666666665,False,2.782197295797738,1.0,0.9659090909090908
QmRbaPioCFfiotFv5kJH6Dk724LSTAKPxrNQYjncg5S97n,Horch was kommt von draußen rein,NA,Horch was kommt von drau\ssen rein,Misc tunes,Volkslied aus Baden 19. Jh.Arr.: F. Jaacks,NA,folksong-german,cc-zero,0.0,0,5,147,0,2,0-0,23,232,10.08695652173913,True,2.858625264865423,0.9655172413793104,0.9867424242424242
QmbHfuErsGHaddJTqXLjAuo5qeC19czgS1ejWZr3aKL5SK,Hore Hron dolu Hron,(Notový zápis zo spevníka VeÄ¾ký spevník najznámejších Ä¾udových piesní),Hore Hron dolu Hron,veva.zodla,Slovenská Ä¾udová,NA,NA,cc-zero,0.0,0,0,3,1,1,0,34,108,3.176470588235294,True,2.161680695669837,1.0,0.9362745098039216
QmZc1kz38b2xR2NQk2KmBuL7m8fyQo14VwZLM9SwFqYdES,Hore Hron dolu Hron cviÄenie,NA,Hore Hron dolu Hron cviÄenie,veva.zodla,NA,NA,NA,cc-zero,0.0,0,0,1,0,1,0,16,48,3.0,True,3.2799112725662494,0.8125,0.984375
QmPDn3j8LtXG5F4T2bcc4zsFkwm4vWPM5MBUm8Xu4QyqAj,Horgalaten,NA,horgalåten,Misc Traditional,M-1,folk,NA,publicdomain,0.0,0,2,16,1,1,0,60,245,4.083333333333333,False,2.869704931109384,0.9428571428571428,0.9312015503875968
QmVYfAhftaJomkJhmnXBBBaP4MiycxkCQMHuBu4X5PbyHv,Horizontal beams,NA,Horizontal beams,Misc tunes,NA,NA,NA,publicdomain,0.0,0,0,3,1,1,0,9,90,10.0,False,2.2304275888045,1.0,0.7113095238095238
QmXz44wDtdyWRKbm6e7gt1xzpX4wsTTuFMUQBhWxvx96Ka,Horizonto (session site comments Conan McDonal),NA,Horizonto (session site comments Conan McDonal),Misc tunes,NA,NA,NA,publicdomain,0.0,0,0,5,1,1,0,48,229,4.770833333333333,False,2.849730671418849,0.9432314410480348,0.9444444444444444
QmQzmTDZj7V1oqB7N7j25t9b6tHBoRMyw5mVEB4wivyVNW,horlepiep title,NA,Horlepiep,Misc Traditional,NA,folk,NA,publicdomain,0.0,0,0,20,1,1,0,19,117,6.157894736842105,False,2.482806466148461,1.0,0.9644607843137256
QmSfja9xbJg2dFoFuEFRBNuXjWAYkoCWixAuaxX5nuHMDR,HormiguitaCompleto,Examen Final,NA,NA,NA,NA,NA,cc-zero,0.0,0,0,39,1,1,0,32,132,4.125,True,3.1333005122226134,0.8257575757575758,0.9236111111111112
QmYmKstxDdyzhVewvhr9wvHaLcqMkNagjG9Hpjp7spgHrX,Horneman - Tryllevals (Zauberwalzer Magic Waltz),Zauberwalzer - Magic Waltz,NA,NA,E. Horneman (1809-1870),NA,NA,cc-zero,0.0,0,2,380,1,1,0,169,1255,7.42603550295858,False,2.8979983132827085,0.9512779552715654,0.9695987654320988
QmQup2x4RwhkLyEEAkooSgWEVBgUNvdoY7xmGbeUu1miqc,Hornpipe - Buttered Peas,NA,Butter'd Pease,Misc tunes,Hornpipe,NA,NA,publicdomain,0.0,0,0,7,1,1,0,36,172,4.777777777777778,False,2.623144901615495,1.0,0.9674479166666666
QmbCvZTPchwJCTB7eFsYo8gccgyDmfNzpQUHht4XnWcgks,hornpipe - No.96 The Low Level,NA,No.96 The Low Level,hornpipe,hornpipe,classical,NA,publicdomain,0.0,0,0,2,1,1,0,40,299,7.475,False,2.6822912995100365,0.9832775919732442,0.9599358974358976
QmexiQczaoZxJJ5rkXEZT5t2bKX4pG471msKLaSRAddgVL,Hornpipe. JBAT8.079,Violetta Hornpipeaka. JBAT8.079London Bridge Hornpipeaka. JBAT8.079City Life Hornpipeaka. JBAT8.079Showman's Fancy Hornpipeaka. JBAT8.079,Hornpipe. JBAT8.079,Misc tunes,NA,NA,NA,publicdomain,0.0,0,0,2,1,1,0,34,260,7.647058823529412,False,2.9276215585478296,0.953846153846154,0.9674479166666666
QmZNFrRqgimYXppUVvUUMGe5LVMXvRY1DJf3PoxLLqaydg,HornpipeBonaparte Crossing the Alps,NA,bonaparte crossing the rhine,Misc Traditional,NA,folk,NA,publicdomain,0.0,0,0,25,1,1,0,15,99,6.6,False,2.801788152389824,0.9595959595959596,0.9439102564102564
QmaqrtfrfRbFeYtxehTQmRssNR4gRvJdc9V3Rcm3AAwuJ1,Hornpipes 3 - Baccapipes Jig,Sportsman's Hornpipe,Hornpipes 3 - Baccapipes Jig,Misc tunes,NA,NA,NA,publicdomain,0.0,0,0,32,1,1,0,160,1055,6.59375,False,2.844143217130949,0.971563981042654,0.9376302083333332
QmZF1T66fhD8fh6TCjLtGsrQ4oQzRjcUh7Q8MJ21UazS4y,Hornpipes 4 - Enrico,Kristjani Reilender,Hornpipes 4 - Enrico,Misc tunes,NA,NA,NA,publicdomain,0.0,0,0,6,1,1,0,107,663,6.196261682242991,False,2.714713371831766,1.0,0.9477124183006536
QmbST7VRs3bByxrRQKemCw68CUHtQibKfrbwXfnK4TuwLo,Hornsey - Samuel Sebastian Wesley,NA,Hornsey,Samuel Sebastian Wesley,NA,classical,NA,publicdomain,0.0,0,0,3,1,1,0,9,117,13.0,False,2.894873874311875,0.9658119658119658,0.9861111111111112
QmfYJEta42HZdEqEy1kJLWX7kYeFUrpWtx3dzGKtVxuSRB,Horo mo Mhaili bheag Ruadh,Molly with the golden locksWillie wi' his tartan Trews,Horo mo Mhaili bheag Ruadh,Misc tunes,NA,NA,NA,publicdomain,0.0,0,0,1,1,1,0,36,160,4.444444444444445,False,2.609069530567486,1.0,0.9401041666666666
QmUj6TFw6dyYDXkJJVPkdXwhFZpfayphirKHqfaBL7RVj9,Horrortale Sans theme,NA,sans,Toby Fox,NA,soundtrack,NA,cc-zero,4.69,10,8,664,0,10,0-0-0-0-0-0-0-0-0-0,91,1930,21.208791208791208,False,2.519837743885203,0.9146666666666666,0.8992673992673993
QmYkA4LR4pYmysStgubvrvYkD8vkPwLQdD1cQ9rHXjuK6F,Hors an Away to Newmarket. LW.030,Fenwick O' Bywellaka. LW.030,Hors an Away to Newmarket. LW.030,Misc tunes,NA,NA,NA,publicdomain,0.0,0,0,1,1,1,0,161,1245,7.732919254658385,False,2.615415674620969,1.0,0.9081597222222222
QmSLvAMwz5XGuqcEcfwDtsyUPZWtHZb8fAdACPZvnmcGyL,Horse and Away to Newmarket,NA,Horse and Away to Newmarket,Misc tunes,NA,NA,NA,publicdomain,0.0,0,0,2,1,1,0,50,282,5.64,False,2.477137529095954,1.0,0.9508101851851852
QmZz76LmVpezg28QQS2sBsGhyezwQfLBxjiA1GDz9mZWfV,Horse and Away to Newmarket. JBi.08,Fenwick O'Bywellaka. JBi.08Newmarket Racesaka. JBi.08,Horse and Away to Newmarket. JBi.08,Misc tunes,NA,NA,NA,publicdomain,0.0,0,0,5,1,1,0,76,422,5.552631578947368,False,2.635004987606941,1.0,0.9330065359477124
QmaMC964QAvoxWcfGz41ENj3P352M9NpGoQEGhrqkoEqTS,Horse Race,The Legend of Zelda: Ocarina of Time,Horse Race,Koji Kondo,Koji Kondo,soundtrack,legendofzelda-link,cc-zero,0.0,0,80,1889,2,1,0,52,971,18.673076923076923,False,2.5990007505708554,0.995880535530381,0.9871794871794872
QmZgxhj3c8soukSMpeamUbAECm63asD3kiYDJKKfsBpfdb,Horse to the New Market. Ya.04,Horse and Away to Newmarketaka. Ya.04Fenwick o' Bywellaka. Ya.04Cock Up thy Beaveraka. Ya.04,Horse to the New Market. Ya.04,Misc tunes,NA,NA,NA,publicdomain,0.0,0,0,2,1,1,0,60,366,6.1,False,2.599180077115095,1.0,0.8682432432432432
QmRNrrcDv48QXF8EnjxhbAxMXuCs8M712VeM81wbYG5wHo,Horse's Bransle,Bransle des Chevaux,Horse's Bransle,Misc tunes,NA,NA,NA,publicdomain,0.0,0,1,9,1,1,0,24,95,3.9583333333333335,False,2.740356135034389,0.9052631578947368,0.9652777777777778
QmSjRiLFp77CEN4rkv3vJzpMeF68qJzuMS1xDW5sx23SRK,Horse's Brawl,NA,Horse's Brawl,Misc tunes,Arbeau Orchesographie 1689,NA,NA,publicdomain,0.0,0,0,16,1,1,0,72,278,3.861111111111111,False,2.637362970621461,0.9640287769784172,0.9641203703703703
QmZYYoWkp1KWdZdJ9ARgguk9g4SoArDPkiMySRnhEXZQwa,Horse's Brawl,Branle des Chevaux,Horse's Brawl,Misc tunes,From Arbeau Orchesographie 1689,NA,NA,publicdomain,4.83,3,1,96,1,1,0,48,188,3.9166666666666665,False,2.673499258638203,0.946808510638298,0.9644097222222222
QmdiSGsehNeBDT9q7ubV5HQsM1Na17gXKMHidcEmVVKQmP,Horse's Brawl (Branle des Chevaux),NA,Horse's Brawl (Branle des Chevaux),Misc tunes,From Arbeau Orchesographie 1689,NA,NA,publicdomain,0.0,0,1,43,1,1,0,24,95,3.9583333333333335,False,2.761043328473541,0.9052631578947368,0.9618055555555556
QmbD3gTFMwr9iGujcdmaYtPxNnwDkpPbUpYP9d9UKYfQKm,Horses Branle,NA,Horses Branle,Misc Traditional,anon.,folk,NA,publicdomain,0.0,0,0,6,1,1,0,6,95,15.833333333333334,False,2.652308472122808,0.9473684210526316,0.9904513888888888
QmQk8CF1hKmoVvAQcfcg1xxpNzkAP8YLwPFQNsHtnkqZGf,Horseshoes - GB/7e/19 Barley Mow,NA,GB/7e/19 Barley Mow,Horseshoes,HorseshoesTranscribed by Simon Furey and Lewis Jones,classical,NA,publicdomain,0.0,0,0,5,1,1,0,15,60,4.0,True,2.567754270843313,1.0,0.9041666666666668
QmYbzSWyh7oh672RawgdKs2vPN1Av4dwuXLBsn6sxBgF9K,Horsey Down Fields. JW6.098,NA,Horsey-Down Fields,Misc tunes,NA,NA,NA,publicdomain,0.0,0,0,1,1,1,0,36,178,4.944444444444445,False,2.869548205000392,0.9775280898876404,0.9366319444444444
Qme7SP3jE2WYGGz8LefWVsPwVuZVrozC9k2AWzahYy14pz,Horst Wessel Lied / Die Fahne Hoch,NA,Die Fahne Hoch,Horst Ludwig Wessel,Horst Wessel,classical,NA,cc-zero,4.75,9,21,1167,1,1,0,16,135,8.4375,False,2.391615032554652,1.0,0.9817708333333334
QmNQ1AZi7SL5iivbDtJUCyD8q1iSE8jMdELvj7WMPfEXom,Horst Wessel Lied / Die Fahne Hoch,Horst Wessel Lied,horst wessel - die fahne hoch,Misc Unsigned Bands,Horst Wesselarr. by b3cquerel,NA,NA,cc-zero,4.62,5,10,1125,1,1,0,25,357,14.28,False,2.6969945699776536,1.0,0.9716666666666668
QmfSeUgb4t53WWTC5hGpEnfHwJGDkRSABra9RcJ8ca1jBH,HOSANNA (Butler) - Mary Louisa Butler,NA,HOSANNA (Butler) - Mary Louisa Butler,Mary Louisa Butler,NA,classical,NA,publicdomain,0.0,0,0,9,1,1,0,27,331,12.25925925925926,False,2.7518252372787315,0.9788519637462236,0.9658333333333332
QmcmGCNbobSsCDzFYK9forWDhnUpNMFamQY5DxvN25Gh23,HOSANNA (Nevin) - Alice Nevin,NA,HOSANNA (Nevin),Alice Nevin,NA,classical,NA,publicdomain,0.0,0,0,5,1,1,0,39,238,6.102564102564102,False,2.5431604665948533,0.9831932773109244,0.9557291666666666
QmYJ1joyhKvFg3y7ZQQZUzvwmvjdimtusqcnTz6A8oUKxY,Hosanna Hosanna Hosanna Hosanna,NA,Hosanna Hosanna Hosanna Hosanna,Misc Traditional,NA,folk,NA,publicdomain,0.0,0,0,19,2,1,0,71,673,9.47887323943662,False,2.550538599331947,0.9955423476968795,0.9485294117647058
QmR24GdK2yAo7NJbM418Jx2KgHDZgabiRVh5FkpbYoqhmU,Hosanna hosanna hosanna! - Wm. B. Bradbury,NA,Hosanna hosanna hosanna!,Wm. B. Bradbury,NA,classical,NA,publicdomain,0.0,0,0,9,1,1,0,34,391,11.5,False,2.611849831908497,0.979539641943734,0.9533730158730158
QmYvzfEc3DneSdQw9b7pxAT45aafiHxGkt9g2RByRxDRk7,Hosanna in excelsis - Francisco Valls,NA,Hosanna in excelsis,Francisco Valls,Francisco Valls (1665-1747),classical,NA,publicdomain,0.0,0,0,42,0,9,0-0-0-0-0-0-0-0-0,9,273,30.33333333333333,True,2.856448980797626,0.968,0.9692982456140352
QmaYTyWn1bQhMn6GmuCnAeyDcnyVwX7ku2LtNEC6ZW8DWy,Hosanna Loud Hosanna,NA,NA,NA,NA,NA,palmsunday-passionsunday,cc-zero,0.0,0,7,816,1,1,0,17,198,11.647058823529411,False,2.636601152988206,1.0,0.95703125
QmT17hZh2XnfX2Unvw4rRByc7oVW7cgpYLu7E5AxLVWP2x,Hosanna sing to the Lord of creation - John D. Creswell,NA,Hosanna sing to the Lord of creation - John D. Creswell,John D. Creswell,NA,classical,NA,publicdomain,0.0,0,0,15,1,1,0,35,417,11.914285714285716,False,2.9762397219421994,0.9592326139088728,0.9533333333333334
Qmf5xdWPYFe28598Wz6oQAGkrGNukKzrb4gaCPZSEmZcQA,Hosanna to the prince of light - Joseph Stephenson,NA,Hosanna to the prince of light,Joseph Stephenson,Joseph Stephensonarr. Thomas Jarman,classical,NA,publicdomain,0.0,0,0,4,0,4,0-0-0-0,24,199,8.291666666666666,True,2.721454015770861,0.9897959183673468,0.9574652777777778
QmcJ5QFwWkvHwwHTMF41yScm2xQQvQbqyMykaJ6Ed4RVrZ,Hosanna to the Son of David - Thomas Weelkes,NA,Hosanna to the Son of David,Thomas Weelkes,NA,classical,NA,publicdomain,0.0,0,1,47,0,4,0-0-0-0,15,745,49.66666666666666,True,2.829982089167842,0.9195088676671214,0.9489583333333332
QmbC83DMQt4oPnqBeaNhJZd7bu7g4suU1wSVzsAJG129SC,Hosanna We Sing - John Bacchus Dykes,NA,Hosanna We Sing,John Bacchus Dykes,NA,classical,NA,publicdomain,0.0,0,0,6,2,1,0,19,359,18.894736842105264,False,2.9026599352774936,0.9413407821229052,0.9615384615384616
QmWSfPHf6pX7bS3Y84NNLK6GMy4A4dPQYvKyuzDsKZqgGq,Hosanna! be the childrens song (Towner) - D. B. Towner,NA,Hosanna! be the childrens song (Towner),D. B. Towner,NA,classical,NA,publicdomain,0.0,0,0,18,1,1,0,20,250,12.5,False,2.583796935081822,0.988,0.9375
Qmcwwyfzy2XYCPHqDTGLeFPvtjM7RvtZEv986RW2mXS7Rp,Hosannas now the people sing - Jno. R. Bryant,NA,Hosannas now the people sing,Jno. R. Bryant,NA,classical,NA,publicdomain,0.0,0,0,4,1,1,0,17,287,16.88235294117647,False,2.3323566960897573,0.989547038327526,0.94921875
QmQR4fNAbLN9fKbCHD4gJynzWR8UZRch4Jcr6mj66AH7qQ,Hosh Walon Ko,NA,hosh walon ko khabar kya,Jagjit Singh,NA,worldmusic,NA,cc-zero,4.83,3,4,63,0,2,0-0,46,351,7.630434782608695,False,2.6291370028128576,1.0,0.9242424242424242
QmYvo9wPa4cuFfbYZEcWyf4fVEwtUm4pNMQWBaASb9TVCf,HOSMER (Bullard) - Frederick F. Bullard,NA,HOSMER (Bullard),Frederick F. Bullard,NA,classical,NA,publicdomain,0.0,0,0,3,1,1,0,17,200,11.764705882352942,False,2.8861949485567417,0.955,0.95703125
QmUiSuHjruStRv8Q1WysL9u5hWhHoVQuTGmYTx2mis2WBi,Hosszú fekete haj,NA,NA,NA,NA,NA,NA,publicdomain,4.83,3,5,289,0,1,0,47,92,1.9574468085106385,True,2.1705833026859294,0.967391304347826,0.9131944444444444
QmefyJonDpxYvEEKmbVQV1ZN1RkKeMFh4QYZB3ZwygTpBE,Hostie,NA,Hostie,Misc tunes,Joe Buchanan's Scottish Tome - Page 580.2,NA,NA,publicdomain,0.0,0,0,3,1,1,0,117,243,2.076923076923077,False,2.2494201639787583,1.0,0.9221230158730158
QmbT959hPo7q5fdojKfYHSRgYdNg376FUef91va6Znjdmk,Hostis Herodes - Pietro Pontio,de Epiphania,Hostis Herodes,Pietro Pontio,Pietro Pontio [1532-1595],classical,NA,publicdomain,0.0,0,0,3,0,4,0-0-0-0,66,676,10.242424242424242,True,2.8046418310197385,0.9970014992503748,0.9677083333333332
QmRK3tgf5PQcjp8phcGjMdXKvwYbQp2YJxdSsAsTYh1jMs,Hostis Herodes impie - Anonymous (Gregorian chant),NA,Hostis Herodes impie,Misc Praise Songs,NA,religiousmusic,NA,publicdomain,0.0,0,0,35,0,1,0,5,34,6.8,True,2.1607047528877823,1.0,0.9947916666666666
QmRffcjZxt1hNjNRnzzFobUMgxQWWXusSnouw2UiwBRwLw,Hot (feat. Gunna) by Young Thug for Piano,NA,Hot (feat. Gunna),Young Thug,Young Thug Gunna,NA,youngthug-gunna-travisscott-rap-hiphop-somuchfun,cc-zero,0.0,0,25,1972,1,1,0,33,294,8.909090909090908,False,2.733520577221973,1.0,0.8782552083333334
QmWapm5PHGLLzc3UsaXRDM7K4EzzbnUsafMGkZZ5GQ4sYX,Hot Broth. BF12.10,NA,Hot Broth. BF12.10,Misc tunes,NA,NA,NA,publicdomain,0.0,0,0,3,1,1,0,24,156,6.5,False,2.568980555855908,1.0,0.9770833333333332
QmdSznvbKyW5N7XekTW4r2dkpBZ2Vy26LXgeGym2Gqbvyd,Hot Cockles,NA,Hot Cockles,Misc tunes,NA,NA,NA,publicdomain,0.0,0,0,2,0,2,0-0,32,222,6.9375,False,2.8053644365297,0.945945945945946,0.8628472222222222
QmenPGswNGegg6FEtF954iKL1grgDkd6L6wUmqy5ZQGJXn,Hot For Teacher - Van Halen Drum Sheet,NA,van halen,Van Halen,Nathan Jennings,rock,drums-vanhalen-hotforteacher-metal-heavyrock-rock-drumming-drummer,cc-zero,4.68,22,44,4186,0,1,0,282,3438,12.191489361702128,False,1.8994876279350728,0.8494475138121547,0.9109700520833334
QmU3emrPneR32yjDv6o1Jc9YrmGtQqidgBotrvUA3xM8je,Hot Fudge (Piano Accompaniment),By Sidney P.,hot fudge,Robbie Williams,Robbie Williams,rock,NA,cc-zero,4.66,3,12,222,2,1,1,108,2252,20.85185185185185,False,2.8246917974785952,0.9678878335594754,0.8541666666666666
QmQkbn5zDsuvwxLgF1hDjT39LusevadxF6rkxdSTfbN8Bj,Hot Lips,NA,NA,NA,1922,NA,copyrightfreeoldjazz-creolejazz,cc-zero,0.0,0,1,227,0,1,0,80,243,3.0375,True,3.0807167874720154,0.8600823045267489,0.9380208333333332
QmQcwh4eyHPoPg6yyzNMhRgRUDtMhSgmwCKej9436uM2KE,Hot Milk Snail House Piano Arrangement,Ordinary Songs 2 Album,Hot Milk,Snail House,Arranged by LyricWulfOriginal Composer: Snail HouseTranscribed by Sanny,NA,hotmilk-snailhouse-lyricwulf-piano-hotmilksnailhouse,cc-zero,4.92,121,383,16343,2,1,0,76,1376,18.105263157894736,False,2.823014702594614,0.9709302325581396,0.920774647887324
Qmd7rpL3MMuWwCfHZ8LkTnSA6ciFWbcBruH8yh6RnoqbdG,HOT MUTTON PIES,NA,HOT MUTTON PIES,Misc tunes,NA,NA,NA,publicdomain,0.0,0,0,3,1,1,0,22,148,6.727272727272728,False,2.572557917245981,1.0,0.9083333333333332
QmYEofM2CVTzmSMK3Mk3zo1kZp9cvdemDNbZfghdM9gKtG,Hot Mutton Pyes. JBut.693,NA,Hot Mutton Pyes. JBut.693,Misc tunes,NA,NA,NA,publicdomain,0.0,0,0,8,1,1,0,27,182,6.7407407407407405,False,2.681130961133352,0.956043956043956,0.9053819444444444
QmVRHr2FNVmuANjg5DuFkQ7coiSMjjDHnC5FDNi3ygJdVr,Hottentots Troop. JBut.395,NA,Hottentots Troop. JBut.395,Misc tunes,A Quick Step,NA,NA,publicdomain,0.0,0,0,2,1,1,0,22,128,5.818181818181818,False,2.713567519064914,1.0,0.9125
QmdHLy3bqPXDvf8XUpsTrH4r7gptCkEZfkj6DrXWWbdvs5,Hourglass SheetMus,NA,NA,NA,NA,NA,theemraldascendant,cc-zero,0.0,0,0,161,0,9,0-0-0-0-0-0-0-0-0,84,2348,27.95238095238096,False,2.25150196190016,1.0,0.9717261904761904
Qme5XZzRX64wKXLjLpZ8AC6jsyY1iu5ezyT4FXSdMMtL64,House By the Foot of the Hill,NA,House By the Foot of the Hill,AthenaBird,By: Irene Sha,NA,NA,cc-zero,0.0,0,0,41,2,1,0,90,1795,19.944444444444443,True,3.2932394979041577,0.6897321428571429,0.9674625468164794
QmNhCYbDVLT8a1tH3zcYUXzFszkv6fQZSjo7iHmw7WeRVj,House Carpenter w/base line seperate,NA,NA,NA,NA,NA,daemon-demon-lover-traditional-house-carpenter-bobdylan-joanbaez,cc-zero,0.0,0,1,259,1,1,0,40,245,6.125,False,2.249962620722998,1.0,0.978125
QmcYcPdzhrpPaWeeMyE2gc8E2C3sNUDRx6YNJZ1Uads43r,House Of Black And White (Intermediate - Advanced Piano Solo),NA,House of Black and White,Ramin Djawadi,Composed by Ramin DjawadiPiano arrangement by Nicolas Del GalloFull playthrough and more athttps://www.youtube.com/c/NDGmusicIf you want to donate please check out my Patreon âºhttps://www.patreon.com/ndg,classical-soundtrack,arya-houseofblackandwhite-gameofthrones-got-jaqen-faceless-halloffaces,cc-zero,4.83,3,17,383,2,1,0,70,784,11.2,False,2.914455585863377,0.9426336375488916,0.9863888888888888
QmfLoekdsQsWfX3A3zt4Ld4QcxdAYkuxk5aj7TE2QzzuYo,House of the Kielys on the Cliff,Tigh na g-Ceillighe a g-Cloch,House of the Kielys on the Cliff,Misc tunes,NA,NA,NA,publicdomain,0.0,0,0,1,1,1,0,17,76,4.470588235294118,False,2.625531361343098,1.0,0.9097222222222222
Qmc3v934xFCPJrgGpH9J8G5qTUhebhrysLwPEFEXhYgStR,House of the Rising Sun,NA,The House of the Rising Sun,Misc Traditional,anon.,folk,NA,publicdomain,0.0,0,0,8,1,1,0,17,37,2.176470588235294,True,2.318429395068732,0.972972972972973,0.9201388888888888
QmW5KV28P5QEicGkqt7awowpdsXf4nsJEDEHK2ptch7BJf,House of the Rising Sun,NA,The House of the Rising Sun,Misc Traditional,anon.,folk,NA,publicdomain,0.0,0,0,10,1,1,0,9,30,3.333333333333333,True,2.144623214254579,0.9666666666666668,0.9479166666666666
QmTmQiCfxuPedaC2hYbYprLLVAXZmSSUHkZECv2CESbfsP,House of the Rising Sun,NA,The House of the Rising Sun,Misc Traditional,anon.,folk,NA,publicdomain,0.0,0,0,7,1,1,0,9,33,3.6666666666666665,True,2.0574721487436487,0.9393939393939394,0.9427083333333334
QmcvBu6AQSxT8hsAyEXWd5e2ysAvVoFvuN3ax11MpGBg1L,House that Jack builtThe. CJF.168,NA,House that Jack builtThe. CJF.168,Misc tunes,NA,NA,NA,publicdomain,0.0,0,0,3,1,1,0,27,121,4.481481481481482,False,2.7755932158877066,0.975206611570248,0.9301470588235294
QmYN2PTbjWdnYh2p6Dq8JQai5cs8v24hDpAgHfPrGMDK9Y,Housle 10 C_1 Zahrajte mi,Zahrajte mi housličky,NA,NA,NA,NA,NA,publicdomain,0.0,0,0,21,1,1,0,9,28,3.111111111111111,False,1.8178823413642649,1.0,0.9765625
QmZ91QJYfDTy9FYWRDMBctcvAuV13nrFiwDW9j4phYvWyo,Housle 10 C_4 Páv sedí,Páv sedí pod dubem,NA,NA,NA,NA,NA,publicdomain,0.0,0,0,21,1,1,0,8,24,3.0,False,2.200825794518088,1.0,0.9713541666666666
QmYTNwakZcJRv5MXyWi858VSw8oPmFFpKiUqTtUTBWrse6,How - R. Menthal,NA,How,R. Menthal,NA,classical,NA,publicdomain,0.0,0,0,2,1,1,0,16,166,10.375,True,2.744513062766123,0.9698795180722892,0.9622395833333334
QmajcHBtyjzjW7pMVmB94DFAQeaR4v3u5tkpsU9KX2Ezvf,How are the mighty fallen - Robert Ramsey,NA,How are the mighty fallen,Robert Ramsey,Robert Ramsey(? - 1644),classical,NA,publicdomain,0.0,0,0,14,0,6,0-0-0-0-0-0,98,1547,15.785714285714286,True,3.072349068671904,0.8926441351888668,0.962962962962963
QmVcDLjJArMVCi1LT7XiL8Y7ZZnhwWpzq2hoCWEiwnxbFd,How are you dealing with Jesus - Jas. B. Biggerstaff,NA,How are you dealing with Jesus,Jas. B. Biggerstaff,NA,classical,NA,publicdomain,0.0,0,0,4,1,1,0,16,240,15.0,True,2.688788600719364,0.9958333333333332,0.8697916666666666
QmP1UNYCdtAssoDLTN9wKe31XtfSQERMk9XfN9Ho3YtdCr,How are you Kitty?,NA,How Are You Kitty?,Misc tunes,anon.,NA,NA,publicdomain,0.0,0,0,1,1,1,0,54,256,4.7407407407407405,False,2.379489822559672,1.0,0.9184027777777778
QmRHaHbvqvboUUXGLWohhLKT8DZGmWPcYX28BgguVaExhN,How Are You Kitty?,NA,How Are You Kitty?,Misc tunes,NA,NA,NA,publicdomain,0.0,0,0,1,1,1,0,81,389,4.802469135802469,False,2.367577943807859,1.0,0.9324845679012346
QmT6CmVbn1QxNajxsJU5Wac3nfvUk43m8dc3qaas6yvWHg,How Are You Kitty? (jig) 0890,NA,How Are You Kitty?,Misc tunes,Unattributed,NA,NA,publicdomain,0.0,0,0,3,1,1,0,56,266,4.75,False,2.428986850209221,0.9924812030075189,0.9226851851851852
QmPs2xzU63qy2Szv3VzbU5vyiVithaXhtZGYrh73UuuM57,How Auld Are Ye My Bonnie Lass,NA,How Auld Are Ye My Bonnie Lass,Misc tunes,NA,NA,NA,publicdomain,0.0,0,0,3,1,1,0,40,188,4.7,False,2.723130941447443,1.0,0.9
QmStrZdD3hwtxhunjUFw5HLmBQZyek6tfJTfw9yXXWx9po,How beautiful upon the mountains - John Stainer,NA,How beautiful upon the mountains,John Stainer,NA,classical,NA,publicdomain,0.0,0,1,62,0,5,0-0-0-0-0,39,939,24.07692307692308,True,3.025539840217699,0.9433962264150944,0.9772970085470084
QmU8pTSJCktsRhU48X2MyU45ukR2CcLbW9dt1aWt828oG1,How blest and happy is the man - G. E. Henderson,NA,How blest and happy is the man,G. E. Henderson,NA,classical,NA,publicdomain,0.0,0,0,5,1,1,0,27,317,11.74074074074074,False,2.400826182967732,1.0,0.9479166666666666
Qmf2u84FQdvRgeT1s1riAiUvuLmgYZtQdRcz1s4udZhH2C,How blest is he who ne'er consents (from A Fourth Set of Psalm Tunes) - Thomas Clark,NA,How blest is he who ne'er consents (from A Fourth Set of Psalm Tunes),Thomas Clark,Thomas Clark,classical,NA,publicdomain,0.0,0,0,3,0,5,0-0-0-0-0,42,372,8.857142857142858,True,2.7131693803250743,0.9937694704049844,0.9513888888888888
QmdREE2bvY5nYjKwgmqBuwugHoohyKEFr6fgXRRxWUNbz4,How blest is he who ne'er consents (from An Eighth Set of Psalm Tunes) - Thomas Clark,NA,How blest is he who ne'er consents (from An Eighth Set of Psalm Tunes),Thomas Clark,Thomas Clark,classical,NA,publicdomain,0.0,0,0,9,0,5,0-0-0-0-0,46,442,9.608695652173912,True,2.8138688749427683,0.9768637532133676,0.9527777777777776
QmbkRzbMgKWwwSNSv3RaF3Z5CNZErXjAYgmqwgsjbU1Dmw,How blest is he who ne'er consents - John Bellamy,PSALM I.,How blest is he who ne'er consents,John Bellamy,John Bellamy,classical,NA,publicdomain,0.0,0,0,3,0,4,0-0-0-0,18,123,6.833333333333333,True,2.820847869984566,0.9090909090909092,0.9664351851851852
QmUTihUBcKywK7ZgDepAFU2dbqdARKtwPypbzvzyXboA7e,How blest is he who ne'er consents - Stephen Jarvis,Psalm 1st. Verses 1 2 3 & last,How blest is he who ne'er consents,Stephen Jarvis,Stephen Jarvis,classical,NA,publicdomain,0.0,0,0,6,0,4,0-0-0-0,9,148,16.444444444444443,True,2.5944789533140264,1.0,0.9077380952380952
QmP4vkLB1p6zkJDDe1EH5Pxk1BoUrZJR1MXkkahPDv4mwq,How blest is he who ne'er consents - William Gifford,NA,How blest is he who ne'er consents,William Gifford,William Gifford,classical,NA,publicdomain,0.0,0,0,3,0,4,0-0-0-0,21,260,12.38095238095238,True,2.680462096651608,0.9959839357429718,0.9212962962962964
QmW7qs1cVmJ45PP7bAGojdEMdi5qcdVx3p6DVTPJrgazDs,How blest the man that doth not stray (Unseld) - B. C. Unseld,NA,How blest the man that doth not stray (Unseld),B. C. Unseld,NA,classical,NA,publicdomain,0.0,0,0,2,1,1,0,15,195,13.0,False,2.6096541048461765,0.9897435897435898,0.9479166666666666
QmRRz8n43W3BuVatfiRPEHF7PNeQ4ouRjBoz26Vru5wvQx,How bright that blessed hope - T. E. Perkins,NA,How bright that blessed hope,T. E. Perkins,NA,classical,NA,publicdomain,0.0,0,0,2,1,1,0,16,189,11.8125,True,2.6501936305156604,0.9894179894179894,0.9357638888888888
QmSh53YXzZ6wuN7xCmu34zTkKfH1wTan4REmQUbYSi5FwH,How bright the Hope that Calvary brings - Rev. L. Hartsough,NA,How bright the Hope that Calvary brings,Rev. L. Hartsough,NA,classical,NA,publicdomain,0.0,0,0,2,1,1,0,19,338,17.789473684210527,False,2.413260990365033,1.0,0.9192708333333334
QmPdJsVi23htn8t4fcPTRLqe9Qx3x31v2PFoFxoPm7sjr3,How calm and beautiful the morn - J. H. Kissinger,NA,How calm and beautiful the morn - J. H. Kissinger,J. H. Kissinger,NA,classical,NA,publicdomain,0.0,0,0,3,1,1,0,16,172,10.75,False,2.664429326541144,0.994186046511628,0.9375
QmXmhgEgoCn6JmUDbQjYvWGt8xcqtCX6hyTP7otxho1RVv,How can I help but praise him - Adam Geibel,NA,How can I help but praise him,Adam Geibel,NA,classical,NA,publicdomain,0.0,0,0,6,2,1,0,50,762,15.24,True,2.9310702044328814,0.9383202099737532,0.957890070921986
QmYbeKJs3fN5RPLQAdEA8XnCuuKRKGJQo4AsgexKbyvFQZ,How Can I Keep From Singing,NA,How Can I Keep From Singing,katecuttill,NA,NA,NA,cc-zero,4.54,8,6,279,0,3,0-0-0,55,956,17.381818181818183,True,3.3516916499448794,0.7381818181818182,0.9389880952380952
QmbQq4xRpjBYMb7HWLkcaZwBUc1DkMGMW6tZst3e1nYFfY,How Can I Keep My Maidenhead,NA,How Can I Keep My Maidenhead,Misc tunes,NA,NA,NA,publicdomain,0.0,0,0,3,1,1,0,36,140,3.888888888888889,False,2.837005009716356,0.9714285714285714,0.9236111111111112
QmZc3FPnMjxzsCosWXKB69MQdzZ69MfC3KP34dg68DL3Jh,How Can I Keep My Maidenhead,NA,How Can I Keep My Maidenhead,Misc tunes,NA,NA,NA,publicdomain,0.0,0,0,2,1,1,0,8,18,2.25,False,2.441068585955437,1.0,0.9236111111111112
QmfY6RNPe4grQnT1fVnpHQdjFyxWzzqEKAoW6iXZ5E2QVn,How can I keep my Maidenhead. JJo2.035,NA,How can I keep my Maidenhead. JJo2.035,Misc tunes,NA,NA,NA,publicdomain,0.0,0,0,3,1,1,0,16,130,8.125,False,2.27008894479654,1.0,0.9283854166666666
QmeReTW4D8uHnbxDkhkgGkmBn9j9GkX6uEjgTt64fWnaP5,How Can the Tree,NA,How Can the Tree,Misc tunes,NA,NA,NA,publicdomain,0.0,0,0,2,1,1,0,20,62,3.1,False,2.6705862341040776,0.9516129032258064,0.9780982905982906
QmeVhmysTNUYRYmomdiYx8jhi4rdD16UDsyAXDSJLHJV2n,How can we abstain from Whisky,'Cia mar is urra' sinn fuireach o'n Dram,How Can We Abstain From Whisky,Misc tunes,NA,NA,NA,publicdomain,0.0,0,0,5,1,1,0,19,86,4.526315789473684,False,2.470900195228862,1.0,0.8836805555555556
QmZ7GrSqFjNCyW7p6M8947FHDMBj8xCUqaJVoW8f17JV2p,How can we fall if the Savior uphold us - Jno. R. Sweney,NA,How can we fall if the Savior uphold us,John R. Sweney,NA,classical,NA,publicdomain,0.0,0,0,5,2,1,0,16,334,20.875,True,2.617625653448277,0.9910179640718564,0.9609375
QmTUhPapSCELvrLm87uHHBc1DSur4ip5TTMKo9geoRMTLY,How Can You Lovely Nancy? BC.31,Lovely Nancyaka. BC.31,How Can You Lovely Nancy? BC.31,Misc tunes,NA,NA,NA,publicdomain,0.0,0,0,3,1,1,0,74,374,5.054054054054054,False,2.6586052332982923,1.0,0.8775510204081632
QmTkANrTBvYQ5ihw42jPJjrWWkQHavpcePf3hRWgb6VU64,How could I hope to cross life's plain - B. E. Warren,NA,How could I hope to cross life's plain,B. E. Warren,NA,classical,NA,publicdomain,0.0,0,0,2,1,1,0,20,219,10.95,False,2.480876782024507,1.0,0.960858585858586
QmP11nZGB2KS1yaPBS9fgU7i7Ag7wSX2PPsXspQhMRidzT,How could Jesus love me so - Haldor Lillenas,NA,How could Jesus love me so,Haldor Lillenas,NA,classical,NA,publicdomain,0.0,0,0,11,2,1,0,28,399,14.25,True,3.051548036798377,0.9172932330827068,0.9597701149425288
QmTBYBqUNCkvTvoY1ebYW8ZFhvQWpVmea4e8TWJie3iQi7,How D'ye Do ?,Morris Dance,How D'ye Do ?,Misc tunes,Performed by William Kimber 25 May 1906 London,NA,NA,publicdomain,0.0,0,0,1,1,1,0,19,85,4.473684210526316,False,2.7257587733413007,0.9647058823529412,0.8422619047619048
Qmde6v82Jf9U1KdtC5gExk2Di3NcTUiL6suDym9CAZLFfo,How deep is your love - Bee Gees,NA,how deep is your love,Bee Gees,NA,rock-pop,NA,cc-zero,4.75,127,284,8434,1,1,0,62,803,12.951612903225806,False,2.968292197751497,0.9449311639549436,0.957997311827957
QmZjPyAEu5Zm4xqRjSY9x3tsEL88vCV9U9tASZZUyMAJt7,How Did You Break the Poe?,NA,How Did You Break the Poe?,Misc tunes,NA,NA,NA,publicdomain,0.0,0,0,1,1,1,0,20,155,7.75,False,2.384579072462987,1.0,0.9138888888888888
QmRZto3PByqa5xLgnhewu6xgsvZnVDZiukd9cMTzCEh753,How Do Chickens Know The Size Of Eggcups?,NA,How Do Chickens Know The Size Of Eggcups?,Misc tunes,NA,NA,NA,publicdomain,0.0,0,0,2,1,1,0,32,176,5.5,False,2.646563874867148,1.0,0.96875
QmNxwVPTRM93Dg2PXLZA6Ft7jbQuybHz6ek2nffGoNCpor,How do I know I love the Christ my Savior - Adam Geibel,NA,How do I know I love the Christ my Savior - Adam Geibel,Adam Geibel,NA,classical,NA,publicdomain,0.0,0,0,2,2,1,0,19,325,17.105263157894736,False,3.030684717015585,0.9230769230769232,0.9270833333333334
QmSXnKZep4Re98x2aUSbYxpQA5cUfcBYoKu19cySe9egyf,How do I know my sins forgiven - James McGranahan,NA,How do I know my sins forgiven - James McGranahan,James McGranahan,NA,classical,NA,publicdomain,0.0,0,0,2,1,1,0,20,216,10.8,False,2.566500811814805,1.0,0.9661458333333334
QmcK2kucUoJgzW2H1dzGGJknntKiubYSrRnV71vNaYzGnP,How do you do dear Mary - Nola M. Squire,NA,How do you do dear Mary,Nola M. Squire,NA,classical,NA,publicdomain,0.0,0,0,4,2,1,0,8,94,11.75,True,2.6449764755769016,1.0,0.9270833333333334
QmThBW6RECQag7SLXQR1HNxRGyMBetZYB7qfHjYY48rbkG,How Do You Tell A Girl,Arranged by Brooke Trumm,NA,NA,Josh Englemen & Leslie Garrick,NA,musicaltheater,publicdomain,0.0,0,0,139,0,2,0-0,92,695,7.554347826086956,False,2.7771828075340856,0.9611510791366906,0.8354779411764706
QmZktbspihfHhyCwoi954puhsRRd8bw2BCtK61wC1HLbRB,How fair are the walls of that city of light - J. H. Rosecrans,NA,How fair are the walls of that city of light,J. H. Rosecrans,NA,classical,NA,publicdomain,0.0,0,0,7,0,2,0-0,19,287,15.105263157894736,False,2.683758182615889,0.9855595667870036,0.97265625
QmXSxpn4o3gCFVBqbkcx7Hs7PRwpg2K6tjY6xbuA2QTTh6,How Far Ill Go,NA,moana - how far ill go with reprise,Misc Cartoons,NA,soundtrack,howfarillgo-lilmanuelmiranda-disney,cc-zero,0.0,0,7,403,0,1,0,58,861,14.844827586206897,False,3.2653142070394607,0.8020954598370198,0.8883928571428571
QmdMVGdJkojxB2qJtVurHNtNab42Dx5zKziVqxsgAEHovg,How Far to Ennis?,NA,How Far to Ennis?,Misc tunes,NA,NA,NA,publicdomain,0.0,0,0,2,1,1,0,41,288,7.024390243902439,False,2.6701400074903447,1.0,0.9723958333333332
QmNM8Dq1DAxaZGEZW8ZUtkDHG1zVgKA9iaCFb8wmCWUaCm,How far to the Savior of men can it be (Hickman) - Roger M. Hickman,NA,How far to the Savior of men can it be (Hickman),Roger M. Hickman,NA,classical,NA,publicdomain,0.0,0,0,12,2,1,0,17,295,17.352941176470587,False,2.83144960054582,0.9694915254237289,0.875
QmTGgzGq86Gb299b9tDyFw5tpyoMjuuquL83WZCE3voif5,How gentle and sweet is the Savior's voice - Thoro Harris,NA,How gentle and sweet is the Savior's voice - Thoro Harris,Thoro Harris,NA,classical,NA,publicdomain,0.0,0,0,8,1,1,0,17,300,17.647058823529413,False,2.949141610837783,0.935374149659864,0.9522569444444444
QmXKRFrsDJLqqnBatJn96TU5Ca48UcXK1AxqbN9izhjRu5,How glorious the morn when the Saviour divine - James M. Baker,NA,How glorious the morn when the Saviour divine,James M. Baker,NA,classical,NA,publicdomain,0.0,0,0,5,2,1,0,33,488,14.787878787878787,False,2.833043763836644,0.9426229508196722,0.9449404761904762
QmaHfcy5LPFmy3SXyUnWQ27AD2RFUoXKtBRtJAT4Yuohbh,How good and pleasant must it be - Thomas Clark,NA,How good and pleasant must it be,Thomas Clark,Thomas Clark,classical,NA,publicdomain,0.0,0,0,4,0,5,0-0-0-0-0,54,572,10.592592592592592,True,2.7716930941589184,0.9846153846153848,0.9346064814814816
QmQm2nJTeUhkXkZR4HDX4yM9gParLu2bqAW8zUzUofndGG,How good it is to thank the Lord (Lewandowski) - Louis Lewandowski,NA,How good it is to thank the Lord (Lewandowski),Louis Lewandowski,Worship in Song,classical,NA,publicdomain,0.0,0,1,31,0,4,0-0-0-0,49,444,9.06122448979592,True,2.8419027495469424,0.9649532710280374,0.9652777777777778
QmTthPR7L3qfSBSi6AJP1aF1vZYr26hzf1KX4D7agHb4A5,How grandly the returning spring - J. Lincoln Hall,NA,How grandly the returning spring,J. Lincoln Hall,NA,classical,NA,publicdomain,0.0,0,0,7,2,1,0,36,518,14.38888888888889,False,2.937883242605182,0.947876447876448,0.9583333333333334
QmRwrfy57xenRFibQaAy34J4NEtYXqV313AwzHVMVRcyLw,How great is the love of my Saviour - Mrs. Lewis S. Chafer,NA,How great is the love of my Saviour,Mrs. Lewis S. Chafer,NA,classical,NA,publicdomain,0.0,0,0,2,2,1,0,18,292,16.22222222222222,False,2.7902547404159987,0.958904109589041,0.9305555555555556
QmRX4N35rBtNpTCsSeLLhDMNZ9mQKgUBKwGVk15WxqH7qh,How Great Our Joy - Traditional German melody arranged by Hugo J?ngst (1853-1923),NA,How Great Our Joy,Misc Traditional,NA,folk,NA,publicdomain,0.0,0,0,8,1,1,0,24,45,1.875,True,2.585894074762824,0.9555555555555556,0.9635416666666666
QmauPBv7hyvXQbT8s6oh6oJophbWHLNzuUc7mdw3sNgAxH,How Great Thou Art,NA,How Great Thou Art,Stuart K. HINE,Stewart K. Hine. 1953,NA,barbershop-vocal-singing,cc-zero,0.0,0,4,360,1,1,0,53,956,18.0377358490566,False,2.7066686803773905,0.9809322033898306,0.9579248366013072
QmYbCX4wBsX88CHeHAs6Sv3qWWceCX2Ewuj18FTVkiUg2v,How Great Thou Art b2,NA,How Great Thou Art b2,microtruong,NA,NA,NA,cc-zero,0.0,0,0,77,0,1,0,36,164,4.555555555555555,False,2.934872884395178,0.945121951219512,0.9551767676767676
QmTHVhMGxTbMdmcnvPf7cZVrixf9Yrg1pVTGnC7X7cZha9,How Great Thou Art F,NA,how great thou art,Misc Praise Songs,NA,religiousmusic,NA,cc-zero,4.72,55,109,2221,2,1,0,95,1258,13.242105263157894,False,2.796227233294792,0.9848966613672496,0.9826754385964912
QmUuRUoGAeGw7Ca1ibFSBRsbA7RpZXX8BAYTwUDGH7qpxF,How Great Thou Art Jazz F to Bb,NA,how great thou art,Misc Praise Songs,NA,religiousmusic,NA,cc-zero,4.75,9,2,1964,0,1,0,34,164,4.823529411764706,True,2.918608792940584,0.945121951219512,0.9551767676767676
QmXtpMpfqHSrMy1SEFSRGpQMRnrGYDFeXenxyBfZPpHFFx,HOW HAPPY COULD I BE WITH EITHER.,From The Beggar's Opera.,HOW HAPPY COULD I BE WITH EITHER.,Misc tunes,NA,NA,NA,publicdomain,0.0,0,0,3,1,1,0,21,111,5.285714285714286,False,2.6390524677934173,0.990990990990991,0.7961309523809523
QmW6JxNYQnn5iZmPfrbXAuCe3r9Rr1Y1vF2E3b83Q4BxcU,How happy every child of grace - R. Jay Powell,NA,How happy every child of grace,R. Jay Powell,NA,classical,NA,publicdomain,0.0,0,0,10,1,1,0,28,363,12.964285714285714,False,2.810442724377153,0.9669421487603306,0.9386574074074074
QmWtUj6hfugFxaUkWZ2b4vNEPt5frHoCpAwm9cboQcMG98,How happy is the pilgrim's lot - A. K. Williams,NA,How happy is the pilgrim's lot,A. K. Williams,A. K. Williams,classical,NA,publicdomain,0.0,0,0,5,0,4,0-0-0-0,25,263,10.52,True,2.664632819233961,0.9881889763779528,0.9741666666666666
QmP1cRBSZMo3JxzDpcCgE6cTKrUa2SzgQ8ku8MvXbyksDh,How happy the children who trust in the Lord - Chas. Edw. Prior,NA,How happy the children who trust in the Lord,Chas. Edw. Prior,NA,classical,NA,publicdomain,0.0,0,0,13,2,1,0,18,347,19.27777777777778,False,2.6241624350467263,0.9913544668587896,0.9361979166666666
Qmbwc2Wn6jFHoG3MEA2J2Dp3H56oiNat6ktyBwjEgfKxtM,How happy the meeting in heaven will be - Elisha A. Hoffman,NA,How happy the meeting in heaven will be,Elisha A. Hoffman,NA,classical,NA,publicdomain,0.0,0,0,6,1,1,0,18,323,17.944444444444443,False,2.546260519986414,0.9721362229102168,0.8472222222222222
QmaVHnF6qEq66W76gYVgPCSHi7UCiFifKC3KszQMUWwZdS,How Happy the Soldier Who Lives on his Pay WES.084,NA,How Happy the Soldier Who Lives on his Pay WES.084,Misc tunes,NA,NA,NA,publicdomain,0.0,0,0,3,1,1,0,18,88,4.888888888888889,False,2.5627711317967643,0.9545454545454546,0.9618055555555556
Qmb9AngbvhCF9bF2T4CwDzTradZhQimJw8y2dhxNVeG4Y4,How he loves us Jesus loves us - M. A. Rublee,NA,How he loves us Jesus loves us,M. A. Rublee,NA,classical,NA,publicdomain,0.0,0,0,93,1,1,0,20,206,10.3,False,2.462423257676713,1.0,0.9618055555555556
QmauBm6bTsY4RooU2wvLwtuaLhhb2okzm1Xq7v4NcHvMhh,How heavy was my load of sin - W. Stillman Martin,NA,How heavy was my load of sin,W. Stillman Martin,NA,classical,NA,publicdomain,0.0,0,0,4,2,1,0,19,426,22.42105263157895,False,2.603824863384592,0.9906103286384976,0.9122023809523808
QmQ6QJiCyUCbxAnSTTFFMzTsuUNRetcqczuYhpAdEG5BYv,How High The Mixed Mode Moon.port,NA,How High The Mixed Mode Moon.port,createandrelateyahoo.com,Trampas Smith,NA,NA,cc-zero,0.0,0,0,11,1,1,0,65,467,7.184615384615385,False,3.47229008777023,0.6916488222698073,0.9479166666666666
QmcLy4Ppb8TfWUEfFKZmcHNMsFCjdLXnhjPPdbxmBZmvQD,How I Met Your Mother Theme Song,Hey Beautiful,how i met your mother theme,The Solids,The Solids Arr. by Jacob Smith,NA,theme-song,cc-zero,4.76,99,1028,46882,1,1,0,11,196,17.818181818181817,False,2.771184766908518,0.9693877551020408,0.9696969696969696
QmaPBYsCrxKpdvxKukqhRCkMg7yoqhcPvL7wngeG9gn4d6,How Imperfect is Expression,NA,How Imperfect is Expression,Misc tunes,NA,NA,NA,publicdomain,0.0,0,0,2,1,1,0,85,271,3.188235294117648,False,2.478411246544116,1.0,0.9134615384615384
QmaTLxVsCjEke859F2g3FU17MSqoKbhsC4FhqHd2Yy4A1t,How Imperfect is Expression,NA,How Imperfect is Expression,Misc tunes,NA,NA,NA,publicdomain,0.0,0,0,1,1,1,0,66,218,3.303030303030303,False,2.496791295687656,1.0,0.9127604166666666
QmXTTAcprXfeY7miEJDBxeiUSCgZFt7MZLLC2yXDrLnzQb,How Imperfect is Expression. RH.082,NA,How Imperfect is Expression. RH.082,Misc tunes,NA,NA,NA,publicdomain,0.0,0,0,3,1,1,0,32,101,3.15625,False,2.4164917686036724,1.0,0.9208333333333334
QmU7k1Etw1Nn3ckzTzB1jnaoLA1kNCgPiFUvkZJs45LfE8,How Is Your Mother? (march) 1829,NA,How Is Your Mother?,Misc tunes,Unattributed,NA,NA,publicdomain,0.0,0,0,2,1,1,0,38,146,3.842105263157895,False,2.685307698025748,0.9863013698630136,0.9108333333333334
QmfRJdrKCKDNN4Z63xBfmkuZpAtdG6XZmGMyMKBaa5xgjY,How jubilant and clear they ring - R. Frank Lehman,NA,How jubilant and clear they ring,R. Frank Lehman,NA,classical,NA,publicdomain,0.0,0,0,6,2,1,0,33,437,13.242424242424242,False,2.984527696299103,0.9267734553775744,0.9097222222222222
QmWBJCJ5fnxUbEiXRgPPkqpdEYrva5WqqnW9PLKC4kH5Rj,How kind is His heart how strong in His arm - C. Harold Lowden,NA,How kind is His heart how strong in His arm,C. Harold Lowden,NA,classical,NA,publicdomain,0.0,0,0,3,1,1,0,14,164,11.714285714285714,False,3.063067273758444,0.926829268292683,0.975877192982456
QmNXEp93xaEAeSFSXLFBZECMNHpdr5D4vZFSApHeBrsvXt,How long thou sinful one - Robert Lowry,NA,How long thou sinful one,Robert Lowry,NA,classical,NA,publicdomain,0.0,0,0,3,1,1,0,14,152,10.857142857142858,False,2.508062183575221,0.993421052631579,0.9236111111111112
QmVnWos9iijE1WeVKTgUzteuABFJcGpy1nRCvnb5X4wgWz,How long wilt thou conceal thy face - Thomas Clark,SANDGATE. C.M. Ps: 13. Dr. Watts.,How long wilt thou conceal thy face,Thomas Clark,Thomas Clark,classical,NA,publicdomain,0.0,0,0,5,0,4,0-0-0-0,15,257,17.133333333333333,True,2.683002484514692,1.0,0.9375
QmUt7qGf2RhRtnUezUPKeeKPFEMm8pHJMaXyPE94bvStbE,How long wilt thou forget me Lord? - Hugh Bond,NA,How long wilt thou forget me Lord?,Hugh Bond,Hugh Bond,classical,NA,publicdomain,0.0,0,0,4,0,5,0-0-0-0-0,42,449,10.69047619047619,True,2.944110382796714,0.9257294429708224,0.9360632183908046
QmbdjiLfgDWRGWYK327jVUwfscB1rc4F7to1cqV4kGEzhr,How long wilt thou forget me Lord? - Joseph Stephenson,NA,How long wilt thou forget me Lord?,Joseph Stephenson,Joseph Stephenson,classical,NA,publicdomain,0.0,0,0,6,0,4,0-0-0-0,16,170,10.625,True,2.7325409747107985,0.9876543209876544,0.9621212121212122
QmUMuLvxhLRr9EEDDevG6rJj8bAfKKfhgYEzRVmprtYubo,How long wilt thou forget me Lord? - Thomas Clark,PSALM XIII. New ver: 1.2.3.4.,How long wilt thou forget me Lord?,Thomas Clark,Thomas Clark,classical,NA,publicdomain,0.0,0,0,4,0,5,0-0-0-0-0,62,551,8.887096774193548,True,2.758368484825105,0.9875,0.964717741935484
Qmb2pvnPUrtcMU3gMvXw2YGR9NWkueQNxjxEPwbmfus6Ci,How lost was my condition,NA,How lost was my condition,Misc Traditional,NA,folk,NA,publicdomain,0.0,0,0,2,1,1,0,18,198,11.0,False,2.308143563460918,1.0,0.9296875
QmWbhyiR7QtQ1ddhPvjyc6aP3inneMpg4bvzB8BU91PTMe,How lovely are those dwellings - Felix Mendelssohn-Bartholdy,NA,How lovely are those dwellings,Felix Mendelssohn,NA,classical,NA,publicdomain,4.49,3,1,46,2,1,0,23,283,12.304347826086955,False,2.991284035404483,0.9363957597173144,0.9178921568627452
QmegJbzDxk2EwfAgtGrrPqmwmAXHJLhuRxQ4b9kCDh7yqz,How lovely is Jesus the Lamb that was slain - Wm. J. Kirkpatrick,NA,How lovely is Jesus the Lamb that was slain,William J. Kirkpatrick,NA,classical,NA,publicdomain,0.0,0,0,4,2,1,0,19,322,16.94736842105263,False,2.604985515031763,0.9875776397515528,0.9184027777777778
QmU26LTyKW4FyTsJycHuVFHEJwpra7P3Nm6ATLsWjZqAT6,How loving is Jesus who came from the sky - Henry A. Lewis,NA,How loving is Jesus who came from the sky,Henry A. Lewis,NA,classical,NA,publicdomain,0.0,0,0,2,1,1,0,17,275,16.176470588235293,False,2.562052336785672,0.9854545454545456,0.9305555555555556
QmRa4UE4P3v8RgMBiJnFRVSGcxdvfsSpA9VGigJ1iAg2Nd,How many dear friends have passed - H. P. Danks,NA,How many dear friends have passed,H. P. Danks,NA,classical,NA,publicdomain,0.0,0,0,4,1,1,0,33,302,9.151515151515152,False,2.790358196279319,0.9668874172185432,0.9765625
QmY8YnsWGxm7NhyViEr6xxf9pVkG1gQ9FoAEiyR1B6xXcU,How many sad partings we have on earth's shore - Adam Geibel,NA,How many sad partings we have on earth's shore,Adam Geibel,NA,classical,NA,publicdomain,0.0,0,0,8,1,1,0,16,248,15.5,False,2.781085828595581,0.9717741935483872,0.9597222222222224
QmZK4oa5frUf13psuFWegtpe4Wyg8AKiQ5VT4LKdiwUhGD,How many sheep are straying (Lowry) - Robert Lowry,NA,How many sheep are straying (Lowry),Robert Lowry,NA,classical,NA,publicdomain,0.0,0,0,7,1,1,0,26,351,13.5,False,2.517870367238272,0.9943019943019944,0.9505208333333334
QmfSAd5NefzRzFeY5jXrbzk1urjpL9ZfhR5PfidKC25p8E,How many times has he lightened our cares - Floy S. Armstrong,NA,How many times has he lightened our cares,Floy S. Armstrong,NA,classical,NA,publicdomain,0.0,0,0,4,1,1,0,25,437,17.48,False,2.6881540150000065,0.9748283752860412,0.9414414414414416
QmTc8dtKio8sxwkUWuubHKTABYoxpD6Y6kT3M8i5mG9W5q,How many today are rejecting the Lord - C. C. Case,NA,How many today are rejecting the Lord,C. C. Case,NA,classical,NA,publicdomain,0.0,0,0,3,2,1,0,20,263,13.15,False,2.6593521872641204,1.0,0.9537037037037036
QmW1FYj4XbKfZfwYA9e6HM9wTnarSA7c4AbtmzCXDujD4v,How melancholy am I,Gur muladach a ta mi,How melancholy am I,Misc tunes,NA,NA,NA,publicdomain,0.0,0,0,4,1,1,0,18,124,6.888888888888889,False,2.685439143875545,0.967741935483871,0.9036458333333334
QmTx2XNq6hG874iJe8QiQKpyCua68p4zeMaHbNJiD1WZPU,How Much Has She Got? (jig) 1102,NA,How much has she got?,Misc tunes,after Sgt J. O'Neill,NA,NA,publicdomain,0.0,0,0,6,1,1,0,38,184,4.842105263157895,False,2.9155638986703525,0.9456521739130436,0.9683333333333334
Qmdn3woxi5zbABt4wqrAccpw7rddWL1frvrcu2KEKCSJRa,How needful strictly to inquire - Samuel T. Benade,NA,How needful strictly to inquire,Samuel T. Benade,NA,classical,NA,publicdomain,0.0,0,0,2,1,1,0,21,263,12.523809523809524,False,2.56354741545586,0.9961977186311788,0.9534313725490196
QmSNgxXSBh9kiAe7dpiqmdMbx1kQ4vnC4qv6TKHK1zg1W5,How num'rous Lord of late are grown - Hugh Bond,NA,How num'rous Lord of late are grown,Hugh Bond,Hugh Bond,classical,NA,publicdomain,0.0,0,0,7,0,5,0-0-0-0-0,105,1508,14.361904761904762,True,2.7800712235340144,0.989891135303266,0.9642175572519084
QmSALPNqtDfAs4NZ6nc21DcozxpykZfhhCDrA8GhxqnLZt,How num'rous Lord of late are grown - Joseph Stephenson,Ps. 3d. (A 4 Voce),How num'rous Lord of late are grown,Joseph Stephenson,Joseph Stephenson,classical,NA,publicdomain,0.0,0,0,6,0,4,0-0-0-0,15,139,9.266666666666667,True,2.761684353364855,0.9849624060150376,0.9603174603174603
QmSidpwRQHrErerSg1e8p2wtMFwpKpM2mZdFYnMVn29RG2,How numerous Lord of late are grown - William Gifford,NA,How numerous Lord of late are grown,William Gifford,William Gifford,classical,NA,publicdomain,0.0,0,0,5,0,4,0-0-0-0,23,228,9.91304347826087,True,2.8389673236766946,0.9502262443438914,0.9737318840579712
QmNcrCbM6T4vcECrKBicKf3z3hcrHQcdkRQ6VyvWHTMdAp,How oft across life's narrow path - Arthur Wilton,NA,How oft across life's narrow path,Arthur Wilton,NA,classical,NA,publicdomain,0.0,0,0,4,1,1,0,18,243,13.5,False,2.638287460627185,0.9835390946502056,0.9322916666666666
QmegzvvgFZCeq9F38VjvUqFdqTn612cRoDjs4RDWYe9q8x,How oft has the benshee cried,NA,How oft has the benshee cried,Misc tunes,NA,NA,NA,publicdomain,0.0,0,0,3,1,1,0,34,162,4.764705882352941,False,2.6970306834654054,0.9629629629629628,0.9066666666666666
QmfEtaVwBJacBNGbTWA7SMb7y2GBrA1MEXEfLabLGghWxP,How oft there comes to me the tho't - R. Frank Lehman,NA,How oft there comes to me the tho't,R. Frank Lehman,NA,classical,NA,publicdomain,0.0,0,0,4,1,1,0,18,226,12.555555555555555,False,2.9494574580604898,0.9469026548672568,0.9565972222222222
QmPeFK5aH7pQEkcBL1jYzcbUkvBn1iR9GaNjfMRKDfUDha,How often as through this dark valley I roam - Charles J. Butler,NA,How often as through this dark valley I roam,Charles J. Butler,NA,classical,NA,publicdomain,0.0,0,0,3,2,1,0,18,539,29.944444444444443,False,2.566687545467568,0.9818181818181818,0.6736111111111112
QmX8asDXHoB9mqC8uwnHaLayJnsxb4oKaHy1kmsXfMmf99,How Paddy Was Fooled (air?)(song?)(tennis anyone?) 0160,NA,How Paddy Was Fooled,Misc tunes,after Chief F. O'Neillplayfully,NA,NA,publicdomain,0.0,0,0,3,1,1,0,34,98,2.8823529411764706,False,2.7028856860191426,1.0,0.9809027777777778
QmSWiQ4HRtdF5n3Zg5SuZ9hoJgC7yzPfF27vmysqWqVQeP,How pleased and blest was I - Thomas Clark,NA,How pleased and blest was I,Thomas Clark,Thomas Clark,classical,NA,publicdomain,0.0,0,0,21,0,4,0-0-0-0,26,281,10.807692307692308,True,2.743724272537698,0.9814126394052044,0.9566666666666668
QmdiwsLTtMRvRz4SCtRmuqyWfbKx1XFGhUheYqpy6owB6d,How precious is the story (Kissinger) - J. H. Kissinger,NA,How precious is the story (Kissinger),J. H. Kissinger,NA,classical,NA,publicdomain,0.0,0,0,2,1,1,0,26,344,13.23076923076923,False,2.6775870377615094,0.9883381924198252,0.945601851851852
QmQECeu2StbzpY8RcFfiyF9Rw8V8BhjZc77c8aRLASRaZM,How precious the promise I read in the word - Ira D. Sankey,NA,How precious the promise I read in the word,Ira D. Sankey,NA,classical,NA,publicdomain,0.0,0,0,5,2,1,0,18,335,18.61111111111111,False,2.7001748145697464,0.9791044776119404,0.875
QmetCpKRKZHVGbDP2Ai8uAFYyX5NdUfPkigokQndWuYTve,How precious the thought when with sorrows we meet - F. A. Blackmer,NA,How precious the thought when with sorrows we meet,F. A. Blackmer,NA,classical,NA,publicdomain,0.0,0,0,4,1,1,0,18,208,11.555555555555555,False,2.488002114754142,0.9903846153846154,0.9361979166666666
QmYxUJWudouZMgHgZnscLfjEYb6b44W7MXGLsSUjqpjRKx,How precious to me are the friends that I know - H. L. Gilmour,NA,How precious to me are the friends that I know - H. L. Gilmour,H. L. Gilmour,NA,classical,NA,publicdomain,0.0,0,0,4,2,1,0,17,332,19.529411764705884,False,2.897223433223981,0.9518072289156626,0.9448529411764706
QmUNAd1LcGCXqXNDjorLp6UpjhcBQsn6WSp3i6o5UKSyHk,How restless the soul of the wanderer from Jesus - Jno. R. Sweney,NA,How restless the soul of the wanderer from Jesus - Jno. R. Sweney,John R. Sweney,NA,classical,NA,publicdomain,0.0,0,0,11,2,1,0,17,362,21.294117647058822,False,2.8275724644754696,0.9668508287292816,0.9461805555555556
QmVpw1yTApLgbQZY3jG33qwKHUJ261uxFsgi24t2oAD9aW,How rich is the mercy and grace of our Lord - Haldor Lillenas,NA,How rich is the mercy and grace of our Lord,Haldor Lillenas,NA,classical,NA,publicdomain,0.0,0,0,2,2,1,0,19,301,15.842105263157896,False,2.6360151907693683,0.9368770764119602,0.9479166666666666
QmbqfgtH4LU74ktASs1ncukrkAz6VNjReoJfry6w5k8zoa,How sad is the wilderness way - Warren W. Bentley,NA,How sad is the wilderness way,Warren W. Bentley,NA,classical,NA,publicdomain,0.0,0,0,2,1,1,0,17,280,16.470588235294116,False,2.483417313604156,1.0,0.8576388888888888
QmUH1gnY8K6NHjqKpJfzgS8QJ9goz67Ati2ZatqSd6AiPd,How sad it would be if when thou didst call (Baltzell) -,NA,How sad it would be if when thou didst call (Baltzell),NA,NA,classical,NA,publicdomain,0.0,0,0,7,1,1,0,21,309,14.714285714285714,False,2.5225935059215767,0.9870550161812298,0.9138888888888888
QmS3RLsVi69gr1cEeKpcoYDsAb6hG6kUZK1BcjwbThqcMB,How shall I come to Jesus? - Wm. J. Kirkpatrick,NA,How shall I come to Jesus?,William J. Kirkpatrick,NA,classical,NA,publicdomain,0.0,0,0,2,1,1,0,16,201,12.5625,True,2.592890892886633,0.9950248756218906,0.90625
QmakBYJTk4ngJ7xxBGUdLTQJA72R5yywvzU5Xnxi4iXFrP,How shall I know that I am his - James McGranahan,NA,How shall I know that I am his,James McGranahan,NA,classical,NA,publicdomain,0.0,0,0,6,2,1,0,30,385,12.833333333333334,False,2.844210986631213,0.9792207792207792,0.9363425925925926
QmaZHSsdaGuGmcUpEtJ8k9ycZnJ9NwcQLHVE4E1agXPKP7,How shall we worship thee - Grace Wilbur Conant,NA,How shall we worship thee,Grace Wilbur Conant,NA,classical,NA,publicdomain,0.0,0,0,6,1,1,0,14,207,14.785714285714286,True,2.9200832761568694,0.9468599033816424,0.9600694444444444
QmcNtAZsddrNR6fbepkHGd7wLzPEN4ic3AbVuzuZYRMGVA,How shall you stand my brother - Howard Clare,NA,How shall you stand my brother,Howard Clare,NA,classical,NA,publicdomain,0.0,0,0,2,1,1,0,16,241,15.0625,True,2.575793021353768,0.9875518672199172,0.9045138888888888
QmPdxtCuUar61FwBuTY3AQyawZgSk9gZpjPLe4visBCiqN,How Shocking,NA,How Shocking,morehouseaida,NA,NA,NA,cc-zero,0.0,0,0,71,0,1,6,32,65,2.03125,False,0.5349547231656377,1.0,0.8541666666666666
QmNxdP7r2YmtADS2GPfiZhuSoF7gbPs1BYFHjdrQbvHjgo,How Stands the Glass Around. Roose.0546,Why SoldiersWhy?aka. Roose.0546,How Stands the Glass Around. Roose.0546,Misc tunes,NA,NA,NA,publicdomain,0.0,0,0,11,1,1,0,44,138,3.136363636363636,False,2.8777317887851224,0.9420289855072465,0.9524572649572648
QmV18hyXar3NTULUWQaC4JRBWqip1rtwgXsPpu9uKfUu8C,How stands the glass around?,NA,How stands the glass around?,Anonymous,NA,classical,NA,publicdomain,0.0,0,0,41,0,5,0-0-0-0-0,21,217,10.333333333333334,True,2.8519234452593363,0.9306930693069309,0.953125
QmTwpYQXPQfRJppBHm7kkcbbHBDg76wLSdi2Z8Pj6DbJVq,How straight the path appears - G. F. Root,NA,How straight the path appears,G. F. Root,NA,classical,NA,publicdomain,0.0,0,0,5,1,1,0,18,198,11.0,False,2.7704395887757807,0.9747474747474748,0.9791666666666666
QmWENVotjA38H1NAYf49YuyUjYPARzqTGi9YGtrXhyLVzD,How sweet are the songs of Jesus - J. H. Rosecrans,NA,How sweet are the songs of Jesus - J. H. Rosecrans,J. H. Rosecrans,NA,classical,NA,publicdomain,0.0,0,0,6,1,1,0,18,267,14.833333333333334,False,2.4722222639657945,0.9887640449438202,0.9322916666666666
QmSqMp3kNvfUVXnNJPF9a3ZbttZTZeikkYjec6BZjH65vb,How sweet from the scriptures the story we tell - W. H. Doane,NA,How sweet from the scriptures the story we tell,W. H. Doane,NA,classical,NA,publicdomain,0.0,0,0,5,2,1,0,20,355,17.75,False,2.691391372691589,0.9802816901408452,0.9804292929292928
QmUaBEeF79UkrzgRwrD8eyubWhTdxvWrb2YX8kktZJDsMk,How Sweet in the Woodlands,NA,HOW SWEET IN THE WOODLANDS,Misc tunes,NA,NA,NA,publicdomain,0.0,0,0,1,0,2,0-0,44,304,6.909090909090909,False,2.4426447459507283,1.0,0.9277777777777778
QmcFvxg5uXRrzNu3W1434vHgTBwuhKZqqeMS7MjHnwdHNg,How Sweet in the Woodlands.2voices RH.454,NA,How Sweet in the Woodlands.2voices RH.454,Misc tunes,NA,NA,NA,publicdomain,0.0,0,0,3,0,2,0-0,44,308,7.0,False,2.569713039238564,1.0,0.925
Qmd5g6kHEHQ6Gz66sFVZTfG67vDJj1gxpFcUito9X96BQ7,How Sweet in the Woodlands.2voices. JJo.036,NA,How Sweet in the Woodlands.2voices. JJo.036,Misc tunes,NA,NA,NA,publicdomain,0.0,0,0,0,0,2,0-0,44,318,7.227272727272727,False,2.44526160611823,1.0,0.9166666666666666
QmU1DRkaoMYvXiccjYG45ohBZFUeG4At8XgP7crRc6SbmR,How sweet is the Bible (Howard) - Wharton Howard,NA,How sweet is the Bible (Howard),Wharton Howard,NA,classical,NA,publicdomain,0.0,0,0,4,2,1,0,17,326,19.176470588235293,False,2.5922680116877035,0.9846625766871164,0.8559027777777778
QmeEbMLQvansBgnHfUUFFyhLCNYPH6uCCyi5rcRuZdAtUW,How sweet is the blessing our hearts find in prayer - Charles M. Lewis,NA,How sweet is the blessing our hearts find in prayer,Charles M. Lewis,NA,classical,NA,publicdomain,0.0,0,0,6,1,1,0,25,324,12.96,False,2.550145999059559,0.9783950617283952,0.946875
QmYYgissdRaCby9R3w1Cg9RJ7MPmKvbgUqmmfUmvP7SEK5,How sweet is the thought that when trials betide - Chas. H. Gabriel,NA,How sweet is the thought that when trials betide,Chas. H. Gabriel,NA,classical,NA,publicdomain,0.0,0,0,7,1,1,0,18,299,16.61111111111111,False,2.610197639229593,0.9866220735785952,0.9131944444444444
QmWo8wosoNZ4wCZR8xSDYGktynhDg2FLrDXJoseJ4QrE1S,How sweet is the word of Jesus the Lord - James M. Black,NA,How sweet is the word of Jesus the Lord,James M. Black,NA,classical,NA,publicdomain,0.0,0,0,4,1,1,0,27,427,15.814814814814817,False,2.6181898147100093,0.9859484777517564,0.9270833333333334
Qmeom3XNAzQw54KCb6PPzNLemmsM9ywpcBhYZWJEDPGxbe,How sweet the joy that fills my soul - D. W. Whittle,NA,How sweet the joy that fills my soul - D. W. Whittle,D. W. Whittle,NA,classical,NA,publicdomain,0.0,0,0,7,1,1,0,20,266,13.3,False,2.6528273337170525,0.9849624060150376,0.9361979166666666
QmSZCquC2H28Wwh47sWay9tmevsD3i4pZxw6B6sPytNNL4,How sweet the name of Jesus sounds - S. B. Ellenberger,NA,How sweet the name of Jesus sounds,S. B. Ellenberger,NA,classical,NA,publicdomain,0.0,0,0,25,1,1,0,21,284,13.523809523809524,False,2.4514427850427687,1.0,0.9599358974358976
Qmf4RZe4j4nqSUYPnPSLp6H7q9Vdgd54VHjunKHxtfQWqj,How sweet the thought while here below - Harry Loper,NA,How sweet the thought while here below,Harry Loper,NA,classical,NA,publicdomain,0.0,0,0,3,1,1,0,20,263,13.15,False,2.5179601805135823,0.9961977186311788,0.7777777777777778
QmRtR6u8sCSG3U6RK1FyFsSNMStnmYkexR3d7jKJjnN4iC,How sweet the tidings Mercy's free! - William J. Kirkpatrick,NA,How sweet the tidings Mercy's free!,William J. Kirkpatrick,NA,classical,NA,publicdomain,0.0,0,0,13,1,1,0,19,248,13.052631578947368,False,2.4643055188332026,1.0,0.93359375
QmawjyfWvnxGdYjW9LKqmdSaXu4GDuDdR9fqKP1TJ4j6io,How sweet to be allowed to pray - J. E. Gould,NA,How sweet to be allowed to pray,J. E. Gould,NA,classical,NA,publicdomain,0.0,0,0,6,1,1,0,10,113,11.3,False,2.430939763576362,1.0,0.9166666666666666
QmP7ZuYDEHFAHfTrL5T6xmdwA19GErcmi9F7VpU4JneBsv,How sweet to be sitting in places all heavenly - Rev. G. P. Hott,NA,How sweet to be sitting in places all heavenly,Rev. G. P. Hott,NA,classical,NA,publicdomain,0.0,0,0,6,1,1,0,17,295,17.352941176470587,False,2.389918594104328,1.0,0.9548611111111112
QmRrDwM6KRKzJMNGV16oMTLMox7WaxuqPkTDK6icHPHKFk,How sweet to hide ourselves away (Sankey) - I. Allan Sankey,NA,How sweet to hide ourselves away (Sankey),I. Allan Sankey,NA,classical,NA,publicdomain,0.0,0,0,4,1,1,0,20,239,11.95,False,2.9797731974078765,0.9414225941422594,0.9583333333333334
QmZsM48RDtaVrWqofTd6csh7YCyyBnFvDwBs2xZhkM5e7k,How sweet will be the welcome home (Bradbury) - Wm. B. Bradbury,NA,How sweet will be the welcome home (Bradbury),Wm. B. Bradbury,NA,classical,NA,publicdomain,0.0,0,0,2,1,1,0,27,338,12.51851851851852,False,2.4811172741590943,1.0,0.9541666666666668
QmdFVnZbX2bJe8BXfCz5HDWZyiuDFuCnGMseG5vB9dTCN5,How sweet will be the welcome home (Hall) - J. H. Hall,NA,How sweet will be the welcome home (Hall),J. H. Hall,NA,classical,NA,publicdomain,0.0,0,0,3,1,1,0,20,304,15.2,False,2.36706711695211,0.9967105263157896,0.94921875
Qme8MEerKsCTKDK5Vo3F6uBeL62EHzFmgrPnren7DRX68j,How tenderly He leadeth me - B. D. Ackley,NA,he leadeth me,Misc Praise Songs,NA,religiousmusic,NA,publicdomain,0.0,0,0,16,2,1,0,20,195,9.75,False,2.835507151023507,0.9487179487179488,0.9114583333333334
QmTMjsumNexGQuL33LnR129uWDAQtWW4m8tAZzfaryoQ93,How The Money Goes (reel) 1368,NA,How The Money Goes,Misc tunes,after Chief F. O'Neill,NA,NA,publicdomain,0.0,0,0,2,1,1,0,17,123,7.235294117647059,False,2.699907881165516,1.0,0.9557291666666666
QmdT7VMTmTJRZN9zkYPKNkeu4Rp1k7BDRNaQc4C8YzmXC1,How the smiling flowers - J. Lincoln Hall,NA,How the smiling flowers,J. Lincoln Hall,NA,classical,NA,publicdomain,0.0,0,0,6,1,1,0,30,436,14.533333333333331,True,2.8334367426458424,0.9587155963302753,0.996031746031746
QmeeRhJEiqdx6F1hQ4LK3phHW4hQ6tfV9TqLnJ7bk3mgq5,How to harmonize the scale,NA,How to harmonize the scale,ÐÐµÑÐ³ÐµÐ¹ ÐÐµÑÐ½ÐÐºÐ¾Ð²,NA,NA,NA,cc-zero,0.0,0,0,45,2,1,0,3,56,18.666666666666668,False,2.6813294624792965,0.9821428571428572,0.9991319444444444
QmVWkyMPGTnrvYkkNGavgk7wKH7AXzPhN8dXxCCTGRukbR,How to Train Your Dragon,Epic,Test Drive,John Powell,Sean Webb,classical-soundtrack,howtotrainyourdragon,cc-zero,4.37,5,3,302,2,1,0,33,442,13.393939393939394,False,2.5186688569966185,0.993212669683258,0.96875
QmUUZ1YxvT9GZfMHq1fyYNh3sDaVXDSE5nnxwFZxtGcFtw,How To Train Your Dragon Main Theme,NA,how to train your dragon - flying theme,Misc Soundtrack,Composed by John PowellArr. Patrik PietschmannArr. RavenPuff4,soundtrack,NA,cc-zero,4.65,23,68,1830,2,1,0,79,1495,18.924050632911392,False,3.413397922105086,0.7536813922356091,0.9665336879432624
Qmaquv3KVVmrUmDLYN8AkprHjUoyB7BXnnS1kgZ9A83tZH,How to Train Your Dragon Medley,Piano Arrangement,How to Train Your Dragon,John Powell,John Powell,classical-soundtrack,piano-howtotrainyourdragon-johnpowell,cc-zero,0.0,0,20,465,2,1,0,174,1922,11.045977011494251,False,3.476881820145086,0.7330552659019812,0.941184807256236
QmRq52Wj6QGsHVCH2h5RT6UwBnYhjhZBoNsyrHfnmcEgZC,How to Train Your Dragon: Flying Theme,Adapted from How to Train Your Dragon,how to train your dragon - flying theme,Misc Soundtrack,Perfect Harmony,soundtrack,NA,cc-zero,4.62,248,3045,138741,1,1,0,54,569,10.537037037037036,False,3.073820707178711,0.9086115992970124,0.9699074074074074
QmZsCanGqsLBr4nX35FqDHe4aQt1LXU25EkFsrL6NE85Jn,How vain is all beneath the skies,NA,How vain is all beneath the skies,Anonymous,NA,classical,NA,publicdomain,0.0,0,0,3,1,1,0,18,132,7.333333333333333,False,2.573776791372539,0.9924242424242424,0.9496527777777778
QmNvpAzvT8mUooXhX1LCrGZNGCfsEwFbma7ViFaFCAHdR5,How We Spent the Christams (230),NA,How We Spent the Christams (230),Misc tunes,NA,NA,NA,publicdomain,0.0,0,0,1,1,1,0,20,134,6.7,False,2.543858780957333,1.0,0.91796875
QmUXsg24asrj9jr1d8j8srFDqKdiZNCaveLmBSH5EmvwrJ,How We Spent the Christmas,NA,How We Spent the Christmas,Misc tunes,NA,NA,NA,publicdomain,0.0,0,0,4,1,1,0,19,113,5.947368421052632,False,2.5439628610092955,1.0,0.9440104166666666
QmURs6AiHBKDRC6ZZvJynVW393XhtyD8ZCuq3imMiiGJWf,How will I get to the bedchamber,NA,How will I get to the bedchamber,Misc tunes,NA,NA,NA,publicdomain,0.0,0,0,2,1,1,0,9,39,4.333333333333333,False,2.7585986946575223,0.9743589743589745,0.875
QmesNpW4MGp5CEDPSBjSZGhtESvJMLM2dZZyiBSTuSKoLf,How wise you look little star away - Chas. H. Gabriel,NA,How wise you look little star away,Chas. H. Gabriel,Chas. H. Gabriel,classical,NA,publicdomain,0.0,0,0,2,1,1,0,17,147,8.647058823529411,True,2.788639835086612,0.9794520547945206,0.9583333333333334
Qmc1rxnEzqqjP1WqdjXM62fhHe3k2ZhQotmttbLg9gQKe6,How wonderful wonderful is the dear name - C. W. Ray,NA,How wonderful wonderful is the dear name,C. W. Ray,NA,classical,NA,publicdomain,0.0,0,0,3,1,1,0,18,359,19.944444444444443,False,2.494716534759553,1.0,0.828125
QmcKgzouRjLAb8YBctWtx2Piaw7oGvMMbQS5sE2XC64wo3,How wondrous is God's saving grace - Thoro Harris,NA,How wondrous is God's saving grace,Thoro Harris,NA,classical,NA,publicdomain,0.0,0,0,3,1,1,0,19,223,11.736842105263158,False,2.5641028261847283,0.9955156950672646,0.8958333333333334
QmXkKrs9iCg4d5rDPqKSgLRmrMzKCtVX76ybmJzt96GZYw,How You Feel,NA,how you feel,Trippie Redd,Trippie Redd,hiphop,NA,cc-zero,0.0,0,7,188,1,1,0,32,190,5.9375,False,2.1899732862174024,0.8961748633879781,0.9467592592592592
QmRZzJLngxLS4xDUeFrJdFoTtiMuVf9UsQmQmvCpcaRgbi,How You Remind Me,NA,how you remind me,Nickelback,Nickleback,rock,NA,cc-zero,4.71,4,13,355,0,1,0,76,827,10.88157894736842,False,2.1599067837998613,0.9806529625151148,0.9572368421052632
QmVf4VFBqMr27w8QTUCware9WCWKm6fjwHocuExUNFA9QC,How: O how are you living my brother - R. M. McIntosh,NA,How: O how are you living my brother,R. M. McIntosh,NA,classical,NA,publicdomain,0.0,0,0,2,1,1,0,18,300,16.666666666666668,False,2.460477501785239,1.0,0.94140625
QmSGvVvSF2JMUiiYLQh7zBtT7vbNuFW7JdDsAyzTijrkAV,HOWARD (Crusius) - Carl F. Crusius,NA,HOWARD (Crusius),Carl F. Crusius,NA,classical,NA,publicdomain,0.0,0,0,1,1,1,0,16,165,10.3125,True,2.8533283271664605,0.9393939393939394,0.96484375
QmboB5vGxoLj52H3f7daLYJRLz8wNUUufZyANHStRLpQkC,Howard's? Minuet. SenH.093,NA,Howard's? Minuet. SenH.093,Misc tunes,Ed. Stanleyin Hand B (Humph. Senhouse),NA,NA,publicdomain,0.0,0,0,1,1,1,0,64,234,3.65625,False,2.8217782331785184,0.9658119658119658,0.9396701388888888
QmRAVgZro9iqS81k3Vbk1BmRh77xdfk7RCXpopjiAzSXFC,howl's moving casle,NA,Merry-Go-Round of Life,Joe Hisaishi,howl's moving castle,classical-soundtrack,NA,cc-zero,4.59,7,10,256,1,1,0,39,202,5.17948717948718,False,3.113729874417314,0.8960396039603961,0.9741379310344828
Qmd5S8Y75qefQX7gbhpw5TnmwoidcRzaAab3Bn2cHfLHMe,Howls Moving Castle (Solo Piano),NA,Howl's Moving Castle,Joe Hisaishi,NA,classical-soundtrack,NA,cc-zero,4.77,1164,4754,70370,2,1,0,110,1331,12.1,False,3.197509768262848,0.8517397881996974,0.9613095238095238
QmRJ5JNDJzwSTcEuk6632TiWXSLjUBeeDVfXhTSAwJDqZA,Howls Moving Castle - Short,NA,Howl's Moving Castle,Joe Hisaishi,Joe Hisaishi,classical-soundtrack,NA,cc-zero,4.57,58,340,4227,1,1,0,61,551,9.0327868852459,False,3.125245584220498,0.8880733944954129,0.9645390070921984
QmVUX3uhbNLTgupGKLL9DLX7dt8Bgwyzr7kHhTG2jk3sDo,Hoxton Square. PFD2.025,NA,Hoxton,Misc Traditional,NA,folk,NA,publicdomain,0.0,0,0,6,1,1,0,36,224,6.222222222222222,False,2.8173402542006603,0.9732142857142856,0.9409722222222222
QmTuXaGLA3T2HETUkGyxinca9QFZHBML8LxDEoFjzDC1xT,hoy he vuelto,NA,NA,NA,Popular,NA,NA,cc-zero,4.87,5,4,392,1,1,0,42,260,6.190476190476191,True,2.680316364536141,1.0,0.9120934959349594
QmVJDyXZAgvPz9p9JXBBcS7aNvu7dAG1e2AQWTWFwjRUG6,Hozzád akarok tartozni,NA,NA,NA,NA,NA,NA,publicdomain,0.0,0,0,103,1,1,0,32,102,3.1875,True,2.768469716116199,0.9803921568627452,0.9088541666666666
Qma9M8sRAZxFJypVoenjquTcBZgeD2sudUgs8iGzgMn1FP,Hr. Verner i fanget\aarn,NA,Hr. Verner i fanget\aarn,Misc tunes,anon.,NA,NA,publicdomain,0.0,0,0,3,1,1,0,8,37,4.625,True,2.543799568788661,1.0,0.9791666666666666
QmT1eukKSVGfNCgt2k4Ho1sDP4RcQhAVQ9zwsiWbN2rPEL,HSC Music Comp Draft 1,NA,HSC Music Comp Draft 1,kevincha,Kevin Cha,NA,NA,cc-zero,0.0,0,1,48,2,1,0,134,1266,9.447761194029852,False,3.0419593076443823,0.8265712012728719,0.9257535460992908
QmWWQnywzEVouqcDXXrR54JbM8UYm3s3SaNGx19J8oEwjE,hubbi ya urashalim,23-3,NA,NA,NA,NA,maronite-maronitecatholic-palmsunday-arabic,publicdomain,0.0,0,2,122,1,1,0,18,58,3.2222222222222223,False,1.949750083829732,1.0,0.960648148148148
Qmb1MtJdAk54xs9w2nwoMoSofKeE3CeAPdmnqatSKeCVTs,HUDDERSFIELD (Madan) - Martin Madan,NA,HUDDERSFIELD (Madan),Martin Madan,Madan,classical,NA,publicdomain,0.0,0,0,9,1,1,0,15,140,9.333333333333334,False,2.632313341360712,1.0,0.98015873015873
QmVKc1aM4Ez6x8jXFwN39TN3T6P3hQZXTuag6QJvhTqTxh,huebrt,NA,huebrt,wormboi3000,jHjahjahjhajhajhajhajah,NA,NA,cc-zero,0.0,0,1,77,0,1,0,59,1244,21.084745762711865,False,3.325858135877212,0.8303858520900321,0.7953869047619048
Qmcwu63Pu7JXsbUd8CQv5ZhsUFzeQ5oK5uLB4dkQtrs4n3,Hufen melyn,Yellow Cream,Hufen melyn,Misc tunes,NA,NA,NA,publicdomain,0.0,0,0,2,1,1,0,24,84,3.5,False,2.7165859634731206,1.0,0.9053030303030304
QmVjpocxcLcdvwMKXxGiuna6o3PqnaNuBGUZnxiaSRoSfs,Hugar Mu Fean,NA,Hugar Mu Fean,Misc tunes,NA,NA,NA,publicdomain,0.0,0,0,3,0,2,0-0,26,131,5.038461538461538,False,2.746291158184107,1.0,0.9411764705882352
QmZQYzwutwXy3w1X752XEWKsJd32WYVs63jmnBXY8aywRu,Huggaremamma,Wood-chopping momma,Huggaremamma,Misc tunes,NA,NA,NA,publicdomain,0.0,0,0,5,1,1,0,33,255,7.727272727272727,False,2.9619172572615104,0.8901960784313725,0.8671875
QmdTpbZpgrtCcGdb5sZ9QzWJectyt1kBvbMjevCg51QHG1,Hugh Gillespie's No.2,NA,Hugh Gillespie's,Misc tunes,NA,NA,NA,publicdomain,0.0,0,0,7,1,1,0,44,210,4.7727272727272725,False,2.714399385809932,1.0,0.9396551724137931
QmPJQu7hzDnY2ENdSWWtGkV6UiFkqCQkVxRzJQ8WpEMd17,Hugh Hopley. JJo1.065,Tom Wells' Jigaka. JJo1.065,Hugh Hopley. JJo1.065,Misc tunes,NA,NA,NA,publicdomain,0.0,0,0,2,1,1,0,8,54,6.75,False,2.6571052009984832,1.0,0.9282407407407408
QmTBrGyUuGfEfxoonxWXXkjXdXuzTUrKdkbuE6X9NqK7NC,Hugh MacKay - Stirlingshire Militia,NA,Stirlingshire Militia,Hugh MacKay,Hugh MacKay,classical,NA,publicdomain,0.0,0,0,3,1,1,0,72,432,6.0,False,2.275391507510201,1.0,0.9108072916666666
QmaLPT7FbWhZzJZu1ELjW3zZEkpTxqbVvNoYViWbWcptvD,Hugh McArdle's Fancy (hornpipe) 1680,NA,Hugh McArdle's Fancy,Misc tunes,after Sg't. J. O'Neill,NA,NA,publicdomain,0.0,0,0,8,1,1,0,38,248,6.526315789473684,False,2.830881025990218,0.9838709677419356,0.952020202020202
QmW3QJHv3fw1PRN8TbATBU2XNuNPpHaats8amicd76rYE6,Hugh Montgomerie - Ayrshire Lasses,NA,Ayrshire Lasses,Hugh Montgomerie,Hugh Montgomerie,classical,NA,publicdomain,0.0,0,0,2,1,1,0,19,129,6.789473684210527,False,2.390901288116239,1.0,0.90234375
QmNxUdA12bfHk2jBrbEfugNZKwsRiXQw9M2u1z7nV85Yp5,Hugh O'Neill's Lament (air) 0068,NA,Hugh O'Neill's Lament,Misc tunes,after Sg't. J. O'Neillslow,NA,NA,publicdomain,0.0,0,0,6,1,1,0,18,109,6.055555555555555,False,2.7713327980037343,0.944954128440367,0.93359375
QmaNEHpTtPyNuJGSvGzjzmpbAgHfJ6BhQktivoUodkY7nf,Hugh's Mistake,The Sword of St. Columba,Hugh's Mistake,Misc tunes,NA,NA,NA,publicdomain,0.0,0,0,4,1,1,0,16,82,5.125,False,2.70743140842716,1.0,0.90625
QmQ8YEeba7jmRWeF7BUyqgqfJkLhqt7HbpEV7KUvPcfdXB,Huish the Cat (jig) 0909,NA,Huish The Cat,Misc tunes,Unattributed,NA,NA,publicdomain,0.0,0,0,4,1,1,0,34,178,5.235294117647059,False,2.6945899311311288,1.0,0.9109848484848484
QmZEQc2ygmAaPDK7vgyk8VTyTkg9XpkB3Qww96t5NeUvv7,Huish the Cat from the Bacon,NA,Huish The Cat,Misc tunes,NA,NA,NA,publicdomain,0.0,0,0,4,1,1,0,6,25,4.166666666666667,False,2.4228246923615067,1.0,0.9305555555555556
Qmap5tTZknzNtGb7pMVdzVnf28xXXqKgf6c4vBfjcKHiKc,Huish the Cat.,Hush the Cat.Dance Light For My Heart Lies Under Your Feet.,Huish The Cat,Misc tunes,NA,NA,NA,publicdomain,0.0,0,0,3,1,1,0,42,210,5.0,False,2.664739606844402,1.0,0.8844086021505376
QmSnDXNvLp9Sh2uaLtNREDwhjeJ7TFV5zbHkjL5s8GvMje,Huldrevise,Ludvig M. Lindeman: Norske Fjeldmelodier Nr. 633,Huldrevise,Misc Traditional,Urskoug,folk,NA,cc-zero,0.0,0,0,25,1,1,0,10,27,2.7,True,2.255482189001838,1.0,0.9077380952380952
QmUdiQ3QATNwEiUMBZZwt2DxpcM5qpkPmWZGYLBUZx1qPK,Hull a pelyhes (Twinkletwinklelittle star in Hungarian),NA,Hull a pelyhes (Twinkletwinklelittle star in Hungarian),tjudesz,NA,NA,NA,cc-zero,0.0,0,0,19,1,1,0,18,186,10.333333333333334,False,2.604507945407509,0.9946236559139784,0.9791666666666666
QmQVj8Bk5Rf1ZoU91jjQmJSCBHXck2topJQn42fyLbFpQ5,HULL'S VICTORY,NA,Hull's Victory,Misc Traditional,NA,folk,NA,publicdomain,0.0,0,0,0,0,3,0-0-0,36,554,15.38888888888889,False,2.802110819167367,0.9776119402985076,0.9401041666666666
QmRXfs2sM6cWcD6KiEjk8Ep19U5LSNGUxY1fwXFB954pFd,Hull's Victory (hornpipe) 1702,NA,Hull's Victory,Misc Traditional,Unattributed,folk,NA,publicdomain,0.0,0,0,8,1,1,0,38,216,5.684210526315789,False,2.82877604606082,0.9629629629629628,0.94760101010101
QmcstEcomsj845aFqcvMZrVDeefkVDiS6eaNAHEGxce4ZV,Hum Hallelujah - Fall Out Boy (Piano Version),NA,hum hallelujah,Fall Out Boy,Fall Out Boy,rock,piano-falloutboy-humhallelujah,cc-zero,4.71,4,77,1595,2,1,0,170,2714,15.96470588235294,False,2.54831132690061,1.0,0.9612240829346091
QmNawYoLtJEuwNsTduQPwhRqVnaxt4b2jYv3Lu7EiHC7Jw,Hum the Hummer. THO2.082,NA,Hum the Hummer. THO2.082,Misc tunes,NA,NA,NA,publicdomain,0.0,0,0,2,1,1,0,36,166,4.611111111111111,False,2.9358633803975573,0.963855421686747,0.9461805555555556
QmR46YCHQeJA4D15YQ7XD35rSbS7JeaQBB9nCpY48eh1vJ,Humain - Damso,Lithopédion,Humain,Damso,Damso,hiphop,damso-humain-piano,cc-zero,4.71,4,61,1952,2,1,0,134,1711,12.76865671641791,True,2.350723008068045,1.0,0.9334714548802948
QmZBfXqhF1A6uJpuLu7gLag23njhjxszZGSE16tpg4foGF,Human - Rag'n'Bone Man (SATB + Solo's),As Performed by the LCV Choir,human,Rag'n'Bone Man,Rag'n'Bone Man,NA,NA,cc-zero,4.7,7,16,576,0,5,0-0-0-0-0,61,1581,25.918032786885245,True,2.620124552542828,0.999330655957162,0.9279661016949152
QmTvYchcfZsMJxXkKv7d8vt7qF3sZWYHsBvLnbL1dTF5dR,Human de Christina Perri,Christina Perri,human,Christina Perri,NA,pop,NA,cc-zero,4.33,3,28,947,1,1,0,49,629,12.83673469387755,False,2.64864925133118,1.0,0.9056122448979592
Qmd1qRZ4WPV5Y56EimR74C6eyBFyhTuAA1zaWusokRkw76,HUMAN KINDNESS (Arabic),NA,HUMAN KINDNESS (Arabic),Misc Traditional,NA,folk,NA,publicdomain,0.0,0,0,12,1,1,0,15,64,4.266666666666667,False,2.609085834338898,0.84375,0.8791666666666667
QmTTAmjL1tTzVP26f3JEM9gDAq4mVhXLn17fSvCwvW3Bs2,Humble Service - C. G. Stanger,NA,Humble Service,C. G. Stanger,NA,classical,NA,publicdomain,0.0,0,0,8,1,1,0,16,244,15.25,True,2.605931604888013,0.9959016393442623,0.9609375
QmYwxSoqDCasYZgygq2jWhejX7w1JFsK1vMEnBUp77FYJv,Humbly confessing our need O Lord - W. H. Doane,NA,Humbly confessing our need O Lord,W. H. Doane,NA,classical,NA,publicdomain,0.0,0,0,4,1,1,0,24,281,11.708333333333334,True,2.463961751573558,1.0,0.9696180555555556
QmcongQSMYp5vQyRbi4MpTgwKXhd9pDEkZZrFPDFmrqgsr,Hume,NA,Hume,Misc Traditional,NA,folk,NA,publicdomain,0.0,0,0,2,1,1,0,9,132,14.666666666666666,False,2.856879160810513,0.9393939393939394,0.9097222222222222
QmUAozZamGGVvsJhhXk2TXBppaSaMKeWtKR4qEH8syHA2b,Humers of Reken,Humors of Reken,Humers of Reken,Misc tunes,NA,NA,NA,publicdomain,0.0,0,0,2,1,1,0,32,184,5.75,False,2.8651103996524,0.9782608695652174,0.9583333333333334
Qmd12rcLZKMmNV4RURMRNo5yUw63uPrLJ1UTv7hEAxbR9h,Hummelflug Duet,NA,NA,NA,Nikolai Andreyevitch Rimsky-Korsakov,NA,hummelflug-flightofthebumblebee-hummelflugduet-flightofthebumblebeeduet,cc-zero,0.0,0,3,515,0,2,0-0,102,1600,15.68627450980392,False,3.5081159394205184,0.6622889305816135,0.9715277777777778
QmTndAyMq9z6FjqvH3p8mnBxRZohB1k1B5nf1vvjuS6xDy,Humming A Tune,NA,Humming A Tune,Kaiser_Leviathan,Composer,NA,original-short-hummingatune-simple,cc-zero,0.0,0,0,12,0,1,0,32,65,2.03125,False,2.529727278940172,1.0,0.931818181818182
QmZGaGEy4JAeDqHmxya6ioArZ8sXWkCugAPsZ9ndvN6rUm,Humoresque - Antonin Dvorak,NA,Humoresque B.138,Antonín DvoÅák,NA,classical,NA,publicdomain,0.0,0,5,263,2,1,0,24,454,18.916666666666668,True,2.78254686130918,0.9889867841409692,0.9496527777777778
QmbqsnhhEniGyHb7WbBMKzsSaTZQ88ubTs69nEupWy87a4,Humors of Ballyloughlin,NA,Humors of Ballyloughlin,Misc tunes,NA,NA,NA,publicdomain,0.0,0,0,5,1,1,0,126,700,5.555555555555555,False,2.6726908566667498,0.9771428571428572,0.9444444444444444
QmYz9hQKy2GKAzmMewVqdjENuk48DuSPvVSz7atAzb7vkX,Humors of Tufts Street -- Reel,NA,Humors of Tufts Street -- Reel,Misc tunes,NA,NA,NA,publicdomain,0.0,0,0,2,1,1,0,36,252,7.0,False,2.671875449001777,1.0,0.9114583333333334
QmbPwkRHaXBQRuAaAyCkAjfrpG3eQbvR2gKtHvu7mg1yLo,Humors Of Westport (reel) 1177,NA,The humors of Westport,Misc tunes,after Sgt. J. O'Neil,NA,NA,publicdomain,0.0,0,0,4,1,1,0,17,132,7.764705882352941,False,2.655430958341424,1.0,0.9908854166666666
QmUqTLdsLAcNkZi4B6XcLWzjzx6sYyhSXxpgGH7kA9nxXe,Humours of Ennistymon [The],Coppers and BrassQueen of the Rushes,Humours of Ennistymon [The],Misc tunes,NA,NA,NA,publicdomain,0.0,0,0,3,1,1,0,81,392,4.839506172839506,False,2.73132769738749,1.0,0.9672067901234568
QmXamhKD4vuuLYTFmNykXNo44xk4USCEKbVgGBujZzVMcU,Humours of Glen with Variations. RH.147,NA,Humours of Glen with Variations. RH.147,Misc tunes,NA,NA,NA,publicdomain,0.0,0,0,4,1,1,0,240,848,3.533333333333333,False,2.550330696743731,1.0,0.9528769841269842
QmcMgpJXJzC1sLQNBHxrSmyFpEbvveposaBcWimQGRy4Es,Humours of Glen. Roose.0558,NA,Humours of Glen. Roose.0558,Misc tunes,NA,NA,NA,publicdomain,0.0,0,0,3,1,1,0,180,1178,6.544444444444444,False,2.6423536926974247,0.99660441426146,0.9046875
QmPmxGSH2QeTcxnx6s8wrvZsRcy9XUA3F88rgtnJuxFcQc,Humours of Glendart,East of GlendartEast at Glandart,The Humours Of Glendart,Misc tunes,NA,NA,NA,publicdomain,0.0,0,0,2,1,1,0,112,627,5.598214285714286,False,2.3560754696349013,1.0,0.9779265873015872
QmXebyaVtWrtaZDoy7UbbZVPjaDHodBKYCMG3RGEP6S4xE,Humours of Glynn,NA,The Humours Of Glynn,Misc tunes,NA,NA,NA,publicdomain,0.0,0,0,7,1,1,0,68,500,7.352941176470588,False,2.617771233400584,1.0,0.8919270833333334
QmRN9JZF6kHEcUrxNzosMNhMRfzA7AhbpLijaQ2x4wADgc,Humours of Newtown,NA,The Humours of Newtown,Misc tunes,NA,NA,NA,publicdomain,0.0,0,0,1,1,1,0,6,22,3.6666666666666665,False,2.3919796433934777,1.0,0.9166666666666666
QmSG3HzadLXbJhMCAqy9zP9NnzJTDrbDMSThfw5QEJfN2z,Humours of Whiskey,NA,The Humours Of Whiskey,Misc tunes,NA,NA,NA,publicdomain,0.0,0,0,9,1,1,0,16,138,8.625,False,2.6195052622630186,1.0,0.976851851851852
QmYEsHEqLsX79inTwKjfaCDmPfqegYB5ympeGhskGinFSB,Hump Landlay. WI.037,Over The Dike Bellow. WI.037,Hump Landlay. WI.037,Misc tunes,..or Over The Dike Bellow,NA,NA,publicdomain,0.0,0,0,1,1,1,0,16,130,8.125,False,2.631153602828133,1.0,0.9453125
QmRvdBqd5Sj1qFVWHQ8aAcXnSE1GZibRWGMDcR3Gohvsoq,Hun Haydn,NA,Hun Haydn,Misc tunes,NA,NA,NA,publicdomain,0.0,0,0,5,1,1,0,36,168,4.666666666666667,False,2.6564665665192297,1.0,0.92578125
QmV8cQsU1Bq5x86jyatxk8asR59yhr7SBrfkmbyYnSVQTi,Hundred Pipers,NA,Hundred Pipers,Misc tunes,NA,NA,NA,publicdomain,0.0,0,0,1,1,1,0,18,76,4.222222222222222,False,2.51557093557178,1.0,0.8836805555555556
QmXydNnW3M7GSKzLKh6u9JgMG1HMZo8pws4ZD31UL2a8s1,Hundred Pipers A,Hair Fell Off My Coconut The,Hundred Pipers A,Misc tunes,NA,NA,NA,publicdomain,0.0,0,0,10,1,1,0,71,315,4.436619718309859,False,2.7004469353585305,1.0,0.9337962962962962
QmZ1qBZMSQgS2kxTEPFhG8vgskcJMtMCPd7umwvjjCDgP4,Hungarian Dance No 5 in F Minor,NA,21 Hungarian Dances WoO 1,Johannes Brahms,Johannes Brahms,classical,NA,cc-zero,0.0,0,6,249,2,1,0,142,1740,12.253521126760564,False,3.0065874689103755,0.8810344827586207,0.8386904761904762
Qmd129e6mmy5t3eJP8DdJFw2SqESim6nnQnyobtV9ZFvmS,Hungarian Dance No 5 pag.1,(Danza Hungara No.5),NA,NA,Brahms,NA,NA,cc-zero,0.0,0,2,336,1,1,0,16,133,8.3125,False,2.58856256735639,0.9774436090225564,0.96875
QmbFucTCUe3mSYQK7QicksWfvKQPPan7j5QNErZg6KFiL3,Hungarian Dance No. 1,G Minor,21 Hungarian Dances (Orchestra) WoO 1,Johannes Brahms,J. Brahms,classical,dance-hungariandance-hungariandance-hungariandanceno-hungarian-no,cc-zero,4.79,74,235,13757,3,1,0,187,2926,15.647058823529411,False,3.0132689744806185,0.9107997265892004,0.8653959810874705
QmfNdH4KtqmK36J8E3oQ6n38Y12apY6bmgaYUC3QDwfXgs,Hungarian Dance No. 5 in F minor,4 hands,NA,NA,J. Brahms,NA,NA,cc-zero,0.0,0,13,406,0,2,0-0,126,2134,16.936507936507937,False,2.93598662891469,0.873352165725047,0.8461021505376344
QmbqCQ1XxJemC8MFApPB2XQqiadJXayrGfUbwxp8sq72qZ,Hungarian Melody,NA,Hungarian Melody,Eric P Szanto,Zalaba Adamwith variations by Eric Szanto,NA,NA,cc-zero,0.0,0,2,66,0,1,0,143,1925,13.461538461538462,False,3.075697161862089,0.9376623376623376,0.9357394366197184
QmUJHW3soaLv9US4JxZKhrRdT8o6utZVX7uY25XrgyW3qx,Hungarian Rhapsody no. 15 Except its Written by Franz Liszt,Rákóczi March,Hungarian Rhapsody No.15 S.244/15,Franz Liszt,Franz Liszt,classical,NA,cc-zero,0.0,0,2,153,3,1,0,256,6223,24.30859375,False,3.391365830147518,0.7331614566548501,0.902024765729585
QmV5nAxibh597cWDk39ZHyBhAwLfNJwitZMH3xqB8YwvQE,Hungarian Schottische.2voices RH.514,Girl with a Blue Dress onTheaka. RH.514,Hungarian Schottische.2voices RH.514,Misc tunes,In hand 3.,NA,NA,publicdomain,0.0,0,0,4,0,2,0-0,32,270,8.4375,False,2.611934186135926,0.9777777777777776,0.9244791666666666
QmNhHU7iaARyjLaGxXMADN1rgUau6bLzdV3tgvFfvM8J83,Hungarian Waltz. Roose.0839,NA,Hungarian Waltz. Roose.0839,Misc tunes,NA,NA,NA,publicdomain,0.0,0,0,3,1,1,0,72,222,3.083333333333333,False,2.666859197798632,1.0,0.9227430555555556
QmbQVsVYtfTKmrdo4uzzAN56B6935dTFMsZMFuTinETcFb,Hungry Heart by Bruce Springsteen,Bruce Springsteen,hungry heart,Bruce Springsteen,Arranged by Ian Citulsky,rock-folk,NA,cc-zero,4.7,53,154,3082,1,1,0,94,1682,17.893617021276597,True,2.826993977630332,0.9678571428571427,0.928191489361702
QmeuZT8wKg355wxSWPTfGUt34pRJcCPcgVsCAnxwnQn9fi,Hunsdon House. WCD3/1.061,NA,Hunsdon House,Misc tunes,NA,NA,NA,publicdomain,0.0,0,0,1,1,1,0,12,48,4.0,False,2.753917702122048,1.0,0.9641203703703703
QmXAJ2qCcsy17hPzkgJsvbdVSA9jZgpZkB3HSbUHmfa9Ts,Hunt the Squirrel (1),NA,Hunt The Squirrel,Misc tunes,NA,NA,NA,publicdomain,0.0,0,0,3,1,1,0,35,204,5.828571428571428,False,2.6388932933368907,1.0,0.95497311827957
QmPi73owHxPedqhr5A4vzDihU7pyCZjKW5F3Dr4AgxMNjY,Hunt The Squirrel (G),NA,Hunt The Squirrel,Misc tunes,NA,NA,NA,publicdomain,0.0,0,0,1,1,1,0,34,127,3.735294117647059,False,2.582454542343445,1.0,0.917572463768116
QmRRZGqZYTDu5mtY7yeau584o8mtnMASANFzZGukFDaSkn,Hunt the Squirrel. (p)1709.PLFD.531,NA,Hunt The Squirrel,Misc tunes,NA,NA,NA,publicdomain,0.0,0,0,3,1,1,0,32,126,3.9375,False,2.5596489798200124,1.0,0.95703125
QmVbGrQSPUkG8pQtjPfTUarPeKQqsaCA5oaMjWAopkvsvd,Hunt the Squirrel. JJo1.195,NA,Hunt The Squirrel,Misc tunes,NA,NA,NA,publicdomain,0.0,0,0,3,1,1,0,24,93,3.875,False,2.626146393798533,1.0,0.955952380952381
QmYaoN1NnXu1e9W1763S7KkwPe1Dmf2AVQu2V7YmHzpbqh,Hunter - Trusting Schottisch,NA,Trusting Schottisch,Hunter,Hunter (1868),classical,NA,publicdomain,0.0,0,0,6,1,1,0,32,179,5.59375,False,3.021317608763608,0.88268156424581,0.9486111111111112
QmSxMN7U94aqAQww5ubrn5TxPaudDWnCpb1asV8diGtFgS,Hunters of Kentucky,Allie Croker,HUNTERS OF KENTUCKY,Misc tunes,NA,NA,NA,publicdomain,0.0,0,0,5,1,1,0,13,85,6.538461538461538,False,2.6606097999390634,1.0,0.9753787878787878
QmNhmCrfHuBBeZTSSnS2MwDXeVF6jzXbLSqgiafRBgFYqZ,Hunters of Kentucky,Allie Croker,HUNTERS OF KENTUCKY,Misc tunes,NA,NA,NA,publicdomain,0.0,0,0,2,1,1,0,12,78,6.5,False,2.56236044672976,1.0,0.9791666666666666
QmQCVHUQ716NpioUo72X6p7c7eWjiD7umeZN1BU8RLnqtf,Hunting High And Low,NA,hunting high and low,Stratovarius,NA,metal,stratovarius-huntinghighandlow-infinite,publicdomain,3.49,3,18,3422,1,1,0,36,208,5.777777777777778,False,2.4412669254501043,1.0,0.9716666666666668
Qmdx6DE1zNfDA6NFBaBrUhANQ37fwdGPKpXgSPFA5ineF9,Hunting song (c),NA,Hunting song (c),Misc tunes,Chippewa Songs 1910,NA,NA,publicdomain,0.0,0,0,4,1,1,0,10,26,2.6,False,2.35836844931105,1.0,0.9340277777777778
QmVPdHf1RkMLvWjKHXg9Ykcu2vxHkzK4ftVoMzsS6DAbzw,Hunting Song. SenH.055 A,NA,Hunting Song. SenH.055 A,Misc tunes,in Hand B (Humph. Senhouse)Gentleman's Magazine,NA,NA,publicdomain,0.0,0,0,1,1,1,0,16,83,5.1875,False,2.887851461459117,0.963855421686747,0.9229166666666666
QmQymNbr6QBrqVfsURZJqqaEWAddMCybANuuuaw2Lq16WM,Hunting Song. Ya.23 A,NA,Hunting Song. SenH.055 A,Misc tunes,NA,NA,NA,publicdomain,0.0,0,0,2,1,1,0,19,107,5.631578947368421,False,2.666689540603645,1.0,0.8701923076923077
QmdtTAvy9dobkRtiu18MGSfzqNVG9yXBPrnNSfKnfY2TFf,Hunting Squeril (sic). VWMLa.057,Hunt The Squirlaka. VWMLa.057,Hunting Squeril (sic). VWMLa.057,Misc tunes,NA,NA,NA,publicdomain,0.0,0,0,1,1,1,0,32,124,3.875,False,2.5938693167057703,1.0,0.9071180555555556
QmcpSnRrACK3cdvaYNBts22FCKoRP38mupGvLLoCYF751Y,Hunting the hare - Nankivell,NA,Hunting The Hare,Misc tunes,Taken down from Wm. Nankivell Sept 29 1890 by F.W.B.,NA,NA,publicdomain,0.0,0,0,1,1,1,0,14,70,5.0,False,2.175231123778369,1.0,0.9513888888888888
QmbxWc74VTNNQwik9fTeazQMRvRKNtqbsM165Zczy1ogky,Hunting the Hare - Parsons,NA,Hunting The Hare,Misc tunes,NA,NA,NA,publicdomain,0.0,0,0,3,1,1,0,37,148,4.0,False,2.653318682750774,0.9797297297297296,0.9375
QmXWwH1HgSH9smBcypV5WrxZQzgDm639WSnmT7uLJfvJMe,Hunting The Hare. JBs.118,NA,Hunting The Hare,Misc tunes,NA,NA,NA,publicdomain,0.0,0,0,3,1,1,0,28,134,4.785714285714286,False,2.6295135232428795,1.0,0.9710648148148148
QmatPLD6xZqZEnMJQb15sP2HFBM5auBmBwqtK7WUfuFHbK,Hunting the hare. LW.022,NA,Hunting The Hare,Misc tunes,NA,NA,NA,publicdomain,0.0,0,0,2,1,1,0,30,140,4.666666666666667,False,2.6175012370865973,1.0,0.9664351851851852
QmU8Efxd3rdbe8w7v2yxTyzcX1k2STzKB9jspAVFbV4UQZ,Hunting We Will Goo. JBut611 A,NA,A Hunting We Will Go,Misc tunes,'A Quick Step',NA,NA,publicdomain,0.0,0,0,7,1,1,0,44,178,4.045454545454546,False,2.7170904271141976,1.0,0.9274425287356322
QmduviAMzEhe53jpk7bK2n5qyC1quoSPvqWLTHiSABpvDz,HUNTINGTON (Conant) - Grace Wilbur Conant,NA,HUNTINGTON (Conant),Grace Wilbur Conant,NA,classical,NA,publicdomain,0.0,0,0,7,1,1,0,16,229,14.3125,True,3.0830021403327605,0.8995633187772926,0.9401041666666666
QmXza887jV8C1z7k63foHnKTENhiqBrvbtfWSwAFWMDQfp,HUNTINGTON (Southern Harmony),NA,HUNTINGTON (Southern Harmony),Misc Traditional,NA,folk,NA,publicdomain,0.0,0,0,4,0,6,0-0-0-0-0-0,29,565,19.48275862068965,False,2.644036120229873,1.0,0.9533045977011494
QmeFRA9gta582gTc8QLG69USh5qA1izeqpRRqqw2D4nTBF,Huntington Castle,NA,Huntington Castle,Misc tunes,NA,NA,NA,publicdomain,4.83,3,1,37,1,1,0,36,186,5.166666666666667,False,2.596026151482304,0.989247311827957,0.8289930555555556
QmRD2dwy33TLE8CkxP5WiyNvtGsiWLmzJHcZ7anZYytMEi,HUNTSMAN'S CHORUS,NA,Huntsman's Chorus,Misc Traditional,NA,folk,NA,publicdomain,0.0,0,1,10,0,3,0-0-0,99,933,9.424242424242424,False,2.507077212245342,1.0,0.9116847826086956
QmXooh8B2nd5HfyXvc1oKomRax6xjFT8iGjyBdYyjBmuGC,Huntsman's Chorus in Dr. Freyschutz. GS.088,Der Freischützaka. GS.088,Huntsman's Chorus,Misc Traditional,C.M. von Weber,folk,NA,publicdomain,0.0,0,0,12,1,1,0,104,408,3.923076923076923,False,2.368636615949205,1.0,0.8987499999999999
QmVfQXmQfCcQc8bLURDPFBrBEDHE3wto4ycQyUsakaKNAC,Huntsman's Chorus. JMT082,NA,Huntsman's Chorus,Misc Traditional,NA,folk,NA,publicdomain,0.0,0,0,2,1,1,0,45,163,3.6222222222222222,False,2.35957661313053,1.0,0.9206349206349208
Qme9zJazXVRhfbEkFstqsfeUKveqTXbA8yMde3mN6NhZcR,Huntsman's Chorus. RHu.081,NA,Huntsman's Chorus,Misc Traditional,NA,folk,NA,publicdomain,0.0,0,0,3,1,1,0,114,520,4.56140350877193,False,2.372889344369243,1.0,0.8898809523809523
QmZsP4dV6nAnFtSsAtGKgKbRyhLBYbM4kVPZCd67HBWvAb,Huntsman's Chorus3parts. JNu.13,NA,Huntsman's Chorus3parts. JNu.13,Misc tunes,NA,NA,NA,publicdomain,0.0,0,0,0,0,3,0-0-0,115,1178,10.243478260869566,False,2.5105411941950275,0.9965753424657534,0.9129464285714286
QmShDvZgge3oUzvwxXWAa7LQFZZz4oHYCSW8UticwjgK6G,Huntsman's Chorus3voices. JNu.13,NA,Huntsman's Chorus3voices. JNu.13,Misc tunes,NA,NA,NA,publicdomain,0.0,0,0,0,0,3,0-0-0,124,1256,10.129032258064516,False,2.5065802951700125,0.9967897271268058,0.9131944444444444
QmS5ixs39gpHfxbNJbiei7wFCkcVHBNnf997CJdrWMUC4b,Huntsman's ChorusLast Part Of . RHu.134,NA,Huntsman's Chorus,Misc Traditional,NA,folk,NA,publicdomain,0.0,0,0,3,1,1,0,16,78,4.875,False,2.2492950606226025,1.0,0.8988095238095238
QmXjbM57BAnDvoGNkseWtk4XMSCAbwQgiMP32wbuH32z4y,Huntsmans Chorus In Der Freyschutz. Le4.023,NA,Huntsmans Chorus In Der Freyschutz. Le4.023,Misc tunes,NA,NA,NA,publicdomain,0.0,0,0,12,1,1,0,60,236,3.933333333333333,False,2.3049220191501174,1.0,0.9203869047619048
QmPcvJtiZTpXsbUdherQZ6r8ogMCFrVmNMUXp8RFfAv8MZ,Huntsmans Chorus. GHW.026,NA,Huntsmans Chorus. GHW.026,Misc tunes,NA,NA,NA,publicdomain,0.0,0,0,2,0,2,0-0,94,674,7.170212765957447,False,2.7086552899879264,0.9871175523349436,0.907608695652174
QmZ5YeNu5kdzrWH4Y4ADDwB6WX8mTXnY3Hd2pAHe5Cn6fj,Hur skall jag till lilla v\annen komma,Hur du v\ander och hur du sv\anger dig,Hur skall jag till lilla v\annen komma,Misc tunes,NA,NA,NA,publicdomain,0.0,0,0,3,1,1,0,16,81,5.0625,False,2.593378245800214,1.0,0.9340277777777778
Qmf9cHiLhfumwsn1rCxajPKVUrs5zcTE7kNWM3oeNdL9sB,Hurdy Gurdy Waltz,NA,Hurdy Gurdy Waltz,Misc tunes,No 147 Willaim Clarke of Feltwell,NA,NA,publicdomain,0.0,0,0,29,1,1,0,81,284,3.506172839506173,False,2.46161831452152,1.0,0.8819444444444444
QmSV7hgHDRKLbaovUPCMBRsrE3j38VB3Hm4dVKFDKfE7Ct,Hurlburt - R. Menthal,NA,Hurlburt,R. Menthal,NA,classical,NA,publicdomain,0.0,0,0,1,2,1,0,24,265,11.041666666666666,True,2.7330196507467406,0.969811320754717,0.8946078431372549
Qmev73n4neAvy7ZWGsntyLyM6XqPpDsjhRCbtKVtUkioBx,Hurlothrumbo,Longways for &c.,Hurlothrumbo,Misc tunes,NA,NA,NA,publicdomain,0.0,0,0,2,1,1,0,48,120,2.5,False,2.831637342350743,0.9666666666666668,0.9340277777777778
QmcKQLUucL7Js2TWJybbAyydv4be8DyTmLYE2bDWG1hbfm,Hurra For The Bonnets of Blue. BF12.28,NA,HURRAH FOR THE BONNETS OF BLUE,Misc tunes,In T.Brownes hand,NA,NA,publicdomain,0.0,0,0,5,1,1,0,52,226,4.346153846153846,False,2.7065325560679163,0.991150442477876,0.9282407407407408
QmWwTXRakvdoxJDjJkQUu9cgUnwNZW46DktMf5ZvEk3cdu,Hurrah for the Bonnets O' Blue. CJF.089,NA,HURRAH FOR THE BONNETS OF BLUE,Misc tunes,NA,NA,NA,publicdomain,0.0,0,0,1,1,1,0,35,160,4.571428571428571,False,2.7461024652261843,0.9875,0.8949652777777778
QmegV1JAAGd37BwCxPg4D5HwYgpJRMzRvt1C5PY3vy5tQv,Hurrah! For Old Erin Forever! (song) 0303,NA,Hurrah! For Old Erin Forever!,Misc tunes,after Sg't. J. O'Neillcheerful,NA,NA,publicdomain,0.0,0,0,3,1,1,0,27,111,4.111111111111111,False,2.8283504702926154,0.972972972972973,0.8541666666666666
QmYiJ1KCQCR56bApdfeorYYdtaDJZNxj8K6pnxEAU5vpj2,Hurricane Bob,NA,Hurricane Bob,Misc tunes,NA,NA,NA,publicdomain,0.0,0,0,6,1,1,0,48,365,7.604166666666667,False,2.939502117439751,0.863013698630137,0.9678819444444444
QmawhDTX7LetQpvCdV4m14jb6yvNpJd8pby48o1P6YfhKb,Hurry Home the Harvest,NA,Harvest Home,Misc tunes,NA,NA,NA,publicdomain,0.0,0,0,3,1,1,0,24,158,6.583333333333333,False,2.5820299468803443,1.0,0.960144927536232
QmRH9QXBA5sZ168yCtxekrwFNxhPb5pKeaautunKt9y6Gn,Hurry the jug,NA,Hurry The Jug,Misc tunes,anon.,NA,NA,publicdomain,0.0,0,0,1,1,1,0,43,211,4.906976744186046,False,2.697673618922076,0.995260663507109,0.9527777777777776
QmcuPT2ruvs3CUQcVCZQWiYfqWrjjku4eFwLeBz2rtSwfS,HURRY UP AND WAIT,NA,NA,NA,STEREOPHONICS,NA,NA,cc-zero,0.0,0,2,235,0,1,0,80,547,6.8375,True,2.417922650271155,0.8665447897623401,0.9539319248826292
QmarHkw4ZqfZc18ZwQw1MbRR5sHdv2HqussPXaGaPJpArp,Hurt - As performed by Johnny Cash,NA,hurt,Johnny Cash,As played by Johnny Cash,country,piano-easy,cc-zero,4.8,273,822,21917,1,1,0,80,870,10.875,True,2.509033397080138,1.0,0.9559895833333332
QmV6NRwYvPBNLH5ULtA1rjniu7kVpbnuTGFNYiDAP3ts3X,Hurt by Trent Reznor,Written by Trent Reznor Arranged by D Gibb,hurt,Nine Inch Nails,NA,rock,hurt-trentreznor-nineinchnails-johnnycash-thedownwardspiral-piano-depressing,cc-zero,4.09,7,21,1420,1,1,1,92,1074,11.673913043478262,False,2.632778651480803,0.9663865546218487,0.9526721014492754
QmUtNujs2wJdqccKFcHJPc28Y7eptaQvZBe95FBPSMdjun,Husbandman & servingman,NA,Husbandman & servingman,Misc tunes,NA,NA,NA,publicdomain,0.0,0,0,5,0,4,0-0-0-0,26,183,7.038461538461538,True,2.7933312687287994,0.9781420765027322,0.945
Qmf4TXkgK3dr9z4NFcYMvb9iU7sWukkq4jdSFH2oqeLrBz,Hush ! Somebody's Calling My Name,Spiritual Traditionnel Harmonisation Jean-Paul FINCK,Hush ! Somebody's Calling My Name,Misc Traditional,NA,folk,NA,cc-zero,3.99,3,0,163,0,4,0-0-0-1,64,746,11.65625,True,2.5462965077895325,0.9839142091152816,0.9533730158730158
QmUYju4pGSTCrBraqUDiHJswvdgj1ntjaW5BwzNYiopEKE,Hush all ye sounds of war - Cyril E. Barker,NA,Hush all ye sounds of war,Cyril E. Barker,Cyril Barker (1903-1981),classical,NA,publicdomain,0.0,0,0,3,0,2,0-0,16,200,12.5,False,2.9782640830688867,0.949238578680203,0.9642857142857144
QmZXzFB96zkZTYeaK1m9wBL2AW3dnAx4ZAf32ahrDnFbQw,Hushed every bird that sings - Gordon E. Hooker,NA,Hushed every bird that sings,Gordon E. Hooker,NA,classical,NA,publicdomain,0.0,0,0,8,2,1,0,18,256,14.22222222222222,True,2.872964609634617,0.9568627450980391,0.9396929824561404
Qmd3dj3n34JXv6SUWnuXU8oc8BvfNxiXGJKBfCnFUYdar2,Hvad Herren äskar hvad är rätt,NA,Hvad Herren äskar hvad är rätt,Misc Traditional,NA,folk,NA,publicdomain,0.0,0,0,2,1,1,0,41,304,7.414634146341464,False,2.737126631791347,0.9488054607508531,0.9923245614035088
QmUk7zK66bSRSDsWW8RV3VqjfXKqEGqFWh8XQ5jv5Ly15g,Hvor bor du lille rotte?,NA,Hvor bor du lille rotte?,Misc tunes,anon.,NA,NA,publicdomain,0.0,0,0,13,1,1,0,19,40,2.1052631578947367,False,2.2609640474436814,1.0,0.9708333333333332
QmSiBrmH3WpyqX5QVdGpP3Ed8HyZYWGJTCkGCqJH3yfJXR,Hyfrydwch y Brenin Sior,King George's Delight [2],Hyfrydwch y Brenin Sior,Misc tunes,NA,NA,NA,publicdomain,0.0,0,0,3,1,1,0,17,90,5.294117647058823,False,2.5287947993031734,1.0,0.9402777777777778
QmaqGnnHt4xx2fn2q9DPmj7zEMnrhJEzcoXQTwzQhWbQgA,Hymn do miÅoÅci ojczyzny,NA,NA,NA,NA,NA,NA,cc-zero,0.0,0,1,81,0,1,0,18,100,5.555555555555555,False,3.076066025882636,0.88,0.9350490196078431
QmcxL4MuUAWAtngd66DGUEjGvuxYVurnNdc2ELe2UeVbYa,Hymn For Easter Day. JBut.1006,Jesus Christ Is Risen Todayaka. JBut.1006,Easter Hymn,Misc Traditional,NA,folk,NA,publicdomain,0.0,0,0,16,1,1,0,32,164,5.125,False,2.736617803201,1.0,0.9388020833333334
QmSWXVUA1dbqJGEpP8hq28nd8BcJ4aQ2ScCNxiV9E9VVE2,Hymn for the Older Black Woman in Publix Who Called Me Sugar (Grand Staff),NA,Hymn for the Older Black Woman in Publix Who Called Me Sugar (Grand Staff),lauren_garcia439,NA,NA,NA,cc-zero,0.0,0,0,12,1,1,0,12,136,11.333333333333334,False,2.658478443210398,1.0,0.9583333333333334
QmcK8WfuUjKf38Fo9kFpT8WCTsmLqNedFrDpngQbiqGQsV,Hymn of praise,NA,Hymn of Praise,Misc tunes,anon.,NA,NA,publicdomain,0.0,0,0,3,0,4,0-0-0-0,20,268,13.4,False,2.6529712931956966,1.0,0.9729166666666668
QmZMYfb6XKMXtXzbdUi3nUe3nBGbF8kwV1B7PjZcyYt9dk,Hymn to Indra - Gustav Holst,NA,Hymn to Indra,Gustav Holst,Gustav Holst (1874-1934)Op.26,classical,NA,publicdomain,0.0,0,2,52,0,3,0-0-0,48,1653,34.4375,True,3.117566479045354,0.7360501567398119,0.9516843971631206
QmZyhoJUHFRgtdkjXK1JoUkHNbP3h3L7uRPFqfaxAm4qP1,Hymn to St. Rita of Cascia - Andris Solims (harm.),(May 22 Patron of impossible cases),Hymn to St. Rita of Cascia,Andris Solims (harm.),Harm. fr. Andris Solims,classical,NA,publicdomain,0.0,0,0,59,0,2,0-0,26,408,15.692307692307692,True,2.9845980146032263,0.9484536082474226,0.9050925925925926
QmVdPcEpKjvf3xkGRVumyozyQWSGe6nYPvhX74pxtMbMi8,Hymn to the Saviour,Laoidh an t-Slanuighear,Hymn to the Saviour,Misc tunes,NA,NA,NA,publicdomain,0.0,0,0,5,1,1,0,27,186,6.888888888888889,False,2.7607127024783646,0.978494623655914,0.8706597222222222
Qmc4yTigwMTaZrgg5ktjqa1JBagKtyFTz9bN2UuWnpdDtf,Hymn tune for Christmas. JMP.098,Christmas Hymn Tune. JMP.098While Shepherds Watchedaka. JMP.098,Christmas Hymn,Misc Traditional,NA,folk,NA,publicdomain,0.0,0,0,2,1,1,0,16,64,4.0,False,2.672941738791993,0.984375,0.9010416666666666
QmPwCPXii7mwxWX3zLFpbNvu76AkXHFaUjKCFqtpqVRKQT,Hymn à la nuit (Ô Nuit) - Jean-Philippe Rameau,choeur à 4 voix mixtes,Hymn à la nuit (Ô Nuit),Jean-Philippe Rameau,Mélodie deJean-Philippe Rameau,classical,NA,publicdomain,4.7,17,12,1541,0,5,0-0-0-0-0,78,960,12.307692307692308,True,2.8455635421555034,0.981941309255079,0.9360632183908046
QmRcfqsHayxWwwCAD9Mdqe8537fvjdnBoiopuU4SPZ3JQt,Hymn. JBut.585 A,Helmsley attr. Thomas OliversakaLo He Comes with Clouds Descendingaka,Hymn. JBut.585 A,Misc tunes,NA,NA,NA,publicdomain,0.0,0,0,2,1,1,0,36,122,3.388888888888889,False,2.6057657241396144,1.0,0.9409722222222222
QmcLTbYyN1zVGG2cy6sTCm6LTPSsFUaZYkmkTvA9F9gKnx,Hymne des femmes (air des marais),NA,Air des marais,Rudy Goguel,Rudy GOGUEL,classical,airdesmarais-rudygoguel,cc-zero,0.0,0,1,102,1,1,0,14,50,3.571428571428572,True,2.378454535822124,1.0,0.967948717948718
QmR33wWnSWjpm5kT55DFgjysrgHG4QzYY4H4YoyfTmPRDv,Hymne Européen - 3 langues,NA,NA,NA,L.V. Beethoven,NA,singlish-hymneeuropen-singlish-langues-trilingual-anglais-franais-allemand-french-german-english,cc-zero,0.0,0,1,724,0,3,0-0-0,32,374,11.6875,False,2.4780518397302287,0.9891891891891892,0.9739583333333334
QmQWZsKz7seVGLXVL8Scz5LvHrdygPTXDL96o1tCa8SAVC,Hymns,NA,Hymns,Various,Various,classical,piano-solo,cc-zero,0.0,0,1,59,1,1,0,48,649,13.520833333333334,True,2.603362346626821,0.9871175523349436,0.9621212121212122
QmcHM2nLJ21JKd4HpgdxfLF5BLZZgtE6drTqgy1tcwEmmn,Hymns of sweetest praise let all his children sing - Lester Price,NA,Hymns of sweetest praise let all his children sing,Lester Price,NA,classical,NA,publicdomain,0.0,0,0,9,1,1,0,18,181,10.055555555555555,False,2.440901480322219,0.9834254143646408,0.9466145833333334
Qmdyqu4DgFoKDVXCa4tRNRBzAUhcC4SEieJMM8iCVncmfL,Hymnus Eucharisticus - Benjamin Rogers,NA,Hymnus Eucharisticus,Benjamin Rogers,Benjamin Rogers (1614-1698),classical,NA,publicdomain,0.0,0,0,72,0,4,0-0-0-0,16,149,9.3125,True,2.8002878666747875,0.9726027397260274,0.96875
QmfJCvF6NzYa62cUJ8Ee6v7vsP5VSUtNkFVhEnpkybWvcs,Hymnus omnibus Sanctis - Nicolas Merques,NA,Hymnus omnibus Sanctis,Nicolas Merques,NA,classical,NA,publicdomain,0.0,0,0,1,0,3,0-0-0,26,228,8.76923076923077,False,3.012306211567957,0.9295154185022028,0.9647435897435898
QmYo3tiWme4VAVirwgWmjgCq7ttPr6Xgv64H4EsGj4tdeS,Hyp Doctor. TWC.003,NA,Hyp Doctor. TWC.003,Misc tunes,'Irish',NA,NA,publicdomain,0.0,0,0,9,1,1,0,16,128,8.0,False,2.5557786729594105,1.0,0.957175925925926
QmUF29MkGVEtuy9EUPXYZKC7S123bircT6W2zJkhhW8e9C,Hypnotize,NA,hypnotize,System of a Down,System of a Down,metal,systemofadown-hypnotize-soad,cc-zero,0.0,0,4,139,2,1,0,136,2158,15.867647058823527,False,2.692252670452264,0.8809082483781279,0.9644607843137256
QmYoAe6xixu75gsFaxTkvRwUFm5KvYDzWUbdxn9eQyLWG4,Hádanky,NA,Hádanky,Veronika Kissova,NA,NA,NA,cc-zero,0.0,0,0,4,0,1,0,32,105,3.28125,False,2.798573865664589,0.9809523809523808,0.9622395833333334
QmVcNm26hfwxRiqouhx4UmMg8oxHgW4q6LieZVaDpP2jPH,HáNG NHAN,NA,HáNG NHAN,Jack Johnson,NA,rock-folk,NA,cc-zero,4.9,8,10,1298,0,1,0,24,186,7.75,False,2.430694119381603,1.0,0.9618055555555556
QmWp6tmPXomm4C6mdocLY5DGejLSk8WP94LxsrP1PiErJ5,Hãy hót chú chi nhá hay hót,(Trích),Hãy hót chú chi nhá hay hót,Nguyán TÆáng 2,Ba Lan,NA,NA,cc-zero,0.0,0,0,121,0,1,0,8,32,4.0,False,2.4344701116163225,0.90625,0.9027777777777778
QmfQwZoorv5YaGxrrEMyuUErNbvZkM4iJfAsLjXpiiYRtg,Händel (13556) - George Frideric Handel,NA,Händel (13556),Georg Friedrich Händel,NA,classical,NA,publicdomain,0.0,0,0,16,1,1,0,9,118,13.11111111111111,True,2.7681766924973754,0.9745762711864406,0.95
QmQat7zCtKGMMANcq87cb6ogpmenfZpghtaXNjLnCdq73s,Hänschen Klein,NA,NA,NA,Deutsches Kinderlied / German children's song,NA,germany-deutschland-kind-child-traditional-publicdomain,publicdomain,4.59,14,41,960,1,1,0,16,49,3.0625,True,2.210708370103868,1.0,0.9778645833333334
QmTfSpSTCwXy7E16qsyMAdByXb4XsnqyMx6JjX8HjPJWTQ,Hänsel und Gretel,NA,hänsel und gretel,Misc Children,NA,soundtrack,hnsel-hansel-gretel-kinderlied,cc-zero,4.31,13,38,1772,1,1,0,16,62,3.875,True,2.2164287569342527,1.0,0.9694444444444444
QmVUgoiTv4GYR3p2eeGbX5yqcaquRVhFzPQFPqsvbtBzJm,Hänselein,NA,NA,NA,NA,NA,dosvoces-flauta-popularalemana,cc-zero,0.0,0,0,101,0,1,0,24,138,5.75,False,2.520678000195203,1.0,0.9765625
Qmat9kSrYma3t9UFoHziqfMN3kyPS4KMHqFW1LYdZHtLxW,Härjedalsschottis,NA,Härjedalsschottis,Misc tunes,NA,NA,NA,publicdomain,0.0,0,0,28,0,2,0-0,32,332,10.375,False,2.5943254128698734,1.0,0.96875
QmUZq8ZiZotidLwY8bJpxqhc6XN9Cqs42VJ7CPcmQZCM6T,Hétre ma várom a Nemzetinél,NA,NA,NA,Lajtai Lajos,NA,NA,cc-zero,0.0,0,4,206,0,1,0,64,152,2.375,True,2.905132230024526,0.9473684210526316,0.9029761904761904
QmNx8iCzwpgMFiQWjinf2utwUsGmnGcm3D9tHQGYefn1gp,Hòa táºu,NA,Hòa táºu,Fire Storm,Soáºn nhac: Tránh VÄnh Phúc,NA,NA,cc-zero,0.0,0,0,99,0,1,0,70,255,3.642857142857143,True,2.777685129782605,1.0,0.9015804597701148
QmdPdcevASXPGm9U3pr9YKitXNvj5RkoBUAjtiPGCQP41V,Hört es ihr Lieben und lernet ein Wort - Ernst Gebhardt,NA,Hört es ihr Lieben und lernet ein Wort - Ernst Gebhardt,Ernst Gebhardt,NA,classical,NA,publicdomain,0.0,0,0,9,0,2,1-1,16,247,15.4375,False,2.584382853408119,1.0,0.9166666666666666
QmSH5QSqdmBJRmnTLaU4tGZZiHAXjyRjTvCKv7zbQhaBay,Hüseynî Arana?me (Düyek),NA,Hüseynî Arana?me (Düyek),Misc tunes,?,NA,NA,publicdomain,0.0,0,0,2,1,1,0,16,145,9.0625,True,2.9117075136790262,0.9448275862068966,0.859375
QmevPZed23ii9pgKtpPtJ5EjTnCdG31cbp5NVVM5GQees9,Hüzzam Arana?me (Düyek),NA,Hüzzam Arana?me (Düyek),Misc tunes,?,NA,NA,publicdomain,0.0,0,0,6,1,1,0,16,112,7.0,True,2.7160076501553068,1.0,0.8893229166666666
Qmc4dbfffpfjKUwKWUhheaiKZ885VKEdUStsksWKYyq6NF,i - vi - iv,NA,i - vi - iv,nom123456,NA,NA,NA,cc-zero,0.0,0,0,6,1,1,0,17,175,10.294117647058824,False,2.938678603775446,0.9428571428571428,0.8651960784313726
QmUCB2ijw5xrsTLZTQSKyzfh8Gem8xAsZLMeyjwoFBByoT,I 1,NA,I 1,tacos43,NA,NA,NA,cc-zero,0.0,0,0,3,1,1,0,43,230,5.348837209302325,False,2.605322187326424,0.9434782608695652,0.9675925925925926
QmPJDyJtMHVst1BVYrNg8BBnxNHxp8TpR7p8r4j3Rjf8r3,I A O,Arranged by Michael Chen,I A O,Alphaville,Alphaville,NA,NA,cc-zero,0.0,0,0,41,0,4,0-0-0-0,15,130,8.666666666666666,True,2.418171534738337,1.0,0.9027777777777778
QmZJKgGLSgt4DnXZPWsSpSUUK1r7k4mp75UkiRmDFPL54u,I acknowledge my transgressions (Prior) - Chas. Edw. Prior,NA,I acknowledge my transgressions (Prior),Chas. Edw. Prior,NA,classical,NA,publicdomain,0.0,0,0,3,1,1,0,16,241,15.0625,True,2.7986745419521286,0.9626556016597512,0.9458333333333332
QmaCvYRdRV6FZcLUYzs24jCZN8whcXrxy2fG7f1UfREGMy,I Ain't Gonna Give Nobody None of My Jelly Roll,NA,NA,NA,Clarence Williams & Spencer Williams - 1919,NA,copyrightfreeoldjazz-creolejazz,cc-zero,0.0,0,4,902,0,1,0,85,384,4.517647058823529,True,2.8247362301784458,0.921875,0.9387400793650794
QmUmxmT4sLV29BdMsDdf9ifjMNpMgo1EWcXFo1L4UNxzcb,I Ain't Got Nobody,NA,Just A Gigolo/ I Ain't Got Nobody,Louis Prima,NA,pop-jazz,copyrightfreeoldjazz-fakebook,cc-zero,3.99,4,6,1239,0,1,0,48,133,2.770833333333333,True,2.602111482643071,0.9172932330827068,0.9472517730496454
QmcsgMN5TF7An14VrXcXHcS4wwrM4Z2QafssusWtVCQ5xu,I always have at hand a friend - C. Harold Lowden,NA,I always have at hand a friend,C. Harold Lowden,NA,classical,NA,publicdomain,0.0,0,0,3,2,1,0,18,255,14.166666666666666,False,2.990845696114698,0.9529411764705882,0.9661458333333334
QmYKyAriUzBfdN1kzc51afnfAx1utGdnrMsrCQeVxuG3UA,I am a bold defender,NA,I am a bold defender,Misc tunes,NA,NA,NA,publicdomain,0.0,0,0,2,1,1,0,17,64,3.764705882352941,False,2.433516806283189,1.0,0.8784722222222222
QmVWpEXnHwB1f4KcCyHKqEJQqzXUDcuk6kUHKVrn2H3W6d,I am a Christian pilgrim Hoffman - Elisha A. Hoffman,NA,I am a Christian pilgrim Hoffman,Elisha A. Hoffman,NA,classical,NA,publicdomain,0.0,0,0,8,2,1,0,28,360,12.857142857142858,False,2.453983140931033,1.0,0.9039351851851852
Qmcy7ty3RLiM3vbE1tW7VxgCya5DUFuHsti4H2aG2eDLcX,I am a Fisherman on Lough Carra,NA,I am a Fisherman on Lough Carra,Misc tunes,NA,NA,NA,publicdomain,0.0,0,0,2,1,1,0,21,80,3.809523809523809,False,2.682039865784028,0.975,0.9537037037037036
QmYAnRXNgckRohHGpz2GYqU6LcMNtF1kRqx65zby746L3p,I AM A FOWLER. (Magic Flute.),NA,I AM A FOWLER. (Magic Flute.),Misc tunes,NA,NA,NA,publicdomain,0.0,0,0,1,1,1,0,27,133,4.925925925925926,False,2.4905763540092933,1.0,0.8836805555555556
QmTCPc1ga7SCtsz394BXP9ATiQ3qUWeEstzP7qDr5XpSXn,I am a man of honour,The Virginia Lover,I am a man of honour,Misc tunes,NA,NA,NA,publicdomain,0.0,0,0,4,1,1,0,17,57,3.3529411764705883,True,2.472383434837817,1.0,0.9635416666666666
QmUW2Gv6NhBZQYAjz6wXHmdUi4LnUmCYBZbKc6WohNoBsS,I am a New Creation,NA,NA,NA,Dave Bilborough,NA,NA,cc-zero,0.0,0,0,351,1,1,0,32,128,4.0,False,2.405047053678566,1.0,0.918010752688172
Qmc72EY4PrAdCp87FucFbvN9G9Lns942C65iFqkSRU2wUr,I am a poor maiden my fortune proved bad,NA,I am a poor maiden my fortune proved bad,Misc tunes,NA,NA,NA,publicdomain,0.0,0,0,7,1,1,0,17,57,3.3529411764705883,False,2.6779374892211054,1.0,0.9513888888888888
QmZpuSBdy2BQVai5PMAsqCM2sLcEh3y7NTpbP7r2zbsaUY,I Am a Poor Wayfaring Stranger,NA,Wayfaring Stranger (I am a Poor),Misc Traditional,NA,folk,NA,publicdomain,0.0,0,0,30,1,1,0,13,51,3.923076923076923,False,2.127526573146746,1.0,0.9074074074074074
QmbGDpL8mc2WhcLXwTKPjdEoinaPDcw32chWmXJHp5kYcZ,I am a real Republican,NA,I am a real Republican,Misc tunes,NA,NA,NA,publicdomain,0.0,0,0,2,1,1,0,17,62,3.647058823529412,False,2.593586378746448,1.0,0.8923611111111112
Qmcba92Hg5qFTHn82inCasj5m9yrCRggYxbkT2F9nMCsUU,I Am A Rover,NA,I Am A Rover,Misc tunes,NA,NA,NA,publicdomain,0.0,0,0,1,1,1,0,9,36,4.0,False,2.4562976550058964,1.0,0.9131944444444444
QmeEWc6BjhLkqYVweyLefgetUpGMza26d8rNBqxBbFy3yK,I am a soldier enlisted for the King - Newton Bundy,NA,I am a soldier enlisted for the King - Newton Bundy,Newton Bundy,NA,classical,NA,publicdomain,0.0,0,0,6,2,1,0,18,315,17.5,False,2.649696780377776,0.9746031746031746,0.9557291666666666
QmXZEkApEZ139yAX4U73PCnCnsh4YJ5ZCAgUKd6ES6vH4s,I am a temperance advocate - Chas. H. Gabriel,NA,I am a temperance advocate,Chas. H. Gabriel,NA,classical,NA,publicdomain,0.0,0,0,3,1,1,0,19,268,14.105263157894736,False,2.810487621792477,0.9738805970149254,0.9350490196078431
QmRarQv8t1kPpszDBuCLY2a4zEdG1SRuYXbBpM9R1P2Nfh,I am a young little boy,Is Buachaillín Beag Óg Me,I am a young little boy,Misc tunes,NA,NA,NA,publicdomain,0.0,0,0,1,1,1,0,28,140,5.0,False,2.4407300953467264,1.0,0.9496527777777778
QmRNHW3Q9R5jsoS6HE1PJtQMghsNvFtoswimQ5mKcnK3zD,I am a Young Man that Lived with My Mother,NA,I AM A YOUNG MAN,Misc Traditional,NA,folk,NA,publicdomain,0.0,0,0,4,1,1,0,36,164,4.555555555555555,False,2.434298616984577,1.0,0.9375
QmSdJhCi2ruvKUhR4a7w6LNjvj7Dnry2Ma5vWnGmK7zPCB,I am a young sailor,NA,I am a young sailor,Misc tunes,NA,NA,NA,publicdomain,0.0,0,0,2,1,1,0,6,19,3.1666666666666665,True,2.5445313041488338,1.0,0.9583333333333334
QmfHYGduevh4pKE6jGCrgLWHmU5Z1PfBw5PwpEpL5sAtKe,I am bought not with riches - Frank M. Davis,NA,I am bought not with riches,Frank M. Davis,NA,classical,NA,publicdomain,0.0,0,0,5,0,2,0-0,25,291,11.64,False,2.4942032195611104,0.9896907216494846,0.9537037037037036
QmeWVooJPhy6r4oyCmgcEjw3cFD9VGcRU7xWGCWHqhQGiH,I am called,NA,I am called,Misc tunes,Chippewa Songs 1910,NA,NA,publicdomain,0.0,0,0,5,1,1,0,17,54,3.176470588235294,False,2.1317103639459107,1.0,0.8819444444444444
QmTzwtaxYDZMXwscNdmvt3zux1poQf4BJ2jtvUHtCrLpz4,I am cleansed within that wondrous fountain - I. N. McHose,NA,I am cleansed within that wondrous fountain,I. N. McHose,NA,classical,NA,publicdomain,0.0,0,0,5,2,1,0,20,343,17.15,False,2.5254982710935256,0.9825072886297376,0.9049479166666666
QmfHhiU4VD3DPKv9YptY83aEEnbfgUaZVfosjSYpEDYsm5,I am clinging to the Rock - J. R. Howey,NA,I am clinging to the Rock,J. R. Howey,NA,classical,NA,publicdomain,0.0,0,0,6,1,1,0,18,371,20.61111111111111,False,2.376413279212098,1.0,0.95703125
QmQhugEAyNNUGaoKrnhcggdNXw78S7NbYE4vQ6zRKJBhhr,I am close to the Friend who has banished my shame - C. W. Riley,NA,I am close to the Friend who has banished my shame,C. W. Riley,NA,classical,NA,publicdomain,0.0,0,0,3,1,1,0,18,362,20.11111111111111,False,2.717913294869,0.9613259668508288,0.9583333333333334
QmQDGPcvtFCdAi6gLiLc2ec9rVYppHXXT5fX8s1nykYXUw,I am come into my garden - William Billings,NA,I am come into my garden,William Billings,NA,classical,NA,publicdomain,0.0,0,0,7,0,5,0-0-0-0-0,153,1340,8.758169934640524,True,2.817259062049518,0.9748858447488584,0.9518939393939394
QmURNwL6FV5MtSQuqyXTAJMt7P7P8gNNDvCj7vESULyUzu,I am coming Lord and kneeling - Rev. E. A. Hoffman,NA,I am coming Lord and kneeling,Rev. E. A. Hoffman,NA,classical,NA,publicdomain,0.0,0,0,8,1,1,0,20,199,9.95,False,2.497368177542288,0.9949748743718592,0.9444444444444444
QmdHcQu8H64KFsfnzmBUhSUs7zPeuabeaXFpGA9ZjNbycV,I am coming Lord to Thee with a trembling heart - W. O. Ogden,NA,I am coming Lord to Thee with a trembling heart,W. O. Ogden,NA,classical,NA,publicdomain,0.0,0,0,6,2,1,0,18,466,25.88888888888889,False,2.4834518841020863,1.0,0.8137254901960784
QmPLvMXHV7h5o4tZDh6V4fQ8dyjg8qttZQoT7M9XWFa4mx,I am coming to the cross (Miles) - C. Austin Miles,NA,I am coming to the cross (Miles),C. Austin Miles,NA,classical,NA,publicdomain,0.0,0,0,2,1,1,0,16,227,14.1875,True,2.654104414359869,0.9823788546255506,0.9597222222222224
QmbR7Wt5TfGr4uv8mqURb8TgkgiisjSeF1LS2wCq4FdtCN,I am coming to the cross Lord Jesus - B. D. Ackley,NA,I am coming to the cross Lord Jesus,B. D. Ackley,NA,classical,NA,publicdomain,0.0,0,0,12,1,1,0,18,313,17.38888888888889,False,2.766004838780302,0.9680511182108626,0.9049479166666666
QmYzWH9mcpWJ1gu2hFSF1qKGHSM9E84HE2PdKpuyZebFtR,I am coming to the Savior - Asa Hull,NA,I am coming to the Savior - Asa Hull,Asa Hull,NA,classical,NA,publicdomain,0.0,0,0,3,1,1,0,18,180,10.0,False,2.4280507308099306,1.0,0.9444444444444444
QmUB4p4AqTRtdMdnJiCrKdB12ngnGgW3zvSmEMDWsJKoZw,I am coming unto Jesus - Chas. H. Gabriel,NA,I am coming unto Jesus,Chas. H. Gabriel,NA,classical,NA,publicdomain,0.0,0,0,5,2,1,0,17,325,19.11764705882353,False,2.4164478802882203,0.9969230769230768,0.9205729166666666
QmfFbr42wG5tYZXtofF55QRMhwgGBUvaz8Htc8dDffqJsD,I am drawing nearer Jesus - J. W. Lerman,NA,I am drawing nearer Jesus - J. W. Lerman,J. W. Lerman,NA,classical,NA,publicdomain,0.0,0,0,4,2,1,0,18,470,26.11111111111111,False,2.82573045745861,0.9680851063829788,0.9583333333333334
QmNjtU9Nxcho7LYYqHK6mHVUUuaE7pwuAtaHvUCmfjS4Rr,I am drifting down the stream of time - C. E. Leslie,NA,I am drifting down the stream of time,C. E. Leslie,NA,classical,NA,publicdomain,0.0,0,0,2,1,1,0,19,324,17.05263157894737,False,2.4581007919025937,1.0,0.9215686274509804
QmPrKAXUJtr5vGjF4e5eL9D6Ljr4B1LGBnzKTieL8TABXE,I am drinking at the fullness of the fountain - Albert Simpson Reitz,NA,I am drinking at the fullness of the fountain,Albert Simpson Reitz,NA,classical,NA,publicdomain,0.0,0,0,5,2,1,0,17,343,20.176470588235293,True,2.669968130636536,0.967930029154519,0.9296875
QmV3SjN7CiKu8joQJbpFmE9FdjXHN44qCAGrgXsx96hWSX,I am dwelling in the comfort - Wm. J. Kirkpatrick,NA,I am dwelling in the comfort,William J. Kirkpatrick,NA,classical,NA,publicdomain,0.0,0,0,2,2,1,0,22,441,20.045454545454547,False,2.432506793641102,1.0,0.931372549019608
QmPWyaAEpGiynK6y2HPggqHbu7UAMKWVNQoaxHWgSr1oUJ,I am free from condemnation (Hall) - J. Lincoln Hall,NA,I am free from condemnation (Hall),J. Lincoln Hall,NA,classical,NA,publicdomain,0.0,0,0,6,1,1,0,17,270,15.882352941176473,True,2.388141199271184,1.0,0.9569444444444444
Qmc1Es8xdB69pWzmedE2Gmb5eUvZ2e59cyV2boPRRTZVta,I am free of condemnation since my Lord has made me whole - George W. McMillan,NA,I am free of condemnation since my Lord has made me whole,George W. McMillan,NA,classical,NA,publicdomain,0.0,0,0,4,0,2,0-0,17,392,23.058823529411764,True,2.34800328062703,0.9846938775510204,0.9622395833333334
QmVjt9iEwHALZuv9B1BJFL1LPRXedBgWge4KehdJjTNDbC,I am fully saved today - Clarence E. Hunter,NA,I am fully saved today - Clarence E. Hunter,Clarence E. Hunter,NA,classical,NA,publicdomain,0.0,0,0,4,0,2,0-0,17,348,20.47058823529412,True,2.3422410109274194,1.0,0.9518229166666666
QmViq1mw692tWpxyWSeKFZNBHAJHi38Ad64SUxVZZAC8t6,I am glad I found the Savior for He makes my heart rejoice - Wm. J. Kirkpatrick,NA,I am glad I found the Savior for He makes my heart rejoice,William J. Kirkpatrick,NA,classical,NA,publicdomain,0.0,0,0,2,2,1,0,18,437,24.27777777777778,False,2.5866000309929307,0.9954233409610984,0.96484375
QmdB8YXnrEbaUMimGrUV4ma7XdKvaC5k6uPVatq1GzWYJb,I am glad I've been set free - Frank M. Davis,NA,I am glad I've been set free,Frank M. Davis,NA,classical,NA,publicdomain,0.0,0,0,3,1,1,0,18,364,20.22222222222222,False,2.3850007048827835,0.9917582417582418,0.9674479166666666
QmU6MzPeUhv19Pb6Gm9VQsNa2dncxJwPGkSbX9mj6fk6oV,I am going back to Jesus - Lester Price,NA,I am going back to Jesus - Lester Price,Lester Price,NA,classical,NA,publicdomain,0.0,0,0,4,1,1,0,20,231,11.55,False,2.6100263035944025,0.987012987012987,0.9309895833333334
QmaqSPppkcCG3MpB7vZW4RR2X69V4QTvYE1EWavQ5g48t7,I am going home in the good old way - D. B. Towner,NA,I am going home in the good old way,D. B. Towner,NA,classical,NA,publicdomain,0.0,0,0,2,2,1,0,18,339,18.83333333333333,False,2.3355390100199345,1.0,0.9387254901960784
QmWy5ikbacTxNY1zqusfypLSeViGxVFSxBUY5cRLjZBCLQ,I am going to my home beyond the shadows - Chas. H. Gabriel,NA,I am going to my home beyond the shadows,Chas. H. Gabriel,NA,classical,NA,publicdomain,0.0,0,0,13,1,1,0,18,356,19.77777777777778,False,2.595011187185186,0.99438202247191,0.9205729166666666
QmUAvkyeYhvmNvJsbEwv4QM97ZPTb3AFo1xPFNWDcmKs2J,I am happy all the way and the paths so bright - Dr. L. O. Emerson,NA,I am happy all the way and the paths so bright,Dr. L. O. Emerson,NA,classical,NA,publicdomain,0.0,0,0,5,1,1,0,18,292,16.22222222222222,False,2.543677756298575,0.9931506849315068,0.9361979166666666
QmPyr8iHcJKwk4CuYWd7RAaVbYqqz9zAdbVVnUEE8BuuoH,I am happy every day - Chas. H. Gabriel,NA,I am happy every day,Chas. H. Gabriel,NA,classical,NA,publicdomain,0.0,0,0,2,2,1,0,17,340,20.0,False,2.494041797339265,1.0,0.91796875
QmZpC35LJybTcWeQoZUhWbu3Dc8gy8frVvyMmTnqGUArWF,I am happy in my soul today - N. R. Drummond,NA,I am happy in my soul today,N. R. Drummond,NA,classical,NA,publicdomain,0.0,0,0,2,1,1,0,9,157,17.444444444444443,False,2.529406164074312,1.0,0.9140625
QmerhbxPHH5t2jNZSsNrtqkThWtzDSvnRxFpRXMnUZurMw,I am happy in the Lord hallelujah - Jno. R. Sweney,NA,I am happy in the Lord hallelujah,John R. Sweney,NA,classical,NA,publicdomain,0.0,0,0,5,1,1,0,18,378,21.0,False,2.5590030444629552,0.9947089947089948,0.9309895833333334
QmPRzQYwB1zFDLUWb2WqecHB1d8meXSmY2hc3ZgeEEAqL5,I am happy O so happy (Forsythe) - Chas. H. Forsythe,NA,I am happy O so happy (Forsythe),Chas. H. Forsythe,NA,classical,NA,publicdomain,0.0,0,0,4,2,1,0,20,328,16.4,False,2.544186764383564,0.9878048780487804,0.9283854166666666
QmP4HDMjH2p1nYpp2eVicforC3m3Q1SMYr7MBEyM1s7YMB,I am held by God's right hand - J. P. Scholfield,NA,I am held by God's right hand,J. P. Scholfield,NA,classical,NA,publicdomain,0.0,0,0,3,2,1,0,24,305,12.708333333333334,True,2.755113214977199,0.9836065573770492,0.9600694444444444
QmdR9F2GmrSVaw33LGbmDvG217o2uE9SABMQtvLwQahFH3,I am holding on to Christ - J. J. Jelley,NA,I am holding on to Christ,J. J. Jelley,NA,classical,NA,publicdomain,0.0,0,0,4,1,1,0,16,198,12.375,True,2.6034805681479414,0.98989898989899,0.8958333333333334
QmdAi2Q19ErH6XoTpqV9NKyWtubs8gnJNixAR53Zb8nhn1,I am included! I am included - Robert Harkness,NA,I am included! I am included,Robert Harkness,NA,classical,NA,publicdomain,0.0,0,0,6,1,1,0,8,184,23.0,True,2.6840513626788325,0.9891304347826086,0.9192708333333334
QmdnJ3vWmhUy2xpccePM4DeBVSHv2goxo9yCqcSiJf3rKr,I am Jesus' little lamb (Kurzenknabe) - John E. Kurzenknabe,NA,I am Jesus' little lamb (Kurzenknabe),John E. Kurzenknabe,NA,classical,NA,publicdomain,0.0,0,0,10,1,1,0,16,214,13.375,True,2.6803984888198915,0.9813084112149532,0.9713541666666666
QmbdwsDDFdj1kuSNZrrqMtL1zVSgw2sxWXadwnFVh8tgWJ,I am Jesus' little lamb (Ogden) - W. A. Ogden,NA,I am Jesus' little lamb (Ogden),W. A. Ogden,NA,classical,NA,publicdomain,0.0,0,0,11,1,1,0,16,198,12.375,True,2.386410549450078,1.0,0.9661458333333334
QmeGnRAJ1YUzVH3TEAXxAWFt7At69DT6DyZWPVsFKRNcZw,I am leaning on the arm of God - Jno. R. Sweney,NA,I am leaning on the arm of God,John R. Sweney,NA,classical,NA,publicdomain,0.0,0,0,3,1,1,0,18,229,12.72222222222222,False,2.598278491050818,0.9868995633187772,0.953125
QmYinGA4B7TGaoC5ve1jCwKi1HTzoVNuH8DfKkazaWVXsh,I am leaning on the arm of the Saviour - Rev. J. H. Weber,NA,I am leaning on the arm of the Saviour,Rev. J. H. Weber,NA,classical,NA,publicdomain,0.0,0,0,8,1,1,0,17,272,16.0,False,2.5446255749395474,1.0,0.9401041666666666
QmcYQzWA8miXDcMBE3GrNAPkDRf32kyjbibvvXP9foiNZW,I am living in peace and contentment of soul - B. D. Ackley,NA,I am living in peace and contentment of soul,B. D. Ackley,NA,classical,NA,publicdomain,0.0,0,0,4,2,1,0,19,330,17.36842105263158,False,2.775501462273608,0.9696969696969696,0.9027777777777778
QmYp22ZQ62P47qatbbTywNTGEnJ7dMy8T3oHK4QBZQgTLU,I am living in the sunshine Of my Savior's perfect love - Thomas O. Crouse,NA,I am living in the sunshine Of my Savior's perfect love,Thomas O. Crouse,NA,classical,NA,publicdomain,0.0,0,0,7,2,1,0,21,416,19.80952380952381,False,2.881892916541145,0.9543269230769232,0.9240196078431372
Qmf18yAP2vgjNfGuhkp3fQAkpPJciV5ZvTzXQV9CwKnomV,I am living under grace - Haldor Lillenas,NA,I am living under grace,Haldor Lillenas,NA,classical,NA,publicdomain,0.0,0,0,2,2,1,0,19,325,17.105263157894736,False,2.775583591124956,0.963076923076923,0.9661458333333334
QmZNS43qBgc3SJ9hhcWZH9Sid4wSLPDHrrWwmsqMczb9zp,I am looking up to Jesus simply trusting in his name - Benjamin F. Butts,NA,I am looking up to Jesus simply trusting in his name,Benjamin F. Butts,NA,classical,NA,publicdomain,0.0,0,0,4,1,1,0,19,407,21.42105263157895,False,2.8074369763354023,0.9656019656019657,0.9466145833333334
QmbiNj43aoHcAi8oa1eJn77seLpagJoDGdRHovVM7pwodt,I am nearer drawing nearer - R. E. McNeill,NA,I am nearer drawing nearer,R. E. McNeill,NA,classical,NA,publicdomain,0.0,0,0,4,1,1,0,18,200,11.11111111111111,False,2.7135239440486667,0.97,0.8784722222222222
QmShHUH4r2npLghCBebCmP7EJcYEmoXvraFDiAf6vsvKiq,I am not worthy of the love - J. Howard Entwisle,NA,I am not worthy of the love,J. Howard Entwisle,NA,classical,NA,publicdomain,0.0,0,0,5,2,1,0,19,226,11.894736842105264,False,2.6762006326297576,0.986725663716814,0.9453125
QmUeP7iNN8pg6g7GFvPExt4WSoCWc4LJyha61opLjANQPf,I am now on the way to my homeland - Benjamin F. Butts,NA,I am now on the way to my homeland,Benjamin F. Butts,NA,classical,NA,publicdomain,0.0,0,0,2,1,1,0,18,315,17.5,False,2.7404878842743656,0.9777777777777776,0.9309895833333334
QmVeXUZ9MJ9Dos8MwrNh4g6E9yHrzhm3uLLh1LXvPvnzcW,I am often tossed and driven - J. M. Henson,NA,I am often tossed and driven,J. M. Henson,NA,classical,NA,publicdomain,0.0,0,0,2,2,1,0,27,566,20.96296296296296,False,2.544998263782479,0.9858657243816256,0.871031746031746
QmdDdKrpUwigu1piue7W9yMvQqD92wJtAsCR1xgL69vgnt,I am on my pilgrim journey - W. G. Tomer,NA,I am on my pilgrim journey,W. G. Tomer,NA,classical,NA,publicdomain,0.0,0,0,4,1,1,0,20,240,12.0,False,2.306949339573241,1.0,0.8958333333333334
QmZCkgRkmTZ6jXoz7T5zMLWFtn9768J6VuAapYH8GVK32W,I am on my way to heaven (Fearis) - J. S. Fearis,NA,I am on my way to heaven (Fearis),J. S. Fearis,NA,classical,NA,publicdomain,0.0,0,0,7,1,1,0,17,227,13.352941176470589,True,2.37962728702264,1.0,0.9166666666666666
QmQqDX82ftvD7Wn841XNSa22vURXhDhT4BY9Mvuq4TXxT9,I am on the gospel highway of the ransomed and the blest - Haldor Lillenas,NA,I am on the gospel highway of the ransomed and the blest,Haldor Lillenas,NA,classical,NA,publicdomain,0.0,0,0,3,1,1,0,20,374,18.7,False,2.373559784253706,0.9919786096256684,0.9440104166666666
QmawawNfGJg5AU89FNp1JZ26CmWS6yf8zxLLf859uWXr1t,I am on the Kings highway going to the Land of Day - Chas. H. Gabriel,NA,I am on the Kings highway going to the Land of Day,Chas. H. Gabriel,NA,classical,NA,publicdomain,0.0,0,0,6,2,1,0,39,396,10.153846153846152,False,2.5448468973908573,0.9949494949494948,0.9440104166666666
QmTKRBgU58hRGVuccVFteoeARB3G8UoicnByQc6DiSmnLm,I am on the Lord's side - Geo. S. Schuler,NA,I am on the Lord's side,Geo. S. Schuler,NA,classical,NA,publicdomain,0.0,0,0,5,2,1,0,16,342,21.375,True,2.68895742970194,0.9853801169590644,0.9791666666666666
QmbiWYEd5uQ3CCt1cN3LnExr9pqhcNiSpZ6knwc5LesUE8,I am passing down the valley that they say is so lone - J. J. Jelley,NA,I am passing down the valley that they say is so lone,J. J. Jelley,NA,classical,NA,publicdomain,0.0,0,0,8,1,1,0,27,327,12.11111111111111,False,2.789412481494689,0.9724770642201837,0.9421296296296297
QmXvGsmJ9rWDP6ftTbcMhYYNbRDsALQbLJQ5hmCndUDDXB,I am persuaded that He is able to keep - D. L. Hutton,NA,I am persuaded that He is able to keep,D. L. Hutton,NA,classical,NA,publicdomain,0.0,0,0,5,2,1,0,16,197,12.3125,True,3.262308266500099,0.8527918781725888,0.9027777777777778
QmUKDAVjYHRQvso2aUTqSHXucjgf5Qkewj6u7Bdxb5MDVz,I am pressing on to the prize that hangs in view - Chas. H. Gabriel,NA,I am pressing on to the prize that hangs in view,Chas. H. Gabriel,NA,classical,NA,publicdomain,0.0,0,0,2,1,1,0,19,363,19.105263157894736,False,2.4269015727694208,0.9972451790633609,0.9661458333333334
QmatD1CBSJQ21rnvQc55rcUp5AanieBpJQwH29ZEb3TPTk,I am ransomed by the blood my Redeemer shed for me - Wm. J. Kirkpatrick,NA,I am ransomed by the blood my Redeemer shed for me,William J. Kirkpatrick,NA,classical,NA,publicdomain,0.0,0,0,4,2,1,0,17,383,22.529411764705884,False,2.530366799363276,0.9895561357702348,0.9505208333333334
QmYSBTroJHxaJCashmwmQ2Z3Kk8DKrDqqP5ScPuDsMb26J,I am rejoicing for Jesus is mine - Haldor Lillenas,NA,I am rejoicing for Jesus is mine,Haldor Lillenas,NA,classical,NA,publicdomain,0.0,0,0,4,1,1,0,16,309,19.3125,True,2.796580611482128,0.9546925566343042,0.9201388888888888
QmeVvVxAGm8L7RUJMD5nczVXnvBTkx6tAguhgfYunLVS6u,I am resting now at Jesus cross - J. Lincoln Hall,NA,I am resting now at Jesus cross,J. Lincoln Hall,NA,classical,NA,publicdomain,0.0,0,0,4,2,1,0,19,327,17.210526315789473,False,2.653271838576051,0.9847094801223242,0.9401041666666666
QmXx3FB3vKED8n9ST4KhvvSzgE37QU6wCiaUAsads4uvZU,I am resting sweetly resting - Philip A. Hall,NA,I am resting sweetly resting,Philip A. Hall,NA,classical,NA,publicdomain,0.0,0,0,8,1,1,0,20,236,11.8,False,2.6297242621277017,0.9915254237288136,0.9131944444444444
QmUjxrduEwvBV9gi5dnyTf2gQBGT5UhVU5UjkUgybhfZG9,I am resting sweetly resting O my Savior - John R. Sweney,NA,I am resting sweetly resting O my Savior,John R. Sweney,NA,classical,NA,publicdomain,0.0,0,0,5,2,1,0,18,366,20.33333333333333,False,2.531877338799914,1.0,0.9142156862745098
QmdsU4Bhxf5jYZawRRb62Tpyrd1X96F8aPn2VM9pFM24Hx,I am safe whatever may betide me - E. S. Lorenz,NA,I am safe whatever may betide me,E. S. Lorenz,NA,classical,NA,publicdomain,0.0,0,0,7,1,1,0,18,281,15.61111111111111,False,2.74861754625612,0.9750889679715302,0.9466145833333334
QmPBJrXdAegDpKovdSZtxpg6LgVrYfXFgpRfgvcyYo9oMW,I am satisfied to know - J. M. Good,NA,I am satisfied to know,J. M. Good,NA,classical,NA,publicdomain,0.0,0,0,2,1,1,0,20,280,14.0,False,2.45020578035056,0.9928571428571428,0.921875
QmZhLRxqaHFRM1BScdpykDpdjaHAREHdNENDrBYXqwopMt,I am satisfied with Jesus (Harkness) - Robert Harkness,NA,I am satisfied with Jesus (Harkness),Robert Harkness,NA,classical,NA,publicdomain,0.0,0,0,4,1,1,0,16,181,11.3125,True,3.029673063233219,0.9281767955801103,0.9356060606060606
QmQUvU3pZs13NMbMhdZipWMELj2ZJ9Gc5ZwzcHJFdLiosb,I am satisfied with Jesus every day - D. B. Towner,NA,I am satisfied with Jesus every day,D. B. Towner,NA,classical,NA,publicdomain,0.0,0,0,4,2,1,0,18,359,19.944444444444443,False,2.668026595968044,0.9860724233983288,0.9191176470588236
QmXi8WLTYGe5ryYRYwNRtZSFUYZHM5RxRtRvd1JQcwy84t,I am saved through faith in Jesus' name - J. H. Meredith,NA,I am saved through faith in Jesus' name,J. H. Meredith,NA,classical,NA,publicdomain,0.0,0,0,5,1,1,0,24,268,11.166666666666666,False,2.325490802726136,1.0,0.9479166666666666
QmVLHrybHCr2CErTyuD8zvmDHuSerMcaN5yC8L7S9BTuJ5,I am saved! the Lord hath saved me - Jno. R. Sweney,NA,I am saved! the Lord hath saved me,John R. Sweney,NA,classical,NA,publicdomain,0.0,0,0,4,1,1,0,16,229,14.3125,True,2.5142065152203434,1.0,0.9661458333333334
QmWQh2bmQRzZW72kpJKkTpxCjvJuv76BHxyyMbPfEnuwza,I am Setsuna - Piano Collection (Original and Adapted Arrangements),I am Setsuna Ikenie to Yuki no Setsuna,i am setsuna - beyond the snow,Misc Computer Games,Composed by Tomoki Miyoshi,soundtrack,piano-iamsetsuna-ikenietoyukinosetsuna-beginningoftheend-loss-voyage-thescentofthesea-thewinterbreeze-tenderglow-pathofredemption-apoignantreminder-asenseofsafety-wavesofhope-thewarmthoflife-hiddenintentions-walkingthewalk-winterjourneystale-winterdreams,cc-zero,4.88,30,107,5111,3,1,0,444,4387,9.88063063063063,False,3.5582141024749703,0.6450747412801839,0.9412434895833334
QmciWcfuEPPXcDfeZRNLy4CTwHQt7DtsjfXbJc2M6ViWnh,I am sheltered in thee - Frank M. Davis,NA,I am sheltered in thee,Frank M. Davis,NA,classical,NA,publicdomain,0.0,0,0,3,1,1,0,24,236,9.833333333333334,False,2.374347860943513,1.0,0.954656862745098
QmXDqQeDKmrZ47CYHDTwtHbmBNF4YAY783k9uAeh8jJQBx,I am singing all the day - Jno. R. Sweney,NA,I am singing all the day,John R. Sweney,NA,classical,NA,publicdomain,0.0,0,0,5,2,1,0,17,404,23.764705882352946,False,2.5771949031490125,0.9876237623762376,0.953125
QmTiswLns11xBAwvgkU6PDCuzWkUTN2CRvLtSW2Dp86LfH,I am singing and I'm shouting all along the pilgrim way - L. L. Pickett,NA,I am singing and I'm shouting all along the pilgrim way,L. L. Pickett,NA,classical,NA,publicdomain,0.0,0,0,2,1,1,0,17,323,19.0,False,2.6891355711256377,0.9845201238390092,0.9153645833333334
QmWbgebRzFDKsxGeyMtuVWRDceraSeeXj5LvdUyizDwduK,I am sitting at the portal - John M. Evans,NA,I am sitting at the portal,John M. Evans,NA,classical,NA,publicdomain,0.0,0,0,6,1,1,0,10,196,19.6,False,2.636093814433491,1.0,0.8703703703703703
QmcD5tWCTQHyJFVxQjJ4QiGfAcvAkFu6ykt7EWsiQ5UxFs,I am so glad that Jesus came - B. D. Ackley,NA,I am so glad that Jesus came - B. D. Ackley,B. D. Ackley,NA,classical,NA,publicdomain,0.0,0,0,4,1,1,0,20,269,13.45,False,2.768530271459172,0.9591078066914498,0.9270833333333334
QmWYL1yBJeJmQbJBQvc6mThu4npuQW6PJt7VeBdP5ewLNn,I am so glad that Jesus loves me (Chorus) - P. P. Bliss,NA,I am so glad that Jesus loves me (Chorus),P. P. Bliss,NA,classical,NA,publicdomain,0.0,0,0,31,1,1,0,8,122,15.25,True,2.5507051750138605,1.0,0.9131944444444444
QmeNRqcCR4eLKoU3uFBzgL3hgdPv2wM28ihqTBGQUp3pLz,I am somewhat old fashioned I know - B. D. Ackley,NA,I am somewhat old fashioned I know,B. D. Ackley,NA,classical,NA,publicdomain,0.0,0,0,9,2,1,0,27,514,19.03703703703704,False,2.6919267124503827,0.9794661190965092,0.8310185185185185
QmU8fmJ7pifXjQaRF5XcBQQ57LnBFKzGeKCd4hqVDPbyYz,I am standing at the portal and in silence watch and wait - Will H. Ruebush,NA,I am standing at the portal and in silence watch and wait,Will H. Ruebush,NA,classical,NA,publicdomain,0.0,0,0,10,2,1,0,24,378,15.75,True,2.650964323544441,0.9708222811671088,0.9131944444444444
QmS5d3h9QUxo9uNqP61KJsEzF4oiWoTBRpM7RBy6UhRZKP,I am standing now on the promises of God - Mrs. C. H. Morris,NA,I am standing now on the promises of God,Mrs. C. H. Morris,NA,classical,NA,publicdomain,0.0,0,0,54,2,1,0,18,334,18.55555555555556,False,2.621987460398821,0.9820359281437124,0.93359375
QmdRzjeSHgqkUksohPed3giHaWzs9Y2Hj7dkmskhuRCvGo,I am standing till daylight,NA,I am standing till daylight,Misc tunes,Chippewa Songs 1910,NA,NA,publicdomain,0.0,0,0,8,1,1,0,23,65,2.8260869565217392,False,2.3982026081305694,1.0,0.9118589743589745
QmQoi1sYKkhKfJ3peUTr2Ad4da3bEwRHgNu9FH8zcPgEZA,I Am the Doctor (slow),NA,i am the doctor,Murray Gold,NA,soundtrack,doctorwho,publicdomain,4.46,10,599,18595,2,1,0,140,2370,16.928571428571427,False,3.070639553044805,0.8886075949367088,0.9230928689883914
QmfHgJasU53ouvM7JCCBNAxSnWmArpDP5CochxeNnVwygw,I am the Lord that healeth thee - Benjamin A. Baur,NA,I am the Lord that healeth thee,Benjamin A. Baur,NA,classical,NA,publicdomain,0.0,0,0,85,2,1,0,9,167,18.55555555555556,False,2.903769164608053,0.9216867469879518,0.925925925925926
QmTfnhJ2i2JDwi5HTXy4gxapUr2FR96tQQHZWEAE5n9P2y,I am the Lord's! O Joy beyond expression - H. G. Warren,NA,I am the Lord's! O Joy beyond expression,H. G. Warren,NA,classical,NA,publicdomain,0.0,0,0,27,1,1,0,16,161,10.0625,True,2.825664330946581,0.9813664596273292,0.9700520833333334
QmVc1NCJsduE9QFDWPhrWeE1XZNo3SzgaMLSb7uQyFr74g,I am the Lords and He is mine - Nellie E. Fawcett,NA,I am the Lords and He is mine,Nellie E. Fawcett,NA,classical,NA,publicdomain,0.0,0,0,5,1,1,0,18,265,14.72222222222222,False,2.356331939036573,1.0,0.9309895833333334
QmTmgWVXR6L2EThzvcS4Kgts977FoRh47Beb1AyJuJwYw3,I Am the Man for Bewitching Them,I'm the Boy for Bewitching Them,I Am the Man for Bewitching Them,Misc tunes,NA,NA,NA,publicdomain,0.0,0,0,9,1,1,0,48,400,8.333333333333334,False,2.6221596863441343,1.0,0.9675925925925926
QmWyY8TaDodBD53jKLoEkumZsE9ZXoySKMUmgwE1AtCsLv,I am the Rose of Sharon - William Billings,NA,I am the Rose of Sharon,William Billings,NA,classical,NA,publicdomain,0.0,0,1,47,0,4,0-0-0-0,185,1453,7.854054054054054,True,2.6660525992477644,0.996530187369882,0.927529761904762
QmdUzBmPCrBJ87JGKHo8EsaCQhnSvcmDe91ngrBRJuaP1h,I am the Way and the Truth and the Life - Howard Clare,NA,I am the Way and the Truth and the Life - Howard Clare,Howard Clare,NA,classical,NA,publicdomain,0.0,0,0,8,1,1,0,19,231,12.157894736842104,False,2.498198499823997,1.0,0.9557291666666666
QmYLhQ2Ea7aSd8UaAW2Kv3RF9Vv2LYWvAa6H8nL7Fv9XrQ,I am the Way the Savior said (Ackley) - B. D. Ackley,NA,I am the Way the Savior said (Ackley),B. D. Ackley,NA,classical,NA,publicdomain,0.0,0,0,4,1,1,0,26,338,13.0,False,2.6562382822487662,0.9644970414201184,0.9201388888888888
QmbNVY4wZ3e6k36RtMxWuAykSPZxjmmPKfei5p2TSighPx,I am Thine O blessed Savior - Rev. Robert Radcliffe,NA,I am Thine O blessed Savior,Rev. Robert Radcliffe,NA,classical,NA,publicdomain,0.0,0,0,5,2,1,0,20,264,13.2,False,2.6296527161459275,0.9962121212121212,0.8993055555555556
QmP9EqVmzatbGydH32G36FL5wwchgLN95PsybCzBhPGhSX,I am thinking of the rapture in our blessed home on high - W. H. Dutton,NA,I am thinking of the rapture in our blessed home on high,W. H. Dutton,NA,classical,NA,publicdomain,0.0,0,0,11,2,1,0,22,408,18.545454545454547,False,2.614181393826849,0.9852941176470588,0.9296875
QmVAm98EREUGwc6aHBA8iXuhHfVf7DihZYqbZB5be56rwk,I am thinking today of the scenes of my youth - W. S. Nickle,NA,I am thinking today of the scenes of my youth,W. S. Nickle,NA,classical,NA,publicdomain,0.0,0,0,1,0,2,0-1,29,572,19.724137931034484,False,2.771852385091727,0.972027972027972,0.8016666666666666
QmeZhVnQ12WuwjcS6asYBE7CRCr6scSNRJUEQ8A8r8akgh,I am traveling in the pathway which our fathers trod - R. E. Winsett,NA,I am traveling in the pathway which our fathers trod,R. E. Winsett,NA,classical,NA,publicdomain,0.0,0,0,4,2,1,0,19,347,18.26315789473684,False,2.463964356275611,0.9884726224783862,0.9107142857142856
QmSGaxg6hF8UdpwkmqRk3M736GxyxdaGt4m5ThN1DPFBtJ,I am traveling toward the land of day - Haldor Lillenas,NA,I am traveling toward the land of day,Haldor Lillenas,NA,classical,NA,publicdomain,0.0,0,0,3,2,1,0,16,333,20.8125,True,2.919602532110388,0.9429429429429428,0.9375
QmRXy1enMG895tTFRDfrisdaXySkc4i2VhTThCjB5GdQf7,I am trusting day by day in His word - Robert M. Moon,NA,I am trusting day by day in His word,Robert M. Moon,NA,classical,NA,publicdomain,0.0,0,0,5,2,1,0,18,339,18.83333333333333,False,2.554682079051564,0.991150442477876,0.9375
QmUMPXDJKBE8ZDzWx5pfEwg5gbVj236Kt3haTyzAncTCjy,I am trusting Him who died for me - W. H. Doane,NA,I am trusting Him who died for me,W. H. Doane,NA,classical,NA,publicdomain,0.0,0,0,2,1,1,0,16,290,18.125,True,2.5567042374322275,0.9896551724137932,0.9505208333333334
QmdgU22hkJDYHBvkNUNdcCR8qq4ZWHuaTRidwHnBNTthsT,I am trusting in my Savior (Burnett) - W. E. Burnett,NA,I am trusting in my Savior (Burnett) - W. E. Burnett,W. E. Burnett,NA,classical,NA,publicdomain,0.0,0,0,4,2,1,0,40,571,14.275,False,2.659478146186036,0.9859894921190894,0.8958333333333334
QmQJK26cU8FUvi8XnJsWdQHEsi9sFvdLZa76sWhH1QKJK8,I am trusting in the goodness of my Lord and King - Rev. N. A. McAulay,NA,I am trusting in the goodness of my Lord and King,Rev. N. A. McAulay,NA,classical,NA,publicdomain,0.0,0,0,6,2,1,0,19,351,18.473684210526315,False,2.8775134223921883,0.9344729344729344,0.9411764705882352
QmdiQcj1mT1qHEfcBJKzdDatfd23U8QxRWjxB4CNV22SuR,I am trusting in the promise (Geistweit) - W. H. Geistweit,NA,I am trusting in the promise (Geistweit),W. H. Geistweit,NA,classical,NA,publicdomain,0.0,0,0,5,1,1,0,20,232,11.6,False,2.4344961568587644,1.0,0.9388020833333334
QmTx3n4JifHR3a5YfzZcWJmkHvJiovxi61iqtd6hxKSVjb,I am trusting in the promise (Stebbins) - Geo. C. Stebbins,NA,I am trusting in the promise (Stebbins),Geo. C. Stebbins,NA,classical,NA,publicdomain,0.0,0,0,7,1,1,0,19,252,13.263157894736842,False,2.5676378793103494,1.0,0.9404761904761904
QmXe5buPGzKzQpAJxHczCAPftE4uPEVtXiSSWDAUvVuc2B,I am trusting Jesus only - Flora H. Cassel,NA,I am trusting Jesus only,Flora H. Cassel,NA,classical,NA,publicdomain,0.0,0,0,16,2,1,0,30,448,14.933333333333334,False,2.406196209153136,0.9910714285714286,0.8773148148148148
QmV2cQesRxKEqoD4Pyu9KCw7fNLb6H5GAhBErdaseMzDuV,I am trusting Thee Lord Jesus (Lowry) - Robert Lowry,NA,I am trusting Thee Lord Jesus (Lowry),Robert Lowry,NA,classical,NA,publicdomain,0.0,0,0,11,1,1,0,17,198,11.647058823529411,False,2.805966535061536,0.9797979797979798,0.9518229166666666
QmbuvBc7wT9aEujDe5D7my9ZvZUfgioD69i7hTafbnwi33,I am trusting Thee Lord Jesus (Willard) - Rev. H. R. Willard D. D.,NA,I am trusting Thee Lord Jesus (Willard),Rev. H. R. Willard D. D.,NA,classical,NA,publicdomain,0.0,0,0,16,1,1,0,19,190,10.0,False,2.6728708697518297,0.9789473684210528,0.9596354166666666
QmccNiiL5LfG3n1xTu2vaPim2VjRHDFJbDToMcufb3DSrV,I am under the blood of Jesus - B. D. Ackley,NA,I am under the blood of Jesus,B. D. Ackley,NA,classical,NA,publicdomain,0.0,0,0,5,1,1,0,17,245,14.411764705882351,True,2.538394765802773,0.9918367346938776,0.9666666666666668
QmVVR34byWe8d75V16Apdb92LbKw4Y8Audn5YkdLF7YtNe,I am waiting for the coming of the Bridegroom in the air - A. B. Simpson,NA,I am waiting for the coming of the Bridegroom in the air,A. B. Simpson,NA,classical,NA,publicdomain,0.0,0,0,6,2,1,0,18,411,22.83333333333333,False,2.4341041148031923,0.9951338199513382,0.92578125
QmUUTvaUX1UXdixpzFuT9SFqH5Nhtya1SL67Gx4UiWqvvf,I am waiting only waiting - C. D. Amstutz,NA,I am waiting only waiting,C. D. Amstutz,NA,classical,NA,publicdomain,0.0,0,0,3,1,1,0,20,247,12.35,False,2.6603652591349007,0.9959514170040484,0.8663194444444444
QmQG4uUDXepvpBHrq9B73yeLMAkG744GCiTVLYDTaA7KLi,I am walking and talking with Jesus my King - Haldor Lillenas,NA,I am walking and talking with Jesus my King,Haldor Lillenas,NA,classical,NA,publicdomain,0.0,0,0,22,1,1,0,19,363,19.105263157894736,False,2.522245009582772,0.977961432506887,0.9288194444444444
QmPKuaZEpeA8eevjBKyLX8x4DKw8vzEXm9TkxbTDF6emQo,I am walking every day with Jesus - B. D. Ackley,NA,I am walking every day with Jesus,B. D. Ackley,NA,classical,NA,publicdomain,0.0,0,0,3,2,1,0,18,296,16.444444444444443,False,2.70191331866404,0.956081081081081,0.9231770833333334
QmUTrqnJkAgfEEWVN82AoYk7KmJE78uETymxYLsfBA8qz3,I am walking now beside the Savior - D. M. Shanks,NA,I am walking now beside the Savior - D. M. Shanks,D. M. Shanks,NA,classical,NA,publicdomain,0.0,0,0,5,1,1,0,30,432,14.4,False,2.632884099574225,0.960648148148148,0.9123263888888888
QmXqqjAoUaJK4TRNi8YcNtkHFsdrWqTSMwrZFH73MHcYGV,I am walking today in the sweet Beulah land - H. L. Gilmour,NA,I am walking today in the sweet Beulah land,H. L. Gilmour,NA,classical,NA,publicdomain,0.0,0,0,58,1,1,0,17,314,18.47058823529412,False,2.352778847743535,1.0,0.9338235294117648
QmTu3C28awCvmSionoepJpNSywb8nzT8irCCPksepHSmiy,I am walking with the Lord and believing in his word - Chas. Edw. Prior,NA,I am walking with the Lord and believing in his word,Chas. Edw. Prior,NA,classical,NA,publicdomain,0.0,0,0,3,1,1,0,20,340,17.0,False,2.5112669006507726,0.9911764705882352,0.93359375
QmSPW5c4biyvA1dgA67aNXVAjF5LuG6Zbojfgk89kSUTpg,I am weak O Lord and I never can depend - E. S. Lorenz,NA,I am weak O Lord and I never can depend,E. S. Lorenz,NA,classical,NA,publicdomain,0.0,0,0,9,1,1,0,18,323,17.944444444444443,False,2.5654119657007257,0.9938080495356038,0.94140625
QmW14B8PKnXbLWs2js9RAiG9P3CrYN3eTLPponjQdk8xjg,I am with thee every hour O ransomed one,NA,I am with thee every hour O ransomed one,Misc Traditional,NA,folk,NA,publicdomain,0.0,0,0,3,1,1,0,19,364,19.157894736842103,False,2.5747704975622465,1.0,0.90234375
QmWxq1eGVagYPgYa4mRdNaHihH1X1QauKDfCUuS426H4tY,I am wondrously saved hallelujah to God - W. Stillman Martin,NA,I am wondrously saved hallelujah to God,W. Stillman Martin,NA,classical,NA,publicdomain,0.0,0,0,4,1,1,0,35,334,9.542857142857144,False,2.724076904779264,0.9760479041916168,0.9296875
QmYKm3VLh7xcmnDp1XoASJjkmnBSB3ev9JvyUY8HjVLCgX,I ask not why some days are fair - E. S. Lorenz,NA,I ask not why some days are fair,E. S. Lorenz,NA,classical,NA,publicdomain,0.0,0,0,2,2,1,0,18,301,16.72222222222222,False,2.560641263089043,1.0,0.9713541666666666
QmS2gGY9DKrDYbCpM3vnhYLjrsaS3n6xJXBRJFHxoBf7Qe,I became a Christian - H. Millard,NA,I became a Christian,H. Millard,NA,classical,NA,publicdomain,0.0,0,0,6,1,1,0,17,182,10.705882352941176,True,2.60260268298467,0.9945054945054944,0.9513888888888888
QmRyFJNjd3JLEExAEWAR7eH4RwuddZphAJUBk58NxCW6fH,I begl'occhi - Philippe de Monte,NA,I begl'occhi,Philippe de Monte,NA,classical,NA,publicdomain,0.0,0,0,2,0,6,0-0-0-0-0-0,62,1393,22.467741935483872,False,2.963598693905113,0.9383921863260706,0.9749663978494624
QmUUJaJud6ctjJw3dD7oHd19mpxwWKbnLngcaxrKgykQwm,I believe in Jesus and His word - Robert Lowry,NA,I believe in Jesus and His word,Robert Lowry,NA,classical,NA,publicdomain,0.0,0,0,6,2,1,0,17,287,16.88235294117647,False,2.594129541821545,0.9894736842105264,0.93359375
QmcxVc4UEQQBVQLifSqNmjGAJmU5KYyg4rRBMTmjRrnVaT,I believe that in the ages past - Lydia Shivers Leech,NA,I believe that in the ages past - Lydia Shivers Leech,Lydia Shivers Leech,NA,classical,NA,publicdomain,0.0,0,0,2,1,1,0,20,229,11.45,False,2.494496194712476,0.9868995633187772,0.9388020833333334
QmfZd8j8ntfWToG8yoGXFNxUw5Ayd6Mg3qZw41ygvtcZu5,I believe the Bible blessed book divine - Haldor Lillenas,NA,I believe the Bible blessed book divine,Haldor Lillenas,NA,classical,NA,publicdomain,0.0,0,0,13,2,1,0,16,355,22.1875,True,2.745989545458648,0.9408450704225352,0.9296875
QmTMbCukYLihKjAbif1XRNEnUQpuMkMX2MygLWxBTswrSp,I believe the blessed Savior came down from heaven for me - D. B. Towner,NA,I believe the blessed Savior came down from heaven for me,D. B. Towner,NA,classical,NA,publicdomain,0.0,0,0,4,2,1,0,18,456,25.33333333333333,False,2.449383401963906,0.9890350877192984,0.9166666666666666
QmNzDY1WqE8JXUgpJP37kWqxahB1VZ2A7pVUNKSxk9eUMC,I belong to the guards the guards of the King - Wm. Edie Marks,NA,I belong to the guards the guards of the King,Wm. Edie Marks,NA,classical,NA,publicdomain,0.0,0,0,2,1,1,0,18,283,15.72222222222222,False,2.534123529784428,0.9964664310954064,0.94140625
QmY7svtGmnXERy57QqQRa4vw4yo7XfYvxJK56piYkruZzE,I bought a pack of hounds,NA,I bought a pack of hounds,Misc tunes,NA,NA,NA,publicdomain,0.0,0,0,3,1,1,0,13,51,3.923076923076923,True,2.609340625269253,1.0,0.9192708333333334
QmWSxq2DVtnkkDpboscg1vjpACU2c2qz82NLEcoJtoPwDn,I Bridled My Nag,NA,I Bridled My Nag,Misc tunes,NA,NA,NA,publicdomain,0.0,0,0,3,1,1,0,13,63,4.846153846153846,False,2.614354228519055,1.0,0.9212962962962964
QmZbXuNDBSHGFb7cBBQu7VqchGRUaqjXnbiMgf5uoUAN36,I bring thee all - Evangeline C. Booth,NA,I bring thee all,Evangeline C. Booth,Evangeline Cory Booth,classical,NA,publicdomain,0.0,0,0,10,0,2,0-0,30,293,9.766666666666667,True,3.1489322333974563,0.906896551724138,0.9734195402298852
QmccMjbKvHSE2Sdce724syrVxL9wEyM6e7JkKa89SeYAHD,I bring to Thee O Master - James McGranahan,NA,I bring to Thee O Master,James McGranahan,NA,classical,NA,publicdomain,0.0,0,0,4,1,1,0,10,103,10.3,False,2.6857359153460783,0.970873786407767,0.9427083333333334
QmZvfyanzR9sfTR8CzpzDmTjwdUofE2EJLyj11uAqzQreV,I bring you tidings of great joy - Rev. L. Hartsough,NA,I bring you tidings of great joy,Rev. L. Hartsough,NA,classical,NA,publicdomain,0.0,0,0,11,1,1,0,25,381,15.24,False,2.5087844188145554,1.0,0.9364583333333334
QmRGBUhDE3PtAqj6BXfGJnvLsKKhn29jdNZsUP7Pb235HP,I Buried My Wife & Danced on her Grave,NA,I Buried My Wife & Danced on her Grave,Misc tunes,NA,NA,NA,publicdomain,0.0,0,1,6,1,1,0,40,204,5.1,False,2.698434040141983,0.9803921568627452,0.9520833333333332
QmW2pAxcKH9PSA11B9SnuKuQFpT9b9xRKbbx6UWro9auwW,I Buried My Wife And Danced On Her Grave,I Buried My WifeI Buried My Wife And Danced On Top Of HerI Buried My Wife And Danced On Top Of Her Grave,I Buried My Wife And Danced On Her Grave,Misc tunes,NA,NA,NA,publicdomain,0.0,0,0,2,1,1,0,71,384,5.408450704225352,False,2.6938332283567186,0.984375,0.9658018867924528
QmZAUPwg5quEmzXhV9spknqW4AjdPEqHRPwrFWu7CwcgwC,I Buried My Wife And Danced On Her Grave,NA,I Buried My Wife And Danced On Her Grave,Misc tunes,NA,NA,NA,publicdomain,0.0,0,0,10,1,1,0,32,176,5.5,False,2.692390699435586,0.9659090909090908,0.9583333333333334
QmZi4dQdhgCQK96SUnKs4qLLmKyprB3w67mMPdk1rTpgE2,I Buried My Wife and Danced on Her Grave / Fraher's,NA,I Buried My Wife And Danced On Her Grave,Misc tunes,NA,NA,NA,publicdomain,0.0,0,0,2,1,1,0,88,463,5.261363636363637,False,2.6251839863270514,1.0,0.9535984848484848
QmYz4ZQCfntt63B532VgPC2Cn3Du3PHfHBKAKXYkcwMJKX,I buried my wife and danced on top of her,NA,I Buried My Wife and Danced on Top of Her,Misc tunes,NA,NA,NA,publicdomain,0.0,0,0,5,1,1,0,45,221,4.911111111111111,False,2.651078828962326,0.9728506787330315,0.9389367816091954
QmYxyxnmPgzzZUuaEwtj47g9CDtzny1e1meLXubKeUQHZW,I came a wand'rer and alone - Ira D. Sankey,NA,I came a wand'rer and alone,Ira D. Sankey,Ira D. Sankey,classical,NA,publicdomain,0.0,0,0,5,1,1,0,17,228,13.411764705882351,False,2.4000500437571524,1.0,0.9427083333333334
QmYgwmBMhJPdvVBzx3bAvSYMJYSUisMJHgW1Vot6xNgCFh,I came to Jesus long ago all laden down with sin - E. L. Bowyer,NA,I came to Jesus long ago all laden down with sin,E. L. Bowyer,NA,classical,NA,publicdomain,0.0,0,0,3,1,1,0,34,475,13.970588235294118,False,2.5803003149739063,0.983157894736842,0.8993055555555556
QmaFJmNcmiREQp2pxW3SxBXgRvDQKiYURhyZDZaa7gbVCe,I came to the Savior sad and undone - John Abnett,NA,I came to the Savior sad and undone,John Abnett,NA,classical,NA,publicdomain,0.0,0,0,4,1,1,0,32,337,10.53125,True,2.7057983360806808,0.9640718562874252,0.9184782608695652
Qmduts1gjLHZwxpm2mwrijhKJGPVdnHuZAMT8XqW5QSd8v,I came to the Saviour all covered with sin - Mrs. C. H. Morris,NA,I came to the Saviour all covered with sin,Mrs. C. H. Morris,NA,classical,NA,publicdomain,0.0,0,0,5,2,1,0,31,366,11.806451612903226,True,2.5961438528200214,0.967032967032967,0.901268115942029
QmSbbzwRyWgELAWq3dgbGTyG5TCFRWR7zsWhwhS81nHr8k,I can face all trials here - C. Austin Miles,NA,I can face all trials here,C. Austin Miles,NA,classical,NA,publicdomain,0.0,0,0,3,2,1,0,25,495,19.8,True,2.8266512183653925,0.943866943866944,0.8885869565217391
QmbjuUC5FmQ8nPBZvrERRat3apKDGEPC6uueCo7STDzuhy,I CAN HEAR THE BELLS,NA,Hairspray - i can hear the bells,Misc Soundtrack,Music by Marc ShaimanLyrics by Marc Shaiman and Scott Wittman,soundtrack,NA,cc-zero,0.0,0,3,82,0,3,0-0-0,29,159,5.482758620689655,True,3.3989565093578067,0.6458333333333334,0.9330357142857144
QmWg39RwgX2WUDAdYyA7AEQgLstWz3Xt6poHSL9jZHJ2YK,I can let it alone - Woodrich,NA,I can let it alone - Woodrich,Misc tunes,NA,NA,NA,publicdomain,0.0,0,0,4,0,2,0-0,13,43,3.3076923076923075,True,2.7857577810664247,0.9534883720930232,0.8776041666666666
QmU4pTQzZF9RbWTRiRVBWRDG6ccfaD2ZfewDgptChAr1pU,I can never forget the day when the Lord did me baptize - Mrs. C. H. Morris,NA,I can never forget the day when the Lord did me baptize,Mrs. C. H. Morris,NA,classical,NA,publicdomain,0.0,0,0,4,2,1,0,18,376,20.88888888888889,False,2.456461187849812,0.9973404255319148,0.93359375
QmdyoGDtsa4sJbfodCbnfykMWyzLkQWLAGEPtbcwZb37EU,I can sing now the song - R. Kelso Carter,NA,I can sing now the song - R. Kelso Carter,R. Kelso Carter,NA,classical,NA,publicdomain,0.0,0,0,4,1,1,0,18,332,18.444444444444443,False,2.4846569822932647,0.9909638554216867,0.9557291666666666
Qmc5QKHyc771utAw1yH2whTXzyTNpdD2eTh1yndHqVLhQt,I Can Tell The World,SPIRITUAL Arrangement Jean-Paul FINCK,I Can Tell The World,Misc Traditional,NA,folk,NA,cc-zero,0.0,0,0,32,0,4,0-0-0-0,68,1102,16.205882352941178,True,2.845974493817271,0.9559386973180076,0.9387437810945274
QmQQEPtbpbwENLhoNagsEme9z9L2ocL76BwVCXUtmn2tKf,I can't find the name.,NA,NA,NA,NA,NA,classical-piano,cc-zero,0.0,0,0,125,1,1,0,32,65,2.03125,False,2.57923368364129,1.0,0.9375
QmTzQT1UpLdAWpD9ns4qnoRUkCnhR13ucSErfjgnVRRaAZ,I Can't Let 'Em Suffer,NA,NA,NA,Henry Creamer & Turner Layton - 1918,NA,copyrightfreeoldjazz-creolejazz,cc-zero,0.0,0,1,55,0,1,0,80,325,4.0625,True,2.7095818059562133,0.9107692307692308,0.9287974683544304
QmQe2FDzsWaQhLLooFCNTPkv56rj6FMi2jXUbUmbMxPYFK,I Can't Make You Love Me-piano,NA,i cant make you love me,Bonnie Raitt,NA,rock-pop-country,NA,cc-zero,4.66,109,336,7542,1,1,0,74,1105,14.932432432432432,False,2.689941031401452,0.9963800904977376,0.9147534013605442
QmYqmXE4mpHRTWV1y99rGLg4n1QMDKbp1uoqnkRS94auHc,I cannot do great things for Him - J. M. Dungan,NA,I cannot do great things for Him - J. M. Dungan,J. M. Dungan,NA,classical,NA,publicdomain,0.0,0,0,2,1,1,0,20,240,12.0,False,2.820742516230009,0.975,0.9045138888888888
QmXsaekeZ8uPU6bQdS5Qjq7fBVN3fcqtTg59Up4Rc6BdVc,I Cannot Get Time to Play with My Honey,NA,I Cannot Get Time to Play with My Honey,Misc tunes,NA,NA,NA,publicdomain,0.0,0,0,5,1,1,0,30,136,4.533333333333333,False,2.418725486228808,1.0,0.9710648148148148
QmRXmi9mGNS4kuxuTj1H6qaE4Kz4KYwbUz13NeD4aw823J,I Cannot Ken my own house. SenH.051,NA,I Cannot Ken my own house. SenH.051,Misc tunes,Ed. Stanleyin Hand B (Humph. Senhouse),NA,NA,publicdomain,0.0,0,0,2,1,1,0,25,104,4.16,False,2.6618534177553945,1.0,0.9756944444444444
QmZgHknuLXi4FckttdKY79JH2nu59BvB8PW5K7vCFoFEFm,I cannot longer silent be - Wm. Edie Marks,NA,I cannot longer silent be,Wm. Edie Marks,NA,classical,NA,publicdomain,0.0,0,0,6,2,1,0,20,321,16.05,False,2.645001062707167,0.9813084112149532,0.9036458333333334
QmeJg4zmcDefApDLFBci4xB3Fmh11YJgLNSZB1wdySRWh6,I cannot see beyond the moment - D. B. Towner,NA,I cannot see beyond the moment,D. B. Towner,NA,classical,NA,publicdomain,0.0,0,0,7,2,1,0,18,287,15.944444444444445,False,2.7011182322845686,0.9721254355400696,0.9348958333333334
QmSgb2c5vjvE8uuMUvJf8dn2uZ7ssNKjMwLzTZAV87R3DQ,I cannot see with my small human sight (Mountain) - James Mountain,NA,I cannot see with my small human sight (Mountain),James Mountain,NA,classical,NA,publicdomain,0.0,0,0,3,1,1,0,17,163,9.588235294117649,False,2.8374173319813565,0.9631901840490796,0.921875
QmTtaQCZ38WMyAqRrrcZd8ACMMu8wDDk8wLagmv12jMcUt,I cannot seek too early in the morning - Robert Lowry,NA,I cannot seek too early in the morning,Robert Lowry,NA,classical,NA,publicdomain,0.0,0,0,7,1,1,0,17,255,15.0,False,2.668278571827444,0.984313725490196,0.921875
Qmbbh7fYdg9E1nsQvCgj9Egv2aygYGEtfL7QSv6BL8VHwG,I cannot tell how wonderful - Arthur Wilton,NA,I cannot tell how wonderful,Arthur Wilton,NA,classical,NA,publicdomain,0.0,0,0,3,1,1,0,14,294,21.0,False,2.482446126598447,1.0,0.9409722222222222
QmXpK4Quao8AxS8sAUjcbSspWgEUc18NF7SgLRC1QKGNh6,I cannot understand while walking hand in hand - C. Austin Miles,NA,I cannot understand while walking hand in hand,C. Austin Miles,NA,classical,NA,publicdomain,0.0,0,0,2,2,1,0,18,314,17.444444444444443,False,3.0682602193386908,0.9140127388535032,0.9424019607843136
QmeuPZcfcmDzUqSoNsSkQGvwBzgNXcdWPLBEyFHgUszmcq,I Care Not For Spring on His Fickle Wing,NA,NA,NA,Henry Russell,NA,NA,publicdomain,0.0,0,1,97,1,1,0,33,165,5.0,False,2.874598111701862,0.9030303030303032,0.9071180555555556
QmT2mkjsERmntCAd7nBqNqrygxJUeS8S9nYgPmbneywgh3,I Care Not For These Ladies (Bb),NA,I Care Not For These Ladies (Bb),Misc tunes,Tune: Thomas Campion 1601,NA,NA,publicdomain,0.0,0,0,5,1,1,0,23,72,3.130434782608696,False,2.626023534274895,1.0,0.8777777777777778
QmcKwxdJtbqwzYZaNxzCSasRAikpaxuW8hoQs9jYxTzvFv,I care not what cometh of darkness or light - A. J. Abbey,NA,I care not what cometh of darkness or light - A. J. Abbey,A. J. Abbey,NA,classical,NA,publicdomain,0.0,0,0,2,1,1,0,32,301,9.40625,False,2.5735909410489954,0.9966777408637874,0.95
QmbKkHBwHcvTdSmVzoCHyCA2U33yMMAm1bpcMBK9MFoQd7,I claim for my own a King on a throne - C. Austin Miles,NA,I claim for my own a King on a throne,C. Austin Miles,NA,classical,NA,publicdomain,0.0,0,0,5,1,1,0,26,402,15.461538461538462,False,2.6913488815147715,0.9800995024875622,0.9398148148148148
Qmc3rwdh1dDBpJ2k2otxTxQQEXnH9J9HCqK1wrXWHUicCK,I clasp the hand of Love divine (Simpson) - Rev. A. B. Simpson,NA,I clasp the hand of Love divine (Simpson),Rev. A. B. Simpson,NA,classical,NA,publicdomain,0.0,0,0,13,1,1,0,18,256,14.22222222222222,False,2.477267871510484,0.9921875,0.9010416666666666
QmUBmDLfcBunECv21n8STn1tPJtsatc314TzWtpHbSEBYC,I cling dear Lord to Thee - Rev. L. Hartsough,NA,I cling dear Lord to Thee,Rev. L. Hartsough,NA,classical,NA,publicdomain,0.0,0,0,2,1,1,0,19,230,12.105263157894736,False,2.4815900449272807,1.0,0.9348958333333334
Qmaqu5zQkdG6N9d9EEyQQqkVwd37XNnu2dY9C8Gv2xw32x,I come I rest beneath - Dr. J. A. Menek,NA,I come I rest beneath,Dr. J. A. Menek,NA,classical,NA,publicdomain,0.0,0,0,5,1,1,0,12,135,11.25,False,2.560581728952983,0.9851851851851852,0.9036458333333334
QmUp1BQjv8f7xEdSR5RtZoDF8VYjtH877iDPaL2kugSvbt,I come O gracious Lord - Ira D. Sankey,NA,I come o gracious lord,Ira D. Sankey,NA,classical,NA,publicdomain,0.0,0,0,2,1,1,0,20,205,10.25,False,2.7009699214980363,0.9658536585365852,0.8975694444444444
Qmceo76qrSAQNMyp7nXhfLHufA58fCqafeJVCHMQGGHwTd,I come O Lord in penitence - Alfred Beirly,NA,I come O Lord in penitence,Alfred Beirly,NA,classical,NA,publicdomain,0.0,0,0,2,1,1,0,26,335,12.884615384615383,False,2.64747252104822,0.9791044776119404,0.9421296296296297
Qmcg8j5qHk2EUce32bL8GoxSwV4gvtfDGM9PS8YMULLxYG,I come thou wounded Lamb of God - John Wesley,NA,I come thou wounded Lamb of God,John Wesley,NA,classical,NA,publicdomain,0.0,0,0,4,1,1,0,21,248,11.80952380952381,False,3.027970493658769,0.9314516129032258,0.9705882352941176
QmUPevj9KWsNutoVZvkfvyMXzRJNn9JYssvjdMWKT3g4Ur,I come to Thee O Christ - Ira David Sankey,NA,I come to Thee O Christ,Ira David Sankey,NA,classical,NA,publicdomain,0.0,0,0,2,1,1,0,15,160,10.666666666666666,False,2.7638992074998217,0.98125,0.9050925925925926
QmdMVtFVRwj8nVY14iidERmL7KaRWnHxoWXFjZbUVP4QrS,I Could But I Won't' (air) 0009,NA,I Could But I Wont,Misc tunes,after Sgt. J. O'Neillslow,NA,NA,publicdomain,0.0,0,0,1,1,1,0,18,68,3.7777777777777777,False,2.617735743750244,1.0,0.8932291666666666
QmXupQmnUyLTMdQVmEv27vTx14CtfVat4c4rwvqzFzsLJB,I could never be saved from the guilt of my sin - Mrs. C. H. Morris,NA,I could never be saved from the guilt of my sin,Mrs. C. H. Morris,NA,classical,NA,publicdomain,0.0,0,0,2,2,1,0,17,330,19.41176470588235,False,2.6955789021394088,0.9727272727272728,0.859375
QmP8LfQyN1HEVNse1EwKUDTJFLZzEjovZrpHmLiKkbN1zH,I could not do without Him (Gibbs) - Ada Gibbs,NA,I could not do without Him (Gibbs),Ada Gibbs,NA,classical,NA,publicdomain,0.0,0,0,2,2,1,0,17,243,14.294117647058824,False,2.986015508913853,0.934156378600823,0.9479166666666666
QmSTK9J3oQKkyqTuisxKk6iAd3cisuSDPu3oNSiYZzUzCK,I could not do without Thee (Murray) - J. R. Murray,NA,I could not do without Thee (Murray),J. R. Murray,NA,classical,NA,publicdomain,0.0,0,0,13,1,1,0,20,205,10.25,False,2.4452830528256366,1.0,0.9010416666666666
QmVGUGidFsAHBQGsHGuedM3X9EixTNBUVKt59BE9LCR98i,I Cried To God - W. S. Marshall,NA,I Cried To God,W. S. Marshall,NA,classical,NA,publicdomain,0.0,0,0,4,1,1,0,20,256,12.8,False,2.407782769031819,0.98828125,0.943627450980392
QmbwjP25LV2GRS6iC4ZCyQJnNm5M54yftV3QLPvLBTo1xL,I cried to God for mercy - Ulysses Phillips,NA,I cried to God for mercy,Ulysses Phillips,NA,classical,NA,publicdomain,0.0,0,0,2,0,2,0-0,9,203,22.55555555555556,True,1.940487620234117,0.9901477832512317,0.960648148148148
QmWdtxUNDsdPDYR9XSSt7ZHtpPAyEf6XU2JYbrK4w7mnUp,I cross the ever surging sea of life - Robert Lowry,NA,I cross the ever surging sea of life,Robert Lowry,NA,classical,NA,publicdomain,0.0,0,0,3,1,1,0,17,227,13.352941176470589,False,2.614913672396673,0.9823788546255506,0.9401041666666666
QmQYTEDuyaLBYNPs2ZZUhsUmqsK3m8t5FitJRKTiz79Hty,I dare not idle stand - J. H. Kissinger,NA,I dare not idle stand,J. H. Kissinger,NA,classical,NA,publicdomain,0.0,0,0,4,2,1,0,19,343,18.05263157894737,False,2.6482006013784885,0.9883381924198252,0.943627450980392
QmdW378QtM6Z3Rjt68gn15tHREH3T3mkQevDNUHMTWcAd8,I Designed To Say No But Mistook And Said Yes,NA,I Designed To Say No But Mistook And Said Yes,Misc tunes,NA,NA,NA,publicdomain,0.0,0,0,3,1,1,0,23,70,3.0434782608695654,False,2.5226190433193287,1.0,0.875
Qmb4kqVzHEgNGjUT4aahwB7pSXKbQ7DATFhx2SnpCSjFxW,I Didn't Drink The Rum,NA,I Didn't Drink The Rum,Misc tunes,NA,NA,NA,publicdomain,0.0,0,0,7,1,1,0,32,132,4.125,False,2.586111419940768,1.0,0.9240196078431372
QmPkr1LAfvvc5NnkB6GYtgDHi8jEpuXcxAvfKoVe9m5JcX,I Didn't Drink The Rum,NA,I Didn't Drink The Rum,Misc tunes,NA,NA,NA,publicdomain,0.0,0,0,2,1,1,0,32,118,3.6875,False,2.578441248895918,1.0,0.9283854166666666
QmZNfZACZJMXEiz59K4JP4iNHW4YrHjY7CjwZBT2VZHjEs,I Do Like To Be Beside The Seaside,NA,I Do Like To Be Beside The Seaside,Misc tunes,Joe Buchanan's Scottish Tome - Page 466.3,NA,NA,publicdomain,0.0,0,1,55,1,1,0,17,84,4.941176470588236,False,2.9375007270476288,0.9404761904761904,0.92578125
QmYJqbX9eaEj2RQVTjQpsD7RGtUzg5XS2UEQ9WFurWWbFb,I do not ask for diadem or scepter - A. H. Ackley,NA,I do not ask for diadem or scepter,A. H. Ackley,NA,classical,NA,publicdomain,0.0,0,0,9,1,1,0,18,354,19.666666666666668,False,2.62960054476377,0.9717514124293786,0.8932291666666666
Qmd5p9myARegjawG8mcdJUtHDzMJ9Pzm6WVbqAp5n129py,I do not ask for the pride of earth (Barrows) - O. R. Barrows,NA,I do not ask for the pride of earth (Barrows),O. R. Barrows,NA,classical,NA,publicdomain,0.0,0,0,2,2,1,0,16,317,19.8125,True,2.588785330321129,0.9905362776025236,0.9401041666666666
QmRBG5TmG53FkF9jrVyuNngf2BYndguQjR22AQE9v4uGsb,I do not ask for the pride of earth (Lorenz) - E. S. Lorenz,NA,I do not ask for the pride of earth (Lorenz),E. S. Lorenz,NA,classical,NA,publicdomain,0.0,0,0,8,1,1,0,16,271,16.9375,True,2.710654539976992,0.985239852398524,0.9527777777777776
QmYzL5YkpiA6H5fhC14c1a7zDGxrxzsB6bnJZXcivqTVG4,I do not fully comprehend - Chas. H. Gabriel,NA,I do not fully comprehend,Chas. H. Gabriel,NA,classical,NA,publicdomain,0.0,0,0,2,1,1,0,25,302,12.08,False,2.690287896427016,0.9735099337748344,0.875
QmU1FmzuRRtHj2H8k9Vnq8AR54w686tpFtiqBCqd2mCuRu,I do not incline,NA,I Do Not Incline,Misc tunes,anon.,NA,NA,publicdomain,0.0,0,0,1,1,1,0,27,143,5.296296296296297,False,2.6063553076444923,1.0,0.917824074074074
Qmek4vb6aLJJD2Zkmr1X3dENMt28NiG2PfKsRzPjAYMPYu,I Do Not Incline (jig) 0955,NA,I Do Not Incline,Misc tunes,Unattributed,NA,NA,publicdomain,0.0,0,0,2,1,1,0,38,192,5.052631578947368,False,2.610628298085773,1.0,0.9236111111111112
QmZVMoKhNHHD3oPw39zNHf2woGq4ksjggfq4xTd4Mnr4QR,I do not know I cannot understand - Ira B. Wilson,NA,I do not know I cannot understand,Ira B. Wilson,NA,classical,NA,publicdomain,0.0,0,0,4,2,1,0,18,316,17.555555555555557,False,2.8709792985979274,0.9588607594936708,0.9296875
QmajdtKqANGrcZKCkV5tBddw8kaPRMEMER79KQco9yJQqG,I do not know the path I tread - Charles S. Brown,NA,I do not know the path I tread,Charles S. Brown,NA,classical,NA,publicdomain,0.0,0,0,4,1,1,0,20,241,12.05,False,2.7783545955424898,0.950207468879668,0.8913690476190477
QmSMPKbijmsnt72HjK5uPbccH8qkbHTiVDySDcHkRLoWck,I do not know why Jesus came - James M. Black,NA,I do not know why Jesus came,James M. Black,NA,classical,NA,publicdomain,0.0,0,0,2,2,1,0,19,291,15.31578947368421,False,2.6527526261193377,0.986254295532646,0.9375
QmV1eQjW8548BiiAEwhCGSgeTrmdAqeyHTGvUE81u4o3mB,I do not understand Gods love - Chas. H. Gabriel,NA,I do not understand Gods love,Chas. H. Gabriel,NA,classical,NA,publicdomain,0.0,0,0,4,1,1,0,18,253,14.055555555555555,False,2.772429478473341,0.9762845849802372,0.890625
QmUdiGuF5sszddCYBjNxCXDCbcouqjCtC3Ez3367WCbch4,I do not understand how it can be - Frances Abernathy,NA,I do not understand how it can be,Frances Abernathy,NA,classical,NA,publicdomain,0.0,0,0,3,2,1,0,18,336,18.666666666666668,False,2.8399700447545886,0.9583333333333334,0.9244791666666666
QmTJrjpuJQx8ZypM5LkR9xB9SMzkof9M1WeNDrK4KJgy7G,I do not want one tho't dear Lord - Rev. L. Hartsough,NA,I do not want one tho't dear Lord,Rev. L. Hartsough,NA,classical,NA,publicdomain,0.0,0,0,2,1,1,0,20,220,11.0,False,2.394550191549805,1.0,0.95703125
QmNbEo2pxeaxk65mcoMsius5wTNs94EsqoNkfREaJ6hGpi,I do what I will with my Swain. JJo.046,NA,I do what I will with my Swain. JJo.046,Misc tunes,NA,NA,NA,publicdomain,0.0,0,0,5,1,1,0,27,127,4.703703703703703,False,2.721831525396646,1.0,0.9089912280701754
QmbUJvhZ5Dg6gSZ2SwJWZoT5yEWEZzzUtbRR3UMJZZn9B6,I Don't Care,Ed Sheeran & Justin Bieber,NA,NA,Jessi Collins,NA,NA,cc-zero,0.0,0,1,74,0,7,0-0-0-0-0-0-0,91,2496,27.428571428571427,True,2.371129772118381,1.0,0.8693820224719101
QmZdTtCurB75yHkYoyNJcViqjEEEY5TraevQHZjtconH9F,I don't care Wither or No. JJo1.175,NA,I don't care whither or no. Ru1.023,Misc tunes,NA,NA,NA,publicdomain,0.0,0,0,6,1,1,0,24,136,5.666666666666667,False,2.894072386149949,0.9705882352941176,0.943287037037037
QmbV1D5gzVtd9qxkAne2gC915YP1jRa4c6rFtBXJiopDpp,I don't even know,NA,NA,NA,MJD,NA,iblameravel,cc-zero,0.0,0,1,182,2,1,0,32,478,14.9375,False,3.2047030315276706,0.8846960167714885,0.9362745098039216
QmXTj4xtivKmAmbxhXx1VuFZukPRoxf8ML3aq6YdTLK4XX,I Don't Know How to Love Him,From Jesus Christ Superstar,I Don't Know How To Love Him,Andrew Lloyd Webber,Andrew Lloyd Webber,classical-soundtrack,NA,cc-zero,4.61,28,22,928,1,1,0,65,249,3.830769230769231,True,2.662466945752854,0.9839357429718876,0.9381510416666666
QmWNRiTYTqD8MYvqk6wdHtV6QvHwsYGFXaAbnMRCpypvzU,I don't know need title,NA,NA,NA,Composed by Michael Tan,NA,NA,cc-zero,0.0,0,5,104,2,1,0,95,1440,15.157894736842104,False,3.344137993870381,0.8263598326359832,0.9215686274509804
QmPDz5gsKEV7wzxbeaVpPUjSK23iEJgqJZdCWEP4zNDzPR,I don't know what this is honestly,A Song,NA,NA,Makoto Vilimek,NA,piano,cc-zero,0.0,0,1,70,1,1,0,37,322,8.702702702702704,False,2.18872015854117,1.0,0.9785714285714284
QmWScFXYCbA3QxjyjnmBTQoMSxNCaUM161ahDqtsWMShgq,I Don't Know What To Name My Music,NA,I Don't Know What To Name My Music,Hampsterking9000,Hector Hoffman,NA,NA,cc-zero,0.0,0,0,91,2,1,0,36,527,14.63888888888889,False,2.990229242947155,0.8709677419354839,0.9314814814814816
QmfBfSy7v7Qq8wtJ6BPZgebUo8ySpQAMSWYcDbj1XN6Lpi,I Don't Love You,NA,I Don't Love You,My Chemical Romance,My Chemical Romance,rock,piano-mychemicalromance,cc-zero,4.74,5,35,694,2,1,0,84,1532,18.23809523809524,False,2.6699116319425946,0.9933949801849404,0.9553921568627451
QmaThqb5z9jyNk5FprcGJzSWiZvH5ZXijcqGiYfWSaj6cc,I Don't Want To Be,NA,i dont want to be,Gavin DeGraw,Gavin Degraw,rock-folk,frresscott,cc-zero,4.63,8,96,2008,0,2,0-0,69,2119,30.71014492753623,False,2.7019879768315587,0.9851033157135992,0.9116915422885572
QmWrByn6HFpWgkmsFGbgwQoBN8g3sh6Y88KqLJgEsYJHfa,I Dream of Jeannie,NA,i dream of jeannie,Misc Television,NA,soundtrack,NA,publicdomain,0.0,0,10,2083,2,1,0,28,441,15.75,False,2.987583711017651,0.9251700680272108,0.9432471264367815
QmcT6UUgCc4GL5F8v91Z1dGz1MF3tsTPsxyrjCVfNbGMtW,I dreamed one night not long ago (Fearis) - J. S. Fearis,NA,I dreamed one night not long ago (Fearis),J. S. Fearis,NA,classical,NA,publicdomain,0.0,0,0,2,1,1,0,37,332,8.972972972972974,False,2.9581554662400005,0.9487951807228916,0.958984375
QmetQeXqSmgrMd6K61s1bcx8kiTsPonLRzMqBPZmmm6Gaz,I dreamed that I stood at the portal of heav'n - Fred. H. Byshe,NA,I dreamed that I stood at the portal of heav'n,Fred. H. Byshe,NA,classical,NA,publicdomain,0.0,0,0,6,2,1,0,84,1649,19.63095238095238,False,3.286062282068483,0.7963190184049079,0.9635416666666666
QmWZ5txg6kg6NoAXsQbXHC6tkp78fjdpx57bS3B8YjJBhX,I Dreamt I Dwelt In Marble Halls,NA,I Dreamt I Dwelt In Marble Halls,Misc tunes,NA,NA,NA,publicdomain,0.0,0,1,44,1,1,0,42,113,2.6904761904761907,False,2.896631450578208,0.9557522123893806,0.9541666666666668
QmUs7DraE5ejiUcgejmfRtT7TQJCmGeFh5b1EUV4xvGxDY,I Dreamt Of My Love (air) 0569,NA,I Dreamt of My Love,Misc tunes,after Sg't. J. O'Neillwith feeling,NA,NA,publicdomain,0.0,0,0,1,1,1,0,19,112,5.894736842105263,False,2.786306168034461,0.9821428571428572,0.9135416666666668
QmaFQfRtatXW1mdSFAq9kvnZRadeyeASfB8MzHVFFNzvrg,I drew my ship into a harbour,NA,I drew my ship into a harbour,Misc tunes,NA,NA,NA,publicdomain,0.0,0,0,11,1,1,0,9,37,4.111111111111111,False,2.5599391801693008,1.0,0.9270833333333334
QmeociuBpCFnFrWYE3dPJ7Wf8UkVExjNU2PuERHTHh2rFt,I earnestly prayed for deliverance from sin - Elisha A. Hoffman,NA,I earnestly prayed for deliverance from sin,Elisha A. Hoffman,NA,classical,NA,publicdomain,0.0,0,0,5,1,1,0,26,290,11.153846153846152,False,2.399932380058271,0.996551724137931,0.9664351851851852
QmbPZrDhBLx9dHyziVTP6cUUUjHBnYYYTz19wCXNiAbnVf,I entered the throne-room where Jesus my Lord - J. Wesley Hughes,NA,I entered the throne-room where Jesus my Lord,J. Wesley Hughes,NA,classical,NA,publicdomain,0.0,0,0,56,1,1,0,18,346,19.22222222222222,False,2.410322863744969,0.9942196531791908,0.912037037037037
Qmd9AAz47KzQyQaMtzbf5cv9h1pe89s7YkerMn6t21rpc1,I feel in my heart a blessing divine - J. Lincoln Hall,NA,I feel in my heart a blessing divine,J. Lincoln Hall,NA,classical,NA,publicdomain,0.0,0,0,5,1,1,0,18,292,16.22222222222222,False,2.715270410389585,0.9554794520547946,0.8923611111111112
QmUPvu5STZx7fUFUFg4xfgQGzKFgmeGuUWghsfir2kELEw,I Feel It Coming,NA,I Feel It Coming,Nununununolan,NA,NA,NA,cc-zero,4.59,46,109,2534,2,1,0,88,1127,12.806818181818182,False,2.663009579769584,1.0,0.9661458333333334
QmWDJ8Cdr1vbZXZ8L4znHDaPfaXoiLQw2E8Yi7ZKZaDgWt,I found in Gods volume a promise divine - L. D. Eichhorn,NA,I found in Gods volume a promise divine,L. D. Eichhorn,NA,classical,NA,publicdomain,0.0,0,0,5,2,1,0,35,456,13.028571428571428,False,2.991672782398682,0.9429824561403508,0.9427083333333334
QmfEy1LyP1CTzEXQi4VNeUpQ2Zycu8mDaDH3rgrb2RNwir,I Furnished Up My House,Chuir M\'e Feisteas ar mo Theachsa,I Furnished Up My House,Misc tunes,NA,NA,NA,publicdomain,0.0,0,0,3,1,1,0,45,291,6.466666666666667,False,2.6125061565749603,0.9896907216494846,0.9302083333333332
QmfZMMwvwfTHugGjdAqNhCG9Benv5wfM8RhjeCf55KvGP2,I gave her cakes and I gave her ale,Round in three parts,I gave her cakes and I gave her ale,Misc tunes,Henry Purcell 1659-1695,NA,NA,publicdomain,0.0,0,0,12,1,1,0,2,123,61.5,True,2.8271870872238902,0.983739837398374,0.8877314814814815
QmPeQ1cq1XgsvwWuKXo3WFZXWMDvimjRUHUgGsyNoxFSsn,I gave my life for thee (Excell) - E. O. Excell,NA,I gave my life for thee (Excell) - E. O. Excell,E. O. Excell,NA,classical,NA,publicdomain,0.0,0,0,28,1,1,0,20,244,12.2,False,2.580025391175248,0.9795081967213116,0.90625
QmYTH2raGgHiMM65a3J5sYg7uK9g6mxrH9tXwuKrBceaCQ,I gave my love a cherry,NA,I gave my love a cherry,Misc tunes,anon.,NA,NA,publicdomain,0.0,0,1,18,1,1,0,9,45,5.0,True,2.1678566369243675,1.0,0.9434523809523808
QmXiu7W8czpuxjr1wp43pvQ6xRFdMyKHGskbFRSu7Dnn8A,I Get Around TTBB,The Beach Boys,i get around,The Beach Boys,Arr. Oliver Trask,rock,acappella-bass-tenor-baritone-ttbb,cc-zero,0.0,0,4,211,0,4,0-0-0-0,71,1103,15.535211267605634,True,3.0583527517191875,0.904856293359762,0.9562793427230049
QmdRQWnctyLF8zL58GJA7YsgYPGs1eJEA7UAkRwLJMon7Z,I Giorni piano,Ludovico Einaudi,i giorni,Ludovico Einaudi,Eve Abiodun,classical,NA,publicdomain,4.4,12,321,23283,2,1,0,291,2336,8.027491408934708,False,2.4734348103484844,1.0,0.961524024024024
QmYRNqH8rqRNHCPSSvHtNgBRKHmMMmmWhuktqkN8aPATj8,I GIVE YOU MY HEART,NA,i give you my heart,Hillsong,Lee Ji-eun (IU),religiousmusic,NA,cc-zero,4.67,30,105,9984,2,1,0,130,1393,10.715384615384616,False,2.8653829481836364,0.9834888729361092,0.8878038194444444
QmR45W344K6XrYFq8Kc6epT2WCL7NxtBbn751NjEFrikaP,I glory in the word of God - John Arnold,PSALM LVI Verse 10 11 12 13.,I glory in the word of God,John Arnold,John Arnold,classical,NA,publicdomain,0.0,0,0,4,0,4,0-0-0-0,15,148,9.866666666666667,True,2.715545452780712,0.9929078014184396,0.9692460317460316
QmWp4sBseJqdqzEVt86jAphemH5762p6NYhia9DratSoBM,I Got Bored in Class,NA,I Got Bored in Class,salmanza256,Sebastian Almanza,NA,NA,cc-zero,0.0,0,1,8,2,1,0,6,80,13.333333333333334,False,2.779308426455705,0.9,0.8958333333333334
QmPhAvchMjTLZuhQH2sWzVFR3uCugUjh9akyizjiy1ck98,I Got Rythm,swing cover for piano,i got rhythm,George Gershwin,George Gershwin,jazz-classical,piano-swing-gershwin,cc-zero,4.54,65,161,7226,1,1,0,37,482,13.027027027027026,False,3.3724816278450302,0.7946058091286307,0.9670138888888888
QmVdWWvH2E19hQJ8rbX5WEtXwjJzN6WRK9pmhgoVn7rG4q,I Got This.1,From Freaky Friday (bar 107-121),I Got This.1,Seacrest Theater,NA,NA,NA,cc-zero,0.0,0,0,11,0,4,0-0-0-0,14,65,4.642857142857143,False,2.8100497802657083,0.8857142857142857,0.9727564102564102
QmckZd1bDHvF1kwDAMf9eYbpNoZtBrQ7BJcgJTnv8zaK5L,I Got This.2,from Freaky Friday (bar 136-164),I Got This.2,Seacrest Theater,NA,NA,NA,cc-zero,0.0,0,0,9,0,5,0-0-0-0-0,29,242,8.344827586206897,False,3.2543080262600315,0.8,0.9293154761904762
QmeLGCrmDHT2YagLg2vGG9tC9Kc7DGjW3CG1aVUJNWwbDs,I Got this.3,from Freaky Friday (bar 222-245),I Got this.3,Seacrest Theater,NA,NA,NA,cc-zero,0.0,0,0,7,0,5,0-0-0-0-0,24,206,8.583333333333334,False,3.044584823976526,0.9141104294478528,0.9130434782608696
QmWNpkoZweZc7N7KVYvPpZ7KhvbmmBv7afjoyEVK5scFHU,I Ha'e A Wife O' Ma Ain,NA,I Ha'e A Wife O' Ma Ain,Misc tunes,NA,NA,NA,publicdomain,0.0,0,0,1,1,1,0,8,54,6.75,False,2.647092222879147,1.0,0.914351851851852
QmQy9hizLWLpTp8vZK4QvniRaX2yxxMjRUGTuE15gNwaC7,I Ha'e A Wife O' Ma Ain,NA,I Ha'e A Wife O' Ma Ain,Misc tunes,NA,NA,NA,publicdomain,0.0,0,0,2,1,1,0,20,146,7.3,False,2.6764246601163646,1.0,0.9337121212121212
QmZJ2Qpb1A7JGXS6FxGouWxYrC18n9Ps4XLih6vjffHgv9,I Ha'e A Wife O' Ma Ain,NA,I Ha'e A Wife O' Ma Ain,Misc tunes,NA,NA,NA,publicdomain,0.0,0,0,2,1,1,0,16,92,5.75,False,2.696871713081495,1.0,0.9050925925925926
QmdYj9XP4jbHo4hxEAGYJX5mMU9q3Gmb215NWLwa7ZYUYC,I Had a Horse I Had Nae Mair,NA,I Had a Horse I Had Nae Mair,Misc tunes,NA,NA,NA,publicdomain,0.0,0,0,15,1,1,0,45,170,3.7777777777777777,False,2.36440640273183,1.0,0.8649425287356322
QmdVGy9bowaxBg73CKttpoTvi2ogubab6QRHx8wkxJK3xN,I had a Horse I had nae Mair,NA,I Had a Horse I Had Nae Mair,Misc tunes,NA,NA,NA,publicdomain,0.0,0,0,3,1,1,0,18,67,3.7222222222222223,False,2.44092324152186,1.0,0.8598484848484849
QmVaCT6qhG621dRWV3eE9DaJM1eTRpLzRxSjHTZcerzxXp,I Had a Horse I Had Nae Mair,NA,I Had a Horse I Had Nae Mair,Misc tunes,NA,NA,NA,publicdomain,0.0,0,0,3,1,1,0,36,136,3.7777777777777777,False,2.389026689745058,1.0,0.8659420289855072
QmXzgks3u54ZWbpw11pqz9RoHFvh59eEyEYT1PUesAMsWn,I Had A Lass Till I Ran At Her,NA,I Had A Lass Till I Ran At Her,Misc tunes,NA,NA,NA,publicdomain,0.0,0,0,4,1,1,0,56,497,8.875,False,2.687726976407991,1.0,0.9761904761904762
QmZgCFkw6THLmrMWd7oAGTboa9dgxJn5dEDfRBBjX1GUu1,I had heard the gospel call - Mrs. C. H. Morris,NA,I had heard the gospel call,Mrs. C. H. Morris,NA,classical,NA,publicdomain,0.0,0,0,4,2,1,0,18,387,21.5,False,2.543344640848524,0.992248062015504,0.9240196078431372
QmaYeFnqNXq6TcfXZGgVHiHKBD3cw4QimdmJ6UfjwiYz6k,I had rather ride a Mile than walk in dirt. Roose.0409,Mile to Rideaka. Roose.0409 APress No Meaka. Roose.0409Fleet's A'Comingaka. Roose.0409 The,I had rather ride a Mile than walk in dirt. Roose.0409,Misc tunes,NA,NA,NA,publicdomain,0.0,0,0,4,1,1,0,20,134,6.7,False,2.572459196630918,1.0,0.9513888888888888
QmSGfdbVJGzoQKoK2riTr57XvNANVerAELh2CczTBMMQnr,I had read the Holy Bible - C. K. Langley,NA,I had read the Holy Bible,C. K. Langley,NA,classical,NA,publicdomain,0.0,0,0,4,1,1,0,16,268,16.75,True,2.650097970691943,0.9850187265917604,0.918560606060606
QmaNhBY2dzdhHExXMqQf7CkHTEgohafq7S1n3mPWF2UjTb,I had two Ships - Woodrich,NA,I had two Ships - Woodrich,Misc tunes,NA,NA,NA,publicdomain,0.0,0,0,3,1,1,0,13,52,4.0,False,2.644676182462142,1.0,0.9074074074074074
QmPyTcVQiwzxPNv3PaWZWLGwc4U9TMjTZBdFc6EpcQ2UwW,I had wandered far away - John M. Whyte,NA,I had wandered far away,John M. Whyte,NA,classical,NA,publicdomain,0.0,0,0,7,1,1,0,20,371,18.55,False,2.495241728984284,1.0,0.92578125
QmX3DzhMm4tGbWSkZwgUgXr19vQcBgbVuXN67QQEqM8uSe,I hail the day of sacred joy - H. P. Danks,NA,I hail the day of sacred joy,H. P. Danks,NA,classical,NA,publicdomain,0.0,0,0,3,1,1,0,18,262,14.555555555555555,False,2.875107952279776,0.9465648854961832,0.9375
QmSS5PsoCCdi94e8LXugGNGvgfEfACobvZr4fL5kTno4Ka,I Hate You Jesus,Moral Orel,I Hate You Jesus,Moral Orel,NA,NA,NA,cc-zero,4.9,8,6,145,2,1,0,27,531,19.666666666666668,True,3.095877596307541,0.8867924528301887,0.9841954022988506
QmeFLJ3AVHyF8DPkpiwe9X75a2AeopWReBmktBWaxSWLFP,I have a blessed Savior - E. Lester Thurman,NA,I have a blessed Savior - E. Lester Thurman,E. Lester Thurman,NA,classical,NA,publicdomain,0.0,0,0,4,1,1,0,27,317,11.74074074074074,False,2.7685262807263733,0.9621451104100948,0.9479166666666666
QmUFiFjd4ns7B31sBadfK4gbzKviv8P4eLhA2uVomq6eBC,I Have a Bonnet Trimmed with Blue,NA,I Have A Bonnet Trimmed With Blue,Misc tunes,NA,NA,NA,publicdomain,0.0,0,0,7,1,1,0,117,482,4.119658119658119,False,2.704184606890335,1.0,0.949074074074074
QmUTjjAaEkzPB53W8CD6CBDhKYq12ZnuxqJ8Fx1vd8LwAQ,I Have A Bonnet Trimmed With Blue,NA,I Have A Bonnet Trimmed With Blue,Misc tunes,NA,NA,NA,publicdomain,0.0,0,0,3,1,1,0,30,112,3.733333333333333,False,2.7098886380147267,1.0,0.97265625
QmVqGAtaKZtmK7UG1zu33tNMmhcSAiFyedJCbAkMetYTB3,I Have a Bonnet Trimmed with Blue,NA,I Have A Bonnet Trimmed With Blue,Misc tunes,NA,NA,NA,publicdomain,0.0,0,0,13,1,1,0,106,436,4.113207547169812,False,2.6966672552803588,1.0,0.9383169934640524
QmXbTEeQiJjesezcaGzk95Ndty2xqi9YvJdborDK5vKdUZ,I have a bonnet trimmed with blue,NA,I Have A Bonnet Trimmed With Blue,Misc tunes,NA,NA,NA,publicdomain,0.0,0,0,12,1,1,0,16,66,4.125,False,2.62502276078033,1.0,0.9348958333333334
QmSThdrgt9tbH9tWrtq8LTNe1WV7Qu8SswU9wrrojtkLUE,I Have a Bonnet Trimmed with Blue [ABA CDA],NA,I Have a Bonnet Trimmed with Blue [ABA CDA],Misc tunes,NA,NA,NA,publicdomain,0.0,0,0,6,1,1,0,68,262,3.852941176470588,True,2.7726913812635234,0.9694656488549618,0.9503676470588236
QmcfLMPresSf8HtB7pt5YpHaQDLPsEgmTSFio1Hm7LGxaD,I have a darling brother,NA,I have a darling brother,Misc Traditional,NA,folk,NA,publicdomain,0.0,0,0,3,2,1,0,19,452,23.789473684210527,False,2.571275012395104,1.0,0.9348958333333334
Qmem17PA4D7D73zepjAQxkvGRxDfxWpMbKistfdtg927QV,I have a dear Friend who is precious to me - Benjamin F. Butts,NA,I have a dear Friend who is precious to me - Benjamin F. Butts,Benjamin F. Butts,NA,classical,NA,publicdomain,0.0,0,0,5,1,1,0,18,333,18.5,False,2.6651709108762414,0.975975975975976,0.9184027777777778
QmeKRqLbtSNjCvFL9Uq4oh9jaZQXzbAGnXaUe4opKixGKB,I have a dear Savior the best of my friends - Elisha A. Hoffman,NA,I have a dear Savior the best of my friends,Elisha A. Hoffman,NA,classical,NA,publicdomain,0.0,0,0,6,1,1,0,22,381,17.318181818181817,False,2.514670743330385,0.989501312335958,0.9314516129032258
QmRY8Z51pxA1F6nzNJ9Z1ja1bZgDiHUjfMSFjw4zxCRkA2,I Have A Father In The Promised Land,NA,I Have A Father In The Promised Land,Misc tunes,NA,NA,NA,publicdomain,0.0,0,0,7,1,1,0,8,37,4.625,False,2.634828367552192,1.0,0.9345238095238096
QmRybKLMkaMo5b5pBMTTdaU3eenFmssJhZK5wdvCpzMU1B,I have a Friend a loving friend (Sankey) - I. Allan Sankey,NA,I have a Friend a loving friend (Sankey),I. Allan Sankey,NA,classical,NA,publicdomain,0.0,0,0,6,1,1,0,20,231,11.55,False,3.004186575501372,0.935064935064935,0.9201388888888888
QmeT2DPQwoH6kMD43G1hJQ12BM9ikjHXrRHdAXzj1EiYuC,I have a Friend a precious Friend (Davis) - Frank M. Davis,NA,I have a Friend a precious Friend (Davis),Frank M. Davis,NA,classical,NA,publicdomain,0.0,0,0,2,1,1,0,18,293,16.27777777777778,False,2.511038042030641,1.0,0.920343137254902
QmYKSVaRCHpzAesvi8uB8MRyHqoz4S8D8DWe8bfUbskGUG,I have a Friend o such a Friend - Elisha A. Hoffman,NA,I have a Friend o such a Friend,Elisha A. Hoffman,NA,classical,NA,publicdomain,0.0,0,0,7,1,1,0,18,240,13.333333333333334,False,2.502416464617254,1.0,0.8871527777777778
QmWmMxnf39qsHZgRaasf64FvNVJy4hg389P1wLb1P1dmoM,I have a Friend so precious,NA,I have a Friend so precious,Misc Traditional,NA,folk,NA,publicdomain,0.0,0,0,16,1,1,0,20,210,10.5,False,2.6946264125520822,1.0,0.9440104166666666
QmVLyzi2SoPnHWd66KznjMRPRsfA3JoEE9Lf7EHJECHqjt,I have a Friend so precious (Burnett) - W. E. Burnett,NA,I have a Friend so precious (Burnett),W. E. Burnett,NA,classical,NA,publicdomain,0.0,0,0,7,2,1,0,24,302,12.583333333333334,True,2.427387413741281,0.9867549668874172,0.9583333333333334
QmPqeZpvcZH5HD7LUb7ySk5Mgg2v9jE7UCwmWv5zgZH91s,I have a Friend the best of all to me - C. S. Nusbaum,NA,I have a Friend the best of all to me,C. S. Nusbaum,NA,classical,NA,publicdomain,0.0,0,0,20,1,1,0,16,314,19.625,True,2.6992880759830724,0.9554140127388536,0.9125
QmVjJw6eUMfAVucua6wGYjsBdvsZrCCTKBgMCoMSj9iXz6,I have a friend who cared enough for me - B. D. Ackley,NA,I have a friend who cared enough for me,B. D. Ackley,NA,classical,NA,publicdomain,0.0,0,0,3,2,1,0,18,316,17.555555555555557,False,2.9330663095073355,0.9493670886075948,0.9166666666666666
QmVkcpGyz2Mjhx6qk2ohj2rbzYVwYGk6w14Kr4SGeqpshm,I have a Friend who is always the same - Herbert Buffum,NA,I have a Friend who is always the same,Herbert Buffum,NA,classical,NA,publicdomain,0.0,0,0,7,1,1,0,16,310,19.375,True,2.700369783420864,0.970967741935484,0.90625
QmNT7SJZgbGGX7tKZv9RCuvh477AEEuVRSxgAwe8oHyUvg,I have a friend who walks with me - Samuel W. Beazley,NA,I have a friend who walks with me,Samuel W. Beazley,NA,classical,NA,publicdomain,0.0,0,0,3,1,1,0,18,289,16.055555555555557,False,2.9540993333843417,0.9238754325259516,0.931372549019608
QmY8taEQFFHrCvTLB6dv6MzW3Gx1jF2w4JLkmG5anySKPH,I have a goodly heritage - Ralph Howard Pendleton,NA,I have a goodly heritage,Ralph Howard Pendleton,NA,classical,NA,publicdomain,0.0,0,1,220,2,1,0,33,454,13.757575757575758,False,2.944587762337161,0.9515418502202644,0.944683908045977
QmZkzpiYWQgEbNGwULggLFqPK42j5d1kVEsXoLgCwbYgR8,I have a gracious Master - Jno. R. Sweney,NA,I have a gracious Master,John R. Sweney,NA,classical,NA,publicdomain,0.0,0,0,4,1,1,0,27,355,13.148148148148149,False,2.5786924311172825,0.9943661971830986,0.9537037037037036
QmYzwT4Tu7EBRFbLopG5VbXycQK8XaH4ojiDfHhQ8yovKT,I have a great Savior who saves every day - Mrs. C. H. Morris,NA,I have a great Savior who saves every day,Mrs. C. H. Morris,NA,classical,NA,publicdomain,0.0,0,0,4,1,1,0,18,343,19.05555555555556,False,2.869817032588976,0.956268221574344,0.9027777777777778
QmeS5ZUvf5VnjeT9x52RFkkqbKiehyykxGnu2AgLW1DEzu,I have a home above From sin and sorrow free - Henry Bennett,NA,I have a home above From sin and sorrow free,Henry Bennett,NA,classical,NA,publicdomain,0.0,0,0,9,1,1,0,18,114,6.333333333333333,False,2.711131136111839,0.9912280701754386,0.9444444444444444
QmUw42xjzUWT1xQju3G9HrGoNbTerwJsSLxLXNrTqrFNCG,I have a home in glory (Stebbins) - George C. Stebbins,NA,I have a home in glory (Stebbins),George C. Stebbins,NA,classical,NA,publicdomain,0.0,0,1,15,1,1,0,38,398,10.473684210526317,False,2.680921230861841,0.9824120603015076,0.9596354166666666
QmRJUGNkmD5SvteVh9kTQu96gYtqmcBou9LKDVzVy1V3no,I have a home in glory (Sweney) - Jno. R. Sweney,NA,I have a home in glory (Sweney),John R. Sweney,NA,classical,NA,publicdomain,0.0,0,0,9,1,1,0,18,211,11.72222222222222,False,2.642720754465058,0.981042654028436,0.9427083333333334
QmT1sra6FddAmxwXogAhkuqmgUF8SerP9CNHEYuXTySHoR,I have a hope a glorious hope - J. Wesley Hughes,NA,I have a hope a glorious hope,J. Wesley Hughes,NA,classical,NA,publicdomain,0.0,0,0,5,1,1,0,16,246,15.375,True,2.4757748597033444,0.991869918699187,0.95
QmP89cvDvawJboEWbJ552Epjf1CtfxrfVxtsxRTLgenB6t,I Have A House Of My Own With A Chimney Built On Top Of It,NA,I Have A House Of My Own With A Chimney Built On Top Of It,Misc tunes,NA,NA,NA,publicdomain,0.0,0,0,8,1,1,0,16,119,7.4375,False,2.27437212534464,1.0,0.9363425925925926
QmeMckDWZwGHfgFK8MrpFuDHJXvC41U3CuxGp5KfbPnUGT,I Have A House Of My Own With A Chimney Built On Top Of It,NA,I Have A House Of My Own With A Chimney Built On Top Of It,Misc tunes,NA,NA,NA,publicdomain,0.0,0,0,4,1,1,0,16,127,7.9375,False,2.2505425561290737,1.0,0.9548611111111112
QmWXtmNURFi8aZF6FtQSjyks29Cx76XaxdpkE9tB43MgNR,I have a precious friend supernal - Wm. J. Kirkpatrick,NA,I have a precious friend supernal,William J. Kirkpatrick,NA,classical,NA,publicdomain,0.0,0,0,5,1,1,0,18,286,15.88888888888889,False,2.745091139730506,0.972027972027972,0.9505208333333334
QmYYWy2SdUc3MigCvivamz8SHWU6kWfbMtwfkePra5ABkC,I have a precious Saviour and with Him I abide - James M. Black,NA,I have a precious Saviour and with Him I abide,James M. Black,NA,classical,NA,publicdomain,0.0,0,0,6,1,1,0,33,429,13.0,True,2.677732360175174,0.972027972027972,0.9097222222222222
QmfJALJwPWiyzvvVPY57ueGS4fpgiCTfmRZzC3urLgccFr,I have a royal message - W. H. Doane,NA,I have a royal message - W. H. Doane,W. H. Doane,NA,classical,NA,publicdomain,0.0,0,0,4,1,1,0,20,242,12.1,False,2.560630538697395,0.9834710743801652,0.8958333333333334
QmTKEQ69YPi97jdgc3B5CgmrWUMEa1mcF4bULo9W3BdJ6N,I have a Savior he's pleading in glory (55565),NA,I have a Savior he's pleading in glory (55565),Misc Traditional,NA,folk,NA,publicdomain,0.0,0,0,11,2,1,0,10,262,26.2,False,2.289442600755294,0.9923664122137404,0.9611111111111112
QmTa2KeKq7f8tRNhkVfWVnvVUVX6ARZUSUuonPAWuRMU33,I have a Shepherd One I love so well - Mary E. Upham,NA,I have a Shepherd One I love so well - Mary E. Upham,Mary E. Upham,NA,classical,NA,publicdomain,0.0,0,1,26,1,1,0,32,306,9.5625,True,2.73246672068624,0.9575163398692812,0.9097222222222222
QmWtEiqhTWgvmxoVd9Q2NxAy3DUskiib8uCSi52G3u2C17,I Have a Song to Sing,NA,I Have a Song to Sing,Misc tunes,2nd tune: Now let us be Joyful,NA,NA,publicdomain,0.0,0,0,3,1,1,0,8,104,13.0,False,2.521476721758936,1.0,0.8773148148148148
QmVD2qZiQiQUo9cUoHoGj8dmpFGpPi6CNMFbAmSMVEqu4A,I have a song within my heart - Adam Geibel,NA,I have a song within my heart,Adam Geibel,NA,classical,NA,publicdomain,0.0,0,0,8,1,1,0,20,226,11.3,False,2.758117135582514,0.9734513274336284,0.9361979166666666
QmWUCzA8mmfpHTZYjYR3oFhAiJAC1LQJyRhckY1qs1vEtM,I have a song within my heart - J. Lincoln Hall,NA,I have a song within my heart,J. Lincoln Hall,NA,classical,NA,publicdomain,0.0,0,0,3,1,1,0,17,256,15.058823529411764,True,2.852881283857612,0.94140625,0.9565972222222222
QmNYakpPQsEvTJsBHnBo4gKX8mJKvwdYz9S9MaoxEzA8fx,I have a stately palace - W. A. Post,NA,I have a stately palace,W. A. Post,NA,classical,NA,publicdomain,0.0,0,0,4,2,1,0,30,376,12.533333333333331,False,2.8147420028217907,0.9680851063829788,0.9166666666666666
QmS2TQniDg6AhwY189YYFnyKY8uZu4VimjCGAJgzA6HdwH,I have a sweet hope that in heaven above - Dr. A. B. Everett,NA,I have a sweet hope that in heaven above - Dr. A. B. Everett,Dr. A. B. Everett,NA,classical,NA,publicdomain,0.0,0,0,2,1,1,0,17,282,16.58823529411765,False,2.4865386974483124,1.0,0.9166666666666666
QmTmTANZRQHVDYrAsvcD62boQHaz4Tsoa6p1pnt7fJvkEp,I have a treasure in my heart - B. E. Warren,NA,I have a treasure in my heart,B. E. Warren,NA,classical,NA,publicdomain,0.0,0,0,7,1,1,0,20,269,13.45,False,2.3275687922570354,0.9962825278810408,0.9097222222222222
QmagXBgSXu2mMuQXXLJAgCY5H82evxRqeGTE3ykZCCv6Fp,I have a wife of my own,NA,Wife of My Own A,Misc tunes,anon.,NA,NA,publicdomain,0.0,0,0,8,1,1,0,17,126,7.411764705882353,False,2.7344398229364497,1.0,0.9353070175438596
QmVy5izujx6PUMnvU8oqhQg9YsVNHy9N65AxyjkSNQwBbp,I have a wife of my own,NA,Wife of My Own A,Misc tunes,anon.,NA,NA,publicdomain,0.0,0,0,2,1,1,0,13,92,7.076923076923077,False,2.699612550230279,1.0,0.9300595238095238
QmdzaUcLDJXG7jarr5HAGwEYWKQzbN7BEdaVWrRiXdoS4S,I have an Anchor that holds me safe - Adam Geibel,NA,I have an Anchor that holds me safe,Adam Geibel,NA,classical,NA,publicdomain,0.0,0,0,6,1,1,0,20,297,14.85,False,2.630648456300721,0.9797297297297296,0.8975694444444444
QmYmBj2uANedTcetTf1q3f2C6A1EwmoysTseEVe713Kh5k,I have an ever present Friend - James J. Bell,NA,I have an ever present Friend,James J. Bell,NA,classical,NA,publicdomain,0.0,0,0,3,1,1,0,20,215,10.75,False,2.818107354851292,0.9488372093023256,0.9583333333333334
QmU6HV4PHoY6GjJ2pTc8HSAVXc4cn1LoCRSDuLeNvWNq8Z,I have bathed in the fount for the cleansing of sin - Frank M. Davis,NA,I have bathed in the fount for the cleansing of sin,Frank M. Davis,NA,classical,NA,publicdomain,0.0,0,0,4,1,1,0,18,307,17.055555555555557,False,2.3412103350811777,1.0,0.9192708333333334
QmVm2JSoFtmDQQh4DfbPLEsSeppDCq6qiy1BbyMrp4qj7Y,I have been alone with Jesus (Forman) - Mrs. R. R. Forman,NA,I have been alone with Jesus (Forman),Mrs. R. R. Forman,NA,classical,NA,publicdomain,0.0,0,0,8,2,1,0,24,331,13.791666666666666,True,2.8756056468213527,0.9697885196374624,0.9429347826086956
QmPWKW5mpwX1RqiLFBCUi7kkREBTAS6sqsGnyzPsE8vzMr,I have been to Jesus and He heard my prayer - Haldor Lillenas,NA,I have been to Jesus and He heard my prayer,Haldor Lillenas,NA,classical,NA,publicdomain,0.0,0,0,9,1,1,0,18,299,16.61111111111111,False,2.873210558814382,0.9531772575250836,0.97265625
QmPbFMXmYMucYyfGrS8J5nYpg12jxqG8mz1XmitfULZ1ZS,I have been to Jesus to be cleansed with powr - J. H. Hall,NA,I have been to Jesus to be cleansed with powr,J. H. Hall,NA,classical,NA,publicdomain,0.0,0,0,5,1,1,0,18,284,15.77777777777778,False,2.380671377416272,1.0,0.9544270833333334
QmPyNsjrzFkRrQ2jC3RAGp1DW7RVyrRAFPCENaCFirRXxM,I have been to the fountain of cleansing - J. Lincoln Hall,NA,I have been to the fountain of cleansing - J. Lincoln Hall,J. Lincoln Hall,NA,classical,NA,publicdomain,0.0,0,0,2,1,1,0,19,318,16.736842105263158,False,2.711069429571705,0.9748427672955976,0.955
QmYPQ1dDyCCGrp2DukvSSk9v1cJDNvrVpKd86ggY6Ywrdm,I have been upon the mountain where the skies seemed always bright - James M. Black,NA,I have been upon the mountain where the skies seemed always bright,James M. Black,NA,classical,NA,publicdomain,0.0,0,0,13,2,1,0,18,596,33.111111111111114,False,2.5543942587602424,0.9827586206896552,0.7990196078431373
QmexKUaAyRnXftNyf5t239g6UPCN27jdoeS8vG6vtqTtBo,I have blessed peace with Jesus - C. Harold Lowden,NA,I have blessed peace with Jesus,C. Harold Lowden,NA,classical,NA,publicdomain,0.0,0,0,3,2,1,0,17,401,23.58823529411765,True,2.862201017953542,0.9251870324189526,0.8567708333333334
QmURJZ84eAQzPpcLTu7fyZ7HCZjDxBHN27NyyQY9JGmQHd,I have blessings new like the morning dew - B. D. Ackley,NA,I have blessings new like the morning dew - B. D. Ackley,B. D. Ackley,NA,classical,NA,publicdomain,0.0,0,0,5,2,1,0,18,310,17.22222222222222,False,2.853770424338828,0.9580645161290322,0.9388020833333334
QmdGT7Kev7d92wUMXrNJSYGq9gToVnhWYtPr8AHRB3sG4n,I have chosen to walk in the narrow way - Mrs. C. H. Morris,NA,I have chosen to walk in the narrow way,Mrs. C. H. Morris,NA,classical,NA,publicdomain,0.0,0,0,6,2,1,0,19,332,17.473684210526315,False,2.664151619672709,0.9849397590361446,0.9309895833333334
QmS6JjpfL4WLaM5uu8WFhuDGKpzY3YNAk4hhe9zKgKZDPD,I have come after your stake,NA,I have come after your stake,Misc tunes,Chippewa Songs 1910,NA,NA,publicdomain,0.0,0,0,5,1,1,0,7,46,6.571428571428571,False,1.67917011230741,1.0,0.8541666666666666
QmeaSxWe2BrHbd1Y61WJ5RyEzcPskZU6XcVVhXfwjxFxCj,I have come just now from the wayside well - Jno. R. Sweney,NA,I have come just now from the wayside well,John R. Sweney,NA,classical,NA,publicdomain,0.0,0,0,3,2,1,0,17,296,17.41176470588235,False,2.522971014765716,1.0,0.9544270833333334
Qmayq24vM9oLngptF6BwtUmpJKbQ7VUTwdst5GBGNJrvo1,I have decided to follow Jesus,NA,I have decided to follow jesus,Misc Traditional,Trad. Sundaresen Singh,folk,hymn-christian-church,cc-zero,4.5,11,25,1128,1,1,0,16,45,2.8125,True,1.946889392583863,1.0,0.9527777777777776
Qmbshvjn7mRvQE19sb7H4dH2azsjsiSePiAgDBUZfS9x4a,I have dreamed sweet dreams of a better home - A. S. Kieffer,NA,I have dreamed sweet dreams of a better home,A. S. Kieffer,NA,classical,NA,publicdomain,0.0,0,0,8,1,1,0,17,237,13.941176470588236,False,2.423214077075815,1.0,0.94140625
QmZr3g7FJKiPAnfCBDvyCH1MKuJnAA118c4x3asc89tf6h,I have found a blessed refuge - Wm. J. Kirkpatrick,NA,I have found a blessed refuge,William J. Kirkpatrick,NA,classical,NA,publicdomain,0.0,0,0,4,2,1,0,19,296,15.578947368421051,False,2.622840145133238,0.9830508474576272,0.9364583333333334
QmfZGni1j4SY6tavvTMgnMzLuHcPzgGgZdpx2RWyYFsyqQ,I have found a friend divine (Sweney) - Jno. R. Sweney,NA,I have found a friend divine (Sweney) - Jno. R. Sweney,John R. Sweney,NA,classical,NA,publicdomain,0.0,0,0,3,1,1,0,16,199,12.4375,True,2.6007595816793025,0.9848484848484848,0.9347222222222222
QmZSpX3PWiKQBjwPJuA1dvBm1Tn5us5kyJfgozG8bTJnev,I have found a friend divine (Weeden) - W. S. Weeden,NA,I have found a friend divine (Weeden),W. S. Weeden,NA,classical,NA,publicdomain,0.0,0,0,5,1,1,0,32,429,13.40625,True,2.781248035733123,0.9766899766899768,0.96484375
QmeNXKbmFgMXntA1QtR14o1JmE9z8cnwKz2ozT1dUiztUj,I have found a friend indeed - Wm. J. Kirkpatrick,NA,I have found a friend indeed,William J. Kirkpatrick,NA,classical,NA,publicdomain,0.0,0,0,9,2,1,0,18,334,18.55555555555556,False,2.407338542181308,1.0,0.9440104166666666
QmVs14qrtRkN8cX4HGfcZSahtVk1kWg9TjLDSGttnEQA4L,I have found a friend that never will fail - Flora Hamilton Cassel,NA,I have found a friend that never will fail,Flora Hamilton Cassel,NA,classical,NA,publicdomain,0.0,0,0,6,1,1,0,19,297,15.63157894736842,False,2.247495742743052,1.0,0.9309895833333334
QmZvo3VwqMEM64x4bfupHHV9t6vLbG5nEAX5kMps4ikBQC,I have found a Friend to me so dear - L. E. Jones,NA,I have found a Friend to me so dear,L. E. Jones,NA,classical,NA,publicdomain,0.0,0,0,3,1,1,0,18,260,14.444444444444445,False,2.501452854974624,1.0,0.9622395833333334
QmPGWTdzwseUsiUL7H34gPmoLAGaty3K3ce7UcJMYAfixC,I have found a Friend who will love me to the end - E. S. Lorenz,NA,I have found a Friend who will love me to the end,E. S. Lorenz,NA,classical,NA,publicdomain,0.0,0,0,5,2,1,0,18,426,23.666666666666668,False,2.6970792403901505,0.9902912621359224,0.875
QmRP5cYsbAkze2fkS361ceCfzC7vzXsrhxaTcjb8GpbBsU,I have found a full salvation hallelujah - Chas. H. Gabriel,NA,I have found a full salvation hallelujah,Chas. H. Gabriel,NA,classical,NA,publicdomain,0.0,0,0,5,1,1,0,18,315,17.5,False,2.687728491367084,0.9809523809523808,0.9388020833333334
QmRu3WFA9rrquB1sXkNYJ6sPUoN4zYTi9AKdaBdJs3Hedd,I have found a great salvation - B. D. Ackley,NA,I have found a great salvation,B. D. Ackley,NA,classical,NA,publicdomain,0.0,0,0,4,2,1,0,21,394,18.761904761904763,False,2.698741528460524,0.9746192893401016,0.9215686274509804
QmddyJYf45Ma7XqWZZd17XBdqERVpWXqPjrWANftZ63sUw,I have found a heaven below - May Agnew Stephens,NA,I have found a heaven below,May Agnew Stephens,NA,classical,NA,publicdomain,0.0,0,1,4,2,1,0,16,288,18.0,True,2.939381257848438,0.9375,0.9055555555555556
QmecUqdhdQXP6BeZL5vAeUXUEVyAK76eExSZibTiCWoRba,I have found a help unfailing - Wm. Edie Marks,NA,I have found a help unfailing,Wm. Edie Marks,NA,classical,NA,publicdomain,0.0,0,0,3,2,1,0,18,382,21.22222222222222,False,2.531659391865997,0.986910994764398,0.9485294117647058
QmTwJZDFaPaQfNt4fupg5UdXbvgD3JzTdrB4mm1mXvgLNT,I have found a joy earth can never give - Samuel W. Beazley,NA,I have found a joy earth can never give,Samuel W. Beazley,NA,classical,NA,publicdomain,0.0,0,0,3,2,1,0,19,346,18.21052631578948,False,2.614132819005786,0.976878612716763,0.9362745098039216
QmdApK6WSaYAGbqTc9sivLfDyQspX1FZEBnpuXswvksTB3,I have found a peace abiding - E. S. Lorenz,NA,I have found a peace abiding - E. S. Lorenz,E. S. Lorenz,NA,classical,NA,publicdomain,0.0,0,0,3,1,1,0,20,353,17.65,False,2.528662486823569,1.0,0.9322916666666666
Qma7AygLwzGzmLpgEGMKSGCddUyCnajPQKvFcyyBdqU8xT,I have found a place for my weary head - Jno. R. Sweney,NA,I have found a place for my weary head,John R. Sweney,NA,classical,NA,publicdomain,0.0,0,0,7,1,1,0,18,274,15.22222222222222,False,2.4494775276720504,1.0,0.9270833333333334
QmQzeFY2D5uPsmjJyNEiwaQsmE6uAaXkbMsrDCu7bZe2wR,I have found a precious Friend - Wm. J. Kirkpatrick,NA,I have found a precious Friend,William J. Kirkpatrick,NA,classical,NA,publicdomain,0.0,0,0,5,1,1,0,16,193,12.0625,True,2.572714477028008,0.9896373056994818,0.9305555555555556
QmSfnR9WHohy4Vf2nVzTh4ZdwwuTvZKWnXXqEHM7idYqoj,I have found a rest complete - Frank L. Armstrong,NA,I have found a rest complete - Frank L. Armstrong,Frank L. Armstrong,NA,classical,NA,publicdomain,0.0,0,0,5,1,1,0,29,334,11.517241379310343,False,2.810420194511119,0.9700598802395208,0.8870614035087719
QmWQKxW9ZMLhPxYudxAxD3iwG1QHrCGbUxRetcscQbxM1E,I have found Him! I have found Him - W. S. Nickle,NA,I have found Him! I have found Him - W. S. Nickle,W. S. Nickle,NA,classical,NA,publicdomain,0.0,0,0,8,1,1,0,20,236,11.8,False,2.5429374183840303,0.9915254237288136,0.8819444444444444
QmYA5Ho95114exJeNCzKep4uhAsdaN5AkDH1rAo4hAMQZH,I have found I have found the way - James Mountain,NA,I have found I have found the way,James Mountain,NA,classical,NA,publicdomain,0.0,0,0,8,1,1,0,21,219,10.428571428571429,False,2.713060217447937,0.9908675799086758,0.9675925925925926
QmUmGD7vHv5KcigX89fpa2Qr1U6aRzvBNUwa1Xk1hYcHJw,I have found in Jesus the Redeemer from all sin - Homer A. Hammontree,NA,I have found in Jesus the Redeemer from all sin,Homer A. Hammontree,NA,classical,NA,publicdomain,0.0,0,0,3,2,1,0,16,338,21.125,True,2.6392826157523235,0.9822485207100592,0.9401041666666666
QmQBSNYwZKLvTknN1dKbd8o6XNsh3fejoa8KbtL527VF2u,I have found repose for my weary soul - Edmund S. Lorenz,NA,I have found repose for my weary soul,Edmund S. Lorenz,NA,classical,NA,publicdomain,0.0,0,0,3,1,1,0,26,431,16.576923076923077,False,2.347864337746777,1.0,0.9175347222222222
QmRvdSXodoSu4NkT5rFiVRMDDVk8Tsc1dxpwqwQqKt3bAW,I have found the joy of God - Daniel Otis Teasley,NA,I have found the joy of God,Daniel Otis Teasley,NA,classical,NA,publicdomain,0.0,0,0,3,0,2,0-0,17,322,18.94117647058824,True,2.3056523791312427,1.0,0.9427083333333334
QmZ1Z3kaXAd5EN6Mjux2AnBUcQoTt2FKzD3oMnvGwKpoGB,I have found the living fountain - Chas. H. Gabriel,NA,I have found the living fountain,Chas. H. Gabriel,NA,classical,NA,publicdomain,0.0,0,0,4,2,1,0,15,292,19.466666666666665,False,2.4118364603765388,0.9965753424657534,0.9357638888888888
QmazzhsUtwxRTH61T9QLvvmPqa1r27vvFKAieSqCft5sGg,I have found the place where I safe can rest - I. Allan Sankey,NA,I have found the place where I safe can rest,I. Allan Sankey,NA,classical,NA,publicdomain,0.0,0,0,4,2,1,0,17,308,18.11764705882353,False,2.595329259622767,0.9902597402597404,0.8715277777777778
QmZGFgtajWM853wHPMLMYQ4HgiEQCtiRPD64y1FBFY2xyG,I have found the Rose of Sharon - A. L. Byers,NA,I have found the Rose of Sharon,A. L. Byers,NA,classical,NA,publicdomain,0.0,0,0,5,2,1,0,20,265,13.25,False,2.6875603147132625,0.973384030418251,0.9191176470588236
QmQvsg5mhibprLsrNay9eg6bGpiKTwQVtsA5PEAC3BcMng,I have found the second blessing - E. T. Rinehart,NA,I have found the second blessing,E. T. Rinehart,NA,classical,NA,publicdomain,0.0,0,0,3,2,1,0,22,399,18.13636363636364,False,2.2912540757045603,1.0,0.9240196078431372
QmeQvPopzhaup3Xmc313UWkeXUzUd6BAEEW4kqJSc4ApLm,I have found the way - Adger M. Pace,NA,I have found the way,Adger M. Pace,NA,classical,NA,publicdomain,0.0,0,0,3,2,1,0,18,338,18.77777777777778,False,2.5833664333666166,0.9822485207100592,0.8932291666666666
QmNccqbC3iJL8yXmuRm3VJNZQ51qRoR9DvmXU2steS7yb1,I have found what I wanted what I sought for so long - Wm. Edie Marks,NA,I have found what I wanted what I sought for so long - Wm. Edie Marks,Wm. Edie Marks,NA,classical,NA,publicdomain,0.0,0,0,8,2,1,0,19,352,18.526315789473685,False,2.3927454140243287,0.9971590909090908,0.9440104166666666
QmP5He2hvDHCvSe2PuQEDSF6W78SqyH6sch9vuVrKQJUmy,I have given my heart to Jesus - Chas. H. Gabriel,NA,I have given my heart to Jesus,Chas. H. Gabriel,NA,classical,NA,publicdomain,0.0,0,0,3,2,1,0,21,441,21.0,False,2.768943271390788,0.9727891156462584,0.9283854166666666
QmZXXvEmLCbhtzjVFANrcx1mWeVHoeySnZ1sw3bNc47Wor,I have given up all for Jesus - H. H. Booth,NA,I have given up all for Jesus,H. H. Booth,NA,classical,NA,publicdomain,0.0,0,0,7,2,1,0,30,349,11.633333333333333,False,2.534631242572605,1.0,0.9088541666666666
QmNwPcn86AhExSDBGPya9etRENvBgiDf9kcACvZzd82eUM,I have heard a message sweet from the Lord today - Frank M. Davis,NA,I have heard a message sweet from the Lord today,Frank M. Davis,NA,classical,NA,publicdomain,0.0,0,0,5,1,1,0,19,299,15.736842105263158,False,2.359034270684061,1.0,0.9338235294117648
QmVwasUQBgV8sACcSXVjRGDGBKTR7iWSbzkabx1zU1c1SZ,I have heard a most wonderful story! (Excell) - E. O. Excell,NA,I have heard a most wonderful story! (Excell),E. O. Excell,NA,classical,NA,publicdomain,0.0,0,0,5,2,1,0,18,421,23.38888888888889,False,2.4525182575889,0.9899244332493704,0.7083333333333333
QmTNjMPUvNsGY6ZPGi5UqixtUW9rqooiSyJhc5sGK3ahVY,I have heard a voice that called me - Mrs. C. H. Morris,NA,I have heard a voice that called me,Mrs. C. H. Morris,NA,classical,NA,publicdomain,0.0,0,0,6,2,1,0,19,394,20.73684210526316,False,2.645949637337841,0.9822335025380712,0.9440104166666666
QmWk9G1LHcCBFdZ5tatVgMth9RV56HKw2RN8A3eC4E7Pe8,I have heard of a country immortal - G. F. Root,NA,I have heard of a country immortal - G. F. Root,G. F. Root,NA,classical,NA,publicdomain,0.0,0,0,3,1,1,0,27,457,16.925925925925927,False,2.411247975647541,0.9978118161925602,0.9365942028985508
QmUGSHYSE73JWLf1eg7CiExXPwJLNxKD7YkdkAF4tuV7a8,I have heard of a country where pilgrims - Wm. J. Kirkpatrick,NA,I have heard of a country where pilgrims,William J. Kirkpatrick,NA,classical,NA,publicdomain,0.0,0,0,5,2,1,0,27,514,19.03703703703704,False,2.582684025213522,0.9922178988326849,0.9383680555555556
QmaAtiHCk7C3R37rU7F9nXoYy36uiqHP6ZWSFH4DGqh2Ww,I have heard of a glorious land of song - J. K. Everett,NA,I have heard of a glorious land of song - J. K. Everett,J. K. Everett,NA,classical,NA,publicdomain,0.0,0,0,6,1,1,0,18,321,17.833333333333332,False,2.742029030116854,0.9750778816199376,0.9466145833333334
QmWMQUeZ4PjeEWUWKTQDb777JjKjWXbEzXzEt5WAHGKBzm,I have heard of a land (Harkness) - Robert Harkness,NA,I have heard of a land (Harkness),Robert Harkness,NA,classical,NA,publicdomain,0.0,0,0,26,2,1,0,34,354,10.411764705882351,False,2.8596074869339176,0.9405099150141644,0.9528985507246376
QmU13CnSwQG2bKQ6vj2Zw8LwwmaNKjRx8x1mDSuUCyxMkc,I have heard of a land of a beautiful land - Jno. R. Sweney,NA,I have heard of a land of a beautiful land,John R. Sweney,NA,classical,NA,publicdomain,0.0,0,0,4,0,2,1-1,18,368,20.444444444444443,False,2.421195015349876,0.9972826086956522,0.93359375
QmcJ6Y8BgKapzcRm2nvDdai92RUqwYoUkqfBzdjQQT8eRw,I have heard of a land that is wondrously fair - C. Harold Lowden,NA,I have heard of a land that is wondrously fair,C. Harold Lowden,NA,classical,NA,publicdomain,0.0,0,0,6,2,1,0,18,254,14.11111111111111,False,2.990362811859841,0.9488188976377953,0.9483333333333334
QmXT5mz5mXE3jJS8bAUiJnRHbaKEFkd3GdszooHhsiCi61,I have heard of a river that's deep and wide - J. Lincoln Hall,NA,I have heard of a river that's deep and wide,J. Lincoln Hall,NA,classical,NA,publicdomain,0.0,0,0,9,1,1,0,19,283,14.894736842105264,False,2.505856034270169,0.9858657243816256,0.93359375
QmSjHjWJv31iFR54L6SiN39XJCuaDzu5mKjHb5yi4Vtov7,I have heard the call of Jesus and am on my journey home - J. M. Henson,NA,I have heard the call of Jesus and am on my journey home,J. M. Henson,NA,classical,NA,publicdomain,0.0,0,0,6,2,1,0,18,405,22.5,False,2.4317931727049173,0.9876543209876544,0.9388020833333334
QmY6LRuC7kYN3rXrnAuMpo1G6fnoQ8rXvnJckwNc3L1HYQ,I have heard the still small voice - J. E. Delmarter,NA,I have heard the still small voice,J. E. Delmarter,NA,classical,NA,publicdomain,0.0,0,0,3,2,1,0,19,281,14.789473684210526,False,2.690653949455145,0.9715302491103204,0.9
QmSHiEk7Ze8yLN1931z6db2VYjuVQurdU8g7RiNj8egysd,I have heard Thy voice Lord Jesus (Sankey) - I. Allan Sankey,NA,I have heard Thy voice Lord Jesus (Sankey),I. Allan Sankey,NA,classical,NA,publicdomain,0.0,0,0,4,2,1,0,22,438,19.90909090909091,False,2.706235960706529,0.9771689497716894,0.9583333333333334
QmaCD3SH1yvKh3ZJz6eW13KJHeTmBqvbdzrKDv4u4JExP1,I have heard Thy voice Lord Jesus (Towner) - D. B. Towner,NA,I have heard Thy voice Lord Jesus (Towner),D. B. Towner,NA,classical,NA,publicdomain,0.0,0,0,4,1,1,0,30,380,12.666666666666666,False,2.767683108305405,0.9710526315789474,0.9089506172839508
QmWyWZ1RKvL64yzEcKBcx9bwyBT5oCPxeykbsyde6doNeg,I have Jesus dwelling with me (Morris) - Mrs. C. H. Morris,NA,I have Jesus dwelling with me (Morris),Mrs. C. H. Morris,Mrs. C. H. Morris,classical,NA,publicdomain,0.0,0,0,6,1,1,0,16,294,18.375,True,2.922925549582125,0.9333333333333332,0.9458333333333332
QmSEUmzSkayyvbCdj56CFmZhh6YNzom1tsg4rTwohfYrF7,I have labored for thee O sin - Wm. J. Kirkpatrick,NA,I have labored for thee O sin,William J. Kirkpatrick,NA,classical,NA,publicdomain,0.0,0,0,3,2,1,0,19,265,13.947368421052632,False,2.601845176770076,0.9924528301886792,0.8958333333333334
QmNpoQSwoYHftRqv8kgf8T7yVET7fQb4CgfXqDH8gtjUMv,I have laid my burden down - John R. Sweney,NA,I have laid my burden down,John R. Sweney,NA,classical,NA,publicdomain,0.0,0,0,15,2,1,0,18,345,19.166666666666668,False,2.584271121249758,0.9855072463768116,0.9388020833333334
QmUQuhgyiV6fVUmpFo78wKU8pnPHZYohiVFavHAsseWRcF,I have learned the sweetest song - Wm. J. Kirkpatrick,NA,I have learned the sweetest song - Wm. J. Kirkpatrick,William J. Kirkpatrick,NA,classical,NA,publicdomain,0.0,0,0,3,2,1,0,16,286,17.875,False,2.3842641881480464,1.0,0.9294871794871796
QmQGsxxh1rhbSa6EsQErEFzCdTFR2Eo2t57JdGoBkqYVYF,I have learned the wondrous secret - L. L. Pickett,NA,I have learned the wondrous secret,L. L. Pickett,NA,classical,NA,publicdomain,0.0,0,0,11,0,2,0-0,17,398,23.41176470588235,True,2.409054708124362,0.9823232323232324,0.9231770833333334
QmawzmxR5yz5kwTBC11XDZCxmz9zEcsh3SkhzxYicjZ5EZ,I have left all to follow my Savior - Clyde Willard,NA,I have left all to follow my Savior - Clyde Willard,Clyde Willard,NA,classical,NA,publicdomain,0.0,0,0,5,2,1,0,19,334,17.57894736842105,False,2.632370819095212,1.0,0.9560185185185184
QmSUrnvtDcjn3gNHGYpE38W7JyWnUmRontAhFKugwCe9cV,I have letters from my Father,NA,I have letters from my Father,Misc Traditional,NA,folk,NA,publicdomain,0.0,0,0,3,1,1,0,19,335,17.63157894736842,False,2.3195669400120926,1.0,0.953125
QmTgLpjQDPpwaP26piFGkxa8Z6MKE6tYbUHaDUQQLUJf1Q,I have looked and I live and my happy heart rejoices - Thomas P. Westendorf,NA,I have looked and I live and my happy heart rejoices,Thomas P. Westendorf,NA,classical,NA,publicdomain,0.0,0,0,3,1,1,0,20,417,20.85,False,2.67879001387998,0.9832134292565948,0.8982843137254902
QmWCmEVQivcb33M4hRyasKRLcQ5iHuHoRdFnZALRMx9g2n,I have lov'd ones before the white throne - Rev. L. Hartsough,NA,I have lov'd ones before the white throne,Rev. L. Hartsough,NA,classical,NA,publicdomain,0.0,0,0,2,1,1,0,20,263,13.15,False,2.3255253662487867,1.0,0.9149305555555556
QmVNoTFZCYkQbRM79BMoSQ8ey5d33PcX1aDeHp6AAnFEUr,I have loved thee yes I loved thee - Lewis Sperry Chafer,NA,I have loved thee yes I loved thee,Lewis Sperry Chafer,NA,classical,NA,publicdomain,0.0,0,0,6,2,1,0,12,356,29.666666666666668,True,2.71007906527178,0.9719101123595506,0.9409722222222222
QmfZ5fbha5duWWYxudvy3JahocbFpQq2dg7J4m14Xo6pcM,I have no fear that I shall fall - C. Harold Lowden,NA,I have no fear that I shall fall,C. Harold Lowden,NA,classical,NA,publicdomain,0.0,0,0,4,2,1,0,20,251,12.55,False,2.882494092327736,0.9322709163346612,0.9244791666666666
QmNzeHvVwPUskdbXhxve8HXkRtWuvRy3eBmDoXcW2NTfkw,I have no merit of my own - Chas. H. Gabriel,NA,I have no merit of my own,Chas. H. Gabriel,NA,classical,NA,publicdomain,0.0,0,0,6,1,1,0,18,220,12.22222222222222,False,2.444693598768714,1.0,0.9479166666666666
QmdDLD1CVbEGwPN7LGwuCpW8QWmBrChAc2tZeeWEWbgKek,I Have No Money,N'il Aon Airgead Agam,I Have No Money,Misc tunes,NA,NA,NA,publicdomain,0.0,0,0,3,1,1,0,33,246,7.454545454545454,False,2.530938024422559,1.0,0.9507575757575758
QmZZuvMCiSYrA8xRXsqZLDw9RygM9MXENC3VwJNyy96hsZ,I Have No Money,T\'aim gan Airgead,I Have No Money,Misc tunes,NA,NA,NA,publicdomain,0.0,0,0,1,1,1,0,17,118,6.941176470588236,False,2.5049859455869203,1.0,0.9544270833333334
QmPMvKfBQvDJumvbpZS5KCuv8m5L9e7ggpEViXaw5VNxLa,I Have No Money (reel) 1356,NA,I Have No Money,Misc tunes,after Mr. McFadden,NA,NA,publicdomain,0.0,0,0,6,1,1,0,19,133,7.0,False,2.6603973849466644,1.0,0.9518229166666666
QmewvyrqREyNF9qSHnjkzQd14nsoSwenfp3u64Hrra2UmF,I have nothing to do with tomorrow - May Whittle Moody,NA,I have nothing to do with tomorrow,May Whittle Moody,NA,classical,NA,publicdomain,0.0,0,0,5,2,1,0,20,305,15.25,False,2.9767266471874136,0.9278688524590164,0.90625
QmacyyyASuuKe38Yzmgzo7do4yeKKNGMKJdEuXPAuEKsMN,I have often been told of a wonderful country - Chas. H. Gabriel,NA,I have often been told of a wonderful country,Chas. H. Gabriel,NA,classical,NA,publicdomain,0.0,0,0,6,2,1,0,27,485,17.962962962962962,False,2.652314256779833,0.9812889812889812,0.931712962962963
QmcNhq7PVn3HwoLk6y8GNteLrM459EiXN6dy2JnWuhmH69,I have perfect peace today - Rev. Elisha A. Hoffman,NA,I have perfect peace today,Rev. Elisha A. Hoffman,NA,classical,NA,publicdomain,0.0,0,0,6,1,1,0,16,273,17.0625,True,2.3122998963533616,0.9963369963369964,0.9544270833333334
Qmf1mJGEPM5ynsocd8P1H18WNjiwSVabbsmoczG8wuRQUL,I have read of a song so wondrous sweet - D. B. Towner,NA,I have read of a song so wondrous sweet,D. B. Towner,NA,classical,NA,publicdomain,0.0,0,0,3,2,1,0,18,338,18.77777777777778,False,2.644603545947822,0.9822485207100592,0.9387254901960784
QmcdGJkWFf5CcfumdtSYfVus5sYU8GvfxwK8NinkDJPbMZ,I have surrendered to the Lord - Dr. H. L. Gilmour,NA,I have surrendered to the Lord,Dr. H. L. Gilmour,NA,classical,NA,publicdomain,0.0,0,0,3,1,1,0,10,115,11.5,False,2.28111967617297,1.0,0.8576388888888888
QmRiuK5ecp9DDxc38QoBCVasAT1Zwfghagzon7wK3YBviu,I have taken up my cross for Jesus - Haldor Lillenas,NA,I have taken up my cross for Jesus - Haldor Lillenas,Haldor Lillenas,NA,classical,NA,publicdomain,0.0,0,0,3,1,1,0,19,312,16.42105263157895,False,2.5171315812735378,0.967948717948718,0.9153645833333334
QmcUGKwZPfdFBUHnMCoi9uxvqNdXr4fMyNVhMNAxrE1sz5,I have tarried for the power - Haldor Lillenas,NA,I have tarried for the power,Haldor Lillenas,NA,classical,NA,publicdomain,0.0,0,0,5,1,1,0,18,343,19.05555555555556,False,2.7721062081894354,0.967930029154519,0.9388020833333334
QmQ4z4BCu9YwgKk7uGoBxQtNJcBMGrgD2BCLVjnLugeDHz,I have the joy joy joy joy down in my heart - George W Cooke,NA,I have the joy joy joy joy down in my heart,George W Cooke,NA,classical,NA,publicdomain,4.66,3,0,73,1,1,0,9,134,14.88888888888889,False,2.4358674910448506,1.0,0.9270833333333334
QmYVRC1MTPDHW6HgLrVwNDFxZN7YFkLjrjLwpAZJgGA5bo,I have toiled all night and for many a day - M. H. Evans,NA,I have toiled all night and for many a day,M. H. Evans,NA,classical,NA,publicdomain,0.0,0,1,13,2,1,0,18,314,17.444444444444443,False,2.507912695049579,0.9904458598726116,0.93359375
QmaZ6rWuDvM9DpaPKLe7utTatcsdgx6bVeqkxnt29QjQ9h,I have traveled France and Germany,NA,I have traveled France and Germany,Misc tunes,NA,NA,NA,publicdomain,0.0,0,0,3,1,1,0,20,113,5.65,False,2.75998699210255,0.991150442477876,0.859375
QmZu2aK6HeYAPzj6yywSusxp8Rfsjzx8fJR4sYHcNkwTVc,I have treasures wondrous treasures - Mary Herbert Munford,NA,I have treasures wondrous treasures,Mary Herbert Munford,NA,classical,NA,publicdomain,0.0,0,0,7,1,1,0,12,241,20.08333333333333,False,2.7305558345299064,0.979253112033195,0.8842592592592593
QmTKbReQPkNikDE7Hv2VjVUbLcw2jPX5acs2PHXPdUio2B,I Have Two Yellow Goats,NA,I Have Two Yellow Goats,Misc tunes,NA,NA,NA,publicdomain,0.0,0,0,1,1,1,0,32,142,4.4375,False,2.430573538850981,1.0,0.9375
QmStEAxsjoBYtwhDVxNXPs2jG26GjxhVhvbyicnW7gBJEM,I have wondrously been saved from sin - Frank M. Davis,NA,I have wondrously been saved from sin,Frank M. Davis,NA,classical,NA,publicdomain,0.0,0,0,4,1,1,0,19,223,11.736842105263158,False,2.4995345651365675,1.0,0.9544270833333334
QmajGbU5YBzm8SoCMnpTwUTKeSpR3mcNGhkWbdNAQTUtwk,I have work enough to do (Lorenz) - E. S. Lorenz,NA,I have work enough to do (Lorenz),E. S. Lorenz,NA,classical,NA,publicdomain,0.0,0,0,7,1,1,0,18,367,20.38888888888889,False,2.688284692766513,0.9863760217983653,0.96484375
QmTJnSf8kxXGRgTWqsWxeyzsoXUvqdK5noWAebJoza51Wz,I hear a voice; 'tis calling me - J. Lincoln Hall,NA,I hear a voice; 'tis calling me,J. Lincoln Hall,NA,classical,NA,publicdomain,0.0,0,0,4,2,1,0,19,314,16.526315789473685,False,2.883695260252993,0.9203821656050956,0.9557291666666666
QmZAZDC6vmdsCvUp3Jz6ySningX2P2XZVTHwUZtGngV57u,I hear the Galilean gently calling - C. Harold Lowden,NA,I hear the Galilean gently calling,C. Harold Lowden,NA,classical,NA,publicdomain,0.0,0,0,4,1,1,0,35,412,11.771428571428572,False,3.142816962232668,0.8762135922330098,0.949404761904762
QmRPPHbc7s6TjW2ekvaC8928tAst1tkgfLhzbB2EnsprUy,I hear the words of a precious Friend - W. H. Doane,NA,I hear the words of a precious Friend,W. H. Doane,NA,classical,NA,publicdomain,0.0,0,0,3,2,1,0,25,372,14.88,False,2.636576456075421,0.9865591397849462,0.9138888888888888
QmZdH8QuKWjwULrkcHsYYSfEbQXPAggUDYN1LMBKan8E5R,I hear the words that Jesus spake - N. B. Sargent,NA,I hear the words that Jesus spake,N. B. Sargent,NA,classical,NA,publicdomain,0.0,0,0,12,1,1,0,18,260,14.444444444444445,False,2.6110794753482423,0.953846153846154,0.9453125
QmV599qx3sxrjJhCdNJmPoDzwDiNxg8HZC87ughUBPVxxm,I heard a sweet voice calling - B. D. Ackley,NA,I heard a sweet voice calling,B. D. Ackley,NA,classical,NA,publicdomain,0.0,0,0,12,1,1,0,23,273,11.869565217391305,False,2.9273520397831803,0.9487179487179488,0.9553571428571428
QmdfzKanmApR6gfrx5ZRE6srcRT4SVW5pye5PfYpMjc9du,I heard a voice a still small voice - Samuel W. Beazley,NA,I heard a voice a still small voice,Samuel W. Beazley,NA,classical,NA,publicdomain,0.0,0,0,5,2,1,0,30,399,13.3,False,2.976460500244678,0.9348370927318296,0.9556159420289856
QmU31WtoQdYT5ErDYM1cj5ZXHSngtFGGjJQunh9N7GuRwv,I heard a voice that said Arise! - Chas. H. Gabriel,NA,I heard a voice that said Arise!,Chas. H. Gabriel,NA,classical,NA,publicdomain,0.0,0,0,2,1,1,0,25,282,11.28,False,2.8711246090115776,0.9184397163120568,0.8791666666666667
QmZ6Ysok9DYvVvQC2C1gc9Tm7DPXGu6y2LBMTbh1ZNH6jH,I heard a voice the sweetest voice (Harris) - Thoro Harris,NA,I heard a voice the sweetest voice (Harris),Thoro Harris,NA,classical,NA,publicdomain,0.0,0,0,5,1,1,0,17,235,13.823529411764708,False,3.033335782495786,0.9361702127659576,0.9713541666666666
QmXFUuEP1mkAAfXyF7BBpZ3jkvRVEYLs1t467ZZrdiF5EY,I heard it first at Calvary's hill - H. L. Gilmour,NA,I heard it first at Calvary's hill,H. L. Gilmour,NA,classical,NA,publicdomain,0.0,0,0,7,1,1,0,30,352,11.733333333333333,False,2.5128143260835816,0.9914772727272728,0.9525
QmTvsJ4Ab4H8ofMXSQ9m48LkyB1baS3XVzACB3SdRRoSWJ,I heard the blessed song of Gods free grace - Chas. H. Gabriel,NA,I heard the blessed song of Gods free grace,Chas. H. Gabriel,NA,classical,NA,publicdomain,0.0,0,0,5,1,1,0,17,304,17.88235294117647,False,2.576846252444942,0.986842105263158,0.8984375
QmZdeknocm7oK6Wy26iiQ2tSWnjaT5UgJfdWjgtzBwD1Q8,I heard the dear Redeemer say (Byers) - A. L. Byers,NA,I heard the dear Redeemer say (Byers),A. L. Byers,NA,classical,NA,publicdomain,0.0,0,0,5,1,1,0,20,215,10.75,False,2.2626640489425927,1.0,0.9683333333333334
QmSeHQ42t9GnMb31JsYbLGdwRwoN8L4f8ZSgEDje3u8pvz,I heard the Savior calling - Robert Harkness,NA,I heard the Savior calling,Robert Harkness,NA,classical,NA,publicdomain,0.0,0,0,7,1,1,0,15,182,12.133333333333333,False,2.7331812790200094,0.967032967032967,0.956140350877193
QmPd81XcgofDGhTwmeZgVJjfNgVwTkwitDAsm5LmETNXf1,I heard the voice of Jesus say (Hull) - Asa Hull,NA,I heard the voice of Jesus say (Hull),Asa Hull,NA,classical,NA,publicdomain,0.0,0,0,15,1,1,0,20,288,14.4,False,2.5680758164833875,0.9965277777777778,0.921875
QmWBHP6j6ymJ7vjEhpFbh1EzteF2XYTojNekfBPb2YoYGS,I heard the voice of Jesus say (Lowe) - J. J. Lowe,NA,I heard the voice of Jesus say (Lowe),J. J. Lowe,NA,classical,NA,publicdomain,0.0,0,0,12,1,1,0,17,256,15.058823529411764,False,2.468036908713565,0.99609375,0.8854166666666666
QmZNxPnhEwKF91M6hMFx8mteMHkaft9P5bZDfFZHyBnPfr,I heard the voice of Jesus say (McPhail) - M. L. McPhail,NA,I heard the voice of Jesus say (McPhail),M. L. McPhail,NA,classical,NA,publicdomain,0.0,0,0,14,1,1,0,19,272,14.31578947368421,False,2.88190970125222,0.9558823529411764,0.957175925925926
QmTi8kBFw1uFhEJ8295T9AusgAWunG6JBrzq5rivL7XF8L,I heard the voice of Jesus say (Tullar) - Grant Clufax Tullar,NA,I heard the voice of Jesus say (Tullar),Grant Clufax Tullar,NA,classical,NA,publicdomain,0.0,0,0,26,2,1,0,20,334,16.7,False,2.785672140102487,0.9713375796178344,0.7621527777777778
QmVjgwMuaV8Etw33ftJET9RiBUzA8YdTKrxt8ZkjvrKqd6,I heard the voice of Jesus saying - Nellie Place Chandler,NA,I heard the voice of Jesus saying - Nellie Place Chandler,Nellie Place Chandler,NA,classical,NA,publicdomain,0.0,0,0,3,1,1,0,27,328,12.148148148148149,False,2.6779100131546096,0.972560975609756,0.9618055555555556
QmXoRZens22Rs9xjbf5wrDN6jvAgNR7riYQNhfQYYq9iNP,I heard the voice of weeping - F. Birdsall,NA,I heard the voice of weeping,F. Birdsall,NA,classical,NA,publicdomain,0.0,0,0,3,1,1,0,20,199,9.95,False,2.745100864256688,0.9698492462311558,0.9079861111111112
QmPsqXKJ27z2Zuam7kUHB3Qz1uVZQRHBoj7SWLZbeCKEjw,I hold a secret dolly - Thoro Harris,NA,I hold a secret dolly - Thoro Harris,Thoro Harris,NA,classical,NA,publicdomain,0.0,0,0,2,2,1,0,22,301,13.681818181818182,False,3.1149341641436568,0.8866666666666667,0.90625
Qmf8yTr6qQ3Fgaev7sF4A7WQ3DSyYyorTdwutbXR19kjzA,I hope to live till Jesus comes - R. E. Winsett,NA,I hope to live till Jesus comes,R. E. Winsett,NA,classical,NA,publicdomain,0.0,0,0,2,1,1,0,26,382,14.692307692307692,False,2.453514684641976,0.989501312335958,0.9513888888888888
QmNcxmMQyz6YYC6SMUYfxTYdVgQQrLLFqg7DTPPi5obfp9,I hunger to know more of Jesus - Barney Elliott Warren,NA,I hunger to know more of Jesus,Barney Elliott Warren,NA,classical,NA,publicdomain,0.0,0,0,2,1,1,0,19,69,3.631578947368421,False,2.5851993657400407,0.9855072463768116,0.8928571428571429
QmcTFZ2SxQHmwA4DcCKtwAVY53hdfvLm24WEfK1RSaNEGu,I journey along mid the trials of life - D. B. Towner,NA,I journey along mid the trials of life,D. B. Towner,NA,classical,NA,publicdomain,0.0,0,0,4,2,1,0,18,354,19.666666666666668,False,2.561986103418778,0.9915254237288136,0.8784722222222222
Qmby6AXuizqjapdwYJvgfGupXxoM4bBBjQnjF5CF45yVBj,I journey to a better land - M. L. McPhail,NA,I journey to a better land,M. L. McPhail,NA,classical,NA,publicdomain,0.0,0,0,3,1,1,0,20,238,11.9,False,2.8597505066740383,0.9663865546218487,0.9583333333333334
QmSivuNSHCXFp2ANUxJnR6qWdwTQ3gV2if3hTELhJAmTuc,I journeyed oft with sadness and shadowy was the day - W. A. Post,NA,I journeyed oft with sadness and shadowy was the day,W. A. Post,NA,classical,NA,publicdomain,0.0,0,0,2,2,1,0,34,461,13.558823529411764,False,2.963035148670844,0.93058568329718,0.9791666666666666
QmfWwfuwpv2UWTa7VhCysQpijvTzgAZTV9Yz28zxhHQufi,I just called to say I love you,NA,i just called to say i love you,Stevie Wonder,Stevie Wonder,pop-rbfunksoul,NA,cc-zero,4.52,39,48,1864,1,1,4,129,307,2.37984496124031,True,2.865440817627654,0.9381107491856676,0.9457020997375328
QmTLwqgNYk8tZLH8YG3oaAaFFj65j8UxnJYATiFBYFpqGj,I kick my socks off in my sleep,NA,NA,NA,NicThamesDrums,NA,snare-drum-solo-lick-rudiments-i-kick-my-socks-in-sleep-off,cc-zero,0.0,0,1,80,0,1,6,10,142,14.2,True,0.7249559752231856,0.9859154929577464,0.6190476190476191
QmdfGo9PUsXL9Yj6t5oC6N8GczNqckiMgGeXBwB3gXP6ni,I Kist thee Babe kist thee. LW.149,NA,I Kist thee Babe kist thee. LW.149,Misc tunes,NA,NA,NA,publicdomain,0.0,0,0,2,1,1,0,26,136,5.230769230769231,False,2.555657121521444,0.9852941176470588,0.8726851851851851
QmNzg8REZa91beZ2Qeu5bDXmsbPzhjeFHYYZZPQFq25Q8c,I kneel beside Thy sacred Cross - Richard Slater,NA,I kneel beside Thy sacred Cross - Richard Slater,Richard Slater,NA,classical,NA,publicdomain,0.0,0,0,7,1,1,0,33,252,7.636363636363637,False,2.8230437291791337,0.9682539682539684,0.953125
QmVvUpntk3Y5EbutMnD4nu5ptBgEmojpnZm7cBNs1cJz5n,I knew that God in his Word had spoken - E. F. Miller,NA,I knew that God in his Word had spoken,E. F. Miller,NA,classical,NA,publicdomain,0.0,0,0,5,1,1,0,19,258,13.578947368421051,False,2.285201041645154,1.0,0.9244791666666666
Qmez2PeEpta2FcXie3cQYWnvCphWKjN7TBeTfFCvoeWh1J,I know a fountain deep and wide - H. L. Gilmour,NA,I know a fountain deep and wide,H. L. Gilmour,NA,classical,NA,publicdomain,0.0,0,0,4,2,1,0,29,407,14.03448275862069,False,2.6136716015646018,0.9852579852579852,0.896875
QmeUxSVusZao7kxQtQqPyuZfur6bPqRtJwF19RumzsV3tz,I know at the river of death - A. F. Myers,NA,I know at the river of death,A. F. Myers,NA,classical,NA,publicdomain,0.0,0,0,4,1,1,0,18,318,17.666666666666668,False,2.3530350883773714,1.0,0.8819444444444444
QmauLGRkFEBzECCkT1bqcNMrVmoaXkyhEHDyczDg6xJu6g,I know him so well,NA,I Know Him So Well,Benny Anderson TIM RICE and BJÖRN ULVAEUS,Benny Andersson Björn Ulvaeus Tim Rice,NA,NA,cc-zero,4.82,48,63,1846,2,1,4,71,1180,16.619718309859156,False,2.849080951639672,0.969439728353141,0.9694835680751174
QmYDGRFLLiRz24uVtioXixLrpPTggJWsFdZgF5vZZCftYT,I know I am a sinner in the sight of God - C. Austin Miles,NA,I know I am a sinner in the sight of God,C. Austin Miles,NA,classical,NA,publicdomain,0.0,0,0,3,1,1,0,36,452,12.555555555555555,False,2.548908092264443,0.9845132743362832,0.8932291666666666
QmQrJEBLen1syugAsSwoGhzvhve4LuFjmTam6DjR7q4wge,I know I'll see the glorious crown - H. W. Porter,NA,I know I'll see the glorious crown,H. W. Porter,NA,classical,NA,publicdomain,0.0,0,1,16,1,1,0,21,271,12.904761904761903,False,2.899428298277828,0.9446494464944648,0.9407894736842104
QmfBViCZ87CuubrD1NAgG2jgF6NVrhJtPT6C5gxZFxkGnV,I know in whom I am trusting - Wm. J. Kirkpatrick,NA,I know in whom I am trusting,William J. Kirkpatrick,NA,classical,NA,publicdomain,0.0,0,0,3,2,1,0,28,362,12.928571428571429,False,2.721474863086053,0.9779005524861878,0.8993055555555556
QmY96wse6GtVBqq2P9JkXB4WtvoRBEUKH4oMb2vuz3pphn,I know my heavenly Father knows - E. O. Excell,NA,I know my heavenly Father knows,E. O. Excell,NA,classical,NA,publicdomain,0.0,0,0,7,2,1,0,21,382,18.19047619047619,False,2.525226367933432,0.9895287958115184,0.8255208333333334
QmWFzJFyhV2xFq9FLpvcF27vKgXpH5Ss3TNDNTGEQdBZbx,I know my Lord will come - Flora H. Cassel,NA,I know my Lord will come,Flora H. Cassel,NA,classical,NA,publicdomain,0.0,0,0,7,2,1,0,21,300,14.285714285714286,False,2.843547864688869,0.9423728813559322,0.9672619047619048
QmXkHJDsrCMeHq3pWjDTWsKqvxpQeaLskCdUG37rwot8XP,I know not how soon Christ is coming again - De Loss Smith,NA,I know not how soon Christ is coming again,De Loss Smith,NA,classical,NA,publicdomain,0.0,0,0,4,2,1,0,19,320,16.842105263157894,False,2.8861247421502183,0.9559748427672956,0.9375
QmRTY4zBz2iFz59gJsSLyxPq5qzqNaLJqSLNSZibxcuGnN,I know not how soon God will bid me to come - John McPherson,NA,I know not how soon God will bid me to come,John McPherson,NA,classical,NA,publicdomain,0.0,0,0,5,1,1,0,18,331,18.38888888888889,False,2.4601951450606183,1.0,0.9027777777777778
QmRQRoGWvPr6YPEUrhikpbxQVCjE5ebvbtwRAYjQdLQzzT,I know not if or dark or bright,NA,I know not if or dark or bright,Misc Traditional,NA,folk,NA,publicdomain,0.0,0,0,3,1,1,0,11,120,10.909090909090908,False,2.365406311940793,1.0,0.9609375
Qmf5GrXnCAAsiUbJcJsNYkytnEdYWCDDgoDTqFFtdJ84R7,I know not now what perils lie - J. H. Meredith,NA,I know not now what perils lie,J. H. Meredith,NA,classical,NA,publicdomain,0.0,0,0,5,1,1,0,20,196,9.8,False,2.6859989571103178,0.9846938775510204,0.9322916666666666
QmNMvLJ9mA9YutKj3orYsoonnBDP9wJC7TRVGFpVqe3cuq,I know not what a day may bring - Wm. J. Kirkpatrick,NA,I know not what a day may bring,William J. Kirkpatrick,NA,classical,NA,publicdomain,0.0,0,0,5,1,1,0,20,241,12.05,False,2.986915936993887,0.908713692946058,0.8802083333333334
QmdfGhk5j63oqfNRR5KoFrHhwx6ER9EJmer9KC9WtoArqG,I know not what before me lies - Chas. H. Gabriel,NA,I know not what before me lies,Chas. H. Gabriel,NA,classical,NA,publicdomain,0.0,0,0,5,2,1,0,19,278,14.63157894736842,False,2.950339872986952,0.9316546762589928,0.9895833333333334
QmUsxSWGHAQzQySjHCqfecEzNaiN67brYJA86vMGKAA477,I know not what He'll give me - May Chenevix-Trench,NA,I know not what He'll give me - May Chenevix-Trench,May Chenevix-Trench,NA,classical,NA,publicdomain,0.0,0,0,4,1,1,0,20,274,13.7,False,3.072078952957176,0.9197080291970804,0.9151785714285714
QmQZ8a6ZnscHzioJDZ2skiqn8EMrK6Ucs8HEhcRfdWTY7v,I know not what to ask - H. P. Danks,NA,I know not what to ask,H. P. Danks,NA,classical,NA,publicdomain,0.0,0,0,3,1,1,0,17,205,12.058823529411764,False,2.8538695590991576,0.926829268292683,0.9479166666666666
QmUjvuK5XjApePXZ17SvvfGAfHuw4CJyCTMp8mNjYG1eg4,I know not when the light shall break - Haldor Lillenas,NA,I know not when the light shall break,Haldor Lillenas,NA,classical,NA,publicdomain,0.0,0,0,5,2,1,0,19,225,11.842105263157896,False,3.005256995812128,0.9333333333333332,0.9756944444444444
QmY87zcay4r2sxZeLcYSYFevpmpo3yd14qLofLWqFhaVeC,I know of a love that is stronger than sin - C. Austin Miles,NA,I know of a love that is stronger than sin,C. Austin Miles,NA,classical,NA,publicdomain,0.0,0,0,3,2,1,0,18,401,22.27777777777778,False,2.7843277288680524,0.9623115577889448,0.9366666666666666
QmanyuHkN82AMgcW2SfEKMwirgnRYGjEJW7WYwDVerwfAG,I know of a stream that floweth - J. H. Tenney,NA,I know of a stream that floweth,J. H. Tenney,NA,classical,NA,publicdomain,0.0,0,0,3,1,1,0,20,276,13.8,False,2.5011948241726,0.9927536231884058,0.929398148148148
QmZowQA6gAZqvtuv6r7KiJNZ7ww39kcnYKHE78Tvc8PewU,I know one kind Shepherd a true faithful Guide - Thoro Harris,NA,I know one kind Shepherd a true faithful Guide - Thoro Harris,Thoro Harris,NA,classical,NA,publicdomain,0.0,0,0,4,2,1,0,18,296,16.444444444444443,False,3.0283755117269098,0.9273356401384084,0.9288194444444444
QmXTKW6NkP4QhxESiLZwnnoWN5EGajBhfgUY3tY6oMLLoH,I know that mamma loves me - J. M. Black,NA,I know that mamma loves me - J. M. Black,J. M. Black,NA,classical,NA,publicdomain,0.0,0,0,2,1,1,0,30,246,8.2,False,2.577189693663694,0.983739837398374,0.9780092592592592
QmcBjUqVQK9ntuZbySUdP4vCDtZUaxCXszXBrzSHFaPs8U,I know that my Redeemer lives (Byers) - A. L. Byers,NA,i know that my redeemer lives,LDS Hymns,NA,classical,NA,publicdomain,0.0,0,0,21,1,1,0,20,281,14.05,False,2.487143136316762,0.98932384341637,0.900462962962963
QmTxjFf2gTrkHZp1X2vraNEnQY6F2VyDCGQviqXuAPx1U2,I know that my Redeemer lives (Glenn) - R. A. Glenn,NA,i know that my redeemer lives,LDS Hymns,NA,classical,NA,publicdomain,0.0,0,0,32,1,1,0,18,243,13.5,False,2.514041440924069,1.0,0.9401041666666666
QmXhbaD5wWCE2SLdBBwNPVgLboMdJRVaU3VgPAXdjxnhoc,I know that my Redeemer lives (Hull) - Asa Hull,NA,i know that my redeemer lives,LDS Hymns,NA,classical,NA,publicdomain,0.0,0,0,19,1,1,0,15,165,11.0,False,2.2914823413405565,1.0,0.9340277777777778
QmaMzwDZYEoD6LY7tq1R3LGHkFiNavtSPiTUkP5dL9Zotx,I know that my Redeemer lives (Sweney) - Jno. R. Sweney,NA,I know that my Redeemer lives (Sweney),John R. Sweney,NA,classical,NA,publicdomain,0.0,0,0,42,1,1,0,18,315,17.5,False,2.625261431718052,0.9873015873015872,0.9398148148148148
QmNjNdBiwMqgQyEvvMuCdHSHKsShbn7cg7dtFE97Ncca2m,I know the hope which the Christians possess - De Loss Smith,NA,I know the hope which the Christians possess,De Loss Smith,NA,classical,NA,publicdomain,0.0,0,0,2,2,1,0,24,433,18.041666666666668,True,2.8177308616155363,0.9561200923787528,0.9837962962962964
QmUeBdcCGU1Dpm9BhV53ubFVLCgL52RYJm3eDMY5rLy6rD,I know there's a crown for the saints of renown - Rev. A. A. Graley,NA,I know there's a crown for the saints of renown,Rev. A. A. Graley,NA,classical,NA,publicdomain,0.0,0,0,5,1,1,0,17,296,17.41176470588235,False,2.475509736630487,1.0,0.9375
QmavZtxhmP9YjsbS1gDqN1BGxtagJq1iiA1Dfb2bUocegc,I know there's a rest for the good that labor here (Jelley) - J. J. Jelley,NA,I know there's a rest for the good that labor here (Jelley),J. J. Jelley,NA,classical,NA,publicdomain,0.0,0,0,2,2,1,0,18,301,16.72222222222222,False,2.826184885243953,0.9634551495016612,0.9270833333333334
QmXwBNdkp9vM2KeG28Et1WMJ4KEtuHRcbVY54Emi2gDLLW,I know theres a place in the distance somewhere - Geo. F. Sayers,NA,I know theres a place in the distance somewhere,Geo. F. Sayers,NA,classical,NA,publicdomain,0.0,0,0,2,1,1,0,47,489,10.404255319148936,False,2.6336703654026614,0.98159509202454,0.9301470588235294
Qmd6WCpKNQe35SpFvX8J8xchZLwFkdzevnkq1953ZaYTck,I know what they sing in the glory - Ira B. Wilson,NA,I know what they sing in the glory,Ira B. Wilson,NA,classical,NA,publicdomain,0.0,0,0,3,2,1,0,18,338,18.77777777777778,False,2.969300369117952,0.9378698224852072,0.920343137254902
QmUNFfNM5cDNevAvEybzMDxV4RmDSiqjgmVs1a2gUCsdsa,I Know What You Like (jig) 0722,NA,I Know What You Like,Misc tunes,after Mr. McFadden,NA,NA,publicdomain,0.0,0,0,2,1,1,0,40,202,5.05,False,2.652298968688924,1.0,0.9491421568627452
QmcEjMKuhxxkDPMtc9wfp1oSWvGZdhNCdghWeVU9PVGw36,I know who came to die for me - Wm. J. Kirkpatrick,NA,I know who came to die for me,William J. Kirkpatrick,NA,classical,NA,publicdomain,0.0,0,0,2,1,1,0,20,247,12.35,False,2.740904560596237,0.9635627530364372,0.9375
QmbXk3YSu4NuQiNtNBWuwfCPgdBnK8tCfLhNWTeCjjuCqH,I lay bound and helpless in the toils of sin - Powell G. Fithian,NA,I lay bound and helpless in the toils of sin,Powell G. Fithian,NA,classical,NA,publicdomain,0.0,0,0,4,1,1,0,12,261,21.75,True,2.592162574653764,0.9808429118773946,0.9340277777777778
QmPVAveepTq2P3jN3WceHPHe3EUvDg6EzPuVJjbN4S8Hrt,I lay me down in peace to sleep - M. A. Sea,NA,I lay me down in peace to sleep,M. A. Sea,NA,classical,NA,publicdomain,0.0,0,0,4,1,1,0,14,129,9.214285714285714,False,2.621741325547831,0.9534883720930232,0.9541666666666668
QmTNekm3W9iHhsG7XjXCNwKAWbG39NTprMhMwVZcAe4T8P,I learned a song with sweet refrain - Frank M. Davis,NA,I learned a song with sweet refrain,Frank M. Davis,NA,classical,NA,publicdomain,0.0,0,0,10,1,1,0,27,213,7.888888888888889,False,2.8241648449196326,0.9154929577464788,0.9205729166666666
QmPKu1SxxSqqsiRSA3hJfAiR8uQj9UJzkRKXPgmvHc8wAZ,I leave it all with Jesus - Carey Boggess,NA,I leave it all with Jesus,Carey Boggess,NA,classical,NA,publicdomain,0.0,0,0,3,2,1,0,29,428,14.758620689655173,False,2.8384869922343463,0.9481132075471698,0.9210069444444444
QmeFzPVWDSjuYfqxei34A3zmCgahnSxFDuHRmdG5rRyCii,I leave it all with Jesus - Robert Lowry,NA,I leave it all with Jesus,Robert Lowry,NA,classical,NA,publicdomain,0.0,0,0,2,1,1,0,12,109,9.083333333333334,False,2.564299771175219,0.9908256880733946,0.9236111111111112
QmUgogUsKHifDkyr9mkjx6xwJd53A47xET6LRMtvvtc6Yc,I Leave You In Sadness (air) 0607,NA,I Leave You in Sadness.,Misc tunes,after Chief F. O'Neillwith expression,NA,NA,publicdomain,0.0,0,0,3,1,1,0,19,103,5.421052631578948,False,2.6728481033048386,1.0,0.8932291666666666
QmVCX4F6XrgwZ7dS6ikshBkbiXuZQKQ8F5tjPzCqqfDX3J,I Leave You To Guess (air?) 0264,NA,I Leave You to Guess,Misc tunes,after Sg't J. O'Neillslow then fast,NA,NA,publicdomain,0.0,0,0,0,1,1,0,13,58,4.461538461538462,False,2.1350476245582284,1.0,0.8863636363636364
QmeHi2VVWz8cNcTVkuAPTZrFNdbTAeBk798rSFtryYrGnp,I left it all with Jesus - Miss H. M. Warner,NA,I left it all with Jesus,Miss H. M. Warner,NA,classical,NA,publicdomain,0.0,0,0,7,1,1,0,21,257,12.238095238095235,False,2.356351783179901,1.0,0.9263888888888888
QmUbfQXLx2Q2D4xbVVcgNpqqSybhD3LmKXyWyeSdHn2dZy,I Lie With My Mammy Nae Mare. JMT.021,NA,I Lie With My Mammy Nae Mare. JMT.021,Misc tunes,NA,NA,NA,publicdomain,0.0,0,0,2,1,1,0,36,174,4.833333333333333,False,2.543833550790274,1.0,0.9583333333333334
QmTjcqUCqdz4obn5YoBekanFzW39nNHW4PmSjvymdyTYj6,I lift mine eyes to Sion hill - Joseph Key,PSALM CXXI,I lift mine eyes to Sion hill,Joseph Key,Joseph Key,classical,NA,publicdomain,0.0,0,0,15,0,4,0-0-0-0,47,333,7.085106382978723,True,2.806107614193271,0.9847094801223242,0.9305555555555556
QmbQxpoqjhGwTq8ieUbtWh1YytiiPacU3S6L3hidXBXgea,I lift my heart to Thee - James Mountain,NA,I lift my heart to Thee,James Mountain,NA,classical,NA,publicdomain,0.0,0,0,5,1,1,0,14,164,11.714285714285714,False,2.9027013608605725,0.9390243902439024,0.9083333333333332
QmSSa1ywM52KEeTSKCoEBZpMNM8WgTovxiTBamFBRLyova,I lift my heart to thee - John Valentine,NA,I lift my heart to thee,John Valentine,John Valentine,classical,NA,publicdomain,0.0,0,0,2,0,5,0-0-0-0-0,23,251,10.91304347826087,True,2.714592012897437,0.961864406779661,0.9662698412698412
QmZ8BG9fTJ5s8UH4c9WMRNkHdquHNViEtuYQkEA7F2LKtV,I lift my thankful song - James McGranahan,NA,I lift my thankful song,James McGranahan,NA,classical,NA,publicdomain,0.0,0,0,5,2,1,0,23,369,16.043478260869566,False,2.8575089269628147,0.967479674796748,0.9489583333333332
QmcS9rXVwAEHnPqGLMy6HGynyUBzGpfFkamQT3Yf4SgavQ,I lift up my eyes to the quiet hills all parts,NA,NA,NA,NA,NA,NA,cc-zero,0.0,0,0,81,1,1,0,18,92,5.111111111111111,False,2.70824775436194,1.0,0.9558823529411764
QmYZ1GsCLwTKmP1xzXAdJPCPXG28yzvkxsmCAzED1pDrKx,I Like Sugar In My Coffe,(Called Cotton Eyed Joe),I Like Sugar In My Coffe,Misc tunes,NA,NA,NA,publicdomain,0.0,0,0,15,1,1,0,24,108,4.5,False,2.58188650162215,1.0,0.984375
QmTXZ2Zuf9dUikXM8e5yUZ3zV5GqXczoBwnWav57nqCko2,I like the flowers,NA,NA,NA,NA,NA,NA,cc-zero,4.41,9,16,532,0,1,0,18,121,6.722222222222222,True,2.5275337172471457,1.0,0.945601851851852
QmZCBPeBUmpUKYkwGLno13hevz9KCzNe2LCWAr39qR34og,I Like Your Hat (Cyanide and Happiness Theme),NA,i like your hat,Dunno,NA,NA,NA,publicdomain,4.9,8,176,15326,2,1,0,36,801,22.25,False,2.838327683883242,0.8888888888888888,0.964699074074074
QmQkXt6inzm3PX7j1nuusiruoGqiXfV7GUneCnNBDuzM51,I Likes A Drop Of Good Beer,NA,I Likes A Drop Of Good Beer,Misc tunes,NA,NA,NA,publicdomain,0.0,0,0,11,1,1,0,18,69,3.8333333333333335,False,2.646260063596087,1.0,0.9184027777777778
Qme9s7TXWTdCuhGsMA99WXtnsREDTsFP5GpUpYLFfK6p8r,I Live For Jesus,NA,I Live For Jesus,Misc Traditional,NA,folk,NA,publicdomain,0.0,0,0,4,2,1,0,19,257,13.526315789473683,False,3.0085175281027485,0.9182879377431906,0.982843137254902
QmVPBRxPD1Pf8ritLghp3sr3NiZfqhA46Pf3SkEfmvG5os,I Live Not Where I Love,NA,I Live Not Where I Love,Misc tunes,NA,NA,NA,publicdomain,0.0,0,0,7,1,1,0,13,44,3.3846153846153846,False,2.6126502330422663,1.0,0.9615384615384616
QmSTQtjkB19Yh1qHD96nyp8f2gEyQygQdWWGRPnsAgqVhr,I ll Ever Be In Reharmonization?,NA,NA,NA,NA,NA,reharmonize-christian-jazz-jass-god-jesus-praise,cc-zero,0.0,0,0,18,1,1,0,62,179,2.8870967741935485,False,2.9636987761526017,0.9497206703910616,0.977836879432624
QmSqfiZCZYcUz6KPtKSaciGrSkL1XDn11Dcx6cdEcszVmp,I long for that beautiful beautiful home - Oscar A. Miller,NA,I long for that beautiful beautiful home,Oscar A. Miller,NA,classical,NA,publicdomain,0.0,0,1,7,2,1,0,17,286,16.823529411764707,False,2.7391503363021785,0.9789473684210528,0.9114583333333334
QmVrSPTe7ET1C67GeeqbpkvQzpVdgQEptKeJAtbLNjk3AZ,I look away across the sea - F. H. Cassel,NA,I look away across the sea,F. H. Cassel,NA,classical,NA,publicdomain,0.0,0,0,6,1,1,0,19,297,15.63157894736842,False,2.757807702736854,0.9831649831649832,0.9424603174603174
QmcMnKUeNRhDquYzFprxDACAz3hiXgsAKASr1yFs8iU9Eb,I Looked East And I Looked West,NA,I Looked East And I Looked West,Misc tunes,NA,NA,NA,publicdomain,0.0,0,0,1,1,1,0,36,128,3.555555555555556,False,2.713546196513336,1.0,0.921875
QmaCvzgCgdUnqrTXCU3iH8C8wX78ch3FnrdDkiizThqxuq,I Looked East And I Looked West,NA,I Looked East And I Looked West,Misc tunes,NA,NA,NA,publicdomain,0.0,0,0,1,1,1,0,40,185,4.625,False,2.678412017911795,0.9837837837837838,0.9197916666666668
QmYEMRj7UpqtMJXArqFMGjWFswECfXFXQyzD81agAgasUw,I looked to Jesus in my sin - D. W. Whittle,NA,I looked to Jesus in my sin,D. W. Whittle,NA,classical,NA,publicdomain,0.0,0,0,5,1,1,0,20,225,11.25,False,2.6861259253875733,0.9866666666666668,0.9620098039215688
QmWNw7LZhad4brpVm8T34hQs67e1MkZgA2zB3NACgvbt96,I Love a Lassie,Hieland Lassie,I Love A Lassie,Misc tunes,NA,NA,NA,publicdomain,0.0,0,0,11,1,1,0,16,42,2.625,False,2.762663328162702,0.9761904761904762,0.9569444444444444
QmdxrM5nSG2dcWBgNGKK7W3FDaSySJXuxsBHLAPSJQ5b9v,I Love a Lassie,Ma Scotch bluebellHieland Lassie,I Love A Lassie,Misc tunes,Harry Lauder & Gerald Grafton (ca. 1906),NA,NA,publicdomain,4.49,3,0,283,1,1,0,65,186,2.8615384615384616,True,2.771445420854218,0.989247311827957,0.927734375
QmRHEhsLnGTKjai9EKsKEc2SFjm1PBHXZgdH3QMCdWVq3X,I Love A Lassie,NA,I Love A Lassie,Misc tunes,Joe Buchanan's Scottish Tome - Page 093.1,NA,NA,publicdomain,0.0,0,0,37,1,1,0,32,90,2.8125,False,2.7740015051592337,0.9777777777777776,0.9333333333333332
QmVk8b6SBhQdxcyTLqzp9FWGMBeM9CSAcnHPQPb2FWDFq4,I Love a Woman,Dwarf of the Glens,I Love a Woman,Misc tunes,NA,NA,NA,publicdomain,0.0,0,0,1,1,1,0,18,68,3.7777777777777777,False,2.48831586679154,1.0,0.9270833333333334
QmYXkUVdWCWxRPQfXeCQpGAgJwSG8uMHBqTMSygdWQkyUy,I LOVE BALI-HYATT GARDEN,NA,I LOVE BALI-HYATT GARDEN,Gimini3883,Music by J J de Souza,NA,NA,cc-zero,0.0,0,0,17,1,1,0,54,154,2.851851851851852,True,2.9098526090636287,0.974025974025974,0.941358024691358
QmcwNV35QuWzmYxVzkjBEtfqqqmjZ5ETNHFuvWcCnfiryk,I love him each day far better - B. D. Ackley,NA,I love him each day far better,B. D. Ackley,NA,classical,NA,publicdomain,0.0,0,0,2,1,1,0,18,279,15.5,False,2.6336128780784547,0.982078853046595,0.96
QmTvLox3skayiLF3KqCHRvwoiarqsqwhqKfCmq9u6adEaK,I love Him more and more - Haldor Lillenas,NA,I love Him more and more,Haldor Lillenas,NA,classical,NA,publicdomain,0.0,0,0,4,1,1,0,19,338,17.789473684210527,False,2.6597334286351195,0.9822485207100592,0.9427083333333334
QmcxqcUFsBB2EzJuotbmAdueUL74kbtcXZrRd9hmJQCKKk,I love Him though unworthy ever - C. Austin Miles,NA,I love Him though unworthy ever,C. Austin Miles,NA,classical,NA,publicdomain,0.0,0,0,2,2,1,0,19,455,23.94736842105263,False,2.9257267667819,0.9592875318066156,0.8174019607843137
Qmbk1w3rdrEfQTwhwao2ohAXeCvq468vkAkLdGenuDRRtX,I love His appearing don't you - Frank Pierson,NA,I love His appearing don't you,Frank Pierson,NA,classical,NA,publicdomain,0.0,0,0,4,2,1,0,10,200,20.0,False,2.778365896986922,0.925,0.8159722222222222
QmdZf9ksGac4gyKJJ84iCVS1F87azz7iM6MfsmqGN6Pspo,I Love It by Lil Pump & Kanye West,NA,i love it,Kanye West,Lil Pump & Kanye West Arr. ViolentTomato,hiphop,lilpump-piano-kanyewest-iloveit-roblox,cc-zero,4.33,6,94,10376,0,2,0-0,10,357,35.7,False,2.566374602972838,0.9663865546218487,0.9127604166666666
QmPrksy7DX6AeKUeWi1wDgYEgqNHCej3GSN1deHL2skNzB,I love Jesus I love Jesus - C. Harold Lowden,NA,I love Jesus I love Jesus,C. Harold Lowden,NA,classical,NA,publicdomain,0.0,0,0,3,1,1,0,8,123,15.375,False,2.556773165341371,1.0,0.9765625
QmX1oearnQngMHgP8hGbWppC7M4LZzerzH68X8dskF4E6q,I love my blessed Savior - C. F. Green,NA,I love my blessed Savior,C. F. Green,NA,classical,NA,publicdomain,0.0,0,0,5,1,1,0,20,208,10.4,False,2.528505462585785,0.9951923076923076,0.9505208333333334
QmdYH6bAstgGWJ6LVKHd4ubJuFUBCqRVHSCHx22gMKYHv2,I love my dear Savior I love Him today - Lester Price,NA,I love my dear Savior I love Him today,Lester Price,NA,classical,NA,publicdomain,0.0,0,0,4,1,1,0,34,319,9.382352941176473,False,2.929007896383909,0.9529780564263324,0.9661458333333334
QmTB6nMcVkG5QRDj3EJVygbFq4KmkA8KhpTXmsViE8NqaX,I Love my Jean,Of a' the airts the wind can blaw,I Love my Jean,Misc Traditional,NA,folk,NA,publicdomain,0.0,0,0,3,1,1,0,18,130,7.222222222222222,False,2.466354355911813,1.0,0.8722222222222222
QmXexsS9UAVzWYcNQHF23R4mBL8rA8RYdmnwQjea3ucCGo,I Love my Love in Secret,NA,I LOVE MY LOVE IN SECRET,Misc tunes,NA,NA,NA,publicdomain,0.0,0,0,5,1,1,0,185,1131,6.113513513513514,False,2.547716542521709,1.0,0.9235651214128036
QmQHFiqqnCoH7ubzadAj3Bts6pURrQA8KuCwaKitSnhcCq,I LOVE MY TINY ATTIC,NA,I LOVE MY TINY ATTIC,Misc tunes,NA,NA,NA,publicdomain,0.0,0,0,4,1,1,0,9,29,3.2222222222222223,False,2.364101032456526,1.0,0.9817708333333334
QmXSvg5qSHNEnTSFW3jVm3eCuVwaunSP5KfRsUQrWrqEB2,I love the early primrose - Frank L. Armstrong,NA,I love the early primrose,Frank L. Armstrong,NA,classical,NA,publicdomain,0.0,0,0,11,1,1,0,20,233,11.65,False,3.0153287063819185,0.9227467811158798,0.9010416666666666
QmbGrUUyEE6J89KAXX8Mgv3Wks3rLdNdDMtiVnMdDp7UFQ,I love the Lord for He hath heard - Mrs. C. H. Morris,NA,I love the Lord for He hath heard,Mrs. C. H. Morris,NA,classical,NA,publicdomain,0.0,0,0,7,1,1,0,36,265,7.361111111111111,False,2.6422626620047867,0.981132075471698,0.9470486111111112
QmPTvecgRqH5gSTh8pvf6nBhkkF54HKqJuGWemqgnVNXud,I love the mercy seat - J. Howard Entwisle,NA,I love the mercy seat - J. Howard Entwisle,J. Howard Entwisle,NA,classical,NA,publicdomain,0.0,0,0,6,1,1,0,17,219,12.882352941176473,False,2.7644738393811084,0.976851851851852,0.9683333333333334
QmZvMs8niTiUsyXqXyoemGjPpi54pNRxwQvw7A2f88YkDa,I love the sweet water that runs in the rills - Thoro Harris,NA,I love the sweet water that runs in the rills,Thoro Harris,NA,classical,NA,publicdomain,0.0,0,1,5,2,1,0,18,314,17.444444444444443,False,2.9491100539871145,0.945859872611465,0.9236111111111112
QmXbQXujmyqfqzMkm2btySCDJbn8YZe3ByoCVB3VTPMZe1,I love Thee Lord and know not how - Chas. Edw. Prior,NA,I love Thee Lord and know not how,Chas. Edw. Prior,NA,classical,NA,publicdomain,0.0,0,0,7,1,1,0,18,226,12.555555555555555,False,2.7486758032395864,0.991150442477876,0.9661458333333334
QmQB2nyYeCCAo7RhAV4cZWMCX6ao293ko1TX5F3Dd8z84i,I Love Thee No More (air) 0217,NA,I Love Thee No More (air) 0217,Misc tunes,Unattributedmoderate,NA,NA,publicdomain,0.0,0,0,1,1,1,0,28,94,3.357142857142857,False,2.7723000733909453,1.0,0.9320175438596492
QmQHLSFrshee6revMyirHChPKRzA3CFtgbe29WY9Mi7yAj,I Love Thee Once... (p)1652.PLFD1.106,Blue Breeches. (p)1652.PLFD1.106I'll Love No More. (p)1652.PLFD1.106,I Love Thee Once... (p)1652.PLFD1.106,Misc tunes,NA,NA,NA,publicdomain,0.0,0,0,5,1,1,0,28,112,4.0,False,2.6155306480866782,1.0,0.9403935185185184
QmdLJSMNH3W4zJbMyME78dxrWxTJKbmZbFKk2H73cHSGbN,I LOVE THY KINGDOM (Arabic),NA,I love Thy kingdom Lord,Misc Traditional,NA,folk,NA,publicdomain,0.0,0,0,10,1,1,0,15,180,12.0,False,2.728679187099991,0.9555555555555556,0.9444444444444444
QmQXew6Cscm17eyzR2WZ1VApYxkh8MoitXrhGUWXsKZCHr,I love to hear the Sabbath bells - Lester Price,NA,I love to hear the Sabbath bells,Lester Price,NA,classical,NA,publicdomain,0.0,0,0,3,1,1,0,18,250,13.88888888888889,False,2.7781961798679,0.96,0.9505208333333334
Qma96dE53tA4EFzCrZGYhW3V8JV2K1EYGScYHJpdfMqtAB,I love to hear the story (Bowdler) - Cyril Bowdler,NA,I love to hear the story (Bowdler) - Cyril Bowdler,Cyril Bowdler,NA,classical,NA,publicdomain,0.0,0,0,19,1,1,0,30,292,9.733333333333333,False,2.816255276655664,0.9691780821917808,0.9635416666666666
QmXUxVaYWB3nM589x4d9bZfBtMNgY71UDCsXzqFcyVCzAK,I love to hear the story (Maunder) - J. H. Maunder,NA,I love to hear the story (Maunder),J. H. Maunder,NA,classical,NA,publicdomain,0.0,0,0,6,1,1,0,29,300,10.344827586206897,False,2.969246071144393,0.9266666666666666,0.9548611111111112
QmTf1gFARcSiEd6L9di2JLT1KJVukrz1v4NvkYThwzaruF,I love to hear the story old - Charles H. Maskell,NA,I love to hear the story old,Charles H. Maskell,NA,classical,NA,publicdomain,0.0,0,0,3,2,1,0,26,366,14.076923076923077,False,3.067340186748655,0.9281767955801103,0.9745370370370372
Qme4NbimGDwTmoaKcEJfBqz4oWcHyiWx7HKJvJjRj8PXqX,I love to hear you tell - H. Ernest Nichol,NA,I love to hear you tell,H. Ernest Nichol,NA,classical,NA,publicdomain,0.0,0,0,2,2,1,0,20,207,10.35,False,2.9781055528997635,0.9468599033816424,0.9704861111111112
QmerVe51XHHoNmu8zfnrVJz5BVz7Q29rqAFwgiXujpWtCc,I love to reflect on God's wonderful might - Powell G. Fithian,NA,I love to reflect on God's wonderful might,Powell G. Fithian,NA,classical,NA,publicdomain,0.0,0,0,4,2,1,0,17,332,19.529411764705884,False,2.711523042651118,0.9759036144578314,0.9583333333333334
QmYRbJR4dWAoKU3NUPQofQGbeUAmdWh6Gud64HAvHJq3Pw,I love to sing of that great Power - T. F. Seward,NA,I love to sing of that great Power,T. F. Seward,NA,classical,NA,publicdomain,0.0,0,0,6,1,1,0,18,225,12.5,False,2.65923817835026,0.9822222222222222,0.9288194444444444
QmVfzcakU3qXQzBzCoN1ZDC7Ww9rT5NiSVWMopBiE9xTWH,I love to sit at Jesus' feet - W. H. Doane,NA,I love to sit at Jesus' feet,W. H. Doane,NA,classical,NA,publicdomain,0.0,0,0,4,2,1,0,26,484,18.615384615384617,False,2.551680245060222,0.9834368530020704,0.9175347222222222
QmetRokw3ngU8u8TYFVKYTeNDWnLsEazoYBimY19jjeP4f,I love to talk a while with Jesus every day - H. E. Engle,NA,I love to talk a while with Jesus every day,H. E. Engle,NA,classical,NA,publicdomain,0.0,0,0,2,1,1,0,17,234,13.764705882352942,False,2.277533038387101,1.0,0.921875
QmefQuHfKZuxBMmPmv1TZSxeWeadHyQPUxNYoTNxBGQwWC,I love to tell of the triumph oer death and the grave - F. H. Shaul,NA,I love to tell of the triumph oer death and the grave,F. H. Shaul,NA,classical,NA,publicdomain,0.0,0,0,3,2,1,0,36,443,12.305555555555555,False,3.0298463947766527,0.9300225733634312,0.9693877551020408
QmcGBEP4ufLpixSBjDu6HMGy82fKrbQgphf2oRGex48HST,I love to tell the story (Harper) - William Henry Harper,NA,I love to tell the story (Harper),William Henry Harper,NA,classical,NA,publicdomain,0.0,0,0,11,1,1,0,31,375,12.096774193548388,False,2.7191519490251905,0.9733333333333334,0.9548611111111112
QmZqmgF1A6x3bun79n29oBijoodDfMzmbZhYQy6LzPNXyb,I love to think of other days - J. D. Patton,NA,I love to think of other days,J. D. Patton,NA,classical,NA,publicdomain,0.0,0,0,4,2,1,0,17,222,13.058823529411764,False,2.796984643403149,0.963963963963964,0.8894230769230769
QmXdFL8mTK7hue72ytUi7E3jzPnicFh1Ah9RqAhDWtCu31,I love to think of the heavenly land - William. B. Bradbury,NA,I love to think of the heavenly land,William. B. Bradbury,NA,classical,NA,publicdomain,4.71,4,0,51,1,1,0,17,220,12.941176470588236,False,2.6965079115435544,0.990909090909091,0.90625
QmchAceG1UPfpngw9KDnCkAvH8K1wFHf7WF5dLZgwu1HFa,I love to think of the ransomed throng - Frank M. Davis,NA,I love to think of the ransomed throng,Frank M. Davis,NA,classical,NA,publicdomain,0.0,0,0,4,2,1,0,17,329,19.352941176470587,False,2.54191460195572,1.0,0.86328125
QmVLW2GQrDZfyUjEterFQEhbpTxhhhFyELgB195EYzBS84,I love to wait at mercy's gate - Robert Lowry,NA,I love to wait at mercy's gate,Robert Lowry,NA,classical,NA,publicdomain,0.0,0,0,4,1,1,0,18,242,13.444444444444445,False,2.61018616410441,0.9917355371900828,0.96
QmRt9fmdQzJQ28mxmhw8zDNynRDLcDQVPVfhgqZQNjtLo7,I Love You 3000 II,NA,I Love You 3000 II,AllyBlueChen,by Stephanie Poetri & Jackson Wang,NA,NA,cc-zero,0.0,0,7,249,0,8,0-0-0-0-0-0-0-0,77,2115,27.467532467532468,True,2.97171415911012,0.9378911892152144,0.8760964912280702
QmZUntdtthcGecHdqfcL4inJheavmKbGFDqqKQ51ipFJ64,I Love You My Darling ! (air) 0523,NA,I Love You My Darling,Misc tunes,after Sg't. J. O'Neillslow and plaintive,NA,NA,publicdomain,0.0,0,0,15,1,1,0,18,68,3.7777777777777777,False,2.505803831734407,1.0,0.8923611111111112
Qmc7FYm3oP8nBCo2aVkKfjLuNmYmAeqPFzeKtNWPext9KE,I Love your Way of Liking - 2nd Composition,For nobody for the moment ...,NA,NA,Thoma'Nimation,NA,NA,publicdomain,0.0,0,2,344,2,1,0,62,636,10.258064516129032,False,3.0092389540075657,0.8553459119496856,0.9205729166666666
QmU5dWWLqPhChA9gpeFH1fbKi21c5oGWzQWJ4tvYFvLhRc,I loved Him that day when in bondage complete - Chas. H. Gabriel,NA,I loved Him that day when in bondage complete,Chas. H. Gabriel,NA,classical,NA,publicdomain,0.0,0,0,3,2,1,0,18,334,18.55555555555556,False,3.0296503233536964,0.9281437125748504,0.9288194444444444
QmdXWNytWBLMABVJACLwhYASDxjb8LNngpK8copRHnaAAR,I loved them so - J. E. Gould,NA,I loved them so - J. E. Gould,J. E. Gould,NA,classical,NA,publicdomain,0.0,0,0,2,1,1,0,10,193,19.3,False,2.6515395788634644,1.0,0.9479166666666666
QmX5FvZPaf6whDd3sXiMorjGnnyiKmxZ4cxKUYSU1VSHiw,I m Singin in the Rain,NA,NA,NA,Arthur Freed Nacio Herb Brown Gene Kelly,NA,NA,cc-zero,0.0,0,8,318,0,1,0,39,129,3.3076923076923075,True,2.3991377955307187,1.0,0.956644144144144
QmUD13a1wH4HvAjARdKYVnKyw2bzajV51KYmxY4vypAVQm,I may not know the reason why (Gabriel) - Charles Hutchinson Gabriel,NA,I may not know the reason why (Gabriel),Charles Hutchinson Gabriel,NA,classical,NA,publicdomain,0.0,0,0,9,1,1,0,20,236,11.8,False,2.849497122548205,0.9364406779661016,0.9401041666666666
QmcEAkvcAhQjxXjH24Pt5bzfvEFZPiDim3PjbwQDaQ5oa7,I may not see the path I tread - Chas. H. Gabriel,NA,I may not see the path I tread,Chas. H. Gabriel,NA,classical,NA,publicdomain,0.0,0,0,3,1,1,0,18,200,11.11111111111111,False,2.697257126341293,0.97,0.8819444444444444
Qmcr7Hh6y7nG18DKzVDPQUp2rCRXsinSLMC5pNXvLutq73,I may not see the reason for my tears - Haldor Lillenas,NA,I may not see the reason for my tears,Haldor Lillenas,NA,classical,NA,publicdomain,0.0,0,0,3,2,1,0,19,421,22.157894736842103,False,2.966925766685243,0.9477434679334916,0.9440104166666666
QmPTkrSkngX5FbSMMenniaiNYQsFJphhc3RtXFyg6jxZLS,I mean to go right on until the crown is won - Andrew L. Byers,NA,I mean to go right on until the crown is won - Andrew L. Byers,Andrew L. Byers,NA,classical,NA,publicdomain,0.0,0,0,10,0,2,0-0,17,381,22.41176470588235,True,2.46376596472514,0.9816272965879264,0.9595588235294118
QmRwRXe6LatMa4A6eFfUA2Z9GEnkjimFoNwcvcQZ6BrBgH,I Met Her In The Garden (air) 0457,NA,I Met Her in the Garden,Misc tunes,after Sg't. J. O'Neillmoderate,NA,NA,publicdomain,0.0,0,0,4,1,1,0,9,55,6.111111111111111,False,2.526365456955657,1.0,0.9114583333333334
QmPjyR562fWQZJRUX56mui38ZdqXQ47GpMCh1ApG1c93du,I Ne'er Shall Wean Her,N\'i Choiscfidh m\'e cho\'iche den Deol \'i,I Ne'er Shall Wean Her,Misc tunes,NA,NA,NA,publicdomain,0.0,0,0,2,1,1,0,45,207,4.6,False,2.391157221310113,1.0,0.9520833333333332
QmSvQhDkCT6rENPjMzSsnNoEiGjZmJGhjAQtQW6CBvgDCM,I need a Hand to lead me through the darkness - Edward Husband,NA,I need a Hand to lead me through the darkness,Edward Husband,NA,classical,NA,publicdomain,0.0,0,0,2,1,1,0,20,320,16.0,False,2.745109948665683,0.971875,0.9360119047619048
QmW8NvfEeEzGNQps2Qy8u6QsojfEfrVwSjSBS9CQyahSKF,I need name ideas,An Original Composition,I need name ideas,ã Half Step ã,Half Step,NA,NA,cc-zero,3.09,8,7,254,2,1,0,51,954,18.705882352941178,False,2.726639278033417,0.9968553459119496,0.8947368421052632
QmPPPga83FRLW4PYwqQ19qt2jqDdQ7yzDpBoG4vdMHp3bW,I need not ask what time will bring - D. B. Towner,NA,I need not ask what time will bring,D. B. Towner,NA,classical,NA,publicdomain,0.0,0,0,8,2,1,0,17,300,17.647058823529413,False,2.6468177197577294,0.99,0.9301470588235294
QmVcpuzoXoTFPL6t9X5GratEn4uEL5aocxKJ3f6ssr2o39,I need O Lord a stronger faith - Victor H. Benke,NA,I need O Lord a stronger faith,Victor H. Benke,NA,classical,NA,publicdomain,0.0,0,0,3,1,1,0,20,222,11.1,False,3.05909118685523,0.927927927927928,0.9557291666666666
QmdGG3Zx8tFfQjGDYbDwE3xxgVe5RuB45gLmuLuGTXcDk8,I need the blood to me applied - C. Austin Miles,NA,I need the blood to me applied,C. Austin Miles,NA,classical,NA,publicdomain,0.0,0,0,5,1,1,0,20,216,10.8,False,2.6024361096779667,0.9814814814814816,0.9010416666666666
QmUQdqFAeeihsB2NNQynnhP3setb7bjLmxontMhWeowrpj,I need the power of Pentecost - J. Lincoln Hall,NA,I need the power of Pentecost,J. Lincoln Hall,NA,classical,NA,publicdomain,0.0,0,0,10,1,1,0,29,286,9.862068965517242,False,2.5023986415914883,0.986013986013986,0.9618055555555556
QmVtomYHC2w1ZN7D5AaN287Wi79K1RbYTqZJUpYQnQbxXY,I need the prayers of those I love (Lorenz) - E. S. Lorenz,NA,I need the prayers of those I love (Lorenz),E. S. Lorenz,NA,classical,NA,publicdomain,0.0,0,0,5,2,1,0,26,274,10.538461538461538,False,2.59308680769345,0.9854014598540146,0.8935185185185185
QmRYYh6M7QxQsh9YPN1JMiZxCM7AG29ajdpA5gRGpnfMhZ,I Need Thee Every Hour,6. 4. 6. 4. with Refrain,NA,NA,Robert Lowery 1826-1899,NA,NA,cc-zero,0.0,0,4,50,1,1,0,40,368,9.2,True,2.6781850281409927,0.9891304347826086,0.9375
QmWcpDzv77J2d7xSRbmWYpfNQXMsqYvTT61YYRQALSnTdF,I need thee every hour (Murray) - J. R. Murray,NA,i need thee every hour,Misc Praise Songs,NA,religiousmusic,NA,publicdomain,0.0,0,1,44,1,1,0,22,229,10.409090909090908,False,2.801222420877737,0.9737991266375546,0.9666666666666668
QmUSWddat2VTmv3CNCWcwz73etRjQXybjHN4apPPkuiAtX,I need Thee Lord for life is sometimes dreary - Adam Geibel,NA,I need Thee Lord for life is sometimes dreary,Adam Geibel,NA,classical,NA,publicdomain,0.0,0,0,2,2,1,0,18,376,20.88888888888889,False,3.016848968956229,0.9148936170212766,0.9227941176470588
QmeBgtDKnq6sc7DnmGJ9GQ3YGJRVjp2dWmbp8LFhvsN34x,I need thee O my God - Wm. F. Sherwin,NA,I need thee O my God,Wm. F. Sherwin,NA,classical,NA,publicdomain,0.0,0,0,5,1,1,0,18,191,10.61111111111111,False,2.6035656230773805,0.9947643979057592,0.9010416666666666
QmPrmXDJ6PPMvHsJz8MPPM5KdAbSZYmsLuRgcbHJPiAwyh,I need thee O my Savior - Hubert P. Main,NA,I need thee O my Savior,Hubert P. Main,NA,classical,NA,publicdomain,0.0,0,0,5,2,1,0,20,272,13.6,False,2.9389796248285647,0.948339483394834,0.953125
QmbzoHpxJ3N4R4W3WPYb5c5khGWS1QPQgFGZWZ2RJ8SLAu,I need thy help dear Father - B. E. Warren,NA,I need thy help dear Father,B. E. Warren,NA,classical,NA,publicdomain,0.0,0,0,3,1,1,0,20,200,10.0,False,2.627090536184874,0.98,0.953125
QmZUrMTY4gayujzqSquVMGJbpDUPyAk9CBKt9rp2yj3UKp,I need Thy pardon Lord - Will L. Thompson,NA,I need Thy pardon Lord,Will L. Thompson,NA,classical,NA,publicdomain,0.0,0,0,2,1,1,0,18,193,10.72222222222222,False,2.7716895397081567,0.9585492227979274,0.9583333333333334
QmdWpjQSDd99hcdHxpYMuWS54TXKfoMRqB3CxqUiebSd9i,I Need You - BTS,Suga's Version,I Need U,BTS,Nozakai,pop,bts-suga-piano-ineedyou,cc-zero,4.35,11,83,475,2,1,0,10,189,18.9,False,2.714099367297936,1.0,0.875
QmTN8cCpQpC9PgTVokvxPiMq2YgixFGvbusBUpkzgVNcRw,I never can forget the moment - Haldor Lillenas,NA,I never can forget the moment,Haldor Lillenas,NA,classical,NA,publicdomain,0.0,0,0,5,1,1,0,20,314,15.7,False,2.404743461080081,0.9936305732484076,0.9348958333333334
QmZ7BCZdMUWBmb9DRdrN2e1ekzXwySCpFxdVWZvZnAeHQk,I never fear when night is near Fisher - Albert C. Fisher,NA,I never fear when night is near Fisher,Albert C. Fisher,Albert C. Fisher,classical,NA,publicdomain,0.0,0,0,5,1,1,0,17,250,14.705882352941176,True,2.8841223266939013,0.9435483870967742,0.9609375
QmZ6ynDvxcJNhj4simSxTptD2yPZXqMZ1PUTL4VeRp3ixs,I Never Knew i Could Love Anybody,NA,NA,NA,1920,NA,copyrightfreeoldjazz-creolejazz,cc-zero,0.0,0,1,84,0,1,0,32,80,2.5,False,2.605279607293883,0.9625,0.9720052083333334
QmP3L8aHcknqXhcEUoE5QD7TwU8AZQQUYJpk6HeNjhAY5R,I never knew that life could be so sweet - Alfred Judson,NA,I never knew that life could be so sweet,Alfred Judson,NA,classical,NA,publicdomain,0.0,0,0,5,1,1,0,14,286,20.428571428571427,False,2.7135068756583607,0.9545454545454546,0.9166666666666666
QmYc6NbJ819s12xv6AMtVH2BXWgkz2zuLVoMdr9dYXRo9j,I Never Roam Away From Home,NA,I Never Roam Away From Home,Misc tunes,NA,NA,NA,publicdomain,0.0,0,0,2,1,1,0,9,37,4.111111111111111,False,2.6678560678638754,1.0,0.9097222222222222
Qmc6JkqAbgYs7xvXgBFk5K6VesW97oGZDYkyx32rwAcbP6,I never shall forget the day - Isaiah G. Martin,NA,I never shall forget the day,Isaiah G. Martin,NA,classical,NA,publicdomain,0.0,0,0,50,1,1,0,20,255,12.75,False,2.170956671535761,1.0,0.9322916666666666
QmaFWnoBXdY3jm9ky6LjqTTofvDTqyYj4kjoVujxdUBZM6,I now can sing since I've been redeemed - Lydia Shivers Leech,NA,I now can sing since I've been redeemed,Lydia Shivers Leech,NA,classical,NA,publicdomain,0.0,0,0,7,1,1,0,19,250,13.157894736842104,False,2.588332969195325,0.992,0.9583333333333334
QmS5di4ADmk1JdRWA6pJaX8zuGX65RV3yKTiibDHYEUkty,I once heard a sweet story of wonderful love - E. O. Excell,NA,I once heard a sweet story of wonderful love,E. O. Excell,NA,classical,NA,publicdomain,0.0,0,0,8,2,1,0,19,406,21.36842105263158,False,2.7219349895432763,0.9753694581280788,0.78125
QmSnu4Q7VSLzBELeKJnRkaeArfj7jKRhzwVtVTxk1sVaar,I once was a Christian for many a year - Edward Johnson Bellerby,NA,I once was a Christian for many a year,Edward Johnson Bellerby,NA,classical,NA,publicdomain,0.0,0,0,3,1,1,0,17,159,9.352941176470589,False,2.973519432827756,0.9308176100628932,0.9722222222222222
QmPASX1rs1J5Mr6BYe26yRuSNsw1fHU8jMsjMZ7GLHU3gB,I once was a sinner afar from the Lord - Alfred Judson,NA,I once was a sinner afar from the Lord,Alfred Judson,NA,classical,NA,publicdomain,0.0,0,0,2,2,1,0,19,325,17.105263157894736,False,2.6791754381291204,0.9784615384615384,0.9105392156862744
QmR188MGQE8ELoLP7Zt6Dz4DfxFNLNaDgUKk71wKzw3Cz4,I once was a stranger to grace and to God - Alfred Hollins,NA,I once was a stranger to grace and to God,Alfred Hollins,NA,classical,NA,publicdomain,0.0,0,1,35,2,1,0,24,362,15.083333333333334,False,3.1221134635172723,0.914364640883978,0.9842171717171716
QmTapw1SE95WXsQTHDPBbLz3nCDPDd3iWH1eAcdrciRpXQ,I once was a wanderer far from God - Howard E. Smith,NA,I once was a wanderer far from God,Howard E. Smith,NA,classical,NA,publicdomain,0.0,0,0,3,1,1,0,20,301,15.05,False,2.504466655258141,0.98989898989899,0.9652777777777778
QmaqHQKtRU3uweRw4hKpKezQpfsVwX8PmjiiuW63yxRpSY,I once was burdened with my sin - Mary Herbert Munford,NA,I once was burdened with my sin,Mary Herbert Munford,NA,classical,NA,publicdomain,0.0,0,0,4,1,1,0,18,266,14.77777777777778,False,2.7416634147613745,0.9849624060150376,0.9192708333333334
QmQGe6vAJBvBJeWR4qSm5FAr7me9WA9iATHBzKXGxQ7si8,I once was fettered lone and sad - J. B. Herbert,NA,I once was fettered lone and sad,J. B. Herbert,NA,classical,NA,publicdomain,0.0,0,0,2,1,1,0,20,267,13.35,False,2.779181061854284,0.9400749063670412,0.9704861111111112
QmTTaAWQvkQ14wDX745BofjQ15s9UBnqEWc8PkhXVdAcZs,I ought to love my Savior (Bradbury) - William B. Bradbury,NA,I ought to love my Savior (Bradbury) - William B. Bradbury,William B. Bradbury,NA,classical,NA,publicdomain,0.0,0,0,4,2,1,0,26,354,13.615384615384617,False,2.5275263482047903,1.0,0.925925925925926
QmVNkHzoafJAjQrWVJYWd2so2R6DmPuxFYkvL2DUrsHWfL,I Predict A Riot,Drums transription by Lawrence Butler,i predict a riot,Kaiser Chiefs,The Kaiser Chiefs,rock,NA,cc-zero,4.85,4,5,412,0,1,0,150,1482,9.88,False,2.507555947836312,0.7544642857142857,0.9479166666666666
QmTFWfWtpRrf4v787bShvHwzzqiTkGFdBEeEU6wchX5ZiY,I Pressed Her To My Breast (air) 0579,NA,I Pressed Her to My Breast,Misc tunes,Unattributedmoderate,NA,NA,publicdomain,0.0,0,0,6,1,1,0,19,115,6.052631578947368,False,2.6590540876367785,0.991304347826087,0.9364583333333334
QmU145wRNth1f1X1J8KzXpGVJ7ujww2Gjv4qPHQ9cRpxeL,i put a standard drumkit over one of mine old songs,NA,NA,NA,NA,NA,i-put-a-standard-drumkit-over-one-of-mine-old-songs-should-make-full-song-out-this,publicdomain,0.0,0,1,71,0,2,0-0,65,4510,69.38461538461539,False,2.8463036542624085,0.8224837857314437,0.935546875
QmakNp3suBrkXYbUy4CCDrLDH5Kt9mmavuxReHSLbSmJLV,I Rambled Once,NA,I Rambled Once,Misc tunes,NA,NA,NA,publicdomain,0.0,0,0,1,1,1,0,32,165,5.15625,False,2.5478006820963444,1.0,0.9453125
QmRLhEXPDG4RnhU9DKtCqHZsRF2YKKGMuidZJNUF7jYQpd,I rebelled against my Savior - E. Lester Thurman,NA,I rebelled against my Savior,E. Lester Thurman,NA,classical,NA,publicdomain,0.0,0,0,3,1,1,0,20,235,11.75,False,2.8645101086376004,0.9574468085106383,0.8645833333333334
QmQSFpboL5u9XswGyHSkGLGJqAXWW9d8fA2NyzJw8exGAg,I redeemed thee saith the Lord - Wm. J. Kirkpatrick,NA,I redeemed thee saith the Lord,William J. Kirkpatrick,NA,classical,NA,publicdomain,0.0,0,0,3,1,1,0,18,254,14.11111111111111,True,2.6362121773031992,0.9881889763779528,0.9322916666666666
QmTebrvH41Y5dr9rG1nDLqv8xCG3u6CYUemryRjGdYSLV1,I regret the mistakes I have made - J. B. Mackay,NA,I regret the mistakes I have made,J. B. Mackay,NA,classical,NA,publicdomain,0.0,0,0,5,1,1,0,18,295,16.38888888888889,False,2.5837323033132966,0.9898305084745764,0.9440104166666666
QmYu91HjjEZJXg97o71KsPAAu5x4V5rKZyxXyNnjQ368wp,I remember how my Savior died for me - R. E. Winsett,NA,I remember how my Savior died for me,R. E. Winsett,NA,classical,NA,publicdomain,0.0,0,0,13,1,1,0,20,396,19.8,False,2.4485141416767213,0.9924242424242424,0.9283854166666666
Qmc72eygrHCfYCKNfiagcG2vExqQMY5AvCT98hj7wi7Jjq,I remember when in sin I wandered on - Charles Bentley,NA,I remember when in sin I wandered on,Charles Bentley,NA,classical,NA,publicdomain,0.0,0,0,6,2,1,0,23,389,16.91304347826087,False,2.384740322934695,0.9948586118251928,0.9466145833333334
QmXD9aszDVjB3cAr2sN5JwXUuM2UbBswAoJUW2o2dH6Qv4,I Remember You,NA,i remember you,Frank Ifield,Schertzinger-Mercer,country,NA,cc-zero,4.68,22,36,5044,1,1,0,83,213,2.566265060240964,False,3.1633921570258803,0.8873239436619719,0.927755376344086
QmYv4WyPPBDEM74u4JX5kGx3P5rZXMC2NLmn98qyjdTBje,I rest on Him the Crucified - Wm. J. Kirkpatrick,NA,I rest on Him the Crucified,William J. Kirkpatrick,NA,classical,NA,publicdomain,0.0,0,0,3,2,1,0,20,299,14.95,False,2.51353479286309,0.9966555183946488,0.8958333333333334
QmaPUt2FCq82ikj5PsW5pKWMcpnbWXtDftaNoHmzKpy1YY,I rode my little horse - Hext,NA,I rode my little horse - Hext,Misc tunes,Taken down from John Hext shepherd Post Bridge 1890 by F.W.B.,NA,NA,publicdomain,0.0,0,0,4,1,1,0,68,220,3.235294117647059,False,2.890178823335269,0.8772727272727273,0.9635416666666666
QmQSf2nRWtP27n9EwzwE6Q7wxyenb98CeooDjgBxRY7biX,I sang one day a sad sweet song - Geo. L. Brown,NA,I sang one day a sad sweet song,Geo. L. Brown,NA,classical,NA,publicdomain,0.0,0,0,20,2,1,0,20,317,15.85,False,2.2974885122804585,1.0,0.9486111111111112
QmWx7EL4NptUzJ3p7vh1oWCdakS6hbrzDt76py2EsjtpbE,I sat alone at midnight hour - Rev. T. J. Swanzey,NA,I sat alone at midnight hour,Rev. T. J. Swanzey,NA,classical,NA,publicdomain,0.0,0,0,4,1,1,0,26,330,12.692307692307692,False,2.5861056015189177,0.9818181818181818,0.8506944444444444
QmY4BciCZwLovp61D76nVqrNA2mLk8htf57YevmbWShuJ2,I sat alone with lifes memories - J. W. Bischoff,NA,I sat alone with lifes memories,J. W. Bischoff,NA,classical,NA,publicdomain,0.0,0,0,10,1,1,0,17,283,16.647058823529413,False,2.7169303888504825,0.9858657243816256,0.8975694444444444
QmNPg7ny4ZskzFP1C4ujuj2Jv8GhmeRinYZUhcm9Tb9DXN,I Saved the World Today,NA,NA,NA,NA,NA,tms-themondaysingers,cc-zero,0.0,0,8,211,0,5,0-0-0-1-2,132,1462,11.075757575757576,True,3.0208535920982365,0.9439330543933054,0.9458912037037036
QmbGuSEVzXoZQJdiZuCJVsG78qwGjWGnvSRw3C6PUSr2oD,I saw a fair maiden - Peter Warlock,NA,I saw a fair maiden,Peter Warlock,NA,classical,NA,publicdomain,0.0,0,0,49,0,4,0-0-0-0,84,1163,13.845238095238097,True,2.901663804651412,0.9630655586334256,0.991869918699187
QmUvm2EzyE4S2CPiwgFQLjVmj8WRjzXr43Gg8xXRJv88TG,I saw a happy pilgrim,NA,I saw a happy pilgrim,Misc Traditional,NA,folk,NA,publicdomain,0.0,0,0,3,1,1,0,38,392,10.31578947368421,False,2.212699144657473,1.0,0.91796875
QmPqAGhVzpyM9j8grWMD7CYLLoSBxvrdCVN2ZyV67KeqE5,I saw a happy pilgrim (Church) - William Church,NA,I saw a happy pilgrim (Church),William Church,NA,classical,NA,publicdomain,0.0,0,0,9,1,1,0,24,430,17.916666666666668,False,2.4888357348841565,1.0,0.9010416666666666
QmVZZkim4tELfUQDP9L1zMfd2F2dUdnkDTn8tv3Pxme15D,I saw around the throne - C. Austin Miles,NA,I saw around the throne,C. Austin Miles,NA,classical,NA,publicdomain,0.0,0,0,5,1,1,0,19,359,18.894736842105264,False,2.4837464737047683,0.9888579387186628,0.9361979166666666
QmPVQmcefyGReMh5ZRH5gVzBjFmQ3m1RSgKse1QZs4413L,I saw from the beach,NA,I saw from the beach,Misc tunes,NA,NA,NA,publicdomain,0.0,0,0,1,1,1,0,13,79,6.076923076923077,False,2.692721998227701,1.0,0.8333333333333334
QmcAPxQeox59ogAqNtjremPyzUaUwdDJEMjg4gKGWVEKuu,I saw my Love come passing by me,NA,I saw My Love come Passing by Me,Misc tunes,NA,NA,NA,publicdomain,0.0,0,0,2,1,1,0,62,784,12.64516129032258,False,2.735225675497174,1.0,0.9541666666666668
QmZzdV9D6VV39tSqWpK2Vy57GgGnvmjRM9M5TiJC64YMq9,I saw one hanging on the tree (Towner) - D. B. Towner,NA,I saw one hanging on the tree (Towner),D. B. Towner,NA,classical,NA,publicdomain,0.0,0,0,24,2,1,0,20,284,14.2,False,2.7993538386681656,0.9434628975265018,0.866421568627451
QmRMStGwVgq1qBdJ6cESPgaUHGfbV2fUM1d75M6QEj75iH,I saw the light God's holy light - Thoro Harris,NA,I saw the light God's holy light,Thoro Harris,NA,classical,NA,publicdomain,0.0,0,0,14,1,1,0,4,81,20.25,True,2.428330362915744,0.9012345679012346,0.90625
Qmb3gznnMduJeN7hzR9sAbqNva61AUuraFE9C3cuwYp2xZ,I saw three ships,From Christmas Carols Ancient & Modern by Wm Sandys FSA,i saw three ships,Misc Traditional,NA,folk,NA,publicdomain,0.0,0,1,24,0,2,0-0,7,64,9.142857142857142,True,2.268590924473316,1.0,0.9479166666666666
QmXLmKciAk4r3B5sRdkWb5yvhzxqzDEFBDXRD46ZoE5739,I Saw Three Ships,NA,i saw three ships,Misc Traditional,NA,folk,NA,publicdomain,0.0,0,1,23,1,1,0,9,32,3.555555555555556,True,2.3190484393180983,1.0,0.8888888888888888
QmXyrS3KGBgrfgwLGkjRidPZk7GYbxZHDpkMsHDz2rQRv2,I Saw Thy Form (air) 0127,NA,I Saw Thy Form,Misc tunes,Unattributed,NA,NA,publicdomain,0.0,0,0,3,1,1,0,18,114,6.333333333333333,False,2.602045256771787,0.9912280701754386,0.8802083333333334
QmTPUA69p9RCDJ4vKMZVb4Kp2kaSgy6SqTLC4Cydm4xqNY,I Schottische Lan Yr Wyddfa,NA,I Schottische Lan Yr Wyddfa,Misc tunes,NA,NA,NA,publicdomain,0.0,0,0,6,1,1,0,108,744,6.888888888888889,False,2.962698778004968,0.9435483870967742,0.8934461805555556
QmUoxzhTBWeCcDqmUftv8NMBRCkYHrq8aCL2stCR33WYcd,I See Mull,Chi Mi Muile,I See Mull,Misc tunes,NA,NA,NA,publicdomain,0.0,0,0,14,1,1,0,40,156,3.9,False,2.394425463111418,1.0,0.9305555555555556
QmSf5GDQFfwPRpG1Q3XBYKagAKnbJeJD9upd1YTs6Hy78E,I see my Savior hanging on the bloody tree - Wm. J. Kirkpatrick,NA,I see my Savior hanging on the bloody tree,William J. Kirkpatrick,NA,classical,NA,publicdomain,0.0,0,0,7,1,1,0,20,391,19.55,False,2.34905111440363,1.0,0.8723958333333334
QmdfYhjRyHxhndq6ePUrskQzSKJEWvReVdpBBUkQWWEAAV,i see the light -tangled,NA,i see the light,Mandy Moore,NA,rock-pop,iseethelight-tangled-disney,cc-zero,0.0,0,6,83,0,1,0,89,1178,13.235955056179776,False,3.1640768920864306,0.8512820512820513,0.9026988636363636
QmW1FZuzfNMXVzNTrRXddPP1LhBFbAUTTWSw6yFJdmSL7a,I see the nail-pierced hands of Christ - Mrs. Fannie L. Simpson,NA,I see the nail-pierced hands of Christ,Mrs. Fannie L. Simpson,NA,classical,NA,publicdomain,0.0,0,0,3,2,1,0,21,243,11.571428571428571,False,2.8485318985816,0.9547325102880658,0.918154761904762
Qme9M6XLTChFct3rmAQPHJ8m3BNogC1pdtDwjAsHosrZAM,I see the shining domes afar - Chas. H. Gabriel,NA,I see the shining domes afar,Chas. H. Gabriel,NA,classical,NA,publicdomain,0.0,0,0,5,1,1,0,18,309,17.166666666666668,False,2.567982571799499,0.9675324675324676,0.90625
QmdokTCDkwtCmUHVfVe24624DLMgg6k23c3xM1my9ur96v,I seem to hear a voice within - J. H. Rosecrans,NA,I seem to hear a voice within,J. H. Rosecrans,NA,classical,NA,publicdomain,0.0,0,0,2,2,1,0,20,359,17.95,False,2.8694594521210623,0.9498607242339832,0.9215686274509804
QmTk3eU9mAsmfJHZzo9J2KbgR7CADoQCkhukWHGtjZCtG9,I seem to see one walking - C. Austin Miles,NA,I seem to see one walking,C. Austin Miles,NA,classical,NA,publicdomain,0.0,0,0,2,1,1,0,35,395,11.285714285714286,False,2.591138252763476,0.9569620253164556,0.9019097222222222
QmexyCwCWcDzphYB9fW5iydxw2HB62D1sk85yKFbr2doQE,I send the joys of earth away - Thomas Clark,NA,I send the joys of earth away,Thomas Clark,Thomas Clark,classical,NA,publicdomain,0.0,0,0,9,0,4,0-0-0-0,19,158,8.31578947368421,True,2.5950380143377143,1.0,0.9725877192982456
QmWqDHPkgYmixgGGLsqnExSmxm7ftoMFPyiFMaQiWLj92N,I send the joys of earth away - W. J. White,NA,I send the joys of earth away,W. J. White,W. J. White,classical,NA,publicdomain,0.0,0,0,3,0,4,0-0-0-0,16,179,11.1875,True,2.692203895468141,0.9883040935672516,0.9518229166666666
QmYgVe33eh9eFJFGwammUeLbG8cZYuqfEkxqjj9Z5LWDGB,I Send You the Floating Tribute,NA,I Send You the Floating Tribute,Misc tunes,NA,NA,NA,publicdomain,0.0,0,0,3,1,1,0,22,102,4.636363636363637,False,2.47955703401751,1.0,0.9296875
QmS6ecgGaJC9LTbk4zecxfwyYjZ4mVoy1FetNDxgPwio7C,I Sent a Letter to my Love (Children's Game),NA,I Sent a Letter to my Love (Children's Game),Misc tunes,NA,NA,NA,publicdomain,0.0,0,0,10,1,1,0,11,36,3.272727272727273,True,2.071345139730238,1.0,0.9861111111111112
QmbnrJ9Jd8gS8TUPCSuTL2YXiMHRScHmCWsDEtjXp8Z4UE,I serve a worthie laddie,NA,I serve a worthie laddie,Misc tunes,NA,NA,NA,publicdomain,0.0,0,0,4,1,1,0,34,192,5.647058823529412,False,2.47079598945466,0.9895833333333334,0.9518229166666666
QmPyL9AKC9BkPYJBpu6BwBbt4v961heW2Wg97H4ZM77WNy,I set the Lord still in my sight - John Arnold,PSALM XVI Verse 8 9 10 11.,I set the Lord still in my sight,John Arnold,John Arnold,classical,NA,publicdomain,0.0,0,0,7,0,4,0-0-0-0,15,137,9.133333333333333,True,2.6832285619577667,0.9848484848484848,0.9781746031746033
QmT6cfVhFPH6utc76eqgnaPhGRUTCfwg2poVnWuwqzJefQ,I set the Lord still in my sight - Thomas Clark,NA,I set the Lord still in my sight,Thomas Clark,Thomas Clark,classical,NA,publicdomain,0.0,0,0,4,0,5,0-0-0-0-0,52,466,8.961538461538462,True,2.8915167578488408,0.9664268585131894,0.9839285714285716
QmQ9FC8rWdRYiEJvC1hUbe4KReePi5s9wqjzfcgVGUbD9R,I shall be like Him some bright glorious day - Alice Horton,NA,I shall be like Him some bright glorious day,Alice Horton,NA,classical,NA,publicdomain,0.0,0,0,7,2,1,0,16,332,20.75,True,2.6397906943342067,0.9635258358662614,0.953125
QmUNUF6uuXxbracGcuY1CcX9Nxa1mPubNycJwb1ACqHYRb,I shall be ready to welcome the Savior (Ackley) - B. D. Ackley,NA,I shall be ready to welcome the Savior (Ackley),B. D. Ackley,NA,classical,NA,publicdomain,0.0,0,0,4,1,1,0,16,292,18.25,True,2.699071868180273,0.9486301369863014,0.9704861111111112
QmXLsfLrHiNVhHsApvq3n2tq4CjwNSwmuuE9jHkPmvqyZX,I Shall Find the Crystal of Peace,NA,I Shall Find the Crystal of Peace,Daniel Provis,Daniel Provis,NA,NA,cc-zero,0.0,0,1,67,0,4,0-0-0-0,30,310,10.333333333333334,True,3.0770189077038594,0.8831168831168831,0.9555555555555556
QmTn27z57NajrKEyvP6JYVtP7wizvDxhzMW9Yh7VncYmmW,I shall meet my Savior face to face - James Rowe,NA,I shall meet my Savior face to face,James Rowe,NA,classical,NA,publicdomain,0.0,0,0,6,1,1,0,16,237,14.8125,True,2.836501600967992,0.9620253164556962,0.9036458333333334
QmPLqiPycJ1mFU4oEgXFqRvBmfBuB4XYfJg5sxJYV4AuVj,I Shall Not Be Moved,NA,I Shall Not Be Moved,Misc Traditional,Trad.,folk,copyrightfreeoldjazz-creolejazz,cc-zero,4.83,3,4,1138,0,1,0,32,74,2.3125,True,2.202436382574636,0.972972972972973,0.969758064516129
QmRwHnH3Yu9GbegCgguLjFGPTjvp4fCCJ3DcvETc43M1qE,I Shall Not Be Moved,NA,I Shall Not Be Moved,Misc Traditional,NA,folk,NA,publicdomain,0.0,0,1,60,1,1,0,9,133,14.77777777777778,False,2.7123347853159303,0.962406015037594,0.9375
QmQ9NxQuJMwWuUzizbBKQdtbZ9uoGyFPRHg97Akz9cdYak,I shall not want while Jesus leads - Mrs. C. H. Morris,NA,I shall not want while Jesus leads,Mrs. C. H. Morris,NA,classical,NA,publicdomain,0.0,0,0,11,1,1,0,23,258,11.217391304347826,False,2.8076455961863465,0.9496124031007752,0.9555555555555556
QmTkMFdQLpn2Tsnh9EtS7M7VpyX5Y3y2Jggm8kUr6rWepB,I shall rise to meet my King - Charles F. Weigle,NA,I shall rise to meet my King,Charles F. Weigle,NA,classical,NA,publicdomain,0.0,0,0,5,1,1,0,18,323,17.944444444444443,True,2.6155969625802986,0.9907120743034056,0.9479166666666666
QmUHRwGo6VNeFsdMeRBVdbto46DcDL5LNWnjdCS6XqVDeq,I shall see my Savior's face - De Loss Smith,NA,I shall see my Savior's face,De Loss Smith,NA,classical,NA,publicdomain,0.0,0,0,3,1,1,0,19,395,20.789473684210527,False,2.826089156238778,0.9645569620253164,0.9191176470588236
QmVGcwagyqSFVfZFpdZ8Jit4Nin7qUSGD9112HkJZLJxNV,I shall see the King in His beauty - A. J. Gordon,NA,I shall see the King in His beauty,A. J. Gordon,NA,classical,NA,publicdomain,0.0,0,0,18,2,1,0,27,357,13.22222222222222,False,2.7937509844406225,0.9635854341736696,0.9557291666666666
QmasZiAn4b8w2KpqwqRdzRnaRDfeEqoqojCfGn5q7MHcct,I sing the mighty power of God,NA,I Sing the Mighty Power of God,Isaac Watts,NA,classical,NA,publicdomain,4.42,16,16,1045,1,1,0,17,217,12.764705882352942,False,2.6416191623097025,1.0,0.9682971014492754
QmeBQvNUKY2nEb7qgdMZdZdVUoBNWRV9S26Xq3guxpSgXW,I Sing the Mighty Power of God,NA,NA,NA,Composer,NA,ttb-acapella-hymn-ballbrothers,cc-zero,0.0,0,3,739,0,3,0-0-0,62,639,10.306451612903226,True,3.450213357109776,0.7045454545454546,0.9559426229508196
QmNdipZxQAwbtb6i2JCxdvAWe3FhMSqNaTpupBRtrxzstN,I sit and think when the evening shade - J. H. Tenney,NA,I sit and think when the evening shade,J. H. Tenney,NA,classical,NA,publicdomain,0.0,0,0,5,2,1,0,29,423,14.586206896551724,False,2.61305241505456,0.9881796690307328,0.9765625
QmdqDP1A6ZNrQyYxkgut5g3nTW477gFvA2jAtcKL7mct8j,I sit at the feet of Jesus - Jno. R. Sweney,NA,I sit at the feet of Jesus,John R. Sweney,NA,classical,NA,publicdomain,0.0,0,0,6,2,1,0,19,294,15.473684210526317,False,2.672274791130333,0.9727891156462584,0.9305555555555556
QmbqMxVyjoxMddBuhGFG7Qqb63kp8da43wm3dJLtcrDNoV,I sit upon the mantel shelf - Ran C. Storey,NA,I sit upon the mantel shelf,Ran C. Storey,NA,classical,NA,publicdomain,0.0,0,0,5,2,1,0,18,316,17.555555555555557,False,2.634114204345184,0.990506329113924,0.921875
QmS8ipWEqFMjBt3zyjcDCJuj7fBtD36LABvxHhDHkyg2ZR,I smile (piano arrangement),NA,i smile,Kirk Franklin,Kirk Franklin,religiousmusic-rbfunksoul,gospel-kirkfrankling-piano,cc-zero,4.66,6,43,808,1,1,0,102,1417,13.892156862745098,False,3.4182966375303896,0.6880733944954128,0.9483251633986928
QmdAosqoRh51pAd14G1YUq7bnU2Dt5NxXPoKEPcexFrVq4,I sometimes feel the thread of life is slender - D. B. Towner,NA,I sometimes feel the thread of life is slender,D. B. Towner,NA,classical,NA,publicdomain,0.0,0,0,4,2,1,0,16,322,20.125,True,2.676872220344224,0.984472049689441,0.9205729166666666
QmTycoB1tWM6X3YG3em7MJQmQ7xwgKGC5kYhWq1WsGVU8C,I sometimes think it's almost too good to be true - Harry Dixon Loes,NA,I sometimes think it's almost too good to be true,Harry Dixon Loes,NA,classical,NA,publicdomain,0.0,0,0,21,1,1,0,9,200,22.22222222222222,False,2.510116655520984,1.0,0.9114583333333334
QmZemZcb3Pzgfk2mbWSesE3CMZhdGUBbsCYbZx4KxCMLAt,I sought for a golden harvest - H. L. Gilmour,NA,I sought for a golden harvest - H. L. Gilmour,H. L. Gilmour,NA,classical,NA,publicdomain,0.0,0,0,4,1,1,0,28,446,15.928571428571429,False,2.672379541219964,0.9417040358744396,0.9236111111111112
QmZgQ92dgbkowuXconZyyb3qsxKUGGc9obUDFmh5NYwia6,I sought for the blessing of pardon - Henry L. Gilmour,NA,I sought for the blessing of pardon,Henry L. Gilmour,NA,classical,NA,publicdomain,0.0,0,0,5,1,1,0,20,274,13.7,False,2.6539091349822064,0.9854014598540146,0.91796875
QmQSzRMjkTwaSXmqbAbdN1ThEGzKtdefy3DJxnr2uBYsGE,I sought the blessed Redeemer - D. B. Towner,NA,I sought the blessed Redeemer,D. B. Towner,NA,classical,NA,publicdomain,0.0,0,0,3,1,1,0,20,267,13.35,False,2.598856886354649,0.9887640449438202,0.9184027777777778
QmaRg5SevinENCrHTCFau5ijyHKvurbVSr3qorgVKohg45,I SPEND MY LIFE IN SIGHS.,NA,I SPEND MY LIFE IN SIGHS.,Misc tunes,NA,NA,NA,publicdomain,0.0,0,0,2,1,1,0,30,88,2.933333333333333,False,2.952555329059284,0.9204545454545454,0.9146825396825397
QmSmXwxW1NPYxKaFNtMJFA7k8CKuYp5tEXDLkJiL3JvSVk,I stand all bewildered with wonder - Wm. G. Fischer,NA,I stand all bewildered with wonder,Wm. G. Fischer,NA,classical,NA,publicdomain,0.0,0,0,29,1,1,0,20,301,15.05,False,2.499691886609595,1.0,0.955
QmPQxEsZVAN7WAv5FP2hELwsFsjnq1UmeE5QSgzWCbNxtZ,I stand before the cross of Christ - D. B. Towner,NA,I stand before the cross of Christ,D. B. Towner,NA,classical,NA,publicdomain,0.0,0,0,4,2,1,0,19,308,16.210526315789473,False,2.615966635328711,0.9837662337662336,0.9301470588235294
QmcMPBcHHRy6dgJvBvK9cmz6sxYrSgWMmJVLLv1oUmfKhW,I stand beholding Calvary's cross - F. S. Shepard,NA,I stand beholding Calvary's cross,F. S. Shepard,NA,classical,NA,publicdomain,0.0,0,0,3,1,1,0,18,329,18.27777777777778,False,2.20641166456751,0.9848024316109424,0.9440104166666666
QmTwVevKbke9QnkwhgJP4efUGQ77BKo79vQzaLthdnBpUj,I stand beside the crimson stream - S. B. Ellenberger,NA,I stand beside the crimson stream,S. B. Ellenberger,NA,classical,NA,publicdomain,0.0,0,0,2,1,1,0,20,210,10.5,False,2.512930756359176,0.9809523809523808,0.953125
QmNjLcoEyFFrRTAY2Fd2BxPg5ZBk9QYYMVTo56gKA5FyAP,i stepped on a cat,yuma kawashima,Flohwalzer,Misc Traditional,??,folk,NA,cc-zero,4.88,6,16,709,2,1,0,43,1094,25.44186046511628,False,2.6507181465686016,1.0,0.9553571428571428
QmX7RLrkuaWHtEyTaTv5YSUh1u1rjh3qXzSHtDpTZthiG1,I stood amid the glitt'ring throng. CJF.207,NA,I stood amid the glitt'ring throng. CJF.207,Misc tunes,NA,NA,NA,publicdomain,0.0,0,0,2,1,1,0,17,103,6.0588235294117645,False,2.899531767534059,0.9514563106796116,0.9010416666666666
QmRFz9V8xWVbyQQF4ztw4QU3zLPj2Ws4pAKWff6htNneMd,I stood beside a dying bed - W. A. Williams,NA,I stood beside a dying bed,W. A. Williams,NA,classical,NA,publicdomain,0.0,0,0,5,1,1,0,22,292,13.272727272727272,False,2.3617408821915324,1.0,0.8527777777777777
QmQ3e4Y5eX2Mj6r9tikc2Hbf2U9zAjjTgpZWFRw5zpqQZn,I stood beside her dying bed - G. F. Root,NA,I stood beside her dying bed - G. F. Root,G. F. Root,NA,classical,NA,publicdomain,0.0,0,0,4,1,1,0,18,252,14.0,False,2.4709125731805264,1.0,0.9027777777777778
QmcyRz9hDK6ZmjcAb6E8RHqZ6qR7fAjp2UeZ2ei8ZR7wH1,I stood by the side of the murmuring sea - E. O. Excell,NA,I stood by the side of the murmuring sea,E. O. Excell,NA,classical,NA,publicdomain,0.0,0,0,4,1,1,0,17,346,20.352941176470587,False,2.878949084974745,0.9364161849710982,0.8269230769230769
QmZLKJH3BpkBeXnJn9F3iC4ovRbcJnyeRUwyYjfZJBazMj,I stood in amaze and wonder - E. S. Lorenz,NA,I stood in amaze and wonder,E. S. Lorenz,NA,classical,NA,publicdomain,0.0,0,0,7,1,1,0,19,298,15.68421052631579,False,2.9380090448370604,0.9429530201342282,0.8576388888888888
QmdYwiPSY3vN3S8ryY5zNP3GtkECZ3HgxYh3xEobXvscxB,I stood outside the gate (Everett) - A. B. Everett,NA,I stood outside the gate (Everett),A. B. Everett,NA,classical,NA,publicdomain,0.0,0,0,3,1,1,0,17,234,13.764705882352942,False,2.440133557527084,1.0,0.9375
QmVG4FAY4HU7mNgNgra8YCfjyYifrqHQmz3VRT5c1Nz3x6,I strive each action to approve - Charles William Hempel,NA,I strive each action to approve,Charles William Hempel,Charles William Hempel,classical,NA,publicdomain,0.0,0,0,4,0,5,0-0-0-0-0,16,293,18.3125,True,2.8224911424438703,0.9718875502008032,0.9821428571428572
QmRtFgeGkK4PnfcoWUoKCVLq3SEUUQvBmCpk4SzDJRfumo,I strive to walk the narrow way - E. Alonzo Casselberry,NA,I strive to walk the narrow way,E. Alonzo Casselberry,NA,classical,NA,publicdomain,0.0,0,0,2,2,1,0,18,274,15.22222222222222,False,2.7388020620545848,0.9671532846715328,0.9027777777777778
QmYk1wevcFg3TqG1V2pRBpXAyiRoeHiZMRwvGHQa56kCcA,I Surrender All - Judson W. Van De Venter,NA,I Surrender All,Judson W. Van De Venter,NA,classical,NA,publicdomain,0.0,0,1,33,0,2,0-0,16,213,13.3125,True,2.547473224435889,1.0,0.9635416666666666
QmUpy3VZ1mxx1fJoYn896aDUPbb835xnZqqsNMQTtTi6Sh,I take this pain Lord Jesus - H. W. Lanning,NA,I take this pain Lord Jesus,H. W. Lanning,NA,classical,NA,publicdomain,0.0,0,0,2,1,1,0,18,162,9.0,False,2.5217135855947923,0.9876543209876544,0.9453125
QmYz3zzgshzTbx5PDWJaaZnCNTJAVCr8Ta9bkAYkJ1oDeZ,I think I should mourn over my sorrowful fate - R. M. McIntosh,NA,I think I should mourn over my sorrowful fate,R. M. McIntosh,NA,classical,NA,publicdomain,0.0,0,0,4,1,1,0,19,318,16.736842105263158,False,2.5018259922039734,1.0,0.9513888888888888
QmcMsjeSBGAkXQ7KX4xVAuutYAHgG8QJfCPujMXRAH4edY,I Think It's Thursday,NA,I Think It's Thursday,Misc tunes,NA,NA,NA,publicdomain,0.0,0,0,4,1,1,0,32,219,6.84375,False,2.232096762491007,1.0,0.9798177083333334
Qmd7mFTpLgfMjxs8JWDh1tCs516crScRnoNbqfux8Aee5u,I think when I read that sweet story of old (Englebrecht) - J. C. Englebrechrt,NA,I think when I read that sweet story of old (Englebrecht),J. C. Englebrechrt,NA,classical,NA,publicdomain,0.0,0,0,5,1,1,0,21,336,16.0,False,2.4864685160854743,1.0,0.8819444444444444
Qmb9hpnRzu95mzdp69FhpyaHhcgSfJ3w9auwjuvrBCiCAu,I think when I read the sweet story - Chas. H. Gabriel,NA,I think when I read the sweet story,Chas. H. Gabriel,NA,classical,NA,publicdomain,0.0,0,0,3,1,1,0,53,489,9.226415094339623,False,3.0141403869668526,0.901840490797546,0.9658119658119658
QmYySwPCVW5TP8155T63hxYaJLrB9AWn6VDaEojfLDrDTb,I thirst the abundant life to know - Lillian Taitt Sheldon,NA,I thirst the abundant life to know,Lillian Taitt Sheldon,NA,classical,NA,publicdomain,0.0,0,0,3,1,1,0,10,138,13.8,False,3.064661795103824,0.9347826086956522,0.9401041666666666
QmdsdDF3GMHiyhiu68ZQekfpA242driHK1CLGSjow1SrdW,I thought I was too great a sinner - Howard E. Smith,NA,I thought I was too great a sinner,Howard E. Smith,NA,classical,NA,publicdomain,0.0,0,0,4,1,1,0,18,361,20.05555555555556,False,2.3133417786695,1.0,0.9583333333333334
Qmf4yR2voy2gamotcLFcGw7xYWMiwZ5cH6EF9zxYDiYLxM,I thought my heart had broke asunder when I though on Reilly I left on shore,NA,I thought my heart had broke asunder when I though on Reilly I left on shore,Misc tunes,NA,NA,NA,publicdomain,0.0,0,0,1,1,1,0,18,100,5.555555555555555,False,2.5162127314248304,0.99,0.8680555555555556
Qmc5iFnc2RqLuzWx5ByeriAatk6aAcF4ZYbz7jQgkNxrC9,I to the hills will lift mine eyes (McGranahan) - James McGranahan,NA,I to the hills will lift mine eyes (McGranahan),James McGranahan,NA,classical,NA,publicdomain,0.0,0,0,4,2,1,0,20,238,11.9,False,2.531525908779782,0.9915966386554622,0.9047619047619048
QmZb7iUHVqLfFPVGDRNgZPJhKznnVjbnujhe4W7yhD71NQ,I trust the Lord,NA,I trust the Lord,Misc Traditional,NA,folk,NA,publicdomain,0.0,0,0,5,1,1,0,14,214,15.285714285714286,False,2.2953303298794854,1.0,0.9664351851851852
QmZxKJEpY2Stopj8aCuD4rcDAYzSVp3uzfUzZ6XLh2hqLh,I used to hear the promise - C. E. Hunter,NA,I used to hear the promise,C. E. Hunter,NA,classical,NA,publicdomain,0.0,0,0,6,1,1,0,27,340,12.592592592592592,False,2.48653381815319,0.9941176470588236,0.8912037037037037
QmTq2mYLvJ4PtUKHi511EGf8aQp3Xmdj2jSk8pJi71iZDa,i v vi iv test,NA,i v vi iv test,TechnoBiscuit,George Robertson,NA,NA,cc-zero,0.0,0,1,24,0,2,0-0,74,2010,27.16216216216216,False,2.8094229848766314,0.9313464608834486,0.9954954954954957
QmaoXW4MkWsmqbRKSu12bqC7LQFzaHvBt871zSXChGUpsG,I vi ii V I Progression (Cycle 5 descending keys),NA,I vi ii V I Progression (Cycle 5 descending keys),rbermani,Robert Bermani,NA,NA,cc-zero,0.0,0,4,75,1,1,0,54,810,15.0,False,3.5075916041058512,0.7185185185185186,0.9375
QmamnFbX1BqmkshrbB1wBDW7E9faadTULHWgW36sop5dj3,I vi IV V Progressions in all keys,NA,I vi IV V Progressions in all keys,kevinbowen,Kevin Bowen,NA,guitar-chordprogressions,cc-zero,0.0,0,3,80,0,1,0,48,192,4.0,False,0.2915489594998521,1.0,0.9982638888888888
QmYXMEhLrajafMReofB3REFy1RxLJCyd9thwi23GLMAxam,I wait for Thee O Lord - M. A. Sea,NA,I wait for Thee O Lord,M. A. Sea,NA,classical,NA,publicdomain,0.0,0,0,2,1,1,0,10,108,10.8,False,2.8865016214428234,0.9537037037037036,0.921875
QmZxMeyBv1x1PFhG79W4MihFcXmCkDTRMhx8ftha6fdcKm,I waited meekly for the Lord - Stephen Jarvis,NA,I waited meekly for the Lord,Stephen Jarvis,Stephen Jarvis,classical,NA,publicdomain,0.0,0,0,5,0,4,0-0-0-0,31,269,8.67741935483871,True,2.869924177101363,0.9691119691119692,0.9583333333333334
Qme9JZDPFy8WRkNhggZrXHDgSPwSkVfqDiu3dbQuFhMs3Q,I walked through the woodland meadows - F. M. Lamb,NA,I walked through the woodland meadows,F. M. Lamb,NA,classical,NA,publicdomain,0.0,0,0,3,1,1,0,20,261,13.05,False,2.461320571637355,0.992248062015504,0.9288194444444444
QmXkzkPYqJNwoKLDjgP6Tmaygev8an2WhcPdNitzsAUYdq,I wandered in the darkness - I. H. Meredith,NA,I wandered in the darkness,I. H. Meredith,NA,classical,NA,publicdomain,0.0,0,0,2,1,1,0,17,290,17.058823529411764,False,2.5784569542489555,0.986206896551724,0.9583333333333334
QmdtXa93w9ZahzUPmnnVVUXv8H6KF7zi6YzEBmPWVZQttk,I Want It That Way,Im Doing this instead of showering,I Want It That Way,jolmes122,J-Chrizzle,NA,NA,cc-zero,0.0,0,1,75,0,4,0-0-0-0,76,1417,18.644736842105264,False,2.9681184943995174,0.935064935064935,0.9511111111111112
Qmd3dyARV4bETUBHqNzxo5ymtdwNGkbj1TmUoEFcmciSjB,I want my life to glorify my Lord and King - J. P. Scholfield,NA,I want my life to glorify my Lord and King,J. P. Scholfield,NA,classical,NA,publicdomain,0.0,0,0,8,1,1,0,32,445,13.90625,True,2.666770181836355,0.9842696629213484,0.9408602150537636
QmXmQotzKMrsce8Ey9jp3CVW6AZz1afHYYkygMvvKwtHUi,I want that adorning Divine - James Mountain,NA,I want that adorning Divine,James Mountain,NA,classical,NA,publicdomain,0.0,0,0,3,1,1,0,14,134,9.571428571428571,False,2.6637733707337508,0.9701492537313432,0.975
QmX4zLyEixT4xrF7KwHA5TTRKHPnrswtkW1auXeWpZirzi,I want that my feet should be firm on the Rock - W. J. K.,NA,I want that my feet should be firm on the Rock,W. J. K.,NA,classical,NA,publicdomain,0.0,0,0,2,2,1,0,20,310,15.5,False,2.62635466781973,0.9967741935483873,0.9296875
QmNizJbUmtKc6Q9GGxwhR4hB478r9zUrR5U71bhfepUYs3,I want to be like Himlike Jesus I do - Scott Lawrence,NA,I want to be like Himlike Jesus I do,Scott Lawrence,NA,classical,NA,publicdomain,0.0,0,1,5,2,1,0,18,271,15.055555555555555,False,3.0723441928597115,0.9182156133828996,0.921875
Qmc2Ydwz47ZiUSE8okGm2mhSVQhBwK2SVmRmHkoh4B1QNz,I want to be ready when Jesus comes - Harold A. Miller,NA,I want to be ready when Jesus comes,Harold A. Miller,NA,classical,NA,publicdomain,0.0,0,0,44,1,1,0,17,149,8.764705882352942,False,2.702293289266595,0.9731543624161074,0.9513888888888888
QmdDMnBLqdugD39iHK4ers6cTj5STVUJqmFRJo7HbiTaRj,I want to die,NA,NA,NA,NA,NA,NA,cc-zero,0.0,0,0,51,1,1,0,60,679,11.316666666666666,False,2.452717994229558,1.0,0.9549851190476192
QmTdS1QU6QqJLnyJNxGCTnuLYgw9xY3M1z75FDYrakvfsr,I want to do something for Jesus (Ruebush) - Will H. Ruebush,NA,I want to do something for Jesus (Ruebush),Will H. Ruebush,NA,classical,NA,publicdomain,0.0,0,0,3,2,1,0,17,263,15.470588235294118,False,2.7101788073708266,0.9846743295019156,0.9131944444444444
QmbddPhfWLe7Xd1TSHVaqg1fKeqkRp6XQUCQJFqv34b91P,I want to go to Jesus - E. S. Lorenz,NA,I want to go to Jesus,E. S. Lorenz,NA,classical,NA,publicdomain,0.0,0,0,2,1,1,0,18,126,7.0,False,2.7889054668962103,0.984126984126984,0.953125
QmPaJR5dJN32khFxeRTokVXUhcuMy2T2ysfifopnf1fdT9,I want to know more about Jesus - George S. Schuler,NA,I want to know more about Jesus,George S. Schuler,NA,classical,NA,publicdomain,0.0,0,0,8,1,1,0,20,265,13.25,False,2.61824218436663,0.9773584905660376,0.8958333333333334
QmaWk4JMtucKE8WPjfqFZPaTHLup53wnj69bcz7EwP5kFf,I want to live for Jesus - J. Calvin Bushey,NA,I want to live for Jesus,J. Calvin Bushey,NA,classical,NA,publicdomain,0.0,0,0,3,2,1,0,15,411,27.4,False,2.6895591681545667,0.9552238805970148,0.828125
Qmars6EENbRimKYPDzMWtWCDqivZPhGQ3jhM9NTVjLhdCs,I want to live in glory - A. J. Abbey,NA,I want to live in glory,A. J. Abbey,NA,classical,NA,publicdomain,0.0,0,0,3,1,1,0,26,289,11.115384615384617,False,2.8341021436811227,0.9584775086505192,0.9583333333333334
QmV7ynFeTTWq2Bkyv8UcU7cQeGHCY7CxuF11HYFmFE3G8X,I want to tell the story - C. D. Amstutz,NA,I want to tell the story,C. D. Amstutz,NA,classical,NA,publicdomain,0.0,0,0,2,1,1,0,17,254,14.941176470588236,False,2.6129136677661617,0.9724409448818898,0.9231770833333334
QmaJxKpMVnbosy7nsCdBMz9LA5pNGwsgCufEiRC8yu6Ksq,I Want You - Polycat Alto,NA,I Want You - Polycat Arr. Don Wichaisueb,Don Wichaisueb,NA,NA,NA,cc-zero,0.0,0,0,21,1,1,0,91,402,4.417582417582418,False,2.84016044301841,0.900497512437811,0.9116300366300366
QmSc4mUusXjMzeV4Zz79PgqtFrLa8ytZNfBHLcbgMeANT4,I Want You - Polycat Bass,NA,I Want You - Polycat Arr. Don Wichaisueb,Don Wichaisueb,NA,NA,NA,cc-zero,0.0,0,0,15,1,1,0,91,336,3.692307692307693,False,3.0912878179302448,0.8392857142857143,0.9235347985347986
QmZu8qEZo2eiAndj6PSpJ1naupkcU45q4xqRx7MEy37ZEd,I Want You - Polycat SATB,NA,I Want You - Polycat Arr. Don Wichaisueb,Don Wichaisueb,NA,NA,NA,cc-zero,0.0,0,0,45,0,4,0-0-0-0,76,1490,19.605263157894736,False,3.157539341369861,0.9043419267299864,0.9007675438596492
QmYbNXpGuWzW1NCPJYiVqD6j4pYahUwanqjYR8EmEXiFR7,I Want You - Polycat Soprano,NA,I Want You - Polycat Arr. Don Wichaisueb,Don Wichaisueb,NA,NA,NA,cc-zero,0.0,0,1,15,1,1,0,91,604,6.637362637362638,False,2.949914386044936,0.8990066225165563,0.8969907407407407
Qmcik8aukgGcmFWFvhDx4kKBxME183MoHzHxGkUEZBybKA,I Want You - Polycat Tenor,NA,I Want You - Polycat Arr. Don Wichaisueb,Don Wichaisueb,NA,NA,NA,cc-zero,0.0,0,2,43,1,1,0,91,443,4.868131868131868,False,3.106291536856644,0.8690744920993227,0.9006944444444445
QmbFKZPzuCPYX74F8fRumhVbwomx4VBrqLWEfrMWdsBhv5,I Warned Myself,Charlie Puth,i warned myself,Charlie Puth,NA,pop-rbfunksoul,NA,cc-zero,4.88,6,28,376,2,1,0,61,1152,18.885245901639344,False,2.623453085411188,0.9850352112676056,0.9121527777777778
QmY89HnzsS64Ex59Y1rz3rNAcdGH6KWMRqiDrd8GgAGwQK,I was a wandering sheep (John) - D. C. John,NA,I was a wandering sheep (John),D. C. John,NA,classical,NA,publicdomain,0.0,0,0,5,1,1,0,18,206,11.444444444444445,False,2.7170433178948223,0.9757281553398058,0.9609375
Qmcyfkzp47ZgPY9aSgYWJRpysUpL7Y9JLyxW6ymZ9c8mGH,I Was Born for Sport,NA,I Was Born For Sport,Misc tunes,NA,NA,NA,publicdomain,0.0,0,1,4,1,1,0,32,168,5.25,False,2.72017735207756,1.0,0.953125
QmYihwnejJf1k17iN4EYr6Q51ZCxus828YvueBkwgZ7Mbh,I Was Born For Sport,NA,I Was Born For Sport,Misc tunes,NA,NA,NA,publicdomain,0.0,0,0,1,1,1,0,71,425,5.985915492957746,False,2.727730805334943,1.0,0.9831730769230768
QmYmDxxaNiX2kX2ubASb2zo4b3fy8ci8j4rcVpSfmRQ5q3,I was found by the One who sought me - D. B. Towner,NA,I was found by the One who sought me,D. B. Towner,NA,classical,NA,publicdomain,0.0,0,0,4,1,1,0,18,241,13.38888888888889,False,2.6011670806693,0.983402489626556,0.9309895833333334
QmY2pcoXrL91Yn9HUkXxukfFDgoLE3Y78Z7RiNbkvRqDJ2,I was glad I was glad (Pierce) - Pemberton Pierce,NA,I was glad I was glad (Pierce),Pemberton Pierce,NA,classical,NA,publicdomain,0.0,0,0,5,2,1,0,90,1074,11.933333333333334,True,2.955388014549534,0.9450651769087524,0.9531893004115226
Qmc6dRxTV3BTaakGiuApicFJrNjATe7PRQrGJGY7csoizS,I was glad when they said unto me,NA,I was glad when they said unto me,Misc Traditional,NA,folk,NA,publicdomain,0.0,0,0,30,2,1,0,9,150,16.666666666666668,False,3.019749232043176,0.92,0.9453125
QmSaauv9v273bJ1jowE5KDpxKbkSZYqWnVLffJdNTHQWNP,I was gloomy and sad - Thoro Harris,NA,I was gloomy and sad,Thoro Harris,NA,classical,NA,publicdomain,0.0,0,0,6,2,1,0,18,350,19.444444444444443,False,2.693580213658176,0.9771428571428572,0.9309895833333334
QmSBooXSNXW4NJCjWqF84yozPwBgv3JXEp44cwrvJHNNsn,I Was Like a Lamb - Marco Antonio Ingegneri,NA,I Was Like a Lamb,Marco Antonio Ingegneri,MARCO-ANTONIO INGEGNERI(1535?-1592),classical,NA,publicdomain,0.0,0,0,1,0,6,0-0-0-0-0-0,47,901,19.170212765957448,True,2.722917910471758,0.9790209790209792,0.9689814814814814
QmUBo1Lpgcbprqf5auTVMFj3sdFCZ4dxk3cgYH5VCKh1DJ,I was lost now I'm saved by the blood of the Lamb - C. E. Rowley,NA,I was lost now I'm saved by the blood of the Lamb,C. E. Rowley,NA,classical,NA,publicdomain,0.0,0,0,5,2,1,0,17,300,17.647058823529413,False,2.49905653747693,0.9933333333333332,0.94140625
QmPPnkx9Miq5rEyN8MaCKyzfpCa1m81c6ktrvQMfz8Fmm7,I Was Lost Without You,Mass Effect 3,mass effect 3 - i was lost without you,Misc Computer Games,Composed by Sam Hulick Arranged by Olivia Raudenbush,soundtrack,masseffect-masseffect-samhulick,publicdomain,0.0,0,34,2067,2,1,0,62,822,13.258064516129032,False,2.921111365869659,0.9343065693430656,0.8695175438596492
QmaBen4d3EbndGufL5PfF4R3v3kaxFa5rtGoD9nbyVB75K,I was once far away from the Savior (Butler) - Charles J. Butler,NA,I was once far away from the Savior (Butler),Charles J. Butler,NA,classical,NA,publicdomain,0.0,0,0,4,2,1,0,9,209,23.22222222222222,False,2.514679474687258,0.9665071770334928,0.7395833333333333
QmXf6VBuVU8PDJavbNocDKEnHn19tEVv6dtAqMk6YxLVQt,I was praying for the peace of the sinner reconciled - D. B. Towner,NA,I was praying for the peace of the sinner reconciled,D. B. Towner,NA,classical,NA,publicdomain,0.0,0,0,3,2,1,0,20,379,18.95,False,2.638793745830275,0.978891820580475,0.9153645833333334
QmVkFMQ4cZTfQXviUJgdAhVLUSe6CD9uvd9b7FABojWFJK,I Was Roaming in the Gloaming,NA,I Was Roaming in the Gloaming,Misc tunes,NA,NA,NA,publicdomain,0.0,0,0,10,1,1,0,18,71,3.9444444444444446,False,2.739591210895337,1.0,0.921875
Qmf5dDSaVQEcnuqNYy7yfveQ9AUksXCRryh744sHzFwfm5,I was so lonely so very lonely - C. F. Weigle,NA,I was so lonely so very lonely,C. F. Weigle,NA,classical,NA,publicdomain,0.0,0,0,18,2,1,0,18,373,20.72222222222222,False,2.2366269683857207,1.0,0.9166666666666666
QmYMkZbZqRHZz4WU5xkkqvcccEb66bkvzzRtZ41vbav3YE,I was starving in the desert - J. Howard Entwisle,NA,I was starving in the desert,J. Howard Entwisle,NA,classical,NA,publicdomain,0.0,0,0,6,2,1,0,21,437,20.80952380952381,False,2.6295772599567715,0.9839816933638444,0.9142156862745098
QmRgQqiRYbhJCimUkLzVgJhicY1Pyp8KVS7xddoULYnU6h,I was wandering and weary (Hall) - J. Lincoln Hall,NA,I was wandering and weary (Hall),J. Lincoln Hall,NA,classical,NA,publicdomain,0.0,0,0,6,1,1,0,17,312,18.352941176470587,False,2.8628618815903004,0.9455128205128204,0.9635416666666666
QmRtAtFnFJcSnwWnVU1qW4yeJjqkfudCAN4CWcQkdHpgGD,I was wandering on in darkness and sin - Howard Clare,NA,I was wandering on in darkness and sin,Howard Clare,NA,classical,NA,publicdomain,0.0,0,0,4,1,1,0,18,291,16.166666666666668,False,2.4431054115867346,0.9896907216494846,0.918154761904762
QmarfMJTmfjPV1JCqbDeZcD3WuRJzAp7v252KtZMccjffM,I was wandering sad and weary - Geo. C. Stebbins,NA,I was wandering sad and weary,Geo. C. Stebbins,NA,classical,NA,publicdomain,0.0,0,0,6,1,1,0,25,287,11.48,False,2.751344998287604,0.9616724738675958,0.959375
QmZBxS4ppRfPh7f9AidvDEcG581b5QEwJHQtCRhGGaRcK3,I was wandering when the Savior found me - Clinton D. Lowden,NA,I was wandering when the Savior found me,Clinton D. Lowden,NA,classical,NA,publicdomain,0.0,0,0,5,1,1,0,18,296,16.444444444444443,False,2.875549068811379,0.956081081081081,0.9518229166666666
QmTjvM4Kt8eK1NVpEqhxTtP2XvYv5yuD4dpDBcw8mZ5Y5X,I was wandring in a wilderness of deep despair and sin - Wm. J. Kirkpatrick,NA,I was wandring in a wilderness of deep despair and sin,William J. Kirkpatrick,NA,classical,NA,publicdomain,0.0,0,0,2,1,1,0,17,367,21.58823529411765,False,2.414957137969875,0.994550408719346,0.9117647058823528
QmPUnZA922HPkpHRWEWZsRpsUtjRHm5FFN3TegtmvtL1pM,I was weary and discouraged with my weight of woe - Haldor Lillenas,NA,I was weary and discouraged with my weight of woe,Haldor Lillenas,NA,classical,NA,publicdomain,0.0,0,0,2,1,1,0,18,385,21.38888888888889,False,2.7964495880082008,0.948051948051948,0.9153645833333334
QmWc49gq548dEWnHEqPZNTVDnTAxUreArLXVRPWKoh7iDp,I was within a mile of Edenburgh town. JJo.014,NA,I was within a mile of Edenburgh town. JJo.014,Misc tunes,words T.D'Urfey(1653-1723)music H.Purcell(1659-1695),NA,NA,publicdomain,0.0,0,0,8,1,1,0,30,220,7.333333333333333,False,2.515199007448325,1.0,0.904320987654321
QmU5XgCetQd6vziCcVgZ5NRcx2Z848AbQHqXZNr4UTn9iU,I was wrecked on a rocky and desolate shore - J. E. French,NA,I was wrecked on a rocky and desolate shore,J. E. French,NA,classical,NA,publicdomain,0.0,0,0,9,1,1,0,18,329,18.27777777777778,False,2.723619198772948,0.9695121951219512,0.890625
QmNrzNpxFXMjXmKjWBq3Ega8zZBozZ76G8jMfmJMqmCz5U,I Was Young And Lustey.... HA.141,NA,I Was Young And Lustey.... HA.141,Misc tunes,... When I Had Ye,NA,NA,publicdomain,0.0,0,0,7,1,1,0,32,224,7.0,False,2.5256548880178915,1.0,0.9440104166666666
QmaSrcSV5M94xY1RukFKuYoCM7oSzagT3CxaUxYmK9riBB,I was young and lusty when I kent ye,NA,I was young and lusty when I kent ye,Misc tunes,NA,NA,NA,publicdomain,0.0,0,0,2,1,1,0,36,224,6.222222222222222,False,2.513727610160901,1.0,0.9432624113475178
QmPhZ5AGvGbhdCzRgtWXjuapJr7YyJ4hRvvRu2YzuJfWym,I well remember when I saw - Geo. C. Stebbins,NA,I well remember when I saw,Geo. C. Stebbins,NA,classical,NA,publicdomain,0.0,0,0,3,1,1,0,20,245,12.25,False,2.5767049412423493,0.9918367346938776,0.9010416666666666
QmQWf9Mu4vGpKGRJyJjJwfN6jQj2imVgid2eYWpwsk1rPQ,I went to my true love - Woolrich,NA,I went to my true love - Woolrich,Misc tunes,Taken down from J. Woodrich by F.W.B.,NA,NA,publicdomain,0.0,0,0,4,1,1,0,17,72,4.235294117647059,False,2.940408450309365,0.9444444444444444,0.9430555555555556
QmPScQ7jmdVSMsotSYQgHbjM6zYfrs7cXTEf7n1fLMH2di,I will always think of you,NA,I will always think of you,Jane Krakowski & Colman Domingo,Grouplove,NA,NA,cc-zero,0.0,0,1,169,1,1,0,33,253,7.666666666666667,False,2.856589056207593,0.9367588932806324,0.9375
QmPxfjdZr7qXLQL791HfEcffE4p2xHh4nypmxqzackGAjT,I will arise and go to my Father - Alfred Holzworth,NA,I will arise and go to my Father,Alfred Holzworth,NA,classical,NA,publicdomain,0.0,0,0,8,2,1,0,17,336,19.764705882352946,True,2.6680170517840023,0.9791666666666666,0.9526515151515152
QmVBJVdzE4DPuV2iPg4TkeKoDxy447DTWWtqr7cHBgCovj,I will arise and go to my Father - Thomas Clark,NA,I will arise and go to my Father,Thomas Clark,Thomas Clark,classical,NA,publicdomain,0.0,0,0,13,0,5,0-0-0-0-0,79,849,10.746835443037977,True,2.8567915626319205,0.9738219895287958,0.9613970588235294
QmboKiscnFUyvDBmaoMi85gapNiBXdytPZ61s1SKQaUo6V,I Will Be A Survivor,Gloria Gaynor,i will survive,Gloria Gaynor,Arr. Laura Green,disco,NA,cc-zero,0.0,0,5,88,0,6,0-0-0-0-0-0,85,1698,19.97647058823529,True,2.8476642586395053,0.9197568389057752,0.9079861111111112
QmYQQv8VWPERiBnVA3qofQqeMAqbeWA9dTbkhBrNbJjsBv,I will be true to my Saviour - J. Lincoln Hall,NA,I will be true to my Saviour,J. Lincoln Hall,NA,classical,NA,publicdomain,0.0,0,0,4,1,1,0,33,363,11.0,True,2.818741159367714,0.9228650137741048,0.9201388888888888
QmU5PLeAuc3sz8WokSsKxCktA4btntm1nzFkaBFjTMHrLd,I will bless the Lord and praise Him evermore - Ira D. Sankey,NA,I will bless the Lord and praise Him evermore,Ira D. Sankey,NA,classical,NA,publicdomain,0.0,0,0,3,1,1,0,18,295,16.38888888888889,False,2.606331824837272,0.9966101694915256,0.94140625
QmSfmboVEQ19Ffp5KYgLchmPQ39StTp6dDPV6HKQUP9jqz,I will bless the Lord at all times (Kirkpatrick) - Wm. J. Kirkpatrick,NA,I will bless the Lord at all times (Kirkpatrick),William J. Kirkpatrick,NA,classical,NA,publicdomain,0.0,0,0,15,1,1,0,26,338,13.0,False,2.522672814767444,0.9881656804733728,0.9644097222222222
QmQUadBfFcDmw8woN1f8gW5fUzSDtdTcWHSAToGDxbKoUy,I Will Buy You A Fine Lace Cap,NA,I Will Buy You A Fine Lace Cap,Misc tunes,NA,NA,NA,publicdomain,0.0,0,0,1,1,1,0,6,29,4.833333333333333,False,2.224169256934338,1.0,0.9458333333333332
QmX1WK6n1Qd95VWNzcgGDoTJ6nTdweLsHyoK9og4xwg4Lu,I will cling to the cross where I first found rest - Wm. J. Kirkpatrick,NA,I will cling to the cross where I first found rest - Wm. J. Kirkpatrick,William J. Kirkpatrick,NA,classical,NA,publicdomain,0.0,0,0,4,2,1,0,27,407,15.074074074074074,False,2.478401067941334,0.9877149877149876,0.9366666666666666
QmV2uzMa8p5CC6F2EUbFvDn8QuLXHsVQwp2wy4KFS5DBn2,I will cling to the Rock - H. L. Gilmour,NA,I will cling to the Rock,H. L. Gilmour,NA,classical,NA,publicdomain,0.0,0,0,6,1,1,0,18,333,18.5,False,2.4400145769378967,0.993993993993994,0.9518229166666666
QmZ5HsUqZwfVTwF3E8zRAJWk1JM2Zgo1eBseAC5KB1HpAR,I will compass Thine altar with songs of thanksgiving - Adam Geibel,NA,I will compass Thine altar with songs of thanksgiving,Adam Geibel,NA,classical,NA,publicdomain,0.0,0,0,10,1,1,0,24,373,15.541666666666666,False,2.7795224119704245,0.96514745308311,0.9765625
QmczYND1ZXsSFroarHHcBT8c1RPa7zkF3PwczzfvMDSE9a,I Will Drink No More (air) 0285,NA,I Will Drink No More,Misc tunes,after Sg't. J. O'Neillslow,NA,NA,publicdomain,0.0,0,0,8,1,1,0,18,83,4.611111111111111,False,2.5745095266615405,0.9879518072289156,0.8802083333333334
QmQ3qPPPp2jYkdnRmPvtP7moYtSVYEped6dUC2YJicVtT6,I will follow Jesus bless His name - R. E. Winsett,NA,I will follow Jesus bless His name - R. E. Winsett,R. E. Winsett,NA,classical,NA,publicdomain,0.0,0,0,6,2,1,0,18,319,17.72222222222222,False,2.860104714322624,0.9592476489028212,0.9375
QmPNyX5bSXG96Phm5uq91guEQeSSEvcorV3GziTaXtzMtH,I will follow Thee dear Jesus - W. F. Fowler,NA,I will follow Thee dear Jesus,W. F. Fowler,NA,classical,NA,publicdomain,0.0,0,0,12,2,1,0,25,357,14.28,False,2.859372065061495,0.9523809523809524,0.945601851851852
QmYM8jo1zUzn4qMq4g6kB5gpMmocvjiuQXNdkzv3m3SQrC,I will follow thee my Jesus - Powell G. Fithian,NA,I will follow thee my Jesus,Powell G. Fithian,NA,classical,NA,publicdomain,0.0,0,0,11,1,1,0,16,247,15.4375,True,2.8351293139012763,0.9635627530364372,0.9488636363636364
QmURMz6Gn4sAamnR3b7zpjgri2XQg65NKQ9LdYKZGXi1FC,I will follow Thee my Savior (Byshe) - Fred H. Byshe,NA,I will follow Thee my Savior (Byshe),Fred H. Byshe,NA,classical,NA,publicdomain,0.0,0,0,37,0,2,0-1,37,1540,41.62162162162162,False,3.099742733545117,0.9053747161241484,0.625
QmXuE5ebmBMHFebyRuGPFGuJJsA5xN5ieQYsyvD2ZtbDvb,I will gang no more to your town,NA,I will gang no more to your town,Misc tunes,No 239 William Clarke of Feltwell,NA,NA,publicdomain,0.0,0,0,3,1,1,0,28,200,7.142857142857143,False,2.454710324588094,1.0,0.9661458333333334
QmNM33d9ZK9HQqMmac6BgvN9FyUskQQ61qc2mFYSJZu3j1,I will get me to the mountain - B. D. Ackley,NA,I will get me to the mountain,B. D. Ackley,NA,classical,NA,publicdomain,0.0,0,0,10,1,1,0,25,298,11.92,False,2.97878740337596,0.9496644295302014,0.953125
QmP8HqNeJ3NdKTTahM6Tw7YNzVfJ5w7jhvETmAvjKJKaaC,I will give my love an apple,NA,I will give my love an apple,Misc tunes,anon.,NA,NA,publicdomain,0.0,0,2,65,1,1,0,17,54,3.176470588235294,True,2.580566041337496,1.0,0.96875
QmWrEAgmNNcCJrg3EhWBFhautfFjZFPo7Hh8kw1RZZ1M7F,I will give O blessed promise - James McGranahan,NA,I will give O blessed promise,James McGranahan,NA,classical,NA,publicdomain,0.0,0,0,97,2,1,0,19,314,16.526315789473685,False,2.734575565315956,0.9840764331210192,0.9362745098039216
QmUPkdcuUYBGpydBfT24BLwCCfmy3ZyhUXeSJz8eER4o4Z,I will give thanks to thee O Lord - Thomas Clark,NA,I will give thanks to thee O Lord,Thomas Clark,Thomas Clark,classical,NA,publicdomain,0.0,0,1,34,0,5,0-0-0-0-0,40,567,14.175,True,2.797314083654728,0.9757085020242916,0.9504504504504504
QmTAZuefkz1mzi3pEDBY5XBNv8YM7XYGxBWTGWnK68QckC,I Will Give Thanks Unto Thee by Gioacchino Rossini,NA,I Will Give Thanks Unto Thee,Gioacchino Rossini,NA,classical,NA,cc-zero,4.22,29,17,1838,0,1,0,118,1639,13.889830508474576,False,2.9382617096154227,0.9341061622940816,0.972457627118644
QmcjSRw5rDDVbiDNZRRfKmhTMw98SWGy7jEgLCR1cKBReM,I Will Go Home To Kintail,NA,I Will Go Home to Kintail,Misc Traditional,NA,folk,NA,publicdomain,0.0,0,0,11,1,1,0,8,93,11.625,False,2.595222791311685,1.0,0.9209770114942528
QmWdKqNdbLZY6QLuKS1YTzvwFxXhe9DUL49CYvjKnJqHY1,I Will Go Home to Kintail,NA,I Will Go Home to Kintail,Misc Traditional,NA,folk,NA,publicdomain,0.0,0,0,3,1,1,0,16,124,7.75,False,2.372940250262176,1.0,0.9635416666666666
QmVuXahSErC431nW7oRL2m5YL5heUk2NeuGYn7ZTg2feBR,I Will Go Home To Kintail,NA,I Will Go Home to Kintail,Misc Traditional,NA,folk,NA,publicdomain,0.0,0,0,8,1,1,0,34,76,2.235294117647059,False,2.4843777110952807,1.0,0.9408333333333332
QmSU6YvhJXqxFwfKvbyZM39xJEEdsm2jCXdgQP38poWE23,I will go I will go to the Saviour Ill go - Wm. J. Kirkpatrick,NA,I will go I will go to the Saviour Ill go,William J. Kirkpatrick,NA,classical,NA,publicdomain,0.0,0,0,2,2,1,0,18,268,14.88888888888889,False,2.6010201883047843,0.9888059701492538,0.946078431372549
QmPBAxA5z1DdDo2MC7sLvCHUJ7q6uNcown8YsiMf7DBXGL,I will go to Jesus now while the Holy Spirit calls - Jno. R. Sweney,NA,I will go to Jesus now while the Holy Spirit calls,John R. Sweney,NA,classical,NA,publicdomain,0.0,0,0,5,2,1,0,18,458,25.444444444444443,False,2.5560908895669217,0.980349344978166,0.9440104166666666
QmZkDFrZTKRYHkC5TGXgSASFHP3GRxMJ3uCjD2fP9yiHu7,I will have a Wife of my own,NA,Wife of My Own A,Misc tunes,NA,NA,NA,publicdomain,0.0,0,0,1,0,2,0-0,24,176,7.333333333333333,False,2.6928350044738463,1.0,0.9664351851851852
QmeT4H5h1fC8t7yCcUiKV9tJL2iphENsaiPe7tbwwty4Qn,I will have a Wife of my Own. JBa.57,I Have a Wife of my Ownaka JBa.57,Wife of My Own A,Misc tunes,NA,NA,NA,publicdomain,0.0,0,0,7,1,1,0,47,327,6.957446808510638,False,2.765139248353504,1.0,0.922275641025641
QmWxdB9g64N3yxYP5mybRVoYVUvKWWUqLWaPMrdzcPxJ9r,I Will If I Can,Deafad Ma Tig Liom,I Will If I Can,Misc tunes,collected by F.O'Neill,NA,NA,publicdomain,0.0,0,0,1,1,1,0,45,235,5.222222222222222,False,2.557577302909708,1.0,0.9375
QmVkdaPVXFXGadNjGE9VrhRTCMbEppfcmSLNVjJHWSYHm1,I will if I can,NA,I Will If I Can,Misc tunes,anon.,NA,NA,publicdomain,0.0,0,0,2,1,1,0,28,144,5.142857142857143,False,2.6254656819559767,1.0,0.9210526315789472
QmXuYCCEQLmtNtB7YUt36c3fhn1mwJCgLWiLEb3ovyov24,I Will If I Can (jig) 0992,NA,I Will If I Can,Misc tunes,after Chief F. O'Neill,NA,NA,publicdomain,0.0,0,0,3,1,1,0,38,196,5.157894736842105,False,2.612416436375469,1.0,0.9366666666666666
QmT7C8kKEqraAjmo9tLi3yeV3BScKox7KThufnabHcVy3u,I Will Kiss the Wife She Bad Me,NA,I Will Kiss the Wife She Bad Me,Misc tunes,NA,NA,NA,publicdomain,0.0,0,0,6,1,1,0,114,1106,9.701754385964913,False,2.796436492879732,0.972875226039783,0.909476401179941
QmT8P4AXWEiB93KqDZ89xVctFhd4xrWgZx4LSRhgjWbSKG,I will lift my voice in praise unto my King - Albert Simpson Reitz,NA,I will lift my voice in praise unto my King - Albert Simpson Reitz,Albert Simpson Reitz,NA,classical,NA,publicdomain,0.0,0,0,3,1,1,0,19,289,15.210526315789474,False,2.7303453984089616,0.9757785467128028,0.9309895833333334
QmUij7T7KCWbcHtPLwkekVQJfmw9ry81DBQLs5uBhmaVUu,I will live for Jesus day by day - Howard E. Smith,NA,I will live for Jesus day by day,Howard E. Smith,NA,classical,NA,publicdomain,0.0,0,0,8,1,1,0,18,271,15.055555555555555,False,2.555980723988436,0.985239852398524,0.9388020833333334
QmYppwi9HcUXmiwABVYr3oHWYVMDSUa566JkpGEzdq7Wy2,I will look to the hills to the beautiful hills - Jno. R. Sweney,NA,I will look to the hills to the beautiful hills,John R. Sweney,NA,classical,NA,publicdomain,0.0,0,0,3,2,1,0,18,342,19.0,False,2.7628365299178275,0.9736842105263158,0.9049479166666666
QmeMoi1NTAxRxg8soZLYvz7nF2yDHqS2gqk1yrLjQQUBSr,I will love Thee all my treasure - Henry A. Lewis,NA,I will love Thee all my treasure,Henry A. Lewis,NA,classical,NA,publicdomain,0.0,0,0,6,2,1,0,20,265,13.25,False,2.7598371727213293,0.958490566037736,0.9424019607843136
QmVBkcfwVEb43XkDSqDH7DGPyLomfoHf727kNvBfzpQxWJ,I will neither spin Tow nor flax,NA,I will neither spin Tow nor flax,Misc tunes,NA,NA,NA,publicdomain,0.0,0,0,1,1,1,0,20,124,6.2,False,2.50858472174562,1.0,0.925925925925926
QmRZj8fYJ6ki822y5mg4wtFxrFFN5R9iAzph6RrAxpVvkU,I will never doubt my Saviour - Florence Williams Falconer,NA,I will never doubt my Saviour,Florence Williams Falconer,NA,classical,NA,publicdomain,0.0,0,0,3,1,1,0,16,235,14.6875,True,2.616488020443627,0.9787234042553192,0.9522569444444444
QmPf7VerYomLiiEujJFEopWiLzZN9CDygVA7hextGKUTUG,I will never leave nor forsake thee - Howard E. Smith,NA,I will never leave nor forsake thee,Howard E. Smith,NA,classical,NA,publicdomain,0.0,0,0,2,1,1,0,16,266,16.625,True,2.5966911864030826,0.9887218045112782,0.8888888888888888
QmPnDcTQdoKkaHpBz24EGN6Q7Fsm2Qgs2pmNYXFaFiYHQJ,I will not be afraid at night - Wm. B. Bradbury,NA,I will not be afraid at night,Wm. B. Bradbury,NA,classical,NA,publicdomain,0.0,0,0,5,1,1,0,9,105,11.666666666666666,False,2.37906397583727,1.0,0.9166666666666666
QmT29ZXBzTc5qh2wzyLVtGmxUDr4QwVZyCJC6enzzZYWq5,I will not forsake thee precious words divine - James M. Black,NA,I will not forsake thee precious words divine,James M. Black,NA,classical,NA,publicdomain,0.0,0,0,6,2,1,0,16,311,19.4375,True,2.6509850257744327,0.977491961414791,0.9388020833333334
QmfZhUzX36bBnkGoXBCK2ughyEQbCu9vahxhe7DYoREQmJ,I will not leave you comfortless (Miles) - C. Austin Miles,NA,I will not leave you comfortless (Miles),C. Austin Miles,NA,classical,NA,publicdomain,0.0,0,0,8,1,1,0,26,349,13.423076923076923,False,2.948250622252443,0.9369627507163324,0.8923611111111112
QmbB82VSYa1FEFpNxjXqwb2kigh9m6kxGcxuXDneH86KGb,I will not leave you comfortless (Morris) - Mrs. C. H. Morris,NA,I will not leave you comfortless (Morris),Mrs. C. H. Morris,NA,classical,NA,publicdomain,0.0,0,0,2,1,1,0,21,331,15.761904761904765,False,2.838922753197479,0.9577039274924471,0.9552469135802468
QmW5gHAvK1RisQ1j8X4sQvbnD2nTjNkFNjZBkhHaUSjeNq,I will not say to Jesus nay - Geo. B. Holsinger,NA,I will not say to Jesus nay,Geo. B. Holsinger,NA,classical,NA,publicdomain,0.0,0,0,4,1,1,0,20,259,12.95,False,2.5848812237172822,0.976470588235294,0.9166666666666666
QmaSqK8epLAB2Ro6zuvx8H4UE5kBR2pXtkFpfFznHEWEtQ,I will not serve my Savior in a poor or selfish way - M. L. McPhail,NA,I will not serve my Savior in a poor or selfish way,M. L. McPhail,NA,classical,NA,publicdomain,0.0,0,0,8,1,1,0,34,437,12.852941176470589,False,3.003623689189737,0.9244851258581236,0.9532828282828284
QmYu34G2NsQFDNoev8qTuvYnWM5pyo7RD6SMERDsmNakij,I Will Pay Them Yet,NA,I Will Pay Them Yet,Misc tunes,NA,NA,NA,publicdomain,0.0,0,0,3,1,1,0,20,140,7.0,False,2.693521182875761,1.0,0.9652777777777778
Qmf49myGbdTU5BKhyUcMDwzdaZaZJdwdQto7m16NP2msFn,I will praise him I will praise him - Wm. J. Kirkpatrick,NA,i will praise him,Misc Praise Songs,NA,religiousmusic,NA,publicdomain,0.0,0,1,14,1,1,0,27,414,15.333333333333334,False,2.638436311585343,0.973170731707317,0.9459876543209876
QmT7nyoVsKexWWC6UxQrqVtw457T7Jpb9PuVFas9gLFp35,I will praise the Lord with heart and voice - Ira D. Sankey,NA,I will praise the Lord with heart and voice,Ira D. Sankey,NA,classical,NA,publicdomain,0.0,0,0,19,1,1,0,19,263,13.842105263157896,False,2.5917547329781465,0.9961977186311788,0.9283854166666666
QmSwxAHonNTmZ8Enzptcd9KHwAuXfCDrMgXLh84DrDTinS,I will pray the Father (Jesus said) - Mrs. C. H. Morris,NA,I will pray the Father (Jesus said),Mrs. C. H. Morris,NA,classical,NA,publicdomain,0.0,0,0,7,1,1,0,17,308,18.11764705882353,True,2.866956089110272,0.9642857142857144,0.9388888888888888
QmVF8CpWG5MgLERPHmvA8MD2vmCSZc6hntJBSxD6FwL9gf,I will raise my sail black mistfully in the morning,NA,I will raise my sail black mistfully in the morning,Misc tunes,NA,NA,NA,publicdomain,0.0,0,0,7,1,1,0,18,71,3.9444444444444446,False,2.799686242072448,0.943661971830986,0.921875
QmNSjgJ6MLMfAh88u7wTcp2rHJ8SHtDQwiueB9xMsYWxWA,I will rise in the morn by the dawn of bright day,NA,I will rise in the morn by the dawn of bright day,Misc tunes,NA,NA,NA,publicdomain,0.0,0,0,2,1,1,0,17,75,4.411764705882353,False,2.659952906416132,1.0,0.9184027777777778
QmazSptS1S3SsKZKeFwadJiXt3xQraiJsgYoGDyfsgphpS,I will sing a song of that land so fair - C. A. Shaw,NA,I will sing a song of that land so fair,C. A. Shaw,NA,classical,NA,publicdomain,0.0,0,0,3,1,1,0,18,279,15.5,False,2.4987871470483585,1.0,0.9466145833333334
QmXdnqZpkQv9ZcbW4sQiiBKhcqVW1wyrxt58puAAVg8G4V,I will sing hallelujah for there's joy in the Lord - Barney Elliott Warren,NA,I will sing hallelujah for there's joy in the Lord,Barney Elliott Warren,NA,classical,NA,publicdomain,0.0,0,0,18,0,2,0-0,17,414,24.352941176470587,True,2.52328273638786,0.9951690821256038,0.9479166666666666
Qmd4xj4sHgALSa6rzEgPqy3xyJE7UrD5ov4JH2NRpipu8X,I will sing of my Redeemer,NA,I will sing of my Redeemer,Misc Traditional,NA,folk,NA,publicdomain,0.0,0,0,32,2,1,0,26,351,13.5,False,2.879950947353651,0.9572649572649572,0.9453125
QmVx712zWQ4P3HftioaNB8jfANMnixTXUqvKGCAFffrDho,I will sing of my Redeemer - James McGranahan,NA,I will sing of my Redeemer,James McGranahan,NA,classical,NA,publicdomain,0.0,0,0,55,0,2,0-0,19,340,17.894736842105264,True,2.489598511576504,1.0,0.9712301587301588
QmWb2Ry2HoE7vjoE87ZPBYPesG93qVKhS6CD6Sz2twJgHB,I will sing of the mercies of the Lord - E. C. Avis,NA,I Will Sing of the Mercies,Anonymous,NA,classical,NA,publicdomain,0.0,0,0,40,1,1,0,21,366,17.428571428571427,False,2.416989379144552,1.0,0.9153645833333334
QmPfJhqBhKBBmfhnunq2nqzW7HBtKd7VWnWbo6vCCJfK1D,I will sing the love of Jesus - H. H. McGranahan,NA,I will sing the love of Jesus,H. H. McGranahan,NA,classical,NA,publicdomain,0.0,0,0,8,1,1,1,20,251,12.55,False,2.6832590653005823,0.9880478087649402,0.9227941176470588
QmZaKg53UqimBnCi4ZE3b7vMJp5zzLCJSJbuTzdnT9oq4A,I will sing when morning cometh - Jno. R. Sweney,NA,I will sing when morning cometh,John R. Sweney,NA,classical,NA,publicdomain,0.0,0,0,4,1,1,0,27,351,13.0,False,2.60232425034189,0.9857549857549858,0.9505208333333334
QmVSU2ZVn2FBZfrmTnCUnyHDjr8dVMg7rEmVN98ELVbT83,I will stand the test for Jesus - Lydia Shivers Leech,NA,I will stand the test for Jesus,Lydia Shivers Leech,NA,classical,NA,publicdomain,0.0,0,0,3,1,1,0,30,354,11.8,False,2.605428184138715,0.9774011299435028,0.9557291666666666
Qmbu2mbVy4AMGEdhaz4Fhm3XhwwdgRGeV6LmGAvPExgCfE,I will tell the world around me - Jno. R. Sweney,NA,I will tell the world around me,John R. Sweney,NA,classical,NA,publicdomain,0.0,0,0,6,2,1,0,18,474,26.33333333333333,False,2.494084197886404,0.9852320675105484,0.97265625
QmNch3ZgDguuHUomfA5ADNeEBteUYZFAQNprNKyKbtf8Di,I will tell what the Lord hath done for me - W. H. Doane,NA,I will tell what the Lord hath done for me,W. H. Doane,NA,classical,NA,publicdomain,0.0,0,0,7,2,1,0,21,364,17.333333333333332,False,2.585419671266511,0.9835164835164836,0.9523809523809524
QmfFi73baZXFzzYEb2FnGovAFEYNGdvxmaSpLDgF69wuyc,I will trust and will not fear - Arthur J. Jamouneau,NA,I will trust and will not fear,Arthur J. Jamouneau,NA,classical,NA,publicdomain,0.0,0,0,3,1,1,0,16,213,13.3125,True,3.048244968594824,0.9342723004694836,0.9427083333333334
QmTgCcbsLfzRLMSx7Ycp2NFLLLQR1jLwKPH3Wdvp6L4sJ2,I will trust in the Lord for His love will endure - W. S. Nickle,NA,I will trust in the Lord for His love will endure,W. S. Nickle,NA,classical,NA,publicdomain,0.0,0,0,6,0,2,0-1,32,1164,36.375,False,2.7790355099921955,0.9629310344827586,0.8204022988505747
QmPuHYSsAyVRQNuxugNREjWQmGoyfpeQ8yL33mNVtNJPdo,I will visit my love on the mountain,NA,I will visit my love on the mountain,Misc tunes,NA,NA,NA,publicdomain,0.0,0,0,2,1,1,0,17,67,3.941176470588236,False,2.608362656597477,1.0,0.90625
QmUoovanL8ipibZe5HgFsMzf3pDNang32PkAug4DTAF69u,I winna gang to my bed,NA,I winna gang to my bed,Misc tunes,NA,NA,NA,publicdomain,0.0,0,0,0,0,2,0-0,19,200,10.526315789473683,False,2.482884574800952,1.0,0.9361979166666666
QmQQf9iRwuEGqbP4pKGm5Vw8QwESPPbC1TVaGiaQw7QdRz,I Wish - Ending,NA,NA,NA,Stevie Wonder,NA,NA,cc-zero,0.0,0,3,95,1,1,4,6,113,18.83333333333333,False,3.042843167812192,0.9026548672566372,0.9618055555555556
QmVwozPpeTBJtE51po4s6d1Tw3mCpwuzmh4CxxUKAutXaN,I Wish I Had A Girl - TTBB,NA,I wish I had a girl,Grace Le Boy,Grace Le Boy,classical,NA,cc-zero,0.0,0,12,711,0,4,0-0-0-0,35,667,19.057142857142857,True,3.281353872861535,0.8389057750759878,0.9577380952380952
QmXNRGP4Ltd3gTrpgaoKXq9X3YbMXzg58Er3qbg7R7xVUW,I Wish I Had Never Known No Man,NA,I Wish I Had Never Known No Man,Misc tunes,NA,NA,NA,publicdomain,0.0,0,0,6,1,1,0,17,49,2.8823529411764706,True,2.7701368240079804,0.979591836734694,0.9393939393939394
QmPyuTkFoDRgukhVQ8FuavcnNYZGjSM5ZjiML5Poxbud2u,I Wish I May Die if I do. JBut.666,NA,I Wish I May Die if I do. JBut.666,Misc tunes,NA,NA,NA,publicdomain,0.0,0,0,6,1,1,0,62,270,4.354838709677419,False,2.503677153415131,1.0,0.941468253968254
QmWyjezAXxfWJywLaXDy2bTYv1ouqCwNS7e2rXCbMn1iW8,I Wish I Never Saw You,NA,I Wish I Never Saw You,Misc tunes,NA,NA,NA,publicdomain,0.0,0,0,3,1,1,0,16,113,7.0625,False,2.732870030428656,1.0,0.9375
QmPDCCYCinTJdbvPYRenyjRrWhnSS7BfhwKYjeCUejHDyV,I Wish I Never Saw You,NA,I Wish I Never Saw You,Misc tunes,NA,NA,NA,publicdomain,0.0,0,0,7,1,1,0,32,220,6.875,False,2.7236872395785934,1.0,0.962890625
QmRensM7uMZed4etJ7e1vsDwTqiF8SzurNq6g7FgBsXNob,I Wish I Never Saw You,NA,I Wish I Never Saw You,Misc tunes,NA,NA,NA,publicdomain,0.0,0,0,4,1,1,0,41,270,6.585365853658536,False,2.698692736188466,1.0,0.959375
Qma53RS4NaGVaLFHbcwgYYRPTgCBKTyQe8AeX3NqgbFVYK,I Wish I Never Saw You,My Love And I In The GardenMe And My Love In The Garden,I Wish I Never Saw You,Misc tunes,NA,NA,NA,publicdomain,0.0,0,0,3,1,1,0,32,223,6.96875,False,2.751317484233287,1.0,0.9296875
QmW8Pr9Y6FF5DTbYhJrpy7stZCDLSg3WMdXmpzoe2cnp7q,I wish I was a fisherman living on the hill of Howth,NA,I wish I was a fisherman living on the hill of Howth,Misc tunes,NA,NA,NA,publicdomain,0.0,0,0,15,1,1,0,19,63,3.3157894736842106,False,2.553835797409731,0.984126984126984,0.9128787878787878
QmVUtnr2Ty3uTekao3FuXDqvbRWRhA1SuXbPyrGwBX3bag,I Wish I Was in Banagher,NA,I Wish I Was in Banagher,Misc tunes,NA,NA,NA,publicdomain,0.0,0,0,3,1,1,0,18,77,4.277777777777778,False,2.4443692244998454,1.0,0.9277777777777778
QmWsQoRM4WJkmGnp8dP2MF9kGABmDdbpHCdp4JnUVtzWoT,I Wish I Was Single Again,NA,I Wish I Was Single Again,Misc tunes,NA,NA,NA,publicdomain,0.0,0,0,4,1,1,0,9,34,3.7777777777777777,True,2.518102651947656,1.0,0.90625
QmacvHrKAKgRMBpUriYnH18aJeYLDhWqEtQrdhSUpbkwF3,I wish I wish but I wish in vain,NA,I wish I wish but I wish in vain,Misc tunes,NA,NA,NA,publicdomain,0.0,0,0,7,1,1,0,9,50,5.555555555555555,False,2.431330560949555,1.0,0.8576388888888888
QmUkwupZxsutszD9nfMi9XRumdbAx75mhD1w2ptMrpF6A6,I Wish It Could Be Christmas Everyday,Wizzard,i wish it could be christmas everyday,Wizzard,Composer,NA,NA,cc-zero,3.89,7,11,2918,1,1,0,112,346,3.0892857142857144,False,3.111592447396527,0.8497109826589595,0.953030303030303
QmXTjzpUiJBQuHgkjh1hq8FLE3Yf5rY7mtEaaC4LgSKnxu,I Wish That I Could Go With You (air) 0365,NA,I Wish that I Could Go with You,Misc tunes,after Chief F. O'Neillwith feeling,NA,NA,publicdomain,0.0,0,0,1,1,1,0,33,67,2.0303030303030303,False,2.709289313809244,1.0,0.9427083333333334
Qma29wVM4rkMajfeHw92JyoynKPw6C7q4E6jLe3MRRXbH9,I Wish You a Merey New Year. JBut.508,NA,I Wish You a Merey New Year. JBut.508,Misc tunes,NA,NA,NA,publicdomain,0.0,0,0,4,1,1,0,36,160,4.444444444444445,False,2.498944024567696,1.0,0.9366319444444444
QmZukNjyGu1TtwzdKFVAZZgYF3gxALLBbPnwMT8VgfN3gA,I Wish You A Merry New Year,NA,I Wish You A Merry New Year,Misc tunes,NA,NA,NA,publicdomain,0.0,0,0,1,1,1,0,36,175,4.861111111111111,False,2.725089005644987,0.9885714285714284,0.9418402777777778
QmdiZ9eKRirZjVXeP5yq34XcD2WQ9n9TDnBjsBMPLyvmJv,I Wish You A Merry New Year. HSJJ.156,NA,I Wish You A Merry New Year. HSJJ.156,Misc tunes,NA,NA,NA,publicdomain,0.0,0,0,1,1,1,0,36,160,4.444444444444445,False,2.498944024567696,1.0,0.9366319444444444
