
 RUN  v5.0.0 <worktree>/app

 ❯ tests/unit/lessonClaimsAboutApp.test.ts (284 tests | 2 failed) 156ms
   ❯ the 2026-09-19 lesson corrections, second-read and under test: the app (80)
     × blues.3: the rung carries two tool buttons, the lab and Simon, and Rhythm only is not one of them 8ms
     × 4.7: blind hides the score and the cursor and leaves the count-in and the beat dot 1ms
node.exe : Not implemented: HTMLCanvasElement's getContext() method: without installing the canvas npm package
At line:1 char:1
+ & "C:\Program Files\nodejs/node.exe" "C:\Program Files\nodejs/node_mo ...
+ ~~~~~~~~~~~~~~~~~~~~~~~~~~~~~~~~~~~~~~~~~~~~~~~~~~~~~~~~~~~~~~~~~~~~~
    + CategoryInfo          : NotSpecified: (Not implemented...vas npm package:String) [], RemoteException
    + FullyQualifiedErrorId : NativeCommandError
 
Not implemented: HTMLCanvasElement's getContext() method: without installing the canvas npm package
Not implemented: HTMLCanvasElement's getContext() method: without installing the canvas npm package
Not implemented: HTMLCanvasElement's getContext() method: without installing the canvas npm package
Not implemented: HTMLCanvasElement's getContext() method: without installing the canvas npm package
Not implemented: HTMLCanvasElement's getContext() method: without installing the canvas npm package
Not implemented: HTMLCanvasElement's getContext() method: without installing the canvas npm package
Not implemented: HTMLCanvasElement's getContext() method: without installing the canvas npm package
Not implemented: HTMLCanvasElement's getContext() method: without installing the canvas npm package
Not implemented: HTMLCanvasElement's getContext() method: without installing the canvas npm package
Not implemented: HTMLCanvasElement's getContext() method: without installing the canvas npm package
Not implemented: HTMLCanvasElement's getContext() method: without installing the canvas npm package
Not implemented: HTMLCanvasElement's getContext() method: without installing the canvas npm package
Not implemented: HTMLCanvasElement's getContext() method: without installing the canvas npm package
Not implemented: HTMLCanvasElement's getContext() method: without installing the canvas npm package
Not implemented: HTMLCanvasElement's getContext() method: without installing the canvas npm package
Not implemented: HTMLCanvasElement's getContext() method: without installing the canvas npm package
Not implemented: HTMLCanvasElement's getContext() method: without installing the canvas npm package
Not implemented: HTMLCanvasElement's getContext() method: without installing the canvas npm package
Not implemented: HTMLCanvasElement's getContext() method: without installing the canvas npm package
Not implemented: HTMLCanvasElement's getContext() method: without installing the canvas npm package
Not implemented: HTMLCanvasElement's getContext() method: without installing the canvas npm package
Not implemented: HTMLCanvasElement's getContext() method: without installing the canvas npm package
Not implemented: HTMLCanvasElement's getContext() method: without installing the canvas npm package
Not implemented: HTMLCanvasElement's getContext() method: without installing the canvas npm package
Not implemented: HTMLCanvasElement's getContext() method: without installing the canvas npm package
Not implemented: HTMLCanvasElement's getContext() method: without installing the canvas npm package
Not implemented: HTMLCanvasElement's getContext() method: without installing the canvas npm package
Not implemented: HTMLCanvasElement's getContext() method: without installing the canvas npm package
Not implemented: HTMLCanvasElement's getContext() method: without installing the canvas npm package
Not implemented: HTMLCanvasElement's getContext() method: without installing the canvas npm package
Not implemented: HTMLCanvasElement's getContext() method: without installing the canvas npm package
Not implemented: HTMLCanvasElement's getContext() method: without installing the canvas npm package
Not implemented: HTMLCanvasElement's getContext() method: without installing the canvas npm package
Not implemented: HTMLCanvasElement's getContext() method: without installing the canvas npm package
Not implemented: HTMLCanvasElement's getContext() method: without installing the canvas npm package
Not implemented: HTMLCanvasElement's getContext() method: without installing the canvas npm package
Not implemented: HTMLCanvasElement's getContext() method: without installing the canvas npm package
Not implemented: HTMLCanvasElement's getContext() method: without installing the canvas npm package
Not implemented: HTMLCanvasElement's getContext() method: without installing the canvas npm package
Not implemented: HTMLCanvasElement's getContext() method: without installing the canvas npm package
Not implemented: HTMLCanvasElement's getContext() method: without installing the canvas npm package
Not implemented: HTMLCanvasElement's getContext() method: without installing the canvas npm package
Not implemented: HTMLCanvasElement's getContext() method: without installing the canvas npm package
Not implemented: HTMLCanvasElement's getContext() method: without installing the canvas npm package
Not implemented: HTMLCanvasElement's getContext() method: without installing the canvas npm package
Not implemented: HTMLCanvasElement's getContext() method: without installing the canvas npm package
Not implemented: HTMLCanvasElement's getContext() method: without installing the canvas npm package
Not implemented: HTMLCanvasElement's getContext() method: without installing the canvas npm package
Not implemented: HTMLCanvasElement's getContext() method: without installing the canvas npm package
Not implemented: HTMLCanvasElement's getContext() method: without installing the canvas npm package
Not implemented: HTMLCanvasElement's getContext() method: without installing the canvas npm package
Not implemented: HTMLCanvasElement's getContext() method: without installing the canvas npm package
Not implemented: HTMLCanvasElement's getContext() method: without installing the canvas npm package
Not implemented: HTMLCanvasElement's getContext() method: without installing the canvas npm package
Not implemented: HTMLCanvasElement's getContext() method: without installing the canvas npm package
Not implemented: HTMLCanvasElement's getContext() method: without installing the canvas npm package
Not implemented: HTMLCanvasElement's getContext() method: without installing the canvas npm package
Not implemented: HTMLCanvasElement's getContext() method: without installing the canvas npm package
Not implemented: HTMLCanvasElement's getContext() method: without installing the canvas npm package
Not implemented: HTMLCanvasElement's getContext() method: without installing the canvas npm package
Not implemented: HTMLCanvasElement's getContext() method: without installing the canvas npm package
Not implemented: HTMLCanvasElement's getContext() method: without installing the canvas npm package
Not implemented: HTMLCanvasElement's getContext() method: without installing the canvas npm package
Not implemented: HTMLCanvasElement's getContext() method: without installing the canvas npm package
Not implemented: HTMLCanvasElement's getContext() method: without installing the canvas npm package
Not implemented: HTMLCanvasElement's getContext() method: without installing the canvas npm package
Not implemented: HTMLCanvasElement's getContext() method: without installing the canvas npm package
Not implemented: HTMLCanvasElement's getContext() method: without installing the canvas npm package
Not implemented: HTMLCanvasElement's getContext() method: without installing the canvas npm package
Not implemented: HTMLCanvasElement's getContext() method: without installing the canvas npm package
Not implemented: HTMLCanvasElement's getContext() method: without installing the canvas npm package
Not implemented: HTMLCanvasElement's getContext() method: without installing the canvas npm package
Not implemented: HTMLCanvasElement's getContext() method: without installing the canvas npm package
Not implemented: HTMLCanvasElement's getContext() method: without installing the canvas npm package
Not implemented: HTMLCanvasElement's getContext() method: without installing the canvas npm package
Not implemented: HTMLCanvasElement's getContext() method: without installing the canvas npm package
Not implemented: HTMLCanvasElement's getContext() method: without installing the canvas npm package
Not implemented: HTMLCanvasElement's getContext() method: without installing the canvas npm package
Not implemented: HTMLCanvasElement's getContext() method: without installing the canvas npm package
Not implemented: HTMLCanvasElement's getContext() method: without installing the canvas npm package
Not implemented: HTMLCanvasElement's getContext() method: without installing the canvas npm package
Not implemented: HTMLCanvasElement's getContext() method: without installing the canvas npm package
Not implemented: HTMLCanvasElement's getContext() method: without installing the canvas npm package
Not implemented: HTMLCanvasElement's getContext() method: without installing the canvas npm package
Not implemented: HTMLCanvasElement's getContext() method: without installing the canvas npm package
Not implemented: HTMLCanvasElement's getContext() method: without installing the canvas npm package
Not implemented: HTMLCanvasElement's getContext() method: without installing the canvas npm package
Not implemented: HTMLCanvasElement's getContext() method: without installing the canvas npm package
Not implemented: HTMLCanvasElement's getContext() method: without installing the canvas npm package
Not implemented: HTMLCanvasElement's getContext() method: without installing the canvas npm package
Not implemented: HTMLCanvasElement's getContext() method: without installing the canvas npm package
Not implemented: HTMLCanvasElement's getContext() method: without installing the canvas npm package
Not implemented: HTMLCanvasElement's getContext() method: without installing the canvas npm package
Not implemented: HTMLCanvasElement's getContext() method: without installing the canvas npm package
Not implemented: HTMLCanvasElement's getContext() method: without installing the canvas npm package
Not implemented: HTMLCanvasElement's getContext() method: without installing the canvas npm package
Not implemented: HTMLCanvasElement's getContext() method: without installing the canvas npm package
Not implemented: HTMLCanvasElement's getContext() method: without installing the canvas npm package
Not implemented: HTMLCanvasElement's getContext() method: without installing the canvas npm package
Not implemented: HTMLCanvasElement's getContext() method: without installing the canvas npm package
Not implemented: HTMLCanvasElement's getContext() method: without installing the canvas npm package
Not implemented: HTMLCanvasElement's getContext() method: without installing the canvas npm package
Not implemented: HTMLCanvasElement's getContext() method: without installing the canvas npm package
Not implemented: HTMLCanvasElement's getContext() method: without installing the canvas npm package
Not implemented: HTMLCanvasElement's getContext() method: without installing the canvas npm package
Not implemented: HTMLCanvasElement's getContext() method: without installing the canvas npm package
Not implemented: HTMLCanvasElement's getContext() method: without installing the canvas npm package
Not implemented: HTMLCanvasElement's getContext() method: without installing the canvas npm package
Not implemented: HTMLCanvasElement's getContext() method: without installing the canvas npm package
Not implemented: HTMLCanvasElement's getContext() method: without installing the canvas npm package
Not implemented: HTMLCanvasElement's getContext() method: without installing the canvas npm package
Not implemented: HTMLCanvasElement's getContext() method: without installing the canvas npm package
Not implemented: HTMLCanvasElement's getContext() method: without installing the canvas npm package
Not implemented: HTMLCanvasElement's getContext() method: without installing the canvas npm package
Not implemented: HTMLCanvasElement's getContext() method: without installing the canvas npm package
Not implemented: HTMLCanvasElement's getContext() method: without installing the canvas npm package
Not implemented: HTMLCanvasElement's getContext() method: without installing the canvas npm package
Not implemented: HTMLCanvasElement's getContext() method: without installing the canvas npm package
Not implemented: HTMLCanvasElement's getContext() method: without installing the canvas npm package
Not implemented: HTMLCanvasElement's getContext() method: without installing the canvas npm package
Not implemented: HTMLCanvasElement's getContext() method: without installing the canvas npm package
Not implemented: HTMLCanvasElement's getContext() method: without installing the canvas npm package
Not implemented: HTMLCanvasElement's getContext() method: without installing the canvas npm package
Not implemented: HTMLCanvasElement's getContext() method: without installing the canvas npm package
Not implemented: HTMLCanvasElement's getContext() method: without installing the canvas npm package
Not implemented: HTMLCanvasElement's getContext() method: without installing the canvas npm package
Not implemented: HTMLCanvasElement's getContext() method: without installing the canvas npm package
Not implemented: HTMLCanvasElement's getContext() method: without installing the canvas npm package
Not implemented: HTMLCanvasElement's getContext() method: without installing the canvas npm package
Not implemented: HTMLCanvasElement's getContext() method: without installing the canvas npm package
Not implemented: HTMLCanvasElement's getContext() method: without installing the canvas npm package
Not implemented: HTMLCanvasElement's getContext() method: without installing the canvas npm package
Not implemented: HTMLCanvasElement's getContext() method: without installing the canvas npm package
Not implemented: HTMLCanvasElement's getContext() method: without installing the canvas npm package
Not implemented: HTMLCanvasElement's getContext() method: without installing the canvas npm package
Not implemented: HTMLCanvasElement's getContext() method: without installing the canvas npm package
Not implemented: HTMLCanvasElement's getContext() method: without installing the canvas npm package
Not implemented: HTMLCanvasElement's getContext() method: without installing the canvas npm package
Not implemented: HTMLCanvasElement's getContext() method: without installing the canvas npm package
Not implemented: HTMLCanvasElement's getContext() method: without installing the canvas npm package
Not implemented: HTMLCanvasElement's getContext() method: without installing the canvas npm package
Not implemented: HTMLCanvasElement's getContext() method: without installing the canvas npm package
Not implemented: HTMLCanvasElement's getContext() method: without installing the canvas npm package
Not implemented: HTMLCanvasElement's getContext() method: without installing the canvas npm package
Not implemented: HTMLCanvasElement's getContext() method: without installing the canvas npm package
Not implemented: HTMLCanvasElement's getContext() method: without installing the canvas npm package
Not implemented: HTMLCanvasElement's getContext() method: without installing the canvas npm package
Not implemented: HTMLCanvasElement's getContext() method: without installing the canvas npm package
Not implemented: HTMLCanvasElement's getContext() method: without installing the canvas npm package
Not implemented: HTMLCanvasElement's getContext() method: without installing the canvas npm package
Not implemented: HTMLCanvasElement's getContext() method: without installing the canvas npm package
Not implemented: HTMLCanvasElement's getContext() method: without installing the canvas npm package
Not implemented: HTMLCanvasElement's getContext() method: without installing the canvas npm package
Not implemented: HTMLCanvasElement's getContext() method: without installing the canvas npm package
Not implemented: HTMLCanvasElement's getContext() method: without installing the canvas npm package
Not implemented: HTMLCanvasElement's getContext() method: without installing the canvas npm package
Not implemented: HTMLCanvasElement's getContext() method: without installing the canvas npm package
Not implemented: HTMLCanvasElement's getContext() method: without installing the canvas npm package
Not implemented: HTMLCanvasElement's getContext() method: without installing the canvas npm package
Not implemented: HTMLCanvasElement's getContext() method: without installing the canvas npm package
Not implemented: HTMLCanvasElement's getContext() method: without installing the canvas npm package
Not implemented: HTMLCanvasElement's getContext() method: without installing the canvas npm package
Not implemented: HTMLCanvasElement's getContext() method: without installing the canvas npm package
Not implemented: HTMLCanvasElement's getContext() method: without installing the canvas npm package
Not implemented: HTMLCanvasElement's getContext() method: without installing the canvas npm package
Not implemented: HTMLCanvasElement's getContext() method: without installing the canvas npm package
Not implemented: HTMLCanvasElement's getContext() method: without installing the canvas npm package
Not implemented: HTMLCanvasElement's getContext() method: without installing the canvas npm package
Not implemented: HTMLCanvasElement's getContext() method: without installing the canvas npm package
Not implemented: HTMLCanvasElement's getContext() method: without installing the canvas npm package
Not implemented: HTMLCanvasElement's getContext() method: without installing the canvas npm package
Not implemented: HTMLCanvasElement's getContext() method: without installing the canvas npm package
Not implemented: HTMLCanvasElement's getContext() method: without installing the canvas npm package
Not implemented: HTMLCanvasElement's getContext() method: without installing the canvas npm package
Not implemented: HTMLCanvasElement's getContext() method: without installing the canvas npm package
Not implemented: HTMLCanvasElement's getContext() method: without installing the canvas npm package
Not implemented: HTMLCanvasElement's getContext() method: without installing the canvas npm package
Not implemented: HTMLCanvasElement's getContext() method: without installing the canvas npm package
Not implemented: HTMLCanvasElement's getContext() method: without installing the canvas npm package
Not implemented: HTMLCanvasElement's getContext() method: without installing the canvas npm package
Not implemented: HTMLCanvasElement's getContext() method: without installing the canvas npm package
Not implemented: HTMLCanvasElement's getContext() method: without installing the canvas npm package
Not implemented: HTMLCanvasElement's getContext() method: without installing the canvas npm package
Not implemented: HTMLCanvasElement's getContext() method: without installing the canvas npm package
Not implemented: HTMLCanvasElement's getContext() method: without installing the canvas npm package
Not implemented: HTMLCanvasElement's getContext() method: without installing the canvas npm package
Not implemented: HTMLCanvasElement's getContext() method: without installing the canvas npm package
Not implemented: HTMLCanvasElement's getContext() method: without installing the canvas npm package
Not implemented: HTMLCanvasElement's getContext() method: without installing the canvas npm package
Not implemented: HTMLCanvasElement's getContext() method: without installing the canvas npm package
Not implemented: HTMLCanvasElement's getContext() method: without installing the canvas npm package
Not implemented: HTMLCanvasElement's getContext() method: without installing the canvas npm package
Not implemented: HTMLCanvasElement's getContext() method: without installing the canvas npm package
Not implemented: HTMLCanvasElement's getContext() method: without installing the canvas npm package
Not implemented: HTMLCanvasElement's getContext() method: without installing the canvas npm package
Not implemented: HTMLCanvasElement's getContext() method: without installing the canvas npm package
Not implemented: HTMLCanvasElement's getContext() method: without installing the canvas npm package
Not implemented: HTMLCanvasElement's getContext() method: without installing the canvas npm package
Not implemented: HTMLCanvasElement's getContext() method: without installing the canvas npm package
Not implemented: HTMLCanvasElement's getContext() method: without installing the canvas npm package
Not implemented: HTMLCanvasElement's getContext() method: without installing the canvas npm package
Not implemented: HTMLCanvasElement's getContext() method: without installing the canvas npm package
Not implemented: HTMLCanvasElement's getContext() method: without installing the canvas npm package
Not implemented: HTMLCanvasElement's getContext() method: without installing the canvas npm package
Not implemented: HTMLCanvasElement's getContext() method: without installing the canvas npm package
Not implemented: HTMLCanvasElement's getContext() method: without installing the canvas npm package
Not implemented: HTMLCanvasElement's getContext() method: without installing the canvas npm package
Not implemented: HTMLCanvasElement's getContext() method: without installing the canvas npm package
Not implemented: HTMLCanvasElement's getContext() method: without installing the canvas npm package
Not implemented: HTMLCanvasElement's getContext() method: without installing the canvas npm package
Not implemented: HTMLCanvasElement's getContext() method: without installing the canvas npm package
Not implemented: HTMLCanvasElement's getContext() method: without installing the canvas npm package
Not implemented: HTMLCanvasElement's getContext() method: without installing the canvas npm package
Not implemented: HTMLCanvasElement's getContext() method: without installing the canvas npm package
Not implemented: HTMLCanvasElement's getContext() method: without installing the canvas npm package
Not implemented: HTMLCanvasElement's getContext() method: without installing the canvas npm package
Not implemented: HTMLCanvasElement's getContext() method: without installing the canvas npm package
Not implemented: HTMLCanvasElement's getContext() method: without installing the canvas npm package
Not implemented: HTMLCanvasElement's getContext() method: without installing the canvas npm package
Not implemented: HTMLCanvasElement's getContext() method: without installing the canvas npm package
Not implemented: HTMLCanvasElement's getContext() method: without installing the canvas npm package
Not implemented: HTMLCanvasElement's getContext() method: without installing the canvas npm package
Not implemented: HTMLCanvasElement's getContext() method: without installing the canvas npm package
Not implemented: HTMLCanvasElement's getContext() method: without installing the canvas npm package
Not implemented: HTMLCanvasElement's getContext() method: without installing the canvas npm package
Not implemented: HTMLCanvasElement's getContext() method: without installing the canvas npm package
Not implemented: HTMLCanvasElement's getContext() method: without installing the canvas npm package
Not implemented: HTMLCanvasElement's getContext() method: without installing the canvas npm package
Not implemented: HTMLCanvasElement's getContext() method: without installing the canvas npm package
Not implemented: HTMLCanvasElement's getContext() method: without installing the canvas npm package
Not implemented: HTMLCanvasElement's getContext() method: without installing the canvas npm package
Not implemented: HTMLCanvasElement's getContext() method: without installing the canvas npm package
Not implemented: HTMLCanvasElement's getContext() method: without installing the canvas npm package
Not implemented: HTMLCanvasElement's getContext() method: without installing the canvas npm package
Not implemented: HTMLCanvasElement's getContext() method: without installing the canvas npm package
Not implemented: HTMLCanvasElement's getContext() method: without installing the canvas npm package
Not implemented: HTMLCanvasElement's getContext() method: without installing the canvas npm package
Not implemented: HTMLCanvasElement's getContext() method: without installing the canvas npm package
Not implemented: HTMLCanvasElement's getContext() method: without installing the canvas npm package
Not implemented: HTMLCanvasElement's getContext() method: without installing the canvas npm package
Not implemented: HTMLCanvasElement's getContext() method: without installing the canvas npm package
Not implemented: HTMLCanvasElement's getContext() method: without installing the canvas npm package
Not implemented: HTMLCanvasElement's getContext() method: without installing the canvas npm package
Not implemented: HTMLCanvasElement's getContext() method: without installing the canvas npm package
Not implemented: HTMLCanvasElement's getContext() method: without installing the canvas npm package
Not implemented: HTMLCanvasElement's getContext() method: without installing the canvas npm package
Not implemented: HTMLCanvasElement's getContext() method: without installing the canvas npm package
Not implemented: HTMLCanvasElement's getContext() method: without installing the canvas npm package
Not implemented: HTMLCanvasElement's getContext() method: without installing the canvas npm package
Not implemented: HTMLCanvasElement's getContext() method: without installing the canvas npm package
Not implemented: HTMLCanvasElement's getContext() method: without installing the canvas npm package
Not implemented: HTMLCanvasElement's getContext() method: without installing the canvas npm package
Not implemented: HTMLCanvasElement's getContext() method: without installing the canvas npm package
Not implemented: HTMLCanvasElement's getContext() method: without installing the canvas npm package
Not implemented: HTMLCanvasElement's getContext() method: without installing the canvas npm package
Not implemented: HTMLCanvasElement's getContext() method: without installing the canvas npm package
Not implemented: HTMLCanvasElement's getContext() method: without installing the canvas npm package
Not implemented: HTMLCanvasElement's getContext() method: without installing the canvas npm package
Not implemented: HTMLCanvasElement's getContext() method: without installing the canvas npm package
Not implemented: HTMLCanvasElement's getContext() method: without installing the canvas npm package
Not implemented: HTMLCanvasElement's getContext() method: without installing the canvas npm package
Not implemented: HTMLCanvasElement's getContext() method: without installing the canvas npm package
Not implemented: HTMLCanvasElement's getContext() method: without installing the canvas npm package
Not implemented: HTMLCanvasElement's getContext() method: without installing the canvas npm package
Not implemented: HTMLCanvasElement's getContext() method: without installing the canvas npm package
Not implemented: HTMLCanvasElement's getContext() method: without installing the canvas npm package
Not implemented: HTMLCanvasElement's getContext() method: without installing the canvas npm package
Not implemented: HTMLCanvasElement's getContext() method: without installing the canvas npm package
Not implemented: HTMLCanvasElement's getContext() method: without installing the canvas npm package
Not implemented: HTMLCanvasElement's getContext() method: without installing the canvas npm package
Not implemented: HTMLCanvasElement's getContext() method: without installing the canvas npm package
Not implemented: HTMLCanvasElement's getContext() method: without installing the canvas npm package
Not implemented: HTMLCanvasElement's getContext() method: without installing the canvas npm package
Not implemented: HTMLCanvasElement's getContext() method: without installing the canvas npm package
Not implemented: HTMLCanvasElement's getContext() method: without installing the canvas npm package
Not implemented: HTMLCanvasElement's getContext() method: without installing the canvas npm package
Not implemented: HTMLCanvasElement's getContext() method: without installing the canvas npm package
Not implemented: HTMLCanvasElement's getContext() method: without installing the canvas npm package
Not implemented: HTMLCanvasElement's getContext() method: without installing the canvas npm package
Not implemented: HTMLCanvasElement's getContext() method: without installing the canvas npm package
Not implemented: HTMLCanvasElement's getContext() method: without installing the canvas npm package
Not implemented: HTMLCanvasElement's getContext() method: without installing the canvas npm package
Not implemented: HTMLCanvasElement's getContext() method: without installing the canvas npm package
Not implemented: HTMLCanvasElement's getContext() method: without installing the canvas npm package
Not implemented: HTMLCanvasElement's getContext() method: without installing the canvas npm package
Not implemented: HTMLCanvasElement's getContext() method: without installing the canvas npm package
Not implemented: HTMLCanvasElement's getContext() method: without installing the canvas npm package
Not implemented: HTMLCanvasElement's getContext() method: without installing the canvas npm package
Not implemented: HTMLCanvasElement's getContext() method: without installing the canvas npm package
Not implemented: HTMLCanvasElement's getContext() method: without installing the canvas npm package
Not implemented: HTMLCanvasElement's getContext() method: without installing the canvas npm package
Not implemented: HTMLCanvasElement's getContext() method: without installing the canvas npm package
Not implemented: HTMLCanvasElement's getContext() method: without installing the canvas npm package
Not implemented: HTMLCanvasElement's getContext() method: without installing the canvas npm package
Not implemented: HTMLCanvasElement's getContext() method: without installing the canvas npm package
Not implemented: HTMLCanvasElement's getContext() method: without installing the canvas npm package
Not implemented: HTMLCanvasElement's getContext() method: without installing the canvas npm package
Not implemented: HTMLCanvasElement's getContext() method: without installing the canvas npm package
Not implemented: HTMLCanvasElement's getContext() method: without installing the canvas npm package
Not implemented: HTMLCanvasElement's getContext() method: without installing the canvas npm package
Not implemented: HTMLCanvasElement's getContext() method: without installing the canvas npm package
Not implemented: HTMLCanvasElement's getContext() method: without installing the canvas npm package
Not implemented: HTMLCanvasElement's getContext() method: without installing the canvas npm package
Not implemented: HTMLCanvasElement's getContext() method: without installing the canvas npm package
Not implemented: HTMLCanvasElement's getContext() method: without installing the canvas npm package
Not implemented: HTMLCanvasElement's getContext() method: without installing the canvas npm package
Not implemented: HTMLCanvasElement's getContext() method: without installing the canvas npm package
Not implemented: HTMLCanvasElement's getContext() method: without installing the canvas npm package
Not implemented: HTMLCanvasElement's getContext() method: without installing the canvas npm package
Not implemented: HTMLCanvasElement's getContext() method: without installing the canvas npm package
Not implemented: HTMLCanvasElement's getContext() method: without installing the canvas npm package
Not implemented: HTMLCanvasElement's getContext() method: without installing the canvas npm package
Not implemented: HTMLCanvasElement's getContext() method: without installing the canvas npm package
Not implemented: HTMLCanvasElement's getContext() method: without installing the canvas npm package
Not implemented: HTMLCanvasElement's getContext() method: without installing the canvas npm package
Not implemented: HTMLCanvasElement's getContext() method: without installing the canvas npm package
Not implemented: HTMLCanvasElement's getContext() method: without installing the canvas npm package
Not implemented: HTMLCanvasElement's getContext() method: without installing the canvas npm package
Not implemented: HTMLCanvasElement's getContext() method: without installing the canvas npm package
Not implemented: HTMLCanvasElement's getContext() method: without installing the canvas npm package
Not implemented: HTMLCanvasElement's getContext() method: without installing the canvas npm package
Not implemented: HTMLCanvasElement's getContext() method: without installing the canvas npm package
Not implemented: HTMLCanvasElement's getContext() method: without installing the canvas npm package
Not implemented: HTMLCanvasElement's getContext() method: without installing the canvas npm package
Not implemented: HTMLCanvasElement's getContext() method: without installing the canvas npm package
Not implemented: HTMLCanvasElement's getContext() method: without installing the canvas npm package
Not implemented: HTMLCanvasElement's getContext() method: without installing the canvas npm package
Not implemented: HTMLCanvasElement's getContext() method: without installing the canvas npm package
Not implemented: HTMLCanvasElement's getContext() method: without installing the canvas npm package
Not implemented: HTMLCanvasElement's getContext() method: without installing the canvas npm package
Not implemented: HTMLCanvasElement's getContext() method: without installing the canvas npm package
Not implemented: HTMLCanvasElement's getContext() method: without installing the canvas npm package
Not implemented: HTMLCanvasElement's getContext() method: without installing the canvas npm package
Not implemented: HTMLCanvasElement's getContext() method: without installing the canvas npm package
Not implemented: HTMLCanvasElement's getContext() method: without installing the canvas npm package
Not implemented: HTMLCanvasElement's getContext() method: without installing the canvas npm package
Not implemented: HTMLCanvasElement's getContext() method: without installing the canvas npm package
Not implemented: HTMLCanvasElement's getContext() method: without installing the canvas npm package
Not implemented: HTMLCanvasElement's getContext() method: without installing the canvas npm package
Not implemented: HTMLCanvasElement's getContext() method: without installing the canvas npm package
Not implemented: HTMLCanvasElement's getContext() method: without installing the canvas npm package
Not implemented: HTMLCanvasElement's getContext() method: without installing the canvas npm package
Not implemented: HTMLCanvasElement's getContext() method: without installing the canvas npm package
Not implemented: HTMLCanvasElement's getContext() method: without installing the canvas npm package
Not implemented: HTMLCanvasElement's getContext() method: without installing the canvas npm package
Not implemented: HTMLCanvasElement's getContext() method: without installing the canvas npm package
Not implemented: HTMLCanvasElement's getContext() method: without installing the canvas npm package
Not implemented: HTMLCanvasElement's getContext() method: without installing the canvas npm package
Not implemented: HTMLCanvasElement's getContext() method: without installing the canvas npm package
Not implemented: HTMLCanvasElement's getContext() method: without installing the canvas npm package
Not implemented: HTMLCanvasElement's getContext() method: without installing the canvas npm package
Not implemented: HTMLCanvasElement's getContext() method: without installing the canvas npm package
Not implemented: HTMLCanvasElement's getContext() method: without installing the canvas npm package
Not implemented: HTMLCanvasElement's getContext() method: without installing the canvas npm package
Not implemented: HTMLCanvasElement's getContext() method: without installing the canvas npm package
Not implemented: HTMLCanvasElement's getContext() method: without installing the canvas npm package
Not implemented: HTMLCanvasElement's getContext() method: without installing the canvas npm package
Not implemented: HTMLCanvasElement's getContext() method: without installing the canvas npm package
Not implemented: HTMLCanvasElement's getContext() method: without installing the canvas npm package
Not implemented: HTMLCanvasElement's getContext() method: without installing the canvas npm package
Not implemented: HTMLCanvasElement's getContext() method: without installing the canvas npm package
Not implemented: HTMLCanvasElement's getContext() method: without installing the canvas npm package
Not implemented: HTMLCanvasElement's getContext() method: without installing the canvas npm package
Not implemented: HTMLCanvasElement's getContext() method: without installing the canvas npm package
Not implemented: HTMLCanvasElement's getContext() method: without installing the canvas npm package
Not implemented: HTMLCanvasElement's getContext() method: without installing the canvas npm package
Not implemented: HTMLCanvasElement's getContext() method: without installing the canvas npm package
Not implemented: HTMLCanvasElement's getContext() method: without installing the canvas npm package
Not implemented: HTMLCanvasElement's getContext() method: without installing the canvas npm package
Not implemented: HTMLCanvasElement's getContext() method: without installing the canvas npm package
Not implemented: HTMLCanvasElement's getContext() method: without installing the canvas npm package
Not implemented: HTMLCanvasElement's getContext() method: without installing the canvas npm package
Not implemented: HTMLCanvasElement's getContext() method: without installing the canvas npm package
Not implemented: HTMLCanvasElement's getContext() method: without installing the canvas npm package
Not implemented: HTMLCanvasElement's getContext() method: without installing the canvas npm package
Not implemented: HTMLCanvasElement's getContext() method: without installing the canvas npm package
Not implemented: HTMLCanvasElement's getContext() method: without installing the canvas npm package
Not implemented: HTMLCanvasElement's getContext() method: without installing the canvas npm package
Not implemented: HTMLCanvasElement's getContext() method: without installing the canvas npm package
Not implemented: HTMLCanvasElement's getContext() method: without installing the canvas npm package
Not implemented: HTMLCanvasElement's getContext() method: without installing the canvas npm package
Not implemented: HTMLCanvasElement's getContext() method: without installing the canvas npm package
Not implemented: HTMLCanvasElement's getContext() method: without installing the canvas npm package
Not implemented: HTMLCanvasElement's getContext() method: without installing the canvas npm package
Not implemented: HTMLCanvasElement's getContext() method: without installing the canvas npm package
Not implemented: HTMLCanvasElement's getContext() method: without installing the canvas npm package
Not implemented: HTMLCanvasElement's getContext() method: without installing the canvas npm package
Not implemented: HTMLCanvasElement's getContext() method: without installing the canvas npm package
Not implemented: HTMLCanvasElement's getContext() method: without installing the canvas npm package
Not implemented: HTMLCanvasElement's getContext() method: without installing the canvas npm package
Not implemented: HTMLCanvasElement's getContext() method: without installing the canvas npm package
Not implemented: HTMLCanvasElement's getContext() method: without installing the canvas npm package
Not implemented: HTMLCanvasElement's getContext() method: without installing the canvas npm package
Not implemented: HTMLCanvasElement's getContext() method: without installing the canvas npm package
Not implemented: HTMLCanvasElement's getContext() method: without installing the canvas npm package
Not implemented: HTMLCanvasElement's getContext() method: without installing the canvas npm package
Not implemented: HTMLCanvasElement's getContext() method: without installing the canvas npm package
Not implemented: HTMLCanvasElement's getContext() method: without installing the canvas npm package
Not implemented: HTMLCanvasElement's getContext() method: without installing the canvas npm package
Not implemented: HTMLCanvasElement's getContext() method: without installing the canvas npm package
Not implemented: HTMLCanvasElement's getContext() method: without installing the canvas npm package
Not implemented: HTMLCanvasElement's getContext() method: without installing the canvas npm package
Not implemented: HTMLCanvasElement's getContext() method: without installing the canvas npm package
Not implemented: HTMLCanvasElement's getContext() method: without installing the canvas npm package
Not implemented: HTMLCanvasElement's getContext() method: without installing the canvas npm package
Not implemented: HTMLCanvasElement's getContext() method: without installing the canvas npm package
Not implemented: HTMLCanvasElement's getContext() method: without installing the canvas npm package
Not implemented: HTMLCanvasElement's getContext() method: without installing the canvas npm package
Not implemented: HTMLCanvasElement's getContext() method: without installing the canvas npm package
Not implemented: HTMLCanvasElement's getContext() method: without installing the canvas npm package
Not implemented: HTMLCanvasElement's getContext() method: without installing the canvas npm package
Not implemented: HTMLCanvasElement's getContext() method: without installing the canvas npm package
Not implemented: HTMLCanvasElement's getContext() method: without installing the canvas npm package
Not implemented: HTMLCanvasElement's getContext() method: without installing the canvas npm package
Not implemented: HTMLCanvasElement's getContext() method: without installing the canvas npm package
Not implemented: HTMLCanvasElement's getContext() method: without installing the canvas npm package
Not implemented: HTMLCanvasElement's getContext() method: without installing the canvas npm package
Not implemented: HTMLCanvasElement's getContext() method: without installing the canvas npm package
Not implemented: HTMLCanvasElement's getContext() method: without installing the canvas npm package
Not implemented: HTMLCanvasElement's getContext() method: without installing the canvas npm package
Not implemented: HTMLCanvasElement's getContext() method: without installing the canvas npm package
Not implemented: HTMLCanvasElement's getContext() method: without installing the canvas npm package
Not implemented: HTMLCanvasElement's getContext() method: without installing the canvas npm package
Not implemented: HTMLCanvasElement's getContext() method: without installing the canvas npm package
Not implemented: HTMLCanvasElement's getContext() method: without installing the canvas npm package
Not implemented: HTMLCanvasElement's getContext() method: without installing the canvas npm package
Not implemented: HTMLCanvasElement's getContext() method: without installing the canvas npm package
Not implemented: HTMLCanvasElement's getContext() method: without installing the canvas npm package
Not implemented: HTMLCanvasElement's getContext() method: without installing the canvas npm package
Not implemented: HTMLCanvasElement's getContext() method: without installing the canvas npm package
Not implemented: HTMLCanvasElement's getContext() method: without installing the canvas npm package
Not implemented: HTMLCanvasElement's getContext() method: without installing the canvas npm package
Not implemented: HTMLCanvasElement's getContext() method: without installing the canvas npm package
Not implemented: HTMLCanvasElement's getContext() method: without installing the canvas npm package
Not implemented: HTMLCanvasElement's getContext() method: without installing the canvas npm package
Not implemented: HTMLCanvasElement's getContext() method: without installing the canvas npm package
Not implemented: HTMLCanvasElement's getContext() method: without installing the canvas npm package
Not implemented: HTMLCanvasElement's getContext() method: without installing the canvas npm package
Not implemented: HTMLCanvasElement's getContext() method: without installing the canvas npm package
Not implemented: HTMLCanvasElement's getContext() method: without installing the canvas npm package
Not implemented: HTMLCanvasElement's getContext() method: without installing the canvas npm package
Not implemented: HTMLCanvasElement's getContext() method: without installing the canvas npm package
Not implemented: HTMLCanvasElement's getContext() method: without installing the canvas npm package
Not implemented: HTMLCanvasElement's getContext() method: without installing the canvas npm package
Not implemented: HTMLCanvasElement's getContext() method: without installing the canvas npm package
Not implemented: HTMLCanvasElement's getContext() method: without installing the canvas npm package
Not implemented: HTMLCanvasElement's getContext() method: without installing the canvas npm package
Not implemented: HTMLCanvasElement's getContext() method: without installing the canvas npm package
Not implemented: HTMLCanvasElement's getContext() method: without installing the canvas npm package
Not implemented: HTMLCanvasElement's getContext() method: without installing the canvas npm package
Not implemented: HTMLCanvasElement's getContext() method: without installing the canvas npm package
Not implemented: HTMLCanvasElement's getContext() method: without installing the canvas npm package
Not implemented: HTMLCanvasElement's getContext() method: without installing the canvas npm package
Not implemented: HTMLCanvasElement's getContext() method: without installing the canvas npm package
Not implemented: HTMLCanvasElement's getContext() method: without installing the canvas npm package
Not implemented: HTMLCanvasElement's getContext() method: without installing the canvas npm package
Not implemented: HTMLCanvasElement's getContext() method: without installing the canvas npm package
Not implemented: HTMLCanvasElement's getContext() method: without installing the canvas npm package
Not implemented: HTMLCanvasElement's getContext() method: without installing the canvas npm package
Not implemented: HTMLCanvasElement's getContext() method: without installing the canvas npm package
Not implemented: HTMLCanvasElement's getContext() method: without installing the canvas npm package
Not implemented: HTMLCanvasElement's getContext() method: without installing the canvas npm package
Not implemented: HTMLCanvasElement's getContext() method: without installing the canvas npm package
Not implemented: HTMLCanvasElement's getContext() method: without installing the canvas npm package
Not implemented: HTMLCanvasElement's getContext() method: without installing the canvas npm package
Not implemented: HTMLCanvasElement's getContext() method: without installing the canvas npm package
Not implemented: HTMLCanvasElement's getContext() method: without installing the canvas npm package
Not implemented: HTMLCanvasElement's getContext() method: without installing the canvas npm package
Not implemented: HTMLCanvasElement's getContext() method: without installing the canvas npm package
Not implemented: HTMLCanvasElement's getContext() method: without installing the canvas npm package
Not implemented: HTMLCanvasElement's getContext() method: without installing the canvas npm package
Not implemented: HTMLCanvasElement's getContext() method: without installing the canvas npm package
Not implemented: HTMLCanvasElement's getContext() method: without installing the canvas npm package
Not implemented: HTMLCanvasElement's getContext() method: without installing the canvas npm package
Not implemented: HTMLCanvasElement's getContext() method: without installing the canvas npm package
Not implemented: HTMLCanvasElement's getContext() method: without installing the canvas npm package
Not implemented: HTMLCanvasElement's getContext() method: without installing the canvas npm package
Not implemented: HTMLCanvasElement's getContext() method: without installing the canvas npm package
Not implemented: HTMLCanvasElement's getContext() method: without installing the canvas npm package
Not implemented: HTMLCanvasElement's getContext() method: without installing the canvas npm package
Not implemented: HTMLCanvasElement's getContext() method: without installing the canvas npm package
Not implemented: HTMLCanvasElement's getContext() method: without installing the canvas npm package
Not implemented: HTMLCanvasElement's getContext() method: without installing the canvas npm package
Not implemented: HTMLCanvasElement's getContext() method: without installing the canvas npm package
Not implemented: HTMLCanvasElement's getContext() method: without installing the canvas npm package
Not implemented: HTMLCanvasElement's getContext() method: without installing the canvas npm package
Not implemented: HTMLCanvasElement's getContext() method: without installing the canvas npm package
Not implemented: HTMLCanvasElement's getContext() method: without installing the canvas npm package
Not implemented: HTMLCanvasElement's getContext() method: without installing the canvas npm package
Not implemented: HTMLCanvasElement's getContext() method: without installing the canvas npm package
Not implemented: HTMLCanvasElement's getContext() method: without installing the canvas npm package
Not implemented: HTMLCanvasElement's getContext() method: without installing the canvas npm package
Not implemented: HTMLCanvasElement's getContext() method: without installing the canvas npm package
Not implemented: HTMLCanvasElement's getContext() method: without installing the canvas npm package
Not implemented: HTMLCanvasElement's getContext() method: without installing the canvas npm package
Not implemented: HTMLCanvasElement's getContext() method: without installing the canvas npm package
Not implemented: HTMLCanvasElement's getContext() method: without installing the canvas npm package
Not implemented: HTMLCanvasElement's getContext() method: without installing the canvas npm package
Not implemented: HTMLCanvasElement's getContext() method: without installing the canvas npm package
Not implemented: HTMLCanvasElement's getContext() method: without installing the canvas npm package
Not implemented: HTMLCanvasElement's getContext() method: without installing the canvas npm package
Not implemented: HTMLCanvasElement's getContext() method: without installing the canvas npm package
Not implemented: HTMLCanvasElement's getContext() method: without installing the canvas npm package
Not implemented: HTMLCanvasElement's getContext() method: without installing the canvas npm package
Not implemented: HTMLCanvasElement's getContext() method: without installing the canvas npm package
Not implemented: HTMLCanvasElement's getContext() method: without installing the canvas npm package
Not implemented: HTMLCanvasElement's getContext() method: without installing the canvas npm package
Not implemented: HTMLCanvasElement's getContext() method: without installing the canvas npm package
Not implemented: HTMLCanvasElement's getContext() method: without installing the canvas npm package
Not implemented: HTMLCanvasElement's getContext() method: without installing the canvas npm package
Not implemented: HTMLCanvasElement's getContext() method: without installing the canvas npm package
Not implemented: HTMLCanvasElement's getContext() method: without installing the canvas npm package
Not implemented: HTMLCanvasElement's getContext() method: without installing the canvas npm package
Not implemented: HTMLCanvasElement's getContext() method: without installing the canvas npm package
Not implemented: HTMLCanvasElement's getContext() method: without installing the canvas npm package
Not implemented: HTMLCanvasElement's getContext() method: without installing the canvas npm package
Not implemented: HTMLCanvasElement's getContext() method: without installing the canvas npm package
Not implemented: HTMLCanvasElement's getContext() method: without installing the canvas npm package
Not implemented: HTMLCanvasElement's getContext() method: without installing the canvas npm package
Not implemented: HTMLCanvasElement's getContext() method: without installing the canvas npm package
Not implemented: HTMLCanvasElement's getContext() method: without installing the canvas npm package
Not implemented: HTMLCanvasElement's getContext() method: without installing the canvas npm package
Not implemented: HTMLCanvasElement's getContext() method: without installing the canvas npm package
Not implemented: HTMLCanvasElement's getContext() method: without installing the canvas npm package
Not implemented: HTMLCanvasElement's getContext() method: without installing the canvas npm package
Not implemented: HTMLCanvasElement's getContext() method: without installing the canvas npm package
Not implemented: HTMLCanvasElement's getContext() method: without installing the canvas npm package
Not implemented: HTMLCanvasElement's getContext() method: without installing the canvas npm package
Not implemented: HTMLCanvasElement's getContext() method: without installing the canvas npm package
Not implemented: HTMLCanvasElement's getContext() method: without installing the canvas npm package
Not implemented: HTMLCanvasElement's getContext() method: without installing the canvas npm package
Not implemented: HTMLCanvasElement's getContext() method: without installing the canvas npm package
Not implemented: HTMLCanvasElement's getContext() method: without installing the canvas npm package
Not implemented: HTMLCanvasElement's getContext() method: without installing the canvas npm package
Not implemented: HTMLCanvasElement's getContext() method: without installing the canvas npm package
Not implemented: HTMLCanvasElement's getContext() method: without installing the canvas npm package
Not implemented: HTMLCanvasElement's getContext() method: without installing the canvas npm package
Not implemented: HTMLCanvasElement's getContext() method: without installing the canvas npm package
Not implemented: HTMLCanvasElement's getContext() method: without installing the canvas npm package
Not implemented: HTMLCanvasElement's getContext() method: without installing the canvas npm package
Not implemented: HTMLCanvasElement's getContext() method: without installing the canvas npm package
Not implemented: HTMLCanvasElement's getContext() method: without installing the canvas npm package
Not implemented: HTMLCanvasElement's getContext() method: without installing the canvas npm package
Not implemented: HTMLCanvasElement's getContext() method: without installing the canvas npm package
Not implemented: HTMLCanvasElement's getContext() method: without installing the canvas npm package
Not implemented: HTMLCanvasElement's getContext() method: without installing the canvas npm package
Not implemented: HTMLCanvasElement's getContext() method: without installing the canvas npm package
Not implemented: HTMLCanvasElement's getContext() method: without installing the canvas npm package
Not implemented: HTMLCanvasElement's getContext() method: without installing the canvas npm package
Not implemented: HTMLCanvasElement's getContext() method: without installing the canvas npm package
Not implemented: HTMLCanvasElement's getContext() method: without installing the canvas npm package
Not implemented: HTMLCanvasElement's getContext() method: without installing the canvas npm package
Not implemented: HTMLCanvasElement's getContext() method: without installing the canvas npm package
Not implemented: HTMLCanvasElement's getContext() method: without installing the canvas npm package
Not implemented: HTMLCanvasElement's getContext() method: without installing the canvas npm package
Not implemented: HTMLCanvasElement's getContext() method: without installing the canvas npm package
Not implemented: HTMLCanvasElement's getContext() method: without installing the canvas npm package
Not implemented: HTMLCanvasElement's getContext() method: without installing the canvas npm package
Not implemented: HTMLCanvasElement's getContext() method: without installing the canvas npm package
Not implemented: HTMLCanvasElement's getContext() method: without installing the canvas npm package
Not implemented: HTMLCanvasElement's getContext() method: without installing the canvas npm package
Not implemented: HTMLCanvasElement's getContext() method: without installing the canvas npm package
Not implemented: HTMLCanvasElement's getContext() method: without installing the canvas npm package
Not implemented: HTMLCanvasElement's getContext() method: without installing the canvas npm package
Not implemented: HTMLCanvasElement's getContext() method: without installing the canvas npm package
Not implemented: HTMLCanvasElement's getContext() method: without installing the canvas npm package
Not implemented: HTMLCanvasElement's getContext() method: without installing the canvas npm package
Not implemented: HTMLCanvasElement's getContext() method: without installing the canvas npm package
Not implemented: HTMLCanvasElement's getContext() method: without installing the canvas npm package
Not implemented: HTMLCanvasElement's getContext() method: without installing the canvas npm package
Not implemented: HTMLCanvasElement's getContext() method: without installing the canvas npm package
Not implemented: HTMLCanvasElement's getContext() method: without installing the canvas npm package
Not implemented: HTMLCanvasElement's getContext() method: without installing the canvas npm package
Not implemented: HTMLCanvasElement's getContext() method: without installing the canvas npm package
Not implemented: HTMLCanvasElement's getContext() method: without installing the canvas npm package
Not implemented: HTMLCanvasElement's getContext() method: without installing the canvas npm package
Not implemented: HTMLCanvasElement's getContext() method: without installing the canvas npm package
Not implemented: HTMLCanvasElement's getContext() method: without installing the canvas npm package
Not implemented: HTMLCanvasElement's getContext() method: without installing the canvas npm package
Not implemented: HTMLCanvasElement's getContext() method: without installing the canvas npm package
Not implemented: HTMLCanvasElement's getContext() method: without installing the canvas npm package
Not implemented: HTMLCanvasElement's getContext() method: without installing the canvas npm package
Not implemented: HTMLCanvasElement's getContext() method: without installing the canvas npm package
Not implemented: HTMLCanvasElement's getContext() method: without installing the canvas npm package
Not implemented: HTMLCanvasElement's getContext() method: without installing the canvas npm package
Not implemented: HTMLCanvasElement's getContext() method: without installing the canvas npm package
Not implemented: HTMLCanvasElement's getContext() method: without installing the canvas npm package
Not implemented: HTMLCanvasElement's getContext() method: without installing the canvas npm package
Not implemented: HTMLCanvasElement's getContext() method: without installing the canvas npm package
Not implemented: HTMLCanvasElement's getContext() method: without installing the canvas npm package
Not implemented: HTMLCanvasElement's getContext() method: without installing the canvas npm package
Not implemented: HTMLCanvasElement's getContext() method: without installing the canvas npm package
Not implemented: HTMLCanvasElement's getContext() method: without installing the canvas npm package
Not implemented: HTMLCanvasElement's getContext() method: without installing the canvas npm package
Not implemented: HTMLCanvasElement's getContext() method: without installing the canvas npm package
Not implemented: HTMLCanvasElement's getContext() method: without installing the canvas npm package
Not implemented: HTMLCanvasElement's getContext() method: without installing the canvas npm package
Not implemented: HTMLCanvasElement's getContext() method: without installing the canvas npm package
Not implemented: HTMLCanvasElement's getContext() method: without installing the canvas npm package
Not implemented: HTMLCanvasElement's getContext() method: without installing the canvas npm package
Not implemented: HTMLCanvasElement's getContext() method: without installing the canvas npm package
Not implemented: HTMLCanvasElement's getContext() method: without installing the canvas npm package
Not implemented: HTMLCanvasElement's getContext() method: without installing the canvas npm package
Not implemented: HTMLCanvasElement's getContext() method: without installing the canvas npm package
Not implemented: HTMLCanvasElement's getContext() method: without installing the canvas npm package
Not implemented: HTMLCanvasElement's getContext() method: without installing the canvas npm package
Not implemented: HTMLCanvasElement's getContext() method: without installing the canvas npm package
Not implemented: HTMLCanvasElement's getContext() method: without installing the canvas npm package
Not implemented: HTMLCanvasElement's getContext() method: without installing the canvas npm package
Not implemented: HTMLCanvasElement's getContext() method: without installing the canvas npm package
Not implemented: HTMLCanvasElement's getContext() method: without installing the canvas npm package
Not implemented: HTMLCanvasElement's getContext() method: without installing the canvas npm package
Not implemented: HTMLCanvasElement's getContext() method: without installing the canvas npm package
Not implemented: HTMLCanvasElement's getContext() method: without installing the canvas npm package
Not implemented: HTMLCanvasElement's getContext() method: without installing the canvas npm package
Not implemented: HTMLCanvasElement's getContext() method: without installing the canvas npm package
Not implemented: HTMLCanvasElement's getContext() method: without installing the canvas npm package
Not implemented: HTMLCanvasElement's getContext() method: without installing the canvas npm package
Not implemented: HTMLCanvasElement's getContext() method: without installing the canvas npm package
Not implemented: HTMLCanvasElement's getContext() method: without installing the canvas npm package
Not implemented: HTMLCanvasElement's getContext() method: without installing the canvas npm package
Not implemented: HTMLCanvasElement's getContext() method: without installing the canvas npm package
Not implemented: HTMLCanvasElement's getContext() method: without installing the canvas npm package
Not implemented: HTMLCanvasElement's getContext() method: without installing the canvas npm package
Not implemented: HTMLCanvasElement's getContext() method: without installing the canvas npm package
Not implemented: HTMLCanvasElement's getContext() method: without installing the canvas npm package
Not implemented: HTMLCanvasElement's getContext() method: without installing the canvas npm package
Not implemented: HTMLCanvasElement's getContext() method: without installing the canvas npm package
Not implemented: HTMLCanvasElement's getContext() method: without installing the canvas npm package
Not implemented: HTMLCanvasElement's getContext() method: without installing the canvas npm package
Not implemented: HTMLCanvasElement's getContext() method: without installing the canvas npm package
Not implemented: HTMLCanvasElement's getContext() method: without installing the canvas npm package
Not implemented: HTMLCanvasElement's getContext() method: without installing the canvas npm package
Not implemented: HTMLCanvasElement's getContext() method: without installing the canvas npm package
Not implemented: HTMLCanvasElement's getContext() method: without installing the canvas npm package
Not implemented: HTMLCanvasElement's getContext() method: without installing the canvas npm package
Not implemented: HTMLCanvasElement's getContext() method: without installing the canvas npm package
Not implemented: HTMLCanvasElement's getContext() method: without installing the canvas npm package
Not implemented: HTMLCanvasElement's getContext() method: without installing the canvas npm package
Not implemented: HTMLCanvasElement's getContext() method: without installing the canvas npm package
Not implemented: HTMLCanvasElement's getContext() method: without installing the canvas npm package
Not implemented: HTMLCanvasElement's getContext() method: without installing the canvas npm package
Not implemented: HTMLCanvasElement's getContext() method: without installing the canvas npm package
Not implemented: HTMLCanvasElement's getContext() method: without installing the canvas npm package
Not implemented: HTMLCanvasElement's getContext() method: without installing the canvas npm package
Not implemented: HTMLCanvasElement's getContext() method: without installing the canvas npm package
Not implemented: HTMLCanvasElement's getContext() method: without installing the canvas npm package
Not implemented: HTMLCanvasElement's getContext() method: without installing the canvas npm package
Not implemented: HTMLCanvasElement's getContext() method: without installing the canvas npm package
Not implemented: HTMLCanvasElement's getContext() method: without installing the canvas npm package
Not implemented: HTMLCanvasElement's getContext() method: without installing the canvas npm package
Not implemented: HTMLCanvasElement's getContext() method: without installing the canvas npm package
Not implemented: HTMLCanvasElement's getContext() method: without installing the canvas npm package
Not implemented: HTMLCanvasElement's getContext() method: without installing the canvas npm package
Not implemented: HTMLCanvasElement's getContext() method: without installing the canvas npm package
Not implemented: HTMLCanvasElement's getContext() method: without installing the canvas npm package
Not implemented: HTMLCanvasElement's getContext() method: without installing the canvas npm package
Not implemented: HTMLCanvasElement's getContext() method: without installing the canvas npm package
Not implemented: HTMLCanvasElement's getContext() method: without installing the canvas npm package
Not implemented: HTMLCanvasElement's getContext() method: without installing the canvas npm package
Not implemented: HTMLCanvasElement's getContext() method: without installing the canvas npm package
Not implemented: HTMLCanvasElement's getContext() method: without installing the canvas npm package
Not implemented: HTMLCanvasElement's getContext() method: without installing the canvas npm package
Not implemented: HTMLCanvasElement's getContext() method: without installing the canvas npm package
Not implemented: HTMLCanvasElement's getContext() method: without installing the canvas npm package
Not implemented: HTMLCanvasElement's getContext() method: without installing the canvas npm package
Not implemented: HTMLCanvasElement's getContext() method: without installing the canvas npm package
Not implemented: HTMLCanvasElement's getContext() method: without installing the canvas npm package
Not implemented: HTMLCanvasElement's getContext() method: without installing the canvas npm package
Not implemented: HTMLCanvasElement's getContext() method: without installing the canvas npm package
Not implemented: HTMLCanvasElement's getContext() method: without installing the canvas npm package
Not implemented: HTMLCanvasElement's getContext() method: without installing the canvas npm package
Not implemented: HTMLCanvasElement's getContext() method: without installing the canvas npm package
Not implemented: HTMLCanvasElement's getContext() method: without installing the canvas npm package
Not implemented: HTMLCanvasElement's getContext() method: without installing the canvas npm package
Not implemented: HTMLCanvasElement's getContext() method: without installing the canvas npm package
Not implemented: HTMLCanvasElement's getContext() method: without installing the canvas npm package
Not implemented: HTMLCanvasElement's getContext() method: without installing the canvas npm package
Not implemented: HTMLCanvasElement's getContext() method: without installing the canvas npm package
Not implemented: HTMLCanvasElement's getContext() method: without installing the canvas npm package
Not implemented: HTMLCanvasElement's getContext() method: without installing the canvas npm package
Not implemented: HTMLCanvasElement's getContext() method: without installing the canvas npm package
Not implemented: HTMLCanvasElement's getContext() method: without installing the canvas npm package
Not implemented: HTMLCanvasElement's getContext() method: without installing the canvas npm package
Not implemented: HTMLCanvasElement's getContext() method: without installing the canvas npm package
Not implemented: HTMLCanvasElement's getContext() method: without installing the canvas npm package
Not implemented: HTMLCanvasElement's getContext() method: without installing the canvas npm package
Not implemented: HTMLCanvasElement's getContext() method: without installing the canvas npm package
Not implemented: HTMLCanvasElement's getContext() method: without installing the canvas npm package
Not implemented: HTMLCanvasElement's getContext() method: without installing the canvas npm package
Not implemented: HTMLCanvasElement's getContext() method: without installing the canvas npm package
Not implemented: HTMLCanvasElement's getContext() method: without installing the canvas npm package
Not implemented: HTMLCanvasElement's getContext() method: without installing the canvas npm package
Not implemented: HTMLCanvasElement's getContext() method: without installing the canvas npm package
Not implemented: HTMLCanvasElement's getContext() method: without installing the canvas npm package
Not implemented: HTMLCanvasElement's getContext() method: without installing the canvas npm package
Not implemented: HTMLCanvasElement's getContext() method: without installing the canvas npm package
Not implemented: HTMLCanvasElement's getContext() method: without installing the canvas npm package
Not implemented: HTMLCanvasElement's getContext() method: without installing the canvas npm package
Not implemented: HTMLCanvasElement's getContext() method: without installing the canvas npm package
Not implemented: HTMLCanvasElement's getContext() method: without installing the canvas npm package
Not implemented: HTMLCanvasElement's getContext() method: without installing the canvas npm package
Not implemented: HTMLCanvasElement's getContext() method: without installing the canvas npm package
Not implemented: HTMLCanvasElement's getContext() method: without installing the canvas npm package
Not implemented: HTMLCanvasElement's getContext() method: without installing the canvas npm package
Not implemented: HTMLCanvasElement's getContext() method: without installing the canvas npm package
Not implemented: HTMLCanvasElement's getContext() method: without installing the canvas npm package
Not implemented: HTMLCanvasElement's getContext() method: without installing the canvas npm package
Not implemented: HTMLCanvasElement's getContext() method: without installing the canvas npm package
Not implemented: HTMLCanvasElement's getContext() method: without installing the canvas npm package
Not implemented: HTMLCanvasElement's getContext() method: without installing the canvas npm package
Not implemented: HTMLCanvasElement's getContext() method: without installing the canvas npm package
Not implemented: HTMLCanvasElement's getContext() method: without installing the canvas npm package
Not implemented: HTMLCanvasElement's getContext() method: without installing the canvas npm package
Not implemented: HTMLCanvasElement's getContext() method: without installing the canvas npm package
Not implemented: HTMLCanvasElement's getContext() method: without installing the canvas npm package
Not implemented: HTMLCanvasElement's getContext() method: without installing the canvas npm package
Not implemented: HTMLCanvasElement's getContext() method: without installing the canvas npm package
Not implemented: HTMLCanvasElement's getContext() method: without installing the canvas npm package
Not implemented: HTMLCanvasElement's getContext() method: without installing the canvas npm package
Not implemented: HTMLCanvasElement's getContext() method: without installing the canvas npm package
Not implemented: HTMLCanvasElement's getContext() method: without installing the canvas npm package
Not implemented: HTMLCanvasElement's getContext() method: without installing the canvas npm package
Not implemented: HTMLCanvasElement's getContext() method: without installing the canvas npm package
Not implemented: HTMLCanvasElement's getContext() method: without installing the canvas npm package
Not implemented: HTMLCanvasElement's getContext() method: without installing the canvas npm package
Not implemented: HTMLCanvasElement's getContext() method: without installing the canvas npm package
Not implemented: HTMLCanvasElement's getContext() method: without installing the canvas npm package
Not implemented: HTMLCanvasElement's getContext() method: without installing the canvas npm package
Not implemented: HTMLCanvasElement's getContext() method: without installing the canvas npm package
Not implemented: HTMLCanvasElement's getContext() method: without installing the canvas npm package
Not implemented: HTMLCanvasElement's getContext() method: without installing the canvas npm package
Not implemented: HTMLCanvasElement's getContext() method: without installing the canvas npm package
Not implemented: HTMLCanvasElement's getContext() method: without installing the canvas npm package
Not implemented: HTMLCanvasElement's getContext() method: without installing the canvas npm package
Not implemented: HTMLCanvasElement's getContext() method: without installing the canvas npm package
Not implemented: HTMLCanvasElement's getContext() method: without installing the canvas npm package
Not implemented: HTMLCanvasElement's getContext() method: without installing the canvas npm package
Not implemented: HTMLCanvasElement's getContext() method: without installing the canvas npm package
Not implemented: HTMLCanvasElement's getContext() method: without installing the canvas npm package
Not implemented: HTMLCanvasElement's getContext() method: without installing the canvas npm package
Not implemented: HTMLCanvasElement's getContext() method: without installing the canvas npm package
Not implemented: HTMLCanvasElement's getContext() method: without installing the canvas npm package
Not implemented: HTMLCanvasElement's getContext() method: without installing the canvas npm package
Not implemented: HTMLCanvasElement's getContext() method: without installing the canvas npm package
Not implemented: HTMLCanvasElement's getContext() method: without installing the canvas npm package
Not implemented: HTMLCanvasElement's getContext() method: without installing the canvas npm package
Not implemented: HTMLCanvasElement's getContext() method: without installing the canvas npm package
Not implemented: HTMLCanvasElement's getContext() method: without installing the canvas npm package
Not implemented: HTMLCanvasElement's getContext() method: without installing the canvas npm package
Not implemented: HTMLCanvasElement's getContext() method: without installing the canvas npm package
Not implemented: HTMLCanvasElement's getContext() method: without installing the canvas npm package
Not implemented: HTMLCanvasElement's getContext() method: without installing the canvas npm package
Not implemented: HTMLCanvasElement's getContext() method: without installing the canvas npm package
Not implemented: HTMLCanvasElement's getContext() method: without installing the canvas npm package
Not implemented: HTMLCanvasElement's getContext() method: without installing the canvas npm package
Not implemented: HTMLCanvasElement's getContext() method: without installing the canvas npm package
Not implemented: HTMLCanvasElement's getContext() method: without installing the canvas npm package
Not implemented: HTMLCanvasElement's getContext() method: without installing the canvas npm package
Not implemented: HTMLCanvasElement's getContext() method: without installing the canvas npm package
Not implemented: HTMLCanvasElement's getContext() method: without installing the canvas npm package
Not implemented: HTMLCanvasElement's getContext() method: without installing the canvas npm package
Not implemented: HTMLCanvasElement's getContext() method: without installing the canvas npm package
Not implemented: HTMLCanvasElement's getContext() method: without installing the canvas npm package
Not implemented: HTMLCanvasElement's getContext() method: without installing the canvas npm package
Not implemented: HTMLCanvasElement's getContext() method: without installing the canvas npm package
Not implemented: HTMLCanvasElement's getContext() method: without installing the canvas npm package
Not implemented: HTMLCanvasElement's getContext() method: without installing the canvas npm package
Not implemented: HTMLCanvasElement's getContext() method: without installing the canvas npm package
Not implemented: HTMLCanvasElement's getContext() method: without installing the canvas npm package
Not implemented: HTMLCanvasElement's getContext() method: without installing the canvas npm package
Not implemented: HTMLCanvasElement's getContext() method: without installing the canvas npm package
Not implemented: HTMLCanvasElement's getContext() method: without installing the canvas npm package
Not implemented: HTMLCanvasElement's getContext() method: without installing the canvas npm package
Not implemented: HTMLCanvasElement's getContext() method: without installing the canvas npm package
Not implemented: HTMLCanvasElement's getContext() method: without installing the canvas npm package
Not implemented: HTMLCanvasElement's getContext() method: without installing the canvas npm package
Not implemented: HTMLCanvasElement's getContext() method: without installing the canvas npm package
Not implemented: HTMLCanvasElement's getContext() method: without installing the canvas npm package
Not implemented: HTMLCanvasElement's getContext() method: without installing the canvas npm package
Not implemented: HTMLCanvasElement's getContext() method: without installing the canvas npm package
Not implemented: HTMLCanvasElement's getContext() method: without installing the canvas npm package
Not implemented: HTMLCanvasElement's getContext() method: without installing the canvas npm package
Not implemented: HTMLCanvasElement's getContext() method: without installing the canvas npm package
Not implemented: HTMLCanvasElement's getContext() method: without installing the canvas npm package
Not implemented: HTMLCanvasElement's getContext() method: without installing the canvas npm package
Not implemented: HTMLCanvasElement's getContext() method: without installing the canvas npm package
Not implemented: HTMLCanvasElement's getContext() method: without installing the canvas npm package
Not implemented: HTMLCanvasElement's getContext() method: without installing the canvas npm package
Not implemented: HTMLCanvasElement's getContext() method: without installing the canvas npm package
Not implemented: HTMLCanvasElement's getContext() method: without installing the canvas npm package
Not implemented: HTMLCanvasElement's getContext() method: without installing the canvas npm package
Not implemented: HTMLCanvasElement's getContext() method: without installing the canvas npm package
Not implemented: HTMLCanvasElement's getContext() method: without installing the canvas npm package
Not implemented: HTMLCanvasElement's getContext() method: without installing the canvas npm package
Not implemented: HTMLCanvasElement's getContext() method: without installing the canvas npm package
Not implemented: HTMLCanvasElement's getContext() method: without installing the canvas npm package
Not implemented: HTMLCanvasElement's getContext() method: without installing the canvas npm package
Not implemented: HTMLCanvasElement's getContext() method: without installing the canvas npm package
Not implemented: HTMLCanvasElement's getContext() method: without installing the canvas npm package
Not implemented: HTMLCanvasElement's getContext() method: without installing the canvas npm package
Not implemented: HTMLCanvasElement's getContext() method: without installing the canvas npm package
Not implemented: HTMLCanvasElement's getContext() method: without installing the canvas npm package
Not implemented: HTMLCanvasElement's getContext() method: without installing the canvas npm package
Not implemented: HTMLCanvasElement's getContext() method: without installing the canvas npm package
Not implemented: HTMLCanvasElement's getContext() method: without installing the canvas npm package
Not implemented: HTMLCanvasElement's getContext() method: without installing the canvas npm package
Not implemented: HTMLCanvasElement's getContext() method: without installing the canvas npm package
Not implemented: HTMLCanvasElement's getContext() method: without installing the canvas npm package
Not implemented: HTMLCanvasElement's getContext() method: without installing the canvas npm package
Not implemented: HTMLCanvasElement's getContext() method: without installing the canvas npm package
Not implemented: HTMLCanvasElement's getContext() method: without installing the canvas npm package
Not implemented: HTMLCanvasElement's getContext() method: without installing the canvas npm package
Not implemented: HTMLCanvasElement's getContext() method: without installing the canvas npm package
Not implemented: HTMLCanvasElement's getContext() method: without installing the canvas npm package
Not implemented: HTMLCanvasElement's getContext() method: without installing the canvas npm package
Not implemented: HTMLCanvasElement's getContext() method: without installing the canvas npm package
Not implemented: HTMLCanvasElement's getContext() method: without installing the canvas npm package
Not implemented: HTMLCanvasElement's getContext() method: without installing the canvas npm package
Not implemented: HTMLCanvasElement's getContext() method: without installing the canvas npm package
Not implemented: HTMLCanvasElement's getContext() method: without installing the canvas npm package
Not implemented: HTMLCanvasElement's getContext() method: without installing the canvas npm package
Not implemented: HTMLCanvasElement's getContext() method: without installing the canvas npm package
Not implemented: HTMLCanvasElement's getContext() method: without installing the canvas npm package
Not implemented: HTMLCanvasElement's getContext() method: without installing the canvas npm package
Not implemented: HTMLCanvasElement's getContext() method: without installing the canvas npm package
Not implemented: HTMLCanvasElement's getContext() method: without installing the canvas npm package
Not implemented: HTMLCanvasElement's getContext() method: without installing the canvas npm package
Not implemented: HTMLCanvasElement's getContext() method: without installing the canvas npm package
Not implemented: HTMLCanvasElement's getContext() method: without installing the canvas npm package
Not implemented: HTMLCanvasElement's getContext() method: without installing the canvas npm package
Not implemented: HTMLCanvasElement's getContext() method: without installing the canvas npm package
Not implemented: HTMLCanvasElement's getContext() method: without installing the canvas npm package
Not implemented: HTMLCanvasElement's getContext() method: without installing the canvas npm package
Not implemented: HTMLCanvasElement's getContext() method: without installing the canvas npm package
Not implemented: HTMLCanvasElement's getContext() method: without installing the canvas npm package
Not implemented: HTMLCanvasElement's getContext() method: without installing the canvas npm package
Not implemented: HTMLCanvasElement's getContext() method: without installing the canvas npm package
Not implemented: HTMLCanvasElement's getContext() method: without installing the canvas npm package
Not implemented: HTMLCanvasElement's getContext() method: without installing the canvas npm package
Not implemented: HTMLCanvasElement's getContext() method: without installing the canvas npm package
Not implemented: HTMLCanvasElement's getContext() method: without installing the canvas npm package
Not implemented: HTMLCanvasElement's getContext() method: without installing the canvas npm package
Not implemented: HTMLCanvasElement's getContext() method: without installing the canvas npm package
Not implemented: HTMLCanvasElement's getContext() method: without installing the canvas npm package
Not implemented: HTMLCanvasElement's getContext() method: without installing the canvas npm package
Not implemented: HTMLCanvasElement's getContext() method: without installing the canvas npm package
Not implemented: HTMLCanvasElement's getContext() method: without installing the canvas npm package
Not implemented: HTMLCanvasElement's getContext() method: without installing the canvas npm package
Not implemented: HTMLCanvasElement's getContext() method: without installing the canvas npm package
Not implemented: HTMLCanvasElement's getContext() method: without installing the canvas npm package
Not implemented: HTMLCanvasElement's getContext() method: without installing the canvas npm package
Not implemented: HTMLCanvasElement's getContext() method: without installing the canvas npm package
Not implemented: HTMLCanvasElement's getContext() method: without installing the canvas npm package
Not implemented: HTMLCanvasElement's getContext() method: without installing the canvas npm package
Not implemented: HTMLCanvasElement's getContext() method: without installing the canvas npm package
Not implemented: HTMLCanvasElement's getContext() method: without installing the canvas npm package
Not implemented: HTMLCanvasElement's getContext() method: without installing the canvas npm package
Not implemented: HTMLCanvasElement's getContext() method: without installing the canvas npm package
Not implemented: HTMLCanvasElement's getContext() method: without installing the canvas npm package
Not implemented: HTMLCanvasElement's getContext() method: without installing the canvas npm package
Not implemented: HTMLCanvasElement's getContext() method: without installing the canvas npm package
Not implemented: HTMLCanvasElement's getContext() method: without installing the canvas npm package
Not implemented: HTMLCanvasElement's getContext() method: without installing the canvas npm package
Not implemented: HTMLCanvasElement's getContext() method: without installing the canvas npm package
Not implemented: HTMLCanvasElement's getContext() method: without installing the canvas npm package
Not implemented: HTMLCanvasElement's getContext() method: without installing the canvas npm package
Not implemented: HTMLCanvasElement's getContext() method: without installing the canvas npm package
Not implemented: HTMLCanvasElement's getContext() method: without installing the canvas npm package
Not implemented: HTMLCanvasElement's getContext() method: without installing the canvas npm package
Not implemented: HTMLCanvasElement's getContext() method: without installing the canvas npm package
Not implemented: HTMLCanvasElement's getContext() method: without installing the canvas npm package
Not implemented: HTMLCanvasElement's getContext() method: without installing the canvas npm package
Not implemented: HTMLCanvasElement's getContext() method: without installing the canvas npm package
Not implemented: HTMLCanvasElement's getContext() method: without installing the canvas npm package
Not implemented: HTMLCanvasElement's getContext() method: without installing the canvas npm package
Not implemented: HTMLCanvasElement's getContext() method: without installing the canvas npm package
Not implemented: HTMLCanvasElement's getContext() method: without installing the canvas npm package
Not implemented: HTMLCanvasElement's getContext() method: without installing the canvas npm package
Not implemented: HTMLCanvasElement's getContext() method: without installing the canvas npm package
Not implemented: HTMLCanvasElement's getContext() method: without installing the canvas npm package
Not implemented: HTMLCanvasElement's getContext() method: without installing the canvas npm package
Not implemented: HTMLCanvasElement's getContext() method: without installing the canvas npm package
Not implemented: HTMLCanvasElement's getContext() method: without installing the canvas npm package
Not implemented: HTMLCanvasElement's getContext() method: without installing the canvas npm package
Not implemented: HTMLCanvasElement's getContext() method: without installing the canvas npm package
Not implemented: HTMLCanvasElement's getContext() method: without installing the canvas npm package
Not implemented: HTMLCanvasElement's getContext() method: without installing the canvas npm package
Not implemented: HTMLCanvasElement's getContext() method: without installing the canvas npm package
Not implemented: HTMLCanvasElement's getContext() method: without installing the canvas npm package
Not implemented: HTMLCanvasElement's getContext() method: without installing the canvas npm package
Not implemented: HTMLCanvasElement's getContext() method: without installing the canvas npm package
Not implemented: HTMLCanvasElement's getContext() method: without installing the canvas npm package
Not implemented: HTMLCanvasElement's getContext() method: without installing the canvas npm package
Not implemented: HTMLCanvasElement's getContext() method: without installing the canvas npm package
Not implemented: HTMLCanvasElement's getContext() method: without installing the canvas npm package
Not implemented: HTMLCanvasElement's getContext() method: without installing the canvas npm package
Not implemented: HTMLCanvasElement's getContext() method: without installing the canvas npm package
Not implemented: HTMLCanvasElement's getContext() method: without installing the canvas npm package
Not implemented: HTMLCanvasElement's getContext() method: without installing the canvas npm package
Not implemented: HTMLCanvasElement's getContext() method: without installing the canvas npm package
Not implemented: HTMLCanvasElement's getContext() method: without installing the canvas npm package
Not implemented: HTMLCanvasElement's getContext() method: without installing the canvas npm package
Not implemented: HTMLCanvasElement's getContext() method: without installing the canvas npm package
Not implemented: HTMLCanvasElement's getContext() method: without installing the canvas npm package
Not implemented: HTMLCanvasElement's getContext() method: without installing the canvas npm package
Not implemented: HTMLCanvasElement's getContext() method: without installing the canvas npm package
Not implemented: HTMLCanvasElement's getContext() method: without installing the canvas npm package
Not implemented: HTMLCanvasElement's getContext() method: without installing the canvas npm package
Not implemented: HTMLCanvasElement's getContext() method: without installing the canvas npm package
Not implemented: HTMLCanvasElement's getContext() method: without installing the canvas npm package
Not implemented: HTMLCanvasElement's getContext() method: without installing the canvas npm package
Not implemented: HTMLCanvasElement's getContext() method: without installing the canvas npm package
Not implemented: HTMLCanvasElement's getContext() method: without installing the canvas npm package
Not implemented: HTMLCanvasElement's getContext() method: without installing the canvas npm package
Not implemented: HTMLCanvasElement's getContext() method: without installing the canvas npm package
Not implemented: HTMLCanvasElement's getContext() method: without installing the canvas npm package
Not implemented: HTMLCanvasElement's getContext() method: without installing the canvas npm package
Not implemented: HTMLCanvasElement's getContext() method: without installing the canvas npm package
Not implemented: HTMLCanvasElement's getContext() method: without installing the canvas npm package
Not implemented: HTMLCanvasElement's getContext() method: without installing the canvas npm package
Not implemented: HTMLCanvasElement's getContext() method: without installing the canvas npm package
Not implemented: HTMLCanvasElement's getContext() method: without installing the canvas npm package
Not implemented: HTMLCanvasElement's getContext() method: without installing the canvas npm package
Not implemented: HTMLCanvasElement's getContext() method: without installing the canvas npm package
Not implemented: HTMLCanvasElement's getContext() method: without installing the canvas npm package
Not implemented: HTMLCanvasElement's getContext() method: without installing the canvas npm package
Not implemented: HTMLCanvasElement's getContext() method: without installing the canvas npm package
Not implemented: HTMLCanvasElement's getContext() method: without installing the canvas npm package
Not implemented: HTMLCanvasElement's getContext() method: without installing the canvas npm package
Not implemented: HTMLCanvasElement's getContext() method: without installing the canvas npm package
Not implemented: HTMLCanvasElement's getContext() method: without installing the canvas npm package
Not implemented: HTMLCanvasElement's getContext() method: without installing the canvas npm package
Not implemented: HTMLCanvasElement's getContext() method: without installing the canvas npm package
Not implemented: HTMLCanvasElement's getContext() method: without installing the canvas npm package
Not implemented: HTMLCanvasElement's getContext() method: without installing the canvas npm package
Not implemented: HTMLCanvasElement's getContext() method: without installing the canvas npm package
Not implemented: HTMLCanvasElement's getContext() method: without installing the canvas npm package
Not implemented: HTMLCanvasElement's getContext() method: without installing the canvas npm package
Not implemented: HTMLCanvasElement's getContext() method: without installing the canvas npm package
Not implemented: HTMLCanvasElement's getContext() method: without installing the canvas npm package
Not implemented: HTMLCanvasElement's getContext() method: without installing the canvas npm package
Not implemented: HTMLCanvasElement's getContext() method: without installing the canvas npm package
Not implemented: HTMLCanvasElement's getContext() method: without installing the canvas npm package
Not implemented: HTMLCanvasElement's getContext() method: without installing the canvas npm package
Not implemented: HTMLCanvasElement's getContext() method: without installing the canvas npm package
Not implemented: HTMLCanvasElement's getContext() method: without installing the canvas npm package
Not implemented: HTMLCanvasElement's getContext() method: without installing the canvas npm package
Not implemented: HTMLCanvasElement's getContext() method: without installing the canvas npm package
Not implemented: HTMLCanvasElement's getContext() method: without installing the canvas npm package
Not implemented: HTMLCanvasElement's getContext() method: without installing the canvas npm package
Not implemented: HTMLCanvasElement's getContext() method: without installing the canvas npm package
Not implemented: HTMLCanvasElement's getContext() method: without installing the canvas npm package
Not implemented: HTMLCanvasElement's getContext() method: without installing the canvas npm package
Not implemented: HTMLCanvasElement's getContext() method: without installing the canvas npm package
Not implemented: HTMLCanvasElement's getContext() method: without installing the canvas npm package
Not implemented: HTMLCanvasElement's getContext() method: without installing the canvas npm package
Not implemented: HTMLCanvasElement's getContext() method: without installing the canvas npm package
Not implemented: HTMLCanvasElement's getContext() method: without installing the canvas npm package
Not implemented: HTMLCanvasElement's getContext() method: without installing the canvas npm package
Not implemented: HTMLCanvasElement's getContext() method: without installing the canvas npm package
Not implemented: HTMLCanvasElement's getContext() method: without installing the canvas npm package
Not implemented: HTMLCanvasElement's getContext() method: without installing the canvas npm package
Not implemented: HTMLCanvasElement's getContext() method: without installing the canvas npm package
Not implemented: HTMLCanvasElement's getContext() method: without installing the canvas npm package
Not implemented: HTMLCanvasElement's getContext() method: without installing the canvas npm package
Not implemented: HTMLCanvasElement's getContext() method: without installing the canvas npm package
Not implemented: HTMLCanvasElement's getContext() method: without installing the canvas npm package
Not implemented: HTMLCanvasElement's getContext() method: without installing the canvas npm package
Not implemented: HTMLCanvasElement's getContext() method: without installing the canvas npm package
Not implemented: HTMLCanvasElement's getContext() method: without installing the canvas npm package
Not implemented: HTMLCanvasElement's getContext() method: without installing the canvas npm package
Not implemented: HTMLCanvasElement's getContext() method: without installing the canvas npm package
Not implemented: HTMLCanvasElement's getContext() method: without installing the canvas npm package
Not implemented: HTMLCanvasElement's getContext() method: without installing the canvas npm package
Not implemented: HTMLCanvasElement's getContext() method: without installing the canvas npm package
Not implemented: HTMLCanvasElement's getContext() method: without installing the canvas npm package
Not implemented: HTMLCanvasElement's getContext() method: without installing the canvas npm package
Not implemented: HTMLCanvasElement's getContext() method: without installing the canvas npm package
Not implemented: HTMLCanvasElement's getContext() method: without installing the canvas npm package
Not implemented: HTMLCanvasElement's getContext() method: without installing the canvas npm package
Not implemented: HTMLCanvasElement's getContext() method: without installing the canvas npm package
Not implemented: HTMLCanvasElement's getContext() method: without installing the canvas npm package
Not implemented: HTMLCanvasElement's getContext() method: without installing the canvas npm package
Not implemented: HTMLCanvasElement's getContext() method: without installing the canvas npm package
Not implemented: HTMLCanvasElement's getContext() method: without installing the canvas npm package
Not implemented: HTMLCanvasElement's getContext() method: without installing the canvas npm package
Not implemented: HTMLCanvasElement's getContext() method: without installing the canvas npm package
Not implemented: HTMLCanvasElement's getContext() method: without installing the canvas npm package
Not implemented: HTMLCanvasElement's getContext() method: without installing the canvas npm package
Not implemented: HTMLCanvasElement's getContext() method: without installing the canvas npm package
Not implemented: HTMLCanvasElement's getContext() method: without installing the canvas npm package
Not implemented: HTMLCanvasElement's getContext() method: without installing the canvas npm package
Not implemented: HTMLCanvasElement's getContext() method: without installing the canvas npm package
Not implemented: HTMLCanvasElement's getContext() method: without installing the canvas npm package
Not implemented: HTMLCanvasElement's getContext() method: without installing the canvas npm package
Not implemented: HTMLCanvasElement's getContext() method: without installing the canvas npm package
Not implemented: HTMLCanvasElement's getContext() method: without installing the canvas npm package
Not implemented: HTMLCanvasElement's getContext() method: without installing the canvas npm package
Not implemented: HTMLCanvasElement's getContext() method: without installing the canvas npm package
Not implemented: HTMLCanvasElement's getContext() method: without installing the canvas npm package
Not implemented: HTMLCanvasElement's getContext() method: without installing the canvas npm package
Not implemented: HTMLCanvasElement's getContext() method: without installing the canvas npm package
Not implemented: HTMLCanvasElement's getContext() method: without installing the canvas npm package
Not implemented: HTMLCanvasElement's getContext() method: without installing the canvas npm package
Not implemented: HTMLCanvasElement's getContext() method: without installing the canvas npm package
Not implemented: HTMLCanvasElement's getContext() method: without installing the canvas npm package
Not implemented: HTMLCanvasElement's getContext() method: without installing the canvas npm package
Not implemented: HTMLCanvasElement's getContext() method: without installing the canvas npm package
Not implemented: HTMLCanvasElement's getContext() method: without installing the canvas npm package
Not implemented: HTMLCanvasElement's getContext() method: without installing the canvas npm package
Not implemented: HTMLCanvasElement's getContext() method: without installing the canvas npm package
Not implemented: HTMLCanvasElement's getContext() method: without installing the canvas npm package
Not implemented: HTMLCanvasElement's getContext() method: without installing the canvas npm package
Not implemented: HTMLCanvasElement's getContext() method: without installing the canvas npm package
Not implemented: HTMLCanvasElement's getContext() method: without installing the canvas npm package
Not implemented: HTMLCanvasElement's getContext() method: without installing the canvas npm package
Not implemented: HTMLCanvasElement's getContext() method: without installing the canvas npm package
Not implemented: HTMLCanvasElement's getContext() method: without installing the canvas npm package
Not implemented: HTMLCanvasElement's getContext() method: without installing the canvas npm package
Not implemented: HTMLCanvasElement's getContext() method: without installing the canvas npm package
Not implemented: HTMLCanvasElement's getContext() method: without installing the canvas npm package
Not implemented: HTMLCanvasElement's getContext() method: without installing the canvas npm package
Not implemented: HTMLCanvasElement's getContext() method: without installing the canvas npm package
Not implemented: HTMLCanvasElement's getContext() method: without installing the canvas npm package
Not implemented: HTMLCanvasElement's getContext() method: without installing the canvas npm package
Not implemented: HTMLCanvasElement's getContext() method: without installing the canvas npm package
Not implemented: HTMLCanvasElement's getContext() method: without installing the canvas npm package
Not implemented: HTMLCanvasElement's getContext() method: without installing the canvas npm package
Not implemented: HTMLCanvasElement's getContext() method: without installing the canvas npm package
Not implemented: HTMLCanvasElement's getContext() method: without installing the canvas npm package
Not implemented: HTMLCanvasElement's getContext() method: without installing the canvas npm package
Not implemented: HTMLCanvasElement's getContext() method: without installing the canvas npm package
Not implemented: HTMLCanvasElement's getContext() method: without installing the canvas npm package
Not implemented: HTMLCanvasElement's getContext() method: without installing the canvas npm package
Not implemented: HTMLCanvasElement's getContext() method: without installing the canvas npm package
Not implemented: HTMLCanvasElement's getContext() method: without installing the canvas npm package
Not implemented: HTMLCanvasElement's getContext() method: without installing the canvas npm package
Not implemented: HTMLCanvasElement's getContext() method: without installing the canvas npm package
Not implemented: HTMLCanvasElement's getContext() method: without installing the canvas npm package
Not implemented: HTMLCanvasElement's getContext() method: without installing the canvas npm package
Not implemented: HTMLCanvasElement's getContext() method: without installing the canvas npm package
Not implemented: HTMLCanvasElement's getContext() method: without installing the canvas npm package
Not implemented: HTMLCanvasElement's getContext() method: without installing the canvas npm package
Not implemented: HTMLCanvasElement's getContext() method: without installing the canvas npm package
Not implemented: HTMLCanvasElement's getContext() method: without installing the canvas npm package
Not implemented: HTMLCanvasElement's getContext() method: without installing the canvas npm package
Not implemented: HTMLCanvasElement's getContext() method: without installing the canvas npm package
Not implemented: HTMLCanvasElement's getContext() method: without installing the canvas npm package
Not implemented: HTMLCanvasElement's getContext() method: without installing the canvas npm package
Not implemented: HTMLCanvasElement's getContext() method: without installing the canvas npm package
Not implemented: HTMLCanvasElement's getContext() method: without installing the canvas npm package
Not implemented: HTMLCanvasElement's getContext() method: without installing the canvas npm package
Not implemented: HTMLCanvasElement's getContext() method: without installing the canvas npm package
Not implemented: HTMLCanvasElement's getContext() method: without installing the canvas npm package
Not implemented: HTMLCanvasElement's getContext() method: without installing the canvas npm package
Not implemented: HTMLCanvasElement's getContext() method: without installing the canvas npm package
Not implemented: HTMLCanvasElement's getContext() method: without installing the canvas npm package
Not implemented: HTMLCanvasElement's getContext() method: without installing the canvas npm package
Not implemented: HTMLCanvasElement's getContext() method: without installing the canvas npm package
Not implemented: HTMLCanvasElement's getContext() method: without installing the canvas npm package
Not implemented: HTMLCanvasElement's getContext() method: without installing the canvas npm package
Not implemented: HTMLCanvasElement's getContext() method: without installing the canvas npm package
Not implemented: HTMLCanvasElement's getContext() method: without installing the canvas npm package
Not implemented: HTMLCanvasElement's getContext() method: without installing the canvas npm package
Not implemented: HTMLCanvasElement's getContext() method: without installing the canvas npm package
Not implemented: HTMLCanvasElement's getContext() method: without installing the canvas npm package
Not implemented: HTMLCanvasElement's getContext() method: without installing the canvas npm package
Not implemented: HTMLCanvasElement's getContext() method: without installing the canvas npm package
Not implemented: HTMLCanvasElement's getContext() method: without installing the canvas npm package
Not implemented: HTMLCanvasElement's getContext() method: without installing the canvas npm package
Not implemented: HTMLCanvasElement's getContext() method: without installing the canvas npm package
Not implemented: HTMLCanvasElement's getContext() method: without installing the canvas npm package
Not implemented: HTMLCanvasElement's getContext() method: without installing the canvas npm package
Not implemented: HTMLCanvasElement's getContext() method: without installing the canvas npm package
Not implemented: HTMLCanvasElement's getContext() method: without installing the canvas npm package
Not implemented: HTMLCanvasElement's getContext() method: without installing the canvas npm package
Not implemented: HTMLCanvasElement's getContext() method: without installing the canvas npm package
Not implemented: HTMLCanvasElement's getContext() method: without installing the canvas npm package
Not implemented: HTMLCanvasElement's getContext() method: without installing the canvas npm package
Not implemented: HTMLCanvasElement's getContext() method: without installing the canvas npm package
Not implemented: HTMLCanvasElement's getContext() method: without installing the canvas npm package
Not implemented: HTMLCanvasElement's getContext() method: without installing the canvas npm package
Not implemented: HTMLCanvasElement's getContext() method: without installing the canvas npm package
Not implemented: HTMLCanvasElement's getContext() method: without installing the canvas npm package
Not implemented: HTMLCanvasElement's getContext() method: without installing the canvas npm package
Not implemented: HTMLCanvasElement's getContext() method: without installing the canvas npm package
Not implemented: HTMLCanvasElement's getContext() method: without installing the canvas npm package
Not implemented: HTMLCanvasElement's getContext() method: without installing the canvas npm package
Not implemented: HTMLCanvasElement's getContext() method: without installing the canvas npm package
Not implemented: HTMLCanvasElement's getContext() method: without installing the canvas npm package
Not implemented: HTMLCanvasElement's getContext() method: without installing the canvas npm package
Not implemented: HTMLCanvasElement's getContext() method: without installing the canvas npm package
Not implemented: HTMLCanvasElement's getContext() method: without installing the canvas npm package
Not implemented: HTMLCanvasElement's getContext() method: without installing the canvas npm package
Not implemented: HTMLCanvasElement's getContext() method: without installing the canvas npm package
Not implemented: HTMLCanvasElement's getContext() method: without installing the canvas npm package
Not implemented: HTMLCanvasElement's getContext() method: without installing the canvas npm package
Not implemented: HTMLCanvasElement's getContext() method: without installing the canvas npm package
Not implemented: HTMLCanvasElement's getContext() method: without installing the canvas npm package
Not implemented: HTMLCanvasElement's getContext() method: without installing the canvas npm package
Not implemented: HTMLCanvasElement's getContext() method: without installing the canvas npm package
Not implemented: HTMLCanvasElement's getContext() method: without installing the canvas npm package
Not implemented: HTMLCanvasElement's getContext() method: without installing the canvas npm package
Not implemented: HTMLCanvasElement's getContext() method: without installing the canvas npm package
Not implemented: HTMLCanvasElement's getContext() method: without installing the canvas npm package
Not implemented: HTMLCanvasElement's getContext() method: without installing the canvas npm package
Not implemented: HTMLCanvasElement's getContext() method: without installing the canvas npm package
Not implemented: HTMLCanvasElement's getContext() method: without installing the canvas npm package
Not implemented: HTMLCanvasElement's getContext() method: without installing the canvas npm package
Not implemented: HTMLCanvasElement's getContext() method: without installing the canvas npm package
Not implemented: HTMLCanvasElement's getContext() method: without installing the canvas npm package
Not implemented: HTMLCanvasElement's getContext() method: without installing the canvas npm package
Not implemented: HTMLCanvasElement's getContext() method: without installing the canvas npm package
Not implemented: HTMLCanvasElement's getContext() method: without installing the canvas npm package
Not implemented: HTMLCanvasElement's getContext() method: without installing the canvas npm package
Not implemented: HTMLCanvasElement's getContext() method: without installing the canvas npm package
Not implemented: HTMLCanvasElement's getContext() method: without installing the canvas npm package
Not implemented: HTMLCanvasElement's getContext() method: without installing the canvas npm package
Not implemented: HTMLCanvasElement's getContext() method: without installing the canvas npm package
Not implemented: HTMLCanvasElement's getContext() method: without installing the canvas npm package
Not implemented: HTMLCanvasElement's getContext() method: without installing the canvas npm package
Not implemented: HTMLCanvasElement's getContext() method: without installing the canvas npm package
Not implemented: HTMLCanvasElement's getContext() method: without installing the canvas npm package
Not implemented: HTMLCanvasElement's getContext() method: without installing the canvas npm package
Not implemented: HTMLCanvasElement's getContext() method: without installing the canvas npm package
Not implemented: HTMLCanvasElement's getContext() method: without installing the canvas npm package
Not implemented: HTMLCanvasElement's getContext() method: without installing the canvas npm package
Not implemented: HTMLCanvasElement's getContext() method: without installing the canvas npm package
Not implemented: HTMLCanvasElement's getContext() method: without installing the canvas npm package
Not implemented: HTMLCanvasElement's getContext() method: without installing the canvas npm package
Not implemented: HTMLCanvasElement's getContext() method: without installing the canvas npm package
Not implemented: HTMLCanvasElement's getContext() method: without installing the canvas npm package
Not implemented: HTMLCanvasElement's getContext() method: without installing the canvas npm package
Not implemented: HTMLCanvasElement's getContext() method: without installing the canvas npm package
Not implemented: HTMLCanvasElement's getContext() method: without installing the canvas npm package
Not implemented: HTMLCanvasElement's getContext() method: without installing the canvas npm package
Not implemented: HTMLCanvasElement's getContext() method: without installing the canvas npm package
Not implemented: HTMLCanvasElement's getContext() method: without installing the canvas npm package
Not implemented: HTMLCanvasElement's getContext() method: without installing the canvas npm package
Not implemented: HTMLCanvasElement's getContext() method: without installing the canvas npm package
Not implemented: HTMLCanvasElement's getContext() method: without installing the canvas npm package
Not implemented: HTMLCanvasElement's getContext() method: without installing the canvas npm package
Not implemented: HTMLCanvasElement's getContext() method: without installing the canvas npm package
Not implemented: HTMLCanvasElement's getContext() method: without installing the canvas npm package
Not implemented: HTMLCanvasElement's getContext() method: without installing the canvas npm package
Not implemented: HTMLCanvasElement's getContext() method: without installing the canvas npm package
Not implemented: HTMLCanvasElement's getContext() method: without installing the canvas npm package
Not implemented: HTMLCanvasElement's getContext() method: without installing the canvas npm package
Not implemented: HTMLCanvasElement's getContext() method: without installing the canvas npm package
Not implemented: HTMLCanvasElement's getContext() method: without installing the canvas npm package
Not implemented: HTMLCanvasElement's getContext() method: without installing the canvas npm package
Not implemented: HTMLCanvasElement's getContext() method: without installing the canvas npm package
Not implemented: HTMLCanvasElement's getContext() method: without installing the canvas npm package
Not implemented: HTMLCanvasElement's getContext() method: without installing the canvas npm package
Not implemented: HTMLCanvasElement's getContext() method: without installing the canvas npm package
Not implemented: HTMLCanvasElement's getContext() method: without installing the canvas npm package
Not implemented: HTMLCanvasElement's getContext() method: without installing the canvas npm package
Not implemented: HTMLCanvasElement's getContext() method: without installing the canvas npm package
Not implemented: HTMLCanvasElement's getContext() method: without installing the canvas npm package
Not implemented: HTMLCanvasElement's getContext() method: without installing the canvas npm package
Not implemented: HTMLCanvasElement's getContext() method: without installing the canvas npm package
Not implemented: HTMLCanvasElement's getContext() method: without installing the canvas npm package
Not implemented: HTMLCanvasElement's getContext() method: without installing the canvas npm package
Not implemented: HTMLCanvasElement's getContext() method: without installing the canvas npm package
Not implemented: HTMLCanvasElement's getContext() method: without installing the canvas npm package
Not implemented: HTMLCanvasElement's getContext() method: without installing the canvas npm package
Not implemented: HTMLCanvasElement's getContext() method: without installing the canvas npm package
Not implemented: HTMLCanvasElement's getContext() method: without installing the canvas npm package
Not implemented: HTMLCanvasElement's getContext() method: without installing the canvas npm package
Not implemented: HTMLCanvasElement's getContext() method: without installing the canvas npm package
Not implemented: HTMLCanvasElement's getContext() method: without installing the canvas npm package
Not implemented: HTMLCanvasElement's getContext() method: without installing the canvas npm package
Not implemented: HTMLCanvasElement's getContext() method: without installing the canvas npm package
Not implemented: HTMLCanvasElement's getContext() method: without installing the canvas npm package
Not implemented: HTMLCanvasElement's getContext() method: without installing the canvas npm package
Not implemented: HTMLCanvasElement's getContext() method: without installing the canvas npm package
Not implemented: HTMLCanvasElement's getContext() method: without installing the canvas npm package
Not implemented: HTMLCanvasElement's getContext() method: without installing the canvas npm package
Not implemented: HTMLCanvasElement's getContext() method: without installing the canvas npm package
Not implemented: HTMLCanvasElement's getContext() method: without installing the canvas npm package
Not implemented: HTMLCanvasElement's getContext() method: without installing the canvas npm package
Not implemented: HTMLCanvasElement's getContext() method: without installing the canvas npm package
Not implemented: HTMLCanvasElement's getContext() method: without installing the canvas npm package
Not implemented: HTMLCanvasElement's getContext() method: without installing the canvas npm package
Not implemented: HTMLCanvasElement's getContext() method: without installing the canvas npm package
Not implemented: HTMLCanvasElement's getContext() method: without installing the canvas npm package
Not implemented: HTMLCanvasElement's getContext() method: without installing the canvas npm package
Not implemented: HTMLCanvasElement's getContext() method: without installing the canvas npm package
Not implemented: HTMLCanvasElement's getContext() method: without installing the canvas npm package
Not implemented: HTMLCanvasElement's getContext() method: without installing the canvas npm package
Not implemented: HTMLCanvasElement's getContext() method: without installing the canvas npm package
Not implemented: HTMLCanvasElement's getContext() method: without installing the canvas npm package
Not implemented: HTMLCanvasElement's getContext() method: without installing the canvas npm package
Not implemented: HTMLCanvasElement's getContext() method: without installing the canvas npm package
Not implemented: HTMLCanvasElement's getContext() method: without installing the canvas npm package
Not implemented: HTMLCanvasElement's getContext() method: without installing the canvas npm package
Not implemented: HTMLCanvasElement's getContext() method: without installing the canvas npm package
Not implemented: HTMLCanvasElement's getContext() method: without installing the canvas npm package
Not implemented: HTMLCanvasElement's getContext() method: without installing the canvas npm package
Not implemented: HTMLCanvasElement's getContext() method: without installing the canvas npm package
Not implemented: HTMLCanvasElement's getContext() method: without installing the canvas npm package
Not implemented: HTMLCanvasElement's getContext() method: without installing the canvas npm package
Not implemented: HTMLCanvasElement's getContext() method: without installing the canvas npm package
Not implemented: HTMLCanvasElement's getContext() method: without installing the canvas npm package
Not implemented: HTMLCanvasElement's getContext() method: without installing the canvas npm package
Not implemented: HTMLCanvasElement's getContext() method: without installing the canvas npm package
Not implemented: HTMLCanvasElement's getContext() method: without installing the canvas npm package
Not implemented: HTMLCanvasElement's getContext() method: without installing the canvas npm package
Not implemented: HTMLCanvasElement's getContext() method: without installing the canvas npm package
Not implemented: HTMLCanvasElement's getContext() method: without installing the canvas npm package
Not implemented: HTMLCanvasElement's getContext() method: without installing the canvas npm package
Not implemented: HTMLCanvasElement's getContext() method: without installing the canvas npm package
Not implemented: HTMLCanvasElement's getContext() method: without installing the canvas npm package
Not implemented: HTMLCanvasElement's getContext() method: without installing the canvas npm package
Not implemented: HTMLCanvasElement's getContext() method: without installing the canvas npm package
Not implemented: HTMLCanvasElement's getContext() method: without installing the canvas npm package
Not implemented: HTMLCanvasElement's getContext() method: without installing the canvas npm package
Not implemented: HTMLCanvasElement's getContext() method: without installing the canvas npm package
Not implemented: HTMLCanvasElement's getContext() method: without installing the canvas npm package
 ❯ tests/unit/generatorContract.test.ts (21 tests | 1 failed) 8618ms
   ❯ every move the curriculum can ask for is made, or declared (4)
     × the moves that cannot be made are exactly UNREALISABLE_AT, with its reasons 5ms
Not implemented: HTMLCanvasElement's getContext() method: without installing the canvas npm package
Not implemented: HTMLCanvasElement's getContext() method: without installing the canvas npm package
Not implemented: HTMLCanvasElement's getContext() method: without installing the canvas npm package
Not implemented: HTMLCanvasElement's getContext() method: without installing the canvas npm package
Not implemented: HTMLCanvasElement's getContext() method: without installing the canvas npm package
Not implemented: HTMLCanvasElement's getContext() method: without installing the canvas npm package
Not implemented: HTMLCanvasElement's getContext() method: without installing the canvas npm package
Not implemented: HTMLCanvasElement's getContext() method: without installing the canvas npm package
Not implemented: HTMLCanvasElement's getContext() method: without installing the canvas npm package
Not implemented: HTMLCanvasElement's getContext() method: without installing the canvas npm package
Not implemented: HTMLCanvasElement's getContext() method: without installing the canvas npm package
Not implemented: HTMLCanvasElement's getContext() method: without installing the canvas npm package
Not implemented: HTMLCanvasElement's getContext() method: without installing the canvas npm package
Not implemented: HTMLCanvasElement's getContext() method: without installing the canvas npm package
Not implemented: HTMLCanvasElement's getContext() method: without installing the canvas npm package
Not implemented: HTMLCanvasElement's getContext() method: without installing the canvas npm package
Not implemented: HTMLCanvasElement's getContext() method: without installing the canvas npm package
Not implemented: HTMLCanvasElement's getContext() method: without installing the canvas npm package
Not implemented: HTMLCanvasElement's getContext() method: without installing the canvas npm package
Not implemented: HTMLCanvasElement's getContext() method: without installing the canvas npm package
Not implemented: HTMLCanvasElement's getContext() method: without installing the canvas npm package
Not implemented: HTMLCanvasElement's getContext() method: without installing the canvas npm package
Not implemented: HTMLCanvasElement's getContext() method: without installing the canvas npm package
Not implemented: HTMLCanvasElement's getContext() method: without installing the canvas npm package
Not implemented: HTMLCanvasElement's getContext() method: without installing the canvas npm package
Not implemented: HTMLCanvasElement's getContext() method: without installing the canvas npm package
Not implemented: HTMLCanvasElement's getContext() method: without installing the canvas npm package
Not implemented: HTMLCanvasElement's getContext() method: without installing the canvas npm package
Not implemented: HTMLCanvasElement's getContext() method: without installing the canvas npm package
Not implemented: HTMLCanvasElement's getContext() method: without installing the canvas npm package
Not implemented: HTMLCanvasElement's getContext() method: without installing the canvas npm package
Not implemented: HTMLCanvasElement's getContext() method: without installing the canvas npm package
Not implemented: HTMLCanvasElement's getContext() method: without installing the canvas npm package
Not implemented: HTMLCanvasElement's getContext() method: without installing the canvas npm package
Not implemented: HTMLCanvasElement's getContext() method: without installing the canvas npm package
Not implemented: HTMLCanvasElement's getContext() method: without installing the canvas npm package
Not implemented: HTMLCanvasElement's getContext() method: without installing the canvas npm package
Not implemented: HTMLCanvasElement's getContext() method: without installing the canvas npm package
Not implemented: HTMLCanvasElement's getContext() method: without installing the canvas npm package
Not implemented: HTMLCanvasElement's getContext() method: without installing the canvas npm package
Not implemented: HTMLCanvasElement's getContext() method: without installing the canvas npm package
Not implemented: HTMLCanvasElement's getContext() method: without installing the canvas npm package
Not implemented: HTMLCanvasElement's getContext() method: without installing the canvas npm package
Not implemented: HTMLCanvasElement's getContext() method: without installing the canvas npm package
Not implemented: HTMLCanvasElement's getContext() method: without installing the canvas npm package
Not implemented: HTMLCanvasElement's getContext() method: without installing the canvas npm package
Not implemented: HTMLCanvasElement's getContext() method: without installing the canvas npm package
Not implemented: HTMLCanvasElement's getContext() method: without installing the canvas npm package
Not implemented: HTMLCanvasElement's getContext() method: without installing the canvas npm package
Not implemented: HTMLCanvasElement's getContext() method: without installing the canvas npm package
Not implemented: HTMLCanvasElement's getContext() method: without installing the canvas npm package
Not implemented: HTMLCanvasElement's getContext() method: without installing the canvas npm package
Not implemented: HTMLCanvasElement's getContext() method: without installing the canvas npm package
Not implemented: HTMLCanvasElement's getContext() method: without installing the canvas npm package
Not implemented: HTMLCanvasElement's getContext() method: without installing the canvas npm package
Not implemented: HTMLCanvasElement's getContext() method: without installing the canvas npm package
Not implemented: HTMLCanvasElement's getContext() method: without installing the canvas npm package
Not implemented: HTMLCanvasElement's getContext() method: without installing the canvas npm package
Not implemented: HTMLCanvasElement's getContext() method: without installing the canvas npm package
Not implemented: HTMLCanvasElement's getContext() method: without installing the canvas npm package
Not implemented: HTMLCanvasElement's getContext() method: without installing the canvas npm package
Not implemented: HTMLCanvasElement's getContext() method: without installing the canvas npm package
Not implemented: HTMLCanvasElement's getContext() method: without installing the canvas npm package
Not implemented: HTMLCanvasElement's getContext() method: without installing the canvas npm package
Not implemented: HTMLCanvasElement's getContext() method: without installing the canvas npm package
Not implemented: HTMLCanvasElement's getContext() method: without installing the canvas npm package
Not implemented: HTMLCanvasElement's getContext() method: without installing the canvas npm package
Not implemented: HTMLCanvasElement's getContext() method: without installing the canvas npm package
Not implemented: HTMLCanvasElement's getContext() method: without installing the canvas npm package
Not implemented: HTMLCanvasElement's getContext() method: without installing the canvas npm package
Not implemented: HTMLCanvasElement's getContext() method: without installing the canvas npm package
Not implemented: HTMLCanvasElement's getContext() method: without installing the canvas npm package
Not implemented: HTMLCanvasElement's getContext() method: without installing the canvas npm package
Not implemented: HTMLCanvasElement's getContext() method: without installing the canvas npm package
Not implemented: HTMLCanvasElement's getContext() method: without installing the canvas npm package
Not implemented: HTMLCanvasElement's getContext() method: without installing the canvas npm package
Not implemented: HTMLCanvasElement's getContext() method: without installing the canvas npm package
Not implemented: HTMLCanvasElement's getContext() method: without installing the canvas npm package
Not implemented: HTMLCanvasElement's getContext() method: without installing the canvas npm package
Not implemented: HTMLCanvasElement's getContext() method: without installing the canvas npm package
Not implemented: HTMLCanvasElement's getContext() method: without installing the canvas npm package
Not implemented: HTMLCanvasElement's getContext() method: without installing the canvas npm package
Not implemented: HTMLCanvasElement's getContext() method: without installing the canvas npm package
Not implemented: HTMLCanvasElement's getContext() method: without installing the canvas npm package
Not implemented: HTMLCanvasElement's getContext() method: without installing the canvas npm package
Not implemented: HTMLCanvasElement's getContext() method: without installing the canvas npm package
Not implemented: HTMLCanvasElement's getContext() method: without installing the canvas npm package
Not implemented: HTMLCanvasElement's getContext() method: without installing the canvas npm package
Not implemented: HTMLCanvasElement's getContext() method: without installing the canvas npm package
Not implemented: HTMLCanvasElement's getContext() method: without installing the canvas npm package
Not implemented: HTMLCanvasElement's getContext() method: without installing the canvas npm package
Not implemented: HTMLCanvasElement's getContext() method: without installing the canvas npm package
Not implemented: HTMLCanvasElement's getContext() method: without installing the canvas npm package

⎯⎯⎯⎯⎯⎯⎯ Failed Tests 3 ⎯⎯⎯⎯⎯⎯⎯

 FAIL  tests/unit/generatorContract.test.ts > every move the curriculum can ask for is made, or declared > the moves 
that cannot be made are exactly UNREALISABLE_AT, with its reasons
AssertionError: declared, but the move is made (or never asked): expected [ '1.5 interval.leap on' ] to deeply equal []

- Expected
+ Received

- []
+ [
+   "1.5 interval.leap on",
+ ]

 ❯ tests/unit/generatorContract.test.ts:363:117
    361|     const declared = new Map<string, Unrealisable>();
    362|     for (const u of UNREALISABLE_AT) for (const rung of u.rungs) decla…
    363|     expect([...declared.keys()].filter((k) => !measured.has(k)), 'decl…
       |                                                                                                               
      ^
    364|     expect([...measured.keys()].filter((k) => !declared.has(k)), 'undo…
    365|     for (const [k, o] of measured) {

⎯⎯⎯⎯⎯⎯⎯⎯⎯⎯⎯⎯⎯⎯⎯⎯⎯⎯⎯⎯⎯⎯⎯⎯[1/3]⎯

 FAIL  tests/unit/lessonClaimsAboutApp.test.ts > the 2026-09-19 lesson corrections, second-read and under test: the 
app > blues.3: the rung carries two tool buttons, the lab and Simon, and Rhythm only is not one of them
 FAIL  tests/unit/lessonClaimsAboutApp.test.ts > the 2026-09-19 lesson corrections, second-read and under test: the 
app > 4.7: blind hides the score and the cursor and leaves the count-in and the beat dot
AssertionError: expected false to be true // Object.is equality

- Expected
+ Received

- true
+ false

 ❯ tests/unit/lessonClaimsAboutApp.test.ts:2119:23
    2117|   for (const [lesson, says, holds] of T12_APP) {
    2118|     it(`${lesson}: ${says}`, () => {
    2119|       expect(holds()).toBe(true);
       |                       ^
    2120|     });
    2121|   }

⎯⎯⎯⎯⎯⎯⎯⎯⎯⎯⎯⎯⎯⎯⎯⎯⎯⎯⎯⎯⎯⎯⎯⎯[2/3]⎯


 Test Files  2 failed | 7 passed (9)
      Tests  3 failed | 609 passed (612)
   Start at  02:01:53
   Duration  14.45s (tests 76%, environment 11%, transform 9%, import 5%)

